CASE_ID,ACCIDENT_YEAR,PROC_DATE,JURIS,COLLISION_DATE,COLLISION_TIME,OFFICER_ID,REPORTING_DISTRICT,DAY_OF_WEEK,CHP_SHIFT,POPULATION,CNTY_CITY_LOC,SPECIAL_COND,BEAT_TYPE,CHP_BEAT_TYPE,CITY_DIVISION_LAPD,CHP_BEAT_CLASS,BEAT_NUMBER,PRIMARY_RD,SECONDARY_RD,DISTANCE,DIRECTION,INTERSECTION,WEATHER_1,WEATHER_2,STATE_HWY_IND,CALTRANS_COUNTY,CALTRANS_DISTRICT,STATE_ROUTE,ROUTE_SUFFIX,POSTMILE_PREFIX,POSTMILE,LOCATION_TYPE,RAMP_INTERSECTION,SIDE_OF_HWY,TOW_AWAY,COLLISION_SEVERITY,NUMBER_KILLED,NUMBER_INJURED,PARTY_COUNT,PRIMARY_COLL_FACTOR,PCF_CODE_OF_VIOL,PCF_VIOL_CATEGORY,PCF_VIOLATION,PCF_VIOL_SUBSECTION,HIT_AND_RUN,TYPE_OF_COLLISION,MVIW,PED_ACTION,ROAD_SURFACE,ROAD_COND_1,ROAD_COND_2,LIGHTING,CONTROL_DEVICE,CHP_ROAD_TYPE,PEDESTRIAN_ACCIDENT,BICYCLE_ACCIDENT,MOTORCYCLE_ACCIDENT,TRUCK_ACCIDENT,NOT_PRIVATE_PROPERTY,ALCOHOL_INVOLVED,STWD_VEHTYPE_AT_FAULT,CHP_VEHTYPE_AT_FAULT,COUNT_SEVERE_INJ,COUNT_VISIBLE_INJ,COUNT_COMPLAINT_PAIN,COUNT_PED_KILLED,COUNT_PED_INJURED,COUNT_BICYCLIST_KILLED,COUNT_BICYCLIST_INJURED,COUNT_MC_KILLED,COUNT_MC_INJURED,PRIMARY_RAMP,SECONDARY_RAMP,LATITUDE,LONGITUDE,COUNTY,CITY,POINT_X,POINT_Y
6346358,2014,2014-06-06,1502,2014-01-16,0035,1120,,4,5,6,1502,0,0,0,,0,,"HOSKING AV","SOUTH UNION AV",12.00,W,N,A,-,N,,,,,,,,,,Y,4,0,1,2,A,-,01,23153,A,N,D,C,A,A,H,-,C,A,0,,,,,Y,Y,A,01,0,0,1,0,0,0,0,0,0,"- ","- ",,,KERN,BAKERSFIELD,-119.00301,35.281370000000003
6346362,2014,2014-06-06,1502,2014-01-01,1011,784,,3,5,6,1502,0,0,0,,0,,"COLONY ST","PANAMA LN",0.00,,Y,A,-,N,,,,,,,,,,Y,3,0,3,2,A,-,12,21453,A,N,D,C,A,A,H,-,A,A,0,,,,,Y,,A,08,0,1,2,0,0,0,0,0,0,"- ","- ",,,KERN,BAKERSFIELD,-119.02721004999999,35.29596007
6346467,2014,2014-06-04,1509,2014-01-16,1947,942,T,4,5,3,1509,0,0,0,,0,2501,"S CURRY ST","D ST",0.00,,Y,A,-,N,,,,,,,,,,N,3,0,1,2,A,-,10,21950,A,N,G,B,B,A,H,-,C,A,0,Y,,,,Y,,A,01,0,1,0,0,1,0,0,0,0,"- ","- ",,,KERN,TEHACHAPI,-118.44979007000001,35.12908006
6346631,2014,2014-06-04,1509,2014-01-11,0948,58024,B,6,5,3,1509,0,0,0,,0,,"SAN JUAN DR","BEAR VALLEY RD",0.00,,Y,A,-,N,,,,,,,,,,Y,3,0,1,1,A,-,17,21662,,N,E,J,A,A,H,-,A,D,0,,,,,Y,,A,01,0,1,0,0,0,0,0,0,0,"- ","- ",,,KERN,TEHACHAPI,-118.62893004,35.169910000000002
6348110,2014,2015-11-17,9420,2014-01-12,0038,18117,,7,3,6,1502,0,1,3,,2,095,"RT 99","WIBLE RD",150.00,N,N,A,-,Y,KER,6,99,-,-,21.099,H,-,S,Y,2,0,2,1,A,-,01,23152,A,N,E,I,A,A,D,-,D,D,1,,,,,Y,Y,A,01,1,0,1,0,0,0,0,0,0,"- ","- ",35.330539999999999,-119.03968999999999,KERN,BAKERSFIELD,-119.0364491,35.317926470000003
6348114,2014,2016-01-26,9420,2014-01-10,1540,018307,,5,2,9,1500,0,1,3,,2,223,"RT 223","WIBLE RD",0.00,,Y,A,-,Y,KER,6,223,-,-,8.892,I,5,E,Y,3,0,3,2,A,-,01,23152,F,N,D,C,A,A,H,-,A,A,0,,,,,Y,Y,A,01,0,1,2,0,0,0,0,0,0,"- ","- ",35.208750000000002,-119.03845,KERN,UNINCORPORATED,-119.03924573,35.208717290000003
6348118,2014,2015-11-17,9420,2014-01-12,0525,019286,,7,3,9,1500,0,1,3,,2,097,"RT 99","RT 223",560.00,S,N,A,-,Y,KER,6,99,-,-,13.030,H,-,S,Y,4,0,2,2,A,-,03,22350,,M,C,C,A,A,H,-,C,D,1,,,,,Y,,A,01,0,0,2,0,0,0,0,0,0,"- ","- ",35.204219999999999,-119.0098,KERN,UNINCORPORATED,-119.00952976000001,35.203031289999998
6348122,2014,2014-06-10,9420,2014-01-09,1645,019442,,4,2,9,1500,0,2,4,,1,072,"NILES ST","CRESTMONT DR",200.00,E,N,A,-,N,,,,,,,,,,N,4,0,1,3,A,-,03,22350,,M,C,C,A,A,H,-,A,D,0,,,,,Y,,A,01,0,0,1,0,0,0,0,0,0,"- ","- ",35.376179999999998,-118.95383,KERN,UNINCORPORATED,-118.95345003,35.376115990000002
6348126,2014,2014-06-16,9420,2014-01-09,2000,019442,,4,2,9,1500,0,3,5,,2,070,"KERN CYN RD","RT 184",660.00,E,N,A,-,N,,,,,,,,,,Y,4,0,1,1,A,-,01,23152,E,M,E,I,A,A,H,-,C,D,0,,,,,Y,,A,01,0,0,1,0,0,0,0,0,0,"- ","- ",35.376330000000003,-118.91229,KERN,UNINCORPORATED,-118.91223013,35.376273150000003
6348130,2014,2014-06-11,9420,2014-01-10,1610,013206,9420,5,2,9,1500,0,3,5,,2,070,"ANSOL LN","PALERMO CT",0.00,,Y,A,-,N,,,,,,,,,,N,4,0,1,1,C,-,18,,,N,H,H,A,A,H,-,A,D,0,,,,,Y,,-,"- ",0,0,1,0,0,0,0,0,0,"- ","- ",35.366779999999999,-118.92644,KERN,UNINCORPORATED,-118.92646006,35.36686005
6348132,2014,2016-01-26,1500,2014-01-18,1548,201081,WA02,6,5,3,1510,0,0,0,,0,4410,"RT 46",BROADWAY,98.00,W,N,A,-,Y,KER,6,46,-,-,50.630,H,-,E,Y,4,0,1,1,A,-,01,23153,A,N,E,J,A,A,H,-,A,D,0,,,,,Y,Y,-,,0,0,1,0,0,0,0,0,0,"- ","- ",,,KERN,WASCO,-119.33853222,35.601537159999999
6348134,2014,2015-11-20,9420,2014-01-10,0630,016153,,5,1,9,1500,0,1,3,,1,583,"RT 58","CASE ST",25.00,W,N,A,-,Y,KER,6,58,-,-,51.120,H,-,W,N,4,0,1,2,A,-,03,22350,,N,C,C,A,A,H,-,C,D,0,,,,,Y,,A,01,0,0,1,0,0,0,0,0,0,"- ","- ",35.38335,-119.05658,KERN,UNINCORPORATED,-119.05665973000001,35.38329736
6350406,2016,2016-03-23,1502,2016-03-11,1432,P73,,5,5,6,1502,0,0,0,,0,METRO,"CHESTER AV","6TH ST",0.00,,Y,C,-,N,,,,,,,,,,Y,4,0,4,2,A,-,09,21802,A,N,D,C,A,B,H,-,A,A,0,,,,,Y,,A,01,0,0,4,0,0,0,0,0,0,"- ","- ",35.362679999999997,-119.01854,KERN,BAKERSFIELD,-119.01888988,35.362690049999998
6350410,2016,2016-03-23,1502,2016-03-08,1744,1218,,2,5,6,1502,0,0,0,,0,METRO,"TRUXTUN AV","OLIVE ST",15.00,E,N,A,-,N,,,,,,,,,,N,4,0,1,2,A,-,03,22350,,M,C,C,A,A,H,-,A,D,0,,,,,Y,,-,99,0,0,1,0,0,0,0,0,0,"- ","- ",35.373539999999998,-119.03702,KERN,BAKERSFIELD,-119.03739976,35.37347913
6350419,2016,2016-08-26,1502,2016-03-09,0643,P24,,3,5,6,1502,0,0,0,,0,NORTH,"ROSEDALE HWY","CLAY PATRICK FARR WY",0.00,,Y,A,-,N,,,,,,,,,,Y,4,0,2,2,A,-,12,21453,A,N,D,C,A,A,H,-,A,A,0,,,,,Y,,A,08,0,0,2,0,0,0,0,0,0,"- ","- ",35.383369999999999,-119.10124999999999,KERN,BAKERSFIELD,-119.1010301,35.383550059999997
6350423,2016,2016-03-23,1502,2016-03-11,1333,1157,,5,5,6,1502,0,0,0,,0,,"CHESTER AV","23RD ST",143.00,S,N,C,-,N,,,,,,,,,,N,4,0,1,2,A,-,03,22350,,N,C,C,A,B,H,-,A,A,0,,,,,Y,,A,01,0,0,1,0,0,0,0,0,0,"- ","- ",35.380029999999998,-119.01823,KERN,BAKERSFIELD,-119.01874423,35.37966436
6350426,2016,2016-03-23,1502,2016-03-08,1616,P63,,2,5,6,1502,0,0,0,,0,METRO,"KENTUCKY ST","KING ST",0.00,,Y,A,-,N,,,,,,,,,,Y,3,0,2,3,A,-,09,21802,A,N,D,C,A,A,H,-,A,A,0,,,,,Y,,A,01,0,1,1,0,0,0,0,0,0,"- ","- ",35.378819999999997,-118.99071000000001,KERN,BAKERSFIELD,-118.99061001,35.378450010000002
6350427,2016,2016-03-23,1502,2016-03-11,1345,1212,,5,5,6,1502,0,0,0,,0,CENTRA,"OLD RIVER RD","MING AV",0.00,,Y,C,-,N,,,,,,,,,,Y,3,0,1,2,A,-,08,22107,,N,B,C,A,B,H,-,A,A,0,,,,,Y,,A,07,0,1,0,0,0,0,0,0,0,"- ","- ",35.340170000000001,-119.11404,KERN,BAKERSFIELD,-119.11441009000001,35.339700030000003
6350434,2016,2016-03-23,1502,2016-03-07,1048,P79,,1,5,6,1502,0,0,0,,0,,"MING AV","WIBLE RD",98.00,W,N,A,-,N,,,99,,,,,,,N,4,0,1,2,A,-,03,22350,,M,C,C,A,A,H,-,A,A,0,,,,,Y,,-,99,0,0,1,0,0,0,0,0,0,"- ","- ",35.339619999999996,-119.0389,KERN,BAKERSFIELD,-119.03946494,35.339623240000002
6350435,2016,2016-03-23,1502,2016-03-11,1821,1048,,5,5,6,1502,0,0,0,,0,,"HALF MOON DR","BARRINGTON ST",297.00,W,N,B,-,N,,,,,,,,,,Y,4,0,1,4,A,-,08,22107,,N,A,E,A,B,H,-,C,D,0,,,,,Y,,A,01,0,0,1,0,0,0,0,0,0,"- ","- ",35.330190000000002,-119.07617,KERN,BAKERSFIELD,-119.07731421,35.330141990000001
6350443,2016,2016-03-23,1502,2016-03-12,0151,1120,,6,5,6,1502,0,0,0,,0,,"COLUMBUS ST","RICE ST",98.00,W,N,A,-,N,,,,,,,,,,Y,4,0,2,1,A,-,08,22107,,M,E,I,A,A,H,-,C,D,0,,,,,Y,Y,A,01,0,0,2,0,0,0,0,0,0,"- ","- ",35.3977,-118.96420000000001,KERN,BAKERSFIELD,-118.96467835999999,35.397645740000002
6350446,2016,2016-03-23,1502,2016-03-13,0310,1048,,7,5,6,1502,0,0,0,,0,,"EL RANCHO DR","EL RANCHO PL",165.00,N,N,A,-,N,,,,,,,,,,Y,3,0,2,2,A,-,01,23152,A,N,E,I,A,A,H,-,C,D,0,,,,,Y,,A,01,0,2,0,0,0,0,0,0,0,"- ","- ",35.340690000000002,-119.0197,KERN,BAKERSFIELD,-119.02006055,35.341054990000003
6350450,2016,2016-03-23,1502,2016-03-08,1217,1177,,2,5,6,1502,0,0,0,,0,METRO,"10TH ST","CHESTER AV",62.00,E,N,B,-,N,,,,,,,,,,N,4,0,1,2,A,-,21,22106,,N,C,C,A,A,H,-,A,D,0,,,,,Y,,D,22,0,0,1,0,0,0,0,0,0,"- ","- ",35.366489999999999,-119.01846999999999,KERN,BAKERSFIELD,-119.01866232,35.366501659999997
6350451,2016,2016-03-23,1502,2016-03-13,0320,1202,,7,5,6,1502,0,0,0,,0,METRO,"23RD ST","H ST",0.00,,Y,A,-,N,,,,,,,,,,Y,3,0,2,2,A,-,01,23153,A,N,D,C,A,A,H,-,C,A,0,,,,,Y,Y,A,01,0,2,0,0,0,0,0,0,0,"- ","- ",35.380040000000001,-119.02061,KERN,BAKERSFIELD,-119.02115003,35.380060110000002
6350454,2016,2016-03-23,1502,2016-03-09,0513,1167,,3,5,6,1502,0,0,0,,0,VALLEY,"CHESTER AV","LA FRANCE DR",0.00,,Y,A,-,N,,,,,,,,,,Y,4,0,1,3,A,-,09,21802,A,N,D,E,A,A,H,-,C,A,0,,,,,Y,,D,22,0,0,1,0,0,0,0,0,0,"- ","- ",35.343020000000003,-119.01885,KERN,BAKERSFIELD,-119.01917001,35.343050050000002
6350455,2016,2017-02-06,1502,2016-03-12,1944,P63,,6,5,6,1502,0,0,0,,0,HILL,"GOLDEN SATE AV","L ST",40.00,W,N,A,-,Y,KER,6,204,-,-,4.636,H,-,S,Y,4,0,1,2,A,-,01,23152,A,N,B,C,A,A,H,-,C,D,0,,,,,Y,Y,A,08,0,0,1,0,0,0,0,0,0,"- ","- ",35.385460000000002,-119.01576,KERN,BAKERSFIELD,-119.01590843,35.38521995
6350457,2016,2016-03-23,1502,2016-03-13,1520,P63,,7,5,6,1502,0,0,0,,0,HILL,"HALEY ST","HEIGHT ST",290.00,N,N,B,-,N,,,,,,,,,,N,4,0,1,2,A,-,11,21954,A,N,G,B,D,A,H,-,A,D,0,Y,,,,Y,,N,60,0,0,1,0,1,0,0,0,0,"- ","- ",35.394100000000002,-118.97623,KERN,BAKERSFIELD,-118.9763344,35.394675700000001
6350459,2016,2016-03-23,1502,2016-03-12,1720,P63,,6,5,6,1502,0,0,0,,0,VALLEY,"WIBLE RD","WILSON RD",100.00,N,N,A,-,N,,,,,,,,,,Y,4,0,1,3,A,-,03,22350,,N,C,C,A,A,H,-,A,D,0,,,,,Y,,A,01,0,0,1,0,0,0,0,0,0,"- ","- ",35.332360000000001,-119.03899,KERN,BAKERSFIELD,-119.03898,35.332474400000002
6350466,2016,2016-03-23,1502,2016-03-10,1956,1048,,4,5,6,1502,0,0,0,,0,,"CALIFORNIA AV","H ST",0.00,,Y,A,-,N,,,,,,,,,,Y,4,0,1,2,A,-,12,21453,A,N,D,C,A,A,H,-,C,A,0,,,,,Y,,D,22,0,0,1,0,0,0,0,0,0,"- ","- ",35.368499999999997,-119.02079999999999,KERN,BAKERSFIELD,-119.02123013000001,35.368570120000001
6350470,2016,2016-03-23,1502,2016-03-10,1034,P75,,4,5,6,1502,0,0,0,,0,NORTH,"CALLOWAY DR","FLUSHING QUAIL RD",0.00,,Y,A,-,N,,,,,,,,,,Y,4,0,1,2,A,-,12,21453,A,N,D,C,A,A,H,-,A,A,0,,,,,Y,,A,07,0,0,1,0,0,0,0,0,0,"- ","- ",35.386099999999999,-119.11009,KERN,BAKERSFIELD,-119.10993014,35.386090019999997
6350473,2016,2016-03-23,1502,2016-03-09,1500,1157,,3,5,6,1502,0,0,0,,0,,"UNION AV","GROVE ST",0.00,,Y,A,-,N,,,204,,,,,,,N,4,0,1,2,A,-,05,21650,,N,D,G,A,A,H,-,A,D,0,,Y,,,Y,,L,04,0,0,1,0,0,0,1,0,0,"- ","- ",35.37744,-119.00297999999999,KERN,BAKERSFIELD,-119.00297261999999,35.377441419999997
6350474,2016,2016-03-23,1502,2016-03-10,2226,1202,,4,5,6,1502,0,0,0,,0,METRO,"23RD ST","L ST",0.00,,Y,A,-,N,,,,,,,,,,Y,4,0,1,2,A,-,12,21453,A,N,D,C,A,A,H,-,C,A,0,,,,,Y,,A,01,0,0,1,0,0,0,0,0,0,"- ","- ",35.380000000000003,-119.01585,KERN,BAKERSFIELD,-119.01640002000001,35.38004007
6350477,2016,2016-03-23,1502,2016-03-12,1626,1212,,6,5,6,1502,0,0,0,,0,,"SHERWOOD AV","HUGHES LN",184.00,E,N,B,-,N,,,,,,,,,,Y,3,0,2,2,A,-,05,21650,,N,B,C,A,A,H,-,A,D,0,,,Y,,Y,,C,02,0,1,1,0,0,0,0,0,2,"- ","- ",35.33128,-119.03013,KERN,BAKERSFIELD,-119.02945394,35.331194019999998
6352233,2014,2015-11-17,9830,2014-01-09,1535,17064,,4,2,9,1500,0,2,4,,1,034,"RT 14","ROSAMOND BL",250.00,W,N,A,-,Y,KER,6,14,-,R,3.050,R,3,S,Y,4,0,1,1,A,-,03,22350,,N,F,A,A,A,H,-,A,D,1,,,Y,,Y,,C,02,0,0,1,0,0,0,0,0,1,FR,"- ",34.515099999999997,-118.10209999999999,KERN,UNINCORPORATED,-118.17193177999999,34.864724459999998
6352241,2014,2015-11-19,9420,2014-01-11,1408,019513,,6,2,9,1500,0,1,3,,2,179,"RT 178","SOUTH FORK RECREATION",380.00,E,N,A,-,Y,KER,6,178,-,-,47.710,H,-,W,Y,3,0,1,1,A,-,01,23152,A,N,E,I,A,A,H,-,A,D,0,,,,,Y,Y,A,07,0,1,0,0,0,0,0,0,0,"- ","- ",35.657389999999999,-118.43456,KERN,UNINCORPORATED,-118.43355262,35.65771093
6352245,2014,2014-06-17,9420,2014-01-15,1650,016969,,3,2,9,1500,0,3,5,,2,630,"COPUS RD","RT 5",6336.00,E,N,A,-,N,,,,,,,,,,Y,3,0,2,1,A,-,08,22107,,N,F,A,A,A,H,-,A,D,0,,,,,Y,,A,01,0,1,1,0,0,0,0,0,0,"- ","- ",35.095199999999998,-119.01423,KERN,UNINCORPORATED,-119.03713,35.095010000000002
6352253,2014,2015-11-24,9420,2014-01-01,0335,018117,,3,3,9,1500,0,1,3,,2,584,"RT 58","COTTONWOOD RD",1007.00,W,N,A,-,Y,KER,6,58,-,R,55.590,H,-,E,Y,2,0,1,1,A,-,08,22107,,N,E,J,A,A,H,-,C,D,1,,,,,Y,,A,01,1,0,0,0,0,0,0,0,0,"- ","- ",35.352130000000002,-118.98841,KERN,UNINCORPORATED,-118.98226208,35.352290490000001
6352257,2014,2015-11-17,9420,2014-01-15,0200,018524,,3,3,4,1503,0,1,3,,2,090,"RT 99","CECIL AV",400.00,S,N,A,-,Y,KER,6,99,-,-,56.460,H,-,N,Y,4,0,1,1,A,-,08,22107,,N,E,I,A,A,H,-,C,D,1,,,,,Y,,A,01,0,0,1,0,0,0,0,0,0,"- ","- ",35.768619999999999,-119.25057,KERN,DELANO,-119.25209853,35.774791239999999
6352261,2014,2014-06-18,9420,2014-01-04,1441,019649,,6,2,9,1500,0,2,4,,1,052,"ROBERTS LN","OILDALE DR",50.00,E,N,A,-,Y,,,,,,,,,,Y,4,0,1,3,A,-,03,22350,,N,C,C,A,A,H,-,A,A,0,,,,,Y,,A,07,0,0,1,0,0,0,0,0,0,"- ","- ",35.243070000000003,-119.14687000000001,KERN,UNINCORPORATED,-119.02978242,35.408630000000002
6352265,2014,2015-11-17,9420,2014-01-09,0900,013475,,4,1,9,1500,0,1,3,,2,096,"RT 99","SOUTH UNION AV",3696.00,N,N,A,-,Y,KER,6,99,-,-,11.063,H,-,S,Y,4,0,1,1,A,-,08,22107,,N,E,I,A,A,H,-,A,D,1,,,,,Y,,A,01,0,0,1,0,0,0,0,0,0,"- ","- ",35.186300000000003,-119.00618,KERN,UNINCORPORATED,-119.00498091999999,35.174666479999999
6352269,2014,2014-06-17,9420,2014-01-13,1530,018805,,1,2,9,1500,0,2,4,,1,071,"CENTER ST","OSWELL ST",0.00,,Y,A,-,N,,,,,,,,,,N,4,0,1,2,A,-,17,21451,A,N,H,G,A,A,H,-,A,A,0,,Y,,,Y,,A,08,0,0,1,0,0,0,1,0,0,"- ","- ",35.372219999999999,-118.94978,KERN,UNINCORPORATED,-118.94982005,35.372270020000002
6352273,2014,2014-06-17,9420,2014-01-14,1115,018631,,2,1,9,1500,0,3,5,,2,050,"PEERLESS AV","BANCROFT DR",471.00,N,N,A,-,N,,,,,,,,,,Y,4,0,1,2,A,-,08,22107,,N,C,E,A,A,H,-,A,D,0,,,,,Y,,A,01,0,0,1,0,0,0,0,0,0,"- ","- ",35.432000000000002,-119.02011,KERN,UNINCORPORATED,-119.0201237,35.431932330000002
6353534,2014,2014-06-05,1502,2014-01-03,1700,933,,5,5,6,1502,0,0,0,,0,,"34TH ST","Q ST",0.00,,Y,A,-,N,,,,,,,,,,Y,4,0,1,4,A,-,12,21453,A,N,D,C,A,A,H,-,B,A,0,,,,,Y,,A,01,0,0,1,0,0,0,0,0,0,"- ","- ",,,KERN,BAKERSFIELD,-119.01054000000001,35.390500060000001
6353538,2014,2015-07-20,1502,2014-01-01,0110,966,,3,5,6,1502,0,0,0,,0,,"WIBLE RD","GRASSOTTI CT",244.00,N,N,A,-,N,,,,,,,,,,Y,4,0,1,1,A,-,01,23152,B,N,E,I,A,A,H,-,D,D,0,,,,,Y,Y,A,01,0,0,1,0,0,0,0,0,0,"- ","- ",,,KERN,BAKERSFIELD,-119.03955999999999,35.330159999999999
6353779,2014,2015-11-20,9426,2014-01-16,0530,017245,,4,3,9,1500,0,1,3,,2,581,"RT 58","RT 33",2112.00,E,N,A,-,Y,KER,6,58,-,-,15.850,H,-,E,Y,4,0,1,1,A,-,03,22350,,N,F,A,A,A,H,-,D,D,0,,,,Y,Y,,G,25,0,0,1,0,0,0,0,0,0,"- ","- ",35.324379999999998,-119.62381000000001,KERN,UNINCORPORATED,-119.62331012,35.314512129999997
6353783,2014,2016-01-26,9426,2014-01-16,1835,016828,,4,2,9,1500,0,1,3,,2,331,"RT 33","RT 46",10560.00,S,N,A,-,Y,KER,6,33,-,-,58.170,H,-,N,Y,4,0,1,1,A,-,08,22107,,N,F,A,A,A,H,-,D,D,0,,,,,Y,,D,22,0,0,1,0,0,0,0,0,0,"- ","- ",35.531700000000001,-119.76532,KERN,UNINCORPORATED,-119.84252332,35.594388080000002
6353875,2014,2014-06-13,1502,2014-01-12,1328,P63,,7,5,6,1502,0,0,0,,0,,"GOSFORD RD","PACHECO RD",313.00,S,N,A,-,N,,,,,,,,,,Y,4,0,3,3,A,-,12,21453,A,N,D,C,A,A,H,-,A,A,0,,,,,Y,,D,22,0,0,3,0,0,0,0,0,0,"- ","- ",,,KERN,BAKERSFIELD,-119.09226,35.309381100000003
6353915,2014,2014-06-09,1502,2014-01-19,0538,754,,7,5,6,1502,0,0,0,,0,,"BRIMHALL RD","COFFEE RD",834.00,W,N,A,-,N,,,,,,,,,,N,4,0,1,1,C,-,18,,,N,E,I,A,A,H,-,D,D,0,,,,,Y,,-,"- ",0,0,1,0,0,0,0,0,0,"- ","- ",,,KERN,BAKERSFIELD,-119.09514382,35.368789020000001
6353919,2014,2015-07-20,1502,2014-01-15,1556,780,WEST,3,5,6,1502,0,0,0,,0,,"STOCKDALE HWY","BUENA VISTA RD",0.00,,Y,A,-,N,,,,,,,,,,Y,3,0,1,2,A,-,"- ",,,N,D,C,A,A,H,-,A,A,0,,,,,Y,,D,22,0,1,0,0,0,0,0,0,0,"- ","- ",,,KERN,BAKERSFIELD,-119.12738009,35.348820019999998
6356031,2014,2015-10-24,1507,2014-01-20,1910,259,,1,5,3,1507,0,0,0,,0,,"SANTA FE WY","S BEECH AV",0.00,,Y,A,-,Y,KER,6,43,-,-,15.840,H,-,S,N,4,0,2,3,A,-,03,22350,,N,C,C,A,A,H,-,D,A,0,,,,,Y,,A,01,0,0,2,0,0,0,0,0,0,"- ","- ",,,KERN,SHAFTER,-119.26114090999999,35.492375699999997
6358099,2014,2016-03-24,9430,2014-01-29,0835,014967,,3,1,9,1500,0,1,1,,2,053,"RT 5","GRAPEVINE RD",1215.00,S,N,A,-,Y,KER,6,5,-,-,9.930,H,-,S,Y,4,0,1,2,A,-,03,22350,,N,C,C,A,A,H,-,A,A,1,,,,,Y,,D,22,0,0,1,0,0,0,0,0,0,"- ","- ",34.935940000000002,-118.9308,KERN,UNINCORPORATED,-118.93079664,34.935546289999998
6358389,2014,2015-07-20,9420,2014-01-28,1630,017253,,2,2,9,1500,0,1,3,,1,583,"RT 58","FRUITVALE AV",168.00,E,N,A,-,N,,,,,,,,,,N,3,0,1,1,A,-,01,21200,5,N,E,I,A,A,H,-,A,D,0,,Y,,,Y,Y,L,04,0,1,0,0,0,0,1,0,0,"- ","- ",35.390999999999998,-119.074,KERN,UNINCORPORATED,-119.07362491000001,35.383410429999998
6358647,2014,2015-11-17,9420,2014-01-23,1105,13475,,4,1,6,1502,0,1,3,,2,094,"RT 99","PANAMA LN",355.00,N,N,F,-,Y,KER,6,99,-,-,19.059,H,-,N,Y,4,0,2,1,A,-,08,22107,,N,E,I,A,A,D,-,A,D,1,,,,,Y,,A,07,0,0,2,0,0,0,0,0,0,"- ","- ",35.29692,-119.03046999999999,KERN,BAKERSFIELD,-119.02859886,35.28902798
6359420,2014,2014-06-18,9420,2014-02-13,1110,017576,,4,1,9,1500,0,3,5,,2,070,"VALENCIA DR","NILES ST",0.00,,Y,A,-,N,,,,,,,,,,Y,4,0,2,2,A,-,09,21453,B,N,D,C,A,A,H,-,A,A,0,,,,,Y,,D,22,0,0,2,0,0,0,0,0,0,"- ","- ",35.376159999999999,-118.92523,KERN,UNINCORPORATED,-118.92530004,35.376300110000003
6359424,2014,2014-06-18,9420,2014-02-12,0705,017105,,3,1,9,1500,0,3,5,,2,060,"SANTA FE WY","HAGEMAN RD",0.00,,Y,A,-,N,,,,,,,,,,Y,4,0,1,2,A,-,12,21453,A,N,D,C,A,A,H,-,A,A,0,,,,,Y,,A,08,0,0,1,0,0,0,0,0,0,"- ","- ",35.398859999999999,-119.14781000000001,KERN,UNINCORPORATED,-119.14730012,35.39875009
6360341,2014,2014-06-07,1502,2014-01-16,2028,965,,4,5,6,1502,0,0,0,,0,,"AKERS RD","WILSON RD",0.00,,Y,A,-,N,,,,,,,,,,Y,2,0,1,2,A,-,12,21453,A,N,A,C,A,A,H,-,C,A,0,,,,,Y,,A,08,1,0,0,0,0,0,0,0,0,"- ","- ",,,KERN,BAKERSFIELD,-119.04782007,35.332260050000002
6360345,2014,2014-06-12,1502,2014-01-23,1655,1167,,4,5,6,1502,0,0,0,,0,,"27TH ST","H ST",103.00,E,N,A,G,N,,,,,,,,,,N,4,0,1,2,A,-,11,21954,A,N,G,B,D,A,H,-,B,D,0,Y,,,,Y,,N,60,0,0,1,0,1,0,0,0,0,"- ","- ",,,KERN,BAKERSFIELD,-119.02080488999999,35.383850000000002
6360357,2014,2014-06-12,1502,2014-01-28,1235,1217,,2,5,6,1502,0,0,0,,0,,"BUSINESS CENTER DR","CALIFORNIA AV",10.00,W,N,A,-,N,,,,,,,,,,Y,3,0,1,2,A,-,09,21453,B,N,G,B,B,A,H,-,A,A,0,Y,,,,Y,,D,22,0,1,0,0,1,0,0,0,0,"- ","- ",,,KERN,BAKERSFIELD,-119.06124,35.356340000000003
6360361,2014,2016-05-11,1502,2014-01-31,0954,P24,,5,5,6,1502,0,0,0,,0,,"MORNING DR","RT 178",33.00,N,N,B,-,Y,KER,6,178,-,R,7.687,I,6,W,Y,3,0,1,1,A,-,03,22350,,N,F,A,A,A,H,-,A,A,0,,,,Y,Y,,F,27,0,1,0,0,0,0,0,0,0,"- ","- ",,,KERN,BAKERSFIELD,-118.91420341,35.396879089999999
6360365,2014,2015-04-13,1502,2014-01-17,0040,784,,5,5,6,1502,0,0,0,,0,,"FAIRVIEW RD","MONITOR ST",0.00,,Y,A,-,N,,,,,,,,,,Y,1,2,3,2,A,-,01,23152,A,N,D,C,A,A,H,-,C,A,0,,,,,Y,Y,D,22,0,0,3,0,0,0,0,0,0,"- ","- ",,,KERN,BAKERSFIELD,-119.01188999999999,35.303130070000002
6360642,2014,2015-11-17,1502,2014-01-25,1525,P63,,6,5,6,1502,0,0,0,,0,,"MING AV","RT 99",105.00,E,N,A,-,Y,KER,6,99,-,-,22.810,H,-,S,N,4,0,1,3,A,-,03,22350,,N,C,C,A,A,H,-,A,D,0,,,,,Y,,D,22,0,0,1,0,0,0,0,0,0,"- ",SO,,,KERN,BAKERSFIELD,-119.03975002,35.342454279999998
6360650,2014,2015-11-20,1502,2014-01-20,0839,1072,,1,5,6,1502,0,0,0,,0,,"ROSEDALE HWY","CAMINO DEL RIO CT",0.00,,Y,A,-,Y,KER,6,58,-,-,51.626,I,5,E,Y,4,0,1,2,A,-,12,21453,A,N,D,C,A,A,H,-,A,A,0,,,,,Y,,D,22,0,0,1,0,0,0,0,0,0,"- ","- ",,,KERN,BAKERSFIELD,-119.04771366999999,35.383221159999998
6360654,2014,2015-11-17,1502,2014-01-24,1849,P63,,5,5,6,1502,0,0,0,,0,,"RT 99","PANAMA LN",0.00,,Y,A,-,Y,KER,6,99,-,-,19.702,H,-,S,Y,4,0,1,5,A,-,12,21453,A,N,D,C,A,A,H,-,C,A,0,,,,,Y,,A,01,0,0,1,0,0,0,0,0,0,SF,"- ",,,KERN,BAKERSFIELD,-119.03126155,35.29815558