CASE_ID,ACCIDENT_YEAR,PROC_DATE,JURIS,COLLISION_DATE,COLLISION_TIME,OFFICER_ID,REPORTING_DISTRICT,DAY_OF_WEEK,CHP_SHIFT,POPULATION,CNTY_CITY_LOC,SPECIAL_COND,BEAT_TYPE,CHP_BEAT_TYPE,CITY_DIVISION_LAPD,CHP_BEAT_CLASS,BEAT_NUMBER,PRIMARY_RD,SECONDARY_RD,DISTANCE,DIRECTION,INTERSECTION,WEATHER_1,WEATHER_2,STATE_HWY_IND,CALTRANS_COUNTY,CALTRANS_DISTRICT,STATE_ROUTE,ROUTE_SUFFIX,POSTMILE_PREFIX,POSTMILE,LOCATION_TYPE,RAMP_INTERSECTION,SIDE_OF_HWY,TOW_AWAY,COLLISION_SEVERITY,NUMBER_KILLED,NUMBER_INJURED,PARTY_COUNT,PRIMARY_COLL_FACTOR,PCF_CODE_OF_VIOL,PCF_VIOL_CATEGORY,PCF_VIOLATION,PCF_VIOL_SUBSECTION,HIT_AND_RUN,TYPE_OF_COLLISION,MVIW,PED_ACTION,ROAD_SURFACE,ROAD_COND_1,ROAD_COND_2,LIGHTING,CONTROL_DEVICE,CHP_ROAD_TYPE,PEDESTRIAN_ACCIDENT,BICYCLE_ACCIDENT,MOTORCYCLE_ACCIDENT,TRUCK_ACCIDENT,NOT_PRIVATE_PROPERTY,ALCOHOL_INVOLVED,STWD_VEHTYPE_AT_FAULT,CHP_VEHTYPE_AT_FAULT,COUNT_SEVERE_INJ,COUNT_VISIBLE_INJ,COUNT_COMPLAINT_PAIN,COUNT_PED_KILLED,COUNT_PED_INJURED,COUNT_BICYCLIST_KILLED,COUNT_BICYCLIST_INJURED,COUNT_MC_KILLED,COUNT_MC_INJURED,PRIMARY_RAMP,SECONDARY_RAMP,LATITUDE,LONGITUDE,COUNTY,CITY,POINT_X,POINT_Y
6451854,2014,2016-04-12,9420,2014-04-08,0758,13475,,2,1,6,1502,0,1,3,,2,094,"RT 99","PANAMA LN",20.00,N,N,A,-,Y,KER,6,99,-,-,19.702,R,1,S,Y,4,0,1,2,A,-,08,22107,,N,B,C,A,A,H,-,A,D,1,,,,Y,Y,,G,25,0,0,1,0,0,0,0,0,0,TO,"- ",35.295999999999999,-119.03185999999999,KERN,BAKERSFIELD,-119.03126155,35.29815558
6451867,2014,2014-07-15,9420,2014-04-05,1135,18486,,6,1,9,1500,0,3,5,,2,672,"BUENA VISTA BL","TOWER LINE RD",0.00,,Y,B,-,N,,,,,,,,,,Y,4,0,1,2,A,-,09,21802,A,N,D,C,A,A,H,-,A,A,0,,,,,Y,,A,01,0,0,1,0,0,0,0,0,0,"- ","- ",35.238439999999997,-118.80629999999999,KERN,UNINCORPORATED,-118.80668009999999,35.23837005
6451875,2014,2014-07-24,9420,2014-04-04,1514,017105,,5,2,9,1500,0,3,5,,2,060,"FRUITVALE AV","MEANY AV",0.00,,Y,A,-,N,,,,,,,,,,Y,3,0,2,3,A,-,09,21802,A,N,D,C,A,A,H,-,A,A,0,,,,,Y,,A,01,0,1,1,0,0,0,0,0,0,"- ","- ",35.394210000000001,-119.07441,KERN,UNINCORPORATED,-119.07434013,35.394100029999997
6451884,2014,2014-07-15,9420,2014-04-09,1015,11880,,3,1,9,1500,0,2,4,,1,064,"OLIVE DR","KNUDSEN DR",105.00,E,N,A,-,N,,,,,,,,,,N,4,0,1,2,A,-,21,22106,,N,C,C,A,A,H,-,A,D,0,,,,,Y,,D,22,0,0,1,0,0,0,0,0,0,"- ","- ",35.412430000000001,-119.05831999999999,KERN,UNINCORPORATED,-119.05842813,35.412403930000004
6451903,2014,2015-11-19,9420,2014-04-10,1335,015896,,4,1,9,1500,0,3,5,,2,060,"ALLEN RD","RT 58",35.00,S,N,A,-,N,,,,,,,,,,N,4,0,1,2,A,-,09,21804,A,N,D,C,A,A,H,-,A,A,0,,,,,Y,,A,01,0,0,1,0,0,0,0,0,0,"- ","- ",35.383139999999997,-119.14551,KERN,UNINCORPORATED,-119.14557695000001,35.383405320000001
6451915,2014,2014-07-15,9420,2014-04-10,0601,19442,,4,1,9,1500,0,3,5,,2,671,"DI GIORGIO RD","TEJON HWY",0.00,,Y,A,-,N,,,,,,,,,,Y,4,0,1,2,A,-,12,22450,A,M,D,C,A,A,H,-,B,A,0,,,,,Y,,D,22,0,0,1,0,0,0,0,0,0,"- ","- ",35.251719999999999,-118.82417,KERN,UNINCORPORATED,-118.82471011,35.252730040000003
6451920,2014,2015-07-22,9420,2014-03-28,0631,018607,,5,1,9,1500,0,3,5,,2,672,"METTLER FRONTAGE RD","COPUS RD",4224.00,S,N,A,-,N,,,,,,,,,,N,4,0,1,3,A,-,03,22350,,N,A,C,A,A,H,-,B,D,0,,,,,Y,,A,01,0,0,1,0,0,0,0,0,0,"- ","- ",35.091209999999997,-118.0788,KERN,UNINCORPORATED,-118.97674232999999,35.084614809999998
6452030,2014,2014-07-25,1502,2014-04-21,1343,1067,,1,5,6,1502,0,0,0,,0,,"CALIFORNIA AV","N ST",0.00,,Y,A,-,N,,,,,,,,,,Y,4,0,1,2,A,-,12,21453,A,N,D,C,A,A,H,-,A,A,0,,,,,Y,,A,07,0,0,1,0,0,0,0,0,0,"- ","- ",,,KERN,BAKERSFIELD,-119.01415011,35.3685501
6452034,2014,2015-12-21,1502,2014-04-16,1551,P63,,3,5,6,1502,0,0,0,,0,,"SOUTH UNION AV","PANAMA LN",15.00,N,N,A,-,N,,,,,,,,,,N,4,0,1,2,A,-,03,22350,,N,C,C,A,A,H,-,A,D,0,,,,,Y,,D,22,0,0,1,0,0,0,0,0,0,"- ","- ",,,KERN,BAKERSFIELD,-119.00315000000001,35.295931160000002
6452038,2014,2014-07-25,1502,2014-04-01,1230,1062,,2,5,6,1502,0,0,0,,0,,"GOSFORD RD","CAMINO MEDIA",0.00,,Y,B,-,N,,,,,,,,,,Y,3,0,1,3,A,-,09,21453,C,N,D,C,A,A,H,-,A,A,0,,,,,Y,,-,"- ",0,1,0,0,0,0,0,0,0,"- ","- ",,,KERN,BAKERSFIELD,-119.09231004999999,35.344360010000003
6452046,2014,2014-07-24,1502,2014-04-13,1410,P53,,7,5,6,1502,0,0,0,,0,,"PLANZ RD","S H ST",0.00,,Y,A,-,N,,,,,,,,,,Y,4,0,3,2,A,-,"- ",,,N,D,C,A,A,H,-,A,A,0,,,,,Y,,-,"- ",0,0,3,0,0,0,0,0,0,"- ","- ",,,KERN,BAKERSFIELD,-119.02135001000001,35.32490009
6452123,2014,2015-11-17,1511,2014-02-14,1418,53083,,5,5,2,1511,0,0,0,,0,00A,"RT 58","MILE POST 125/2",0.00,,-,A,-,Y,KER,6,58,-,R,124.950,H,-,E,Y,4,0,2,1,A,-,08,22107,,N,F,A,A,A,H,-,A,D,0,,,,,Y,Y,-,"- ",0,0,2,0,0,0,0,0,0,"- ","- ",,,KERN,"CALIFORNIA CITY",-117.96415613000001,35.015303969999998
6455046,2014,2014-07-22,1502,2014-04-07,0710,P52,,1,5,6,1502,0,0,0,,0,,"MONTEREY ST","BEALE AV",0.00,,Y,A,-,N,,,,,,,,,,Y,4,0,1,2,A,-,12,21453,A,N,D,C,A,A,H,-,A,A,0,,,,,Y,,A,07,0,0,1,0,0,0,0,0,0,"- ","- ",,,KERN,BAKERSFIELD,-118.98838003,35.380250060000002
6455054,2014,2014-07-21,1502,2014-04-05,2330,1083,,6,5,6,1502,0,0,0,,0,,"MONTEREY ST","MILLER ST",0.00,,Y,A,-,N,,,,,,,,,,Y,4,0,1,2,A,-,12,22450,A,F,D,C,A,A,H,-,C,A,0,,,,,Y,,A,01,0,0,1,0,0,0,0,0,0,"- ","- ",,,KERN,BAKERSFIELD,-118.98214,35.37875004
6455058,2014,2014-07-21,1502,2014-04-10,1247,1167,1502,4,5,6,1502,0,0,0,,0,,"CHESTER AV","CALIFORNIA AV",0.00,,Y,A,-,N,,,,,,,,,,Y,4,0,2,2,A,-,03,22350,,N,C,C,A,A,H,-,A,A,0,,,,,Y,,A,07,0,0,2,0,0,0,0,0,0,"- ","- ",,,KERN,BAKERSFIELD,-119.01893008,35.368400100000002
6455062,2014,2014-07-21,1502,2014-04-11,1648,1149,,5,5,6,1502,0,0,0,,0,,"E 4TH ST","UNION AV",16.00,E,N,A,-,N,,,,,,,,,,,3,0,1,2,A,-,11,21954,A,N,G,B,D,A,H,-,A,D,0,Y,,,,Y,,N,60,0,1,0,0,1,0,0,0,0,"- ","- ",,,KERN,BAKERSFIELD,-119.00283641999999,35.360750959999997
6455066,2014,2014-07-21,1502,2014-04-13,1457,992,,7,5,6,1502,0,0,0,,0,,"MOUNT VERNON AV","COLUMBUS ST",57.00,N,N,A,-,N,,,,,,,,,,Y,4,0,1,2,A,-,03,22350,,N,C,C,A,A,H,-,A,A,0,,,,,Y,,A,01,0,0,1,0,0,0,0,0,0,"- ","- ",,,KERN,BAKERSFIELD,-118.96758619000001,35.397766369999999
6455070,2014,2014-07-18,1502,2014-04-11,1534,P63,,5,5,6,1502,0,0,0,,0,,"21ST ST","L ST",0.00,,Y,A,-,N,,,,,,,,,,Y,3,0,1,2,A,-,09,21801,A,N,D,C,A,A,H,-,A,A,0,,,,,Y,,A,07,0,1,0,0,0,0,0,0,0,"- ","- ",,,KERN,BAKERSFIELD,-119.01642006,35.378110030000002
6455074,2014,2016-04-12,1502,2014-04-12,0937,936,,6,5,6,1502,0,0,0,,0,,"CALIFORNIA AV","REAL RD",81.00,W,N,A,-,Y,KER,6,99,-,-,24.723,R,4,N,Y,4,0,1,3,A,-,03,22350,,N,C,C,A,A,H,-,A,A,0,,,,,Y,,A,01,0,0,1,0,0,0,0,0,0,"- ","- ",,,KERN,BAKERSFIELD,-119.04243312,35.369846780000003
6455078,2014,2014-07-21,1502,2014-04-11,1826,P63,,5,5,6,1502,0,0,0,,0,,"ASHE RD","STOCKDALE HWY",0.00,,Y,A,-,N,,,,,,,,,,Y,3,0,1,2,A,-,09,21453,C,N,D,C,A,A,H,-,A,A,0,,,,,Y,,A,01,0,1,0,0,0,0,0,0,0,"- ","- ",,,KERN,BAKERSFIELD,-119.07362006,35.354370080000002
6455082,2014,2014-07-21,1502,2014-04-11,1155,P24,,5,5,6,1502,0,0,0,,0,,"GOSFORD RD","S LAURELGLEN BL",0.00,,Y,A,-,N,,,,,,,,,,Y,4,0,2,2,A,-,09,21800,D,N,D,C,A,A,H,-,A,B,0,,,,,Y,,A,01,0,0,2,0,0,0,0,0,0,"- ","- ",,,KERN,BAKERSFIELD,-119.09225006,35.325180029999999
6455086,2014,2014-07-18,1502,2014-04-15,1208,P24,,2,5,6,1502,0,0,0,,0,,"24TH ST","H ST",9.00,W,N,A,-,N,,,,,,,,,,N,3,0,1,2,A,-,12,21453,A,N,G,B,B,A,H,-,A,A,0,Y,,,,Y,,A,01,0,1,0,0,1,0,0,0,0,"- ","- ",,,KERN,BAKERSFIELD,-119.02118015000001,35.381019999999999
6455098,2014,2016-04-12,1502,2014-04-15,2045,1048,,2,5,6,1502,0,0,0,,0,,"UNION AV","3RD ST",93.00,S,N,A,-,Y,KER,6,204,-,-,2.410,H,-,N,Y,3,0,1,2,A,-,11,21954,A,N,G,B,D,A,H,-,C,D,0,Y,,,,Y,,N,60,0,1,0,0,1,0,0,0,0,"- ","- ",,,KERN,BAKERSFIELD,-119.00298767,35.358781110000002
6455102,2014,2014-07-18,1502,2014-04-15,1732,936,,2,5,6,1502,0,0,0,,0,,"BUCK OWENS BL","RIO MIRADA DR",62.00,S,N,A,-,N,,,,,,,,,,,3,0,1,2,A,-,01,23152,A,N,B,C,A,A,H,-,A,A,0,,,,,Y,Y,A,07,0,1,0,0,0,0,0,0,0,"- ","- ",,,KERN,BAKERSFIELD,-119.04322999999999,35.398439869999997
6455715,2014,2014-07-17,1502,2014-03-29,2338,1143,,6,5,6,1502,0,0,0,,0,,"UNION AV","IRENE ST",0.00,,Y,A,-,N,,,,,,,,,,Y,4,0,1,1,A,-,03,22350,,N,E,I,A,A,H,-,C,-,0,,,Y,,Y,,C,02,0,0,1,0,0,0,0,0,1,"- ","- ",,,KERN,BAKERSFIELD,-119.00279012999999,35.391170109999997
6455845,2014,2014-07-10,9420,2014-04-23,0810,014811,,3,1,9,1500,0,3,5,,2,672,"LA FRANCE DR","S H ST",116.00,W,N,A,-,N,,,,,,,,,,N,4,0,1,2,A,-,09,21804,A,N,D,G,A,A,H,-,A,D,0,,Y,Y,,Y,,L,04,0,0,1,0,0,0,1,0,0,"- ","- ",35.343040000000002,-119.02155999999999,KERN,UNINCORPORATED,-119.02168841,35.343045629999999
6455857,2014,2014-07-10,9420,2014-04-18,0750,018486,,5,1,9,1500,0,3,5,,2,550,"PALM AV","PROSPECT AV",947.00,N,N,A,-,N,,,,,,,,,,Y,4,0,1,1,A,-,08,22107,,N,E,I,A,A,H,-,A,D,0,,,,,Y,,A,01,0,0,1,0,0,0,0,0,0,"- ","- ",35.568420000000003,-119.34957,KERN,UNINCORPORATED,-119.34951502,35.567829009999997
6455873,2014,2014-07-10,9420,2014-04-21,1720,019206,,1,2,9,1500,0,2,4,,2,021,"SIERRA WY","CYRUS CYN RD",11088.00,E,N,A,-,N,,,,,,,,,,Y,2,0,1,1,A,-,03,22350,,N,F,A,A,A,H,-,A,D,0,,,Y,,Y,Y,C,02,1,0,0,0,0,0,0,0,1,"- ","- ",35.676720000000003,-118.41521,KERN,UNINCORPORATED,-118.41787476,35.678444759999998
6455881,2014,2014-07-10,9420,2014-04-12,1930,015119,,6,2,9,1500,0,2,4,,1,051,"MANOR ST","FELTON ST",463.00,E,N,A,-,N,,,,,,,,,,N,2,0,1,1,A,-,08,22107,,N,F,A,A,A,H,-,B,D,0,,,Y,,Y,Y,C,02,1,0,0,0,0,0,0,0,1,"- ","- ",35.44003,-119.01861,KERN,UNINCORPORATED,-119.01770455,35.43981909
6455885,2014,2014-07-10,9420,2014-04-17,1519,018555,,4,2,9,1500,0,3,5,,2,070,"ELTON AV","EDWARDS AV",210.00,W,N,A,-,N,,,,,,,,,,N,3,0,1,2,A,-,08,22107,,F,G,B,E,A,H,-,A,D,0,Y,,,,Y,,-,99,0,1,0,0,1,0,0,0,0,"- ","- ",35.386299999999999,-118.96047,KERN,UNINCORPORATED,-118.9669,35.385280000000002
6455938,2014,2014-07-24,9420,2014-04-21,2500,17576,,1,4,9,1500,0,3,5,,2,672,"BENA RD","NEUMARKEL RD",31680.00,E,N,A,-,N,,,,,,,,,,Y,4,0,1,1,A,-,08,22107,,N,E,I,A,A,H,-,D,D,0,,,,Y,Y,,G,27,0,0,1,0,0,0,0,0,0,"- ","- ",35.304769999999998,-118.69256,KERN,UNINCORPORATED,-118.78964000000001,35.328139999999998
6455941,2014,2014-07-10,9420,2014-04-08,1225,018377,,2,1,9,1500,0,2,4,,1,072,"EAST CALIFORNIA AV","WASHINGTON AV",0.00,,Y,A,-,N,,,,,,,,,,Y,4,0,1,2,A,-,12,21453,A,N,D,C,A,A,H,-,A,A,0,,,,,Y,,A,07,0,0,1,0,0,0,0,0,0,"- ","- ",35.368380000000002,-118.97651,KERN,UNINCORPORATED,-118.97636008000001,35.36861004
6455950,2014,2014-07-10,9420,2014-04-15,1505,018377,,2,2,9,1500,0,3,5,,2,050,"BRISTOL AV","LOWELL DR",189.00,N,N,A,-,N,,,,,,,,,,Y,2,0,1,3,A,-,03,22350,,N,B,E,A,A,H,-,A,D,0,,,Y,,Y,,C,02,1,0,0,0,0,0,0,0,1,"- ","- ",35.433840000000004,-119.01725999999999,KERN,UNINCORPORATED,-119.01720238999999,35.433829969999998
6455962,2014,2014-07-24,9420,2014-04-17,1025,13672,,4,1,9,1500,0,3,5,,2,530,"SCOFIELD AV","MERCED AV",0.00,,Y,A,-,N,,,,,,,,,,Y,3,0,1,2,A,-,09,21802,A,N,H,A,A,A,H,-,A,A,0,,,,,Y,,D,22,0,1,0,0,0,0,0,0,0,"- ","- ",35.528790000000001,-119.40389,KERN,UNINCORPORATED,-119.40318996000001,35.528840109999997
6455970,2014,2014-07-10,9420,2014-04-18,1825,019098,,5,2,9,1500,0,3,5,,2,672,"E CASA LOMA DR","SOUTH UNION AV",600.00,E,N,A,-,N,,,,,,,,,,Y,4,0,1,2,A,-,03,22350,,N,C,C,A,A,H,-,A,D,0,,,,,Y,,D,22,0,0,1,0,0,0,0,0,0,"- ","- ",35.339480000000002,-119.00228,KERN,UNINCORPORATED,-119.00095281999999,35.339460000000003
6455987,2014,2014-07-10,9420,2014-04-22,1045,013851,,2,1,9,1500,0,3,5,,2,060,"ALLEN RD","MEACHAM RD",40.00,N,N,A,-,N,,,,,,,,,,Y,4,0,2,2,A,-,03,22350,,N,C,C,A,A,H,-,A,A,0,,,,,Y,,A,01,0,0,2,0,0,0,0,0,0,"- ","- ",35.390999999999998,-119.14557000000001,KERN,UNINCORPORATED,-119.14551926999999,35.390889770000001
6456948,2014,2016-04-12,9426,2014-04-08,1715,15472,,2,2,9,1500,0,3,5,,2,080,"RT 223","RT 5",0.00,,Y,A,-,Y,KER,6,223,-,-,1.850,H,-,W,Y,3,0,1,2,A,-,09,21802,B,N,D,C,A,A,H,-,A,A,0,,,,Y,Y,,A,01,0,1,0,0,0,0,0,0,0,"- ",SF,35.208880000000001,-119.16497,KERN,UNINCORPORATED,-119.16527872,35.209101199999999
6456952,2014,2016-04-11,9426,2014-04-10,1920,17281,,4,2,9,1500,0,1,1,,2,506,"RT 5","HERRING RD",3168.00,S,N,A,-,Y,KER,6,5,-,-,27.560,H,-,N,Y,2,0,1,2,A,-,03,22350,,N,C,C,A,A,H,-,B,D,1,,,,Y,Y,,G,25,1,0,0,0,0,0,0,0,0,"- ","- ",35.144910000000003,-119.09211000000001,KERN,UNINCORPORATED,-119.0925281,35.145334089999999
6456955,2014,2014-07-10,1511,2014-04-09,1608,53054,,3,5,2,1511,0,0,0,,0,00A,"CALIFORNIA CITY BL","YERBA BL",21120.00,W,N,A,-,N,,,,,,,,,,Y,2,0,1,1,A,-,08,22107,,N,E,J,A,A,H,-,A,D,0,,,,,Y,,D,22,1,0,0,0,0,0,0,0,0,"- ","- ",35.125489999999999,-118.08181999999999,KERN,"CALIFORNIA CITY",-118.07388383,35.125492700000002
6457047,2014,2014-07-09,1511,2014-03-15,1915,53081,5,6,5,2,1511,0,0,0,,0,00A,"CALIFORNIA CITY BL","LIGHT POLE 4177333E",313.00,W,N,A,-,N,,,,,,,,,,Y,4,0,1,1,A,-,08,22107,,N,F,J,A,A,H,-,C,D,0,,,,,Y,,A,01,0,0,1,0,0,0,0,0,0,"- ","- ",35.126300000000001,-117.95123,KERN,"CALIFORNIA CITY",,
6457196,2014,2014-07-10,9426,2014-04-18,0920,017245,,5,1,9,1500,0,3,5,,2,081,"HARRISON ST","ELM ST",0.00,,Y,A,-,N,,,,,,,,,,Y,3,0,1,2,A,-,09,21801,A,N,B,C,A,A,H,-,A,D,0,,,,,Y,,A,01,0,1,0,0,0,0,0,0,0,"- ","- ",35.157550000000001,-119.45652,KERN,UNINCORPORATED,-119.45632997,35.157580080000002
6457794,2014,2016-04-08,9426,2014-04-29,1135,15633,,2,1,9,1500,0,1,3,,2,331,"RT 33","SHALE RD",3168.00,N,N,A,-,Y,KER,6,33,-,-,27.800,H,-,S,Y,4,0,1,2,A,-,03,22350,,N,C,C,A,A,H,-,A,D,0,,,,Y,Y,,D,22,0,0,1,0,0,0,0,0,0,"- ","- ",35.22871,-119.57648,KERN,UNINCORPORATED,-119.5761962,35.228106619999998
6457826,2014,2014-07-10,9426,2014-04-16,1230,017254,,3,1,9,1500,0,3,5,,2,085,"LOST HILLS RD","CHEVRON WY",0.00,,Y,A,-,N,,,,,,,,,,Y,4,0,2,2,A,-,08,22107,,N,H,C,A,A,H,-,A,D,0,,,,,Y,,D,22,0,0,2,0,0,0,0,0,0,"- ","- ",35.601640000000003,-119.60982,KERN,UNINCORPORATED,,
6457830,2014,2016-04-08,9426,2014-04-24,1619,017321,,4,2,9,1500,0,1,3,,1,118,"RT 119","RT 43",1584.00,W,N,A,-,Y,KER,6,119,-,-,17.870,H,-,E,Y,4,0,2,3,A,-,03,22350,,N,C,C,A,A,H,-,A,D,0,,,,,Y,,D,22,0,0,2,0,0,0,0,0,0,"- ","- ",35.266419999999997,-119.26255999999999,KERN,UNINCORPORATED,-119.2580408,35.267434039999998
6457932,2014,2014-07-22,9426,2014-04-10,2208,018919,,4,3,9,1500,0,3,5,,2,081,"MADISON ST","CEDAR ST",200.00,N,N,A,-,N,,,,,,,,,,N,3,0,1,2,A,-,01,23152,A,N,D,C,A,A,H,-,D,D,0,,,,,Y,Y,A,08,0,1,0,0,0,0,0,0,0,"- ","- ",35.155169999999998,-119.45117999999999,KERN,UNINCORPORATED,-119.45121243,35.155107119999997
6457940,2014,2014-07-22,9426,2014-04-25,0632,016804,,5,1,9,1500,0,3,5,,2,087,"COPUS RD","BASIC SCHOOL RD",8448.00,E,N,B,-,N,,,,,,,,,,Y,3,0,2,1,A,-,08,22107,,N,E,I,A,A,H,-,B,D,0,,,,,Y,,A,01,0,2,0,0,0,0,0,0,0,"- ","- ",35.09384,-119.28487,KERN,UNINCORPORATED,-119.28589999,35.09379363
6457944,2014,2016-04-08,9426,2014-04-24,1525,017245,,4,2,9,1500,0,1,3,,1,118,"RT 119","CEDAR ST",0.00,,Y,A,-,Y,KER,6,119,-,-,1.300,I,5,W,Y,3,0,2,2,A,-,09,21802,A,N,D,C,A,A,H,-,A,A,0,,,,,Y,,A,01,0,1,1,0,0,0,0,0,0,"- ","- ",35.472270000000002,-117.9216,KERN,UNINCORPORATED,-119.44787755,35.154944749999999
6458039,2014,2014-07-09,1503,2014-03-22,0440,10100,1503,6,5,4,1503,0,0,0,,0,ALL,"KALIBO ST","SUSAN DR",4.00,N,N,A,-,N,,,,,,,,,,Y,4,0,1,1,A,-,00,20002,,M,E,I,A,A,H,-,C,D,0,,,,,Y,Y,A,01,0,0,1,0,0,0,0,0,0,"- ","- ",,,KERN,DELANO,-119.24509021999999,35.78451098
6458043,2014,2014-08-05,1503,2014-03-31,2100,136,1503,1,5,4,1503,0,0,0,,0,ALL,"JEFFERSON ST","17TH ST",0.00,,Y,C,-,N,,,,,,,,,,Y,4,0,1,2,A,-,03,22350,,N,D,C,A,B,G,-,C,D,0,,,,,Y,,A,01,0,0,1,0,0,0,0,0,0,"- ","- ",,,KERN,DELANO,-119.24567988,35.777750009999998
6458047,2014,2014-08-06,1503,2014-03-19,1454,10107,1503,3,5,4,1503,0,0,0,,0,ALL,"22ND AV","22ND AV 1200",0.00,,-,A,-,N,,,,,,,,,,N,4,0,1,2,C,-,18,,,N,A,B,D,A,H,-,A,D,0,Y,,,,Y,,-,"- ",0,0,1,0,1,0,0,0,0,"- ","- ",,,KERN,DELANO,-119.24302428999999,35.78708743
6458051,2014,2014-08-06,1503,2014-03-20,0945,10107,1503,4,5,4,1503,0,0,0,,0,ALL,"9TH AV","KENSINGTON ST",150.00,W,N,A,-,N,,,,,,,,,,N,4,0,1,2,A,-,09,21804,A,N,A,G,A,A,H,-,A,D,0,,Y,,,Y,Y,L,04,0,0,1,0,0,0,1,0,0,"- ","- ",,,KERN,DELANO,-119.24320658000001,35.768114760000003
6458179,2014,2016-04-09,9420,2014-04-20,1300,16613,,7,1,9,1500,0,1,3,,1,582,"RT 58","BUSSELL RD",450.00,E,N,A,-,Y,KER,6,58,-,-,37.020,H,-,E,Y,4,0,1,2,A,-,06,21751,,N,B,C,A,A,H,-,A,D,0,,,,,Y,,A,01,0,0,1,0,0,0,0,0,0,"- ","- ",35.398479999999999,-119.30373,KERN,UNINCORPORATED,-119.30385293000001,35.398398790000002
6458778,2014,2014-08-01,1503,2014-05-08,2022,10149,1503,4,5,4,1503,0,0,0,,0,,"CLINTON ST","13TH AV",200.00,N,N,A,-,N,,,,,,,,,,Y,4,0,1,2,A,-,08,22107,,N,C,E,A,A,H,-,C,D,0,,,,,Y,,A,01,0,0,1,0,0,0,0,0,0,"- ","- ",,,KERN,DELANO,-119.25593753,35.772068930000003
6458786,2014,2014-08-01,1503,2014-05-06,1355,10150,1503,2,5,4,1503,0,0,0,,0,ALL,"JEFFERSON ST","7TH AV",150.00,S,N,B,-,N,,,,,,,,,,Y,4,0,1,2,A,-,09,21801,A,N,C,C,A,A,H,-,A,D,0,,,,,Y,,A,01,0,0,1,0,0,0,0,0,0,"- ","- ",,,KERN,DELANO,-119.24332450999999,35.764955780000001
6458997,2014,2016-04-08,9420,2014-04-16,1320,018615,,3,1,9,1500,0,1,3,,1,176,"RT 178","COW FLAT CREEK",6864.00,W,N,A,-,Y,KER,6,178,-,-,19.040,H,-,E,Y,3,0,1,1,A,-,01,23152,E,N,E,I,A,A,H,-,A,D,0,,,,,Y,,A,01,0,1,0,0,0,0,0,0,0,"- ","- ",35.500230000000002,-118.69431,KERN,UNINCORPORATED,-118.73700014000001,35.478873700000001
6459082,2014,2014-07-18,1500,2014-04-19,1300,202068,W902,6,5,3,1510,0,0,0,,0,4401,"E ST","E ST 900 BLK",0.00,,-,A,-,N,,,,,,,,,,Y,4,0,1,2,A,-,04,21703,,N,C,C,A,A,H,-,A,A,0,,,,,Y,,-,,0,0,1,0,0,0,0,0,0,"- ","- ",,,KERN,WASCO,,
6459209,2014,2015-09-11,1503,2014-04-15,1853,10137,1503,2,5,4,1503,0,0,0,,0,ALL,"CECIL AV","MAIN ST",20.00,E,N,A,-,N,,,,,,,,,,N,4,0,1,2,A,-,09,21802,A,N,B,C,A,A,H,-,B,A,0,,,,,Y,,A,01,0,0,1,0,0,0,0,0,0,"- ","- ",,,KERN,DELANO,-119.24718265,35.775919999999999
6459217,2014,2014-07-11,1503,2014-04-02,1602,10147,1503,3,5,4,1503,0,0,0,,0,ALL,"GIRARD ST","2200 GIRARD ST",0.00,,Y,A,-,N,,,,,,,,,,Y,4,0,3,2,A,-,09,21804,A,N,D,C,A,A,H,-,A,D,0,,,,,Y,,A,01,0,0,3,0,0,0,0,0,0,"- ","- ",,,KERN,DELANO,-119.24921393,35.787208550000003
6459221,2014,2014-07-11,1503,2014-04-13,1755,10149,1503,7,5,4,1503,0,0,0,,0,ALL,"COUNTY LINE RD","OXFORD ST",25.00,E,N,A,-,N,,,,,,,,,,Y,4,0,1,3,A,-,12,22450,A,M,C,D,A,A,H,-,A,A,0,,,,,Y,,A,07,0,0,1,0,0,0,0,0,0,"- ","- ",,,KERN,DELANO,-119.23861921,35.79046057
6459274,2014,2014-07-11,1503,2014-04-25,1421,10147,1503,5,5,4,1503,0,0,0,,0,ALL,"19TH ST","CLINTON ST",0.00,,Y,B,C,N,,,,,,,,,,Y,3,0,3,2,A,-,09,21800,A,N,H,D,A,B,H,-,A,D,0,,,,,Y,,A,01,0,1,2,0,0,0,0,0,0,"- ","- ",,,KERN,DELANO,-119.2562899,35.781340030000003
6459306,2014,2014-07-14,9420,2014-04-26,2035,015119,,6,2,9,1500,0,3,5,,2,070,"KENTUCKY ST","MOUNT VERNON AV",210.00,W,N,B,-,N,,,,,,,,,,Y,3,0,1,2,A,-,08,22107,,N,C,E,A,A,H,-,C,D,0,,,,,Y,,A,01,0,1,0,0,0,0,0,0,0,"- ","- ",35.373100000000001,-118.9679,KERN,UNINCORPORATED,-118.96827886,35.37313546
6459310,2014,2014-07-14,9420,2014-04-22,1010,016784,,2,1,9,1500,0,3,5,,2,310,"SIERRA WY","CAMP 9 RD",528.00,S,N,A,-,N,,,,,,,,,,Y,2,0,2,1,A,-,03,22350,,N,F,A,A,A,H,-,A,D,0,,,,,Y,,A,07,1,1,0,0,0,0,0,0,0,"- ","- ",35.68891,-118.42571,KERN,UNINCORPORATED,-118.42541918000001,35.689889839999999
6459314,2014,2016-04-08,9420,2014-04-25,1855,015119,,5,2,9,1500,0,2,4,,1,077,"RT 178","COW FLAT CREEK",3538.00,W,N,C,-,Y,KER,6,178,-,-,19.670,H,-,W,Y,3,0,5,1,A,-,08,22107,,N,E,I,A,B,H,-,D,D,0,,,,,Y,,A,01,0,4,1,0,0,0,0,0,0,"- ","- ",,,KERN,UNINCORPORATED,-118.73064417000001,35.474500999999997
6459318,2014,2014-07-14,9420,2014-04-30,2055,018117,,3,2,9,1500,0,3,5,,2,040,"RIVER BL","HEIGHT ST",10.00,N,N,A,-,N,,,,,,,,,,Y,4,0,1,2,A,-,03,22350,,N,C,C,A,A,H,-,C,D,0,,,,,Y,Y,A,07,0,0,1,0,0,0,0,0,0,"- ","- ",35.393749999999997,-118.98531,KERN,UNINCORPORATED,-118.9851695,35.393917440000003