CASE_ID,ACCIDENT_YEAR,PROC_DATE,JURIS,COLLISION_DATE,COLLISION_TIME,OFFICER_ID,REPORTING_DISTRICT,DAY_OF_WEEK,CHP_SHIFT,POPULATION,CNTY_CITY_LOC,SPECIAL_COND,BEAT_TYPE,CHP_BEAT_TYPE,CITY_DIVISION_LAPD,CHP_BEAT_CLASS,BEAT_NUMBER,PRIMARY_RD,SECONDARY_RD,DISTANCE,DIRECTION,INTERSECTION,WEATHER_1,WEATHER_2,STATE_HWY_IND,CALTRANS_COUNTY,CALTRANS_DISTRICT,STATE_ROUTE,ROUTE_SUFFIX,POSTMILE_PREFIX,POSTMILE,LOCATION_TYPE,RAMP_INTERSECTION,SIDE_OF_HWY,TOW_AWAY,COLLISION_SEVERITY,NUMBER_KILLED,NUMBER_INJURED,PARTY_COUNT,PRIMARY_COLL_FACTOR,PCF_CODE_OF_VIOL,PCF_VIOL_CATEGORY,PCF_VIOLATION,PCF_VIOL_SUBSECTION,HIT_AND_RUN,TYPE_OF_COLLISION,MVIW,PED_ACTION,ROAD_SURFACE,ROAD_COND_1,ROAD_COND_2,LIGHTING,CONTROL_DEVICE,CHP_ROAD_TYPE,PEDESTRIAN_ACCIDENT,BICYCLE_ACCIDENT,MOTORCYCLE_ACCIDENT,TRUCK_ACCIDENT,NOT_PRIVATE_PROPERTY,ALCOHOL_INVOLVED,STWD_VEHTYPE_AT_FAULT,CHP_VEHTYPE_AT_FAULT,COUNT_SEVERE_INJ,COUNT_VISIBLE_INJ,COUNT_COMPLAINT_PAIN,COUNT_PED_KILLED,COUNT_PED_INJURED,COUNT_BICYCLIST_KILLED,COUNT_BICYCLIST_INJURED,COUNT_MC_KILLED,COUNT_MC_INJURED,PRIMARY_RAMP,SECONDARY_RAMP,LATITUDE,LONGITUDE,COUNTY,CITY,POINT_X,POINT_Y
6509118,2014,2014-08-05,9830,2014-05-23,1605,17064,,5,2,9,1500,0,2,4,,1,032,"SIERRA HWY","POPLAR ST",50.00,S,N,A,-,N,,,,,,,,,,Y,4,0,1,2,A,-,09,21801,A,N,D,C,A,A,H,-,A,D,0,,,,,Y,,A,01,0,0,1,0,0,0,0,0,0,"- ","- ",34.861089999999997,-118.16291,KERN,UNINCORPORATED,-118.16283821,34.861354079999998
6509808,2014,2016-04-08,1508,2014-05-21,1526,21,4B,3,5,2,1508,0,0,0,,0,,"RT 33","6TH ST",0.00,W,N,A,-,Y,KER,6,33,-,-,18.800,H,-,S,N,4,0,2,2,A,-,03,22350,,M,C,C,A,A,H,-,A,A,0,,,,,Y,,A,01,0,0,2,0,0,0,0,0,0,"- ","- ",,,KERN,TAFT,-119.45959431,35.143158900000003
6510518,2014,2014-08-01,1502,2014-05-19,1654,936,,1,5,6,1502,0,0,0,,0,,"CALIFORNIA AV","P ST",0.00,,Y,A,-,N,,,,,,,,,,Y,3,0,2,2,A,-,09,21453,C,N,D,C,A,A,H,-,A,A,0,,,,,Y,,D,22,0,1,1,0,0,0,0,0,0,"- ","- ",,,KERN,BAKERSFIELD,-119.01182000999999,35.368550059999997
6510522,2014,2014-08-01,1502,2014-05-29,1611,1049,,4,5,6,1502,0,0,0,,0,,"TRUXTON AV EAST","SUMNER ST",0.00,,Y,A,-,N,,,,,,,,,,N,4,0,1,2,A,-,09,21802,A,N,A,C,A,A,H,-,A,A,0,,,,,Y,,D,22,0,0,1,0,0,0,0,0,0,"- ","- ",,,KERN,BAKERSFIELD,-118.98079001000001,35.373160069999997
6510526,2014,2015-11-02,1502,2014-06-03,1855,1067,,2,5,6,1502,0,0,0,,0,,"TAFT AV","WIBLE RD",338.00,W,N,A,-,Y,KER,6,119,-,-,30.350,H,-,E,Y,3,0,3,3,A,-,03,22350,,N,C,C,A,A,H,-,A,D,0,,,Y,,Y,,A,01,0,1,2,0,0,0,0,0,1,"- ","- ",,,KERN,BAKERSFIELD,-119.03897142,35.26691194
6510910,2014,2015-03-07,1502,2014-04-26,0759,P45,,6,5,6,1502,0,0,0,,0,,"MONITOR ST","BERKSHIRE RD",16.00,S,N,B,-,N,,,,,,,,,,Y,3,0,1,2,A,-,03,22350,,F,C,C,A,A,H,-,A,A,0,,,,,Y,,A,07,0,1,0,0,0,0,0,0,0,"- ","- ",,,KERN,BAKERSFIELD,-119.01188947999999,35.288566099999997
6510974,2014,2014-08-06,1505,2014-05-27,2007,M064,3,2,5,2,1505,0,0,0,,0,,"W TAYLOR AV","ZINFANDEL ST",0.00,,Y,A,-,N,,,,,,,,,,N,4,0,3,5,A,-,01,23152,,F,D,C,A,A,H,-,A,D,0,,,,,Y,Y,A,01,0,0,3,0,0,0,0,0,0,"- ","- ",,,KERN,MCFARLAND,-119.23321996999999,35.667160029999998
6510982,2014,2014-08-06,1502,2014-05-15,1432,976,,4,5,6,1502,0,0,0,,0,,"STINE RD","MING AV",163.00,N,N,A,-,N,,,,,,,,,,Y,4,0,1,2,A,-,09,21801,A,N,D,C,A,A,H,-,A,D,0,,,,,Y,,A,01,0,0,1,0,0,0,0,0,0,"- ","- ",,,KERN,BAKERSFIELD,-119.05022753,35.339874930000001
6510988,2014,2015-09-11,1509,2014-05-19,1507,946,T,1,5,3,1509,0,0,0,,0,2501,"W VALLEY BL","LAS COLINAS ST",40.00,E,N,A,-,N,,,,,,,,,,N,4,0,1,3,A,-,04,21703,,N,C,C,A,A,H,-,A,D,0,,,,,Y,,A,01,0,0,1,0,0,0,0,0,0,"- ","- ",,,KERN,TEHACHAPI,-118.46599638000001,35.124322599999999
6511006,2014,2014-08-06,9830,2014-05-22,1725,016971,,4,2,9,1500,0,3,5,,2,004,"REDROCK RANDSBURG RD","LAST CHANCE CYN RD",3696.00,W,N,B,-,N,,,,,,,,,,Y,4,0,5,1,A,-,08,22107,,N,E,I,A,A,H,-,A,D,0,,,,,Y,,A,01,0,0,5,0,0,0,0,0,0,"- ","- ",35.356400000000001,-117.90851000000001,KERN,UNINCORPORATED,-117.90890625999999,35.356194250000001
6511010,2014,2014-08-06,9830,2014-05-22,1330,012065,,4,1,9,1500,0,3,5,,2,001,"COUNTRY CLUB DR","MARIPOSA RD",37.00,E,N,B,-,N,,,,,,,,,,Y,4,0,1,2,A,-,03,22350,,N,C,C,A,B,H,-,A,A,0,,,,,Y,,A,01,0,0,1,0,0,0,0,0,0,"- ","- ",35.1464,-118.50203,KERN,UNINCORPORATED,-118.50210352000001,35.146251479999997
6511015,2014,2014-08-09,9430,2014-05-25,1320,013402,,7,1,9,1500,0,2,4,,1,024,"MIL POTRERO HWY","WOODLAND DR",700.00,E,N,A,-,N,,,,,,,,,,Y,3,0,3,1,A,-,08,22107,,N,E,I,A,A,H,-,A,D,0,,,,,Y,,A,08,0,3,0,0,0,0,0,0,0,"- ","- ",34.849780000000003,-119.10427,KERN,UNINCORPORATED,-119.15761791,34.853240249999999
6511026,2014,2016-04-09,9830,2014-05-17,2335,19592,,6,3,9,1500,0,1,3,,2,030,"RT 14","ROSAMOND BL",3100.00,N,N,A,-,Y,KER,6,14,-,R,3.610,H,-,N,Y,3,0,1,1,A,-,08,22107,,N,E,I,A,A,H,-,D,D,1,,,,,Y,,A,01,0,1,0,0,0,0,0,0,0,"- ","- ",34.873080000000002,-118.17075,KERN,UNINCORPORATED,-118.17103225,34.87269895
6511030,2014,2016-04-09,9830,2014-05-15,1450,019372,,4,2,9,1500,0,1,2,,1,053,"RT 395","BROWN RD",0.00,,Y,A,-,Y,KER,6,395,-,R,14.995,I,5,N,Y,4,0,1,2,A,-,09,21802,A,N,D,C,A,A,H,-,A,A,0,,,,,Y,,A,01,0,0,1,0,0,0,0,0,0,"- ","- ",,,KERN,UNINCORPORATED,-117.71368987,35.551023909999998
6511121,2014,2016-04-09,9420,2014-04-18,1425,18631,,5,2,6,1502,0,1,3,,2,584,"RT 58","MADISON ST",448.00,E,N,A,-,Y,KER,6,58,-,R,54.990,H,-,E,Y,3,0,5,4,A,-,01,23152,A,F,A,C,A,A,D,H,A,D,1,,,,,Y,Y,A,01,0,1,4,0,0,0,0,0,0,"- ","- ",35.352049999999998,-118.99411000000001,KERN,BAKERSFIELD,-118.99290200999999,35.352254070000001
6511289,2014,2015-11-19,1502,2014-05-16,1813,P63,,5,5,6,1502,0,0,0,,0,,"RT 58","MOSCASCO ST",215.00,W,N,A,-,N,,,,,,,,,,N,4,0,1,2,A,-,03,22350,,N,C,C,A,A,H,-,A,D,0,,,,,Y,,A,07,0,0,1,0,0,0,0,0,0,"- ","- ",,,KERN,BAKERSFIELD,-119.11516607,35.383402410000002
6512635,2014,2014-08-07,1505,2014-06-13,2500,M043,4,5,5,2,1505,0,0,0,,0,,"SAN PEDRO ST","W PERKINS",156.00,S,N,A,-,N,,,,,,,,,,Y,4,0,1,1,A,-,01,23152,A,N,E,I,A,A,H,-,C,D,0,,,,,Y,Y,D,22,0,0,1,0,0,0,0,0,0,"- ","- ",,,KERN,MCFARLAND,-119.22077234,35.681291899999998
6514061,2014,2016-04-09,9830,2014-06-11,2037,019615,,3,2,9,1500,0,1,3,,2,010,"RT 58","BROOME RD",13200.00,E,N,A,-,Y,KER,6,58,-,R,87.650,H,-,W,Y,2,0,1,1,C,-,18,,,N,E,J,A,A,G,-,D,D,1,,,Y,,Y,,-,"- ",1,0,0,0,0,0,0,0,1,"- ","- ",35.179180000000002,-118.48608,KERN,UNINCORPORATED,-118.48697409,35.17989438
6514250,2014,2014-08-11,1503,2014-06-21,1515,10136,1503,6,5,4,1503,0,0,0,,0,ALL,FREMONT,"FREMONT 1100",0.00,,-,A,-,N,,,,,,,,,,Y,4,0,1,2,A,-,09,21800,A,N,D,C,A,A,H,-,A,A,0,,,,,Y,,A,01,0,0,1,0,0,0,0,0,0,"- ","- ",,,KERN,DELANO,-119.02345508000001,35.339128850000002
6514559,2014,2016-04-09,9426,2014-06-18,1745,15472,,3,2,9,1500,0,1,1,,2,504,"RT 5","KERN RIVER UTILITY RD",1584.00,S,N,A,-,Y,KER,6,5,-,-,42.670,H,-,N,Y,4,0,1,2,A,-,07,21658,A,N,C,C,A,A,H,-,A,A,1,,,,Y,Y,,A,01,0,0,1,0,0,0,0,0,0,"- ","- ",35.307340000000003,-119.26943,KERN,UNINCORPORATED,-119.27082892999999,35.308504579999997
6515201,2014,2014-07-17,1502,2014-04-22,1702,P53,,2,5,6,1502,0,0,0,,0,,"CAMP ST","FAIRVIEW RD",136.00,S,N,A,-,N,,,,,,,,,,N,3,0,1,2,A,-,09,21804,A,N,D,G,A,A,H,-,A,D,0,,Y,,,Y,,L,04,0,1,0,0,0,0,1,0,0,"- ","- ",,,KERN,BAKERSFIELD,-119.01854424,35.302746839999998
6515266,2014,2014-07-24,1502,2014-04-21,1608,1028,,1,5,6,1502,0,0,0,,0,,"GAGE ST","PACIFIC ST",0.00,,Y,A,-,N,,,,,,,,,,N,4,0,1,2,A,-,09,21800,A,N,A,C,A,A,H,-,A,D,0,,,,,Y,,-,"- ",0,0,1,0,0,0,0,0,0,"- ","- ",,,KERN,BAKERSFIELD,-118.98412001,35.382650069999997
6515270,2014,2014-07-18,1502,2014-04-30,1613,P63,,3,5,6,1502,0,0,0,,0,,"KROLL WY","GOSFORD RD",8.00,W,N,A,-,N,,,,,,,,,,N,4,0,1,2,A,-,05,21650,1,N,D,G,A,A,H,-,A,A,0,,Y,,,Y,,L,04,0,0,1,0,0,0,1,0,0,"- ","- ",,,KERN,BAKERSFIELD,-119.09235676,35.34974115
6515274,2014,2014-07-18,1502,2014-04-16,1515,965,,3,5,6,1502,0,0,0,,0,,"MING AV","THE MARKETPLACE",0.00,,Y,A,-,N,,,,,,,,,,Y,4,0,1,2,A,-,12,21453,A,N,D,C,A,A,H,-,A,A,0,,,,,Y,,A,01,0,0,1,0,0,0,0,0,0,"- ","- ",,,KERN,BAKERSFIELD,-119.10383821000001,35.339864740000003
6515278,2014,2014-07-18,1502,2014-04-14,1341,1028,,1,5,6,1502,0,0,0,,0,,"E TRUXTUN AV","MILLER ST",0.00,,Y,A,-,N,,,,,,,,,,Y,2,0,1,2,A,-,12,22450,A,F,D,C,A,A,H,-,A,A,0,,,Y,,Y,,A,08,1,0,0,0,0,0,0,0,1,"- ","- ",,,KERN,BAKERSFIELD,-118.98410009,35.373240010000004
6515284,2014,2014-08-06,1502,2014-05-07,1607,976,,3,5,6,1502,0,0,0,,0,,"FLOWER ST","PALM DR",0.00,,Y,A,-,N,,,,,,,,,,Y,4,0,1,2,A,-,05,21650,1,N,D,G,A,A,H,-,A,A,0,,Y,,,Y,,L,04,0,0,1,0,0,0,1,0,0,"- ","- ",,,KERN,BAKERSFIELD,-118.96943002,35.381410090000003
6515288,2014,2014-08-06,1502,2014-05-01,1510,1149,,4,5,6,1502,0,0,0,,0,,"HAGEMAN RD","RIVERLAKES DR",0.00,,Y,A,-,N,,,,,,,,,,Y,4,0,2,2,A,-,12,21453,A,N,D,C,A,A,H,-,A,A,0,,,,,Y,,A,01,0,0,2,0,0,0,0,0,0,"- ","- ",,,KERN,BAKERSFIELD,-119.09733002,35.400470040000002
6515292,2014,2014-08-06,1502,2014-05-05,1258,936,EAST,1,5,6,1502,0,0,0,,0,,"OAK ST","24TH ST",428.00,S,N,A,-,Y,,,,,,,,,,Y,4,0,4,2,A,-,03,22350,,N,C,C,A,A,H,-,A,A,0,,,,,Y,,A,01,0,0,4,0,0,0,0,0,0,"- ","- ",,,KERN,BAKERSFIELD,-119.03858,35.379985619999999
6515324,2014,2014-08-05,1501,2014-05-11,1202,910,50,7,5,3,1501,0,0,0,,0,050,"BEAR MOUNTAIN BL","COMANCHE DR",48.00,W,N,A,-,N,,,,,,,,,,N,4,0,2,2,A,-,12,21453,A,N,D,C,A,A,H,-,A,A,0,,,,,Y,,-,"- ",0,0,2,0,0,0,0,0,0,"- ","- ",,,KERN,ARVIN,-118.84236574000001,35.209036439999998
6515343,2014,2014-08-07,1502,2014-05-02,0719,1100,,5,5,6,1502,0,0,0,,0,,"HIGHLAND OAKS DR","OAK TREE AV",0.00,,Y,A,-,N,,,,,,,,,,N,3,0,1,2,A,-,09,21801,A,N,D,G,A,A,H,-,A,D,0,,Y,,,Y,,A,07,0,1,0,0,0,0,1,0,0,"- ","- ",,,KERN,BAKERSFIELD,-118.92891007999999,35.400660090000002
6515347,2014,2014-08-09,1502,2014-05-02,2142,P63,,5,5,6,1502,0,0,0,,0,,"MOHAWK ST","WESTSIDE PARKWY",0.00,,Y,A,-,N,,,,,,,,,,Y,4,0,1,1,A,-,01,23152,A,N,E,I,A,A,H,-,C,A,0,,,,,Y,Y,A,01,0,0,1,0,0,0,0,0,0,"- ",EO,,,KERN,BAKERSFIELD,-119.06599005,35.371720089999997
6515351,2014,2015-09-11,1502,2014-05-03,0656,P59,,6,5,6,1502,0,0,0,,0,,"BERKSHIRE RD","SOUTH UNION AV",0.00,,Y,A,-,N,,,,,,,,,,Y,4,0,2,2,A,-,12,21457,A,N,D,C,A,A,H,-,A,A,0,,,,,Y,,A,07,0,0,2,0,0,0,0,0,0,"- ","- ",,,KERN,BAKERSFIELD,-119.00314003,35.288630079999997
6515355,2014,2014-08-07,1502,2014-05-02,1552,P63,,5,5,6,1502,0,0,0,,0,,"21ST ST","BAKER ST",0.00,,Y,A,-,N,,,,,,,,,,Y,4,0,1,2,A,-,09,21802,A,N,D,C,A,A,H,-,A,A,0,,,,,Y,,A,01,0,0,1,0,0,0,0,0,0,"- ","- ",,,KERN,BAKERSFIELD,-118.99325012,35.375840060000002
6515359,2014,2014-08-06,1502,2014-05-01,0945,P24,,4,5,6,1502,0,0,0,,0,,"COLUMBUS ST","SAN DIMAS ST",23.00,E,N,A,-,N,,,,,,,,,,Y,3,0,3,2,A,-,03,22350,,N,C,C,A,A,H,-,A,A,0,,,,,Y,,A,01,0,2,1,0,0,0,0,0,0,"- ","- ",,,KERN,BAKERSFIELD,-119.00795345,35.39774817
6515563,2014,2014-08-05,1502,2014-05-29,1512,P63,,4,5,6,1502,0,0,0,,0,,"NEW STINE RD","MING AV",170.00,N,N,A,-,N,,,,,,,,,,Y,4,0,1,2,A,-,09,21802,A,N,B,C,A,A,H,-,A,D,0,,,,,Y,,A,07,0,0,1,0,0,0,0,0,0,"- ","- ",,,KERN,BAKERSFIELD,-119.0610992,35.338686000000003
6515567,2014,2014-08-05,1502,2014-05-29,1300,P63,,4,5,6,1502,0,0,0,,0,,"UNION AV","BRUNDAGE LN",78.00,N,N,A,-,N,,,,,,,,,,Y,4,0,1,2,A,-,03,22350,,N,C,C,A,A,H,-,A,D,0,,,,,Y,,A,01,0,0,1,0,0,0,0,0,0,"- ","- ",,,KERN,BAKERSFIELD,-119.0031,35.354064020000003
6515571,2014,2014-08-12,1502,2014-05-14,1037,993,,3,5,6,1502,0,0,0,,0,,"MING AV","BARRINGTON ST",0.00,,Y,A,-,N,,,,,,,,,,Y,3,0,2,2,A,-,09,21802,A,N,D,C,A,A,H,-,A,A,0,,,,,Y,,A,01,0,1,1,0,0,0,0,0,0,"- ","- ",,,KERN,BAKERSFIELD,-119.07690004,35.33473008
6515575,2014,2014-08-05,1502,2014-05-30,1133,P63,,5,5,6,1502,0,0,0,,0,,"NILES ST","UNION AV",897.00,W,N,A,-,N,,,,,,,,,,Y,4,0,1,1,A,-,03,22350,,N,E,I,A,A,H,-,A,D,0,,,,,Y,,A,01,0,0,1,0,0,0,0,0,0,"- ","- ",,,KERN,BAKERSFIELD,-119.00279999999999,35.383980000000001
6515579,2014,2014-08-12,1502,2014-05-28,1720,1149,,3,5,6,1502,0,0,0,,0,,"CALLOWAY DR","MARBY GRANGE WY",986.00,N,N,A,-,N,,,,,,,,,,Y,4,0,3,2,A,-,09,21801,A,N,D,C,A,A,H,-,A,D,0,,,,,Y,,A,01,0,0,3,0,0,0,0,0,0,"- ","- ",,,KERN,BAKERSFIELD,-119.11237842,35.366995709999998
6515845,2014,2014-08-14,1502,2014-06-02,1143,P24,,1,5,6,1502,0,0,0,,0,,"MING AV","OLD RIVER RD",0.00,,Y,A,-,N,,,,,,,,,,Y,3,0,5,4,A,-,12,21453,A,N,C,C,A,A,H,-,A,A,0,,,,,Y,,A,08,0,2,3,0,0,0,0,0,0,"- ","- ",,,KERN,BAKERSFIELD,-119.11441009000001,35.339700030000003
6515849,2014,2014-08-08,1502,2014-06-01,0655,P59,,7,5,6,1502,0,0,0,,0,,"GOSFORD RD","WESTWOLD DR",13.00,N,N,A,-,N,,,,,,,,,,N,3,0,1,2,A,-,10,21950,A,N,G,B,B,A,H,-,A,A,0,Y,,,,Y,,A,07,0,1,0,0,1,0,0,0,0,"- ","- ",,,KERN,BAKERSFIELD,-119.09226026,35.330225669999997
6515853,2014,2014-08-08,1502,2014-06-01,0150,1083,,7,5,6,1502,0,0,0,,0,,"UNION AV","4TH ST",0.00,,Y,A,-,N,,,,,,,,,,Y,3,0,1,2,A,-,12,21453,A,M,D,C,A,A,H,-,C,A,0,,,,,Y,,A,01,0,1,0,0,0,0,0,0,0,"- ","- ",,,KERN,BAKERSFIELD,-119.00306988,35.360750060000001
6516311,2014,2016-04-09,9426,2014-06-14,0755,016953,,6,1,9,1500,0,1,3,,1,461,"RT 46","GUN CLUB RD",27.00,E,N,A,-,Y,KER,6,46,-,-,41.020,I,5,E,Y,3,0,1,1,A,-,08,22107,,N,E,I,A,A,D,-,A,D,0,,,,Y,Y,,F,26,0,1,0,0,0,0,0,0,0,"- ","- ",35.601309999999998,-119.50841,KERN,UNINCORPORATED,-119.50913043,35.601019639999997
6516324,2014,2014-08-06,1502,2014-06-05,2127,1108,,4,5,6,1502,0,0,0,,0,,"WHITE LN","EDITH LN",19.00,W,N,A,-,N,,,,,,,,,,Y,3,0,1,2,A,-,08,22107,,N,E,E,A,A,H,-,C,D,0,,,,,Y,,A,01,0,1,0,0,0,0,0,0,0,"- ","- ",,,KERN,BAKERSFIELD,-119.00904361000001,35.317740000000001
6516384,2014,2015-04-15,9426,2014-06-12,1245,016804,,4,1,9,1500,0,1,1,,2,502,"RT 5","7TH STANDARD RD",100.00,S,N,A,-,Y,KER,6,5,-,-,56.620,H,-,N,Y,4,0,1,2,A,-,03,22350,,N,C,C,A,A,H,-,A,D,1,,,,,Y,,A,07,0,0,1,0,0,0,0,0,0,"- ","- ",35.441890000000001,-119.45608,KERN,UNINCORPORATED,-119.4562468,35.442090039999997
6516388,2014,2015-04-24,9426,2014-06-15,1738,015576,,7,2,9,1500,0,1,3,,1,460,"RT 46","BROWN MATERIAL RD",13200.00,W,N,E,F,Y,KER,6,46,-,-,24.980,H,-,E,Y,3,0,1,3,A,-,03,22350,,N,C,C,E,A,H,-,A,D,0,Y,,,,Y,,A,07,0,1,0,0,1,0,0,0,0,"- ","- ",35.61542,-119.81473,KERN,UNINCORPORATED,-119.78901532,35.615550849999998
6516392,2014,2014-08-06,9830,2014-06-07,0220,012724,,6,3,9,1500,0,3,5,,2,003,"MOJAVE TROPICO RD","SWEETZER RD",0.00,S,N,A,-,N,,,,,,,,,,Y,3,0,2,1,A,-,08,22107,,M,F,A,A,A,H,-,D,D,0,,,,,Y,,A,07,0,2,0,0,0,0,0,0,0,"- ","- ",34.885190000000001,-118.22489,KERN,UNINCORPORATED,-118.22078001,34.892730020000002
6516395,2014,2014-08-07,1502,2014-06-07,1045,P59,,6,5,6,1502,0,0,0,,0,,"OLD RIVER RD","RIDGE OAK DR",0.00,,Y,A,-,N,,,,,,,,,,Y,4,0,2,2,A,-,12,21453,A,N,D,C,A,A,H,-,A,A,0,,,,,Y,,-,"- ",0,0,2,0,0,0,0,0,0,"- ","- ",,,KERN,BAKERSFIELD,-119.11088012,35.329640050000002
6516396,2014,2014-08-06,9830,2014-06-06,2345,012724,,5,3,9,1500,0,3,5,,2,003,"BACKUS RD","TEHACHAPI WILLOW SPRINGS RD",3696.00,E,N,A,-,N,,,,,,,,,,Y,3,0,2,1,A,-,08,22107,,N,E,I,A,A,H,-,-,D,0,,,,,Y,,A,01,0,1,1,0,0,0,0,0,0,"- ","- ",34.948320000000002,-118.27797,KERN,UNINCORPORATED,-118.27985644,34.948194860000001
6516399,2014,2014-08-06,1502,2014-06-08,2314,1048,,7,5,6,1502,0,0,0,,0,,"WHITE LN","HUGHES LN",0.00,,Y,A,-,N,,,,,,,,,,Y,4,0,1,1,A,-,08,22107,,N,E,I,A,A,H,-,C,A,0,,,,,Y,,A,01,0,0,1,0,0,0,0,0,0,"- ","- ",,,KERN,BAKERSFIELD,-119.03009001,35.317730109999999
6517025,2014,2016-05-12,9426,2014-06-14,0630,017321,,6,1,9,1500,0,1,1,,2,504,"RT 5","RT 58",3696.00,S,N,A,-,Y,KER,6,5,-,-,51.410,H,-,S,Y,3,0,1,1,A,-,08,22107,,N,F,A,A,A,H,-,A,-,1,,,,,Y,,A,01,0,1,0,0,0,0,0,0,0,"- ","- ",35.390650000000001,-119.38609,KERN,UNINCORPORATED,-119.38775384,35.391703249999999
6517044,2014,2014-08-11,9426,2014-06-08,0220,18610,,7,3,9,1500,0,3,5,,2,081,"GARDNER FIELD RD","BASIC SCHOOL RD",40.00,W,N,A,-,N,,,,,,,,,,Y,3,0,2,1,A,-,03,22350,,N,E,I,A,A,H,-,D,A,0,,,,,Y,,A,01,0,2,0,0,0,0,0,0,0,"- ","- ",35.101320000000001,-119.31394,KERN,UNINCORPORATED,-119.31431114999999,35.101160159999999
6517238,2014,2014-08-08,9420,2014-06-07,1948,16691,,6,2,9,1500,0,3,5,,2,040,"ROUND MOUNTAIN RD","CHINA GRADE LOOP",6.00,W,N,A,-,N,,,,,,,,,,Y,2,0,3,1,A,-,01,23152,A,N,E,I,A,A,H,-,A,D,0,,,,,Y,Y,A,01,1,2,0,0,0,0,0,0,0,"- ","- ",35.427399999999999,-118.96778,KERN,UNINCORPORATED,-118.96774000000001,35.427779999999998
6517242,2014,2014-08-08,9420,2014-06-05,1425,19184,,4,2,9,1500,0,3,5,,2,050,"MCCRAY ST","W DAY AV",0.00,,Y,A,-,N,,,,,,,,,,N,3,0,2,3,A,-,10,21950,A,N,G,B,B,A,H,-,A,D,0,Y,,,,Y,,A,01,0,2,0,0,2,0,0,0,0,"- ","- ",35.435070000000003,-119.03001999999999,KERN,UNINCORPORATED,-119.0301501,35.435200020000003
6517246,2014,2015-02-13,9420,2014-06-06,1030,18486,,5,1,9,1500,0,1,3,,2,588,"RT 58","BEALVILLE RD",2112.00,E,N,A,-,Y,KER,6,58,-,-,77.460,H,-,E,Y,3,0,2,2,A,-,03,22350,,N,C,C,A,A,H,-,A,D,1,,,Y,,Y,,-,99,0,2,0,0,0,0,0,0,1,"- ","- ",35.262860000000003,-118.62503,KERN,UNINCORPORATED,-118.62651821,35.263383019999999
6517249,2014,2015-01-26,9420,2014-06-14,1117,19184,,6,1,6,1502,0,1,3,,2,093,"RT 99","CALIFORNIA AV",450.00,S,N,A,-,Y,KER,6,99,-,-,24.510,H,-,S,Y,4,0,2,2,A,-,03,22350,,N,C,C,A,A,H,-,A,D,1,,,,,Y,,A,01,0,0,2,0,0,0,0,0,0,"- ","- ",35.367800000000003,-119.04185,KERN,BAKERSFIELD,-119.04133625999999,35.366933439999997
6517250,2014,2014-08-08,9420,2014-06-02,0250,17870,,1,3,9,1500,0,2,4,,1,051,"NORTH CHESTER AV","BEARDSLEY AV",150.00,S,N,A,-,N,,,,,,,,,,Y,2,0,1,1,A,-,01,23152,A,N,F,A,A,A,H,-,C,D,0,,,Y,,Y,,C,02,1,0,0,0,0,0,0,0,1,"- ","- ",,,KERN,UNINCORPORATED,-119.02092687,35.404548320000004
6517253,2014,2015-03-20,9420,2014-06-16,1723,19686,,1,2,9,1500,0,1,3,,2,091,"RT 99","KIMBERLINA RD",2640.00,N,N,A,-,Y,KER,6,99,-,-,41.610,H,-,S,Y,4,0,5,1,A,-,08,22107,,N,E,I,A,A,H,-,A,D,1,,,,,Y,,A,01,0,0,5,0,0,0,0,0,0,"- ","- ",35.565820000000002,-119.19995,KERN,UNINCORPORATED,-119.19984779000001,35.564881679999999
6517254,2014,2015-02-26,9420,2014-06-07,2225,19895,,6,3,9,1500,0,3,5,,2,510,"GARCES HWY","CASEY AV",56.00,E,N,A,-,N,,,,,,,,,,N,3,0,1,2,A,-,11,21954,A,N,G,B,E,A,H,-,D,D,0,Y,,,,Y,Y,N,60,0,1,0,0,1,0,0,0,0,"- ","- ",35.761380000000003,-119.29385000000001,KERN,UNINCORPORATED,-119.29396144,35.761340220000001
6517257,2014,2014-08-08,9420,2014-06-05,0755,14811,,4,1,9,1500,0,3,5,,2,672,"EDISON RD","SANDRINI RD",3553.00,S,N,A,-,N,,,,,,,,,,Y,4,0,1,1,A,-,08,22107,,N,E,I,A,A,H,-,A,D,0,,,,,Y,,M,46,0,0,1,0,0,0,0,0,0,"- ","- ",35.109540000000003,-119.87775000000001,KERN,UNINCORPORATED,-118.87778824999999,35.112001759999998
6517258,2014,2014-08-08,9420,2014-06-06,1630,19829,,5,2,9,1500,0,3,5,,2,672,"BENA RD","NEUMARKEL ST",22704.00,E,N,A,-,N,,,,,,,,,,Y,3,0,1,1,A,-,08,22107,,N,E,J,A,A,H,-,A,D,0,,,,,Y,,A,07,0,1,0,0,0,0,0,0,0,"- ","- ",35.330350000000003,-118.76165,KERN,UNINCORPORATED,-118.78964000000001,35.328139999999998
6517261,2014,2015-01-26,9420,2014-06-06,2355,18117,,5,3,9,1500,0,1,3,,2,094,"RT 99","PLANZ RD",300.00,S,N,A,-,Y,KER,6,99,-,-,21.540,H,-,N,Y,3,0,1,1,A,-,01,23152,E,N,E,I,A,A,H,-,D,D,1,,,,,Y,,A,07,0,1,0,0,0,0,0,0,0,"- ","- ",,,KERN,UNINCORPORATED,-119.03778527999999,35.324153889999998
6517262,2014,2014-08-08,9420,2014-06-01,1918,17576,,7,2,9,1500,0,3,5,,2,060,"ALLEN RD","SANTA FE WY",0.00,,Y,A,-,N,,,,,,,,,,Y,4,0,1,2,A,-,12,21453,A,N,D,C,A,A,H,-,A,A,0,,,,,Y,,A,01,0,0,1,0,0,0,0,0,0,"- ","- ",,,KERN,UNINCORPORATED,-119.14592012999999,35.396570060000002
6517265,2014,2014-08-08,9420,2014-06-15,1035,18068,9420,7,1,9,1500,0,3,5,,2,672,"PANAMA LN","COTTONWOOD RD",4224.00,E,N,A,-,N,,,,,,,,,,Y,3,0,1,1,A,-,01,23152,A,N,E,I,A,A,H,-,A,D,0,,,,,Y,Y,A,01,0,1,0,0,0,0,0,0,0,"- ","- ",35.295999999999999,-118.9714,KERN,UNINCORPORATED,-118.9712232,35.29597364
6517266,2014,2015-04-24,9420,2014-06-13,1200,19184,,5,1,9,1500,0,1,3,,2,584,"RT 58","S H ST",200.00,E,N,A,-,Y,KER,6,58,-,R,53.430,H,-,E,Y,4,0,2,2,A,-,03,22350,,N,C,C,A,A,H,-,A,D,1,,,,,Y,,A,07,0,0,2,0,0,0,0,0,0,"- ","- ",35.35239,-119.02034,KERN,UNINCORPORATED,-119.02052422,35.352428449999998