CASE_ID,ACCIDENT_YEAR,PROC_DATE,JURIS,COLLISION_DATE,COLLISION_TIME,OFFICER_ID,REPORTING_DISTRICT,DAY_OF_WEEK,CHP_SHIFT,POPULATION,CNTY_CITY_LOC,SPECIAL_COND,BEAT_TYPE,CHP_BEAT_TYPE,CITY_DIVISION_LAPD,CHP_BEAT_CLASS,BEAT_NUMBER,PRIMARY_RD,SECONDARY_RD,DISTANCE,DIRECTION,INTERSECTION,WEATHER_1,WEATHER_2,STATE_HWY_IND,CALTRANS_COUNTY,CALTRANS_DISTRICT,STATE_ROUTE,ROUTE_SUFFIX,POSTMILE_PREFIX,POSTMILE,LOCATION_TYPE,RAMP_INTERSECTION,SIDE_OF_HWY,TOW_AWAY,COLLISION_SEVERITY,NUMBER_KILLED,NUMBER_INJURED,PARTY_COUNT,PRIMARY_COLL_FACTOR,PCF_CODE_OF_VIOL,PCF_VIOL_CATEGORY,PCF_VIOLATION,PCF_VIOL_SUBSECTION,HIT_AND_RUN,TYPE_OF_COLLISION,MVIW,PED_ACTION,ROAD_SURFACE,ROAD_COND_1,ROAD_COND_2,LIGHTING,CONTROL_DEVICE,CHP_ROAD_TYPE,PEDESTRIAN_ACCIDENT,BICYCLE_ACCIDENT,MOTORCYCLE_ACCIDENT,TRUCK_ACCIDENT,NOT_PRIVATE_PROPERTY,ALCOHOL_INVOLVED,STWD_VEHTYPE_AT_FAULT,CHP_VEHTYPE_AT_FAULT,COUNT_SEVERE_INJ,COUNT_VISIBLE_INJ,COUNT_COMPLAINT_PAIN,COUNT_PED_KILLED,COUNT_PED_INJURED,COUNT_BICYCLIST_KILLED,COUNT_BICYCLIST_INJURED,COUNT_MC_KILLED,COUNT_MC_INJURED,PRIMARY_RAMP,SECONDARY_RAMP,LATITUDE,LONGITUDE,COUNTY,CITY,POINT_X,POINT_Y
6666245,2014,2014-12-15,9420,2014-10-10,0640,16947,,5,1,6,1502,0,1,3,,2,204,"RT 204","AIRPORT DR",200.00,E,N,A,-,Y,,,204,,,,,,,Y,4,0,1,3,A,-,03,22350,,N,C,C,A,A,H,-,B,D,0,,,,,Y,,A,01,0,0,1,0,0,0,0,0,0,"- ","- ",35.402369999999998,-119.04118,KERN,BAKERSFIELD,-119.04132577999999,35.402056999999999
6666249,2014,2014-12-15,9420,2014-10-09,1025,15259,,4,1,9,1500,0,3,5,,2,671,"TEJON HWY","RUSSELL AV",813.00,S,N,A,-,N,,,,,,,,,,N,4,0,1,1,A,-,08,22107,,N,H,A,A,A,H,-,A,D,0,,,,,Y,,A,01,0,0,1,0,0,0,0,0,0,"- ","- ",35.228540000000002,-118.8244,KERN,UNINCORPORATED,-118.82443856,35.228699579999997
6666253,2014,2014-12-15,9420,2014-10-11,0640,18030,,6,1,9,1500,0,3,5,,2,510,"KIMBERLINA RD","MAGNOLIA AV",0.00,,Y,A,-,N,,,,,,,,,,Y,3,0,2,2,A,-,12,22450,A,N,D,C,A,A,H,-,A,A,0,,,,,Y,,A,01,0,1,1,0,0,0,0,0,0,"- ","- ",35.557899999999997,-119.36790999999999,KERN,UNINCORPORATED,-119.36735988,35.557950030000001
6666257,2014,2014-12-15,9420,2014-10-12,0420,19459,,7,3,9,1500,0,1,3,,1,462,"RT 46","SCOFIELD RD",1900.00,W,N,A,-,Y,,,,,,,,,,Y,3,0,1,1,A,-,01,23152,A,N,F,A,A,A,H,-,D,D,0,,,,,Y,Y,A,07,0,1,0,0,0,0,0,0,0,"- ","- ",35.364429999999999,-119.24281999999999,KERN,UNINCORPORATED,-119.40888513,35.60148152
6666261,2014,2015-01-26,9420,2014-10-05,1338,19461,,7,1,9,1500,0,1,3,,2,091,"RT 99","ELMO HWY",4224.00,N,N,A,-,Y,,,99,,,,,,,Y,3,0,5,1,A,-,03,22350,,N,E,I,A,A,H,-,A,D,0,,,,,Y,,A,08,0,1,4,0,0,0,0,0,0,"- ","- ",35.700780000000002,-119.23267,KERN,UNINCORPORATED,-119.23258241000001,35.700800409999999
6666262,2014,2014-12-16,9426,2014-10-14,2200,17321,,2,3,9,1500,0,1,1,,2,502,"RT 5","LERDO HWY",8448.00,S,N,F,-,Y,,,5,,,,,,,Y,3,0,1,1,A,-,01,23152,A,N,F,A,A,A,H,-,C,D,0,,,,,Y,Y,A,07,0,1,0,0,0,0,0,0,0,"- ","- ",35.483609999999999,-119.5149,KERN,UNINCORPORATED,-119.51459899,35.484025019999997
6666273,2014,2016-03-21,9420,2014-10-09,0645,15261,,4,1,9,1500,0,3,5,,2,520,"POND RD","BROWNING RD",150.00,W,N,A,-,N,,,,,,,,,,N,4,0,2,3,A,-,03,22350,,N,C,C,A,A,H,-,A,D,0,,,,,Y,,A,07,0,0,2,0,0,0,0,0,0,"- ","- ",35.717910000000003,-119.22386,KERN,UNINCORPORATED,-119.22362474000001,35.717956319999999
6666277,2014,2014-12-15,9420,2014-10-09,1840,19185,,4,2,9,1500,0,3,5,,2,030,"CALIENTE CREEK RD","CALIENTE BODFISH RD",26400.00,E,N,A,-,N,,,,,,,,,,N,3,0,1,1,A,-,08,22107,,N,E,J,A,A,H,-,B,A,0,,,,,Y,,A,01,0,1,0,0,0,0,0,0,0,"- ","- ",35.31447,-118.50913,KERN,UNINCORPORATED,-118.58374000000001,35.304810000000003
6666281,2014,2014-12-15,9420,2014-10-09,1755,16691,,4,2,9,1500,0,3,5,,2,040,"ALFRED HARRELL HWY","GOODMANVILLE RD",237.00,E,N,A,-,N,,,,,,,,,,Y,2,0,3,1,A,-,01,23152,A,N,E,I,A,A,H,-,A,D,0,,,,,Y,Y,A,08,2,1,0,0,0,0,0,0,0,"- ","- ",35.437139999999999,-118.93261,KERN,UNINCORPORATED,-118.93276,35.436039999999998
6666289,2014,2014-12-15,9420,2014-10-04,0155,20163,,6,3,6,1502,0,1,3,,2,095,"RT 99","MING AV",2640.00,S,N,A,-,Y,,,99,,,,,,,N,2,0,1,2,A,-,01,23152,A,N,E,I,A,A,H,-,D,D,0,,,,,Y,Y,A,01,1,0,0,0,0,0,0,0,0,"- ","- ",35.33305,-119.03967,KERN,BAKERSFIELD,-119.03975606,35.33305
6666302,2014,2014-12-15,9420,2014-10-03,2235,19459,,5,3,9,1500,0,3,5,,2,672,"REXLAND DR","UNION AV",150.00,E,N,A,-,N,,,,,,,,,,Y,3,0,1,2,A,-,03,22350,,N,D,C,A,A,H,-,D,D,0,,,,,Y,Y,A,01,0,1,0,0,0,0,0,0,0,"- ","- ",35.308610000000002,-119.00229,KERN,UNINCORPORATED,-119.00262791,35.308607299999998
6666331,2014,2014-12-17,9830,2014-10-09,2120,020806,,4,2,9,1500,0,1,3,,1,021,"RT 58","BUSINESS ROUTE 58 EAST",14256.00,E,N,A,-,Y,,,,,,,,,,Y,3,0,3,1,A,-,08,22107,,N,F,A,A,A,H,-,D,D,0,,,,,Y,,A,07,0,2,1,0,0,0,0,0,0,"- ","- ",,,KERN,UNINCORPORATED,,
6666339,2014,2014-12-17,9830,2014-10-09,0725,016971,,4,1,9,1500,0,3,5,,2,003,"30TH ST W","ORANGE ST",0.00,,Y,A,-,N,,,,,,,,,,Y,4,0,1,2,A,-,09,21800,A,N,D,C,A,A,H,-,A,D,0,,,,,Y,,A,07,0,0,1,0,0,0,0,0,0,"- ","- ",34.8568,-118.18479000000001,KERN,UNINCORPORATED,-118.18488003,34.856710020000001
6667242,2014,2014-12-16,9420,2014-10-09,2248,018135,,4,3,9,1500,0,1,3,,2,092,"RT 99","SILLECT AV",177.00,N,N,A,-,Y,,,99,,,,,,,Y,4,0,1,1,A,-,01,23152,A,N,E,I,A,A,H,-,D,D,0,,,,,Y,Y,D,22,0,0,1,0,0,0,0,0,0,"- ","- ",35.386749999999999,-119.04409,KERN,UNINCORPORATED,-119.04445398999999,35.386745230000002
6667246,2014,2014-12-16,9420,2014-10-04,2241,019311,,6,3,6,1502,0,3,5,,2,070,"CAMINO PRIMAVERA","HILLBURN RD",30.00,S,N,A,-,N,,,,,,,,,,N,3,0,1,2,A,-,01,23152,A,F,G,B,D,A,H,-,C,D,0,Y,,,,Y,Y,D,22,0,1,0,0,1,0,0,0,0,"- ","- ",35.225499999999997,-118.57241,KERN,BAKERSFIELD,-118.95673537,35.381906549999997
6667250,2014,2014-12-19,9420,2014-10-05,2250,015466,,7,3,9,1500,0,1,3,,2,178,"RT 178","PAULS PL",2112.00,E,N,A,-,Y,,,178,,,,,,,N,3,0,1,1,A,-,01,23152,A,N,E,I,A,A,H,-,D,D,0,,,,,Y,Y,D,22,0,1,0,0,0,0,0,0,0,"- ","- ",35.660469999999997,-118.31180999999999,KERN,UNINCORPORATED,-118.31183342999999,35.660510559999999
6667254,2014,2016-03-29,9420,2014-10-04,2242,019311,,6,3,6,1502,0,3,5,,2,070,"CAMINO PRIMAVERA","COLLEGE AV",186.00,S,N,A,-,N,,,,,,,,,,Y,3,0,1,2,A,-,01,23152,A,N,C,E,A,A,H,-,D,D,0,,,,,Y,Y,D,22,0,1,0,0,0,0,0,0,0,"- ","- ",35.225790000000003,-118.57195,KERN,BAKERSFIELD,-118.95545815,35.382741850000002
6667419,2014,2014-12-17,9426,2014-10-15,1305,017245,,3,1,9,1500,0,1,3,,1,118,"RT 119","VALLEY WEST RD",425.00,E,N,B,-,Y,,,119,,,,,,,Y,3,0,1,2,A,-,08,22107,,N,B,C,A,A,H,-,A,D,0,,,,,Y,,A,08,0,1,0,0,0,0,0,0,0,"- ","- ",35.210760000000001,-119.40338,KERN,UNINCORPORATED,-119.40339533,35.210782850000001
6667866,2014,2014-12-18,1507,2014-10-10,0620,217,100,5,5,3,1507,0,0,0,,0,,"SEVENTH STANDARD RD","VERDUGO LN",528.00,W,N,A,-,N,,,,,,,,,,Y,4,0,1,4,A,-,03,22350,,N,C,C,A,A,H,-,A,A,0,,,,,Y,,A,01,0,0,1,0,0,0,0,0,0,"- ","- ",,,KERN,SHAFTER,-119.12037049,35.441624130000001
6668047,2014,2014-12-04,1505,2014-08-17,0918,M112,2,7,5,2,1505,0,0,0,,0,,"W SHERWOOD AV","2ND ST",0.00,,Y,A,-,N,,,,,,,,,,Y,4,0,1,3,A,-,12,22450,,N,E,I,A,A,H,-,A,A,0,,,Y,,Y,,C,02,0,0,1,0,0,0,0,0,1,"- ","- ",,,KERN,MCFARLAND,-119.22919994,35.674410109999997
6668503,2014,2014-11-04,1502,2014-09-30,1016,1008,,2,5,6,1502,0,0,0,,0,,"S H ST","PLANZ RD",0.00,,Y,A,-,N,,,,,,,,,,N,3,0,2,2,A,-,17,21461,A,N,D,C,A,A,H,-,A,A,0,,,,,Y,,D,22,0,1,1,0,0,0,0,0,0,"- ","- ",,,KERN,BAKERSFIELD,-119.02135001000001,35.32490009
6668505,2014,2016-02-08,1502,2014-09-24,1327,1149,,3,5,6,1502,0,0,0,,0,,"BELLE TER","SOUTH UNION AV",0.00,,Y,A,-,N,,,,,,,,,,Y,4,0,2,2,A,-,12,21453,A,M,D,C,A,A,H,-,A,A,0,,,,,Y,,D,22,0,0,2,0,0,0,0,0,0,"- ","- ",,,KERN,BAKERSFIELD,-119.00310002000001,35.346700060000003
6670156,2014,2015-06-11,9420,2014-10-07,1515,019461,,2,2,9,1500,0,3,5,,2,530,"MERLE HAGGARD DR","SPECTRUM PARK WY",0.00,,Y,A,-,N,,,,,,,,,,Y,3,0,1,2,A,-,09,21801,A,N,D,C,A,A,H,-,A,D,0,,,Y,,Y,,A,01,0,1,0,0,0,0,0,0,1,"- ","- ",35.441279999999999,-119.07658000000001,KERN,UNINCORPORATED,-119.07656995000001,35.441300060000003
6670329,2014,2014-12-18,9420,2014-10-15,1645,17253,,3,2,9,1500,0,2,4,,1,051,"NORTH CHESTER AV","MINNER AV",0.00,,Y,A,-,N,,,,,,,,,,Y,4,0,1,2,A,-,09,21801,A,N,D,C,A,A,H,-,A,D,0,,,,,Y,,A,01,0,0,1,0,0,0,0,0,0,"- ","- ",35.426810000000003,-119.04183,KERN,UNINCORPORATED,-119.02124999999999,35.418910089999997
6670333,2014,2014-12-18,9420,2014-10-12,1802,15466,,7,2,9,1500,0,3,5,,2,320,"BODFISH CANYON RD","LAKE ISABELLA BL",4752.00,E,N,A,-,N,,,,,,,,,,Y,3,0,1,1,A,-,08,22107,,N,E,I,A,A,H,-,A,D,0,,,,,Y,Y,A,01,0,1,0,0,0,0,0,0,0,"- ","- ",35.589419999999997,-118.47937,KERN,UNINCORPORATED,-118.47949963000001,35.589387209999998
6670373,2014,2014-12-18,9420,2014-10-12,0945,18631,,7,1,9,1500,0,3,5,,2,672,"CALIENTE BODFISH RD","BEALVILLE RD",21120.00,W,N,A,-,N,,,,,,,,,,N,3,0,1,1,A,-,03,22350,,N,E,I,A,A,A,-,A,D,0,,Y,,,Y,,L,04,0,1,0,0,0,0,1,0,0,"- ","- ",,,KERN,UNINCORPORATED,-118.5852319,35.314840019999998
6670377,2014,2014-12-18,9420,2014-10-08,1830,14923,,3,2,9,1500,0,3,5,,2,050,"BEARDSLEY AV","PLYMOUTH AV",125.00,E,N,A,-,N,,,,,,,,,,N,3,0,1,2,A,-,05,21460,A,N,B,C,A,A,H,-,C,D,0,,,Y,,Y,,C,03,0,1,0,0,0,0,0,0,1,"- ","- ",35.40493,-119.02498,KERN,UNINCORPORATED,-119.02497107000001,35.404959050000002
6670381,2014,2014-12-18,9420,2014-10-13,0745,18631,,1,1,9,1500,0,1,3,,2,585,"RT 58","UNION AV",245.00,W,N,A,-,Y,,,,,,,,,,Y,4,0,2,3,A,-,03,22350,,N,C,C,A,A,D,H,A,D,0,,,,,Y,,A,01,0,0,2,0,0,0,0,0,0,"- ","- ",35.352649999999997,-119.01170999999999,KERN,UNINCORPORATED,,
6670385,2014,2014-12-18,9420,2014-10-15,1330,19185,,3,1,9,1500,0,2,4,,1,072,"NILES ST","WEST DR",24.00,E,N,B,-,N,,,,,,,,,,Y,4,0,1,2,A,-,07,21658,A,N,B,C,A,A,H,-,A,A,0,,,,,Y,,A,07,0,0,1,0,0,0,0,0,0,"- ","- ",34.378019999999999,-118.97383000000001,KERN,UNINCORPORATED,-118.9739628,35.377931590000003
6670389,2014,2014-12-18,9420,2014-10-07,1719,18643,,2,2,9,1500,0,1,3,,2,585,"RT 58","COTTONWOOD RD",10.00,W,N,A,-,Y,,,58,,,,,,,Y,4,0,1,3,A,-,03,22350,,N,C,C,A,A,D,-,A,D,0,,,,,Y,,A,07,0,0,1,0,0,0,0,0,0,"- ","- ",35.352550000000001,-118.98549,KERN,UNINCORPORATED,-118.98548997,35.352562769999999
6670393,2014,2014-12-18,9420,2014-10-15,1200,16926,,3,1,9,1500,0,3,5,,2,070,"KENTUCKY ST","DESCANSO ST",0.00,,Y,A,-,N,,,,,,,,,,N,4,0,1,2,A,-,09,21800,A,N,D,C,A,A,H,-,A,D,0,,,,,Y,,A,07,0,0,1,0,0,0,0,0,0,"- ","- ",35.2239,-118.57249,KERN,UNINCORPORATED,-118.95414009,35.373150019999997
6670397,2014,2014-12-18,9420,2014-10-12,1448,19686,,7,2,9,1500,0,1,3,,2,223,"RT 223","RT 99",100.00,E,N,A,-,Y,,,223,,,,,,,N,4,0,3,2,A,-,03,22350,,N,C,C,A,A,H,-,A,D,0,,,,,Y,,A,07,0,0,3,0,0,0,0,0,0,"- ","- ",35.208599999999997,-119.00884000000001,KERN,UNINCORPORATED,-119.00883767000001,35.20855332
6670883,2014,2014-12-11,9426,2014-10-15,1230,016828,,3,1,9,1500,0,1,1,,2,502,"RT 5","STOCKDALE HWY",10560.00,N,N,A,-,Y,,,5,,,,,,,Y,4,0,1,1,A,-,08,22107,,N,F,A,A,A,H,-,A,D,0,,,,,Y,,D,22,0,0,1,0,0,0,0,0,0,"- ","- ",35.379899999999999,-119.37146,KERN,UNINCORPORATED,-119.37142357,35.37995059
6670884,2014,2014-12-12,1502,2014-10-05,1636,P63,,7,5,6,1502,0,0,0,,0,,"FAMBROUGH DR","MERRIMAC AV",0.00,,Y,A,-,N,,,,,,,,,,N,3,0,1,2,A,-,10,21950,A,N,G,B,B,A,H,-,A,D,0,Y,,,,Y,,D,22,0,1,0,0,1,0,0,0,0,"- ","- ",,,KERN,BAKERSFIELD,-119.01454004,35.321290050000002
6670888,2014,2014-11-10,1502,2014-09-23,1455,754,,2,5,6,1502,0,0,0,,0,,"COTTONWOOD RD","CASA LOMA DR",135.00,S,N,A,-,N,,,,,,,,,,Y,4,0,2,2,A,-,03,22350,,M,C,C,A,A,H,-,A,A,0,,,,,Y,,D,22,0,0,2,0,0,0,0,0,0,"- ","- ",,,KERN,BAKERSFIELD,-118.98546928,35.339099580000003
6670903,2014,2014-12-11,1502,2014-10-14,1015,P24,,2,5,6,1502,0,0,0,,0,,"H ST","RT 58",0.00,,Y,A,-,Y,,,,,,,,,,Y,3,0,2,3,A,-,12,21453,A,N,D,C,A,A,H,-,A,A,0,,,,,Y,,D,22,0,1,1,0,0,0,0,0,0,"- ",EF,,,KERN,BAKERSFIELD,,
6670907,2014,2014-12-12,1502,2014-10-13,1013,P75,,1,5,6,1502,0,0,0,,0,,"4TH ST","CHESTER AV",32.00,E,N,A,-,N,,,,,,,,,,N,3,0,1,2,A,-,11,21954,A,N,G,B,D,A,H,-,A,A,0,Y,,,,Y,,N,60,0,1,0,0,1,0,0,0,0,"- ","- ",,,KERN,BAKERSFIELD,-119.01880282,35.360799149999998
6670911,2014,2016-03-21,1502,2014-10-13,1633,1247,,1,5,6,1502,0,0,0,,0,,"RT 58","GARNSEY LN",0.00,,Y,A,-,N,,,,,,,,,,N,4,0,1,2,A,-,05,21650,1,N,D,G,A,A,H,-,A,A,0,,Y,,,Y,,L,04,0,0,1,0,0,0,1,0,0,"- ","- ",,,KERN,BAKERSFIELD,,
6670934,2014,2014-12-11,9426,2014-10-16,0620,017245,,4,1,9,1500,0,1,3,,2,581,"RT 58","RT 33",0.00,,Y,A,-,Y,,,58,,,,,,,Y,3,0,1,2,A,-,09,21802,A,N,D,C,A,A,H,-,B,A,0,,,,,Y,,D,22,0,1,0,0,0,0,0,0,0,"- ","- ",35.309130000000003,-119.62219,KERN,UNINCORPORATED,-119.62215582,35.309051269999998
6670935,2014,2014-12-11,9426,2014-10-16,1150,016828,,4,1,9,1500,0,1,3,,1,118,"RT 119","RT 43",1056.00,E,N,A,-,Y,,,119,,,,,,,Y,3,0,1,1,A,-,08,22107,,N,F,A,A,A,H,-,A,D,0,,,,,Y,,D,22,0,1,0,0,0,0,0,0,0,"- ","- ",35.267400000000002,-119.24836999999999,KERN,UNINCORPORATED,-119.24837085999999,35.267341020000003
6671497,2014,2014-11-13,1502,2014-09-20,2317,1120,,6,5,6,1502,0,0,0,,0,,"MONTEREY ST","KING ST",0.00,,Y,A,-,N,,,,,,,,,,Y,3,0,1,2,A,-,01,23152,A,N,D,C,A,A,H,-,C,A,0,,,,,Y,Y,A,01,0,1,0,0,0,0,0,0,0,"- ","- ",,,KERN,BAKERSFIELD,-118.98987012000001,35.380600059999999
6671525,2014,2014-12-16,1502,2014-10-05,2000,1028,,7,5,6,1502,0,0,0,,0,,"WIBLE RD","ALUM AV",291.00,S,N,A,-,N,,,,,,,,,,Y,4,0,1,1,A,-,01,23152,A,N,E,I,A,A,H,-,C,D,0,,,,,Y,Y,A,01,0,0,1,0,0,0,0,0,0,"- ","- ",,,KERN,BAKERSFIELD,-119.03905837000001,35.318701590000003
6671603,2014,2014-12-29,9420,2014-10-06,1235,16767,,1,1,9,1500,0,1,3,,2,090,"RT 99","WHISLER RD",476.00,S,N,A,-,Y,,,99,,,,,,,Y,3,0,1,2,A,-,08,22107,,N,D,E,A,A,H,-,A,D,0,,,,Y,Y,,A,01,0,1,0,0,0,0,0,0,0,"- ","- ",35.644019999999998,-119.21956,KERN,UNINCORPORATED,-119.21962077000001,35.643998000000003
6671607,2014,2014-12-19,9420,2014-10-13,1550,19895,,1,2,6,1502,1,4,S,,2,901,"TERRACE WY","SOUTH N ST",500.00,E,N,A,-,N,,,,,,,,,,N,3,0,1,1,C,-,18,,,N,H,A,A,A,H,-,A,D,0,,,,,Y,,-,"- ",0,1,0,0,0,0,0,0,0,"- ","- ",,,KERN,BAKERSFIELD,-119.0123955,35.350340000000003
6671611,2014,2014-12-29,9420,2014-10-13,1948,17253,,1,2,9,1500,0,2,4,,1,064,"OLIVE DR","URNER ST",0.00,,Y,A,-,N,,,,,,,,,,Y,3,0,3,3,A,-,09,21801,A,N,A,C,A,A,H,-,C,D,0,,,,,Y,,D,22,0,2,1,0,0,0,0,0,0,"- ","- ",35.412619999999997,-119.08685,KERN,UNINCORPORATED,-119.08688001,35.41238001
6671631,2014,2014-12-11,9420,2014-10-17,1510,19895,,5,2,6,1502,0,1,3,,2,584,"RT 58","UNION AV",600.00,W,N,A,-,Y,,,,,,,,,,N,4,0,1,4,A,-,03,22350,,M,C,C,A,A,H,-,A,D,0,,,,,Y,,A,08,0,0,1,0,0,0,0,0,0,"- ","- ",35.353450000000002,-118.9205,KERN,BAKERSFIELD,,
6671663,2014,2014-12-29,9420,2014-10-18,1955,19461,,6,2,9,1500,0,3,5,,2,520,"FAMOSO PORTERVILLE HWY","WHISLER RD",150.00,W,N,A,-,N,,,,,,,,,,Y,4,0,1,1,A,-,03,22350,,N,F,A,A,A,H,-,D,D,0,,,,Y,Y,,G,25,0,0,1,0,0,0,0,0,0,"- ","- ",35.645519999999998,-119.19653,KERN,UNINCORPORATED,-119.20102093,35.645220420000001
6671666,2014,2015-01-02,9420,2014-10-17,1510,016969,,5,2,9,1500,0,1,3,,2,223,"RT 223","WIBLE RD",0.00,,Y,A,-,Y,,,223,,,,,,,Y,3,0,4,2,A,-,05,21752,D,N,B,C,A,A,H,-,A,D,0,,,,Y,Y,,A,01,0,2,2,0,0,0,0,0,0,"- ","- ",35.208759999999998,-119.03903,KERN,UNINCORPORATED,-119.03903034,35.20871751
6671667,2014,2015-06-16,9420,2014-10-15,1055,016926,,3,1,9,1500,0,3,5,,2,070,"CENTER ST","TAUCHEN ST",528.00,E,N,A,-,N,,,,,,,,,,Y,4,0,1,2,A,-,08,22107,,M,D,C,A,A,H,-,A,D,0,,,,,Y,,D,22,0,0,1,0,0,0,0,0,0,"- ","- ",35.223309999999998,-118.57932,KERN,UNINCORPORATED,-118.96537130999999,35.372182989999999
6671672,2014,2014-12-29,9420,2014-10-12,1455,15119,,7,2,9,1500,0,2,4,,1,072,"NILES ST","MOUNT VERNON AV",0.00,,Y,A,-,N,,,,,,,,,,Y,3,0,6,2,A,-,12,21453,A,N,D,C,A,A,H,-,A,A,0,,,,,Y,,D,22,0,2,4,0,0,0,0,0,0,"- ","- ",35.376289999999997,-118.96764,KERN,UNINCORPORATED,-118.96758011999999,35.376410049999997
6671675,2014,2016-03-22,9420,2014-10-14,1734,019442,,2,2,9,1500,0,1,3,,1,184,"RT 184","FULLER RD",150.00,S,N,A,-,Y,,,184,,,,,,,Y,4,0,1,2,A,-,03,22350,,M,C,C,A,A,H,-,A,D,0,,,,,Y,,D,22,0,0,1,0,0,0,0,0,0,"- ","- ",35.299779999999998,-118.91425,KERN,UNINCORPORATED,-118.91433968,35.299780140000003
6671680,2014,2014-12-29,9420,2014-10-14,1340,19513,,2,1,9,1500,0,1,3,,2,178,"RT 178","DEMOCRAT RD",10560.00,W,N,A,-,Y,,,178,,,,,,,Y,3,0,1,1,A,-,08,22107,,N,E,I,A,A,H,-,A,D,0,,,,,Y,,D,22,0,1,0,0,0,0,0,0,0,"- ","- ",35.513280000000002,-118.6871,KERN,UNINCORPORATED,-118.68725118,35.51379824
6672135,2014,2016-02-08,1509,2014-09-27,2020,942,T,6,5,3,1509,0,0,0,,0,2501,"SUTTER ST","S CURRY ST",6.00,E,N,A,-,N,,,,,,,,,,Y,3,0,1,1,A,-,03,22350,,N,A,I,A,A,H,-,C,D,0,,,,,Y,,A,01,0,1,0,0,0,0,0,0,0,"- ","- ",,,KERN,TEHACHAPI,-118.45002998,35.113249760000002
6672280,2014,2014-12-31,1507,2014-10-17,2210,259,15,5,5,3,1507,0,0,0,,0,,"WIEDMANN AV","GUNTHER AV",155.00,W,N,A,-,N,,,,,,,,,,Y,4,0,1,2,A,-,01,23153,A,N,D,C,A,A,H,-,C,D,0,,,,,Y,Y,D,72,0,0,1,0,0,0,0,0,0,"- ","- ",,,KERN,SHAFTER,-119.2886001,35.498667609999998
6672405,2014,2014-12-17,1507,2014-10-10,1810,251,16,5,5,3,1507,0,0,0,,0,,"S SHAFTER AV","W ORANGE AV",71.00,S,N,A,-,N,,,,,,,,,,N,4,0,1,2,A,-,11,21954,A,N,G,B,D,A,H,-,A,D,0,Y,,,,Y,,N,60,0,0,1,0,1,0,0,0,0,"- ","- ",,,KERN,SHAFTER,-119.27837212,35.496925150000003
6674094,2014,2014-12-19,9430,2014-10-11,1640,18235,,6,2,9,1500,0,2,4,,1,024,"MIL POTRERO HWY","PINE CYN DR",0.00,,Y,A,-,N,,,,,,,,,,Y,2,0,1,2,A,-,03,22350,,N,D,C,A,A,H,-,A,D,0,,,Y,,Y,,C,02,1,0,0,0,0,0,0,0,1,"- ","- ",,,KERN,UNINCORPORATED,-119.16667993,34.85097004
6674409,2014,2014-12-17,1501,2014-10-18,1916,933,16,6,5,3,1501,0,0,0,,0,001,"SOUTH A ST","RT 223",150.00,S,N,A,-,Y,,,,,,,,,,Y,4,0,2,3,A,-,08,22107,,F,B,B,E,A,H,-,C,A,0,Y,,,,Y,,-,,0,0,2,0,1,0,0,0,0,"- ","- ",,,KERN,ARVIN,-118.82871115,35.208688530000003
6674450,2014,2014-12-16,1501,2014-10-09,1510,902,12,4,5,3,1501,0,0,0,,0,001,"GRAPEVINE DR","CAMPUS DR",0.00,,Y,A,-,N,,,,,,,,,,N,4,0,1,2,A,-,10,21950,A,F,G,B,B,A,H,-,A,A,0,Y,,,,Y,,A,01,0,0,1,0,1,0,0,0,0,"- ","- ",,,KERN,ARVIN,-118.83328003,35.212690080000002
6674828,2014,2015-01-09,1500,2014-10-01,0925,201081,WA02,3,5,3,1510,0,0,0,,0,4401,"POSO DR","BROADWAY RD",75.00,W,N,A,-,N,,,,,,,,,,N,3,0,2,2,A,-,17,21702,,N,C,C,A,A,G,-,A,D,0,,,,,Y,,-,,0,1,1,0,0,0,0,0,0,"- ","- ",,,KERN,WASCO,-119.33847196000001,35.587017039999999
6674836,2014,2014-11-07,1500,2014-09-26,0700,202027,WA02,5,5,3,1510,0,0,0,,0,4401,"IRON BARK CT","SAGUARO CT",0.00,,Y,A,-,N,,,,,,,,,,N,4,0,1,2,C,-,18,,,N,G,B,D,A,H,-,A,-,0,Y,,,,Y,,-,"- ",0,0,1,0,1,0,0,0,0,"- ","- ",,,KERN,WASCO,-119.34744996000001,35.604670079999998
6674840,2014,2016-05-10,1500,2014-09-09,1603,201111,WA02,2,5,3,1510,0,0,0,,0,4401,"BECKES ST","RT 46",114.00,S,N,A,-,Y,KER,6,46,-,-,49.770,I,6,E,N,4,0,1,2,-,-,"- ",,,N,C,A,A,A,H,-,A,A,0,,,,,Y,,-,"- ",0,0,1,0,0,0,0,0,0,"- ","- ",,,KERN,WASCO,-119.3537257,35.601550920000001
6675215,2014,2015-05-28,1508,2014-09-10,1705,39,3B,3,5,2,1508,0,0,0,,0,03B,"10TH ST","MAIN ST",0.00,,Y,A,-,N,,,,,,,,,,Y,4,0,2,2,A,-,09,21802,A,N,D,C,A,A,H,-,A,D,0,,,,Y,Y,,A,01,0,0,2,0,0,0,0,0,0,"- ","- ",,,KERN,TAFT,-119.46510996000001,35.141960070000003
6675223,2014,2016-05-09,1508,2014-09-18,1230,84,3B,4,5,2,1508,0,0,0,,0,,"4TH ST","RT 33",58.00,N,N,A,-,Y,KER,6,33,-,-,18.630,I,6,S,N,3,0,1,2,A,-,03,22350,,N,C,C,A,A,H,-,A,D,0,,,,,Y,,A,01,0,1,0,0,0,0,0,0,0,"- ","- ",,,KERN,TAFT,-119.45673567999999,35.142235049999996
6675292,2014,2016-03-21,1502,2014-10-15,1346,1067,,3,5,6,1502,0,0,0,,0,,"RT 58","COFFEE RD",0.00,,Y,A,-,N,,,,,,,,,,Y,3,0,2,4,A,-,12,21453,A,N,D,C,A,A,H,-,A,A,0,,,,,Y,,D,22,0,1,1,0,0,0,0,0,0,"- ","- ",,,KERN,BAKERSFIELD,-119.09228683000001,35.383319309999997
6675296,2014,2015-01-02,1502,2014-10-24,0800,000,,5,5,6,1502,0,0,0,,0,,"WHITE LN","LILY DR",0.00,,Y,A,-,N,,,,,,,,,,Y,4,0,1,2,A,-,12,21453,A,N,B,C,A,A,H,-,A,A,0,,,Y,,Y,,I,11,0,0,1,0,0,0,0,0,1,"- ","- ",,,KERN,BAKERSFIELD,-119.08347009000001,35.318290009999998