CASE_ID,ACCIDENT_YEAR,PROC_DATE,JURIS,COLLISION_DATE,COLLISION_TIME,OFFICER_ID,REPORTING_DISTRICT,DAY_OF_WEEK,CHP_SHIFT,POPULATION,CNTY_CITY_LOC,SPECIAL_COND,BEAT_TYPE,CHP_BEAT_TYPE,CITY_DIVISION_LAPD,CHP_BEAT_CLASS,BEAT_NUMBER,PRIMARY_RD,SECONDARY_RD,DISTANCE,DIRECTION,INTERSECTION,WEATHER_1,WEATHER_2,STATE_HWY_IND,CALTRANS_COUNTY,CALTRANS_DISTRICT,STATE_ROUTE,ROUTE_SUFFIX,POSTMILE_PREFIX,POSTMILE,LOCATION_TYPE,RAMP_INTERSECTION,SIDE_OF_HWY,TOW_AWAY,COLLISION_SEVERITY,NUMBER_KILLED,NUMBER_INJURED,PARTY_COUNT,PRIMARY_COLL_FACTOR,PCF_CODE_OF_VIOL,PCF_VIOL_CATEGORY,PCF_VIOLATION,PCF_VIOL_SUBSECTION,HIT_AND_RUN,TYPE_OF_COLLISION,MVIW,PED_ACTION,ROAD_SURFACE,ROAD_COND_1,ROAD_COND_2,LIGHTING,CONTROL_DEVICE,CHP_ROAD_TYPE,PEDESTRIAN_ACCIDENT,BICYCLE_ACCIDENT,MOTORCYCLE_ACCIDENT,TRUCK_ACCIDENT,NOT_PRIVATE_PROPERTY,ALCOHOL_INVOLVED,STWD_VEHTYPE_AT_FAULT,CHP_VEHTYPE_AT_FAULT,COUNT_SEVERE_INJ,COUNT_VISIBLE_INJ,COUNT_COMPLAINT_PAIN,COUNT_PED_KILLED,COUNT_PED_INJURED,COUNT_BICYCLIST_KILLED,COUNT_BICYCLIST_INJURED,COUNT_MC_KILLED,COUNT_MC_INJURED,PRIMARY_RAMP,SECONDARY_RAMP,LATITUDE,LONGITUDE,COUNTY,CITY,POINT_X,POINT_Y
6680847,2014,2014-12-16,1502,2014-10-11,1859,1083,,6,5,6,1502,0,0,0,,0,,"STINE RD","WHITE LN",354.00,N,N,A,-,N,,,,,,,,,,Y,2,0,1,2,A,-,11,21956,,N,G,B,E,A,H,-,C,A,0,Y,,,,Y,Y,N,60,1,0,0,0,1,0,0,0,0,"- ","- ",,,KERN,BAKERSFIELD,-119.05668061,35.319044910000002
6680848,2014,2014-12-16,1502,2014-10-10,2337,1083,,5,5,6,1502,0,0,0,,0,,"PANAMA LN","STINE RD",0.00,,Y,A,-,N,,,,,,,,,,Y,3,0,2,2,A,-,01,23152,A,N,D,C,A,A,H,-,C,A,0,,,,,Y,Y,A,01,0,1,1,0,0,0,0,0,0,"- ","- ",,,KERN,BAKERSFIELD,-119.05669014,35.295900029999999
6681416,2014,2014-12-12,9430,2014-10-16,0930,018397,,4,1,9,1500,0,3,5,,2,002,"SCOTT RUSSELL TRL","CUDDY VALLEY RD",6336.00,N,N,A,-,N,,,,,,,,,,Y,2,0,1,1,A,-,03,38305,,N,F,A,A,A,H,-,A,D,0,,,,,Y,,A,07,1,0,0,0,0,0,0,0,0,"- ","- ",34.839080000000003,-119.01603,KERN,UNINCORPORATED,-119.01525199,34.837813990000001
6681428,2014,2014-12-12,9430,2014-10-17,0155,018481,,5,3,9,1500,0,2,4,,1,024,"MIL POTRERO HWY","CUDDY VALLEY RD",7920.00,W,N,A,-,N,,,,,,,,,,Y,3,0,1,1,A,-,03,22350,,N,E,I,A,A,H,-,D,D,0,,,,,Y,,A,01,0,1,0,0,0,0,0,0,0,"- ","- ",34.845379999999999,-119.0842,KERN,UNINCORPORATED,-119.10165379999999,34.849372510000002
6681936,2014,2014-12-26,1502,2014-10-08,1849,1137,,3,5,6,1502,0,0,0,,0,,"GOSFORD RD","MCCUTCHEN RD",0.00,,Y,A,-,N,,,,,,,,,,N,2,0,3,2,A,-,09,21802,A,N,D,C,A,A,H,-,D,A,0,,,,,Y,,A,01,1,0,2,0,0,0,0,0,0,"- ","- ",,,KERN,BAKERSFIELD,-119.09216005,35.281610049999998
6681940,2014,2014-12-26,1502,2014-10-18,1147,P52,,6,5,6,1502,0,0,0,,0,,"MING AV","SOUTH REAL RD",293.00,W,N,A,-,N,,,,,,,,,,Y,4,0,1,3,A,-,01,23152,A,N,C,C,A,A,H,-,A,A,0,,,,,Y,Y,D,22,0,0,1,0,0,0,0,0,0,"- ","- ",,,KERN,BAKERSFIELD,-119.04436115999999,35.339597019999999
6681944,2014,2014-12-26,1502,2014-10-17,1552,1032,WEST,5,5,6,1502,0,0,0,,0,,"COFFEE RD","TRUXTUN AV",256.00,S,N,A,-,N,,,,,,,,,,Y,4,0,1,2,A,-,09,21801,A,N,D,C,A,A,H,-,A,D,0,,,,,Y,,A,07,0,0,1,0,0,0,0,0,0,"- ","- ",,,KERN,BAKERSFIELD,-119.09213359,35.361188919999996
6681948,2014,2014-12-26,1502,2014-10-16,2038,1048,,4,5,6,1502,0,0,0,,0,,"HOSKING AV","STINE RD",107.00,E,N,A,-,N,,,,,,,,,,N,3,0,1,3,A,-,08,22107,,F,G,B,F,A,H,-,D,D,0,Y,,,,Y,,D,22,0,1,0,0,1,0,0,0,0,"- ","- ",,,KERN,BAKERSFIELD,-119.05632194,35.281389009999998
6681952,2014,2014-12-26,1502,2014-10-01,1335,1149,,3,5,6,1502,0,0,0,,0,,"DR MARTIN LUTHER KING BL","TEXAS ST",134.00,N,N,A,-,N,,,,,,,,,,Y,4,0,1,2,A,-,08,22100,B,N,D,C,A,A,H,-,A,D,0,,,,,Y,,A,01,0,0,1,0,0,0,0,0,0,"- ","- ",,,KERN,BAKERSFIELD,-118.98525596,35.357947660000001
6681956,2014,2014-12-26,1502,2014-10-20,1604,984,,1,5,6,1502,0,0,0,,0,,"E BRUNDAGE LN","WASHINGTON ST",0.00,,Y,A,-,N,,,,,,,,,,Y,3,0,4,2,A,-,12,21453,A,F,D,C,A,A,H,-,A,A,0,,,,,Y,,D,22,0,1,3,0,0,0,0,0,0,"- ","- ",,,KERN,BAKERSFIELD,-118.97638013,35.354020060000003
6682341,2014,2014-12-12,1502,2014-09-16,0435,1038,,2,5,6,1502,0,0,0,,0,001,"COFFEE RD","OLIVE DR",0.00,,Y,A,-,N,,,,,,,,,,Y,4,0,1,2,A,-,12,21453,A,N,D,C,A,A,H,-,C,A,0,,,,,Y,,-,"- ",0,0,1,0,0,0,0,0,0,"- ","- ",,,KERN,BAKERSFIELD,-119.0923401,35.412510050000002
6682514,2014,2014-12-23,1502,2014-10-15,0430,P24,,3,5,6,1502,0,0,0,,0,,"ALFRED HARRELL HWY","TUSCANY HILLS DR",198.00,S,N,A,-,N,,,,,,,,,,N,3,0,1,1,A,-,08,22107,,N,F,A,A,A,H,-,D,B,0,,,,,Y,,A,01,0,1,0,0,0,0,0,0,0,"- ","- ",,,KERN,BAKERSFIELD,-118.85886983,35.416417209999999
6682522,2014,2014-12-23,1502,2014-10-08,1714,1149,,3,5,6,1502,0,0,0,,0,,"PANAMA LN","SOUTH UNION AV",32.00,E,N,A,-,N,,,,,,,,,,Y,4,0,3,2,A,-,09,21804,A,N,D,A,A,A,H,-,A,D,0,,,,,Y,,A,01,0,0,3,0,0,0,0,0,0,"- ","- ",,,KERN,BAKERSFIELD,-119.00315000000001,35.29589
6682526,2014,2014-12-23,1502,2014-10-12,0851,P52,,7,5,6,1502,0,0,0,,0,,"MING AV","GOSFORD RD",0.00,E,N,A,-,N,,,,,,,,,,N,4,0,1,1,A,-,08,22107,,N,E,I,A,A,H,-,A,A,0,,,Y,,Y,,C,02,0,0,1,0,0,0,0,0,1,"- ","- ",,,KERN,BAKERSFIELD,-119.0923301,35.33983001
6682530,2014,2014-12-23,1502,2014-10-16,2043,1108,,4,5,6,1502,0,0,0,,0,,"CALIFORNIA AV","CHESTER AV",0.00,,Y,A,-,N,,,,,,,,,,Y,4,0,1,2,A,-,01,23152,A,N,D,C,A,A,H,-,C,A,0,,,,,Y,Y,A,01,0,0,1,0,0,0,0,0,0,"- ","- ",,,KERN,BAKERSFIELD,-119.01893008,35.368400100000002
6682534,2014,2014-12-23,1502,2014-10-16,1706,P43,,4,5,6,1502,0,0,0,,0,,"DISTRICT BL","SHEPARD ST",70.00,E,N,A,-,N,,,,,,,,,,Y,4,0,1,2,A,-,09,21804,A,N,D,C,A,A,H,-,A,A,0,,,,,Y,,A,01,0,0,1,0,0,0,0,0,0,"- ","- ",,,KERN,BAKERSFIELD,-119.05818566000001,35.313018649999997
6682538,2014,2014-12-23,1502,2014-10-17,1359,P59,,5,5,6,1502,0,0,0,,0,,"AKERS RD","KAYTLAIN AV",130.00,S,N,A,-,N,,,,,,,,,,Y,4,0,1,2,A,-,03,22350,,N,C,C,A,A,H,-,A,D,0,,,,,Y,,A,01,0,0,1,0,0,0,0,0,0,"- ","- ",,,KERN,BAKERSFIELD,-119.04779246,35.289783329999999
6682550,2014,2014-12-23,1502,2014-10-17,1351,780,,5,5,6,1502,0,0,0,,0,,"AKERS RD","KAYTLAIN AV",140.00,S,N,A,-,N,,,,,,,,,,Y,3,0,2,2,A,-,03,22350,,N,C,C,A,A,H,-,A,D,0,,,,,Y,,A,07,0,1,1,0,0,0,0,0,0,"- ","- ",,,KERN,BAKERSFIELD,-119.04779188000001,35.289755900000003
6682554,2014,2014-12-23,1502,2014-10-04,1257,966,,6,5,6,1502,0,0,0,,0,,"COLUMBUS ST","SAN DIMAS ST",0.00,,Y,A,-,N,,,,,,,,,,Y,4,0,1,2,A,-,12,21453,A,N,D,C,A,A,H,-,A,A,0,,,,,Y,,A,01,0,0,1,0,0,0,0,0,0,"- ","- ",,,KERN,BAKERSFIELD,-119.00802002,35.397780040000001
6682558,2014,2014-12-23,1502,2014-10-20,1901,P68,,1,5,6,1502,0,0,0,,0,,"WIBLE RD","WHITE LN",10.00,S,N,A,-,N,,,,,,,,,,N,4,0,2,2,A,-,03,22350,,M,C,C,A,A,H,-,C,D,0,,,,,Y,,-,99,0,0,2,0,0,0,0,0,0,"- ","- ",,,KERN,BAKERSFIELD,-119.03908848,35.317762590000001
6682574,2014,2015-01-12,9420,2014-10-18,1455,019461,,6,2,9,1500,0,1,3,,2,431,"RT 43","7TH STANDARD RD",1056.00,N,N,A,-,Y,,,43,,,,,,,Y,3,0,2,2,A,-,09,21801,A,N,D,C,A,A,H,-,A,D,0,,,,,Y,,A,01,0,1,1,0,0,0,0,0,0,"- ","- ",35.444899999999997,-119.25239000000001,KERN,UNINCORPORATED,-119.25240438,35.444893829999998
6682578,2014,2014-12-23,9420,2014-10-22,0755,016973,,3,1,6,1502,0,1,3,,2,095,"RT 99","WHITE LN",450.00,N,N,A,-,Y,,,99,,,,,,,Y,2,0,1,2,A,-,04,21703,,N,C,C,A,A,H,-,A,D,0,,,,,Y,,D,22,1,0,0,0,0,0,0,0,0,"- ","- ",35.318919999999999,-119.0365,KERN,BAKERSFIELD,-119.03642769,35.31893882
6682663,2014,2014-12-05,9426,2014-10-24,1920,17581,,5,2,9,1500,0,1,3,,1,460,"RT 46","KECKS RD",1200.00,E,N,A,-,Y,,,46,,,,,,,Y,3,0,1,2,A,-,03,22350,,N,C,C,A,A,H,-,D,D,0,,,,Y,Y,,A,01,0,1,0,0,0,0,0,0,0,"- ","- ",35.669530000000002,-120.07853,KERN,UNINCORPORATED,-120.07865131,35.669275030000001
6682709,2014,2014-12-08,9420,2014-10-15,1620,17256,,3,2,9,1500,0,3,5,,2,520,"WHISLER RD","FAMOSO PORTERVILLE HWY",200.00,W,N,B,-,N,,,,,,,,,,Y,3,0,1,1,A,-,03,22350,,N,F,A,A,A,H,-,A,D,0,,,,Y,Y,,G,25,0,1,0,0,0,0,0,0,0,"- ","- ",35.645539999999997,-119.19611999999999,KERN,UNINCORPORATED,-119.20140332,35.64559431
6682717,2014,2014-12-05,9420,2014-10-18,0645,15259,,6,1,9,1500,0,3,5,,2,520,"WHISLER RD","RT 99",195.00,E,N,B,-,Y,,,,,,,,,,Y,2,0,1,2,A,-,03,22350,,N,H,A,A,A,H,-,B,D,0,,,,Y,Y,,G,25,1,0,0,0,0,0,0,0,0,"- ","- ",35.64564,-119.21952,KERN,UNINCORPORATED,-119.22019,35.645679999999999
6682831,2014,2014-12-08,9430,2014-10-26,0825,014967,,7,1,9,1500,0,1,1,,2,054,"RT 5","LAVAL RD",970.00,N,N,B,-,Y,,,5,,,,,,,Y,4,0,1,2,A,-,03,22350,,N,C,C,A,A,H,-,A,D,0,,,,Y,Y,,A,01,0,0,1,0,0,0,0,0,0,"- ","- ",34.987920000000003,-118.94613,KERN,UNINCORPORATED,-118.94596667,34.987974819999998
6682839,2014,2014-12-04,9430,2014-10-26,0935,016050,,7,1,9,1500,0,2,4,,1,024,"MIL POTRERO HWY","WOODLAND DR",528.00,E,N,B,C,N,,,,,,,,,,N,4,0,1,1,A,-,03,22350,,N,E,I,A,B,H,-,A,D,0,,,,,Y,,D,22,0,0,1,0,0,0,0,0,0,"- ","- ",34.85304,-119.15766000000001,KERN,UNINCORPORATED,-119.15815745,34.85308216
6682969,2014,2014-12-24,9420,2014-10-19,0400,018307,,7,3,9,1500,0,1,3,,2,096,"RT 99","SANDRINI RD",528.00,N,N,A,-,Y,,,99,,,,,,,Y,4,0,3,1,A,-,08,22107,,N,E,I,A,A,H,-,D,D,0,,,,,Y,,A,01,0,0,3,0,0,0,0,0,0,"- ","- ",35.128169999999997,-118.98942,KERN,UNINCORPORATED,-118.98999324,35.127988270000003
6682977,2014,2014-12-24,9420,2014-10-21,1355,016926,,2,1,9,1500,0,1,3,,1,583,"RT 58","GIBSON ST",528.00,W,N,A,-,Y,,,,,,,,,,Y,3,0,2,3,A,-,03,22350,,N,C,C,A,A,H,-,A,A,0,,,,,Y,,A,01,0,2,0,0,0,0,0,0,0,"- ","- ",35.229979999999998,-119.3253,KERN,UNINCORPORATED,,
6682981,2014,2014-12-24,9420,2014-10-12,1350,018068,9420,7,1,9,1500,0,3,5,,2,672,"SUNSET BL","MALAGA RD",1584.00,E,N,A,-,N,,,,,,,,,,Y,4,0,1,1,A,-,01,23152,A,N,E,I,A,A,H,-,A,D,0,,,,,Y,Y,A,01,0,0,1,0,0,0,0,0,0,"- ","- ",35.223399999999998,-118.8566,KERN,UNINCORPORATED,-118.85498401,35.22350454
6682985,2014,2014-12-24,9420,2014-10-19,1850,015119,,7,2,9,1500,0,3,5,,2,060,"VERDUGO LN","MEACHAM RD",0.00,,Y,A,-,N,,,,,,,,,,Y,4,0,2,2,A,-,12,22450,A,N,D,C,A,A,H,-,A,A,0,,,,,Y,,A,01,0,0,2,0,0,0,0,0,0,"- ","- ",35.390619999999998,-119.11870999999999,KERN,UNINCORPORATED,-119.11897005,35.390710120000001
6683002,2014,2014-12-24,9426,2014-10-18,0950,016828,,6,1,9,1500,0,3,5,,2,080,"COPUS RD","SATTAR RD",1.00,E,N,A,-,N,,,,,,,,,,Y,4,0,1,1,A,-,08,22107,,N,E,I,A,A,H,-,A,D,0,,,,,Y,,A,01,0,0,1,0,0,0,0,0,0,"- ","- ",35.094110000000001,-119.15425999999999,KERN,UNINCORPORATED,-119.15414572,35.094216729999999
6683006,2014,2014-12-23,9426,2014-10-27,1733,016921,,1,2,9,1500,0,3,5,,2,081,"GARDNER FIELD RD","SOUTH LAKE RD",2112.00,S,N,A,-,N,,,,,,,,,,Y,2,0,4,1,A,-,08,22107,,N,E,I,A,A,H,-,A,D,0,,,,,Y,,A,01,1,1,2,0,0,0,0,0,0,"- ","- ",35.117139999999999,-119.35563,KERN,UNINCORPORATED,-119.35687833,35.118513989999997
6683010,2014,2014-12-23,9426,2014-10-24,1520,017254,,5,2,9,1500,0,1,3,,2,331,"RT 33","MIDWAY RD",2112.00,N,N,A,-,Y,,,33,,,,,,,Y,2,0,1,1,A,-,08,22107,,N,F,A,A,A,H,-,A,D,0,,,,,Y,,A,01,1,0,0,0,0,0,0,0,0,"- ","- ",35.181100000000001,-119.52893,KERN,UNINCORPORATED,-119.52882359,35.181218029999997
6683363,2014,2014-12-12,9830,2014-10-25,1539,015116,,6,2,9,1500,0,1,3,,1,015,"RT 202","SANTA LUCIA ST",0.00,,Y,A,-,Y,,,202,,,,,,,Y,3,0,2,2,A,-,01,23152,A,N,D,C,A,A,H,-,A,A,0,,,,,Y,Y,A,01,0,1,1,0,0,0,0,0,0,"- ","- ",35.124200000000002,-118.49039999999999,KERN,UNINCORPORATED,-118.49039999999999,35.124283579999997
6683824,2014,2014-12-23,1503,2014-10-10,1913,10105,1503,5,5,4,1503,0,0,0,,0,ALL,"CECIL AV","BELMONT ST",0.00,,Y,A,-,N,,,,,,,,,,Y,4,0,1,2,A,-,08,22107,,N,F,C,A,A,H,-,B,D,0,,,,,Y,,D,22,0,0,1,0,0,0,0,0,0,"- ","- ",,,KERN,DELANO,-119.25777991,35.775900030000003
6683840,2014,2014-12-02,1503,2014-09-27,1825,10154,1503,6,5,4,1503,0,0,0,,0,,"BLOCK SUMMER DR","SUNRISE ST",115.00,E,N,A,-,N,,,,,,,,,,Y,4,0,1,2,A,-,09,21804,A,N,D,C,A,A,H,-,A,D,0,,,,,Y,,D,22,0,0,1,0,0,0,0,0,0,"- ","- ",,,KERN,DELANO,,
6686568,2014,2014-11-18,9420,2014-10-31,1728,016926,,5,2,6,1502,0,1,3,,2,204,"RT 99","RT 204",665.00,N,N,A,-,Y,,,,,,,,,,Y,4,0,2,3,A,-,03,22350,,N,C,C,A,A,H,-,A,D,0,,,,,Y,,A,07,0,0,2,0,0,0,0,0,0,"- ","- ",35.243290000000002,-119.28135,KERN,BAKERSFIELD,,
6686571,2014,2015-01-08,9420,2014-11-01,1000,018486,,6,1,9,1500,0,1,3,,2,585,"RT 58","COTTONWOOD RD",280.00,E,N,B,-,Y,,,,,,,,,,Y,4,0,1,1,A,-,03,22350,,N,F,A,A,B,H,-,A,D,0,,,,,Y,,D,22,0,0,1,0,0,0,0,0,0,"- ","- ",35.353650000000002,-118.98462000000001,KERN,UNINCORPORATED,,
6686580,2014,2014-11-18,9420,2014-10-29,1330,015896,,3,1,9,1500,0,1,3,,1,583,"RT 58","LANDCO RD",200.00,E,N,A,-,Y,,,58,,,,,,,N,4,0,1,4,A,-,07,21658,A,N,C,C,A,A,H,-,A,A,0,,,,,Y,,D,22,0,0,1,0,0,0,0,0,0,"- ","- ",35.383290000000002,-119.05894000000001,KERN,UNINCORPORATED,-119.05893995,35.383304539999997
6686594,2014,2015-06-06,9420,2014-10-13,1715,14850,,1,2,9,1500,0,2,4,,1,075,"SOUTH UNION AV","BARTON ST",30.00,S,N,A,-,N,,,,,,,,,,Y,4,0,1,2,A,-,09,21802,A,N,C,C,A,A,H,-,A,D,0,,,,,Y,,A,01,0,0,1,0,0,0,0,0,0,"- ","- ",35.27046,-119.00304,KERN,UNINCORPORATED,-119.00314056000001,35.270397680000002
6686603,2014,2014-11-18,9420,2014-10-29,1535,19185,,3,2,9,1500,0,2,4,,1,075,"SOUTH UNION AV","CASA LOMA DR",0.00,,Y,A,-,N,,,,,,,,,,Y,3,0,1,2,A,-,12,21453,A,N,D,C,A,A,H,-,A,A,0,,,,,Y,,D,22,0,1,0,0,0,0,0,0,0,"- ","- ",35.33952,-119.00295,KERN,UNINCORPORATED,-119.00296011,35.339490060000003
6686606,2014,2014-11-18,9420,2014-10-25,2000,019098,,6,2,9,1500,0,3,5,,2,060,"GOLDEN STATE HWY","7TH STANDARD RD",600.00,S,N,A,-,N,,,,,,,,,,Y,4,0,1,2,A,-,05,21460,A,N,B,C,A,A,H,-,C,D,0,,,,,Y,,A,01,0,0,1,0,0,0,0,0,0,"- ","- ",35.440550000000002,-119.08616000000001,KERN,UNINCORPORATED,-119.08542351,35.43999341
6686607,2014,2014-12-02,9420,2014-10-29,0740,016926,,3,1,9,1500,0,2,4,,1,064,"OLIVE DR","ROBERTS LN",0.00,,Y,A,-,N,,,,,,,,,,Y,3,0,3,2,A,-,12,21453,A,N,D,C,A,A,H,-,A,A,0,,,,Y,Y,,A,08,0,2,1,0,0,0,0,0,0,"- ","- ",35.247410000000002,-119.2919,KERN,UNINCORPORATED,-119.04860013,35.412400050000002
6686615,2014,2014-11-18,9420,2014-10-28,1650,019461,,2,2,9,1500,0,1,3,,2,585,"RT 58","UNION AV",1056.00,E,N,A,-,Y,,,,,,,,,,N,4,0,1,2,A,-,03,22350,,N,C,C,A,A,H,-,A,D,0,,,,,Y,,A,01,0,0,1,0,0,0,0,0,0,"- ","- ",35.352559999999997,-118.99574,KERN,UNINCORPORATED,,
6686618,2014,2015-01-26,9420,2014-11-03,1005,013475,,1,1,9,1500,0,3,5,,2,630,"OLD RIVER RD","MILLUX RD",2112.00,S,N,A,-,N,,,,,,,,,,Y,4,0,1,2,A,-,09,21804,A,N,D,C,A,A,H,-,A,D,0,,,,Y,Y,,F,26,0,0,1,0,0,0,0,0,0,"- ","- ",35.171430000000001,-119.11006999999999,KERN,UNINCORPORATED,-119.10996324,35.174824450000003
6686627,2014,2015-01-08,9420,2014-11-05,0845,015259,,3,1,6,1502,0,1,3,,2,585,"RT 58","SOUTH P ST",528.00,W,N,B,-,Y,,,58,,,,,,,Y,4,0,2,3,A,-,03,22350,,N,C,C,A,A,D,-,A,D,0,,,,,Y,,A,07,0,0,2,0,0,0,0,0,0,"- ","- ",35.352739999999997,-119.01385000000001,KERN,BAKERSFIELD,-119.01385037,35.352659729999999
6686634,2014,2014-11-20,9420,2014-10-23,1515,018626,,4,2,9,1500,0,3,5,,2,060,"DOWNING AV","PATTON WY",0.00,,Y,A,-,N,,,,,,,,,,Y,4,0,1,2,A,-,05,21650,,N,A,C,A,A,H,-,A,D,0,,,,,Y,,D,22,0,0,1,0,0,0,0,0,0,"- ","- ",35.390520000000002,-119.08329000000001,KERN,UNINCORPORATED,-119.08332011,35.390540059999999
6686694,2014,2015-01-08,1507,2014-11-06,1211,237,11,4,5,3,1507,0,0,0,,0,,"WEST LERDO HWY","SOUTH VALLEY ST",26.00,W,N,A,-,N,,,,,,,,,,N,4,0,1,2,A,-,03,22350,,N,C,C,A,A,H,-,A,A,0,,,,,Y,,D,72,0,0,1,0,0,0,0,0,0,"- ","- ",,,KERN,SHAFTER,-119.28283725,35.499860929999997
6686702,2014,2014-11-19,1501,2014-10-01,1731,947,13,3,5,3,1501,0,0,0,,0,001,"BEAR MOUNTAIN BL","S DERBY ST",0.00,,Y,A,-,Y,,,,,,,,,,N,3,0,2,2,A,-,09,21802,A,N,B,C,A,A,H,-,A,A,0,,,Y,,Y,,D,22,0,2,0,0,0,0,0,0,2,"- ","- ",35.21302,-118.82237000000001,KERN,ARVIN,-118.82424011000001,35.209130100000003
6687742,2014,2014-12-08,9426,2014-10-31,1755,016162,,5,2,9,1500,0,1,3,,1,460,"RT 46","POWERS ST",75.00,E,N,B,-,Y,,,,,,,,,,N,4,0,1,2,A,-,09,21801,A,N,D,C,A,A,H,-,B,D,0,,,,,Y,,D,22,0,0,1,0,0,0,0,0,0,"- ","- ",,,KERN,UNINCORPORATED,-119.66090787,35.616111789999998
6687743,2014,2014-12-05,9426,2014-10-29,2039,017581,,3,2,9,1500,0,1,3,,2,432,"RT 43","MUNZER RD",3168.00,S,N,A,-,Y,,,,,,,,,,Y,3,0,2,1,A,-,01,23152,E,N,E,I,A,A,D,H,D,D,0,,,,,Y,,D,22,0,1,1,0,0,0,0,0,0,"- ","- ",,,KERN,UNINCORPORATED,,
6688382,2015,2017-01-12,9426,2015-07-28,0840,14716,,2,1,9,1500,0,1,1,,2,500,"RT 5","TWISSELMAN RD",6811.00,N,N,A,-,Y,KER,6,5,-,-,83.640,H,-,S,Y,3,0,4,2,A,-,03,22350,,N,C,C,A,A,H,-,A,D,1,,,,Y,Y,,J,48,0,1,3,0,0,0,0,0,0,"- ","- ",35.748080000000002,-119.75172000000001,KERN,UNINCORPORATED,-119.75148546,35.747904290000001
6688612,2014,2014-11-07,9420,2014-10-27,0322,19598,,1,3,9,1500,0,2,4,,1,075,"SOUTH UNION AV","GARDEN DR",30.00,S,N,A,-,N,,,,,,,,,,N,4,0,1,2,A,-,11,21954,A,N,G,B,D,A,H,-,D,D,0,Y,,,,Y,,N,60,0,0,1,0,1,0,0,0,0,"- ","- ",35.305689999999998,-119.00342999999999,KERN,UNINCORPORATED,-119.00313,35.305807680000001
6688783,2014,2014-11-06,1502,2014-10-07,1503,P52,,2,5,6,1502,0,0,0,,0,,"RICHLAND ST","S CHESTER AV",127.00,E,N,A,-,N,,,,,,,,,,N,4,0,3,2,A,-,03,22350,,N,C,C,A,A,H,-,A,A,0,,,,,Y,,A,01,0,0,3,0,0,0,0,0,0,"- ","- ",,,KERN,BAKERSFIELD,-119.01851471000001,35.352963870000004
6689146,2014,2015-01-13,1502,2014-10-12,1246,P52,,7,5,6,1502,0,0,0,,0,,"BEALE AV","MONTEREY ST",0.00,,Y,A,-,N,,,,,,,,,,Y,4,0,1,2,A,-,12,21457,A,N,D,C,A,A,-,-,A,A,0,,,,,Y,,-,"- ",0,0,1,0,0,0,0,0,0,"- ","- ",,,KERN,BAKERSFIELD,-118.98838003,35.380250060000002
6689156,2014,2014-12-22,1502,2014-10-14,1033,1008,,2,5,6,1502,0,0,0,,0,,"WIBLE RD","PLANZ RD",347.00,S,N,A,-,N,,,,,,,,,,N,4,0,2,3,A,-,03,22350,,N,C,C,A,A,H,-,A,-,0,,,,,Y,,A,01,0,0,2,0,0,0,0,0,0,"- ","- ",,,KERN,BAKERSFIELD,-119.03899174,35.324017840000003
6689180,2014,2014-12-22,1503,2014-10-22,0915,10116,1503,3,5,4,1503,0,0,0,,0,ALL,"NORWALK ST","22ND AV",200.00,N,N,A,-,N,,,,,,,,,,Y,3,0,1,1,A,-,08,22107,,F,A,I,A,A,H,-,A,D,0,,,,,Y,,A,01,0,1,0,0,0,0,0,0,0,"- ","- ",,,KERN,DELANO,-119.24094332999999,35.787428839999997
6689184,2014,2014-12-22,9426,2014-10-29,0555,017254,,3,3,9,1500,0,3,5,,2,081,"MIDWAY RD","LINCOLN ST",1584.00,S,N,A,-,N,,,,,,,,,,N,3,0,1,1,A,-,03,22350,,N,E,J,A,A,A,-,D,D,0,,,,,Y,,A,01,0,1,0,0,0,0,0,0,0,"- ","- ",35.175910000000002,-119.46934,KERN,UNINCORPORATED,-119.46548,35.180639999999997
6689784,2014,2014-11-20,9830,2014-10-24,1522,019372,,5,2,9,1500,0,3,5,,2,005,"BROWN RD","BOWMAN RD",691.00,N,N,A,-,N,,,,,,,,,,Y,3,0,1,1,A,-,08,22107,,N,E,I,A,A,H,-,A,D,0,,,,,Y,,D,22,0,1,0,0,0,0,0,0,0,"- ","- ",35.609409999999997,-117.80085,KERN,UNINCORPORATED,-117.80080774,35.609328189999999
6689785,2014,2015-01-22,9830,2014-11-03,0605,20806,,1,1,9,1500,0,3,5,,2,001,"TEHACHAPI WILLOW SPRINGS RD","OAK CREEK RD",500.00,N,N,A,-,N,,,,,,,,,,Y,4,0,1,2,A,-,05,21460,A,N,B,C,A,A,H,-,A,D,0,,,,Y,Y,,A,01,0,0,1,0,0,0,0,0,0,"- ","- ",35.050370000000001,-118.35517,KERN,UNINCORPORATED,-118.36097829000001,35.05278758
6689809,2014,2014-11-19,1502,2014-10-25,2120,1108,,6,5,6,1502,0,0,0,,0,,"S CHESTER AV","BELLE TERRACE",47.00,N,N,A,-,N,,,,,,,,,,Y,4,0,3,2,A,-,08,22107,,N,B,C,A,A,H,-,C,D,0,,,,,Y,,D,22,0,0,3,0,0,0,0,0,0,"- ","- ",,,KERN,BAKERSFIELD,-119.01891999999999,35.34681896
6689810,2014,2014-12-03,1502,2014-10-26,0905,P63,,7,5,6,1502,0,0,0,,0,,"SNOW RD","COFFEE RD",316.00,E,N,A,-,N,,,,,,,,,,Y,2,0,1,1,A,-,08,22107,,N,E,I,A,A,H,-,A,D,0,,,,,Y,,D,22,1,0,0,0,0,0,0,0,0,"- ","- ",,,KERN,BAKERSFIELD,-119.0911806,35.426960010000002
6689812,2014,2014-12-09,1502,2014-10-27,1451,754,,1,5,6,1502,0,0,0,,0,,"UNION AV","CALIFORNIA AV",15.00,S,N,A,-,Y,,,,,,,,,,N,4,0,1,2,A,-,03,22350,,N,C,C,A,A,H,-,A,A,0,,,,,Y,,D,22,0,0,1,0,0,0,0,0,0,"- ","- ",,,KERN,BAKERSFIELD,-119.00301057,35.368318840000001
6689832,2014,2015-01-08,1502,2014-10-17,1111,1062,,5,5,6,1502,0,0,0,,0,,"WHITE LN","WILSON RD",29.00,W,N,A,-,N,,,,,,,,,,N,4,0,1,3,A,-,03,22350,,N,C,C,A,A,H,-,A,A,0,,,,,Y,,D,22,0,0,1,0,0,0,0,0,0,"- ","- ",,,KERN,BAKERSFIELD,-119.06920709000001,35.318240000000003