CASE_ID,ACCIDENT_YEAR,PROC_DATE,JURIS,COLLISION_DATE,COLLISION_TIME,OFFICER_ID,REPORTING_DISTRICT,DAY_OF_WEEK,CHP_SHIFT,POPULATION,CNTY_CITY_LOC,SPECIAL_COND,BEAT_TYPE,CHP_BEAT_TYPE,CITY_DIVISION_LAPD,CHP_BEAT_CLASS,BEAT_NUMBER,PRIMARY_RD,SECONDARY_RD,DISTANCE,DIRECTION,INTERSECTION,WEATHER_1,WEATHER_2,STATE_HWY_IND,CALTRANS_COUNTY,CALTRANS_DISTRICT,STATE_ROUTE,ROUTE_SUFFIX,POSTMILE_PREFIX,POSTMILE,LOCATION_TYPE,RAMP_INTERSECTION,SIDE_OF_HWY,TOW_AWAY,COLLISION_SEVERITY,NUMBER_KILLED,NUMBER_INJURED,PARTY_COUNT,PRIMARY_COLL_FACTOR,PCF_CODE_OF_VIOL,PCF_VIOL_CATEGORY,PCF_VIOLATION,PCF_VIOL_SUBSECTION,HIT_AND_RUN,TYPE_OF_COLLISION,MVIW,PED_ACTION,ROAD_SURFACE,ROAD_COND_1,ROAD_COND_2,LIGHTING,CONTROL_DEVICE,CHP_ROAD_TYPE,PEDESTRIAN_ACCIDENT,BICYCLE_ACCIDENT,MOTORCYCLE_ACCIDENT,TRUCK_ACCIDENT,NOT_PRIVATE_PROPERTY,ALCOHOL_INVOLVED,STWD_VEHTYPE_AT_FAULT,CHP_VEHTYPE_AT_FAULT,COUNT_SEVERE_INJ,COUNT_VISIBLE_INJ,COUNT_COMPLAINT_PAIN,COUNT_PED_KILLED,COUNT_PED_INJURED,COUNT_BICYCLIST_KILLED,COUNT_BICYCLIST_INJURED,COUNT_MC_KILLED,COUNT_MC_INJURED,PRIMARY_RAMP,SECONDARY_RAMP,LATITUDE,LONGITUDE,COUNTY,CITY,POINT_X,POINT_Y
6789596,2015,2015-02-18,1502,2015-01-09,1736,976,,5,5,6,1502,0,0,0,,0,,"MONITOR ST","PLANTATION AV",197.00,S,N,A,-,N,,,,,,,,,,N,4,0,1,2,A,-,11,21954,A,N,G,B,D,A,H,-,C,D,0,Y,,,,Y,,N,60,0,0,1,0,1,0,0,0,0,"- ","- ",,,KERN,BAKERSFIELD,-119.01187304,35.31897945
6789597,2015,2015-02-17,1502,2015-01-08,1833,1137,,4,5,6,1502,0,0,0,,0,,"LILY DR","RUSTON LN",18.00,S,N,A,-,N,,,,,,,,,,N,4,0,2,1,A,-,08,22107,,N,E,I,A,A,H,-,C,D,0,,,,,Y,,A,01,0,0,2,0,0,0,0,0,0,"- ","- ",,,KERN,BAKERSFIELD,-119.08344071,35.321130609999997
6789598,2015,2015-02-17,1502,2015-01-09,2048,976,,5,5,6,1502,0,0,0,,0,,"CALLOWAY DR","MEACHAM RD",473.00,S,N,A,-,N,,,,,,,,,,Y,2,0,2,1,A,-,01,23153,A,N,E,I,A,A,H,-,C,D,0,,,Y,,Y,Y,C,02,2,0,0,0,0,0,0,0,2,"- ","- ",,,KERN,BAKERSFIELD,-119.11006,35.389442029999998
6789626,2014,2015-02-09,1502,2014-12-28,2035,966,,7,5,6,1502,0,0,0,,0,,"STOCKDALE HWY","RIVER RUN BL",0.00,,Y,A,-,N,,,,,,,,,,Y,3,0,3,2,A,-,12,21453,A,N,D,C,A,A,H,-,C,A,0,,,,,Y,,A,01,0,2,1,0,0,0,0,0,0,"- ","- ",,,KERN,BAKERSFIELD,-119.12489007000001,35.348660099999996
6789860,2014,2015-02-12,1502,2014-12-22,1313,1064,,1,5,6,1502,0,0,0,,0,,"COFFEE RD","TRUXTUN AV",500.00,S,N,B,-,N,,,,,,,,,,Y,4,0,1,2,A,-,09,21804,A,N,D,C,A,A,H,-,A,D,0,,,,,Y,,A,08,0,0,1,0,0,0,0,0,0,"- ","- ",,,KERN,BAKERSFIELD,-119.09227137000001,35.360529470000003
6789861,2014,2015-02-12,1502,2014-12-29,1923,P79,,1,5,6,1502,0,0,0,,0,,"WHITE LN","PIN OAK BL",560.00,W,N,A,-,N,,,,,,,,,,Y,4,0,1,2,A,-,03,22350,,N,E,J,A,A,H,-,C,D,0,,,,,Y,,-,,0,0,1,0,0,0,0,0,0,"- ","- ",,,KERN,BAKERSFIELD,-119.10003930000001,35.319348429999998
6790091,2015,2015-02-20,9426,2015-01-02,2135,16828,,5,2,9,1500,0,3,5,,2,080,"3RD ST","CLOUD ST",185.00,N,N,A,-,N,,,,,,,,,,N,3,0,1,1,A,-,03,22350,,N,F,A,A,A,H,-,D,D,0,,,Y,,Y,,C,02,0,1,0,0,0,0,0,0,1,"- ","- ",35.249099999999999,-119.59406,KERN,UNINCORPORATED,-119.59422264,35.249212649999997
6790237,2015,2016-10-19,9430,2015-01-11,0700,13402,,7,1,9,1500,0,1,1,,2,052,"RT 5","LEBEC RD",1500.00,S,N,B,-,Y,KER,6,5,-,-,1.330,H,-,N,Y,3,0,2,1,A,-,03,22350,,N,E,I,A,B,H,-,B,D,1,,,,,Y,,A,01,0,1,1,0,0,0,0,0,0,"- ","- ",34.862439999999999,-118.87965,KERN,UNINCORPORATED,-118.86636763,34.832461010000003
6790655,2015,2016-09-30,9426,2015-01-14,0750,017254,,3,1,9,1500,0,3,5,,2,082,"LOKERN RD","RT 58",21648.00,W,N,E,-,N,,,,,,,,,,N,4,0,3,2,A,-,09,21804,A,N,D,C,A,A,H,-,A,D,0,,,,Y,Y,,G,25,0,0,3,0,0,0,0,0,0,"- ","- ",35.397880000000001,-119.60944000000001,KERN,UNINCORPORATED,-119.6080829,35.397777050000002
6792532,2014,2016-05-16,1506,2014-07-27,1742,3673,20,7,5,4,1506,0,0,0,,0,,"WEST LAS FLORES AV","RT 178",24.00,W,N,A,-,Y,KER,6,178,-,-,102.100,I,6,E,N,4,0,1,2,A,-,03,22350,,N,C,C,A,A,H,-,A,A,0,,,,,Y,,D,22,0,0,1,0,0,0,0,0,0,"- ","- ",,,KERN,RIDGECREST,-117.66994149999999,35.629797259999997
6792806,2014,2016-04-26,1506,2014-07-15,1519,4870,29,2,5,4,1506,0,0,0,,0,1506,"RT 178","RIDGECREST BL",0.00,,Y,A,-,Y,KER,6,99,-,-,102.616,I,5,S,N,4,0,1,2,A,-,12,21453,A,F,D,C,A,A,H,-,A,A,0,,,,,Y,,A,01,0,0,1,0,0,0,0,0,0,"- ","- ",,,KERN,RIDGECREST,-117.66995006000001,35.622480109999998
6792845,2014,2016-04-26,1506,2014-08-21,1720,3672,4,4,5,4,1506,0,0,0,,0,,"RT 178","TRIANGLE DR",814.00,W,N,A,-,Y,KER,6,178,-,-,100.580,H,-,W,Y,3,0,2,2,A,-,08,22107,,N,D,C,A,A,H,-,A,D,0,,,,,Y,,D,22,0,1,1,0,0,0,0,0,0,"- ","- ",,,KERN,RIDGECREST,-117.67043594,35.651729500000002
6793305,2014,2015-02-09,1506,2014-12-11,1254,9262,28,4,5,4,1506,0,0,0,,0,,"N BALSAM ST","W FRENCH AV",120.00,N,N,A,-,N,,,,,,,,,,Y,3,0,1,2,A,-,09,21804,A,N,C,C,A,A,H,-,A,D,0,,,Y,,Y,,A,08,0,1,0,0,0,0,0,0,1,"- ","- ",,,KERN,RIDGECREST,-117.6711652,35.62512882
6793856,2014,2015-01-28,1502,2014-11-13,1658,784,,4,5,6,1502,0,0,0,,0,,"OLIVE DR","ALDERBROOK LN",0.00,,Y,A,-,N,,,,,,,,,,Y,2,0,3,2,A,-,09,21801,A,N,D,-,A,A,H,-,C,D,0,,,,,Y,,A,01,1,1,1,0,0,0,0,0,0,"- ","- ",,,KERN,BAKERSFIELD,-119.12277011,35.41842011
6794003,2015,2015-02-23,1502,2015-01-01,1248,1137,,4,5,6,1502,0,0,0,,0,,"GOSFORD RD","KROLL WY",0.00,,Y,A,-,N,,,,,,,,,,Y,3,0,3,2,A,-,12,21453,A,N,D,C,A,A,H,-,A,A,0,,,,,Y,,A,01,0,2,1,0,0,0,0,0,0,"- ","- ",,,KERN,BAKERSFIELD,-119.09233005999999,35.349740079999997
6794004,2015,2015-03-04,1502,2015-01-02,1947,780,,5,5,6,1502,0,0,0,,0,,"H ST","21ST ST",0.00,,Y,A,-,N,,,,,,,,,,Y,4,0,1,2,A,-,12,21453,A,N,D,C,A,A,H,-,C,A,0,,,,,Y,,-,"- ",0,0,1,0,0,0,0,0,0,"- ","- ",,,KERN,BAKERSFIELD,-119.02118004,35.378140100000003
6794005,2015,2015-02-23,1502,2015-01-04,1855,P63,,7,5,6,1502,0,0,0,,0,,"PANAMA LN","WINDRIFT WY",0.00,,Y,A,-,N,,,,,,,,,,Y,3,0,3,2,A,-,01,23152,A,N,E,I,A,A,H,-,C,A,0,,,,,Y,Y,A,01,0,1,2,0,0,0,0,0,0,"- ","- ",,,KERN,BAKERSFIELD,-119.04565004,35.295930009999999
6794006,2015,2015-02-23,1502,2015-01-01,0044,1048,,4,5,6,1502,0,0,0,,0,,"WHITE LN","ESTATE ST",44.00,W,N,A,-,N,,,,,,,,,,Y,4,0,1,2,A,-,01,23152,A,N,B,C,A,A,H,-,C,D,0,,,,,Y,Y,A,01,0,0,1,0,0,0,0,0,0,"- ","- ",,,KERN,BAKERSFIELD,-119.04315731,35.317639999999997
6794007,2015,2015-02-23,1502,2015-01-01,1449,P59,,4,5,6,1502,0,0,0,,0,,"CALLOWAY DR","FLUSHING QUAIL RD",0.00,,Y,A,-,N,,,,,,,,,,N,4,0,1,2,A,-,08,22100,B,N,B,C,A,A,H,-,A,A,0,,,,,Y,,A,01,0,0,1,0,0,0,0,0,0,"- ","- ",,,KERN,BAKERSFIELD,-119.10993014,35.386090019999997
6794008,2015,2015-02-23,1502,2015-01-02,0001,1120,,5,5,6,1502,0,0,0,,0,,"BERNARD ST","UNION AV",15.00,E,N,A,-,N,,,,,,,,,,Y,3,0,1,2,A,-,01,23152,A,F,C,C,A,A,H,-,C,A,0,,,Y,,Y,Y,A,07,0,1,0,0,0,0,0,0,1,"- ","- ",,,KERN,BAKERSFIELD,-119.00274087,35.39030133
6794009,2015,2015-02-23,1502,2015-01-02,1527,1149,,5,5,6,1502,0,0,0,,0,,"RICHLAND ST","SOUTH H ST",0.00,,Y,A,-,N,,,,,,,,,,Y,3,0,2,2,A,-,12,21453,A,F,D,C,A,A,H,-,A,D,0,,,,,Y,,A,07,0,2,0,0,0,0,0,0,0,"- ","- ",,,KERN,BAKERSFIELD,-119.02121012000001,35.353000090000002
6794337,2015,2015-02-20,9426,2015-01-06,0653,014716,,2,1,9,1500,0,3,5,,2,086,"7TH STANDARD RD","JUMPER AV",262.00,E,N,A,-,N,,,,,,,,,,Y,4,0,1,2,A,-,03,22350,,N,C,C,A,A,H,-,A,D,0,,,,,Y,,A,01,0,0,1,0,0,0,0,0,0,"- ","- ",35.442270000000001,-119.42026,KERN,UNINCORPORATED,-119.42041125,35.442259730000004
6794465,2015,2016-02-17,9426,2015-01-17,0610,17254,,6,1,9,1500,0,3,5,,2,082,"MAIN DRAIN RD","LERDO HWY",6336.00,S,N,E,-,N,,,,,,,,,,Y,4,0,1,1,A,-,08,22107,,N,F,A,A,A,H,-,D,D,0,,,,,Y,,A,01,0,0,1,0,0,0,0,0,0,"- ","- ",35.484720000000003,-119.59377000000001,KERN,UNINCORPORATED,-119.59348018999999,35.484443480000003
6795062,2014,2015-02-18,1500,2014-12-25,1602,201111,WA02,4,5,3,1510,0,0,0,,0,4401,"FLOWER ST","ASPEN AV",0.00,,Y,A,-,N,,,,,,,,,,N,4,0,1,2,A,-,"- ",,,F,G,B,D,A,H,-,A,A,0,Y,,,,Y,Y,-,,0,0,1,0,1,0,0,0,0,"- ","- ",,,KERN,WASCO,-119.3505399,35.585340039999998
6795066,2014,2015-02-18,1500,2014-12-28,1416,202068,WA02,7,5,3,1510,0,0,0,,0,4401,"FILBURN ST","POPLAR AV",28.00,E,N,A,-,N,,,,,,,,,,N,4,0,1,2,A,-,04,21703,,N,C,C,A,A,H,-,A,A,0,,,,,Y,,-,,0,0,1,0,0,0,0,0,0,"- ","- ",,,KERN,WASCO,-119.34482593,35.579799489999999
6795078,2014,2016-03-21,9430,2014-12-30,1530,16750,,2,2,9,1500,0,2,4,,1,024,"MIL POTRERO HWY","CUDDY VALLEY RD",1584.00,W,N,D,-,N,,,,,,,,,,Y,4,0,1,1,A,-,03,22350,,N,E,I,A,C,C,-,A,A,0,,,,,Y,,A,07,0,0,1,0,0,0,0,0,0,"- ","- ",34.84431,-119.08495000000001,KERN,UNINCORPORATED,-119.08458856999999,34.84463143
6795424,2014,2015-02-13,1502,2014-12-01,0725,P24,,1,5,6,1502,0,0,0,,0,,"HALEY ST","HEIGHT ST",283.00,S,N,A,-,N,,,,,,,,,,Y,4,0,2,1,A,-,08,22107,,N,E,I,A,A,H,-,A,D,0,,,,,Y,,A,01,0,0,2,0,0,0,0,0,0,"- ","- ",,,KERN,BAKERSFIELD,-118.97633,35.393103500000002
6795523,2014,2015-01-30,1506,2014-10-20,1009,9905,21,1,5,4,1506,0,0,0,,0,,"E DRUMMOND AV","EAST FRENCH AV",1150.00,W,N,A,-,N,,,,,,,,,,Y,2,0,1,1,A,-,03,22350,,N,E,I,A,A,H,-,A,D,0,,,,,Y,,A,01,1,0,0,0,0,0,0,0,0,"- ","- ",,,KERN,RIDGECREST,-117.66542728,35.633378970000003
6795735,2015,2015-02-25,1501,2015-01-08,1658,914,13,4,5,3,1501,0,0,0,,0,001,"BEAR MOUNTAIN BL","SOUTH A ST",0.00,,Y,A,-,N,,,,,,,,,,N,4,0,2,3,A,-,09,21804,,N,H,C,A,A,H,-,A,A,0,,,,,Y,Y,A,01,0,0,2,0,0,0,0,0,0,"- ","- ",,,KERN,ARVIN,-118.82872005,35.209100020000001
6796130,2014,2016-01-15,1506,2014-07-11,2230,0392,37,5,5,4,1506,0,0,0,,0,,"S CHINA LAKE BL","E CHURCH AV",220.00,S,N,A,-,N,,,,,,,,,,N,3,0,1,2,A,-,11,21954,A,N,G,B,E,A,H,-,C,D,0,Y,,,,Y,,N,60,0,1,0,0,1,0,0,0,0,"- ","- ",,,KERN,RIDGECREST,-117.67002008999999,35.61827735
6796437,2015,2015-08-17,9420,2015-01-12,0745,11880,,1,1,9,1500,0,3,5,,2,060,"SNOW RD","CALLOWAY DR",0.00,,Y,A,-,N,,,,,,,,,,Y,4,0,1,2,A,-,09,21800,A,N,D,C,A,A,H,-,A,A,0,,,,,Y,,-,"- ",0,0,1,0,0,0,0,0,0,"- ","- ",35.426990000000004,-119.11002000000001,KERN,UNINCORPORATED,-119.11000009999999,35.427080070000002
6796488,2015,2015-02-24,9420,2015-01-09,0750,014923,,5,1,9,1500,0,2,4,,1,051,"NORTH CHESTER AV","ARVIN ST",50.00,N,N,A,-,N,,,,,,,,,,N,4,0,2,2,A,-,21,22106,,N,C,C,A,A,H,-,A,A,0,,,,,Y,,A,01,0,0,2,0,0,0,0,0,0,"- ","- ",35.423499999999997,-119.02139,KERN,UNINCORPORATED,-119.02128999999999,35.423337199999999
6796504,2015,2016-10-06,9420,2015-01-16,1600,017105,,5,2,9,1500,0,1,3,,1,583,"RT 58","PARKER LN",100.00,E,N,A,-,Y,KER,6,58,-,-,50.790,H,-,W,N,4,0,1,2,A,-,21,22106,,N,C,C,A,A,H,-,A,D,0,,,,,Y,,D,22,0,0,1,0,0,0,0,0,0,"- ","- ",35.383229999999998,-119.06485000000001,KERN,UNINCORPORATED,-119.06252196,35.383315830000001
6796507,2015,2015-02-24,9420,2015-01-09,1513,020163,,5,2,9,1500,0,3,5,,2,050,"DECATUR ST","GRANT DR",100.00,E,N,A,-,N,,,,,,,,,,Y,4,0,2,2,A,-,21,22106,,N,B,C,A,A,H,-,A,D,0,,,,,Y,,D,22,0,0,2,0,0,0,0,0,0,"- ","- ",35.413379999999997,-119.03576,KERN,UNINCORPORATED,-119.03627965,35.413202210000001
6796519,2015,2016-10-20,9420,2015-01-08,0915,019206,,4,1,9,1500,0,1,3,,2,155,"RT 155","PONDEROSA RD",35.00,S,N,A,-,Y,KER,6,155,-,R,53.850,H,-,W,Y,4,0,1,2,A,-,03,22350,,N,C,C,A,A,H,-,A,D,0,,,,,Y,,D,22,0,0,1,0,0,0,0,0,0,"- ","- ",35.634860000000003,-118.48139,KERN,UNINCORPORATED,-118.54782944,35.731874810000001
6796529,2015,2016-04-18,9420,2015-01-20,1735,016978,,2,2,6,1502,0,1,3,,2,092,"RT 99","TRUXTUN AV",500.00,N,N,A,-,Y,KER,6,99,-,-,25.100,H,-,N,Y,4,0,1,2,A,-,03,22350,,N,C,C,A,A,H,-,B,D,1,,,,,Y,,D,22,0,0,1,0,0,0,0,0,0,"- ","- ",35.37867,-119.04423,KERN,BAKERSFIELD,-119.04425036000001,35.375126109999997
6796531,2015,2016-04-18,9420,2015-01-15,2135,18225,,4,2,9,1500,0,1,3,,2,095,"RT 99","RT 119",400.00,N,N,A,-,Y,KER,6,99,-,-,17.699,R,2,S,Y,4,0,1,1,A,-,01,23152,A,N,F,A,A,A,H,-,C,D,1,,,,,Y,Y,A,07,0,0,1,0,0,0,0,0,0,TO,"- ",35.2682,-119.02415000000001,KERN,UNINCORPORATED,-119.02377666,35.269698220000002
6796532,2015,2015-02-20,9420,2015-01-13,0800,15261,,2,1,9,1500,0,3,5,,2,520,"MCCOMBS RD","SMITH AV",14.00,E,N,E,-,N,,,,,,,,,,Y,4,0,1,1,A,-,08,22107,,N,E,I,A,A,H,-,A,D,0,,,,,Y,,A,01,0,0,1,0,0,0,0,0,0,"- ","- ",35.61665,-119.27679999999999,KERN,UNINCORPORATED,-119.27671295,35.616370160000002
6796534,2015,2015-02-20,9420,2015-01-13,1915,18626,,2,2,9,1500,0,3,5,,2,040,"BERNARD ST","KING ST",5.00,E,N,A,-,N,,,,,,,,,,N,2,0,1,2,A,-,10,21950,A,F,G,B,B,A,H,-,E,D,0,Y,,,,Y,,-,99,1,0,0,0,1,0,0,0,0,"- ","- ",35.390230000000003,-118.98634,KERN,UNINCORPORATED,-118.98642325,35.390259669999999
6796535,2015,2016-09-15,9420,2015-01-14,0850,13851,,3,1,6,1502,0,1,3,,2,094,"RT 99","BELLE TERRACE",890.00,S,N,A,-,Y,KER,6,99,-,-,22.930,H,-,N,Y,3,0,1,2,A,-,07,21658,A,F,F,A,A,A,H,-,A,D,1,,,,,Y,,A,01,0,1,0,0,0,0,0,0,0,"- ","- ",35.342480000000002,-119.03925,KERN,BAKERSFIELD,-119.03943879000001,35.344184759999997
6796536,2015,2015-02-20,9420,2015-01-19,1310,16767,,1,1,9,1500,0,2,4,,1,072,"NILES ST","STERLING RD",0.00,,Y,B,-,N,,,,,,,,,,N,4,0,3,2,A,-,12,21453,A,N,D,C,A,A,H,-,A,A,0,,,,,Y,,A,07,0,0,3,0,0,0,0,0,0,"- ","- ",35.376350000000002,-118.94099,KERN,UNINCORPORATED,-118.94082009,35.376080010000003
6796538,2015,2016-09-15,9420,2015-01-21,0700,16767,,3,1,9,1500,0,1,3,,2,091,"RT 99","LERDO HIGHWAY",68.00,S,N,B,C,Y,KER,6,99,-,-,36.510,H,-,S,N,4,0,1,1,A,-,03,22350,,N,E,I,A,B,H,-,A,D,1,,,,,Y,,A,01,0,0,1,0,0,0,0,0,0,FR,"- ",35.499299999999998,-119.16377,KERN,UNINCORPORATED,-119.16354988000001,35.499585770000003
6796552,2015,2016-09-07,9420,2015-01-06,2105,15466,,2,2,9,1500,0,1,3,,2,178,"RT 178","MOBILE DR",7392.00,W,N,A,-,Y,KER,6,178,-,-,48.510,H,-,E,Y,2,0,2,1,C,-,18,,,N,H,H,A,A,H,-,D,D,0,,,,,Y,,-,"- ",1,1,0,0,0,0,0,0,0,"- ","- ",35.650730000000003,-118.42881,KERN,UNINCORPORATED,-118.42765538,35.64908415
6796554,2015,2015-02-20,9420,2015-01-10,1300,18631,,6,1,9,1500,0,2,4,,1,072,"NILES ST","MCCURDY ST",80.00,W,N,B,-,N,,,,,,,,,,Y,4,0,3,3,A,-,03,22350,,N,C,C,A,A,H,-,A,D,0,,,,,Y,,A,01,0,0,3,0,0,0,0,0,0,"- ","- ",35.376220000000004,-118.93858,KERN,UNINCORPORATED,-118.93810799000001,35.376092249999999
6796557,2015,2016-10-20,9420,2015-01-17,1125,018486,,6,1,9,1500,0,1,3,,1,184,"RT 184","MIDDLETON LN",85.00,S,N,A,-,Y,KER,6,184,-,-,0.260,H,-,S,Y,4,0,1,2,A,-,03,22350,,N,D,E,A,A,H,-,A,D,0,,,,Y,Y,,A,01,0,0,1,0,0,0,0,0,0,"- ","- ",35.241070000000001,-118.9145,KERN,UNINCORPORATED,-118.91443624999999,35.241552749999997
6796778,2014,2015-02-03,1506,2014-11-10,1558,7854,10,1,5,4,1506,0,0,0,,0,,"SOUTH DOWNS ST","KINNETT AV",0.00,,Y,A,-,N,,,,,,,,,,N,3,0,2,2,A,-,09,21801,A,N,D,C,A,A,H,-,A,A,0,,,,,Y,,A,07,0,1,1,0,0,0,0,0,0,"- ","- ",,,KERN,RIDGECREST,-117.68774005,35.642180070000002
6796942,2015,2015-02-24,9830,2015-01-20,2340,019977,,2,3,9,1500,0,3,5,,2,005,"GARLOCK RD","REDROCK RANDSBURG RD",15840.00,E,N,A,-,N,,,,,,,,,,Y,3,0,1,1,A,-,03,22350,,N,F,A,A,A,H,-,D,D,0,,,,,Y,,A,07,0,1,0,0,0,0,0,0,0,"- ","- ",35.418889999999998,-117.76299,KERN,UNINCORPORATED,-117.76134849,35.418598979999999
6796976,2015,2015-04-01,1503,2015-01-02,0800,10116,1503,5,5,4,1503,0,0,0,,0,ALL,"W 13TH AV","ALBANY ST",6.00,W,N,A,-,N,,,,,,,,,,N,4,0,2,1,A,-,08,22107,,N,A,I,A,A,H,-,A,D,0,,,,,Y,,A,01,0,0,2,0,0,0,0,0,0,"- ","- ",,,KERN,DELANO,-119.2585201,35.771058320000002
6796979,2015,2015-02-25,1503,2015-01-05,0850,10116,1503,1,5,4,1503,0,0,0,,0,ALL,"JEFFERSON ST","11TH AV",0.00,,Y,A,-,N,,,,,,,,,,N,4,0,1,2,A,-,09,21802,A,N,A,C,A,A,G,-,A,A,0,,,,,Y,,A,01,0,0,1,0,0,0,0,0,0,"- ","- ",,,KERN,DELANO,-119.24461999,35.770570079999999
6796980,2015,2016-10-20,1503,2015-01-05,1210,10116,1503,1,5,4,1503,0,0,0,,0,ALL,"GARCES HWY","MAIN ST",0.00,,Y,A,-,Y,KER,6,155,-,R,0.290,I,5,E,Y,4,0,1,2,A,-,03,22350,,N,C,C,A,A,H,-,A,D,0,,,,,Y,,A,01,0,0,1,0,0,0,0,0,0,"- ","- ",,,KERN,DELANO,-119.24399210999999,35.76140324
6797299,2015,2016-09-15,9420,2015-01-20,1540,019098,,2,2,9,1500,0,1,3,,2,090,"RT 99","CECIL AV",300.00,N,N,B,-,Y,KER,6,99,-,-,56.600,H,-,N,Y,4,0,1,2,A,-,03,22350,,N,B,C,A,A,H,-,A,D,1,,,,Y,Y,,A,01,0,0,1,0,0,0,0,0,0,"- ","- ",35.776380000000003,-119.25206,KERN,UNINCORPORATED,-119.25254608,35.776772399999999
6797306,2015,2015-03-04,9420,2015-01-14,0750,016947,,3,1,9,1500,0,3,5,,2,540,"SHAFTER AV","KIMBERLINA AV",0.00,,Y,E,-,N,,,,,,,,,,Y,3,0,1,2,A,-,09,21802,A,N,D,C,A,B,H,-,A,A,0,,,,Y,Y,,G,27,0,1,0,0,0,0,0,0,0,"- ","- ",35.55829,-119.27753,KERN,UNINCORPORATED,-119.27752993999999,35.55821005
6797307,2015,2016-04-18,9420,2015-01-21,2314,19185,,3,3,9,1500,0,1,3,,2,090,"RT 99","KIMBERLINA RD",4752.00,N,N,A,-,Y,KER,6,99,-,-,42.060,H,-,N,N,4,0,8,1,C,-,18,,,N,E,I,A,A,H,-,D,D,1,,,,,Y,,-,"- ",0,0,8,0,0,0,0,0,0,"- ","- ",35.571440000000003,-119.20095000000001,KERN,UNINCORPORATED,-119.20109877,35.571374040000002
6797329,2015,2016-10-20,9420,2015-01-18,1835,19098,,7,2,9,1500,0,1,3,,1,184,"RT 184","HALL RD",0.00,,Y,B,-,Y,KER,6,184,-,-,1.506,I,5,N,Y,2,0,2,1,A,-,01,23152,A,N,E,I,A,A,H,-,C,A,0,,,,,Y,Y,D,22,1,1,0,0,0,0,0,0,0,"- ","- ",35.259779999999999,-118.91423,KERN,UNINCORPORATED,-118.91441378,35.259402209999998
6797331,2015,2016-09-07,9420,2015-01-21,1320,19513,,3,1,9,1500,0,1,3,,2,178,"RT 178","YANKEE CANYON RD",100.00,E,N,A,-,Y,KER,6,178,-,-,47.340,H,-,W,Y,4,0,3,2,A,-,03,22350,,N,C,C,A,A,H,-,A,D,0,,,,,Y,,D,22,0,0,3,0,0,0,0,0,0,"- ","- ",35.656930000000003,-118.44014,KERN,UNINCORPORATED,-118.43986421,35.656895910000003
6797334,2015,2015-02-26,9420,2015-01-27,1114,16947,,2,1,6,1502,0,3,5,,2,040,"GOODMAN ST","N TULARE ST",0.00,,Y,A,-,N,,,,,,,,,,Y,4,0,2,2,A,-,09,21800,A,N,D,C,A,A,H,-,A,D,0,,,,,Y,,D,22,0,0,2,0,0,0,0,0,0,"- ","- ",35.39235,-118.99068,KERN,BAKERSFIELD,-118.9907901,35.392310010000003
6797335,2015,2015-03-04,9420,2015-01-24,1230,018307,,6,1,9,1500,0,3,5,,2,040,"POSO FLAT RD","GRANITE RD",1056.00,E,N,A,-,N,,,,,,,,,,Y,4,0,1,1,A,-,03,22350,,N,F,A,A,A,H,-,A,D,0,,,,Y,Y,,F,26,0,0,1,0,0,0,0,0,0,"- ","- ",35.630049999999997,-118.79821,KERN,UNINCORPORATED,-118.79697052,35.629684210000001
6797342,2015,2016-04-18,9420,2015-01-09,2228,19185,,5,3,9,1500,0,1,3,,2,090,"RT 99","POND RD",1320.00,S,N,A,-,Y,KER,6,99,-,-,52.200,H,-,N,Y,2,0,1,2,A,-,01,23152,A,N,C,C,A,A,H,-,D,D,1,,,,Y,Y,Y,A,01,1,0,0,0,0,0,0,0,0,"- ","- ",35.714550000000003,-119.23575,KERN,UNINCORPORATED,-119.23584099999999,35.714665750000002
6797346,2015,2016-10-06,9420,2015-01-13,1335,19184,,2,1,9,1500,0,1,3,,1,650,"RT 65","SHERWOOD AV",1500.00,N,N,A,-,Y,KER,6,65,-,-,16.120,H,-,S,Y,3,0,1,1,A,-,08,22107,,N,E,I,A,A,H,-,A,D,0,,,,,Y,,D,22,0,1,0,0,0,0,0,0,0,"- ","- ",35.68336,-119.06809,KERN,UNINCORPORATED,-119.07654964,35.66323251
6797347,2015,2015-02-26,9420,2015-01-26,1510,17256,,1,2,9,1500,0,2,4,,1,064,"OLIVE DR","SANFORD DR",590.00,W,N,B,-,N,,,,,,,,,,Y,4,0,1,2,A,-,09,21804,A,N,D,C,A,A,H,-,A,D,0,,,,,Y,,A,01,0,0,1,0,0,0,0,0,0,"- ","- ",35.41225,-119.04494,KERN,UNINCORPORATED,-119.04479757,35.412300000000002
6797424,2015,2015-02-23,9420,2015-01-25,1510,019316,,7,2,9,1500,0,2,4,,1,051,"NORTH CHESTER AV","ARVIN ST",0.00,,Y,A,-,N,,,,,,,,,,Y,3,0,2,2,A,-,12,21453,A,N,A,C,A,A,H,-,A,A,0,,,,,Y,,A,07,0,1,1,0,0,0,0,0,0,"- ","- ",35.999540000000003,-119.54875,KERN,UNINCORPORATED,-119.02129006,35.423200039999998
6797428,2015,2015-11-17,9420,2015-01-27,1355,016973,,2,1,6,1502,0,1,3,,2,095,"RT 99","WIBLE RD",275.00,S,N,B,-,Y,KER,6,99,-,-,21.091,H,-,S,Y,4,0,4,3,A,-,03,22350,,N,C,C,A,A,H,-,A,D,1,,,,,Y,,A,01,0,0,4,0,0,0,0,0,0,"- ","- ",34.324100000000001,-119.03814,KERN,BAKERSFIELD,-119.03641956,35.317813569999998
6797432,2015,2015-02-23,9420,2015-01-25,0715,016767,,7,1,9,1500,0,3,5,,2,520,"FAMOSO PORTERVILLE HWY","PHILLIPS RD",25.00,S,N,E,-,N,,,,,,,,,,Y,4,0,2,1,A,-,12,22450,A,N,E,I,A,B,H,-,A,A,0,,,,,Y,Y,A,01,0,0,2,0,0,0,0,0,0,"- ","- ",35.631210000000003,-119.20693,KERN,UNINCORPORATED,-119.20680106,35.630982879999998
6797436,2015,2016-04-18,9420,2015-01-23,1730,018626,,5,2,6,1502,0,1,3,,2,095,"RT 99","PANAMA LN",500.00,N,N,A,-,Y,KER,6,99,-,-,19.630,H,-,S,N,4,0,1,2,A,-,03,22350,,N,C,C,A,A,H,-,D,D,1,,,,,Y,,A,07,0,0,1,0,0,0,0,0,0,"- ","- ",35.299480000000003,-119.03167999999999,KERN,BAKERSFIELD,-119.03097997,35.297146900000001