CASE_ID,ACCIDENT_YEAR,PROC_DATE,JURIS,COLLISION_DATE,COLLISION_TIME,OFFICER_ID,REPORTING_DISTRICT,DAY_OF_WEEK,CHP_SHIFT,POPULATION,CNTY_CITY_LOC,SPECIAL_COND,BEAT_TYPE,CHP_BEAT_TYPE,CITY_DIVISION_LAPD,CHP_BEAT_CLASS,BEAT_NUMBER,PRIMARY_RD,SECONDARY_RD,DISTANCE,DIRECTION,INTERSECTION,WEATHER_1,WEATHER_2,STATE_HWY_IND,CALTRANS_COUNTY,CALTRANS_DISTRICT,STATE_ROUTE,ROUTE_SUFFIX,POSTMILE_PREFIX,POSTMILE,LOCATION_TYPE,RAMP_INTERSECTION,SIDE_OF_HWY,TOW_AWAY,COLLISION_SEVERITY,NUMBER_KILLED,NUMBER_INJURED,PARTY_COUNT,PRIMARY_COLL_FACTOR,PCF_CODE_OF_VIOL,PCF_VIOL_CATEGORY,PCF_VIOLATION,PCF_VIOL_SUBSECTION,HIT_AND_RUN,TYPE_OF_COLLISION,MVIW,PED_ACTION,ROAD_SURFACE,ROAD_COND_1,ROAD_COND_2,LIGHTING,CONTROL_DEVICE,CHP_ROAD_TYPE,PEDESTRIAN_ACCIDENT,BICYCLE_ACCIDENT,MOTORCYCLE_ACCIDENT,TRUCK_ACCIDENT,NOT_PRIVATE_PROPERTY,ALCOHOL_INVOLVED,STWD_VEHTYPE_AT_FAULT,CHP_VEHTYPE_AT_FAULT,COUNT_SEVERE_INJ,COUNT_VISIBLE_INJ,COUNT_COMPLAINT_PAIN,COUNT_PED_KILLED,COUNT_PED_INJURED,COUNT_BICYCLIST_KILLED,COUNT_BICYCLIST_INJURED,COUNT_MC_KILLED,COUNT_MC_INJURED,PRIMARY_RAMP,SECONDARY_RAMP,LATITUDE,LONGITUDE,COUNTY,CITY,POINT_X,POINT_Y
6807475,2015,2015-03-02,1502,2015-01-25,2036,P59,,7,5,6,1502,0,0,0,,0,,"MONITOR ST","PACHECO RD",25.00,S,N,A,-,N,,,,,,,,,,Y,4,0,1,1,A,-,08,22107,,N,E,I,A,A,H,-,C,A,0,,,,,Y,,D,22,0,0,1,0,0,0,0,0,0,"- ","- ",,,KERN,BAKERSFIELD,-119.01188999999999,35.310331400000003
6807479,2015,2015-03-02,1502,2015-01-26,1726,1049,,1,5,6,1502,0,0,0,,0,,"TRUXTON AV EAST","BROWN ST",0.00,,Y,A,-,N,,,,,,,,,,N,4,0,1,3,A,-,09,21802,A,N,A,C,A,A,H,-,C,A,0,,,,,Y,,A,01,0,0,1,0,0,0,0,0,0,"- ","- ",,,KERN,BAKERSFIELD,-118.98079001000001,35.373160069999997
6807483,2015,2016-09-07,1502,2015-01-26,1630,1049,,1,5,6,1502,0,0,0,,0,,"RT 204","Q ST",0.00,,Y,A,-,Y,KER,6,204,-,-,4.270,I,5,N,Y,4,0,2,2,A,-,12,21453,A,N,A,C,A,A,H,-,A,A,0,,,,,Y,,D,22,0,0,2,0,0,0,0,0,0,"- ","- ",,,KERN,BAKERSFIELD,-119.01049860000001,35.382313189999998
6807495,2015,2016-10-06,1502,2015-01-13,1107,1177,,2,5,6,1502,0,0,0,,0,,"SOUTH H ST","LOUSTALOT LN",0.00,,Y,A,-,Y,KER,6,58,-,R,53.652,R,4,E,Y,3,0,2,2,A,-,12,21453,A,N,D,C,A,A,H,-,A,A,0,,,,,Y,,-,"- ",0,1,1,0,0,0,0,0,0,"- ","- ",,,KERN,BAKERSFIELD,-119.01660716000001,35.352382669999997
6807496,2014,2015-02-17,1502,2014-12-29,1252,1008,,1,5,6,1502,0,0,0,,0,,"CALLOWAY DR","FLUSHING QUAIL RD",30.00,N,N,A,-,N,,,,,,,,,,N,4,0,1,2,A,-,03,22350,,N,C,C,A,A,H,-,A,B,0,,,,,Y,,A,07,0,0,1,0,0,0,0,0,0,"- ","- ",,,KERN,BAKERSFIELD,-119.10996809,35.386166179999996
6807499,2015,2015-03-02,1502,2015-01-29,1220,P34,,4,5,6,1502,0,0,0,,0,,"21ST ST","OAK ST",66.00,W,N,B,-,N,,,,,,,,,,Y,4,0,1,2,A,-,03,22350,,N,C,G,A,A,H,-,A,D,0,,Y,,,Y,,I,11,0,0,1,0,0,0,1,0,0,"- ","- ",,,KERN,BAKERSFIELD,-119.03880107000001,35.378205979999997
6807532,2015,2016-04-28,9830,2015-01-31,1335,014518,,6,1,9,1500,0,2,4,,1,026,"BUS RT 58 EAST","MYER ST",230.00,E,N,A,-,N,,,,,,,,,,Y,4,0,1,1,A,-,08,22107,,N,E,I,A,A,H,-,A,A,0,,,,,Y,,A,01,0,0,1,0,0,0,0,0,0,"- ","- ",35.046610000000001,-118.16631,KERN,UNINCORPORATED,-118.16644013,35.046588700000001
6807533,2015,2016-09-07,9830,2015-01-29,0630,012065,,4,1,9,1500,0,1,2,,1,053,"RT 395","RT 14",4752.00,S,N,B,-,Y,KER,6,395,-,-,28.740,H,-,S,Y,4,0,1,1,A,-,08,22107,,N,E,I,A,A,H,-,B,D,5,,,,,Y,,A,01,0,0,1,0,0,0,0,0,0,"- ","- ",35.687820000000002,-117.85467,KERN,UNINCORPORATED,-117.85308975,35.68696181
6807534,2015,2016-09-07,9830,2015-01-26,0500,019367,,1,3,9,1500,0,1,3,,1,022,"RT 58","CLAYMINE RD",1635.00,E,N,A,-,Y,KER,6,58,-,R,132.350,H,-,E,Y,3,0,1,1,A,-,08,22107,,N,F,A,A,A,H,-,D,D,1,,,,,Y,,A,07,0,1,0,0,0,0,0,0,0,"- ","- ",35.006189999999997,-117.83354,KERN,UNINCORPORATED,-117.83414320999999,35.006291589999996
6807589,2015,2015-03-03,1502,2015-01-23,2352,966,,5,5,6,1502,0,0,0,,0,,"WIBLE RD","HOSKING AV",0.00,,Y,A,-,N,,,,,,,,,,Y,2,0,4,2,A,-,12,21453,A,N,D,C,A,A,H,-,C,A,0,,,,,Y,Y,A,01,1,0,3,0,0,0,0,0,0,"- ","- ",,,KERN,BAKERSFIELD,-119.03898006,35.281390119999998
6807590,2015,2015-03-03,1502,2015-01-28,1328,780,,3,5,6,1502,0,0,0,,0,,"H ST","2ND ST",0.00,,Y,B,-,N,,,,,,,,,,Y,4,0,1,2,A,-,09,21801,A,N,D,C,A,A,H,-,A,D,0,,,,,Y,,A,07,0,0,1,0,0,0,0,0,0,"- ","- ",,,KERN,BAKERSFIELD,-119.02128003999999,35.356949999999998
6807639,2015,2015-03-03,9830,2015-01-28,1447,15116,,3,2,9,1500,0,3,5,,2,001,"BANDUCCI RD","ALPS DR",1056.00,W,N,B,-,N,,,,,,,,,,Y,4,0,1,1,A,-,08,22107,,N,F,I,A,A,H,-,A,D,0,,,,,Y,,A,01,0,0,1,0,0,0,0,0,0,"- ","- ",35.0946,-118.5515,KERN,UNINCORPORATED,-118.55211353999999,35.093996099999998
6808023,2015,2016-02-17,1502,2015-01-27,1854,1028,,2,5,6,1502,0,0,0,,0,,"STOCKDALE HWY","WILLIAMSON WY",12.00,W,N,A,-,N,,,,,,,,,,N,4,0,3,4,A,-,03,22350,,N,C,C,F,A,H,-,C,D,0,Y,,,,Y,,A,07,0,0,3,0,2,0,0,0,0,"- ","- ",,,KERN,BAKERSFIELD,-119.04508018999999,35.354239999999997
6808024,2015,2015-02-25,1502,2015-01-28,1737,1083,,3,5,6,1502,0,0,0,,0,,"HAGEMAN RD","PATTON WY",413.00,W,N,A,-,N,,,,,,,,,,Y,3,0,3,3,A,-,03,22350,,N,C,C,A,A,H,-,C,D,0,,,,,Y,,A,01,0,1,2,0,0,0,0,0,0,"- ","- ",,,KERN,BAKERSFIELD,-119.08470407999999,35.40156168
6808025,2015,2015-02-25,1502,2015-01-24,2253,1120,,6,5,6,1502,0,0,0,,0,,"WHITE LN","TUBAC LN",370.00,E,N,E,-,N,,,,,,,,,,Y,3,0,2,2,A,-,09,21801,A,M,D,C,A,A,H,-,C,D,0,,,,,Y,,A,01,0,1,1,0,0,0,0,0,0,"- ","- ",,,KERN,BAKERSFIELD,-119.08521129,35.318290169999997
6808026,2015,2015-02-25,1502,2015-01-26,1731,P18,,1,5,6,1502,0,0,0,,0,00W,"COFFEE RD","HAGEMAN RD",20.00,S,N,B,-,N,,,,,,,,,,Y,4,0,1,2,A,-,03,22350,,N,C,C,A,A,H,-,C,A,0,,,,,Y,,A,01,0,0,1,0,0,0,0,0,0,"- ","- ",,,KERN,BAKERSFIELD,-119.09233999999999,35.40158512
6808027,2015,2015-02-25,1502,2015-01-22,0755,P34,,4,5,6,1502,0,0,0,,0,,"E BRUNDAGE LN","MOUNT VERNON AV",141.00,E,N,B,-,N,,,,,,,,,,N,4,0,1,2,A,-,03,22350,,N,C,C,A,A,H,-,A,D,0,,,,,Y,,A,01,0,0,1,0,0,0,0,0,0,"- ","- ",,,KERN,BAKERSFIELD,-118.96713776999999,35.35406167
6808028,2015,2015-02-25,1502,2015-01-22,1740,1149,,4,5,6,1502,0,0,0,,0,,"CHESTER AV","1ST ST",80.00,S,N,A,-,N,,,,,,,,,,N,3,0,1,2,A,-,11,21954,A,N,G,B,D,A,H,-,C,D,0,Y,,,,Y,,N,60,0,1,0,0,1,0,0,0,0,"- ","- ",,,KERN,BAKERSFIELD,-119.01893466999999,35.354861900000003
6808029,2015,2015-02-25,1502,2015-01-24,2222,1067,,6,5,6,1502,0,0,0,,0,,"HAGEMAN RD","SOUVEREIGN DR",37.00,W,N,E,-,N,,,,,,,,,,Y,4,0,1,1,A,-,03,22350,,N,E,I,A,A,H,-,C,D,0,,,,,Y,,A,01,0,0,1,0,0,0,0,0,0,"- ","- ",,,KERN,BAKERSFIELD,-119.123244,35.398039109999999
6808065,2015,2015-03-17,9830,2015-02-03,1307,019271,,2,1,9,1500,0,2,4,,1,034,"ROSAMOND BL","25TH ST W",25.00,W,N,A,-,N,,,,,,,,,,Y,4,0,1,2,A,-,03,22350,,N,C,C,A,A,H,-,A,A,0,,,,,Y,,A,01,0,0,1,0,0,0,0,0,0,"- ","- ",34.864060000000002,-118.17636,KERN,UNINCORPORATED,-118.17602316999999,34.864199999999997
6810207,2015,2016-02-17,1501,2015-01-20,0530,907,15,2,5,3,1501,0,0,0,,0,002,"HAVEN DR","GROVE ST",10.00,W,N,A,-,N,,,,,,,,,,N,4,0,1,2,A,-,12,22450,A,F,G,B,D,A,H,-,D,A,0,Y,,,,Y,,D,22,0,0,1,0,1,0,0,0,0,"- ","- ",,,KERN,ARVIN,-118.83435341000001,35.205410919999998
6810814,2014,2015-03-09,9420,2014-09-12,2040,19513,,5,2,9,1500,0,1,3,,2,179,"RT 178","OLIVER LN",3696.00,W,N,A,-,Y,,,178,,,,,,,Y,2,0,2,2,C,-,18,,,N,A,C,A,A,H,-,D,D,0,,,,,Y,Y,-,"- ",2,0,0,0,0,0,0,0,0,"- ","- ",35.695610000000002,-118.19152,KERN,UNINCORPORATED,-118.19151429,35.695678049999998
6811083,2014,2015-02-13,1502,2014-12-31,1801,1137,,3,5,6,1502,0,0,0,,0,,"CALIFORNIA AV","OAK ST",0.00,,Y,A,-,N,,,,,,,,,,N,4,0,1,2,A,-,09,21453,C,N,D,C,A,A,H,-,C,A,0,,,,,Y,,A,01,0,0,1,0,0,0,0,0,0,"- ","- ",,,KERN,BAKERSFIELD,-119.03878011,35.368710069999999
6812608,2015,2015-02-26,1502,2015-01-27,1800,P52,,2,5,6,1502,0,0,0,,0,SOUTH,"GOSFORD RD","MCCUTCHEN RD",0.00,,Y,A,-,N,,,,,,,,,,Y,3,0,1,2,A,-,12,22450,A,N,D,C,A,A,H,-,-,D,0,,,,,Y,,D,22,0,1,0,0,0,0,0,0,0,"- ","- ",,,KERN,BAKERSFIELD,-119.09216005,35.281610049999998
6812612,2015,2016-02-17,1502,2015-01-26,1719,P52,,1,5,6,1502,0,0,0,,0,,"ASHE RD","TAFT HWY",0.00,,Y,A,-,N,,,,,,,,,,Y,4,0,2,2,A,-,09,21801,A,N,D,C,A,A,H,-,C,A,0,,,,,Y,,A,07,0,0,2,0,0,0,0,0,0,"- ","- ",,,KERN,BAKERSFIELD,-119.07440003000001,35.2671001
6812616,2015,2015-02-26,1502,2015-01-22,0947,1167,,4,5,6,1502,0,0,0,,0,METRO,"H ST","CHERRY ST",40.00,S,N,B,-,N,,,,,,,,,,N,3,0,1,2,A,-,11,21954,A,N,G,B,D,A,H,-,A,A,0,Y,,,Y,Y,,N,60,0,1,0,0,1,0,0,0,0,"- ","- ",,,KERN,BAKERSFIELD,-119.02124999999999,35.363920239999999
6812620,2015,2015-02-26,1502,2015-01-30,1754,1083,,5,5,6,1502,0,0,0,,0,,"ASHE RD","MING AV",397.00,S,N,A,-,N,,,,,,,,,,Y,4,0,1,2,A,-,09,21804,A,N,D,C,A,A,H,-,C,D,0,,,,,Y,,D,22,0,0,1,0,0,0,0,0,0,"- ","- ",,,KERN,BAKERSFIELD,-119.07449398,35.33373083
6812633,2015,2016-02-17,1502,2015-02-04,1656,P59,,3,5,6,1502,0,0,0,,0,,"Q ST","19TH ST",15.00,S,N,A,-,N,,,,,,,,,,Y,4,0,1,1,A,-,08,22107,,N,E,I,A,A,H,-,A,A,0,,,,,Y,,A,01,0,0,1,0,0,0,0,0,0,"- ","- ",,,KERN,BAKERSFIELD,-119.01062518000001,35.3761638
6812668,2015,2015-02-27,1502,2015-01-24,1132,1061,,6,5,6,1502,0,0,0,,0,METRO,"OREGON ST","WILLIAMS ST",0.00,,Y,B,-,N,,,,,,,,,,Y,4,0,2,2,D,-,00,,,N,D,C,A,A,H,-,A,D,0,,,,,Y,,-,"- ",0,0,2,0,0,0,0,0,0,"- ","- ",,,KERN,BAKERSFIELD,-118.97674001999999,35.379740069999997
6812672,2015,2016-02-17,1502,2015-01-24,0702,P63,METRO,6,5,6,1502,0,0,0,,0,SATURD,"24TH ST","CHESTER AV",0.00,,Y,E,-,N,,,,,,,,,,Y,4,0,1,2,A,-,01,23152,A,N,D,C,A,A,H,-,B,A,0,,,,,Y,Y,A,01,0,0,1,0,0,0,0,0,0,"- ","- ",,,KERN,BAKERSFIELD,-119.01885009999999,35.38101004
6812680,2015,2015-02-27,1502,2015-01-27,1524,P63,,2,5,6,1502,0,0,0,,0,CENTRA,"COURTLEIGH DR","MING AV",0.00,,Y,A,-,N,,,,,,,,,,Y,4,0,1,2,A,-,09,21801,A,N,D,C,A,A,H,-,A,A,0,,,,,Y,,A,01,0,0,1,0,0,0,0,0,0,"- ","- ",,,KERN,BAKERSFIELD,-119.06333008,35.337370110000002
6812688,2015,2015-02-27,1502,2015-01-20,1649,P52,,2,5,6,1502,0,0,0,,0,METRO,"OAK ST","PARK WY",0.00,,Y,A,-,N,,,,,,,,,,Y,4,0,1,2,D,-,00,,,N,D,C,A,A,H,-,A,D,0,,,,,Y,,-,"- ",0,0,1,0,0,0,0,0,0,"- ","- ",,,KERN,BAKERSFIELD,-119.03879008,35.367660010000002
6812692,2015,2015-02-27,1502,2015-01-31,0736,P63,,6,5,6,1502,0,0,0,,0,HILL,"AUBURN ST","MAYWOOD DR",0.00,,Y,A,-,N,,,,,,,,,,Y,4,0,1,2,D,-,00,,,N,D,C,A,A,H,-,A,A,0,,,,,Y,,-,"- ",0,0,1,0,0,0,0,0,0,"- ","- ",,,KERN,BAKERSFIELD,-118.94855003000001,35.39772009
6812696,2015,2015-02-27,1502,2015-01-07,1143,1072,,3,5,6,1502,0,0,0,,0,,"UNION AV","FAIRVIEW RD",895.00,S,N,A,-,N,,,,,,,,,,Y,2,0,1,1,A,-,08,22107,,N,E,I,A,A,H,-,A,D,0,,,Y,,Y,,C,02,1,0,0,0,0,0,0,0,1,"- ","- ",,,KERN,BAKERSFIELD,-119.00313865,35.300674209999997
6812700,2015,2015-02-27,1502,2015-01-27,0855,1072,,2,5,6,1502,0,0,0,,0,,"MING AV","NEW STINE RD",36.00,E,N,B,-,N,,,,,,,,,,Y,4,0,1,2,A,-,09,21802,A,N,B,C,A,A,H,-,A,A,0,,,,,Y,,A,01,0,0,1,0,0,0,0,0,0,"- ","- ",,,KERN,BAKERSFIELD,-119.06087109000001,35.338272359999998
6812708,2015,2015-02-27,1502,2015-01-20,0735,1153,,2,5,6,1502,0,0,0,,0,,"WILSON RD","WESTMINSTER DR",0.00,,Y,B,-,N,,,,,,,,,,Y,4,0,1,2,A,-,09,21802,A,N,D,C,A,A,H,-,A,A,0,,,,,Y,,A,07,0,0,1,0,0,0,0,0,0,"- ","- ",,,KERN,BAKERSFIELD,-119.06106002,35.331650029999999
6812712,2015,2015-02-27,1502,2015-01-21,0728,1008,,3,5,6,1502,0,0,0,,0,,"WHITE LN","BUENA VISTA RD",249.00,E,N,A,-,N,,,,,,,,,,N,4,0,1,2,A,-,11,21954,A,N,G,B,D,A,H,-,A,D,0,Y,,,,Y,,N,60,0,0,1,0,1,0,0,0,0,"- ","- ",,,KERN,BAKERSFIELD,-119.1271668,35.325312410000002
6812716,2015,2015-02-27,1502,2015-01-23,2312,1120,,5,5,6,1502,0,0,0,,0,,"TRUXTUN AV","CHESTER AV",70.00,W,N,A,-,N,,,,,,,,,,Y,3,0,3,3,A,-,01,23152,A,N,C,C,A,A,H,-,C,A,0,,,,,Y,Y,A,01,0,1,2,0,0,0,0,0,0,"- ","- ",,,KERN,BAKERSFIELD,-119.01913451,35.373269999999998
6812720,2015,2015-02-27,1502,2015-01-16,0004,1172,,5,5,6,1502,0,0,0,,0,,"PANORAMA DR","BOISE ST",437.00,W,N,E,-,N,,,,,,,,,,Y,3,0,1,1,A,-,01,23152,A,N,E,I,A,B,H,-,C,D,0,,,,,Y,Y,A,01,0,1,0,0,0,0,0,0,0,"- ","- ",,,KERN,BAKERSFIELD,-118.95565213,35.411574250000001
6813028,2015,2016-09-07,9830,2015-02-04,0630,16971,,3,1,9,1500,0,1,3,,2,010,"RT 58","BROOME RD",3168.00,,N,A,-,Y,KER,6,58,-,R,84.550,H,-,W,Y,4,0,1,2,C,-,18,,,N,H,J,A,A,H,-,A,D,1,,,,Y,Y,,-,"- ",0,0,1,0,0,0,0,0,0,"- ","- ",35.208849999999998,-118.53821000000001,KERN,UNINCORPORATED,-118.53107221,35.204396930000001
6814342,2015,2015-03-05,1502,2015-02-06,1734,P59,,5,5,6,1502,0,0,0,,0,,"CALIFORNIA AV","P ST",0.00,,Y,B,-,N,,,,,,,,,,Y,4,0,2,2,D,-,00,,,N,D,C,A,A,H,-,B,A,0,,,,,Y,,-,"- ",0,0,2,0,0,0,0,0,0,"- ","- ",,,KERN,BAKERSFIELD,-119.01182000999999,35.368550059999997
6814653,2015,2016-06-02,1502,2015-03-01,1256,P63,,7,5,6,1502,0,0,0,,0,,"NILES ST","UNION AV",0.00,,Y,A,-,N,,,,,,,,,,N,3,0,3,2,A,-,12,21453,A,N,D,C,A,A,H,-,A,A,0,,,,,Y,,-,"- ",0,1,2,0,0,0,0,0,0,"- ","- ",,,KERN,BAKERSFIELD,-119.0028001,35.383980080000001
6814898,2015,2015-04-20,1502,2015-03-22,0035,1177,,7,5,6,1502,0,0,0,,0,METRO,"TRUXTUN AV","BEALE AV",0.00,,Y,A,-,N,,,,,,,,,,Y,3,0,1,1,A,-,01,23152,A,N,E,I,A,A,H,-,C,D,0,,,,,Y,Y,A,01,0,1,0,0,0,0,0,0,0,"- ","- ",,,KERN,BAKERSFIELD,-118.9914201,35.374060049999997
6814922,2015,2015-04-20,1502,2015-03-22,1927,1177,,7,5,6,1502,0,0,0,,0,HILL,"COLUMBUS ST","RICE ST",174.00,W,N,A,-,N,,,,,,,,,,Y,2,0,1,1,A,-,08,22107,,N,E,I,A,A,H,-,B,D,0,,,,,Y,,A,01,1,0,0,0,0,0,0,0,0,"- ","- ",,,KERN,BAKERSFIELD,-118.964933,35.397642429999998
6814950,2015,2015-04-20,1503,2015-02-27,1247,10116,1503,5,5,4,1503,0,0,0,,0,ALL,"CECIL AV","INYO ST",0.00,,Y,A,-,N,,,,,,,,,,N,4,0,1,2,A,-,09,21802,A,N,D,C,A,A,H,-,A,A,0,,,,,Y,,J,48,0,0,1,0,0,0,0,0,0,"- ","- ",,,KERN,DELANO,-119.24810997,35.775920079999999
6815266,2015,2016-10-20,1508,2015-01-30,1441,46,6B,5,5,2,1508,0,0,0,,0,,"RT 119","GARDNER FIELD RD",0.00,,Y,B,-,Y,KER,6,119,-,-,0.070,I,5,E,N,2,0,2,2,A,-,12,21453,A,N,D,C,A,A,H,-,A,A,0,,,,,Y,,A,07,1,0,1,0,0,0,0,0,0,"- ","- ",,,KERN,TAFT,-119.44727948000001,35.136901899999998
6815529,2015,2016-10-06,9420,2015-02-02,0745,019598,,1,1,6,1502,0,1,3,,2,585,"RT 58","MADISON ST",53.00,W,N,A,-,Y,KER,6,58,-,R,54.900,H,-,W,Y,4,0,1,7,A,-,03,22350,,N,C,C,A,A,D,-,A,D,1,,,,,Y,,D,22,0,0,1,0,0,0,0,0,0,"- ","- ",35.352580000000003,-118.99424,KERN,BAKERSFIELD,-118.99457615999999,35.352567819999997
6815534,2015,2015-03-06,9420,2015-02-05,0635,018030,,4,1,9,1500,0,3,5,,2,671,"S EDISON RD","HERRING RD",0.00,,Y,A,-,N,,,,,,,,,,Y,4,0,1,2,A,-,09,21802,A,N,D,C,A,A,H,-,A,A,0,,,,,Y,,A,01,0,0,1,0,0,0,0,0,0,"- ","- ",35.158239999999999,-118.87994,KERN,UNINCORPORATED,-118.87805009,35.150690040000001
6815540,2015,2015-02-27,9420,2015-01-27,0550,018631,,2,3,9,1500,0,3,5,,2,672,"EDISON RD","BUENA VISTA BL",0.00,,Y,C,-,N,,,,,,,,,,Y,4,0,2,2,A,-,09,21802,A,M,D,C,A,B,H,-,D,A,0,,,,,Y,,A,01,0,0,2,0,0,0,0,0,0,"- ","- ",,,KERN,UNINCORPORATED,-118.87830004,35.238010060000001
6815549,2015,2016-04-18,9420,2015-02-03,0753,013475,,2,1,6,1502,0,1,3,,2,095,"RT 99","PLANZ RD",525.00,S,N,A,-,Y,KER,6,99,-,-,21.500,H,-,S,Y,4,0,1,3,A,-,03,22350,,N,C,C,A,A,H,-,A,D,1,,,,,Y,,A,01,0,0,1,0,0,0,0,0,0,"- ","- ",35.320819999999998,-119.03713,KERN,BAKERSFIELD,-119.03793219000001,35.323590609999997
6815557,2015,2016-09-07,9420,2015-02-01,1829,015466,,7,2,9,1500,0,1,3,,2,178,"RT 178","PAULS PL WEST",1214.00,E,N,A,-,Y,KER,6,178,-,R,56.240,H,-,E,N,2,0,1,2,A,-,11,21954,A,N,G,B,E,A,H,-,D,D,0,Y,,,,Y,,N,60,1,0,0,0,1,0,0,0,0,"- ","- ",35.659080000000003,-118.31425,KERN,UNINCORPORATED,-118.3142634,35.659138059999997
6815563,2015,2016-04-18,9420,2015-02-10,2053,015255,,2,2,6,1502,0,1,3,,2,093,"RT 99","RT 58",528.00,N,N,A,-,Y,KER,6,99,-,-,25.780,H,-,S,Y,4,0,2,2,A,-,07,21658,A,N,B,C,A,A,H,-,D,D,1,,,,Y,Y,,G,25,0,0,2,0,0,0,0,0,0,"- ","- ",35.384410000000003,-119.0449,KERN,BAKERSFIELD,-119.04466176,35.38494541
6815565,2015,2015-03-06,9420,2015-02-03,0920,019513,,2,1,9,1500,0,2,4,,2,031,"LAKE ISABELLA BL","STARKEY DR",60.00,S,N,A,-,N,,,,,,,,,,N,4,0,1,2,A,-,09,21804,A,N,D,C,A,A,H,-,A,D,0,,,,,Y,,D,22,0,0,1,0,0,0,0,0,0,"- ","- ",35.631749999999997,-118.47268,KERN,UNINCORPORATED,-118.47259794999999,35.631780169999999
6815566,2015,2015-03-06,9420,2015-02-03,0640,015259,,2,1,9,1500,0,3,5,,2,671,"DI GIORGIO RD","RT 184",470.00,E,N,F,-,N,,,,,,,,,,Y,4,0,2,3,A,-,03,22350,,N,C,C,A,A,H,-,A,A,0,,,,,Y,,A,01,0,0,2,0,0,0,0,0,0,"- ","- ",35.252470000000002,-118.91266,KERN,UNINCORPORATED,-118.91372323,35.252391899999999
6815573,2015,2016-10-06,9420,2015-02-04,1725,19098,,3,2,6,1502,0,1,3,,2,585,"RT 58","SOUTH UNION AV",1056.00,E,N,B,-,Y,KER,6,58,-,R,54.620,H,-,W,Y,4,0,1,2,A,-,04,21703,,N,C,C,A,A,D,E,A,D,1,,,,,Y,,A,07,0,0,1,0,0,0,0,0,0,"- ","- ",35.35257,-118.99899000000001,KERN,BAKERSFIELD,-118.99949755,35.352575559999998
6815574,2015,2016-04-18,9420,2015-02-02,1610,018626,,1,2,6,1502,0,1,3,,2,093,"RT 99","CALIFORNIA AV",50.00,S,N,A,-,Y,KER,6,99,-,-,24.590,H,-,S,Y,4,0,2,3,A,-,03,22350,,N,C,C,A,A,H,-,A,D,1,,,,,Y,,E,22,0,0,2,0,0,0,0,0,0,"- ","- ",35.367649999999998,-119.04161999999999,KERN,BAKERSFIELD,-119.04181426,35.368016339999997
6815581,2015,2015-03-06,9420,2015-02-03,0840,013851,,2,1,9,1500,0,2,4,,1,052,"CHINA GRADE LOOP","TANKER RD",0.00,,Y,A,-,N,,,,,,,,,,Y,4,0,1,2,A,-,09,21801,A,N,A,C,A,A,H,-,A,D,0,,,,,Y,,D,22,0,0,1,0,0,0,0,0,0,"- ","- ",35.426900000000003,-118.99214000000001,KERN,UNINCORPORATED,-118.99222009,35.426860069999996
6815582,2015,2015-03-13,9420,2015-02-02,1430,17256,,1,2,9,1500,0,2,4,,1,052,"CHINA GRADE LOOP","CHEVRON WY",0.00,,Y,A,-,N,,,,,,,,,,Y,3,0,1,2,A,-,09,21801,A,N,A,C,A,A,H,-,A,D,0,,,,Y,Y,,F,27,0,1,0,0,0,0,0,0,0,"- ","- ",35.426960000000001,-118.98134,KERN,UNINCORPORATED,-118.98131311,35.426888910000002
6815583,2015,2015-02-27,9420,2015-01-31,0050,018068,9420,6,3,9,1500,0,3,5,,2,050,"WARREN AV","WISTERIA ST",70.00,W,N,B,-,N,,,,,,,,,,Y,3,0,1,2,A,-,01,23152,A,M,C,E,A,A,H,-,C,D,0,,,,,Y,Y,A,01,0,1,0,0,0,0,0,0,0,"- ","- ",,,KERN,UNINCORPORATED,-119.01913462,35.412300000000002
6815586,2015,2015-03-06,9420,2015-02-01,1220,018631,,7,1,9,1500,0,3,5,,2,040,"ALTA VISTA DR","BERNARD AV",161.00,N,N,A,-,N,,,,,,,,,,N,4,0,1,2,A,-,03,22350,,N,C,C,A,A,H,-,A,D,0,,,,,Y,,D,22,0,0,1,0,0,0,0,0,0,"- ","- ",35.391039999999997,-118.99464,KERN,UNINCORPORATED,-118.99466164,35.390682300000002
6815598,2015,2016-10-06,9420,2015-02-10,1558,017560,,2,2,9,1500,0,1,3,,2,584,"RT 58","P ST",500.00,E,N,A,-,Y,KER,6,58,-,R,54.020,H,-,E,Y,4,0,1,4,A,-,03,22350,,M,C,C,A,A,D,-,A,D,1,,,,,Y,,D,22,0,0,1,0,0,0,0,0,0,"- ","- ",35.352310000000003,-119.00948,KERN,UNINCORPORATED,-119.01004256,35.352339639999997
6815722,2015,2015-07-30,9420,2015-01-29,0240,017972,,4,3,9,1500,0,2,4,,1,072,"NILES ST","ISABELL ST",168.00,E,N,B,-,N,,,,,,,,,,N,4,0,1,2,A,-,11,21954,A,F,G,B,D,A,H,-,C,D,0,Y,,,,Y,Y,N,60,0,0,1,0,1,0,0,0,0,"- ","- ",35.375900000000001,-118.94476,KERN,UNINCORPORATED,-118.94468721,35.37595117
6815761,2015,2015-03-06,1507,2015-02-04,1410,259,17,3,5,3,1507,0,0,0,,0,,"EAST LERDO HWY","NICKEL ST",0.00,,Y,A,-,N,,,,,,,,,,Y,4,0,1,2,A,-,03,22350,,M,C,C,A,A,H,-,A,A,0,,,,,Y,,A,01,0,0,1,0,0,0,0,0,0,"- ","- ",,,KERN,SHAFTER,-119.27604986,35.499820100000001
6815858,2015,2015-03-05,9420,2015-02-03,1450,19098,,2,2,9,1500,0,2,4,,1,071,"OSWELL ST","JADE AV",125.00,N,N,B,-,N,,,,,,,,,,N,4,0,2,2,A,-,04,21703,,N,C,C,A,A,D,E,A,A,0,,,,,Y,,A,08,0,0,2,0,0,0,0,0,0,"- ","- ",35.386290000000002,-118.95,KERN,UNINCORPORATED,-118.94979180999999,35.386662970000003
6815918,2015,2016-09-07,9830,2015-02-03,0010,19592,,2,3,9,1500,0,1,3,,2,010,"RT 58","TEHACHAPI CREEK",1584.00,E,N,A,-,Y,KER,6,58,-,R,83.010,H,-,W,Y,4,0,1,1,A,-,03,22350,,N,H,H,A,A,H,-,D,D,1,,,,,Y,,A,01,0,0,1,0,0,0,0,0,0,"- ","- ",35.219720000000002,-118.55571,KERN,UNINCORPORATED,-118.55284690000001,35.217268279999999