CASE_ID,ACCIDENT_YEAR,PROC_DATE,JURIS,COLLISION_DATE,COLLISION_TIME,OFFICER_ID,REPORTING_DISTRICT,DAY_OF_WEEK,CHP_SHIFT,POPULATION,CNTY_CITY_LOC,SPECIAL_COND,BEAT_TYPE,CHP_BEAT_TYPE,CITY_DIVISION_LAPD,CHP_BEAT_CLASS,BEAT_NUMBER,PRIMARY_RD,SECONDARY_RD,DISTANCE,DIRECTION,INTERSECTION,WEATHER_1,WEATHER_2,STATE_HWY_IND,CALTRANS_COUNTY,CALTRANS_DISTRICT,STATE_ROUTE,ROUTE_SUFFIX,POSTMILE_PREFIX,POSTMILE,LOCATION_TYPE,RAMP_INTERSECTION,SIDE_OF_HWY,TOW_AWAY,COLLISION_SEVERITY,NUMBER_KILLED,NUMBER_INJURED,PARTY_COUNT,PRIMARY_COLL_FACTOR,PCF_CODE_OF_VIOL,PCF_VIOL_CATEGORY,PCF_VIOLATION,PCF_VIOL_SUBSECTION,HIT_AND_RUN,TYPE_OF_COLLISION,MVIW,PED_ACTION,ROAD_SURFACE,ROAD_COND_1,ROAD_COND_2,LIGHTING,CONTROL_DEVICE,CHP_ROAD_TYPE,PEDESTRIAN_ACCIDENT,BICYCLE_ACCIDENT,MOTORCYCLE_ACCIDENT,TRUCK_ACCIDENT,NOT_PRIVATE_PROPERTY,ALCOHOL_INVOLVED,STWD_VEHTYPE_AT_FAULT,CHP_VEHTYPE_AT_FAULT,COUNT_SEVERE_INJ,COUNT_VISIBLE_INJ,COUNT_COMPLAINT_PAIN,COUNT_PED_KILLED,COUNT_PED_INJURED,COUNT_BICYCLIST_KILLED,COUNT_BICYCLIST_INJURED,COUNT_MC_KILLED,COUNT_MC_INJURED,PRIMARY_RAMP,SECONDARY_RAMP,LATITUDE,LONGITUDE,COUNTY,CITY,POINT_X,POINT_Y
6872360,2015,2015-04-07,1502,2015-03-16,1908,1171,,1,5,6,1502,0,0,0,,0,,"OLD RIVER RD","GODIVA AV",11.00,S,N,A,-,N,,,,,,,,,,Y,3,0,2,2,A,-,03,22350,,N,A,C,A,A,H,-,A,D,0,,,Y,,Y,,C,02,0,2,0,0,0,0,0,0,2,"- ","- ",,,KERN,BAKERSFIELD,-119.10987921,35.308129819999998
6872368,2015,2015-04-07,1502,2015-03-17,1416,P63,,2,5,6,1502,0,0,0,,0,,"REAL RD","MING AV",196.00,S,N,B,-,N,,,,,,,,,,Y,3,0,4,2,A,-,09,21804,A,N,D,C,A,A,H,-,A,D,0,,,,,Y,,A,01,0,1,3,0,0,0,0,0,0,"- ","- ",,,KERN,BAKERSFIELD,-119.04338387,35.339052189999997
6872372,2015,2015-04-10,1502,2015-03-17,1526,1181,,2,5,6,1502,0,0,0,,0,METRO,"OAK ST","21ST ST",50.00,S,N,A,B,N,,,,,,,,,,N,4,0,1,2,A,-,"- ",,,N,C,C,A,A,H,-,A,A,0,,,,,Y,,A,07,0,0,1,0,0,0,0,0,0,"- ","- ",,,KERN,BAKERSFIELD,-119.03858,35.378072799999998
6872376,2015,2015-04-07,1502,2015-03-17,1610,P63,,2,5,6,1502,0,0,0,,0,HILL,"40TH ST","K ST",264.00,E,N,B,-,N,,,,,,,,,,Y,4,0,2,2,A,-,09,21804,A,N,D,C,A,A,H,-,A,D,0,,,,,Y,,A,01,0,0,2,0,0,0,0,0,0,"- ","- ",,,KERN,BAKERSFIELD,-119.01660534,35.396215089999998
6872380,2015,2015-04-07,1502,2015-03-17,1656,984,,2,5,6,1502,0,0,0,,0,METRO,"BRUNDAGE LN","CHESTER AV",185.00,E,N,A,-,N,,,,,,,,,,N,3,0,3,2,A,-,09,21804,A,N,D,C,A,A,H,-,A,A,0,,,,,Y,,A,01,0,1,2,0,0,0,0,0,0,"- ","- ",,,KERN,BAKERSFIELD,-119.0183105,35.353989749999997
6873704,2015,2015-04-17,9420,2015-03-27,1535,19531,,5,2,6,1502,0,2,4,,1,075,"WHITE LN","GORDON ST",100.00,W,N,A,-,N,,,,,,,,,,Y,4,0,1,4,A,-,03,22350,,N,C,C,A,A,H,-,A,D,0,,,,,Y,,A,01,0,0,1,0,0,0,0,0,0,"- ","- ",35.317630000000001,-119.00591,KERN,BAKERSFIELD,-119.00612477999999,35.317748709999996
6873716,2015,2015-04-22,9420,2015-03-30,1055,019098,,1,1,9,1500,0,2,4,,1,075,"SOUTH UNION AV","WILSON RD",132.00,S,N,A,-,N,,,,,,,,,,N,3,0,1,3,A,-,08,22107,,N,B,E,A,A,H,-,A,D,0,,,,Y,Y,,F,26,0,1,0,0,0,0,0,0,0,"- ","- ",35.331769999999999,-119.00342999999999,KERN,UNINCORPORATED,-119.00311000000001,35.331817809999997
6873720,2015,2015-04-22,9420,2015-03-30,2250,018445,,1,3,9,1500,0,2,4,,1,072,"NILES ST","BARLOW ST",99.00,W,N,A,-,N,,,,,,,,,,Y,4,0,2,3,A,-,01,23152,A,N,B,C,A,A,H,-,C,D,0,,,,Y,Y,Y,A,01,0,0,2,0,0,0,0,0,0,"- ","- ",35.375880000000002,-118.95856000000001,KERN,UNINCORPORATED,-118.95888164,35.375837529999998
6873756,2015,2016-04-18,9420,2015-03-27,1633,016926,,5,2,6,1502,0,1,3,,2,092,"RT 99","CALIFORNIA AV",850.00,N,N,A,-,Y,KER,6,99,-,-,24.440,H,-,N,Y,3,0,1,2,A,-,07,21658,A,N,B,C,A,A,H,-,A,D,1,,,,Y,Y,,D,22,0,1,0,0,0,0,0,0,0,"- ","- ",35.364519999999999,-119.04003,KERN,BAKERSFIELD,-119.04074541999999,35.365998390000001
6873760,2015,2016-04-18,9420,2015-03-27,1548,016926,,5,2,6,1502,0,1,3,,2,093,"RT 99","CALIFORNIA AV",500.00,S,N,A,-,Y,KER,6,99,-,-,24.510,H,-,S,Y,4,0,1,3,A,-,03,22350,,N,C,C,A,A,H,-,A,D,1,,,,,Y,,A,07,0,0,1,0,0,0,0,0,0,"- ","- ",35.360329999999998,-119.03955000000001,KERN,BAKERSFIELD,-119.04133625999999,35.366933439999997
6873921,2015,2016-04-18,9420,2015-03-27,1150,17256,,5,1,9,1500,0,1,3,,1,583,"RT 58","ALLEN RD",400.00,W,N,A,-,N,,,,,,,,,,N,4,0,1,2,A,-,10,21950,A,N,G,B,B,A,H,-,A,A,0,Y,,,,Y,,D,22,0,0,1,0,1,0,0,0,0,"- ","- ",,,KERN,UNINCORPORATED,-119.14691538,35.383594840000001
6874188,2015,2015-04-10,1502,2015-03-16,0800,P24,,1,5,6,1502,0,0,0,,0,HILL,"NEW MARKET WY","BERNARD ST",10.00,N,N,A,-,N,,,,,,,,,,N,4,0,1,2,A,-,09,21453,B,M,G,B,B,A,H,-,A,A,0,Y,,,,Y,,-,,0,0,1,0,1,0,0,0,0,"- ","- ",,,KERN,BAKERSFIELD,-118.95753379999999,35.392155000000002
6874261,2015,2016-10-31,9420,2015-03-23,1820,17253,,1,2,9,1500,0,1,3,,2,430,"RT 43","WHISLER RD",0.00,,Y,A,-,Y,KER,6,43,-,-,28.360,I,5,N,Y,4,0,1,1,A,-,01,23152,A,N,E,I,A,A,H,-,A,A,0,,,,,Y,Y,A,01,0,0,1,0,0,0,0,0,0,"- ","- ",35.645119999999999,-119.33083000000001,KERN,UNINCORPORATED,-119.33099892,35.645054819999999
6874264,2015,2015-04-21,9420,2015-03-27,1228,14923,,5,1,9,1500,0,2,4,,1,052,"ROBERTS LN","TEAKWOOD DR",453.00,W,N,A,-,N,,,,,,,,,,Y,3,0,3,4,A,-,05,21460,A,N,B,C,A,A,H,-,A,D,0,,,,Y,Y,,A,07,0,1,2,0,0,0,0,0,0,"- ","- ",35.408610000000003,-119.03984,KERN,UNINCORPORATED,-119.0410783,35.408740010000002
6874265,2015,2016-04-18,9420,2015-03-29,1639,19442,,7,2,9,1500,0,1,3,,2,090,"RT 99","KIMBERLINA RD",1056.00,S,N,A,-,Y,KER,6,99,-,R,40.960,H,-,N,N,4,0,3,2,A,-,01,23152,A,F,C,C,A,A,H,-,A,D,1,,,,,Y,Y,A,01,0,0,3,0,0,0,0,0,0,"- ","- ",35.547669999999997,-119.19537,KERN,UNINCORPORATED,-119.19692528,35.555553009999997
6874268,2015,2015-04-10,9420,2015-03-30,1645,016969,,1,2,9,1500,0,3,5,,2,060,"RENFRO RD","REDWOOD PASS DR",13.00,S,N,A,-,N,,,,,,,,,,Y,3,0,3,2,A,-,03,22350,,N,C,C,A,A,H,-,A,D,0,,,,,Y,,A,01,0,1,2,0,0,0,0,0,0,"- ","- ",35.389069999999997,-119.16324,KERN,UNINCORPORATED,-119.16333036,35.38898433
6874269,2015,2016-04-18,9420,2015-03-27,1525,18626,,5,2,6,1502,0,1,3,,2,095,"RT 99","BELLE TER",1000.00,N,N,A,-,Y,KER,6,99,-,-,23.290,H,-,S,Y,4,0,1,1,A,-,08,22107,,N,E,I,A,A,H,-,A,D,1,,,,,Y,,A,01,0,0,1,0,0,0,0,0,0,"- ","- ",35.349809999999998,-119.03943,KERN,BAKERSFIELD,-119.03965071,35.349407210000003
6874272,2015,2015-04-10,9420,2015-03-26,1330,015255,,4,1,9,1500,0,2,4,,1,052,"NORRIS RD","MCCRAY ST",90.00,W,N,A,-,N,,,,,,,,,,Y,4,0,1,2,A,-,09,21801,A,N,D,C,A,A,H,-,A,D,0,,,Y,,Y,,A,01,0,0,1,0,0,0,0,0,1,"- ","- ",35.028759999999998,-119.19887,KERN,UNINCORPORATED,-119.03036160000001,35.419544199999997
6874273,2015,2016-09-07,9420,2015-03-27,0745,16767,,5,1,9,1500,0,1,3,,1,176,"RT 178","UNION AV",1584.00,W,N,A,-,Y,KER,6,178,-,R,2.110,H,-,W,Y,4,0,1,2,A,-,03,22350,,N,C,C,A,A,H,-,A,D,1,,,,,Y,,A,01,0,0,1,0,0,0,0,0,0,"- ","- ",35.383119999999998,-119.00767,KERN,UNINCORPORATED,-119.00852044,35.382966789999998
6874501,2015,2015-04-23,1503,2015-02-16,1344,10143,1503,1,5,4,1503,0,0,0,,0,ALL,"CECIL AV","FREMONT ST",0.00,,Y,A,-,N,,,,,,,,,,Y,4,0,1,2,A,-,12,21453,A,N,B,C,A,A,H,-,A,A,0,,,,,Y,,D,22,0,0,1,0,0,0,0,0,0,"- ","- ",,,KERN,DELANO,-119.25174998,35.775950109999997
6875734,2015,2015-04-14,9426,2015-03-25,2124,016804,,3,2,9,1500,0,3,5,,2,081,"25 HILL RD","BUENA VISTA PL",4224.00,S,N,A,-,N,,,,,,,,,,Y,3,0,1,1,A,-,01,23152,A,N,F,A,A,A,H,-,D,D,0,,,Y,,Y,Y,C,02,0,1,0,0,0,0,0,0,1,"- ","- ",,,KERN,UNINCORPORATED,-119.47235227,35.123766840000002
6875738,2015,2016-10-19,9426,2015-03-26,2053,018023,,4,2,9,1500,0,1,1,,2,504,"RT 5","RT 119",3168.00,N,N,A,-,Y,KER,6,5,-,-,39.390,H,-,N,Y,2,0,4,1,A,-,08,22107,,N,F,A,A,A,H,-,D,D,1,,,,,Y,,A,07,3,1,0,0,0,0,0,0,0,"- ","- ",,,KERN,UNINCORPORATED,-119.23134193999999,35.273670320000001
6876149,2015,2016-09-07,9830,2015-03-30,1807,19762,,1,2,9,1500,0,1,3,,2,010,"RT 58","RT 202",13200.00,W,N,A,-,Y,KER,6,58,-,R,88.220,H,-,E,Y,3,0,5,2,A,-,08,22107,,N,E,I,A,A,H,-,A,D,1,,,,Y,Y,,F,56,0,2,3,0,0,0,0,0,0,"- ","- ",35.172759999999997,-118.47817000000001,KERN,UNINCORPORATED,-118.47979522999999,35.174369230000003
6876285,2015,2015-04-27,1507,2015-04-11,0924,237,16,6,5,3,1507,0,0,0,,0,,"W LOS ANGELES AV","OAKMONT ST",52.00,E,N,A,-,N,,,,,,,,,,Y,4,0,2,2,A,-,21,22106,,N,D,D,A,A,H,-,A,D,0,,,,,Y,,A,01,0,0,2,0,0,0,0,0,0,"- ","- ",,,KERN,SHAFTER,-119.28413551,35.492618579999998
6877431,2015,2015-04-15,1502,2015-03-27,1832,P40,,5,5,6,1502,0,0,0,,0,,"CAMINO MEDIA","FORUM WY",261.00,E,N,A,-,N,,,,,,,,,,N,3,0,1,2,A,-,08,22107,,N,D,C,A,A,H,-,B,D,0,,,,,Y,,A,01,0,1,0,0,0,0,0,0,0,"- ","- ",,,KERN,BAKERSFIELD,-119.11002143,35.342914450000002
6877432,2015,2015-04-15,1502,2015-03-24,2139,1177,,2,5,6,1502,0,0,0,,0,CENTRA,"NEW STINE RD","WILSON RD",365.00,S,N,A,-,N,,,,,,,,,,Y,3,0,1,1,A,-,01,23152,E,N,E,I,A,A,H,-,C,D,0,,,,,Y,,A,01,0,1,0,0,0,0,0,0,0,"- ","- ",,,KERN,BAKERSFIELD,-119.05780124,35.33123209
6877433,2015,2015-05-18,1502,2015-03-25,0922,P52,,3,5,6,1502,0,0,0,,0,HILL,"SAN DIMAS ST","40TH ST",15.00,S,N,A,-,N,,,,,,,,,,Y,4,0,1,2,-,-,"- ",,,N,C,C,A,A,H,-,A,D,0,,,,,Y,,-,"- ",0,0,1,0,0,0,0,0,0,"- ","- ",,,KERN,BAKERSFIELD,-119.00818022,35.396148840000002
6877434,2015,2015-04-15,1502,2015-03-25,1621,P45,,3,5,6,1502,0,0,0,,0,CENTRA,"GOSFORD RD","LAUREL GLEN BL",0.00,,Y,A,-,N,,,,,,,,,,N,4,0,1,2,A,-,08,22107,,M,H,G,A,-,H,-,A,A,0,,Y,,,Y,,-,99,0,0,1,0,0,0,1,0,0,"- ","- ",,,KERN,BAKERSFIELD,-119.09227011999999,35.333750049999999
6877435,2015,2015-04-15,1502,2015-03-21,0808,P63,,6,5,6,1502,0,0,0,,0,NORTH,"OLD FARM RD","REINA RD",0.00,,Y,A,-,N,,,,,,,,,,N,3,0,1,2,A,-,10,21950,A,N,G,B,B,A,H,-,A,A,0,Y,,,,Y,,A,07,0,1,0,0,1,0,0,0,0,"- ","- ",,,KERN,BAKERSFIELD,-119.13656012,35.412450010000001
6877436,2015,2016-04-18,1502,2015-03-21,0942,P63,,6,5,6,1502,0,0,0,,0,HILL,"24TH ST","BUCK OWENS BL",656.00,E,N,A,-,Y,KER,6,99,-,-,25.451,R,4,N,Y,4,0,7,3,A,-,03,22350,,N,C,C,A,A,H,-,A,D,0,,,,,Y,,A,07,0,0,7,0,0,0,0,0,0,"- ","- ",,,KERN,BAKERSFIELD,-119.04438214,35.380254809999997
6877437,2015,2015-04-15,1502,2015-03-18,1411,P40,,3,5,6,1502,0,0,0,,0,,"TRUXTON AV","MOHAWK ST",68.00,W,N,B,-,N,,,,,,,,,,N,3,0,1,2,A,-,08,22107,,N,D,G,A,A,H,-,A,D,0,,Y,,,Y,,A,01,0,1,0,0,0,0,1,0,0,"- ","- ",,,KERN,BAKERSFIELD,-119.06570682,35.365176060000003
6878008,2015,2016-09-15,1502,2015-03-27,1735,P45,,5,5,6,1502,0,0,0,,0,SOUTH,"TAFT HWY","COMPAGNONI ST",160.00,W,N,A,-,Y,KER,6,99,-,-,17.699,R,4,S,N,4,0,2,3,A,-,"- ",,,N,C,C,A,A,H,-,A,D,0,,,,,Y,,D,22,0,0,2,0,0,0,0,0,0,"- ","- ",,,KERN,BAKERSFIELD,-119.02377666,35.269698220000002
6878016,2015,2015-04-30,1502,2015-03-27,1544,P45,,5,5,6,1502,0,0,0,,0,METRO,"OAK ST","PARK WY",68.00,S,N,A,-,N,,,,,,,,,,N,4,0,1,2,A,-,"- ",,,N,C,C,A,A,H,-,A,D,0,,,,,Y,,A,01,0,0,1,0,0,0,0,0,0,"- ","- ",,,KERN,BAKERSFIELD,-119.03879194,35.367473420000003
6878020,2015,2015-04-16,1502,2015-03-27,0739,P24,,5,5,6,1502,0,0,0,,0,NORTH,"BRIMHALL RD","HARVEST CREEK RD",0.00,,Y,A,-,N,,,,,,,,,,Y,4,0,1,2,A,-,12,21453,A,N,D,C,A,A,H,-,A,A,0,,,,,Y,,D,22,0,0,1,0,0,0,0,0,0,"- ","- ",,,KERN,BAKERSFIELD,-119.10111003999999,35.368810060000001
6878036,2015,2016-03-21,1502,2015-03-30,0534,1072,,1,5,6,1502,0,0,0,,0,HILL,"GOLDEN STATE AV","M ST",50.00,E,N,A,-,N,,,,,,,,,,N,4,0,1,2,A,-,03,22350,,N,C,C,A,A,H,-,C,A,0,,,,,Y,,D,22,0,0,1,0,0,0,0,0,0,"- ","- ",,,KERN,BAKERSFIELD,-119.01508431000001,35.384639530000001
6878058,2015,2015-04-11,9420,2015-03-06,1530,16613,,5,2,9,1500,0,3,5,,2,030,"CALIENTE CREEK RD","BACK CYN RD",1584.00,S,N,A,-,N,,,,,,,,,,N,4,0,1,1,A,-,03,22350,,N,F,A,A,A,H,-,A,D,0,,,Y,,Y,,C,02,0,0,1,0,0,0,0,0,1,"- ","- ",35.318930000000002,-118.39258,KERN,UNINCORPORATED,-118.39259527999999,35.318939669999999
6878171,2015,2015-09-09,9420,2015-03-26,1315,018626,,4,1,9,1500,0,3,5,,2,610,"HARRIS RD","AKERS RD",0.00,,Y,A,-,N,,,,,,,,,,Y,4,0,1,2,A,-,12,21453,A,N,D,C,A,A,H,-,E,A,0,,,,,Y,,A,01,0,0,1,0,0,0,0,0,0,"- ","- ",35.303139999999999,-119.40779999999999,KERN,UNINCORPORATED,-119.04779006,35.303160079999998
6878175,2015,2015-04-20,9420,2015-03-26,0825,014850,,4,1,9,1500,0,3,5,,2,510,"CECIL AV","WALLACE RD",0.00,,Y,A,-,N,,,,,,,,,,Y,4,0,2,2,A,-,09,21802,A,N,D,C,A,A,H,-,A,A,0,,,,,Y,,D,22,0,0,2,0,0,0,0,0,0,"- ","- ",35.775959999999998,-119.16961000000001,KERN,UNINCORPORATED,-119.16965995,35.775980089999997
6878179,2015,2016-10-06,9420,2015-03-27,0720,018631,,5,1,6,1502,0,1,3,,2,584,"RT 58","S H ST",992.00,W,N,A,-,Y,KER,6,58,-,R,53.200,H,-,E,Y,4,0,1,2,A,-,03,22350,,N,C,C,A,A,D,H,A,D,1,,,,Y,Y,,G,25,0,0,1,0,0,0,0,0,0,"- ","- ",35.352510000000002,-118.9995,KERN,BAKERSFIELD,-119.02460427,35.352451950000003
6878195,2015,2016-11-05,9420,2015-04-05,1725,019316,,7,2,6,1502,0,1,3,,2,094,"RT 99","PLANZ RD",15.00,N,N,A,-,Y,KER,6,99,-,-,21.580,H,-,N,Y,4,0,1,2,A,-,03,22350,,N,C,C,A,A,H,-,A,D,1,,,,,Y,,A,01,0,0,1,0,0,0,0,0,0,"- ","- ",,,KERN,BAKERSFIELD,-119.03793234,35.324718730000001
6878203,2015,2016-11-05,9420,2015-04-03,1420,19316,,5,2,9,1500,0,2,4,,1,052,"NORRIS RD","RT 99",20.00,E,N,A,-,Y,KER,6,99,-,-,28.907,R,4,N,Y,4,0,1,2,A,-,09,21801,A,N,A,C,A,A,H,-,A,D,1,,,,,Y,,D,22,0,0,1,0,0,0,0,0,0,"- ","- ",,,KERN,UNINCORPORATED,-119.06352644,35.425281949999999
6878211,2015,2016-10-06,9420,2015-03-27,1350,018631,,5,1,9,1500,0,1,3,,2,584,"RT 58","FAIRFAX RD",1950.00,E,N,A,-,Y,KER,6,58,-,R,58.810,H,-,W,Y,3,0,1,2,A,-,08,22107,,N,F,A,A,A,H,-,A,D,1,,,Y,,Y,,C,02,0,1,0,0,0,0,0,0,1,"- ","- ",,,KERN,UNINCORPORATED,-118.92540155,35.352503540000001
6878215,2015,2016-09-07,9420,2015-03-29,0805,018643,,7,1,6,1502,0,1,3,,1,176,"RT 178","MOUNT VERNON AV",1609.00,E,N,A,-,Y,KER,6,178,-,-,4.930,H,-,W,Y,3,0,1,1,A,-,08,22107,,N,E,I,A,A,H,-,A,D,1,,,,,Y,,D,22,0,1,0,0,0,0,0,0,0,"- ","- ",35.39611,-118.96227,KERN,BAKERSFIELD,-118.94462399,35.396579770000002
6878268,2015,2016-09-15,9420,2015-03-22,0420,19704,,7,3,9,1500,0,1,3,,2,097,"RT 99","UNION AV",2640.00,N,N,A,-,Y,KER,6,99,-,-,27.280,H,-,N,Y,3,0,1,2,A,-,01,23152,A,N,E,I,A,A,H,-,D,D,1,,,,,Y,Y,A,01,0,1,0,0,0,0,0,0,0,"- ","- ",35.179189999999998,-119.00543,KERN,UNINCORPORATED,-119.04785425999999,35.406156230000001
6878272,2015,2016-09-07,9420,2015-03-28,2220,19845,,6,3,6,1502,0,1,3,,1,176,"RT 178","FAIRFAX RD",2112.00,W,N,A,-,Y,KER,6,178,-,R,6.370,H,-,W,Y,2,0,1,1,A,-,01,23152,A,N,E,I,A,A,H,-,C,D,0,,,,,Y,Y,A,07,1,0,0,0,0,0,0,0,0,"- ","- ",35.396659999999997,-118.93792000000001,KERN,BAKERSFIELD,-118.93694515999999,35.396624359999997
6878276,2015,2016-10-20,9420,2015-03-28,0930,18643,,6,1,9,1500,0,1,3,,1,184,"RT 184","E BRUNDAGE LN",145.00,N,N,A,-,Y,KER,6,184,-,-,8.110,H,-,S,Y,4,0,1,2,A,-,09,21804,A,N,D,C,A,A,H,-,A,D,0,,,,,Y,,A,07,0,0,1,0,0,0,0,0,0,"- ","- ",35.354909999999997,-118.91423,KERN,UNINCORPORATED,-118.91420011,35.354751950000001
6878280,2015,2016-04-18,9420,2015-03-30,1514,17253,,1,2,9,1500,0,1,3,,2,090,"RT 99","RT 46",108.00,S,N,A,-,Y,KER,6,99,-,-,44.290,H,-,N,Y,4,0,1,1,A,-,08,22107,,N,E,I,A,A,H,-,A,D,1,,,,,Y,,A,01,0,0,1,0,0,0,0,0,0,"- ","- ",35.621029999999998,-119.21391,KERN,UNINCORPORATED,-119.21106313999999,35.601791540000001
6878284,2015,2016-04-18,9420,2015-03-26,0920,11880,,4,1,6,1502,0,1,3,,2,092,"RT 99","KERN RIVER",0.00,S,N,A,-,Y,KER,6,99,-,-,25.380,H,-,N,Y,4,0,1,1,A,-,08,22107,,N,E,I,A,A,H,-,A,D,1,,,,,Y,,A,01,0,0,1,0,0,0,0,0,0,"- ","- ",35.378489999999999,-119.04430000000001,KERN,BAKERSFIELD,-119.04437409000001,35.379230239999998
6878292,2015,2016-10-20,9420,2015-03-26,1655,16978,,4,2,9,1500,0,1,3,,1,184,"RT 184","SUNSET BL",0.00,,Y,A,-,Y,KER,6,184,-,L,1.000,I,5,N,Y,4,0,1,2,A,-,12,22450,A,N,D,C,A,A,H,-,A,D,0,,,,,Y,,A,01,0,0,1,0,0,0,0,0,0,"- ","- ",,,KERN,UNINCORPORATED,-118.91447672,35.2232713
6878302,2015,2015-04-17,9420,2015-04-03,1145,019140,,5,1,9,1500,0,3,5,,2,610,"WILSON RD","P ST",0.00,,Y,A,-,N,,,,,,,,,,N,4,0,1,2,A,-,09,21801,A,N,D,C,A,A,H,-,A,D,0,,,,,Y,,D,22,0,0,1,0,0,0,0,0,0,"- ","- ",35.332169999999998,-119.01184000000001,KERN,UNINCORPORATED,-119.01184003,35.33220008
6878358,2015,2015-04-15,9420,2015-03-28,1930,018805,,6,2,9,1500,0,2,4,,1,071,"MOUNT VERNON AV","POTOMAC AV",0.00,,Y,A,-,N,,,,,,,,,,N,3,0,1,2,A,-,12,21453,A,N,D,G,A,A,H,-,C,A,0,,Y,,,Y,,L,04,0,1,0,0,0,0,1,0,0,"- ","- ",35.36495,-118.96745,KERN,UNINCORPORATED,-118.96760012999999,35.364960080000003
6878431,2015,2016-09-07,9420,2015-03-30,1758,015466,,1,2,9,1500,0,1,3,,2,178,"RT 178","BOREL RD",12144.00,W,N,A,-,Y,KER,6,178,-,R,36.860,H,-,E,N,3,0,1,1,A,-,16,27465,B,N,F,A,A,A,H,-,A,D,1,,,Y,,Y,,C,02,0,1,0,0,0,0,0,0,1,"- ","- ",35.581490000000002,-118.5583,KERN,UNINCORPORATED,-118.55644009,35.582022729999998
6878573,2015,2016-12-15,9420,2015-04-06,1740,019098,,1,2,6,1502,0,1,3,,1,176,"RT 178","UNION AV",1056.00,W,N,A,-,Y,KER,6,178,-,R,2.210,H,-,W,N,4,0,1,1,A,-,08,22107,,N,E,I,A,A,H,-,A,D,1,,,,,Y,,A,01,0,0,1,0,0,0,0,0,0,"- ","- ",35.383299999999998,-119.00700000000001,KERN,BAKERSFIELD,-119.00678404999999,35.38345442
6878645,2015,2015-04-22,1507,2015-03-29,1943,254,100,7,5,3,1507,0,0,0,,0,,"ZERKER RD","7TH STANDARD RD",7920.00,N,N,A,-,N,,,,,,,,,,N,3,0,1,2,A,-,05,21650,,N,B,C,A,A,H,-,B,D,0,,,,Y,Y,,A,01,0,1,0,0,0,0,0,0,0,"- ","- ",35.461689999999997,-119.15378,KERN,SHAFTER,-119.15367494,35.463416459999998
6878831,2015,2015-04-17,1505,2015-03-24,0723,M087,2,2,5,2,1505,0,0,0,,0,,"W KERN AV","6TH ST",33.00,W,N,A,-,N,,,,,,,,,,Y,4,0,1,2,A,-,03,22350,,N,C,C,A,A,H,-,A,D,0,,,,,Y,,A,01,0,0,1,0,0,0,0,0,0,"- ","- ",,,KERN,MCFARLAND,-119.23499099,35.67800897
6879057,2015,2015-05-08,9426,2015-04-03,0910,018853,,5,1,9,1500,0,3,5,,2,081,"ASH ST","ADAMS ST",250.00,W,N,A,-,N,,,,,,,,,,N,4,0,1,2,A,-,21,22106,,N,C,C,A,A,H,-,A,D,0,,,,,Y,,D,22,0,0,1,0,0,0,0,0,0,"- ","- ",35.151389999999999,-119.44923,KERN,UNINCORPORATED,-119.44951552000001,35.151440000000001
6879059,2015,2016-10-31,9426,2015-03-29,1819,016780,,7,2,9,1500,0,1,3,,1,332,"RT 33","KERTO RD",0.00,,N,A,-,Y,KER,6,33,-,-,13.150,H,-,S,Y,2,0,1,1,A,-,01,23152,A,N,F,A,A,A,H,-,A,D,0,,,,,Y,Y,A,01,1,0,0,0,0,0,0,0,0,"- ","- ",35.07931,-119.40056,KERN,UNINCORPORATED,-119.40084319,35.079587869999997
6879061,2015,2015-05-15,9426,2015-04-03,0800,018853,,5,1,9,1500,0,3,5,,2,081,"CRYSTAL ST","SHATTUCK AV",0.00,,Y,A,-,N,,,,,,,,,,N,4,0,1,2,A,-,03,22350,,N,D,C,A,A,H,-,A,D,0,,,,,Y,,-,"- ",0,0,1,0,0,0,0,0,0,"- ","- ",35.134340000000002,-119.46096,KERN,UNINCORPORATED,-119.46104998,35.134500009999996
6879080,2015,2015-04-20,9420,2015-03-29,1845,019531,,7,2,9,1500,0,2,4,,1,072,"BRUNDAGE LN","FAIRFAX RD",400.00,E,N,A,-,N,,,,,,,,,,N,3,0,1,2,A,-,05,21650,,N,D,C,A,A,H,-,A,D,0,,,Y,,Y,,C,06,0,1,0,0,0,0,0,0,1,"- ","- ",35.354379999999999,-118.92668,KERN,UNINCORPORATED,-118.93069039,35.354277080000003
6879519,2015,2016-10-20,1503,2015-02-26,1510,10116,1503,4,5,4,1503,0,0,0,,0,ALL,"RANDOLPH ST","GARCES HWY",0.00,,Y,A,-,Y,KER,6,155,-,R,0.965,I,5,E,Y,4,0,1,2,A,-,09,21802,A,N,D,C,A,A,H,-,A,A,0,,,,,Y,,A,01,0,0,1,0,0,0,0,0,0,"- ","- ",,,KERN,DELANO,-119.23199323,35.761438069999997
6879854,2015,2015-04-21,9830,2015-03-31,1347,18494,,2,1,9,1500,0,3,5,,2,003,"KNOX AV","EAGLE WY",3.00,W,N,A,-,N,,,,,,,,,,N,4,0,1,1,A,-,03,22350,,N,F,A,A,A,H,-,A,D,0,,,Y,,Y,,C,02,0,0,1,0,0,0,0,0,1,"- ","- ",34.86956,-118.17831,KERN,UNINCORPORATED,-118.17822481,34.869537209999997
6880134,2015,2016-11-04,9830,2015-04-07,1045,16971,,2,1,9,1500,0,1,3,,1,020,"RT 14","BELSHAW ST",0.00,,Y,B,-,Y,KER,6,14,-,R,16.596,I,5,N,Y,4,0,2,2,A,-,09,21802,A,N,D,C,A,A,H,-,A,D,0,,,,,Y,,D,22,0,0,2,0,0,0,0,0,0,"- ","- ",35.054859999999998,-118.17448,KERN,UNINCORPORATED,-118.1747333,35.055888060000001
6880248,2015,2015-04-16,1502,2015-03-30,1918,1064,,1,5,6,1502,0,0,0,,0,NORTH,"HAGEMAN RD","CALLOWAY DR",0.00,,Y,A,-,N,,,,,,,,,,N,4,0,1,2,A,-,09,21453,C,N,D,C,A,A,H,-,B,A,0,,,,,Y,,D,22,0,0,1,0,0,0,0,0,0,"- ","- ",,,KERN,BAKERSFIELD,-119.11002003,35.398170039999997