CASE_ID,ACCIDENT_YEAR,PROC_DATE,JURIS,COLLISION_DATE,COLLISION_TIME,OFFICER_ID,REPORTING_DISTRICT,DAY_OF_WEEK,CHP_SHIFT,POPULATION,CNTY_CITY_LOC,SPECIAL_COND,BEAT_TYPE,CHP_BEAT_TYPE,CITY_DIVISION_LAPD,CHP_BEAT_CLASS,BEAT_NUMBER,PRIMARY_RD,SECONDARY_RD,DISTANCE,DIRECTION,INTERSECTION,WEATHER_1,WEATHER_2,STATE_HWY_IND,CALTRANS_COUNTY,CALTRANS_DISTRICT,STATE_ROUTE,ROUTE_SUFFIX,POSTMILE_PREFIX,POSTMILE,LOCATION_TYPE,RAMP_INTERSECTION,SIDE_OF_HWY,TOW_AWAY,COLLISION_SEVERITY,NUMBER_KILLED,NUMBER_INJURED,PARTY_COUNT,PRIMARY_COLL_FACTOR,PCF_CODE_OF_VIOL,PCF_VIOL_CATEGORY,PCF_VIOLATION,PCF_VIOL_SUBSECTION,HIT_AND_RUN,TYPE_OF_COLLISION,MVIW,PED_ACTION,ROAD_SURFACE,ROAD_COND_1,ROAD_COND_2,LIGHTING,CONTROL_DEVICE,CHP_ROAD_TYPE,PEDESTRIAN_ACCIDENT,BICYCLE_ACCIDENT,MOTORCYCLE_ACCIDENT,TRUCK_ACCIDENT,NOT_PRIVATE_PROPERTY,ALCOHOL_INVOLVED,STWD_VEHTYPE_AT_FAULT,CHP_VEHTYPE_AT_FAULT,COUNT_SEVERE_INJ,COUNT_VISIBLE_INJ,COUNT_COMPLAINT_PAIN,COUNT_PED_KILLED,COUNT_PED_INJURED,COUNT_BICYCLIST_KILLED,COUNT_BICYCLIST_INJURED,COUNT_MC_KILLED,COUNT_MC_INJURED,PRIMARY_RAMP,SECONDARY_RAMP,LATITUDE,LONGITUDE,COUNTY,CITY,POINT_X,POINT_Y
6978069,2015,2015-07-07,9420,2015-06-20,0615,019206,,6,1,9,1500,0,3,5,,2,410,"POSO FLAT RD","RED HAWK RD",1584.00,W,N,A,-,N,,,,,,,,,,N,2,0,1,1,A,-,03,22350,,N,F,A,A,A,H,-,A,D,0,,,Y,,Y,,C,02,1,0,0,0,0,0,0,0,1,"- ","- ",35.618929999999999,-118.68679,KERN,UNINCORPORATED,-118.68679941000001,35.618910239999998
6978073,2015,2015-07-07,9420,2015-06-20,1906,019686,,6,2,9,1500,0,3,5,,2,520,"SHERWOOD AV","ZERKER RD",1144.00,W,N,A,-,N,,,,,,,,,,Y,3,0,1,1,A,-,08,22107,,N,E,I,A,A,H,-,B,D,0,,,,,Y,,A,01,0,1,0,0,0,0,0,0,0,"- ","- ",35.674579999999999,-119.15548,KERN,UNINCORPORATED,-119.15561734000001,35.674630219999997
6978077,2015,2016-12-01,9420,2015-06-17,1505,019461,,3,2,9,1500,0,1,3,,2,585,"RT 58","FAIRFAX RD",2112.00,E,N,A,-,Y,KER,6,58,-,R,58.840,H,-,W,Y,2,0,2,1,A,-,08,22107,,N,F,A,A,A,C,-,A,D,1,,,,,Y,,A,01,1,1,0,0,0,0,0,0,0,"- ","- ",35.352670000000003,-118.92542,KERN,UNINCORPORATED,-118.92487215,35.352506150000004
6978199,2015,2016-11-04,9830,2015-06-18,0600,014774,,4,1,9,1500,0,1,3,,2,030,"RT 14","ROSAMOND BL",6336.00,S,N,A,-,Y,KER,6,14,-,R,1.820,H,-,N,Y,4,0,1,1,A,-,08,22107,,N,E,I,A,A,H,-,A,D,1,,,,,Y,,A,01,0,0,1,0,0,0,0,0,0,"- ","- ",34.84599,-118.17107,KERN,UNINCORPORATED,-118.17119371,34.846892859999997
6978203,2015,2016-11-04,9830,2015-06-12,2040,019592,,5,2,9,1500,0,3,5,,2,001,"RT 202","JEFFREY RD",620.00,W,N,A,-,Y,KER,6,202,-,R,0.710,H,-,W,Y,4,0,2,2,A,-,09,21801,A,N,D,C,A,A,H,-,D,D,0,,,,,Y,,A,07,0,0,2,0,0,0,0,0,0,"- ","- ",35.122920000000001,-118.49957000000001,KERN,UNINCORPORATED,-118.49957000000001,35.122920000000001
6978406,2015,2016-11-04,9830,2015-06-22,1415,017834,,1,2,9,1500,0,1,3,,1,050,"RT 14","RT 178",14256.00,S,N,A,-,Y,KER,6,14,-,-,54.980,H,-,S,Y,3,0,2,2,A,-,08,22107,,N,D,C,A,A,H,-,A,A,0,,,,,Y,,A,07,0,2,0,0,0,0,0,0,0,"- ","- ",35.564819999999997,-117.91997000000001,KERN,UNINCORPORATED,-117.92042737,35.563898469999998
6978506,2015,2015-07-13,1503,2015-06-12,1505,10150,1503,5,5,4,1503,0,0,0,,0,ALL,"HIGH ST","11TH AV",157.00,N,N,A,-,N,,,,,,,,,,N,4,0,1,2,A,-,03,22350,,F,C,C,A,A,H,-,A,A,0,,,,,Y,,A,01,0,0,1,0,0,0,0,0,0,"- ","- ",,,KERN,DELANO,-119.24736117,35.770554400000002
6978552,2015,2015-07-13,9830,2015-06-27,2000,17064,,6,2,9,1500,0,2,4,,1,034,"ROSAMOND BL","70TH STREET WEST",7.00,E,N,A,-,N,,,,,,,,,,Y,4,0,1,1,A,-,08,22107,,N,E,I,A,A,H,-,D,D,0,,,,,Y,,A,01,0,0,1,0,0,0,0,0,0,"- ","- ",34.863860000000003,-118.2556,KERN,UNINCORPORATED,-118.25563671,34.863710099999999
6978609,2015,2016-11-05,1502,2015-06-26,1525,1149,,5,5,6,1502,0,0,0,,0,METRO,"4TH ST","UNION AV",0.00,,Y,A,-,Y,KER,6,204,-,-,2.550,I,5,S,Y,4,0,2,2,-,-,"- ",,,N,D,C,A,A,H,-,A,A,0,,,,,Y,,-,"- ",0,0,2,0,0,0,0,0,0,"- ","- ",,,KERN,BAKERSFIELD,-119.00297935,35.360789429999997
6978691,2015,2015-07-10,1507,2015-06-17,1053,255,17,3,5,3,1507,0,0,0,,0,,"S CENTRAL VALLEY HWY","E EUCLID AV",0.00,,Y,A,-,N,,,,,,,,,,N,3,0,2,2,A,-,09,21802,A,N,D,C,A,A,H,-,A,A,0,,,,,Y,,A,01,0,2,0,0,0,0,0,0,0,"- ","- ",,,KERN,SHAFTER,-119.26885994,35.49867004
6978695,2015,2015-07-10,1503,2015-06-17,1500,1082,1503,3,5,4,1503,0,0,0,,0,ALL,"13TH AV","LEXINGTON ST",0.00,,Y,A,-,N,,,,,,,,,,N,3,0,2,2,A,-,12,22450,A,N,D,C,A,A,H,-,A,D,0,,,,,Y,,A,01,0,1,1,0,0,0,0,0,0,"- ","- ",,,KERN,DELANO,-119.24256995,35.7735901
6978697,2015,2016-12-03,1503,2015-06-05,1046,10145,1503,5,5,4,1503,0,0,0,,0,ALL,"GARCES HWY","HIGH ST",0.00,,Y,A,-,Y,KER,6,155,-,-,0.220,I,5,E,Y,4,0,5,3,A,-,12,22450,A,N,D,C,A,A,H,-,A,A,0,,,,,Y,Y,A,01,0,0,5,0,0,0,0,0,0,"- ","- ",,,KERN,DELANO,-119.25027414,35.763758789999997
6978698,2015,2015-07-10,1503,2015-06-02,0842,10145,1503,2,5,4,1503,0,0,0,,0,ALL,"HIGH ST","11TH AV",0.00,,Y,A,-,N,,,,,,,,,,Y,4,0,2,3,A,-,12,21453,A,N,D,C,A,A,H,-,A,A,0,,,,,Y,Y,A,01,0,0,2,0,0,0,0,0,0,"- ","- ",,,KERN,DELANO,-119.24726991999999,35.770130090000002
6979113,2015,2015-07-10,1506,2015-04-11,1506,5977,20,6,5,4,1506,0,0,0,,0,,"WEST LAS FLORES AV","N SANDERS",53.00,E,N,A,-,N,,,,,,,,,,Y,2,0,1,2,A,-,08,22107,,N,D,C,A,A,H,-,A,D,0,,,Y,,Y,,D,22,1,0,0,0,0,0,0,0,1,"- ","- ",,,KERN,RIDGECREST,-117.6719421,35.629800000000003
6979114,2015,2015-07-21,1506,2015-06-08,1935,4013,41,1,5,4,1506,0,0,0,,0,,"W BOWMAN RD","S MAHAN ST",0.00,,Y,A,-,N,,,,,,,,,,N,3,0,1,2,A,-,09,21802,A,F,D,G,A,A,H,-,A,A,0,,Y,,,Y,,D,22,0,1,0,0,0,0,1,0,0,"- ","- ",,,KERN,RIDGECREST,-117.69680002,35.607790029999997
6980704,2014,2015-07-30,1501,2014-10-24,1519,919,12,5,5,3,1501,0,0,0,,0,001,"CAMPUS DR","4TH AV",26.00,N,N,A,-,N,,,,,,,,,,N,4,0,2,2,A,-,"- ",,,N,C,C,A,A,H,-,A,D,0,,,,,Y,,A,01,0,0,2,0,0,0,0,0,0,"- ","- ",,,KERN,ARVIN,-118.83324140000001,35.210721319999998
6981034,2015,2017-01-12,1502,2015-07-06,1212,1195,,1,5,6,1502,0,0,0,,0,CENTRA,"WHITE LN","RT 99",0.00,,Y,A,-,Y,KER,6,99,-,-,21.237,R,4,S,Y,4,0,2,2,A,-,12,21453,A,N,D,C,A,A,H,-,A,A,0,,,,,Y,,D,22,0,0,2,0,0,0,0,0,0,"- ",SF,,,KERN,BAKERSFIELD,-119.03695904999999,35.319875400000001
6981035,2015,2015-07-21,1502,2015-07-05,1442,1038,,7,5,6,1502,0,0,0,,0,METRO,"BRUNDAGE LN","U ST",32.00,W,N,A,-,N,,,,,,,,,,Y,4,0,1,2,A,-,03,22350,,N,C,C,A,A,H,-,A,D,0,,,,,Y,,A,01,0,0,1,0,0,0,0,0,0,"- ","- ",,,KERN,BAKERSFIELD,-119.00654718,35.353910509999999
6981036,2015,2016-07-26,1502,2015-07-05,1238,P63,,7,5,6,1502,0,0,0,,0,METRO,"24TH ST","CHESTER AV",0.00,,Y,A,-,N,,,,,,,,,,Y,3,0,3,2,A,-,08,22107,,N,H,A,A,A,H,-,A,A,0,,,,,Y,,D,22,0,1,2,0,0,0,0,0,0,"- ","- ",,,KERN,BAKERSFIELD,-119.01885009999999,35.38101004
6981180,2015,2016-11-04,1508,2015-06-21,0955,46,,7,5,2,1508,0,0,0,,0,,"RT 33","WOOD ST",528.00,S,N,A,-,Y,KER,6,33,-,-,17.470,H,-,S,N,4,0,1,1,C,-,18,,,N,F,J,A,-,H,-,A,A,0,,,,,Y,,-,"- ",0,0,1,0,0,0,0,0,0,"- ","- ",,,KERN,TAFT,-119.44427892,35.130265059999999
6981522,2015,2016-12-15,9420,2015-06-24,0820,015255,,3,1,9,1500,0,1,3,,1,176,"RT 178","VIEW ST",102.00,E,N,A,-,Y,KER,6,178,-,-,8.810,H,-,W,Y,4,0,2,2,A,-,03,22350,,N,C,C,A,A,H,-,A,D,0,,,,,Y,,A,07,0,0,2,0,0,0,0,0,0,"- ","- ",35.241700000000002,-118.52,KERN,UNINCORPORATED,-118.86751371,35.405157000000003
6981526,2015,2015-07-17,9420,2015-06-23,1805,015119,,2,2,9,1500,0,2,4,,1,072,"EAST CALIFORNIA AV","CHAMBERLAIN AV",0.00,,Y,A,-,N,,,,,,,,,,Y,4,0,2,2,A,-,12,21453,A,N,D,C,A,A,H,-,A,A,0,,,,,Y,,A,07,0,0,2,0,0,0,0,0,0,"- ","- ",35.368720000000003,-118.97038999999999,KERN,UNINCORPORATED,-118.97031002,35.368640030000002
6981546,2015,2015-07-17,9420,2015-06-17,2050,018643,,3,2,9,1500,0,3,5,,2,040,"HALEY ST","BERNARD ST",40.00,N,N,A,-,N,,,,,,,,,,N,4,0,1,2,A,-,11,21954,A,N,G,B,D,A,H,-,C,D,0,Y,,,,Y,,N,60,0,0,1,0,1,0,0,0,0,"- ","- ",35.389130000000002,-118.97676,KERN,UNINCORPORATED,-118.97682018,35.388994799999999
6981550,2015,2016-11-04,9420,2015-06-25,2245,018135,,4,3,9,1500,0,1,3,,2,096,"RT 99","RT 223",2640.00,S,N,A,-,Y,KER,6,99,-,-,12.910,H,-,N,Y,4,0,1,2,A,-,03,22350,,N,C,C,A,A,H,-,D,D,1,,,,,Y,,A,01,0,0,1,0,0,0,0,0,0,"- ","- ",35.201990000000002,-119.00903,KERN,UNINCORPORATED,-119.00903291,35.201346389999998
6981554,2015,2016-11-04,9420,2015-06-23,0642,014770,,2,1,9,1500,0,1,3,,2,096,"RT 99","RT 223",3696.00,N,N,A,-,Y,KER,6,99,-,-,14.110,H,-,S,Y,4,0,1,1,A,-,08,22107,,N,E,I,A,A,H,-,A,D,1,,,,,Y,,A,01,0,0,1,0,0,0,0,0,0,"- ","- ",35.212409999999998,-119.01203,KERN,UNINCORPORATED,-119.01207367000001,35.218565300000002
6981558,2015,2016-12-08,9420,2015-06-15,0225,019829,,1,3,9,1500,0,1,3,,1,184,SR184,"PHILLIPS ST",250.00,S,N,A,-,Y,KER,6,184,-,-,0.140,H,-,N,Y,2,0,1,1,A,-,01,23152,A,N,F,A,A,A,H,-,C,D,0,,,,,Y,Y,A,07,1,0,0,0,0,0,0,0,0,"- ","- ",35.240580000000001,-118.91445,KERN,UNINCORPORATED,-118.91443839999999,35.239834590000001
6981562,2015,2016-11-05,9420,2015-06-26,2055,019316,,5,2,9,1500,0,1,3,,2,095,"RT 99","RT 119",500.00,N,N,A,-,Y,KER,6,99,-,-,17.590,H,-,S,Y,4,0,1,1,A,-,08,22107,,N,E,I,A,A,H,-,D,D,1,,,Y,,Y,,C,02,0,0,1,0,0,0,0,0,1,TO,"- ",,,KERN,UNINCORPORATED,-119.02339019,35.26814675
6981566,2015,2015-07-17,9420,2015-06-26,0445,019184,,5,3,9,1500,0,3,5,,2,540,"COUNTY LINE RD","ROAD 200",0.00,,Y,A,-,N,,,,,,,,,,Y,4,0,1,1,A,-,08,22107,,N,F,I,A,A,H,-,D,D,0,,,,,Y,,A,07,0,0,1,0,0,0,0,0,0,"- ","- ",35.790730000000003,-119.12537,KERN,UNINCORPORATED,-119.12537,35.790730000000003
6982071,2015,2015-07-27,1502,2015-06-28,1242,1028,,7,5,6,1502,0,0,0,,0,CENTRA,"NEW STINE RD","DEMARET AV",1000.00,S,N,A,-,N,,,,,,,,,,Y,3,0,1,2,-,-,"- ",,,N,D,G,A,A,H,-,A,D,0,,Y,,,Y,,-,"- ",0,1,0,0,0,0,1,0,0,"- ","- ",,,KERN,BAKERSFIELD,-119.06137286000001,35.348925979999997
6982072,2015,2015-07-27,1502,2015-06-28,1350,1038,,7,5,6,1502,0,0,0,,0,HILL,"24TH ST","BUCK OWENS BL",30.00,E,N,B,-,N,,,,,,,,,,N,4,0,1,2,-,-,"- ",,,M,C,C,A,A,H,-,A,A,0,,,,,Y,,-,"- ",0,0,1,0,0,0,0,0,0,"- ","- ",,,KERN,BAKERSFIELD,-119.04312819,35.383044499999997
6982073,2015,2015-07-18,1502,2015-06-28,1752,984,,7,5,6,1502,0,0,0,,0,METRO,"POTOMAC AV","W KING ST",245.00,W,N,A,-,N,,,,,,,,,,N,3,0,1,2,A,-,05,21202,A,N,H,G,A,A,H,-,A,D,0,,Y,,,Y,,-,99,0,1,0,0,0,0,1,0,0,"- ","- ",,,KERN,BAKERSFIELD,-118.99489068,35.364820000000002
6982074,2015,2015-07-27,1502,2015-06-29,1553,P69,,1,5,6,1502,0,0,0,,0,VALLEY,"BRUNDAGE LN","N ST",0.00,,Y,A,-,N,,,,,,,,,,Y,4,0,1,2,-,-,"- ",,,N,D,C,A,A,H,-,A,A,0,,,,,Y,,-,"- ",0,0,1,0,0,0,0,0,0,"- ","- ",,,KERN,BAKERSFIELD,-119.01422002,35.353890079999999
6982075,2015,2015-07-18,1502,2015-06-24,0812,P24,,3,5,6,1502,0,0,0,,0,HILL,"CHESTER AV","GARCES CIR",0.00,,Y,A,-,N,,,,,,,,,,N,3,0,1,2,A,-,09,21800,B,N,H,G,A,A,H,-,A,A,0,,Y,,,Y,,A,01,0,1,0,0,0,0,1,0,0,"- ","- ",,,KERN,BAKERSFIELD,-119.01854991,35.387290049999997
6982076,2015,2015-07-18,1502,2015-06-24,0959,P75,,3,5,6,1502,0,0,0,,0,HILL,"MOUNT VERNON AV","COLLEGE AV",386.00,S,N,A,-,N,,,,,,,,,,Y,4,0,1,2,A,-,03,22350,,N,C,C,A,A,D,-,A,A,0,,,,,Y,,A,01,0,0,1,0,0,0,0,0,0,"- ","- ",,,KERN,BAKERSFIELD,-118.96738499,35.381970959999997
6982077,2015,2015-07-18,1502,2015-06-24,1834,1153,,3,5,6,1502,0,0,0,,0,,"MING AV","STINE RD",157.00,W,N,A,-,N,,,,,,,,,,N,4,0,1,2,A,-,08,22107,,N,B,C,A,A,H,-,A,D,0,,,,,Y,,A,01,0,0,1,0,0,0,0,0,0,"- ","- ",,,KERN,BAKERSFIELD,-119.05100569,35.339487200000001
6982078,2015,2015-07-18,1502,2015-06-24,2042,1120,,3,5,6,1502,0,0,0,,0,,"21ST ST","OAK ST",0.00,,Y,A,-,N,,,,,,,,,,N,4,0,4,2,A,-,09,21802,B,F,D,C,A,A,H,-,C,A,0,,,,,Y,,A,01,0,0,4,0,0,0,0,0,0,"- ","- ",,,KERN,BAKERSFIELD,-119.03858001,35.378210060000001
6982079,2015,2015-07-27,1502,2015-06-25,0941,P75,,4,5,6,1502,0,0,0,,0,METRO,"CHESTER AV","22ND ST",20.00,S,N,A,-,N,,,,,,,,,,Y,4,0,2,2,-,-,"- ",,,N,C,C,A,A,H,-,A,D,0,,,,,Y,,-,"- ",0,0,2,0,0,0,0,0,0,"- ","- ",,,KERN,BAKERSFIELD,-119.01874423,35.37901995
6982080,2015,2015-07-18,1502,2015-06-25,1044,1195,,4,5,6,1502,0,0,0,,0,HILL,"AUBURN ST","KILCAREY CT",0.00,,Y,A,-,N,,,,,,,,,,Y,3,0,5,2,A,-,03,22350,,F,D,C,A,A,H,-,A,D,0,,,,,Y,,A,01,0,5,0,0,0,0,0,0,0,"- ","- ",,,KERN,BAKERSFIELD,-118.93979001,35.397810020000001
6982178,2015,2016-11-05,9430,2015-06-27,0015,018681,,6,3,9,1500,0,1,1,,2,052,"RT 5",LEBEC,8448.00,N,N,A,-,Y,KER,6,5,-,-,3.270,H,-,S,Y,2,0,1,2,A,-,03,22350,,N,C,C,A,A,H,-,D,D,1,,,,Y,Y,,G,25,1,0,0,0,0,0,0,0,0,"- ","- ",34.856580000000001,-118.87571,KERN,UNINCORPORATED,-118.87568286,34.856761079999998
6982182,2015,2015-07-28,9430,2015-07-03,0545,018631,,5,3,9,1500,0,3,5,,2,004,"LEGRAY RD","WHEELER RIDGE RD",0.00,,Y,A,-,N,,,,,,,,,,Y,3,0,2,2,A,-,09,21802,A,N,D,C,A,A,H,-,B,A,0,,,,,Y,,D,22,0,1,1,0,0,0,0,0,0,"- ","- ",35.030709999999999,-118.92653,KERN,UNINCORPORATED,-118.92646003999999,35.03088004
6982832,2015,2016-11-04,1508,2015-06-23,1425,110,4B,2,5,2,1508,0,0,0,,0,,"KERN ST","6TH ST",0.00,,Y,A,-,Y,KER,6,33,-,-,18.790,I,5,N,N,3,0,1,2,A,-,11,21950,B,N,G,B,D,A,H,-,A,A,0,Y,,,,Y,,N,60,0,1,0,0,1,0,0,0,0,"- ","- ",,,KERN,TAFT,-119.45942644,35.143104649999998
6983153,2015,2017-01-12,9420,2015-07-06,1530,018626,,1,2,6,1502,0,1,3,,2,092,"RT 99","OLIVE DR",1584.00,N,N,A,-,Y,KER,6,99,-,-,28.170,H,-,N,N,4,0,1,2,A,-,03,22350,,N,C,C,A,A,H,-,A,D,1,,,,,Y,,D,22,0,0,1,0,0,0,0,0,0,"- ","- ",,,KERN,BAKERSFIELD,-119.05837990000001,35.415609760000002
6983220,2015,2016-11-05,9420,2015-06-21,1519,019686,,7,2,9,1500,0,1,3,,2,090,"RT 99","LERDO HWY",3020.00,N,N,A,-,Y,KER,6,99,-,-,37.090,H,-,N,Y,2,0,2,2,A,-,07,21658,A,N,B,C,A,A,H,-,A,D,1,,,,,Y,,D,22,2,0,0,0,0,0,0,0,0,"- ","- ",35.506329999999998,-119.17264,KERN,UNINCORPORATED,-119.17092949000001,35.504810749999997
6983232,2015,2015-07-22,9420,2015-04-27,1745,016973,,1,2,9,1500,0,3,5,,2,520,"GARZOLI AV","ELMO HWY",2640.00,N,N,A,-,N,,,,,,,,,,N,4,0,1,1,A,-,08,22107,,N,H,J,A,A,H,-,A,D,0,,,,,Y,,D,22,0,0,1,0,0,0,0,0,0,"- ","- ",35.695650000000001,-119.24096,KERN,UNINCORPORATED,-119.24084999999999,35.696064810000003
6983244,2015,2016-12-15,9420,2015-06-29,1550,019896,,1,2,9,1500,0,1,3,,2,177,"RT 178","DEMOCRAT RD",21120.00,W,N,A,-,Y,KER,6,178,-,-,22.630,H,-,W,Y,2,0,2,2,A,-,05,21460,A,N,A,C,A,A,H,-,A,D,0,,,,,Y,Y,D,22,1,0,1,0,0,0,0,0,0,"- ","- ",35.493259999999999,-118.699,KERN,UNINCORPORATED,-118.70271828,35.49292269
6983252,2015,2015-07-21,9420,2015-06-30,0920,015259,,2,1,9,1500,0,2,4,,1,075,"SOUTH UNION AV","E PANAMA RD",0.00,,Y,B,-,N,,,,,,,,,,Y,4,0,2,2,A,-,12,21453,A,N,D,C,A,A,H,-,A,A,0,,,,Y,Y,,A,01,0,0,2,0,0,0,0,0,0,"- ","- ",35.266829999999999,-119.00301,KERN,UNINCORPORATED,-119.00298002,35.26685011
6983256,2015,2016-12-15,9420,2015-06-30,2355,018068,,2,3,9,1500,0,1,3,,2,223,"RT 223","GOSFORD RD",245.00,W,N,A,-,Y,KER,6,223,-,-,5.820,H,-,W,Y,2,0,2,2,A,-,01,23152,E,N,C,C,A,A,H,-,D,D,0,,,,,Y,,A,01,1,1,0,0,0,0,0,0,0,"- ","- ",35.208860000000001,-119.0933,KERN,UNINCORPORATED,-119.09320682000001,35.208844190000001
6983363,2015,2017-01-12,9420,2015-07-01,0055,017560,,3,3,9,1500,0,1,3,,2,094,"RT 99","WILSON RD",100.00,N,N,A,-,Y,KER,6,99,-,-,22.130,H,-,N,Y,3,0,2,1,A,-,08,22107,,N,B,I,A,A,H,-,C,D,1,,,,,Y,Y,A,07,0,1,1,0,0,0,0,0,0,"- ","- ",35.332850000000001,-119.03958,KERN,UNINCORPORATED,-119.03950546999999,35.33255767
6983367,2015,2015-07-28,9420,2015-07-04,1245,019868,,6,1,9,1500,0,3,5,,2,610,"MING AV","S CHESTER AV",50.00,E,N,A,-,N,,,,,,,,,,Y,4,0,1,2,A,-,07,21658,A,N,B,C,A,A,H,-,A,D,0,,,,,Y,,A,07,0,0,1,0,0,0,0,0,0,"- ","- ",35.339419999999997,-119.01819,KERN,UNINCORPORATED,-119.01856256000001,35.339449999999999
6983391,2015,2016-07-26,9420,2015-07-02,1750,016947,,4,2,9,1500,0,2,4,,1,064,"OLIVE DR","KNUDSEN DR",0.00,,Y,A,-,N,,,,,,,,,,Y,3,0,2,2,A,-,09,21453,C,N,A,C,A,A,H,-,A,A,0,,,,,Y,,A,01,0,1,1,0,0,0,0,0,0,"- ","- ",35.412379999999999,-119.05868,KERN,UNINCORPORATED,-119.05878006,35.412410039999997
6983395,2015,2015-07-28,9420,2015-07-05,2100,019891,,7,2,9,1500,0,2,4,,1,075,"MING AV","UNION AV",0.00,,Y,A,-,N,,,,,,,,,,Y,4,0,1,2,A,-,09,21800,A,N,D,C,A,A,H,-,E,A,0,,,,,Y,,A,07,0,0,1,0,0,0,0,0,0,"- ","- ",35.33954,-119.00317,KERN,UNINCORPORATED,-119.00311012,35.339490120000001
6983399,2015,2015-07-28,9420,2015-07-03,1210,019896,,5,1,9,1500,0,2,4,,1,072,"EDISON HWY","FAIRFAX RD SOUTH",0.00,,Y,A,-,N,,,,,,,,,,Y,3,0,1,2,A,-,08,22107,,N,B,C,A,A,H,-,A,A,0,,,,,Y,,A,01,0,1,0,0,0,0,0,0,0,"- ","- ",35.362430000000003,-118.93199,KERN,UNINCORPORATED,-118.93160007,35.36247006
6983402,2015,2015-07-20,9420,2015-05-09,0140,017829,,6,3,9,1500,0,1,3,,2,223,"RT 223","EDISON RD",528.00,E,N,A,-,Y,,,223,,,,,,,Y,4,0,1,2,A,-,05,21650,,N,B,C,A,A,H,-,D,D,0,,,,,Y,,A,01,0,0,1,0,0,0,0,0,0,"- ","- ",35.208889999999997,-118.86839999999999,KERN,UNINCORPORATED,-118.86839996,35.20888369
6983403,2015,2015-07-27,9420,2015-07-05,1255,019098,,7,1,9,1500,0,3,5,,2,672,"TEJON HWY","RICHARDSON RD",370.00,N,N,A,-,N,,,,,,,,,,Y,4,0,1,1,A,-,08,22107,,N,F,A,A,A,H,-,A,D,0,,,,,Y,,A,01,0,0,1,0,0,0,0,0,0,"- ","- ",35.217219999999998,-118.82429999999999,KERN,UNINCORPORATED,-118.82432406,35.217405040000003
6983407,2015,2017-01-14,9420,2015-07-01,0420,017560,,3,3,9,1500,0,1,3,,2,177,"RT 178","EDISON POWERHOUSE #1",13728.00,E,N,B,C,Y,KER,6,178,-,-,18.200,H,-,W,Y,4,0,2,1,A,-,17,21662,A,N,E,I,A,B,H,-,D,D,0,,,,,Y,,A,01,0,0,2,0,0,0,0,0,0,"- ","- ",35.480040000000002,-118.74857,KERN,UNINCORPORATED,-118.7489755,35.479631470000001
6983411,2015,2015-07-28,9420,2015-07-03,1030,018068,,5,1,9,1500,0,3,5,,2,672,"WHITE LN","GORDON ST",15.00,W,N,A,-,N,,,,,,,,,,Y,4,0,1,2,A,-,03,22350,,N,C,C,A,A,H,-,A,D,0,,,,,Y,,A,01,0,0,1,0,0,0,0,0,0,"- ","- ",35.317999999999998,-119.006,KERN,UNINCORPORATED,-119.00584022,35.317749810000002
6983415,2015,2015-07-27,9420,2015-07-04,2137,019686,,6,2,9,1500,0,3,5,,2,070,"KENTUCKY ST","CENTER ST",910.00,E,N,A,-,N,,,,,,,,,,Y,3,0,1,1,A,-,08,22107,,N,E,I,A,A,H,-,D,D,0,,,,,Y,,A,01,0,1,0,0,0,0,0,0,0,"- ","- ",35.374119999999998,-118.97278,KERN,UNINCORPORATED,-118.96758,35.373080000000002
6983741,2015,2016-11-04,9420,2015-06-03,1320,15896,,3,1,9,1500,0,1,3,,2,431,"RT 43","BAKER RD",350.00,S,N,A,-,Y,KER,6,43,-,-,11.610,H,-,N,Y,3,0,3,1,A,-,08,22107,,N,E,I,A,A,H,-,A,D,0,,,,,Y,,A,01,0,2,1,0,0,0,0,0,0,"- ","- ",35.432699999999997,-119.2518,KERN,UNINCORPORATED,-119.25186873,35.433558609999999
6983745,2015,2015-07-25,9420,2015-06-19,1225,18909,,5,1,9,1500,0,3,5,,2,672,"BUENA VISTA RD","S EDISON RD",0.00,,Y,A,-,N,,,,,,,,,,Y,3,0,3,2,A,-,12,22450,A,N,D,C,A,A,H,-,A,A,0,,,,,Y,,A,08,0,1,2,0,0,0,0,0,0,"- ","- ",,,KERN,UNINCORPORATED,-118.87830004,35.238010060000001
6983757,2015,2015-07-25,9420,2015-06-30,1535,15119,,2,2,9,1500,0,3,5,,2,070,"PIONEER DR","ISABELL RD",0.00,,Y,A,-,N,,,,,,,,,,Y,3,0,1,2,A,-,09,21802,A,N,D,C,A,A,H,-,A,A,0,,,,,Y,,A,07,0,1,0,0,0,0,0,0,0,"- ","- ",35.368789999999997,-118.94533,KERN,UNINCORPORATED,-118.94528012000001,35.368690119999997
6984151,2015,2015-11-18,9420,2015-07-04,0545,18030,,6,3,9,1500,0,3,5,,2,530,"7TH STANDARD RD","SCARONI AV",50.00,E,N,A,-,N,,,,,,,,,,Y,3,0,1,1,A,-,08,22107,,N,E,I,A,A,H,-,A,D,0,,,,,Y,,A,01,0,1,0,0,0,0,0,0,0,"- ","- ",35.441659999999999,-119.25201,KERN,UNINCORPORATED,-119.31433231,35.441879999999998
6984246,2015,2017-01-12,9426,2015-07-06,1450,15472,,1,2,9,1500,0,1,1,,2,502,"RT 5","RT 46",5280.00,S,N,A,-,Y,KER,6,5,-,-,72.020,H,-,N,N,4,0,1,2,A,-,03,22350,,N,C,A,A,A,H,-,A,A,1,,,,,Y,,A,08,0,0,1,0,0,0,0,0,0,"- ","- ",35.59984,-119.6297,KERN,UNINCORPORATED,-119.64363164,35.604200280000001
6984258,2015,2017-01-12,9426,2015-07-08,2028,018633,,3,2,9,1500,0,1,1,,2,502,"RT 5","MERCED AV",2640.00,S,N,A,-,Y,KER,6,5,-,-,64.670,H,-,S,Y,3,0,2,1,A,-,08,22107,,N,E,I,A,A,D,-,D,D,1,,,,,Y,,A,07,0,2,0,0,0,0,0,0,0,"- ","- ",35.52431,-119.56137,KERN,UNINCORPORATED,-119.5597138,35.52264383