CASE_ID,ACCIDENT_YEAR,PROC_DATE,JURIS,COLLISION_DATE,COLLISION_TIME,OFFICER_ID,REPORTING_DISTRICT,DAY_OF_WEEK,CHP_SHIFT,POPULATION,CNTY_CITY_LOC,SPECIAL_COND,BEAT_TYPE,CHP_BEAT_TYPE,CITY_DIVISION_LAPD,CHP_BEAT_CLASS,BEAT_NUMBER,PRIMARY_RD,SECONDARY_RD,DISTANCE,DIRECTION,INTERSECTION,WEATHER_1,WEATHER_2,STATE_HWY_IND,CALTRANS_COUNTY,CALTRANS_DISTRICT,STATE_ROUTE,ROUTE_SUFFIX,POSTMILE_PREFIX,POSTMILE,LOCATION_TYPE,RAMP_INTERSECTION,SIDE_OF_HWY,TOW_AWAY,COLLISION_SEVERITY,NUMBER_KILLED,NUMBER_INJURED,PARTY_COUNT,PRIMARY_COLL_FACTOR,PCF_CODE_OF_VIOL,PCF_VIOL_CATEGORY,PCF_VIOLATION,PCF_VIOL_SUBSECTION,HIT_AND_RUN,TYPE_OF_COLLISION,MVIW,PED_ACTION,ROAD_SURFACE,ROAD_COND_1,ROAD_COND_2,LIGHTING,CONTROL_DEVICE,CHP_ROAD_TYPE,PEDESTRIAN_ACCIDENT,BICYCLE_ACCIDENT,MOTORCYCLE_ACCIDENT,TRUCK_ACCIDENT,NOT_PRIVATE_PROPERTY,ALCOHOL_INVOLVED,STWD_VEHTYPE_AT_FAULT,CHP_VEHTYPE_AT_FAULT,COUNT_SEVERE_INJ,COUNT_VISIBLE_INJ,COUNT_COMPLAINT_PAIN,COUNT_PED_KILLED,COUNT_PED_INJURED,COUNT_BICYCLIST_KILLED,COUNT_BICYCLIST_INJURED,COUNT_MC_KILLED,COUNT_MC_INJURED,PRIMARY_RAMP,SECONDARY_RAMP,LATITUDE,LONGITUDE,COUNTY,CITY,POINT_X,POINT_Y
6984596,2015,2015-07-16,9420,2015-06-07,1350,019895,,7,1,9,1500,0,3,5,,2,672,"DI GIORGIO RD","VINELAND RD",0.00,,Y,A,-,N,,,,,,,,,,Y,4,0,1,2,A,-,01,23152,A,M,D,C,A,A,H,-,A,A,0,,,,,Y,Y,A,01,0,0,1,0,0,0,0,0,0,"- ","- ",,,KERN,UNINCORPORATED,-118.89628009,35.25248002
6984600,2015,2015-07-16,9420,2015-06-07,0200,019903,,7,3,9,1500,0,3,5,,2,672,"SUNSET BL","TOWER LINE RD",2640.00,E,N,A,-,N,,,,,,,,,,Y,4,0,1,2,A,-,03,22350,,F,C,C,A,A,H,-,D,D,0,,,Y,,Y,,-,99,0,0,1,0,0,0,0,0,1,"- ","- ",35.223849999999999,-118.79738999999999,KERN,UNINCORPORATED,-118.79764374,35.223770930000001
6984604,2015,2016-11-05,9420,2015-06-29,1620,017870,9420,1,2,9,1500,0,1,3,,2,204,"RT 204","STINE CANAL",500.00,S,N,A,-,Y,KER,6,204,-,-,5.400,H,-,S,Y,4,0,2,2,A,-,03,22350,,N,C,C,A,A,H,-,A,D,1,,,,,Y,,A,07,0,0,2,0,0,0,0,0,0,"- ","- ",35.392299999999999,-119.02679999999999,KERN,UNINCORPORATED,-119.0265017,35.392277319999998
6984608,2015,2015-07-16,9420,2015-06-29,1145,019868,,1,1,9,1500,0,2,4,,1,052,"ROBERTS LN","MANOR ST",234.00,W,N,A,-,N,,,,,,,,,,N,3,0,1,1,A,-,08,22107,,N,E,I,A,A,H,-,A,D,0,,,Y,,Y,,C,02,0,1,0,0,0,0,0,0,1,"- ","- ",35.409950000000002,-119.01300000000001,KERN,UNINCORPORATED,-119.01305426,35.410161369999997
6984612,2015,2015-07-16,9420,2015-06-26,1340,019896,,5,1,9,1500,0,2,4,,1,071,"OSWELL ST","NILES ST",50.00,N,N,A,-,N,,,,,,,,,,N,4,0,2,2,A,-,03,22350,,N,C,C,A,A,H,-,A,A,0,,,,,Y,,A,01,0,0,2,0,0,0,0,0,0,"- ","- ",35.37623,-118.9496,KERN,UNINCORPORATED,-118.94982,35.376107189999999
6985140,2015,2016-06-18,9426,2015-06-30,1230,015472,,2,1,9,1500,0,3,5,,2,085,"BROWN MATERIAL RD","RT 46",4224.00,S,N,A,-,N,,,,,,,,,,Y,4,0,1,1,A,-,08,22107,,N,F,A,A,A,H,-,A,D,0,,,,Y,Y,,G,25,0,0,1,0,0,0,0,0,0,"- ","- ",35.606349999999999,-119.75378000000001,KERN,UNINCORPORATED,-119.75357661,35.606585160000002
6985273,2015,2016-11-04,9426,2015-06-28,0040,018919,,7,3,9,1500,0,1,3,,1,461,"RT 46","MAIN DRAIN RD",150.00,W,N,B,-,Y,KER,6,46,-,-,34.590,H,-,W,Y,3,0,1,2,A,-,01,23152,A,N,A,D,A,A,H,-,D,D,0,,,,Y,Y,Y,A,07,0,1,0,0,0,0,0,0,0,"- ","- ",35.616079999999997,-119.61828,KERN,UNINCORPORATED,-119.6168887,35.616044270000003
6985299,2015,2017-02-01,9830,2015-06-29,0745,16971,,1,1,9,1500,0,3,5,,2,005,"RT 395","HOFFMAN RD",2904.00,S,N,B,-,Y,SBD,8,395,-,-,68.270,H,-,N,Y,3,0,2,2,A,-,05,21460,A,N,B,C,A,A,H,-,A,D,0,,,,,Y,,A,01,0,2,0,0,0,0,0,0,0,"- ","- ",35.306800000000003,-117.61189,KERN,UNINCORPORATED,-117.61152635000001,35.30788854
6985303,2015,2016-11-04,9830,2015-06-25,1410,020806,,4,2,9,1500,0,1,3,,1,052,"RT 178E","JACKS RANCH RD",896.00,W,N,A,-,Y,KER,6,178,-,-,97.430,H,-,W,Y,2,0,1,1,A,-,01,23152,A,N,F,A,A,A,H,-,A,D,0,,,,,Y,Y,D,22,1,0,0,0,0,0,0,0,0,"- ","- ",35.651989999999998,-117.72738,KERN,UNINCORPORATED,-117.72612697,35.651905829999997
6986276,2015,2015-07-18,9830,2015-06-25,1800,015977,,4,2,9,1500,0,3,5,,2,001,"WOODFORD TEHACHAPI RD","HALEWOOD DR",15840.00,S,N,A,-,N,,,,,,,,,,Y,3,0,1,1,A,-,01,23152,A,N,F,A,A,A,H,-,A,D,0,,,Y,,Y,Y,C,02,0,1,0,0,0,0,0,0,1,"- ","- ",35.193519999999999,-118.5356,KERN,UNINCORPORATED,-118.55732999999999,35.220779999999998
6986280,2015,2016-11-04,9830,2015-06-19,0435,019592,,5,3,9,1500,0,1,3,,2,012,"RT 58","TEHACHAPI BL",2640.00,E,N,A,-,Y,KER,6,58,-,R,94.710,H,-,E,Y,4,0,1,1,A,-,03,22350,,N,F,A,A,A,H,-,C,D,1,,,,,Y,,A,01,0,0,1,0,0,0,0,0,0,"- ","- ",35.122050000000002,-118.40406,KERN,UNINCORPORATED,-118.40502381,35.122372169999998
6986284,2015,2016-11-04,9830,2015-06-12,1556,015116,,5,2,9,1500,0,1,3,,1,022,"RT 58","BORON AV",2112.00,E,N,B,-,Y,KER,6,58,-,R,143.280,H,-,E,Y,3,0,3,2,A,-,03,22350,,N,C,C,A,A,H,-,A,D,1,,,,,Y,,A,01,0,1,2,0,0,0,0,0,0,"- ","- ",35.010100000000001,-117.6418,KERN,UNINCORPORATED,-117.64274632999999,35.010062339999998
6986746,2015,2015-07-21,1500,2015-07-02,1655,,,4,5,3,1510,0,0,0,,0,,"POSO DR","BROADWAY ST",75.00,W,N,A,-,N,,,,,,,,,,N,4,0,1,2,A,-,21,22106,,N,G,B,E,A,H,-,A,D,0,Y,,,,Y,,J,48,0,0,1,0,1,0,0,0,0,"- ","- ",35.586959999999998,-119.33898000000001,KERN,WASCO,-119.33847196000001,35.587017039999999
6986809,2015,2017-01-09,9420,2015-07-16,0008,18135,,4,3,9,1500,0,1,3,,1,184,"RT 184","SUNSET BL",199.00,S,N,A,-,Y,KER,6,184,-,L,0.960,H,-,S,Y,2,0,2,2,A,-,01,23152,A,F,D,C,A,A,H,-,D,D,0,,,,,Y,Y,A,01,1,1,0,0,0,0,0,0,0,"- ","- ",35.222850000000001,-118.91444,KERN,UNINCORPORATED,-118.91447839,35.222688689999998
6986844,2015,2015-07-29,1500,2015-04-07,1802,24730,WAOL,2,5,3,1510,0,0,0,,0,4410,"N GRIFFITH AV","IRIS ST",0.00,,N,A,-,N,,,,,,,,,,N,4,0,1,1,B,-,22,,,N,F,J,A,A,H,-,A,D,0,,,Y,,Y,,-,"- ",0,0,1,0,0,0,0,0,1,"- ","- ",,,KERN,WASCO,-119.34030996,35.604290110000001
6987348,2015,2015-08-19,1502,2015-07-26,0749,P45,,7,5,6,1502,0,0,0,,0,VALLEY,"H ST","ISIL AV",0.00,,Y,A,-,N,,,,,,,,,,N,4,0,2,2,D,-,00,,,N,D,C,A,A,H,-,A,A,0,,,,,Y,,-,"- ",0,0,2,0,0,0,0,0,0,"- ","- ",,,KERN,BAKERSFIELD,-119.02130013,35.304560019999997
6987441,2015,2015-07-18,1502,2015-06-30,1321,P73,,2,5,6,1502,0,0,0,,0,METRO,"CHESTER AV","18TH ST",0.00,,Y,B,-,N,,,,,,,,,,Y,4,0,3,2,-,-,"- ",,,N,D,C,A,A,H,-,A,A,0,,,,,Y,,-,"- ",0,0,3,0,0,0,0,0,0,"- ","- ",,,KERN,BAKERSFIELD,-119.01888988,35.375270030000003
6987760,2015,2015-07-27,1502,2015-07-03,1254,1149,,5,5,6,1502,0,0,0,,0,CENTRA,"WHITE LN","CERNAN WY",75.00,W,N,A,-,N,,,,,,,,,,N,4,0,3,3,A,-,03,22350,,N,C,C,A,A,H,-,A,D,0,,,,,Y,,D,22,0,0,3,0,0,0,0,0,0,"- ","- ",,,KERN,BAKERSFIELD,-119.08973107,35.318323280000001
6988171,2015,2017-01-12,9426,2015-07-03,0023,018610,,5,3,9,1500,0,1,1,,2,500,"RT 5","RT 46",1600.00,N,N,A,-,Y,KER,6,5,-,-,73.320,H,-,N,Y,3,0,1,2,A,-,03,22350,,N,C,C,A,A,H,-,D,D,1,,,Y,,Y,,C,02,0,1,0,0,0,0,0,0,1,"- ","- ",35.622259999999997,-119.65759,KERN,UNINCORPORATED,-119.65584143,35.620011959999999
6988215,2015,2015-07-29,1502,2015-07-01,1430,993,,3,5,6,1502,0,0,0,,0,CENTRA,"MING AV","GOSFORD RD",0.00,,Y,B,-,N,,,,,,,,,,N,4,0,2,2,-,-,"- ",,,N,D,C,A,A,D,-,A,A,0,,,,,Y,,-,"- ",0,0,2,0,0,0,0,0,0,"- ","- ",,,KERN,BAKERSFIELD,-119.0923301,35.33983001
6988219,2015,2015-07-29,1502,2015-07-02,1622,1067,,4,5,6,1502,0,0,0,,0,,"HARRIS RD","CARACAS AV",0.00,,Y,A,-,N,,,,,,,,,,Y,4,0,1,2,-,-,"- ",,,N,D,C,A,A,H,-,A,A,0,,,,,Y,,-,"- ",0,0,1,0,0,0,0,0,0,"- ","- ",,,KERN,BAKERSFIELD,-119.07263009,35.303290099999998
6988297,2015,2015-07-25,1500,2015-06-19,1506,201596,W02,5,5,3,1510,0,0,0,,0,4401,"PALM AV",JUBILEE,99.00,N,N,A,-,N,,,,,,,,,,Y,4,0,1,2,A,-,08,22107,,N,C,E,A,A,H,-,A,A,0,,,,,Y,,-,,0,0,1,0,0,0,0,0,0,"- ","- ",,,KERN,WASCO,-119.34934396,35.588221670000003
6988528,2015,2015-07-20,9420,2015-07-02,2209,019649,,4,3,9,1500,0,2,4,,1,071,"OSWELL ST","MONTEREY ST",48.00,S,N,A,-,N,,,,,,,,,,Y,4,0,1,1,A,-,08,22107,,N,E,J,A,A,H,-,C,D,0,,,,,Y,,A,01,0,0,1,0,0,0,0,0,0,"- ","- ",,,KERN,UNINCORPORATED,-118.94980244,35.374868309999997
6988531,2015,2016-07-26,1502,2015-07-01,1010,1072,,3,5,6,1502,0,0,0,,0,METRO,"24TH ST","F ST",121.00,E,N,A,-,N,,,,,,,,,,Y,3,0,1,2,A,-,17,21208,A,N,H,G,A,A,H,-,A,A,0,,Y,,,Y,,L,04,0,1,0,0,0,0,1,0,0,"- ","- ",,,KERN,BAKERSFIELD,-119.02305475,35.381020790000001
6988532,2015,2015-07-20,9420,2015-07-02,2208,019649,,4,3,9,1500,0,3,5,,2,070,"PIONEER DR","OSWELL ST",14.00,E,N,A,-,N,,,,,,,,,,Y,4,0,1,1,A,-,03,22350,,M,E,I,A,A,H,-,C,D,0,,,,,Y,,A,01,0,0,1,0,0,0,0,0,0,"- ","- ",,,KERN,UNINCORPORATED,-118.94980434999999,35.368514959999999
6988535,2015,2015-07-21,1502,2015-07-01,1232,P63,,3,5,6,1502,0,0,0,,0,METRO,"CHESTER AV","19TH ST",15.00,S,N,B,-,N,,,,,,,,,,Y,3,0,4,3,A,-,03,22350,,N,C,C,A,A,H,-,A,D,0,,,,,Y,,A,01,0,1,3,0,0,0,0,0,0,"- ","- ",,,KERN,BAKERSFIELD,-119.01875943,35.376208990000002
6988539,2015,2015-07-21,1502,2015-07-02,1037,1195,,4,5,6,1502,0,0,0,,0,CENTRA,"S HALF MOON DR","ASHE RD",211.00,E,N,A,-,N,,,,,,,,,,Y,4,0,2,2,A,-,09,21804,A,N,D,C,A,A,H,-,A,D,0,,,,,Y,,A,01,0,0,2,0,0,0,0,0,0,"- ","- ",,,KERN,BAKERSFIELD,-119.07378355,35.32180314
6988543,2015,2015-07-27,1502,2015-07-02,1734,P45,,4,5,6,1502,0,0,0,,0,METRO,"CHESTER AV","13TH ST",45.00,S,N,A,-,N,,,,,,,,,,N,4,0,1,3,-,-,"- ",,,N,C,C,A,A,H,-,A,D,0,,,,,Y,,-,"- ",0,0,1,0,0,0,0,0,0,"- ","- ",,,KERN,BAKERSFIELD,-119.01889712000001,35.369360520000001
6988547,2015,2015-07-27,1502,2015-07-03,1357,P59,,5,5,6,1502,0,0,0,,0,,"H ST","2ND ST",180.00,S,N,A,-,N,,,,,,,,,,N,4,0,1,2,-,-,"- ",,,N,B,C,A,A,H,-,A,D,0,,,,,Y,,-,"- ",0,0,1,0,0,0,0,0,0,"- ","- ",,,KERN,BAKERSFIELD,-119.02128484000001,35.356456110000003
6988557,2015,2015-07-22,9420,2015-07-08,1625,015896,,3,2,9,1500,0,3,5,,2,060,"FRUITVALE AV","MEANY AV",0.00,,Y,A,-,N,,,,,,,,,,Y,4,0,3,3,A,-,09,21801,A,N,D,C,A,A,H,-,A,A,0,,,,,Y,,A,01,0,0,3,0,0,0,0,0,0,"- ","- ",35.394300000000001,-119.0742,KERN,UNINCORPORATED,-119.07434013,35.394100029999997
6988649,2015,2016-11-04,1500,2015-06-02,1530,201081,WA02,2,5,3,1510,0,0,0,,0,4401,"RT 46","CENTRAL AV",35.00,E,N,A,-,Y,KER,6,46,-,-,49.530,H,-,W,Y,4,0,1,2,A,-,04,21703,,N,C,C,A,A,H,-,A,D,0,,,,,Y,,-,,0,0,1,0,0,0,0,0,0,"- ","- ",,,KERN,WASCO,-119.35797977999999,35.601543149999998
6988794,2015,2015-07-21,9420,2015-06-27,1515,19466,,6,2,9,1500,0,2,4,,2,021,"SIERRA WY","RT 178",15840.00,W,N,A,-,N,,,,,,,,,,Y,3,0,2,1,A,-,01,23152,A,N,E,I,A,A,H,-,A,D,0,,,,,Y,Y,A,01,0,1,1,0,0,0,0,0,0,"- ","- ",35.677140000000001,-118.35769999999999,KERN,UNINCORPORATED,-118.32279,35.657170000000001
6988836,2015,2015-07-29,1501,2015-06-14,1928,919,16,7,5,3,1501,0,0,0,,0,011,"BEAR MOUNTAIN BL","S DERBY ST",126.00,W,N,A,-,N,,,,,,,,,,N,4,0,1,2,A,-,21,22106,,F,G,B,E,A,H,-,B,D,0,Y,,,,Y,,A,01,0,0,1,0,1,0,0,0,0,"- ","- ",,,KERN,ARVIN,-118.82466118000001,35.209131309999997
6989263,2015,2015-11-16,9420,2015-07-04,0030,017243,,6,3,9,1500,0,3,5,,2,510,"CASEY AV","COUNTY LINE RD",10.00,S,N,A,-,N,,,,,,,,,,Y,4,0,1,1,A,-,08,22107,,N,E,I,A,A,H,-,C,D,0,,,,,Y,,A,07,0,0,1,0,0,0,0,0,0,"- ","- ",35.799280000000003,-119.29439000000001,KERN,UNINCORPORATED,-119.29434981999999,35.79032256
6989525,2015,2016-06-02,1502,2015-06-18,1244,P59,,4,5,6,1502,0,0,0,,0,,"OAK ST","PARK WY",0.00,,Y,A,-,N,,,,,,,,,,Y,4,0,1,2,A,-,09,21804,A,N,D,C,A,A,H,-,A,D,0,,,,,Y,,A,07,0,0,1,0,0,0,0,0,0,"- ","- ",,,KERN,BAKERSFIELD,-119.03879008,35.367660010000002
6989529,2015,2015-07-29,1502,2015-06-18,1323,P45,,4,5,6,1502,0,0,0,,0,METRO,"18TH ST","OAK ST",84.00,E,N,A,-,N,,,,,,,,,,N,4,0,2,2,A,-,"- ",,,N,D,C,A,A,H,-,A,D,0,,,,,Y,,-,"- ",0,0,2,0,0,0,0,0,0,"- ","- ",,,KERN,BAKERSFIELD,-119.03837858,35.375340000000001
6989533,2015,2015-07-27,1502,2015-06-18,1328,P45,,4,5,6,1502,0,0,0,,0,METRO,"OAK ST","CALIFORNIA AV",35.00,N,N,A,-,N,,,,,,,,,,N,4,0,2,2,-,-,"- ",,,N,C,C,A,A,H,-,A,A,0,,,,,Y,,-,"- ",0,0,2,0,0,0,0,0,0,"- ","- ",,,KERN,BAKERSFIELD,-119.03877777,35.368806020000001
6989554,2015,2016-11-05,9426,2015-06-27,1524,16804,,6,2,9,1500,0,1,1,,2,502,"RT 5","7TH STANDARD RD",10560.00,S,N,B,C,Y,KER,6,5,-,-,54.640,H,-,N,Y,3,0,4,1,A,-,08,22107,,N,E,I,A,B,H,-,A,D,1,,,,,Y,,A,07,0,3,1,0,0,0,0,0,0,"- ","- ",35.422669999999997,-119.42941,KERN,UNINCORPORATED,-119.43007952000001,35.423036969999998
6989679,2015,2015-07-22,9830,2015-07-05,1438,019271,,7,2,9,1500,0,3,5,,2,003,"20TH ST W",PATTERSON,2112.00,N,N,A,-,N,,,,,,,,,,Y,3,0,1,1,A,-,01,23152,A,N,F,A,A,A,H,-,A,D,0,,,,,Y,Y,A,07,0,1,0,0,0,0,0,0,0,"- ","- ",34.891739999999999,-118.16695,KERN,UNINCORPORATED,-118.16700547000001,34.84099105
6989693,2015,2017-01-12,9426,2015-07-03,0641,016804,,5,1,9,1500,0,1,1,,2,502,"RT 5","MERCED AV",0.00,N,N,A,-,Y,KER,6,5,-,-,65.170,H,-,S,Y,4,0,2,2,A,-,03,22350,,N,C,C,A,A,D,-,A,A,1,,,,,Y,,A,01,0,0,2,0,0,0,0,0,0,"- ","- ",35.527760000000001,-119.5651,KERN,UNINCORPORATED,-119.56560632,35.528059669999998
6989697,2015,2017-01-12,9426,2015-07-05,2110,017281,,7,2,9,1500,0,1,1,,2,502,"RT 5","ROWLEE RD",2640.00,N,N,A,-,Y,KER,6,5,-,-,58.510,H,-,N,Y,4,0,2,4,A,-,03,22350,,N,C,C,A,A,H,-,D,D,1,,,,,Y,,A,01,0,0,2,0,0,0,0,0,0,"- ","- ",35.464030000000001,-119.48635,KERN,UNINCORPORATED,-119.48155287,35.460459190000002
6991361,2015,2015-07-27,9420,2015-07-16,1015,016926,,4,1,6,1502,0,3,5,,2,050,"AIRPORT DR","WOODROW AV",0.00,,Y,A,-,N,,,,,,,,,,Y,4,0,1,2,A,-,12,21453,A,N,D,C,A,A,H,-,A,A,0,,,,,Y,,A,07,0,0,1,0,0,0,0,0,0,"- ","- ",35.416170000000001,-119.03927,KERN,BAKERSFIELD,-119.03914012,35.416360109999999
6991362,2015,2015-07-27,9420,2015-07-15,1315,016767,,3,1,9,1500,0,2,4,,1,072,"NILES ST","PESANTE RD",0.00,,Y,A,-,N,,,,,,,,,,Y,4,0,1,2,A,-,09,21801,A,N,D,C,A,A,H,-,A,D,0,,,,,Y,,A,01,0,0,1,0,0,0,0,0,0,"- ","- ",35.375860000000003,-118.9431,KERN,UNINCORPORATED,-118.94304006,35.375990020000003
6991363,2015,2015-07-27,9420,2015-07-11,1545,019461,,6,2,9,1500,0,3,5,,2,530,"SHAFTER AV","KIMBERLINA RD",2640.00,S,N,A,-,N,,,,,,,,,,Y,3,0,2,1,A,-,08,22107,,N,F,A,A,A,H,-,A,D,0,,,,,Y,,A,01,0,1,1,0,0,0,0,0,0,"- ","- ",35.54278,-119.27795999999999,KERN,UNINCORPORATED,-119.27667571000001,35.55100504
6991364,2015,2015-07-27,9420,2015-07-09,2053,018643,,4,2,9,1500,0,3,5,,2,610,"BALDWIN RD","LA FRANCE DR",247.00,S,N,A,-,N,,,,,,,,,,N,2,0,1,2,A,-,03,22350,,F,G,B,D,A,H,-,D,D,0,Y,,,,Y,,A,01,1,0,0,0,1,0,0,0,0,"- ","- ",35.342359999999999,-119.02894999999999,KERN,UNINCORPORATED,-119.02894999999999,35.342402239999998
6991365,2015,2015-07-27,9420,2015-07-14,1715,018626,,2,2,9,1500,0,2,4,,1,052,"NORRIS RD","RENCH RD",1637.00,E,N,A,-,N,,,,,,,,,,Y,3,0,1,2,A,-,03,22350,,N,C,C,A,A,H,-,A,D,0,,,,,Y,,A,01,0,1,0,0,0,0,0,0,0,"- ","- ",35.419559999999997,-119.04491,KERN,UNINCORPORATED,-119.04512271999999,35.419580000000003
6991366,2015,2015-07-27,9420,2015-07-11,2000,19185,,6,2,9,1500,0,2,4,,1,075,"SOUTH UNION AV","DI GIORGIO RD",0.00,,Y,A,-,N,,,,,,,,,,Y,3,0,1,2,A,-,01,23152,A,N,D,C,A,A,H,-,B,A,0,,,,,Y,Y,A,01,0,1,0,0,0,0,0,0,0,"- ","- ",35.252270000000003,-119.00308,KERN,UNINCORPORATED,-119.00313010000001,35.252270099999997
6991368,2015,2017-04-15,9420,2015-07-11,2205,019723,,6,3,9,1500,0,1,3,,2,155,"RT 155","DRIVER RD",1056.00,E,N,A,-,Y,KER,6,155,-,R,2.670,H,-,W,N,2,0,1,2,A,-,03,22350,,N,C,G,A,A,H,-,D,D,0,,Y,,,Y,,A,01,1,0,0,0,0,0,1,0,0,"- ","- ",35.761560000000003,-119.20245,KERN,UNINCORPORATED,-119.20166632999999,35.761423360000002
6991381,2015,2015-07-27,1507,2015-07-02,0119,238,27,4,5,3,1507,0,0,0,,0,,"EAST LERDO HWY","BEECH AV",4224.00,E,N,A,-,N,,,,,,,,,,Y,3,0,1,1,A,-,01,23152,A,N,E,I,A,A,H,-,D,D,0,,,,,Y,Y,D,22,0,1,0,0,0,0,0,0,0,"- ","- ",35.499110000000002,-119.27061999999999,KERN,SHAFTER,-119.24637266000001,35.499740000000003
6992093,2015,2017-01-12,9426,2015-07-17,1430,018853,,5,2,9,1500,0,1,1,,2,502,"RT 5","7TH STANDARD RD",1800.00,N,N,A,-,Y,KER,6,5,-,-,56.980,H,-,N,Y,4,0,1,2,A,-,03,22350,,N,C,C,A,A,H,-,A,D,1,,,,,Y,,D,22,0,0,1,0,0,0,0,0,0,"- ","- ",35.446899999999999,-119.46301,KERN,UNINCORPORATED,-119.46108694999999,35.445608729999996
6992352,2015,2017-01-25,9420,2015-07-17,2315,019140,,5,3,9,1500,0,1,3,,1,650,"RT 65","DOYLE RD",10560.00,N,N,A,-,Y,KER,6,65,-,-,6.950,H,-,N,Y,4,0,1,1,A,-,08,22107,,N,E,I,A,A,H,-,D,D,0,,,,,Y,,D,22,0,0,1,0,0,0,0,0,0,"- ","- ",35.532119999999999,-119.08264,KERN,UNINCORPORATED,-119.08309883,35.53201619
6992364,2015,2017-01-28,9420,2015-07-18,1925,16691,,6,2,9,1500,0,1,3,,1,176,"RT 178","M ST",320.00,E,N,C,-,Y,KER,6,178,-,R,1.780,H,-,E,Y,4,0,1,1,A,-,08,22107,,N,F,A,A,B,H,-,B,D,1,,,,,Y,,D,22,0,0,1,0,0,0,0,0,0,"- ","- ",35.380569999999999,-119.01392,KERN,UNINCORPORATED,-119.01393761999999,35.380288780000001
6992368,2015,2015-08-13,9420,2015-07-17,1635,20304,,5,2,9,1500,0,3,5,,2,320,"ALTA SIERRA AV","LAKE ISABELLA BL",20.00,E,N,A,-,N,,,,,,,,,,N,4,0,1,2,D,-,00,,,N,C,C,A,A,H,-,A,D,0,,,,Y,Y,,-,"- ",0,0,1,0,0,0,0,0,0,"- ","- ",35.612690000000001,-118.48078,KERN,UNINCORPORATED,-118.48085283,35.61271
6992372,2015,2017-01-12,9420,2015-07-20,0935,016767,,1,1,9,1500,0,1,3,,2,092,"RT 99","RT 58",528.00,N,N,B,-,Y,KER,6,99,-,-,25.730,H,-,N,Y,4,0,1,2,A,-,07,21658,A,N,B,C,A,A,H,-,A,D,1,,,,Y,Y,,G,25,0,0,1,0,0,0,0,0,0,"- ","- ",35.386409999999998,-119.04432,KERN,UNINCORPORATED,-119.04442097,35.384222710000003
6992751,2015,2015-09-03,9420,2015-07-15,0530,15261,,3,3,9,1500,0,3,5,,2,510,"FAMOSO PORTERVILLE HWY","CECIL AV",0.00,,Y,A,-,N,,,,,,,,,,Y,4,0,6,2,A,-,08,22107,,N,D,C,A,A,H,-,B,D,0,,,,,Y,,A,01,0,0,6,0,0,0,0,0,0,"- ","- ",35.775979999999997,-119.12363000000001,KERN,UNINCORPORATED,-119.12370002,35.776180109999999
6992777,2015,2017-01-12,9420,2015-07-15,0800,15255,,3,1,6,1502,0,1,3,,2,093,"RT 99","AIRPORT DR",528.00,S,N,A,-,Y,KER,6,99,-,-,26.680,H,-,S,Y,4,0,1,3,A,-,03,22350,,M,C,C,A,A,H,-,A,D,1,,,,,Y,,A,01,0,0,1,0,0,0,0,0,0,"- ","- ",35.396050000000002,-119.04492,KERN,BAKERSFIELD,-119.04493705,35.398040430000002
6992781,2015,2017-01-12,9420,2015-07-21,1155,16926,,2,1,6,1502,0,1,3,,2,093,"RT 99","AIRPORT DR",644.00,S,N,A,-,Y,KER,6,99,-,-,26.660,H,-,S,Y,3,0,1,2,A,-,07,21658,A,N,B,C,A,A,H,-,A,D,1,,,,,Y,,A,01,0,1,0,0,0,0,0,0,0,"- ","- ",35.396940000000001,-119.04501999999999,KERN,BAKERSFIELD,-119.04492510999999,35.397748919999998
6992785,2015,2017-01-14,9420,2015-07-17,1300,20304,,5,1,9,1500,0,1,3,,2,155,"RT 155","OAKWOOD DR",1000.00,E,N,A,-,Y,KER,6,155,-,-,65.390,H,-,W,Y,4,0,1,1,A,-,08,22107,,N,E,I,A,A,H,-,A,D,0,,,Y,,Y,,C,02,0,0,1,0,0,0,0,0,1,"- ","- ",35.694809999999997,-118.46653000000001,KERN,UNINCORPORATED,-118.46484459,35.695058230000001
6992984,2015,2015-08-05,9830,2015-07-09,1734,17064,,4,2,9,1500,0,3,5,,2,001,"HIGHLINE RD","BACKES LN",0.00,,Y,A,-,N,,,,,,,,,,Y,3,0,3,3,A,-,09,21801,A,N,B,C,A,A,H,-,A,A,0,,,,,Y,,D,22,0,3,0,0,0,0,0,0,0,"- ","- ",35.109589999999997,-118.50388,KERN,UNINCORPORATED,-118.50395011000001,35.109430060000001
6992996,2015,2015-08-05,9830,2015-07-16,1225,012065,,4,1,9,1500,0,3,5,,2,001,"BANDUCCI RD","SARIDA AV",100.00,W,N,A,-,N,,,,,,,,,,N,4,0,1,2,A,-,05,21460,A,N,B,C,A,A,H,-,A,D,0,,,,,Y,,D,22,0,0,1,0,0,0,0,0,0,"- ","- ",35.094659999999998,-118.57011,KERN,UNINCORPORATED,-118.5674771,35.092000599999999
6993261,2015,2016-12-21,9830,2015-07-17,1741,17064,,5,2,9,1500,0,1,3,,1,022,"RT 58","BORAX RD",4224.00,E,N,A,-,Y,KER,6,58,-,R,140.600,H,-,E,Y,4,0,1,1,A,-,08,22107,,N,F,A,A,A,H,-,A,D,1,,,Y,,Y,,C,02,0,0,1,0,0,0,0,0,1,"- ","- ",35.006770000000003,-117.68375,KERN,UNINCORPORATED,-117.68926172,35.006587760000002
6993274,2015,2015-08-05,9420,2015-07-17,2005,18643,,5,2,9,1500,0,3,5,,2,060,"KNUDSEN DR","NORRIS RD",320.00,N,N,A,-,N,,,,,,,,,,Y,3,0,1,1,A,-,08,22107,,N,E,I,A,A,H,-,B,D,0,,,,,Y,,A,01,0,1,0,0,0,0,0,0,0,"- ","- ",35.422409999999999,-119.06185000000001,KERN,UNINCORPORATED,-119.0607582,35.418683469999998