CASE_ID,ACCIDENT_YEAR,PROC_DATE,JURIS,COLLISION_DATE,COLLISION_TIME,OFFICER_ID,REPORTING_DISTRICT,DAY_OF_WEEK,CHP_SHIFT,POPULATION,CNTY_CITY_LOC,SPECIAL_COND,BEAT_TYPE,CHP_BEAT_TYPE,CITY_DIVISION_LAPD,CHP_BEAT_CLASS,BEAT_NUMBER,PRIMARY_RD,SECONDARY_RD,DISTANCE,DIRECTION,INTERSECTION,WEATHER_1,WEATHER_2,STATE_HWY_IND,CALTRANS_COUNTY,CALTRANS_DISTRICT,STATE_ROUTE,ROUTE_SUFFIX,POSTMILE_PREFIX,POSTMILE,LOCATION_TYPE,RAMP_INTERSECTION,SIDE_OF_HWY,TOW_AWAY,COLLISION_SEVERITY,NUMBER_KILLED,NUMBER_INJURED,PARTY_COUNT,PRIMARY_COLL_FACTOR,PCF_CODE_OF_VIOL,PCF_VIOL_CATEGORY,PCF_VIOLATION,PCF_VIOL_SUBSECTION,HIT_AND_RUN,TYPE_OF_COLLISION,MVIW,PED_ACTION,ROAD_SURFACE,ROAD_COND_1,ROAD_COND_2,LIGHTING,CONTROL_DEVICE,CHP_ROAD_TYPE,PEDESTRIAN_ACCIDENT,BICYCLE_ACCIDENT,MOTORCYCLE_ACCIDENT,TRUCK_ACCIDENT,NOT_PRIVATE_PROPERTY,ALCOHOL_INVOLVED,STWD_VEHTYPE_AT_FAULT,CHP_VEHTYPE_AT_FAULT,COUNT_SEVERE_INJ,COUNT_VISIBLE_INJ,COUNT_COMPLAINT_PAIN,COUNT_PED_KILLED,COUNT_PED_INJURED,COUNT_BICYCLIST_KILLED,COUNT_BICYCLIST_INJURED,COUNT_MC_KILLED,COUNT_MC_INJURED,PRIMARY_RAMP,SECONDARY_RAMP,LATITUDE,LONGITUDE,COUNTY,CITY,POINT_X,POINT_Y
7162878,2016,2017-02-06,1502,2016-01-21,0803,P65,,4,5,6,1502,0,0,0,,0,,"RT 178","CANTERIA DR",1324.00,E,N,B,E,Y,KER,6,178,-,T,9.320,H,-,W,Y,4,0,2,3,A,-,03,22350,,N,C,C,A,B,D,-,A,A,0,,,,,Y,,A,01,0,0,2,0,0,0,0,0,0,"- ","- ",35.397620000000003,-118.88951,KERN,BAKERSFIELD,-118.88494005,35.3980976
7162930,2015,2016-01-20,1503,2015-12-19,1201,10161,1509,6,5,4,1503,0,0,0,,0,ALL,"CECIL AV","KENSINGTON ST",100.00,W,N,C,-,N,,,,,,,,,,Y,4,0,1,2,A,-,08,22107,,N,D,C,A,B,H,-,A,A,0,,,,,Y,,A,07,0,0,1,0,0,0,0,0,0,"- ","- ",,,KERN,DELANO,-119.24478676,35.775919999999999
7162931,2015,2016-01-20,1503,2015-12-15,1736,10116,1503,2,5,4,1503,0,0,0,,0,ALL,"20TH AV","BELMONT ST",67.00,E,N,A,-,N,,,,,,,,,,Y,4,0,1,2,A,-,13,22500,G,N,B,E,A,A,H,-,C,D,0,,,,,Y,,A,08,0,0,1,0,0,0,0,0,0,"- ","- ",,,KERN,DELANO,-119.25722435,35.783140000000003
7162932,2015,2017-02-03,1503,2015-12-15,1630,10116,1503,2,5,4,1503,0,0,0,,0,ALL,"GARCES HWY","BROWNING RD",0.00,,Y,A,-,Y,KER,6,155,-,-,1.460,I,5,W,Y,3,0,3,2,A,-,09,21801,,N,A,C,A,A,H,-,A,D,0,,,,,Y,,A,07,0,2,1,0,0,0,0,0,0,"- ","- ",,,KERN,DELANO,-119.23290086,35.76143501
7163102,2015,2016-02-17,1503,2015-12-20,2207,10141,1503,7,5,4,1503,0,0,0,,0,ALL,"20TH AV","OLEANDER ST",0.00,,N,A,-,N,,,,,,,,,,N,4,0,2,2,A,-,01,23152,A,M,C,C,A,A,H,-,C,D,0,,,,,Y,Y,A,01,0,0,2,0,0,0,0,0,0,"- ","- ",,,KERN,DELANO,-119.23982995999999,35.78316006
7164689,2016,2016-03-01,1507,2016-01-15,2020,249,17,5,5,3,1507,0,0,0,,0,,"S SHAFTER AV","BETH EDEN AV",0.00,,Y,A,-,N,,,,,,,,,,N,4,0,2,2,A,-,03,22350,,N,C,C,A,A,H,-,C,D,0,,,,,Y,,D,22,0,0,2,0,0,0,0,0,0,"- ","- ",35.498089999999998,-119.27865,KERN,SHAFTER,-119.27833988,35.498930100000003
7165500,2016,2016-02-03,1502,2016-01-01,0212,1218,,5,5,6,1502,0,0,0,,0,HILL,"UNIVERSITY AV","DANA ST",250.00,E,N,A,-,N,,,,,,,,,,Y,2,0,1,4,C,-,18,,,N,B,E,A,A,H,-,C,D,0,,,,,Y,,-,"- ",1,0,0,0,0,0,0,0,0,"- ","- ",,,KERN,BAKERSFIELD,-118.96366225,35.404978919999998
7165512,2016,2016-02-01,1502,2016-01-02,1330,P59,,6,5,6,1502,0,0,0,,0,,"CALIFORNIA AV","CHESTER LN",30.00,W,N,B,-,N,,,,,,,,,,N,4,0,3,2,A,-,03,22350,,N,C,C,A,A,H,-,A,A,0,,,,,Y,,D,22,0,0,3,0,0,0,0,0,0,"- ","- ",35.367620000000002,-119.04736,KERN,BAKERSFIELD,-119.04785049,35.367468930000001
7165520,2016,2016-02-03,1502,2016-01-03,1443,P18,,7,5,6,1502,0,0,0,,0,,"WHITE LN","PIN OAK PARK BL",1350.00,W,N,B,-,N,,,,,,,,,,Y,4,0,2,2,A,-,"- ",,,N,C,C,A,A,C,-,A,D,0,,,,,Y,,A,01,0,0,2,0,0,0,0,0,0,"- ","- ",35.31879,-119.09841,KERN,BAKERSFIELD,-119.10184703,35.320784039999999
7165680,2015,2016-01-25,1501,2015-12-16,2043,962,,3,5,3,1501,0,0,0,,0,,"BEAR MOUNTAIN BL","SOUTH HILL ST",0.00,,Y,A,-,N,,,223,,,,,,,Y,3,0,1,2,A,-,"- ",,,N,D,C,A,A,H,-,C,A,0,,,,,Y,,A,07,0,1,0,0,0,0,0,0,0,"- ","- ",35.209310000000002,-118.83054,KERN,ARVIN,-118.83053904000001,35.209090539999998
7165847,2016,2016-02-01,1502,2016-01-04,1411,P63,,1,5,6,1502,0,0,0,,0,SOUTH,"FORTUNE ST","PANAMA LN",0.00,,Y,B,-,N,,,,,,,,,,Y,4,0,1,2,A,-,09,21801,A,N,D,C,A,A,H,-,A,A,0,,,,,Y,,D,22,0,0,1,0,0,0,0,0,0,"- ","- ",35.295589999999997,-119.03771999999999,KERN,BAKERSFIELD,-119.03743012,35.295970029999999
7165860,2016,2016-02-01,1502,2016-01-05,1725,1143,,2,5,6,1502,0,0,0,,0,CENTRA,"STOCKDALE HWY","CALLOWAY DR",800.00,E,N,C,-,N,,,,,,,,,,N,4,0,3,2,-,-,"- ",,,N,C,C,A,B,H,-,C,A,0,,,,,Y,,-,"- ",0,0,3,0,0,0,0,0,0,"- ","- ",35.353299999999997,-119.11544000000001,KERN,BAKERSFIELD,-119.11244773,35.354079560000002
7165872,2016,2016-02-03,1502,2016-01-05,1348,P45,,2,5,6,1502,0,0,0,,0,METRO,"19TH ST","CEDAR ST",5.00,E,N,B,-,N,,,,,,,,,,N,4,0,1,2,A,-,"- ",,,N,C,C,A,B,H,-,A,D,0,,,,,Y,,D,22,0,0,1,0,0,0,0,0,0,"- ","- ",35.376359999999998,-119.02997999999999,KERN,BAKERSFIELD,-119.03046325,35.376269999999998
7165896,2016,2016-02-02,1502,2016-01-09,1317,P45,,6,5,6,1502,0,0,0,,0,HILL,"UNIVERSE AV","WENATCHEE AV",413.00,E,N,B,-,N,,,,,,,,,,N,3,0,1,2,A,-,08,22107,,F,C,E,A,A,H,-,A,D,0,,,,,Y,,A,01,0,1,0,0,0,0,0,0,0,"- ","- ",,,KERN,BAKERSFIELD,-118.95729482,35.405018149999997
7165900,2016,2017-04-10,1502,2016-01-08,1807,P59,,5,5,6,1502,0,0,0,,0,,"TRUXTUN AV","EYE ST",20.00,W,N,B,-,N,,,,,,,,,,Y,4,0,2,3,-,-,"- ",,,N,C,C,A,A,H,-,C,A,0,,,,,Y,,-,"- ",0,0,2,0,0,0,0,0,0,"- ","- ",35.373330000000003,-119.01957,KERN,BAKERSFIELD,-119.020107,35.37341
7165904,2016,2016-02-02,1502,2016-01-08,1453,1149,,5,5,6,1502,0,0,0,,0,METRO,"CALIFORNIA AV","HALEY ST",122.00,E,N,A,-,N,,,,,,,,,,Y,3,0,2,2,A,-,08,22107,,N,E,I,A,A,H,-,A,D,0,,,,,Y,,D,22,0,1,1,0,0,0,0,0,0,"- ","- ",35.368760000000002,-118.98433,KERN,BAKERSFIELD,-118.98367158000001,35.368580000000001
7165934,2016,2016-02-01,1502,2016-01-16,1113,P45,,6,5,6,1502,0,0,0,,0,METRO,"CALIFORNIA AV","OWENS ST",0.00,,Y,B,-,N,,,,,,,,,,N,3,0,2,2,A,-,12,21453,A,N,D,C,A,A,H,-,A,A,0,,,,,Y,,-,"- ",0,1,1,0,0,0,0,0,0,"- ","- ",35.368789999999997,-118.99105,KERN,BAKERSFIELD,-118.99081001,35.368550059999997
7165937,2016,2016-02-03,1502,2016-01-12,1612,P59,,2,5,6,1502,0,0,0,,0,,"WHITE LN","AKERS RD",100.00,W,N,A,-,N,,,,,,,,,,N,4,0,1,2,A,-,08,22107,,N,B,C,A,A,H,-,A,D,0,,,,,Y,,-,"- ",0,0,1,0,0,0,0,0,0,"- ","- ",35.317520000000002,-119.04783,KERN,BAKERSFIELD,-119.04815479,35.317810860000002
7165938,2016,2016-02-02,1502,2016-01-16,1834,1181,,6,5,6,1502,0,0,0,,0,METRO,"CALIFORNIA AV","BAKER ST",120.00,E,N,A,-,N,,,,,,,,,,N,4,0,1,2,A,-,11,21954,A,N,G,B,D,A,H,-,C,D,0,Y,,,,Y,,N,60,0,0,1,0,1,0,0,0,0,"- ","- ",35.368819999999999,-118.99608000000001,KERN,BAKERSFIELD,-118.99546992000001,35.368452009999999
7165949,2016,2016-02-02,1502,2016-01-12,1117,P24,,2,5,6,1502,0,0,0,,0,METRO,"NILES ST","BAKER ST",0.00,,Y,A,-,N,,,,,,,,,,Y,4,0,2,2,A,-,12,21453,A,N,D,C,A,A,H,-,A,A,0,,,,,Y,,A,01,0,0,2,0,0,0,0,0,0,"- ","- ",35.382350000000002,-118.99109,KERN,BAKERSFIELD,-118.9910201,35.382010039999997
7165958,2016,2016-02-02,1502,2016-01-13,2234,1153,,3,5,6,1502,0,0,0,,0,,"WHITE LN","HUGHES LN",23.00,W,N,A,-,N,,,,,,,,,,Y,4,0,1,2,A,-,00,23512,A,N,C,C,A,A,H,-,C,A,0,,,,,Y,Y,D,22,0,0,1,0,0,0,0,0,0,"- ","- ",35.317749999999997,-119.0303,KERN,BAKERSFIELD,-119.03016699,35.317730930000003
7165961,2016,2017-04-10,1502,2016-01-11,1419,P45,,1,5,6,1502,0,0,0,,0,CENTRA,"OLD RIVER RD","MING AV",2.00,S,N,B,-,N,,,,,,,,,,N,4,0,1,2,D,-,00,,,N,C,C,A,A,H,-,A,A,0,,,,,Y,,-,"- ",0,0,1,0,0,0,0,0,0,"- ","- ",35.340170000000001,-119.14041,KERN,BAKERSFIELD,-119.11440983999999,35.339694510000001
7165966,2016,2017-04-10,1502,2016-01-14,0741,P24,,4,5,6,1502,0,0,0,,0,METRO,"BRUNDAGE LN","AUGUSTA ST",0.00,,Y,A,-,N,,,,,,,,,,N,4,0,4,2,A,-,00,16028,C,N,C,C,A,A,H,-,A,D,0,,,,,Y,,-,"- ",0,0,4,0,0,0,0,0,0,"- ","- ",35.35369,-118.99169000000001,KERN,BAKERSFIELD,-118.99192004,35.353930009999999
7165970,2016,2016-01-29,1502,2016-01-15,0755,P24,,5,5,6,1502,0,0,0,,0,CENTRA,"MING AV","OLD RIVER RD",5.00,E,N,B,-,N,,,,,,,,,,N,4,0,1,2,A,-,03,22350,,N,C,C,A,A,H,-,A,A,0,,,,,Y,,D,22,0,0,1,0,0,0,0,0,0,"- ","- ",35.340170000000001,-119.11404,KERN,BAKERSFIELD,-119.11439326,35.339700000000001
7165977,2016,2016-02-02,1502,2016-01-08,1432,P59,,5,5,6,1502,0,0,0,,0,,"CHESTER AV","MING AV",0.00,,Y,B,-,N,,,,,,,,,,N,4,0,2,2,-,-,"- ",,,N,D,C,A,A,H,-,A,A,0,,,,,Y,,-,"- ",0,0,2,0,0,0,0,0,0,"- ","- ",35.33943,-119.01862,KERN,BAKERSFIELD,-119.01873012,35.339450030000002
7165978,2016,2016-02-26,1502,2016-01-14,1509,1181,,4,5,6,1502,0,0,0,,0,HILL,"K ST","36TH ST",8.00,S,N,A,B,N,,,,,,,,,,N,4,0,1,2,A,-,08,22107,,N,H,G,A,A,H,-,A,D,0,,Y,,Y,Y,,F,26,0,0,1,0,0,0,1,0,0,"- ","- ",35.392960000000002,-119.01742,KERN,BAKERSFIELD,-119.01750023,35.392378049999998
7165997,2016,2016-02-02,1502,2016-01-06,1747,P59,,3,5,6,1502,0,0,0,,0,,"BETTY ST","PANAMA LN",0.00,,Y,C,-,N,,,,,,,,,,Y,4,0,3,2,A,-,17,24250,,N,D,C,A,B,H,-,C,A,0,,,,,Y,,D,22,0,0,3,0,0,0,0,0,0,"- ","- ",35.295789999999997,-119.00908,KERN,BAKERSFIELD,-119.00857003,35.295900109999998
7169121,2016,2016-01-26,1502,2016-01-01,1619,1212,,5,5,6,1502,0,0,0,,0,HILL,"24TH ST","F ST",46.00,W,N,B,-,N,,,,,,,,,,Y,4,0,1,2,A,-,08,22107,,N,B,C,A,A,H,-,A,A,0,,,,,Y,,A,01,0,0,1,0,0,0,0,0,0,"- ","- ",35.381039999999999,-119.02292,KERN,BAKERSFIELD,-119.02361412,35.381030000000003
7169123,2016,2016-01-26,1502,2016-01-13,0933,P65,,3,5,6,1502,0,0,0,,0,,"F ST","18TH ST",0.00,,Y,A,B,N,,,,,,,,,,N,4,0,1,2,A,-,17,21451,A,N,D,C,A,A,H,-,A,A,0,,,,,Y,,A,01,0,0,1,0,0,0,0,0,0,"- ","- ",35.375320000000002,-119.02302,KERN,BAKERSFIELD,-119.02349012000001,35.375290049999997
7169124,2016,2017-04-10,1502,2016-01-14,1040,P75,,4,5,6,1502,0,0,0,,0,METRO,"TULARE ST","ALPINE ST",150.00,N,N,A,-,N,,,,,,,,,,Y,4,0,2,1,A,-,00,16028,C,N,E,I,A,A,H,-,A,D,0,,,,,Y,,A,01,0,0,2,0,0,0,0,0,0,"- ","- ",35.369019999999999,-118.99856,KERN,BAKERSFIELD,-118.99885435,35.369581340000003
7169125,2015,2016-04-21,1502,2015-01-04,0845,P65,,7,5,6,1502,0,0,0,,0,,"MING AV","BARRINGTON ST",43.00,E,N,A,B,N,,,,,,,,,,N,4,0,1,2,D,-,00,,,N,B,C,A,A,H,-,A,A,0,,,,,Y,,-,"- ",0,0,1,0,0,0,0,0,0,"- ","- ",35.33484,-119.0767,KERN,BAKERSFIELD,-119.07675772,35.334711839999997
7169127,2016,2016-01-26,1502,2016-01-11,1735,P63,,1,5,6,1502,0,0,0,,0,CENTRA,"NEW STINE RD","DEMARET AV",60.00,N,N,A,-,N,,,,,,,,,,N,4,0,1,2,A,-,05,21650,1,N,H,G,A,A,H,-,C,D,0,,Y,,,Y,,L,04,0,0,1,0,0,0,1,0,0,"- ","- ",35.351579999999998,-119.06073000000001,KERN,BAKERSFIELD,-119.06138,35.351669999999999
7169128,2016,2016-01-27,1502,2016-01-14,1737,976,,4,5,6,1502,0,0,0,,0,NORTH,"SNOW RD","COFFEE RD",415.00,E,N,A,-,N,,,,,,,,,,Y,4,0,1,2,A,-,03,22350,,N,C,C,A,A,H,-,C,A,0,,,Y,,Y,,A,01,0,0,1,0,0,0,0,0,1,"- ","- ",35.426830000000002,-119.09187,KERN,BAKERSFIELD,-119.09084869,35.426960010000002
7169129,2016,2017-04-10,1502,2016-01-03,0431,1185,,7,5,6,1502,0,0,0,,0,SOUTH,"WHITE LN","ASHE RD",250.00,W,N,A,-,N,,,,,,,,,,Y,4,0,1,1,A,-,00,14602,,N,E,I,A,A,H,-,C,D,0,,,,,Y,,A,01,0,0,1,0,0,0,0,0,0,"- ","- ",35.318210000000001,-119.07446,KERN,BAKERSFIELD,-119.07529700000001,35.318280000000001
7169131,2016,2017-04-10,1502,2016-01-12,0744,P24,,2,5,6,1502,0,0,0,,0,VALLEY,"OLEN ARNOLD AV","BERKSHIRE RD",0.00,,Y,E,-,N,,,,,,,,,,Y,4,0,1,2,D,-,00,,,N,D,C,A,A,H,-,A,A,0,,,,,Y,,-,"- ",0,0,1,0,0,0,0,0,0,"- ","- ",35.288490000000003,-119.00512999999999,KERN,BAKERSFIELD,-119.00453007999999,35.28863011
7169132,2016,2016-01-27,1502,2016-01-15,0052,1048,,5,5,6,1502,0,0,0,,0,,"H ST","7TH ST",6.00,S,N,A,-,N,,,,,,,,,,Y,2,0,1,1,A,-,08,22107,,N,E,I,A,A,H,-,C,D,0,,,,,Y,Y,A,01,1,0,0,0,0,0,0,0,0,"- ","- ",35.363660000000003,-119.02088000000001,KERN,BAKERSFIELD,-119.02124999999999,35.363643539999998
7169133,2016,2016-01-26,1502,2016-01-01,0156,1185,,5,5,6,1502,0,0,0,,0,METRO,"TYREE TOLIVER ST","WILKINS ST",202.00,N,N,A,-,N,,,,,,,,,,Y,4,0,1,2,A,-,01,23152,A,N,C,E,A,A,H,-,C,D,0,,,,,Y,Y,A,01,0,0,1,0,0,0,0,0,0,"- ","- ",35.355499999999999,-118.98833999999999,KERN,BAKERSFIELD,-118.98857,35.356314259999998
7169135,2016,2016-01-26,1502,2016-01-11,0816,P75,,1,5,6,1502,0,0,0,,0,NORTH,"OLD FARM RD","TRACKSIDE DR",0.00,,Y,E,-,N,,,,,,,,,,Y,4,0,2,2,A,-,03,22350,,N,C,C,A,A,H,-,A,D,0,,,,,Y,,A,01,0,0,2,0,0,0,0,0,0,"- ","- ",35.409550000000003,-119.13651,KERN,BAKERSFIELD,-119.13660002,35.409260019999998
7169136,2016,2017-04-10,1502,2016-01-15,1540,976,,5,5,6,1502,0,0,0,,0,METRO,"STOCKDALE HWY","PUERTA OESTE",10.00,W,N,A,-,N,,,,,,,,,,N,4,0,1,2,-,-,"- ",,,N,C,C,A,A,H,-,A,D,0,,,,,Y,,-,"- ",0,0,1,0,0,0,0,0,0,"- ","- ",35.354509999999998,-119.08942,KERN,BAKERSFIELD,-119.08989348999999,35.354309999999998
7169137,2016,2016-08-26,1502,2016-01-01,0838,993,,5,5,6,1502,0,0,0,,0,METRO,"CHESTER AV","24TH ST",0.00,,Y,B,-,N,,,,,,,,,,N,4,0,1,2,A,-,12,21453,A,N,D,C,A,A,H,-,A,A,0,,,,,Y,,A,07,0,0,1,0,0,0,0,0,0,"- ","- ",35.380980000000001,-119.01821,KERN,BAKERSFIELD,-119.01884990000001,35.38101004
7169139,2016,2016-01-26,1502,2016-01-11,1330,984,,1,5,6,1502,0,0,0,,0,HILL,"24TH ST","OAK ST",285.00,W,N,A,-,N,,,,,,,,,,N,4,0,1,2,A,-,05,21650,,N,H,G,A,A,H,-,A,A,0,,Y,,,Y,,L,04,0,0,1,0,0,0,1,0,0,"- ","- ",35.381320000000002,-119.03805,KERN,BAKERSFIELD,-119.03856999999999,35.381160000000001
7169141,2016,2016-01-26,1502,2016-01-01,1502,1038,,5,5,6,1502,0,0,0,,0,CENTRA,"HUACHUCA WY","LORDSBURG DR",23.00,N,N,B,-,N,,,,,,,,,,N,3,0,1,1,A,-,01,23152,F,N,F,I,A,A,H,-,A,D,0,,,Y,,Y,,C,02,0,1,0,0,0,0,0,0,1,"- ","- ",35.321260000000002,-119.08674999999999,KERN,BAKERSFIELD,-119.08678,35.321213110000002
7169143,2016,2016-01-26,1502,2016-01-11,1723,P45,,1,5,6,1502,0,0,0,,0,NORTH,"JEWETTA AV","STOCKDALE HWY",9.00,N,N,B,-,N,,,,,,,,,,N,4,0,1,2,A,-,01,23152,A,N,C,C,A,A,H,-,C,A,0,,,,,Y,Y,A,01,0,0,1,0,0,0,0,0,0,"- ","- ",35.354059999999997,-119.13744,KERN,BAKERSFIELD,-119.136803,35.353930400000003
7169145,2016,2017-04-10,1502,2016-01-02,1217,984,,6,5,6,1502,0,0,0,,0,CENTRA,"WHITE LN","WIBLE RD",315.00,E,N,A,-,N,,,,,,,,,,N,4,0,3,2,-,-,"- ",,,N,D,C,A,A,H,-,A,A,0,,,,,Y,,-,"- ",0,0,3,0,0,0,0,0,0,"- ","- ",35.317839999999997,-119.03917,KERN,BAKERSFIELD,-119.03803560999999,35.317777720000002
7169147,2016,2016-01-26,1502,2016-01-07,1953,1149,,4,5,6,1502,0,0,0,,0,CENTRA,"STINE RD","WHITE LN",35.00,N,N,B,-,N,,,,,,,,,,Y,3,0,3,2,A,-,01,23152,E,M,C,C,A,A,H,-,C,D,0,,,,,Y,,A,01,0,1,2,0,0,0,0,0,0,"- ","- ",35.31794,-119.05669,KERN,BAKERSFIELD,-119.05678,35.318266039999997
7169149,2016,2017-04-10,1502,2016-01-04,1006,P65,,1,5,6,1502,0,0,0,,0,,"PACHECO RD","WIBLE RD",118.00,W,N,A,B,N,,,,,,,,,,Y,4,0,2,2,-,-,"- ",,,N,C,C,A,A,H,-,A,D,0,,,,,Y,,-,"- ",0,0,2,0,0,0,0,0,0,"- ","- ",35.310360000000003,-119.03927,KERN,BAKERSFIELD,-119.039445,35.310212110000002
7169151,2016,2016-01-26,1502,2016-01-08,2150,1120,,5,5,6,1502,0,0,0,,0,,"MING AV","HAGGIN OAKS BL",640.00,W,N,A,-,N,,,,,,,,,,Y,3,0,1,1,A,-,03,22350,,N,E,I,A,A,H,-,C,A,0,,,,,Y,,A,01,0,1,0,0,0,0,0,0,0,"- ","- ",,,KERN,BAKERSFIELD,-119.10325333,35.339860000000002
7169153,2016,2016-01-26,1502,2016-01-04,1657,1143,,1,5,6,1502,0,0,0,,0,NORTH,"HAGEMAN RD","BERGAMO DR",0.00,,Y,B,-,N,,,,,,,,,,Y,4,0,3,2,A,-,09,21801,A,N,A,C,A,A,H,-,C,D,0,,,,,Y,,A,01,0,0,3,0,0,0,0,0,0,"- ","- ",35.40278,-119.06185000000001,KERN,BAKERSFIELD,-119.06199003,35.403210039999998
7169155,2016,2017-04-10,1502,2016-01-09,1422,P43,,6,5,6,1502,0,0,0,,0,METRO,"H ST","4TH ST",0.00,,Y,B,-,N,,,,,,,,,,Y,4,0,1,2,-,-,"- ",,,N,D,C,A,A,H,-,A,A,0,,,,,Y,,-,"- ",0,0,1,0,0,0,0,0,0,"- ","- ",35.361229999999999,-119.02093000000001,KERN,BAKERSFIELD,-119.02127012,35.361240080000002
7169159,2016,2016-01-26,1502,2016-01-07,1456,P59,,4,5,6,1502,0,0,0,,0,,"NEW STINE RD","DEMARET AV",372.00,S,N,B,-,N,,,,,,,,,,N,4,0,1,3,A,-,03,22350,,N,C,C,A,A,H,-,A,D,0,,,,,Y,,A,01,0,0,1,0,0,0,0,0,0,"- ","- ",35.351579999999998,-119.06073000000001,KERN,BAKERSFIELD,-119.06137734000001,35.350649230000002
7169163,2016,2017-04-10,1502,2016-01-07,1502,976,,4,5,6,1502,0,0,0,,0,METRO,"19TH ST","Q ST",0.00,,Y,B,-,N,,,,,,,,,,N,4,0,1,2,-,-,"- ",,,N,G,B,B,A,H,-,A,A,0,Y,,,,Y,,-,"- ",0,0,1,0,1,0,0,0,0,"- ","- ",35.37612,-119.01011,KERN,BAKERSFIELD,-119.01062008,35.376200060000002
7169166,2016,2016-01-26,1502,2016-01-05,0110,1153,,2,5,6,1502,0,0,0,,0,,"KENTUCKY ST","BROWN ST",1.00,E,N,B,-,N,,,,,,,,,,Y,4,0,2,1,A,-,08,22107,,M,E,I,A,A,H,-,C,D,0,,,,,Y,,A,01,0,0,2,0,0,0,0,0,0,"- ","- ",35.376139999999999,-118.97992000000001,KERN,BAKERSFIELD,-118.97980679,35.37589921
7169167,2016,2017-04-10,1502,2016-01-07,1529,1038,,4,5,6,1502,0,0,0,,0,METRO,"BRUNDAGE LN","CHESTER AV",0.00,,Y,B,-,N,,,,,,,,,,Y,4,0,1,2,-,-,"- ",,,N,D,C,A,A,H,-,A,D,0,,,,,Y,,-,"- ",0,0,1,0,0,0,0,0,0,"- ","- ",35.353969999999997,-119.0187,KERN,BAKERSFIELD,-119.01893009,35.354000069999998
7169170,2016,2016-01-26,1502,2016-01-04,1742,P63,,1,5,6,1502,0,0,0,,0,METRO,"OAK ST","TRUXTON AV",300.00,S,N,B,-,N,,,,,,,,,,Y,4,0,2,3,A,-,03,22350,,N,C,C,A,A,H,-,C,D,0,,,,,Y,,A,01,0,0,2,0,0,0,0,0,0,"- ","- ",35.373640000000002,-119.03818,KERN,BAKERSFIELD,-119.03869381,35.372717100000003
7169171,2016,2017-04-10,1502,2016-01-07,1530,976,,4,5,6,1502,0,0,0,,0,HILL,"FAIRFAX RD","COLLEGE AV",18.00,N,N,B,-,N,,,,,,,,,,N,4,0,2,2,-,-,"- ",,,N,C,C,A,A,H,-,A,A,0,,,,,Y,,-,"- ",0,0,2,0,0,0,0,0,0,"- ","- ",35.383189999999999,-118.93022999999999,KERN,BAKERSFIELD,-118.93021220999999,35.383378970000003
7169174,2016,2017-04-10,1502,2016-01-05,1207,P24,,2,5,6,1502,0,0,0,,0,CENTRA,"CALIFORNIA AV","STOCKDALE HWY",200.00,N,N,B,-,N,,,,,,,,,,Y,4,0,1,1,-,-,"- ",,,N,E,I,A,B,H,-,A,D,0,,,,,Y,,-,"- ",0,0,1,0,0,0,0,0,0,"- ","- ",35.354129999999998,-119.0607,KERN,BAKERSFIELD,-119.06125,35.354838800000003
7169175,2016,2016-01-27,1502,2016-01-06,2024,1202,,3,5,6,1502,0,0,0,,0,VALLEY,"MONITOR ST","PANAMA LN",0.00,,Y,B,C,N,,,,,,,,,,N,3,0,1,2,A,-,11,21954,A,N,G,B,E,B,H,-,C,A,0,Y,,,,Y,,N,60,0,1,0,0,1,0,0,0,0,"- ","- ",35.295810000000003,-119.0124,KERN,BAKERSFIELD,-119.01189007000001,35.295900099999997
7169178,2016,2017-04-10,1502,2016-01-04,2100,1171,,1,5,6,1502,0,0,0,,0,,"CHESTER AV","WILSON AV",0.00,,Y,B,-,N,,,,,,,,,,Y,4,0,3,2,A,-,12,21453,A,N,D,C,A,B,H,-,C,A,0,,,,,Y,,-,"- ",0,0,3,0,0,0,0,0,0,"- ","- ",35.417879999999997,-119.02077,KERN,BAKERSFIELD,-119.01413005000001,35.332190109999999
7169179,2016,2016-01-27,1502,2016-01-07,1728,P83,,4,5,6,1502,0,0,0,,0,CENTRA,"STOCKDALE HWY","STINE RD",160.00,E,N,B,-,N,,,,,,,,,,N,4,0,2,2,A,-,03,22350,,N,C,C,A,A,H,-,C,A,0,,,,,Y,,A,01,0,0,2,0,0,0,0,0,0,"- ","- ",35.354399999999998,-119.0476,KERN,BAKERSFIELD,-119.04730411,35.354247260000001
7169182,2016,2017-04-10,1502,2016-01-15,1614,1195,,5,5,6,1502,0,0,0,,0,METRO,"CALIFORNIA AV","H ST",0.00,,Y,A,-,N,,,,,,,,,,Y,4,0,1,2,-,-,"- ",,,N,D,C,A,A,H,-,A,A,0,,,,,Y,,-,"- ",0,0,1,0,0,0,0,0,0,"- ","- ",35.368499999999997,-119.02079999999999,KERN,BAKERSFIELD,-119.02123013000001,35.368570120000001
7169186,2016,2016-01-26,1502,2016-01-13,1802,1195,,3,5,6,1502,0,0,0,,0,CENTRA,"STOCKDALE HWY","VILLAGE LN",373.00,W,N,A,-,N,,,,,,,,,,Y,3,0,1,1,A,-,05,21651,A,N,E,I,A,A,H,-,C,D,0,,,,,Y,,A,01,0,1,0,0,0,0,0,0,0,"- ","- ",35.354529999999997,-119.0574,KERN,BAKERSFIELD,-119.05894934,35.35416
7169187,2016,2016-01-26,1502,2016-01-06,1340,1195,,3,5,6,1502,0,0,0,,0,HILL,"AUBURN ST","COLUMBUS ST",146.00,S,N,B,C,N,,,,,,,,,,Y,4,0,1,1,A,-,01,23152,E,N,E,I,A,B,H,-,A,D,0,,,,,Y,,A,01,0,0,1,0,0,0,0,0,0,"- ","- ",35.398629999999997,-118.953,KERN,BAKERSFIELD,-118.95288347,35.398331730000002
7169188,2016,2016-01-27,1502,2016-01-06,1753,1185,,3,5,6,1502,0,0,0,,0,SOUTH,"HARRIS RD","STINE RD",100.00,W,N,C,-,N,,,,,,,,,,Y,4,0,3,2,A,-,03,22350,,N,C,C,A,B,H,-,C,D,0,,,,,Y,,A,07,0,0,3,0,0,0,0,0,0,"- ","- ",35.303089999999997,-119.05688000000001,KERN,BAKERSFIELD,-119.05705467,35.303205400000003