CASE_ID,ACCIDENT_YEAR,PROC_DATE,JURIS,COLLISION_DATE,COLLISION_TIME,OFFICER_ID,REPORTING_DISTRICT,DAY_OF_WEEK,CHP_SHIFT,POPULATION,CNTY_CITY_LOC,SPECIAL_COND,BEAT_TYPE,CHP_BEAT_TYPE,CITY_DIVISION_LAPD,CHP_BEAT_CLASS,BEAT_NUMBER,PRIMARY_RD,SECONDARY_RD,DISTANCE,DIRECTION,INTERSECTION,WEATHER_1,WEATHER_2,STATE_HWY_IND,CALTRANS_COUNTY,CALTRANS_DISTRICT,STATE_ROUTE,ROUTE_SUFFIX,POSTMILE_PREFIX,POSTMILE,LOCATION_TYPE,RAMP_INTERSECTION,SIDE_OF_HWY,TOW_AWAY,COLLISION_SEVERITY,NUMBER_KILLED,NUMBER_INJURED,PARTY_COUNT,PRIMARY_COLL_FACTOR,PCF_CODE_OF_VIOL,PCF_VIOL_CATEGORY,PCF_VIOLATION,PCF_VIOL_SUBSECTION,HIT_AND_RUN,TYPE_OF_COLLISION,MVIW,PED_ACTION,ROAD_SURFACE,ROAD_COND_1,ROAD_COND_2,LIGHTING,CONTROL_DEVICE,CHP_ROAD_TYPE,PEDESTRIAN_ACCIDENT,BICYCLE_ACCIDENT,MOTORCYCLE_ACCIDENT,TRUCK_ACCIDENT,NOT_PRIVATE_PROPERTY,ALCOHOL_INVOLVED,STWD_VEHTYPE_AT_FAULT,CHP_VEHTYPE_AT_FAULT,COUNT_SEVERE_INJ,COUNT_VISIBLE_INJ,COUNT_COMPLAINT_PAIN,COUNT_PED_KILLED,COUNT_PED_INJURED,COUNT_BICYCLIST_KILLED,COUNT_BICYCLIST_INJURED,COUNT_MC_KILLED,COUNT_MC_INJURED,PRIMARY_RAMP,SECONDARY_RAMP,LATITUDE,LONGITUDE,COUNTY,CITY,POINT_X,POINT_Y
7193794,2016,2016-03-04,1502,2016-02-13,0206,1202,,6,5,6,1502,0,0,0,,0,VALLEY,"H ST","JULIAN AV",839.00,S,N,A,-,N,,,,,,,,,,Y,3,0,1,1,A,-,01,23152,A,N,E,I,A,A,H,-,C,D,0,,,,,Y,Y,A,07,0,1,0,0,0,0,0,0,0,"- ","- ",35.323459999999997,-119.02135,KERN,BAKERSFIELD,-119.02133535,35.32115787
7193798,2016,2016-03-04,1502,2016-02-15,0814,1072,,1,5,6,1502,0,0,0,,0,CENTRA,"PANAMA LN","AKERS RD",6.00,W,N,A,-,N,,,,,,,,,,N,3,0,1,2,A,-,12,21453,A,N,H,G,A,A,H,-,A,A,0,,Y,,,Y,,L,04,0,1,0,0,0,0,1,0,0,"- ","- ",35.29571,-119.04812,KERN,BAKERSFIELD,-119.04782007999999,35.295930040000002
7193838,2016,2016-03-04,1502,2016-02-10,2015,1048,,3,5,6,1502,0,0,0,,0,,"WILSON RD","H ST",30.00,W,N,A,-,N,,,,,,,,,,N,4,0,1,2,A,-,09,21804,A,F,C,C,A,A,H,-,C,A,0,,,,,Y,,A,01,0,0,1,0,0,0,0,0,0,"- ","- ",35.332180000000001,-119.02124000000001,KERN,BAKERSFIELD,-119.02142044999999,35.332169999999998
7195512,2016,2017-02-14,1511,2016-01-31,0439,53082,,7,5,2,1511,0,0,0,,0,00A,"RT 58","CALL BX 58-1252",100.00,W,N,A,-,Y,KER,6,58,-,R,124.980,H,-,E,Y,3,0,1,1,A,-,08,22107,,N,F,A,A,A,H,-,D,D,0,,,,,Y,,D,22,0,1,0,0,0,0,0,0,0,"- ","- ",,,KERN,"CALIFORNIA CITY",-117.96362868999999,35.015267090000002
7195516,2016,2016-03-04,1511,2016-02-10,2155,53051,1,3,5,2,1511,0,0,0,,0,,"TWENTY MULE TEAM PKWY","CAL-EDISON UTILITY POLE #1778912E",0.00,,Y,A,-,N,,,,,,,,,,Y,2,0,1,1,A,-,08,22107,,N,F,A,A,A,H,-,D,D,0,,,,,Y,,D,22,1,0,0,0,0,0,0,0,0,"- ","- ",,,KERN,"CALIFORNIA CITY",,
7195583,2016,2016-02-29,1507,2016-02-15,1219,259,7,1,5,3,1507,0,0,0,,0,,"WEST LERDO HWY","POPLAR AV",570.00,N,N,A,-,N,,,,,,,,,,Y,3,0,1,1,A,-,08,22107,,N,E,I,A,A,H,-,A,D,0,,,,,Y,,A,01,0,1,0,0,0,0,0,0,0,"- ","- ",,,KERN,SHAFTER,-119.29611,35.499890000000001
7195663,2016,2016-02-29,1503,2016-01-09,1713,10159,1503,6,5,4,1503,0,0,0,,0,ALL,"5TH AV","HIGH ST",78.00,E,N,A,-,N,,,,,,,,,,N,3,0,1,2,A,-,00,12500,C,N,G,B,D,A,H,-,C,D,0,Y,,,,Y,,I,11,0,1,0,0,1,0,0,0,0,"- ","- ",,,KERN,DELANO,-119.24522238,35.762501620000002
7195667,2016,2016-03-09,1503,2016-01-14,1543,10159,1503,4,5,4,1503,0,0,0,,0,ALL,"CECIL AV","QUINCY ST",0.00,,Y,A,-,N,,,,,,,,,,N,4,0,1,2,A,-,03,22350,,N,C,C,A,A,H,-,A,D,0,,,,,Y,,-,,0,0,1,0,0,0,0,0,0,"- ","- ",,,KERN,DELANO,-119.23438991,35.775900020000002
7195671,2015,2016-03-09,1503,2015-01-18,1516,1098,1503,7,5,4,1503,0,0,0,,0,ALL,"CECIL AV","HIGH ST",92.00,E,N,A,-,N,,,,,,,,,,N,4,0,1,2,A,-,03,22350,,N,C,C,A,A,H,-,A,A,0,,,,,Y,,A,01,0,0,1,0,0,0,0,0,0,"- ","- ",,,KERN,DELANO,-119.24901018,35.775910000000003
7195675,2016,2016-02-29,1503,2016-01-24,1755,10160,1503,7,5,4,1503,0,0,0,,0,ALL,"11TH AV","BELMONT ST",50.00,W,N,A,-,N,,,,,,,,,,N,4,0,2,3,A,-,03,22350,,F,C,D,A,A,H,-,C,D,0,,,,,Y,Y,A,01,0,0,2,0,0,0,0,0,0,"- ","- ",,,KERN,DELANO,-119.25633544,35.768774550000003
7195679,2016,2016-02-29,1503,2016-01-27,1750,10161,1503,3,5,4,1503,0,0,0,,0,ALL,"S LEXINGTON ST","WOOLLOMES AV",0.00,,Y,A,-,N,,,,,,,,,,Y,4,0,2,1,A,-,09,21802,A,N,F,I,A,A,H,-,C,A,0,,,,,Y,,A,01,0,0,2,0,0,0,0,0,0,"- ","- ",,,KERN,DELANO,-119.24073995000001,35.746900060000002
7195681,2016,2016-02-29,1511,2016-01-25,0945,53099,2,1,5,2,1511,0,0,0,,0,00A,"ISABELLA AV","MOSS AV",0.00,,Y,A,-,N,,,,,,,,,,N,4,0,3,1,A,-,08,22107,,N,F,J,A,A,A,B,A,D,0,,,,,Y,,A,01,0,0,3,0,0,0,0,0,0,"- ","- ",,,KERN,"CALIFORNIA CITY",-117.99413010000001,35.101550119999999
7196674,2016,2016-03-09,1501,2016-01-15,1510,933,18,5,5,3,1501,0,0,0,,0,002,"MARK RD","COMANCHE DR",234.00,E,N,A,-,N,,,,,,,,,,Y,2,0,2,1,A,-,08,22107,,N,E,I,A,A,H,-,A,D,0,,,,,Y,Y,A,01,1,1,0,0,0,0,0,0,0,"- ","- ",35.201569999999997,-118.84106,KERN,ARVIN,-118.84131785,35.201328269999998
7196754,2016,2016-03-03,1509,2016-01-14,1640,983,T,4,5,3,1509,0,0,0,,0,2501,"TUCKER RD","TUCKER RD 851",0.00,,Y,A,-,N,,,,,,,,,,N,3,0,1,2,A,-,21,22106,,N,G,B,F,A,H,-,A,-,0,Y,,,,Y,,A,01,0,1,0,0,1,0,0,0,0,"- ","- ",,,KERN,TEHACHAPI,-118.46782564999999,35.12182018
7198647,2016,2017-02-06,1507,2016-02-26,1415,256,12,5,5,3,1507,0,0,0,,0,,"CENTRAL VALLEY HWY","SUNSET AV",55.00,S,N,A,-,Y,KER,6,43,-,-,17.000,H,-,N,N,4,0,1,2,A,-,03,22350,,N,C,C,A,A,H,-,A,D,0,,,,,Y,,D,72,0,0,1,0,0,0,0,0,0,"- ","- ",,,KERN,SHAFTER,-119.27615788999999,35.504262670000003
7198737,2016,2017-02-18,1507,2016-02-18,1551,256,17,4,5,3,1507,0,0,0,,0,,"LERDO HWY","CENTRAL VALLEY HWY",0.00,,Y,A,-,Y,KER,6,43,-,-,16.550,I,6,S,N,4,0,1,2,A,-,09,21804,A,N,D,C,A,A,H,-,A,A,0,,,,,Y,,A,01,0,0,1,0,0,0,0,0,0,"- ","- ",,,KERN,SHAFTER,-119.27055034,35.499891390000002
7198739,2016,2016-03-09,1501,2016-02-14,1313,907,15,7,5,3,1501,0,0,0,,0,002,MEYER,"ORANGE AV",0.00,,Y,A,-,N,,,,,,,,,,N,4,0,1,2,A,-,03,22350,A,N,C,C,A,A,H,-,A,D,0,,,,,Y,,A,01,0,0,1,0,0,0,0,0,0,"- ","- ",35.207250000000002,-118.83319,KERN,ARVIN,-118.83319005,35.20724001
7199466,2015,2017-03-28,1506,2015-12-16,1925,5977,3,3,5,4,1506,0,0,0,,0,,"N NORMA ST","W MOYER AV",184.00,N,N,A,-,N,,,,,,,,,,Y,1,1,0,2,A,-,11,21950,B,N,G,B,D,A,H,-,C,D,0,Y,,,,Y,Y,N,60,0,0,0,1,0,0,0,0,0,"- ","- ",35.651299999999999,-117.68393,KERN,RIDGECREST,-117.67876,35.64579423
7199502,2015,2017-03-28,9420,2015-07-31,0316,16613,,5,3,6,1502,0,2,S,,2,901,"WHITE LN","WHITE LN 8800",0.00,,N,A,-,N,,,,,,,,,,Y,1,1,1,1,A,-,08,22107,,N,E,I,A,A,H,-,C,D,0,,,Y,,Y,Y,C,02,0,1,0,0,0,0,0,1,1,"- ","- ",,,KERN,BAKERSFIELD,-119.09970134,35.319156569999997
7199507,2015,2017-04-04,1502,2015-10-24,1949,1195,,6,5,6,1502,0,0,0,,0,HILL,"UNION AV","IRENE ST",36.00,N,N,A,-,N,,,,,,,,,,N,1,1,0,2,A,-,11,21954,A,N,G,B,D,A,H,-,C,D,0,Y,,,,Y,Y,N,60,0,0,0,1,0,0,0,0,0,"- ","- ",,,KERN,BAKERSFIELD,-119.00279,35.391268779999997
7199508,2015,2016-03-24,1502,2015-11-21,1834,1033,,6,5,6,1502,0,0,0,,0,,"KERN CANYON RD","MESA MARIN DR",360.00,E,N,A,-,N,,,,,,,,,,Y,3,0,4,2,A,-,08,22107,,N,A,C,A,A,D,-,C,D,0,,,,,Y,,A,07,0,3,1,0,0,0,0,0,0,"- ","- ",35.394440000000003,-118.88317000000001,KERN,BAKERSFIELD,-118.88235807,35.395552500000001
7199509,2015,2017-03-29,1502,2015-12-18,0254,1181,,5,5,6,1502,0,0,0,,0,HILL,"COLUMBUS ST","CORNELL ST",10.00,E,N,A,-,N,,,,,,,,,,N,1,1,0,2,A,-,17,21663,,F,G,B,F,A,H,-,C,A,0,Y,,,,Y,Y,A,01,0,0,0,1,0,0,0,0,0,"- ","- ",35.397739999999999,-118.97517999999999,KERN,BAKERSFIELD,-118.9752965,35.397580779999998
7199510,2015,2017-04-04,1502,2015-12-30,2036,1167,,3,5,6,1502,0,0,0,,0,VALLEY,"HUGHES ST","TRICIA CT",98.00,S,N,A,-,N,,,,,,,,,,Y,1,1,0,2,A,-,09,21801,A,N,D,C,A,A,H,-,C,D,0,,,Y,,Y,Y,A,01,0,0,0,0,0,0,0,1,0,"- ","- ",35.320360000000001,-119.03027,KERN,BAKERSFIELD,-119.03008,35.320041089999997
7199688,2016,2016-06-02,1502,2016-01-09,2025,784,,6,5,6,1502,0,0,0,,0,SOUTH,"DISTRICT BL","ASHE RD",734.00,E,N,B,-,N,,,,,,,,,,N,1,1,0,3,A,-,09,21804,A,F,D,C,A,A,H,-,C,D,0,,,Y,,Y,Y,A,01,0,0,0,0,0,0,0,1,0,"- ","- ",35.313130000000001,-119.07451,KERN,BAKERSFIELD,-119.07199283,35.313106679999997
7199691,2016,2018-09-25,1502,2016-01-16,0028,1167,,6,5,6,1502,0,0,0,,0,CENTRA,"MING AV","OLD RIVER RD",0.00,,Y,A,-,N,,,,,,,,,,Y,1,1,0,2,A,-,12,21453,A,N,D,C,A,A,H,-,C,A,0,,,Y,,Y,Y,C,02,0,0,0,0,0,0,0,1,0,"- ","- ",35.340170000000001,-119.11404,KERN,BAKERSFIELD,-119.11441009000001,35.339700030000003
7199692,2016,2018-09-27,1502,2016-01-23,0024,965,,6,5,6,1502,0,0,0,,0,VALLEY,"COTTONWOOD RD","WHITE LN",1526.00,S,N,A,-,N,,,,,,,,,,Y,1,1,0,2,A,-,11,21954,A,F,G,B,E,A,H,-,D,D,0,Y,,,,Y,,N,60,0,0,0,1,0,0,0,0,0,"- ","- ",35.317399999999999,-118.98566,KERN,BAKERSFIELD,-118.98541861,35.313502870000001
7199695,2016,2016-06-02,1502,2016-03-26,0005,784,,6,5,6,1502,0,0,0,,0,SOUTH,"PANAMA LN","COLONY ST",0.00,,Y,A,-,N,,,,,,,,,,Y,1,1,2,2,A,-,01,23153,A,N,D,C,A,A,H,-,C,A,0,,,,,Y,Y,A,07,2,0,0,0,0,0,0,0,0,"- ","- ",35.295929999999998,-119.02773999999999,KERN,BAKERSFIELD,-119.02721004999999,35.29596007
7199796,2016,2018-09-26,1502,2016-03-21,2327,784,,1,5,6,1502,0,0,0,,0,HILL,"UNION AV","THELMA DR",2.00,N,N,B,-,N,,,,,,,,,,Y,1,1,1,2,A,-,09,21802,A,N,D,C,A,A,H,-,C,A,0,,,Y,,Y,,A,01,0,1,0,0,0,0,0,1,0,"- ","- ",35.394240000000003,-119.00275999999999,KERN,BAKERSFIELD,-119.00299,35.393835490000001
7199909,2017,2019-04-08,1511,2017-01-18,1953,53085,2,3,5,2,1511,0,0,0,,0,00A,"CALIFORNIA CITY BL","VICTORY WY",90.00,W,N,B,C,N,,,,,,,,,,Y,1,1,0,2,A,-,03,22350,,N,G,B,D,B,H,-,C,D,0,Y,,,,Y,Y,A,07,0,0,0,1,0,0,0,0,0,"- ","- ",35.126130000000003,-118.00136000000001,KERN,"CALIFORNIA CITY",-118.00136028999999,35.125787299999999
7200020,2017,2017-08-18,1506,2017-02-23,2100,5977,21,4,5,4,1506,0,0,0,,0,,"RT 178","W HOWELL AV",38.00,S,N,A,-,Y,KER,6,178,-,-,101.730,H,-,W,N,1,1,0,2,A,-,11,21950,B,N,G,B,D,A,H,-,C,D,0,Y,,,,Y,,N,60,0,0,0,1,0,0,0,0,0,"- ","- ",35.635109999999997,-117.66794,KERN,RIDGECREST,-117.66976400999999,35.635077359999997
7200038,2017,2017-08-16,1508,2017-03-26,0204,111,6B,7,5,2,1508,0,0,0,,0,,"N PETROLEUM CLUB RD","CADET RD",4488.00,N,N,A,-,N,,,,,,,,,,Y,1,1,2,1,A,-,01,23152,A,N,F,A,A,A,H,-,D,D,0,,,,,Y,Y,A,07,0,0,2,0,0,0,0,0,0,"- ","- ",35.118119999999998,-119.40218,KERN,TAFT,-119.40382916,35.111011419999997
7200106,2016,2018-09-24,1502,2016-11-28,1951,784,,1,5,6,1502,0,0,0,,0,,"AUBURN ST","OSWELL ST",254.00,W,N,B,-,N,,,,,,,,,,Y,1,1,0,2,A,-,11,21954,A,N,G,B,D,A,H,-,C,D,0,Y,,,,Y,Y,N,60,0,0,0,1,0,0,0,0,0,"- ","- ",35.397739999999999,-118.94965999999999,KERN,BAKERSFIELD,-118.95077094,35.39772507
7200111,2016,2017-05-22,1507,2016-12-29,0707,270,100,4,5,3,1507,0,0,0,,0,,"SANTA FE WY","BURBANK ST",0.00,S,N,E,-,N,,,,,,,,,,Y,1,1,0,2,A,-,03,22350,,N,D,C,A,B,G,-,B,D,0,,,,,Y,,A,01,0,0,0,0,0,0,0,0,0,"- ","- ",35.470680000000002,-119.2346,KERN,SHAFTER,-119.23456991,35.470660109999997
7200113,2016,2018-09-24,1501,2016-03-02,1935,933,13,3,5,3,1501,0,0,0,,0,001,"N DERBY ST","4TH AV",81.00,N,N,A,-,N,,,,,,,,,,N,1,1,0,2,A,-,11,21954,A,N,G,B,E,A,H,-,C,D,0,Y,,,,Y,,N,60,0,0,0,1,0,0,0,0,0,"- ","- ",35.209159999999997,-118.82427,KERN,ARVIN,-118.82423368000001,35.211162209999998
7200163,2017,2019-04-08,1502,2017-01-07,1903,1167,,6,5,6,1502,0,0,0,,0,METRO,"24TH ST","N ST",25.00,W,N,C,-,Y,KER,6,178,S,S,1.749,I,5,W,Y,1,1,0,2,A,-,11,21954,A,N,G,B,E,B,H,-,D,D,0,Y,,,,Y,,N,60,0,0,0,1,0,0,0,0,0,"- ","- ",35.380969999999998,-119.01352,KERN,BAKERSFIELD,-119.01415698,35.381032879999999
7200170,2017,2019-04-08,1502,2017-01-16,2130,1212,,1,5,6,1502,0,0,0,,0,HILL,"GOLDEN STATE AV","H ST",54.00,W,N,A,-,N,,,204,,,,,,,Y,1,1,0,2,A,-,05,21202,A,F,H,G,A,A,H,-,C,D,0,,Y,,,Y,Y,L,04,0,0,0,0,0,1,0,0,0,"- ","- ",35.387830000000001,-119.02048000000001,KERN,BAKERSFIELD,-119.02043257,35.387909780000001
7200174,2017,2019-04-08,1502,2017-01-29,1500,1195,,7,5,6,1502,0,0,0,,0,SOUTH,"WHITE LN","LILY DR",211.00,E,N,A,-,N,,,,,,,,,,Y,1,1,0,2,A,-,09,21801,A,N,D,C,A,A,H,-,A,D,0,,,Y,,Y,,D,22,0,0,0,0,0,0,0,1,0,"- ","- ",35.318309999999997,-119.08347999999999,KERN,BAKERSFIELD,-119.08276358000001,35.318287439999999
7200214,2017,2019-04-08,1507,2017-03-14,2225,269,6,2,5,3,1507,0,0,0,,0,,"N CENTRAL VALLEY HWY","ENGLISH LN",0.00,,Y,A,-,Y,KER,6,43,-,-,17.874,H,-,N,Y,1,1,2,2,A,-,05,21651,C,N,A,C,A,A,H,-,D,D,0,,,,,Y,Y,D,22,1,0,1,0,0,0,0,0,0,"- ","- ",35.513359999999999,-119.28699,KERN,SHAFTER,-119.28694376,35.513400179999998
7201134,2016,2016-03-15,1506,2016-01-16,1946,4240,4,6,5,4,1506,0,0,0,,0,,"N NORMA ST","W REEVES AV",0.00,,Y,A,-,N,,,,,,,,,,N,2,0,1,2,A,-,05,21650,1,N,H,G,A,A,H,-,C,D,0,,Y,,,Y,,L,04,1,0,0,0,0,0,1,0,0,"- ","- ",35.645510000000002,-117.6788,KERN,RIDGECREST,-117.67876008,35.646190019999999
7201138,2016,2016-03-24,1506,2016-01-11,1743,8216,46,1,5,4,1506,0,0,0,,0,,"S SUNLAND ST","EAST UPJOHN AV",18.00,S,N,A,-,N,,,,,,,,,,Y,4,0,1,2,A,-,08,22107,,M,B,C,A,A,H,-,B,D,0,,,,,Y,,A,01,0,0,1,0,0,0,0,0,0,"- ","- ",35.626390000000001,-117.67486,KERN,RIDGECREST,-117.66120033999999,35.615240669999999
7201142,2016,2016-03-15,1506,2016-01-22,1820,5977,20,5,5,4,1506,0,0,0,,0,,"N NORMA ST","WEST DRUMMOND AV",530.00,N,N,A,-,N,,,,,,,,,,N,2,0,1,2,A,-,10,21950,A,M,G,B,D,A,H,-,C,D,0,Y,,,,Y,,-,99,1,0,0,0,1,0,0,0,0,"- ","- ",35.637030000000003,-117.67874,KERN,RIDGECREST,-117.67873406,35.638612389999999
7201143,2016,2016-03-15,1506,2016-01-11,0422,4013,35,1,5,4,1506,0,0,0,,0,,"S SUNSET ST","W WILSON AV",7.00,S,N,A,-,N,,,,,,,,,,Y,2,0,1,1,A,-,01,23152,A,N,E,I,A,A,H,-,C,A,0,,,,,Y,Y,A,01,1,0,0,0,0,0,0,0,0,"- ","- ",35.617289999999997,-117.68155,KERN,RIDGECREST,-117.68123041,35.617070820000002
7201146,2016,2016-03-15,1506,2016-01-24,1430,4283,36,7,5,4,1506,0,0,0,,0,,"S CHINA LAKE BL","W WILSON AV",0.00,,Y,A,-,N,,,,,,,,,,Y,4,0,3,3,A,-,09,21801,A,N,C,A,A,A,A,-,A,D,0,,,,,Y,,A,01,0,0,3,0,0,0,0,0,0,"- ","- ",,,KERN,RIDGECREST,-117.67005004000001,35.617080090000002
7201150,2016,2016-03-15,1506,2016-01-03,1751,4240,36,7,5,4,1506,0,0,0,,0,,"S NORMA ST","W UPJOHN AV",0.00,,Y,A,-,N,,,,,,,,,,Y,4,0,1,2,A,-,09,21801,B,N,D,C,A,A,H,-,C,A,0,,,Y,,Y,,-,,0,0,1,0,0,0,0,0,1,"- ","- ",35.615250000000003,-117.67896,KERN,RIDGECREST,-117.6790101,35.615250090000004
7201862,2016,2016-03-11,1502,2016-02-16,2242,1171,,2,5,6,1502,0,0,0,,0,,"24TH ST","F ST",0.00,,Y,A,-,N,,,,,,,,,,Y,4,0,2,2,A,-,12,21453,A,N,D,C,A,A,H,-,C,B,0,,,,,Y,,J,48,0,0,2,0,0,0,0,0,0,"- ","- ",35.381039999999999,-119.02292,KERN,BAKERSFIELD,-119.02346009,35.38103005
7202133,2016,2016-03-11,1500,2016-02-11,0656,200752,WA02,4,5,3,1510,0,0,0,,0,4401,"J ST","POSO DR",0.00,,Y,A,-,N,,,,,,,,,,N,4,0,1,2,A,-,03,22350,,N,D,C,A,A,H,-,A,A,0,,,,,Y,,-,,0,0,1,0,0,0,0,0,0,"- ","- ",,,KERN,WASCO,-119.33151994000001,35.58698004
7202259,2016,2016-03-10,1509,2016-02-24,1642,58014,B,3,5,3,1509,0,0,0,,0,,"SAN JUAN DR","ANGUS CT",625.00,E,N,A,-,N,,,,,,,,,,Y,4,0,1,1,A,-,08,22107,,N,F,A,A,A,H,-,A,D,0,,,,,Y,,A,01,0,0,1,0,0,0,0,0,0,"- ","- ",,,KERN,TEHACHAPI,-118.61377657,35.155785620000003
7202532,2016,2016-03-24,1502,2016-02-24,1051,P24,,3,5,6,1502,0,0,0,,0,METRO,"NILES ST","GAGE ST",0.00,,Y,A,-,N,,,,,,,,,,N,4,0,1,2,A,-,08,22107,,N,B,C,A,A,H,-,A,D,0,,,,,Y,,A,01,0,0,1,0,0,0,0,0,0,"- ","- ",35.38082,-118.98492,KERN,BAKERSFIELD,-118.98485008,35.380540080000003
7202540,2016,2016-03-24,1502,2016-02-23,1527,P63,,2,5,6,1502,0,0,0,,0,METRO,"TRUXTUN AV","V ST",0.00,,Y,A,-,N,,,,,,,,,,N,4,0,1,2,A,-,10,21950,A,N,G,B,B,A,H,-,A,A,0,Y,,,,Y,,J,48,0,0,1,0,1,0,0,0,0,"- ","- ",35.373150000000003,-119.00435,KERN,BAKERSFIELD,-119.0048201,35.373370090000002
7203382,2016,2016-03-11,1502,2016-02-23,1543,1218,,2,5,6,1502,0,0,0,,0,CENTRA,"WILSON RD","CHANDLER CT",188.00,W,N,A,-,N,,,,,,,,,,Y,4,0,1,2,A,-,09,21804,A,N,D,C,A,A,H,-,A,D,0,,,,,Y,,A,08,0,0,1,0,0,0,0,0,0,"- ","- ",35.332389999999997,-119.04082,KERN,BAKERSFIELD,-119.04141945000001,35.332217300000003
7203386,2016,2017-02-06,1502,2016-02-23,1430,P63,,2,5,6,1502,0,0,0,,0,METRO,"H ST","RICHLAND ST",0.00,,Y,A,-,Y,KER,6,58,-,R,53.258,R,4,W,Y,3,0,1,2,A,-,12,21453,A,N,D,C,A,A,H,-,A,A,0,,,,,Y,,-,"- ",0,1,0,0,0,0,0,0,0,"- ","- ",35.352980000000002,-119.02103,KERN,BAKERSFIELD,-119.02356813,35.352738670000001
7203393,2016,2017-02-06,1502,2016-02-27,1050,P45,,6,5,6,1502,0,0,0,,0,METRO,"UNION AV","CALIFORNIA AV",178.00,S,N,B,-,Y,KER,6,204,-,-,3.060,H,-,S,N,4,0,1,2,A,-,11,21955,,M,G,B,D,A,H,-,A,D,0,Y,,,,Y,,N,60,0,0,1,0,1,0,0,0,0,"- ","- ",35.368279999999999,-119.00252999999999,KERN,BAKERSFIELD,-119.00294992000001,35.368069689999999
7203397,2016,2016-03-11,1502,2016-02-23,0554,1061,,2,5,6,1502,0,0,0,,0,CENTRA,"WHITE LN","OLD RIVER RD",0.00,,Y,A,-,N,,,,,,,,,,Y,3,0,2,2,A,-,12,21453,A,N,A,C,A,A,H,-,C,A,0,,,,,Y,,A,01,0,2,0,0,0,0,0,0,0,"- ","- ",35.325530000000001,-119.10923,KERN,BAKERSFIELD,-119.10943002,35.325290010000003
7203401,2016,2016-03-11,1502,2016-02-23,0740,P24,,2,5,6,1502,0,0,0,,0,METRO,"BAKER ST","NILES ST",0.00,,Y,A,-,N,,,,,,,,,,Y,4,0,1,2,A,-,12,21453,A,F,D,C,A,A,H,-,A,A,0,,,,,Y,,A,01,0,0,1,0,0,0,0,0,0,"- ","- ",35.382350000000002,-118.99109,KERN,BAKERSFIELD,-118.9910201,35.382010039999997
7203405,2016,2016-08-26,1502,2016-02-22,1418,P63,,1,5,6,1502,0,0,0,,0,METRO,"MONTEREY ST","UNION AV",0.00,,Y,A,-,N,,,,,,,,,,Y,4,0,1,3,A,-,12,21453,A,M,D,C,A,A,H,-,A,A,0,,,,,Y,,A,01,0,0,1,0,0,0,0,0,0,"- ","- ",35.383290000000002,-119.00284000000001,KERN,BAKERSFIELD,-119.00297005,35.382870080000004
7203417,2016,2016-03-15,1502,2016-02-24,2046,1048,,3,5,6,1502,0,0,0,,0,,"JEWETTA AV","NORIEGA RD",0.00,,Y,A,-,N,,,,,,,,,,Y,4,0,1,2,A,-,12,21453,A,N,D,C,A,A,H,-,C,A,0,,,,,Y,,-,"- ",0,0,1,0,0,0,0,0,0,"- ","- ",35.405360000000002,-119.12772,KERN,BAKERSFIELD,-119.12776008,35.405170050000002
7203425,2016,2016-03-15,1502,2016-02-25,0725,717,,4,5,6,1502,0,0,0,,0,,"UNION AV","MONTEREY ST",0.00,,Y,A,-,N,,,,,,,,,,N,4,0,1,2,A,-,12,21453,A,N,D,C,A,A,H,-,A,A,0,,,,,Y,,-,"- ",0,0,1,0,0,0,0,0,0,"- ","- ",35.383290000000002,-119.00284000000001,KERN,BAKERSFIELD,-119.00297005,35.382870080000004
7203429,2016,2016-03-11,1502,2016-02-26,0925,1061,,5,5,6,1502,0,0,0,,0,SOUTH,"AKERS RD","PACHECO RD",0.00,,Y,A,-,N,,,,,,,,,,Y,4,0,1,2,A,-,12,21453,A,N,D,C,A,A,H,-,A,A,0,,,,,Y,,A,01,0,0,1,0,0,0,0,0,0,"- ","- ",35.310070000000003,-119.04792999999999,KERN,BAKERSFIELD,-119.04782,35.310240030000003
7203443,2016,2016-03-14,1502,2016-02-26,2006,1212,,5,5,6,1502,0,0,0,,0,VALLEY,"PLANZ RD","RAIDER DR",84.00,W,N,B,-,N,,,,,,,,,,N,2,0,1,2,A,-,05,21202,A,F,H,G,A,A,H,-,C,D,0,,Y,,,Y,,L,04,1,0,0,0,0,0,1,0,0,"- ","- ",35.324849999999998,-119.01091,KERN,BAKERSFIELD,-119.01103119,35.324905739999998
7203447,2016,2016-03-14,1502,2016-02-27,2053,1120,,6,5,6,1502,0,0,0,,0,,"STOCKDALE HWY","MONTCLAIR ST",0.00,,Y,A,-,N,,,,,,,,,,Y,3,0,5,2,A,-,12,21453,A,N,A,C,A,A,H,-,C,A,0,,,,,Y,,A,01,0,1,4,0,0,0,0,0,0,"- ","- ",35.354489999999998,-119.05436,KERN,BAKERSFIELD,-119.0545801,35.35427
7203451,2016,2016-03-14,1502,2016-02-22,1723,1218,,1,5,6,1502,0,0,0,,0,VALLEY,"COTTONWOOD RD","HOSKING AV",0.00,,Y,A,-,N,,,,,,,,,,Y,4,0,1,2,A,-,06,21750,,M,B,C,A,A,H,-,A,A,0,,,,,Y,,A,01,0,0,1,0,0,0,0,0,0,"- ","- ",35.281109999999998,-118.98609999999999,KERN,BAKERSFIELD,-118.98536009,35.2813801
7203455,2016,2016-03-14,1502,2016-02-25,1907,1028,,4,5,6,1502,0,0,0,,0,METRO,"HALEY ST","VIRGINIA AV",0.00,,Y,A,-,N,,,,,,,,,,Y,4,0,1,2,A,-,12,22450,A,F,D,C,A,A,H,-,C,A,0,,,,,Y,,A,01,0,0,1,0,0,0,0,0,0,"- ","- ",35.361510000000003,-118.98424,KERN,BAKERSFIELD,-118.98396008,35.361200099999998
7203459,2016,2016-03-14,1502,2016-02-26,1350,1157,,5,5,6,1502,0,0,0,,0,,"COLUMBUS ST","UNIVERSITY AV",0.00,,Y,A,-,N,,,,,,,,,,Y,4,0,1,2,A,-,12,21453,A,N,D,C,A,A,H,-,A,A,0,,,,,Y,,A,07,0,0,1,0,0,0,0,0,0,"- ","- ",35.405099999999997,-118.94959,KERN,BAKERSFIELD,-118.94990011,35.405070010000003