CASE_ID,ACCIDENT_YEAR,PROC_DATE,JURIS,COLLISION_DATE,COLLISION_TIME,OFFICER_ID,REPORTING_DISTRICT,DAY_OF_WEEK,CHP_SHIFT,POPULATION,CNTY_CITY_LOC,SPECIAL_COND,BEAT_TYPE,CHP_BEAT_TYPE,CITY_DIVISION_LAPD,CHP_BEAT_CLASS,BEAT_NUMBER,PRIMARY_RD,SECONDARY_RD,DISTANCE,DIRECTION,INTERSECTION,WEATHER_1,WEATHER_2,STATE_HWY_IND,CALTRANS_COUNTY,CALTRANS_DISTRICT,STATE_ROUTE,ROUTE_SUFFIX,POSTMILE_PREFIX,POSTMILE,LOCATION_TYPE,RAMP_INTERSECTION,SIDE_OF_HWY,TOW_AWAY,COLLISION_SEVERITY,NUMBER_KILLED,NUMBER_INJURED,PARTY_COUNT,PRIMARY_COLL_FACTOR,PCF_CODE_OF_VIOL,PCF_VIOL_CATEGORY,PCF_VIOLATION,PCF_VIOL_SUBSECTION,HIT_AND_RUN,TYPE_OF_COLLISION,MVIW,PED_ACTION,ROAD_SURFACE,ROAD_COND_1,ROAD_COND_2,LIGHTING,CONTROL_DEVICE,CHP_ROAD_TYPE,PEDESTRIAN_ACCIDENT,BICYCLE_ACCIDENT,MOTORCYCLE_ACCIDENT,TRUCK_ACCIDENT,NOT_PRIVATE_PROPERTY,ALCOHOL_INVOLVED,STWD_VEHTYPE_AT_FAULT,CHP_VEHTYPE_AT_FAULT,COUNT_SEVERE_INJ,COUNT_VISIBLE_INJ,COUNT_COMPLAINT_PAIN,COUNT_PED_KILLED,COUNT_PED_INJURED,COUNT_BICYCLIST_KILLED,COUNT_BICYCLIST_INJURED,COUNT_MC_KILLED,COUNT_MC_INJURED,PRIMARY_RAMP,SECONDARY_RAMP,LATITUDE,LONGITUDE,COUNTY,CITY,POINT_X,POINT_Y
8004193,2015,2016-04-01,1502,2015-11-17,1951,1177,,2,5,6,1502,0,0,0,,0,SOUTH,"STINE RD","WHITE LN",30.00,S,N,A,-,N,,,,,,,,,,N,4,0,2,2,A,-,03,22350,,M,C,C,A,A,H,-,C,D,0,,,,,Y,,-,99,0,0,2,0,0,0,0,0,0,"- ","- ",,,KERN,BAKERSFIELD,-119.05678,35.318087679999998
8004194,2015,2016-04-01,1502,2015-12-04,2147,1218,,5,5,6,1502,0,0,0,,0,METRO,"OSWELL ST","BRUNDAGE LN",29.00,N,N,A,-,N,,,,,,,,,,N,4,0,1,2,A,-,03,22350,,N,C,C,A,A,H,-,D,A,0,,,,,Y,,A,01,0,0,1,0,0,0,0,0,0,"- ","- ",35.354190000000003,-118.95016,KERN,BAKERSFIELD,-118.94991841,35.354269559999999
8004195,2015,2016-04-07,1502,2015-11-17,1320,1177,,2,5,6,1502,0,0,0,,0,VALLEY,"COTTONWOOD DR","PLANZ RD",0.00,,Y,A,-,N,,,,,,,,,,Y,4,0,1,2,A,-,12,22450,,N,D,C,A,A,H,-,A,A,0,,,,,Y,,A,08,0,0,1,0,0,0,0,0,0,"- ","- ",,,KERN,BAKERSFIELD,-118.98544013,35.324930070000001
8004196,2015,2016-04-08,1502,2015-12-23,1908,P59,,3,5,6,1502,0,0,0,,0,,"HALEY ST","MONTEREY ST",0.00,,Y,A,-,N,,,,,,,,,,Y,3,0,2,2,A,-,12,21453,A,N,D,C,A,A,H,-,C,A,0,,,,,Y,,A,01,0,1,1,0,0,0,0,0,0,"- ","- ",35.378619999999998,-118.98068000000001,KERN,BAKERSFIELD,-118.98062013000001,35.378380010000001
8004197,2015,2016-04-01,1502,2015-11-18,2232,1120,,3,5,6,1502,0,0,0,,0,,"UNION AV","TRUXTUN FRONTAGE AV",290.00,S,N,A,-,N,,,204,,,,,,,N,3,0,1,2,A,-,00,21760,B,F,H,G,A,A,A,H,D,D,0,,Y,,,Y,,-,99,0,1,0,0,0,0,1,0,0,"- ","- ",35.373010000000001,-119.00244000000001,KERN,BAKERSFIELD,-119.00292681000001,35.373012459999998
8004198,2015,2016-04-01,1502,2015-12-04,1721,1185,,5,5,6,1502,0,0,0,,0,HILL,"BAKER ST","NILES ST",0.00,,Y,A,-,N,,,,,,,,,,Y,4,0,1,2,A,-,12,21453,A,N,D,C,A,A,H,-,C,A,0,,,,,Y,,A,01,0,0,1,0,0,0,0,0,0,"- ","- ",35.382350000000002,-118.99108,KERN,BAKERSFIELD,-118.9910201,35.382010039999997
8004199,2015,2016-04-07,1502,2015-11-28,1158,P45,,6,5,6,1502,0,0,0,,0,HILL,"UNION AV","COLUMBUS ST",0.00,,Y,B,-,N,,,,,,,,,,N,3,0,4,2,A,-,12,21453,A,N,D,C,A,A,H,-,A,A,0,,,,,Y,,A,01,0,1,3,0,0,0,0,0,0,"- ","- ",35.397889999999997,-119.00272,KERN,BAKERSFIELD,-119.00278003,35.39746006
8004200,2015,2016-04-08,1502,2015-12-25,2318,1202,,5,5,6,1502,0,0,0,,0,VALLEY,"H ST","LA FRANCE DR",8.00,N,N,B,-,N,,,,,,,,,,Y,3,0,2,2,A,-,03,22350,,N,C,C,A,A,H,-,C,D,0,,,,,Y,,D,22,0,1,1,0,0,0,0,0,0,"- ","- ",35.343069999999997,-119.0211,KERN,BAKERSFIELD,-119.0213,35.343061949999999
8004201,2015,2016-04-01,1502,2015-11-22,2041,P63,,7,5,6,1502,0,0,0,,0,METRO,"3RD ST","OWENS ST",0.00,,Y,A,-,N,,,,,,,,,,N,4,0,1,2,A,-,09,21802,,N,D,C,A,A,H,-,C,A,0,,,,,Y,,A,01,0,0,1,0,0,0,0,0,0,"- ","- ",35.35913,-118.99048999999999,KERN,BAKERSFIELD,-118.99078011,35.359380100000003
8004202,2015,2016-04-01,1502,2015-12-04,0217,1218,,5,5,6,1502,0,0,0,,0,CENTRL,"GOSFORD RD","CAMINO MEDIA",385.00,N,N,A,-,N,,,,,,,,,,Y,3,0,1,1,A,-,01,23152,A,N,E,I,A,A,H,-,C,D,0,,,,,Y,Y,A,01,0,1,0,0,0,0,0,0,0,"- ","- ",35.344529999999999,-119.09186,KERN,BAKERSFIELD,-119.09231324,35.345416470000004
8004203,2015,2016-04-07,1502,2015-11-28,1538,P63,,6,5,6,1502,0,0,0,,0,HILL,"OSWELL ST","BERNARD ST",15.00,S,N,A,-,N,,,,,,,,,,N,3,0,2,2,A,-,07,21658,A,N,B,C,A,A,H,-,A,D,0,,,,Y,Y,,A,01,0,1,1,0,0,0,0,0,0,"- ","- ",35.392270000000003,-118.94967,KERN,BAKERSFIELD,-118.94983999999999,35.392218839999998
8004204,2015,2016-04-08,1502,2015-12-04,1401,1038,,5,5,6,1502,0,0,0,,0,METRO,"24TH ST FRONTAGE RD","F ST",50.00,W,N,A,-,N,,,,,,,,,,N,4,0,1,2,A,-,03,22350,,M,C,C,A,A,H,-,A,D,0,,,,,Y,,-,99,0,0,1,0,0,0,0,0,0,"- ","- ",35.381039999999999,-119.02292,KERN,BAKERSFIELD,-119.02362752000001,35.381030000000003
8004205,2015,2016-04-01,1502,2015-11-29,1154,984,,7,5,6,1502,0,0,0,,0,METRO,"HALEY ST","NILES ST",0.00,,Y,A,-,N,,,,,,,,,,N,4,0,2,2,A,-,03,22350,,N,C,C,A,A,H,-,A,A,0,,,,,Y,,A,01,0,0,2,0,0,0,0,0,0,"- ","- ",35.37968,-118.9803,KERN,BAKERSFIELD,-118.98019004,35.379420019999998
8004206,2015,2016-04-01,1502,2015-12-18,1317,1038,,5,5,6,1502,0,0,0,,0,HILL,"BERNARD ST","CAMINO REAL",7.00,E,N,A,-,N,,,,,,,,,,N,4,0,2,2,A,-,03,22350,,M,C,C,A,A,H,-,A,D,0,,,,,Y,,-,99,0,0,2,0,0,0,0,0,0,"- ","- ",35.390419999999999,-118.96956,KERN,BAKERSFIELD,-118.96960654999999,35.390239999999999
8004207,2015,2016-04-07,1502,2015-11-21,1615,1149,,6,5,6,1502,0,0,0,,0,SOUTH,"WIBLE RD","TORI LORENE AV",0.00,,Y,A,-,N,,,,,,,,,,Y,2,0,5,2,A,-,09,21802,A,N,D,C,A,A,H,-,A,A,0,,,,Y,Y,,D,22,2,0,3,0,0,0,0,0,0,"- ","- ",35.271880000000003,-119.03957,KERN,BAKERSFIELD,-119.0390001,35.272170090000003
8004208,2015,2016-04-08,1502,2015-12-04,1244,P73,,5,5,6,1502,0,0,0,,0,VALLEY,"WHITE LN","H ST",20.00,E,N,B,-,N,,,,,,,,,,N,4,0,2,2,A,-,03,22350,,F,C,C,A,A,H,-,A,A,0,,,,,Y,,-,"- ",0,0,2,0,0,0,0,0,0,"- ","- ",,,KERN,BAKERSFIELD,-119.02129304,35.317709999999998
8004209,2015,2016-04-01,1502,2015-11-29,1622,P63,,7,5,6,1502,0,0,0,,0,CENTRA,"GARNSEY LN","STINE RD",0.00,,Y,A,-,N,,,,,,,,,,N,3,0,1,2,A,-,09,21802,A,F,H,G,A,A,H,-,A,A,0,,Y,,,Y,,L,04,0,1,0,0,0,0,1,0,0,"- ","- ",35.363059999999997,-119.04686,KERN,BAKERSFIELD,-119.04720012999999,35.362820020000001
8004210,2015,2016-04-01,1502,2015-12-18,1508,P59,,5,5,6,1502,0,0,0,,0,,"GREENWARD WY","MING AV",0.00,,Y,A,-,N,,,,,,,,,,Y,4,0,1,2,A,-,09,21802,A,N,D,C,A,A,H,-,A,A,0,,,,,Y,,A,01,0,0,1,0,0,0,0,0,0,"- ","- ",35.334780000000002,-119.07218,KERN,BAKERSFIELD,-119.07239002999999,35.334870080000002
8004211,2015,2016-04-07,1502,2015-11-24,1404,1181,,2,5,6,1502,0,0,0,,0,METRO,"18TH ST","EYE ST",20.00,W,N,A,-,N,,,,,,,,,,N,3,0,1,2,A,-,10,21950,A,N,G,B,B,A,H,-,A,A,0,Y,,,,Y,,-,"- ",0,1,0,0,1,0,0,0,0,"- ","- ",35.375279999999997,-119.01953,KERN,BAKERSFIELD,-119.02009700000001,35.37529
8004212,2015,2016-04-08,1502,2015-12-31,1307,976,,4,5,6,1502,0,0,0,,0,NORTH,"HAGEMAN RD","DRAKES PASSAGE WY",0.00,,Y,A,-,N,,,,,,,,,,Y,4,0,3,2,A,-,12,21453,A,N,D,C,A,A,H,-,A,A,0,,,,,Y,,D,22,0,0,3,0,0,0,0,0,0,"- ","- ",35.398020000000002,-119.10675999999999,KERN,BAKERSFIELD,-119.10674,35.39813006
8004213,2015,2016-04-01,1502,2015-11-17,1250,P45,,2,5,6,1502,0,0,0,,0,SOUTH,"WIBLE RD","LOYALTON AV",0.00,,Y,B,-,N,,,,,,,,,,N,4,0,1,2,A,-,09,21802,A,N,D,C,A,A,H,-,A,A,0,,,,,Y,,A,01,0,0,1,0,0,0,0,0,0,"- ","- ",35.297020000000003,-119.03925,KERN,BAKERSFIELD,-119.03907006999999,35.297310009999997
8004214,2015,2016-04-04,1502,2015-12-30,1323,1212,,3,5,6,1502,0,0,0,,0,VALLEY,"UNION AV","TERRACE WY",34.00,N,N,A,-,N,,,,,,,,,,Y,4,0,4,3,A,-,08,22107,,N,C,C,A,A,H,-,A,D,0,,,,,Y,,A,01,0,0,4,0,0,0,0,0,0,"- ","- ",35.350189999999998,-119.00282,KERN,BAKERSFIELD,-119.00309858999999,35.350423280000001
8004215,2015,2016-04-07,1502,2015-11-14,1637,1212,,6,5,6,1502,0,0,0,,0,VALLEY,"H ST","JULIAN AV",842.00,S,N,A,-,N,,,,,,,,,,N,2,0,1,2,A,-,11,21954,A,N,G,B,D,A,H,-,A,D,0,Y,,,,Y,,N,60,1,0,0,0,1,0,0,0,0,"- ","- ",35.323459999999997,-119.02135,KERN,BAKERSFIELD,-119.02133526999999,35.321149640000002
8004216,2015,2016-04-07,1502,2015-12-28,1411,1143,,1,5,6,1502,0,0,0,,0,NORTH,"LAVINA AV","NAPOLI ST",540.00,E,N,B,-,N,,,,,,,,,,N,3,0,1,3,A,-,08,22107,,N,B,E,A,A,H,-,A,D,0,,,Y,,Y,,C,02,0,1,0,0,0,0,0,0,1,"- ","- ",35.416840000000001,-119.14296,KERN,BAKERSFIELD,-119.14138981000001,35.416536860000001
8004217,2015,2016-04-01,1502,2015-12-18,1717,1028,,5,5,6,1502,0,0,0,,0,METRO,"U ST","V ST",0.00,,Y,A,-,N,,,,,,,,,,Y,4,0,3,2,A,-,12,22450,A,N,D,C,A,A,H,-,C,A,0,,,,,Y,,A,01,0,0,3,0,0,0,0,0,0,"- ","- ",,,KERN,BAKERSFIELD,-119.00491005000001,35.357770010000003
8004218,2015,2016-04-04,1502,2015-12-26,2042,P63,,6,5,6,1502,0,0,0,,0,SOUTH,"OLD RIVER RD","PANAMA LN",73.00,N,N,A,-,N,,,,,,,,,,Y,3,0,2,2,A,-,01,23152,A,N,C,C,A,A,H,-,C,D,0,,,,,Y,Y,A,07,0,1,1,0,0,0,0,0,0,"- ","- ",35.296509999999998,-119.11056000000001,KERN,BAKERSFIELD,-119.10982616,35.296380259999999
8004219,2015,2016-04-07,1502,2015-11-13,1613,1038,,5,5,6,1502,0,0,0,,0,SOUTH,"GALWAY BAY CT","LEYBURN CT",28.00,E,N,A,-,N,,,,,,,,,,N,3,0,1,2,A,-,11,21956,A,N,G,B,E,D,H,-,B,D,0,Y,,,,Y,,N,60,0,1,0,0,1,0,0,0,0,"- ","- ",,,KERN,BAKERSFIELD,-119.12202625,35.319650000000003
8004220,2015,2016-04-08,1502,2015-12-17,1819,1185,,4,5,6,1502,0,0,0,,0,CENTRA,"MARELLA WY","CALIFORNIA AV",0.00,,Y,A,-,N,,,,,,,,,,Y,3,0,3,3,A,-,12,21453,A,N,D,C,A,A,H,-,C,A,0,,,,,Y,,A,01,0,1,2,0,0,0,0,0,0,"- ","- ",35.364179999999998,-119.05670000000001,KERN,BAKERSFIELD,-119.05710001,35.363940059999997
8004221,2015,2016-04-01,1502,2015-11-20,2216,1120,,5,5,6,1502,0,0,0,,0,,"STOCKDALE HWY","OLD RIVER RD",0.00,,Y,A,-,N,,,,,,,,,,N,3,0,1,2,A,-,11,21950,B,N,G,B,B,A,H,-,C,A,0,Y,,,,Y,Y,N,60,0,1,0,0,1,0,0,0,0,"- ","- ",35.35333,-119.11544000000001,KERN,BAKERSFIELD,-119.11492002999999,35.353190009999999
8004222,2015,2016-04-01,1502,2015-12-27,1100,P45,,7,5,6,1502,0,0,0,,0,CENTRA,"MING AV","GREENSWARD WY",0.00,,Y,A,-,N,,,,,,,,,,N,4,0,2,2,A,-,09,21801,A,N,D,C,A,A,H,-,A,A,0,,,,,Y,,A,01,0,0,2,0,0,0,0,0,0,"- ","- ",35.334780000000002,-119.07218,KERN,BAKERSFIELD,-119.07239002999999,35.334870080000002
8004223,2015,2016-04-07,1502,2015-11-15,1307,1143,,7,5,6,1502,0,0,0,,0,CENTRA,"WILSON RD","AKERS RD",0.00,,Y,C,-,N,,,,,,,,,,Y,4,0,1,2,A,-,12,21453,A,N,D,C,A,B,H,-,A,A,0,,,,,Y,,A,01,0,0,1,0,0,0,0,0,0,"- ","- ",35.332500000000003,-119.04785,KERN,BAKERSFIELD,-119.04782007,35.332260050000002
8004224,2015,2016-04-08,1502,2015-12-17,1503,1028,,4,5,6,1502,0,0,0,,0,CENTRA,"GOSFORD RD","LAURELGLEN BL",40.00,S,N,A,-,N,,,,,,,,,,N,4,0,1,2,A,-,03,22350,,N,C,C,A,A,H,-,A,A,0,,,,,Y,,A,07,0,0,1,0,0,0,0,0,0,"- ","- ",35.3339,-119.09198000000001,KERN,BAKERSFIELD,-119.09227,35.333640240000001
8004225,2015,2016-04-01,1502,2015-11-21,0600,1120,,6,5,6,1502,0,0,0,,0,,"PALM ST","A ST",47.00,E,N,A,-,N,,,,,,,,,,Y,3,0,1,3,A,-,01,23152,A,N,C,E,A,A,H,-,B,D,0,,,,,Y,Y,A,01,0,1,0,0,0,0,0,0,0,"- ","- ",35.361429999999999,-119.02907,KERN,BAKERSFIELD,-119.02923257,35.361330000000002
8004226,2015,2016-04-01,1502,2015-12-12,2027,1185,,6,5,6,1502,0,0,0,,0,HIL,"MALL VIEW RD","OSWELL ST",258.00,W,N,A,-,N,,,,,,,,,,N,4,0,1,2,A,-,11,21954,A,N,G,B,D,A,H,-,C,D,0,Y,,,,Y,,N,60,0,0,1,0,1,0,0,0,0,"- ","- ",35.393859999999997,-118.94967,KERN,BAKERSFIELD,-118.95073968,35.393984029999999
8004227,2015,2016-04-07,1502,2015-11-13,2000,1218,,5,5,6,1502,0,0,0,,0,SOUTH,"H ST","CALCUTTA DR",200.00,S,N,A,-,N,,,,,,,,,,N,4,0,1,2,A,-,10,21950,A,F,G,B,C,A,H,-,C,D,0,Y,,,,Y,,-,99,0,0,1,0,1,0,0,0,0,"- ","- ",35.314030000000002,-119.02148,KERN,BAKERSFIELD,-119.02137446,35.313461230000001
8004228,2015,2016-04-08,1502,2015-12-17,1416,P40,,4,5,6,1502,0,0,0,,0,NORTH,"COFFEE FRONTAGE RD","COFFEE RD",0.00,,Y,A,-,N,,,,,,,,,,Y,4,0,1,2,A,-,12,21453,A,N,D,C,A,A,H,-,A,A,0,,,,,Y,,A,01,0,0,1,0,0,0,0,0,0,"- ","- ",35.372720000000001,-119.09316,KERN,BAKERSFIELD,-119.09219,35.441260069999998
8004229,2015,2016-04-01,1502,2015-11-30,1725,984,,1,5,6,1502,0,0,0,,0,SOUTH,"BERKSHIRE RD","PRECIOUS JEWEL WY",0.00,,Y,A,-,N,,,,,,,,,,N,4,0,2,2,A,-,12,22450,A,M,D,C,A,A,H,-,C,A,0,,,,,Y,,-,99,0,0,2,0,0,0,0,0,0,"- ","- ",35.288789999999999,-119.07254,KERN,BAKERSFIELD,-119.07214009,35.288840059999998
8004230,2015,2016-04-04,1502,2015-12-14,1421,1177,,1,5,6,1502,0,0,0,,0,METRO,"TRUXTUN AV","WESTWIND DR",0.00,,Y,A,-,N,,,,,,,,,,Y,3,0,6,4,A,-,09,21802,A,N,B,C,A,A,H,-,A,A,0,,,,,Y,,A,01,0,2,4,0,0,0,0,0,0,"- ","- ",35.374040000000001,-119.04207,KERN,BAKERSFIELD,-119.04252004,35.373910109999997
8004231,2015,2016-04-07,1502,2015-11-14,0505,1218,,6,5,6,1502,0,0,0,,0,SOUTH,"AKERS RD","PANAMA LN",54.00,N,N,A,-,N,,,,,,,,,,Y,3,0,1,1,A,-,03,22350,,N,E,I,A,A,H,-,C,A,0,,,,,Y,,A,07,0,1,0,0,0,0,0,0,0,"- ","- ",35.29571,-119.04812,KERN,BAKERSFIELD,-119.0478,35.296078180000002
8004232,2015,2016-04-08,1502,2015-12-16,0350,966,,3,5,6,1502,0,0,0,,0,,"UNION AV","COLUMBUS ST",5.00,S,N,A,-,N,,,,,,,,,,Y,4,0,1,1,A,-,01,23152,A,N,E,I,A,A,H,-,C,A,0,,,,,Y,Y,D,22,0,0,1,0,0,0,0,0,0,"- ","- ",35.397889999999997,-119.00272,KERN,BAKERSFIELD,-119.00278068999999,35.397446289999998
8004233,2015,2016-04-01,1502,2015-11-30,1640,1177,,1,5,6,1502,0,0,0,,0,HILL,"LINCOLN ST","KING ST",0.00,,Y,A,-,N,,,,,,,,,,Y,4,0,1,2,A,-,09,21802,A,M,D,C,A,A,H,-,A,A,0,,,,,Y,,A,01,0,0,1,0,0,0,0,0,0,"- ","- ",35.387230000000002,-118.9876,KERN,BAKERSFIELD,-118.98760004,35.386930020000001
8004234,2015,2016-04-01,1502,2015-12-14,1449,1181,,1,5,6,1502,0,0,0,,0,METRO,"BEALE AV","MONTEREY ST",0.00,,Y,B,-,N,,,,,,,,,,Y,4,0,1,2,A,-,12,21453,A,N,D,C,A,A,H,-,A,A,0,,,,,Y,,-,"- ",0,0,1,0,0,0,0,0,0,"- ","- ",35.380479999999999,-118.98820000000001,KERN,BAKERSFIELD,-118.98838003,35.380250060000002
8004235,2015,2016-04-07,1502,2015-11-12,1720,P59,,4,5,6,1502,0,0,0,,0,,"CORRINE ST","PACHECO RD",0.00,,Y,A,-,N,,,,,,,,,,Y,3,0,2,2,A,-,09,21801,A,N,D,C,A,A,H,-,C,A,0,,,,,Y,,A,01,0,1,1,0,0,0,0,0,0,"- ","- ",35.310510000000001,-119.0335,KERN,BAKERSFIELD,-119.03318006000001,35.310390089999999
8004236,2015,2016-04-08,1502,2015-12-15,1715,1177,,2,5,6,1502,0,0,0,,0,CENTRA,"STOCKDALE HWY","EL RIO DR",0.00,,Y,A,-,N,,,,,,,,,,Y,4,0,2,2,A,-,12,21453,A,N,D,C,A,A,H,-,B,A,0,,,,,Y,,-,"- ",0,0,2,0,0,0,0,0,0,"- ","- ",35.354430000000001,-119.08228,KERN,BAKERSFIELD,-119.08282008,35.354310120000001
8004237,2015,2016-04-01,1502,2015-11-30,1336,P63,,1,5,6,1502,0,0,0,,0,MERO,"BROWN ST","TRUXTUN AV",0.00,,Y,A,-,N,,,,,,,,,,Y,3,0,2,2,A,-,09,21802,A,N,D,C,A,A,H,-,A,A,0,,,,,Y,,A,01,0,1,1,0,0,0,0,0,0,"- ","- ",35.37341,-118.98093,KERN,BAKERSFIELD,-118.98079001000001,35.373160069999997
8004238,2015,2016-04-01,1502,2015-12-15,1327,1177,,2,5,6,1502,0,0,0,,0,METRO,"CHESTER AV","9TH ST",8.00,S,N,A,-,N,,,,,,,,,,Y,4,0,1,2,A,-,03,22350,,N,C,C,A,A,H,-,A,D,0,,,,,Y,,A,01,0,0,1,0,0,0,0,0,0,"- ","- ",35.365540000000003,-119.01849,KERN,BAKERSFIELD,-119.01887386999999,35.365530679999999
8004239,2015,2016-04-07,1502,2015-11-10,1927,1171,,2,5,6,1502,0,0,0,,0,,"CALLOWAY DR","GLENEAGLES DR",174.00,N,N,B,-,N,,,,,,,,,,Y,3,0,2,2,A,-,08,22107,,F,B,C,A,A,H,-,C,D,0,,,,,Y,,A,01,0,2,0,0,0,0,0,0,0,"- ","- ",,,KERN,BAKERSFIELD,-119.11612435000001,35.359717310000001
8007084,2014,2016-03-30,1502,2014-08-21,2044,1149,,4,5,6,1502,0,0,0,,0,,"MONITOR ST","PACHECO RD",0.00,,Y,A,-,N,,,,,,,,,,Y,4,0,1,2,A,-,12,21453,A,M,D,C,A,A,H,-,C,A,0,,,,,Y,,A,01,0,0,1,0,0,0,0,0,0,"- ","- ",,,KERN,BAKERSFIELD,-119.01189005000001,35.310400039999998
8008033,2016,2016-04-05,1507,2016-02-27,2005,251,20,6,5,3,1507,0,0,0,,0,,"HEARTNUT ST","HEARTNUT ST 200",0.00,N,N,A,-,N,,,,,,,,,,Y,4,0,1,2,A,-,03,22350,,N,B,E,A,A,H,-,C,D,0,,,,Y,Y,,A,01,0,0,1,0,0,0,0,0,0,"- ","- ",,,KERN,SHAFTER,-119.27602172,35.490575800000002
8008667,2017,2017-04-06,1502,2017-03-25,2009,1283,,6,5,6,1502,0,0,0,,0,METRO,"23RD ST","H ST",0.00,,Y,A,-,N,,,,,,,,,,Y,4,0,1,2,A,-,12,21453,A,N,D,C,A,A,H,-,C,A,0,,,,,Y,,A,01,0,0,1,0,0,0,0,0,0,"- ","- ",35.380040000000001,-119.02061,KERN,BAKERSFIELD,-119.02115003,35.380060110000002
8008668,2017,2017-04-06,1502,2017-03-22,1546,1213,,3,5,6,1502,0,0,0,,0,VALLEY,"H ST","JULIAN AV",367.00,S,N,C,-,N,,,,,,,,,,N,4,0,2,3,A,-,03,22350,,N,C,C,A,B,H,-,A,D,0,,,,,Y,,A,01,0,0,2,0,0,0,0,0,0,"- ","- ",35.323459999999997,-119.02135,KERN,BAKERSFIELD,-119.02133539,35.322452980000001
8008670,2017,2017-04-06,1502,2017-03-23,1952,1210,,4,5,6,1502,0,0,0,,0,SOUTH,"STOCKDALE HWY","ALLEN RD",0.00,,Y,A,-,N,,,,,,,,,,N,4,0,1,2,A,-,12,21453,A,N,A,C,A,A,H,-,C,A,0,,,,,Y,,A,01,0,0,1,0,0,0,0,0,0,"- ","- ",35.35463,-119.14615000000001,KERN,BAKERSFIELD,-119.14554,35.354390000000002
8008671,2017,2017-04-06,1502,2017-03-24,2137,1261,,5,5,6,1502,0,0,0,,0,CENTRA,"MOHAWK ST","SARONA ST",88.00,S,N,C,-,N,,,,,,,,,,N,4,0,1,1,A,-,08,22107,,N,E,I,A,B,H,-,C,D,0,,,Y,,Y,,C,02,0,0,1,0,0,0,0,0,1,"- ","- ",35.395850000000003,-119.0655,KERN,BAKERSFIELD,-119.06542675,35.396024789999998
8008672,2017,2017-04-06,1502,2017-03-26,1627,1186,,7,5,6,1502,0,0,0,,0,VALLEY,"H ST","LA FRANCE DR",0.00,,Y,A,-,N,,,,,,,,,,Y,4,0,2,2,A,-,08,22107,,N,D,C,A,A,H,-,A,D,0,,,,,Y,,A,01,0,0,2,0,0,0,0,0,0,"- ","- ",35.343069999999997,-119.0211,KERN,BAKERSFIELD,-119.02130004,35.34304006
8008675,2017,2017-04-06,1502,2017-03-25,1431,P59,,6,5,6,1502,0,0,0,,0,CENTRA,"COFFEE RD","STOCKDALE HWY",800.00,N,N,B,-,N,,,,,,,,,,N,4,0,1,2,A,-,03,22350,,M,C,C,A,A,H,-,A,A,0,,,,,Y,,-,99,0,0,1,0,0,0,0,0,0,"- ","- ",35.354390000000002,-119.09178,KERN,BAKERSFIELD,-119.09235191,35.356655000000003
8008676,2017,2017-04-06,1502,2017-03-21,1616,P82,,2,5,6,1502,0,0,0,,0,,"NILES ST","VIRGINIA ST",0.00,,Y,A,-,N,,,,,,,,,,N,4,0,1,2,A,-,11,21453,D,N,G,B,B,A,H,-,A,A,0,Y,,,,Y,,N,60,0,0,1,0,1,0,0,0,0,"- ","- ",35.378529999999998,-118.97566999999999,KERN,BAKERSFIELD,-118.97556005,35.378310020000001
8008679,2017,2017-04-06,1502,2017-03-24,2032,1059,,5,5,6,1502,0,0,0,,0,VALLEY,"WIBLE RD","VALLEY PLAZA",24.00,S,N,A,-,N,,,,,,,,,,N,4,0,1,2,A,-,01,23152,F,M,C,C,A,A,H,-,C,A,0,,,,,Y,,A,01,0,0,1,0,0,0,0,0,0,"- ","- ",35.336359999999999,-119.03891,KERN,BAKERSFIELD,-119.03898,35.33649415
8011861,2016,2016-04-12,1503,2016-03-12,1503,10129,1503,6,5,4,1503,0,0,0,,0,ALL,"MAIN ST","MAIN ST 1400",0.00,,N,A,-,N,,,,,,,,,,Y,4,0,1,2,A,-,21,22106,,N,C,C,A,A,H,-,A,D,0,,,,,Y,,A,01,0,0,1,0,0,0,0,0,0,"- ","- ",,,KERN,DELANO,-119.24685717,35.774268059999997
8011865,2016,2016-04-12,1503,2016-03-07,1517,10109,1503,1,5,4,1503,0,0,0,,0,ALL,"HIGH ST","HIGH ST 1000",0.00,,N,A,-,N,,,,,,,,,,N,4,0,1,2,A,-,21,22106,,N,C,D,A,A,H,-,A,A,0,,,,,Y,,A,01,0,0,1,0,0,0,0,0,0,"- ","- ",,,KERN,DELANO,-119.24697965,35.768850720000003
8011877,2016,2017-02-06,1503,2016-03-03,1702,10163,1503,4,5,4,1503,0,0,0,,0,ALL,"GARCES HWY","MADISON ST",10.00,E,N,A,-,Y,KER,6,155,-,R,0.530,H,-,E,N,4,0,2,2,A,-,09,21801,A,N,D,C,A,A,H,-,A,D,0,,,Y,,Y,,C,02,0,0,2,0,0,0,0,0,0,"- ","- ",,,KERN,DELANO,-119.23974105000001,35.76141174
8011881,2016,2016-04-12,1503,2016-03-01,1346,10159,1503,2,5,4,1503,0,0,0,,0,ALL,"COUNTY LINE RD","CLARK ST",0.00,,Y,A,-,N,,,,,,,,,,Y,4,0,1,2,A,-,09,21801,A,N,A,C,A,A,H,-,A,D,0,,,,,Y,,A,01,0,0,1,0,0,0,0,0,0,"- ","- ",,,KERN,DELANO,-119.26324990000001,35.790420060000002
8012066,2016,2016-04-07,1507,2016-03-24,1106,259,200,4,5,3,1507,0,0,0,,0,,"EAST LERDO HWY","POPLAR AV",9.00,E,N,A,-,N,,,,,,,,,,N,3,0,1,2,A,-,03,22350,,N,C,C,A,A,H,-,A,D,0,,,,,Y,,-,,0,1,0,0,0,0,0,0,0,"- ","- ",35.499110000000002,-119.27061999999999,KERN,SHAFTER,-119.29607978999999,35.499890000000001
8012160,2016,2016-04-05,1507,2016-03-28,2034,268,15,1,5,3,1507,0,0,0,,0,,"W LOS ANGELES AV","S SCHNAIDT ST",45.00,N,N,A,-,N,,,,,,,,,,Y,3,0,1,1,A,-,01,23152,A,N,E,I,A,A,H,-,C,D,0,,,,,Y,Y,A,01,0,1,0,0,0,0,0,0,0,"- ","- ",35.492750000000001,-119.28771999999999,KERN,SHAFTER,-119.28725,35.492629999999998