CASE_ID,ACCIDENT_YEAR,PROC_DATE,JURIS,COLLISION_DATE,COLLISION_TIME,OFFICER_ID,REPORTING_DISTRICT,DAY_OF_WEEK,CHP_SHIFT,POPULATION,CNTY_CITY_LOC,SPECIAL_COND,BEAT_TYPE,CHP_BEAT_TYPE,CITY_DIVISION_LAPD,CHP_BEAT_CLASS,BEAT_NUMBER,PRIMARY_RD,SECONDARY_RD,DISTANCE,DIRECTION,INTERSECTION,WEATHER_1,WEATHER_2,STATE_HWY_IND,CALTRANS_COUNTY,CALTRANS_DISTRICT,STATE_ROUTE,ROUTE_SUFFIX,POSTMILE_PREFIX,POSTMILE,LOCATION_TYPE,RAMP_INTERSECTION,SIDE_OF_HWY,TOW_AWAY,COLLISION_SEVERITY,NUMBER_KILLED,NUMBER_INJURED,PARTY_COUNT,PRIMARY_COLL_FACTOR,PCF_CODE_OF_VIOL,PCF_VIOL_CATEGORY,PCF_VIOLATION,PCF_VIOL_SUBSECTION,HIT_AND_RUN,TYPE_OF_COLLISION,MVIW,PED_ACTION,ROAD_SURFACE,ROAD_COND_1,ROAD_COND_2,LIGHTING,CONTROL_DEVICE,CHP_ROAD_TYPE,PEDESTRIAN_ACCIDENT,BICYCLE_ACCIDENT,MOTORCYCLE_ACCIDENT,TRUCK_ACCIDENT,NOT_PRIVATE_PROPERTY,ALCOHOL_INVOLVED,STWD_VEHTYPE_AT_FAULT,CHP_VEHTYPE_AT_FAULT,COUNT_SEVERE_INJ,COUNT_VISIBLE_INJ,COUNT_COMPLAINT_PAIN,COUNT_PED_KILLED,COUNT_PED_INJURED,COUNT_BICYCLIST_KILLED,COUNT_BICYCLIST_INJURED,COUNT_MC_KILLED,COUNT_MC_INJURED,PRIMARY_RAMP,SECONDARY_RAMP,LATITUDE,LONGITUDE,COUNTY,CITY,POINT_X,POINT_Y
8047308,2016,2016-05-17,1502,2016-04-13,1731,1212,,3,5,6,1502,0,0,0,,0,METRO,"TRUXTUN AV","A ST",0.00,,Y,A,-,N,,,,,,,,,,N,4,0,2,2,A,-,03,22350,,N,C,C,A,A,H,-,A,A,0,,,,,Y,,A,01,0,0,2,0,0,0,0,0,0,"- ","- ",35.373440000000002,-119.02887,KERN,BAKERSFIELD,-119.02934006,35.373440090000003
8047309,2016,2016-05-17,1502,2016-04-16,0756,P45,,6,5,6,1502,0,0,0,,0,HILL,"MOUNT VERNON AV","COLUMBUS ST",25.00,N,N,A,-,N,,,,,,,,,,N,3,0,2,2,A,-,03,22350,,N,C,C,A,A,H,-,A,A,0,,,,,Y,,A,01,0,2,0,0,0,0,0,0,0,"- ","- ",35.397689999999997,-118.96736,KERN,BAKERSFIELD,-118.96758833,35.397678579999997
8047310,2016,2016-08-29,1502,2016-04-17,0243,1143,,7,5,6,1502,0,0,0,,0,NORTH,"ROSEDALE HWY","MOSASCO ST",315.00,W,N,A,-,N,,,,,,,,,,Y,3,0,1,1,A,-,01,23152,A,N,E,I,A,A,H,-,C,D,0,,,,,Y,Y,A,01,0,1,0,0,0,0,0,0,0,"- ","- ",35.383519999999997,-119.11462,KERN,BAKERSFIELD,-119.11548550000001,35.38355001
8047311,2016,2016-05-17,1502,2016-04-17,2309,1143,,7,5,6,1502,0,0,0,,0,VALLEY,"COTTONWOOD RD","WHITE LN",0.00,,Y,A,-,N,,,,,,,,,,Y,3,0,2,2,A,-,12,22450,A,N,A,C,A,A,H,-,C,A,0,,,,,Y,Y,A,01,0,1,1,0,0,0,0,0,0,"- ","- ",35.317399999999999,-118.98566,KERN,BAKERSFIELD,-118.98543013,35.317690030000001
8047312,2016,2016-08-29,1502,2016-04-17,1904,1185,,7,5,6,1502,0,0,0,,0,CENTRA,"STOCKDALE HWY","EL RIO DR",1110.00,W,N,A,-,N,,,,,,,,,,Y,4,0,1,3,A,-,09,21804,A,N,D,C,A,A,H,-,A,D,0,,,,,Y,,A,07,0,0,1,0,0,0,0,0,0,"- ","- ",35.354430000000001,-119.08228,KERN,BAKERSFIELD,-119.08653783,35.354329669999998
8047313,2016,2016-05-17,1502,2016-04-17,1208,1137,,7,5,6,1502,0,0,0,,0,,"BRUNDAGE LN","LIGGETT ST",0.00,,Y,A,-,N,,,,,,,,,,Y,4,0,1,2,A,-,09,21801,A,N,A,C,A,A,H,-,A,A,0,,,,,Y,,D,22,0,0,1,0,0,0,0,0,0,"- ","- ",35.35371,-119.00132000000001,KERN,BAKERSFIELD,-119.00158,35.353850029999997
8047314,2016,2016-05-17,1502,2016-04-17,0949,P45,,7,5,6,1502,0,0,0,,0,HILL,"AUBURN ST","AUBURN OAKS DR",145.00,E,N,A,-,N,,,,,,,,,,N,3,0,1,2,A,-,11,21954,A,N,G,B,D,A,H,-,A,D,0,Y,,,,Y,,N,60,0,1,0,0,1,0,0,0,0,"- ","- ",35.397919999999999,-118.92425,KERN,BAKERSFIELD,-118.92391418,35.39810627
8047315,2016,2016-05-17,1502,2016-04-23,1719,P63,,6,5,6,1502,0,0,0,,0,HILL,"MALL VIEW RD","FASHION PL",300.00,W,N,A,-,N,,,,,,,,,,Y,3,0,1,2,A,-,05,21651,B,N,D,C,A,A,H,-,A,D,0,,,,,Y,,A,01,0,1,0,0,0,0,0,0,0,"- ","- ",35.393349999999998,-118.96275,KERN,BAKERSFIELD,-118.9636548,35.393618459999999
8047316,2016,2016-05-17,1502,2016-04-18,1722,1181,,1,5,6,1502,0,0,0,,0,HILL,"24TH ST","OAK ST",415.00,W,N,A,-,N,,,,,,,,,,N,4,0,1,3,A,-,03,22350,,N,C,C,A,A,H,-,A,D,0,,,,,Y,,D,22,0,0,1,0,0,0,0,0,0,"- ","- ",35.381320000000002,-119.03805,KERN,BAKERSFIELD,-119.03856999999999,35.381160000000001
8047317,2016,2016-05-17,1502,2016-04-19,1728,1137,,2,5,6,1502,0,0,0,,0,,"BRIMHALL RD","ALLEN RD",0.00,,Y,A,-,N,,,,,,,,,,Y,4,0,2,3,A,-,09,21453,C,N,A,C,A,A,H,-,A,A,0,,,,,Y,,A,01,0,0,2,0,0,0,0,0,0,"- ","- ",35.369280000000003,-119.14594,KERN,BAKERSFIELD,-119.14553005,35.369000030000002
8047318,2016,2016-05-17,1502,2016-04-21,0131,1120,,4,5,6,1502,0,0,0,,0,,"WILSON RD","COURTLEIGH DR",390.00,W,N,A,-,N,,,,,,,,,,N,2,0,1,2,A,-,11,21106,B,N,G,B,D,A,H,-,D,D,0,Y,,,,Y,,N,60,1,0,0,0,1,0,0,0,0,"- ","- ",35.33135,-119.06191,KERN,BAKERSFIELD,-119.06333490999999,35.331198200000003
8047319,2016,2016-05-17,1502,2016-04-15,2117,1120,,5,5,6,1502,0,0,0,,0,,"PANAMA LN","COLONY ST",214.00,W,N,A,-,N,,,,,,,,,,Y,4,0,2,2,A,-,01,23152,A,N,C,C,A,A,H,-,C,A,0,,,,,Y,Y,A,01,0,0,2,0,0,0,0,0,0,"- ","- ",35.295929999999998,-119.02773999999999,KERN,BAKERSFIELD,-119.02792624999999,35.295960000000001
8047320,2016,2016-05-17,1502,2016-04-16,1854,1048,,6,5,6,1502,0,0,0,,0,,"COFFEE RD","TRUXTUN AV",0.00,,Y,A,-,N,,,,,,,,,,Y,4,0,3,2,A,-,08,22107,,N,E,I,A,A,H,-,A,A,0,,,,,Y,,A,01,0,0,3,0,0,0,0,0,0,"- ","- ",35.36177,-119.09232,KERN,BAKERSFIELD,-119.09198000000001,35.361880079999999
8047321,2016,2016-05-17,1502,2016-04-16,1848,1143,,6,5,6,1502,0,0,0,,0,METRO,"KENTUCKY ST","MILLER ST",10.00,W,N,A,-,N,,,,,,,,,,Y,4,0,1,3,A,-,08,22103,,F,C,C,A,A,H,-,A,D,0,,,,,Y,,A,01,0,0,1,0,0,0,0,0,0,"- ","- ",35.376899999999999,-118.983,KERN,BAKERSFIELD,-118.98293216,35.376637680000002
8047322,2016,2016-05-17,1502,2016-04-14,0141,1120,,4,5,6,1502,0,0,0,,0,,"GOLDEN STATE AV","H ST",100.00,E,N,A,-,N,,,204,,,,,,,N,3,0,1,2,A,-,11,21106,B,F,G,B,D,A,H,-,C,D,0,Y,,,,Y,,N,60,0,1,0,0,1,0,0,0,0,"- ","- ",35.387830000000001,-119.02048000000001,KERN,BAKERSFIELD,-119.02043257,35.387909780000001
8047323,2016,2016-05-17,1502,2016-04-15,1531,1028,,5,5,6,1502,0,0,0,,0,VALLEY,"UNION AV","BELLE TERRACE",300.00,N,N,A,-,N,,,,,,,,,,N,4,0,1,3,A,-,03,22350,,N,C,C,A,A,H,-,A,D,0,,,,,Y,,A,08,0,0,1,0,0,0,0,0,0,"- ","- ",35.346559999999997,-119.00287,KERN,BAKERSFIELD,-119.0031,35.347523170000002
8047324,2016,2016-05-17,1502,2016-04-15,0845,1172,,5,5,6,1502,0,0,0,,0,HILL,"24TH ST","BEECH ST",0.00,,Y,B,-,N,,,,,,,,,,N,4,0,1,2,A,-,10,21950,A,N,G,B,B,A,H,-,A,A,0,Y,,,,Y,,A,07,0,0,1,0,1,0,0,0,0,"- ","- ",35.381169999999997,-119.03455,KERN,BAKERSFIELD,-119.03512004,35.381060060000003
8047325,2016,2016-05-17,1502,2016-04-11,1058,P65,,1,5,6,1502,0,0,0,,0,,"NEW STINE RD","SURREY LN",321.00,S,N,B,-,N,,,,,,,,,,N,3,0,1,1,A,-,03,22350,,N,F,A,A,A,H,-,A,D,0,,,Y,,Y,,C,02,0,1,0,0,0,0,0,0,1,"- ","- ",35.3354,-119.05943000000001,KERN,BAKERSFIELD,-119.05937154,35.334648700000002
8047326,2016,2016-05-17,1502,2016-04-11,2136,P45,,1,5,6,1502,0,0,0,,0,CENTRA,"WHITE LN","STINE RD",37.00,W,N,B,-,N,,,,,,,,,,N,4,0,1,2,A,-,01,23152,A,N,C,C,A,A,H,-,C,A,0,,,,,Y,Y,A,01,0,0,1,0,0,0,0,0,0,"- ","- ",35.31794,-119.05669,KERN,BAKERSFIELD,-119.05690387,35.318170000000002
8047327,2016,2016-05-17,1502,2016-04-11,1610,984,,1,5,6,1502,0,0,0,,0,VALLEY,"BRUNDAGE LN","BERNETA AV",50.00,W,N,A,-,N,,,,,,,,,,Y,3,0,3,4,A,-,03,22350,,N,C,C,A,A,H,-,A,A,0,,,,,Y,,A,01,0,2,1,0,0,0,0,0,0,"- ","- ",35.3538,-119.00830999999999,KERN,BAKERSFIELD,-119.00869724,35.35391285
8047328,2016,2016-05-17,1502,2016-04-11,1611,P45,,1,5,6,1502,0,0,0,,0,CENTRA,"HALF MOON DR","ASHE RD S",245.00,E,N,B,-,N,,,,,,,,,,N,2,0,1,2,A,-,02,21654,A,N,G,B,E,A,H,-,A,D,0,Y,,,,Y,,N,60,1,0,0,0,1,0,0,0,0,"- ","- ",35.321809999999999,-119.07442,KERN,BAKERSFIELD,-119.07367970999999,35.330150230000001
8047329,2016,2016-05-17,1502,2016-04-13,1730,1218,,3,5,6,1502,0,0,0,,0,SOUTH,"HAHN AV","ACTIS ST",0.00,,Y,A,-,N,,,,,,,,,,N,4,0,2,2,A,-,03,22350,,M,C,C,A,A,H,-,A,D,0,,,,,Y,,A,01,0,0,2,0,0,0,0,0,0,"- ","- ",35.328490000000002,-119.05212,KERN,BAKERSFIELD,-119.05225000999999,35.328650099999997
8047330,2016,2016-05-17,1502,2016-04-11,1516,984,,1,5,6,1502,0,0,0,,0,METRO,"23RD ST","F ST",125.00,W,N,A,-,N,,,,,,,,,,N,4,0,2,2,A,-,09,21804,A,N,D,C,A,A,H,-,A,A,0,,,,,Y,,A,01,0,0,2,0,0,0,0,0,0,"- ","- ",35.380090000000003,-119.02294000000001,KERN,BAKERSFIELD,-119.02387878,35.380063579999998
8047331,2016,2016-05-17,1502,2016-04-20,1228,1177,,3,5,6,1502,0,0,0,,0,HILL,"SAN DIMAS ST","36TH ST",0.00,,Y,A,-,N,,,,,,,,,,Y,4,0,1,2,A,-,09,21800,B,N,D,C,A,A,H,-,A,A,0,,,,,Y,,A,01,0,0,1,0,0,0,0,0,0,"- ","- ",35.392850000000003,-119.00811,KERN,BAKERSFIELD,-119.00821012999999,35.392430040000001
8047332,2016,2016-05-17,1502,2016-04-20,2142,1048,,3,5,6,1502,0,0,0,,0,,"34TH ST","UNION AV",495.00,W,N,A,-,N,,,,,,,,,,N,3,0,1,2,A,-,11,21956,A,F,G,B,E,A,H,-,C,D,0,Y,,,,Y,Y,N,60,0,1,0,0,1,0,0,0,0,"- ","- ",35.390770000000003,-119.00279999999999,KERN,BAKERSFIELD,-119.00463523000001,35.390470000000001
8047333,2016,2016-05-17,1502,2016-04-19,2339,1185,,2,5,6,1502,0,0,0,,0,METRO,"23RD ST","L ST",15.00,W,N,A,-,N,,,,,,,,,,Y,4,0,2,2,A,-,03,22350,,N,C,C,A,A,H,-,C,A,0,,,,,Y,,A,01,0,0,2,0,0,0,0,0,0,"- ","- ",35.380000000000003,-119.01585,KERN,BAKERSFIELD,-119.01645025000001,35.380040430000001
8047334,2016,2016-05-17,1502,2016-04-20,2208,1202,,3,5,6,1502,0,0,0,,0,NORTH,"COFFEE RD","MEANY AV",12.00,S,N,A,-,N,,,,,,,,,,Y,3,0,2,2,A,-,01,23153,A,N,C,C,A,A,H,-,C,A,0,,,Y,,Y,Y,A,01,0,1,1,0,0,0,0,0,2,"- ","- ",35.394069999999999,-119.09227,KERN,BAKERSFIELD,-119.09213981000001,35.394107069999997
8047335,2016,2018-04-02,1502,2016-04-20,1208,1167,,3,5,6,1502,0,0,0,,0,SOUTH,"HOSKING AV","RT 99",0.00,,Y,A,-,Y,KER,6,99,-,-,18.790,R,4,S,Y,4,0,1,2,A,-,12,21453,A,N,D,C,A,A,H,-,A,A,0,,,,Y,Y,,A,01,0,0,1,0,0,0,0,0,0,"- ",SF,35.28145,-119.03064999999999,KERN,BAKERSFIELD,-119.02781724,35.285202959999999
8047336,2016,2016-05-17,1502,2016-04-24,0200,1202,,7,5,6,1502,0,0,0,,0,METRO,"OWENS ST","18TH ST",72.00,S,N,A,-,N,,,,,,,,,,N,3,0,1,2,A,-,11,21954,A,F,G,B,D,A,H,-,C,D,0,Y,,,,Y,,N,60,0,1,0,0,1,0,0,0,0,"- ","- ",35.372950000000003,-118.98951,KERN,BAKERSFIELD,-118.98941915,35.372430739999999
8047337,2016,2016-05-17,1502,2016-04-22,1232,1167,,5,5,6,1502,0,0,0,,0,CENTRA,"GOSFORD RD","LAUREL GLEN BL N",400.00,N,N,A,-,N,,,,,,,,,,Y,4,0,1,3,A,-,03,22350,,N,C,C,A,A,H,-,A,A,0,,,,,Y,,A,01,0,0,1,0,0,0,0,0,0,"- ","- ",35.3339,-119.09199,KERN,BAKERSFIELD,-119.09228011,35.334847609999997
8047338,2016,2016-05-17,1502,2016-04-24,0948,1137,,7,5,6,1502,0,0,0,,0,,"PENSINGER RD","BUENA VISTA RD",395.00,W,N,A,-,N,,,,,,,,,,Y,4,0,1,1,A,-,12,21453,A,N,E,I,A,A,H,-,A,A,0,,,,,Y,,A,01,0,0,1,0,0,0,0,0,0,"- ","- ",35.303980000000003,-119.1283,KERN,BAKERSFIELD,-119.12950077000001,35.303471649999999
8047339,2016,2016-08-29,1502,2016-04-24,1426,1181,,7,5,6,1502,0,0,0,,0,SOUTH,"STINE RD","TAFT HWY",200.00,N,N,A,-,N,,,,,,,,,,Y,3,0,1,3,A,-,03,22350,,N,C,C,A,A,H,-,A,A,0,,,,,Y,,D,22,0,1,0,0,0,0,0,0,0,"- ","- ",35.266860000000001,-119.05734,KERN,BAKERSFIELD,-119.05668,35.267538809999998
8047340,2016,2016-06-02,1502,2016-04-22,1530,P59,,5,5,6,1502,0,0,0,,0,,"BERKSHIRE RD","H ST",0.00,,Y,G,-,N,,,,,,,,,,Y,4,0,2,2,A,-,12,21453,A,N,D,C,A,A,H,-,A,A,0,,,,,Y,,-,"- ",0,0,2,0,0,0,0,0,0,"- ","- ",35.288609999999998,-119.02182000000001,KERN,BAKERSFIELD,-119.02137001,35.288630070000004
8047341,2016,2016-05-17,1502,2016-04-11,0750,P75,,1,5,6,1502,0,0,0,,0,SOUTH,"MC KEE RD","STINE RD",17.00,S,N,A,-,N,,,,,,,,,,Y,4,0,1,2,A,-,03,22350,,N,C,C,A,A,H,-,A,A,0,,,,,Y,,D,22,0,0,1,0,0,0,0,0,0,"- ","- ",35.274099999999997,-119.05725,KERN,BAKERSFIELD,-119.05671526,35.274198949999999
8047342,2016,2016-05-17,1502,2016-04-11,0803,P24,,1,5,6,1502,0,0,0,,0,NORTH,"RIVER GLEN DR","HAGEMAN RD",1.00,S,N,B,-,N,,,,,,,,,,N,3,0,1,2,A,-,05,21650,,N,H,G,A,A,H,-,A,A,0,,Y,,,Y,,L,04,0,1,0,0,0,0,1,0,0,"- ","- ",35.401179999999997,-119.07643,KERN,BAKERSFIELD,-119.07644996000001,35.401377259999997
8047343,2016,2016-05-17,1502,2016-04-25,1511,P63,,1,5,6,1502,0,0,0,,0,METRO,"OAK ST","CALIFORNIA AV",40.00,N,N,B,C,N,,,,,,,,,,Y,4,0,1,2,A,-,03,22350,,N,C,C,A,B,H,-,A,D,0,,,,,Y,,A,07,0,0,1,0,0,0,0,0,0,"- ","- ",35.368760000000002,-119.03831,KERN,BAKERSFIELD,-119.03877745,35.368819739999999
8047344,2016,2016-05-17,1502,2016-04-26,1222,P24,,2,5,6,1502,0,0,0,,0,VALLEY,"EMERY AV","SANDRA DR",0.00,,Y,A,-,N,,,,,,,,,,Y,4,0,2,2,A,-,09,21800,A,N,D,C,A,A,H,-,A,D,0,,,,,Y,,A,01,0,0,2,0,0,0,0,0,0,"- ","- ",35.321559999999998,-119.01648,KERN,BAKERSFIELD,-119.01632006,35.32159008
8047345,2016,2016-05-17,1502,2016-04-27,1220,1177,,3,5,6,1502,0,0,0,,0,HILL,"UNIVERSITY AV","OCCIDENTAL ST",15.00,E,N,A,-,N,,,,,,,,,,Y,4,0,1,2,A,-,03,22350,,N,C,C,A,A,H,-,A,D,0,,,,,Y,,A,01,0,0,1,0,0,0,0,0,0,"- ","- ",35.405099999999997,-118.97033999999999,KERN,BAKERSFIELD,-118.97051973000001,35.404919999999997
8047346,2016,2016-06-02,1502,2016-04-26,2234,1185,,2,5,6,1502,0,0,0,,0,CENTRA,"WHITE LN","ASHE RD",200.00,W,N,A,-,N,,,,,,,,,,Y,4,0,2,2,D,-,00,,,N,C,C,A,A,H,-,C,A,0,,,,,Y,,-,"- ",0,0,2,0,0,0,0,0,0,"- ","- ",35.318210000000001,-119.07446,KERN,BAKERSFIELD,-119.0751296,35.318280000000001
8047347,2016,2016-05-17,1502,2016-04-25,0840,1177,,1,5,6,1502,0,0,0,,0,HILL,"Q ST","34TH ST",0.00,,Y,B,-,N,,,,,,,,,,Y,3,0,1,2,A,-,09,21801,A,N,D,C,A,A,H,-,A,A,0,,,,,Y,,A,01,0,1,0,0,0,0,0,0,0,"- ","- ",35.390979999999999,-119.01047,KERN,BAKERSFIELD,-119.01053991000001,35.390500029999998
8047348,2016,2016-08-29,1502,2016-04-30,0251,1120,,6,5,6,1502,0,0,0,,0,,"STOCKDALE HWY","COFFEE RD",0.00,,Y,A,-,N,,,,,,,,,,Y,4,0,1,2,A,-,01,23152,A,N,D,C,A,A,H,-,C,A,0,,,,,Y,Y,A,01,0,0,1,0,0,0,0,0,0,"- ","- ",35.35454,-119.09178,KERN,BAKERSFIELD,-119.09238003,35.354460060000001
8047349,2016,2016-05-17,1502,2016-04-29,1722,1212,,5,5,6,1502,0,0,0,,0,VALLEY,"PACHECO RD","CORRINE ST",106.00,E,N,A,-,N,,,,,,,,,,Y,4,0,1,3,A,-,03,22350,,N,C,C,A,A,H,-,A,D,0,,,,,Y,,A,01,0,0,1,0,0,0,0,0,0,"- ","- ",35.310510000000001,-119.0335,KERN,BAKERSFIELD,-119.03282517,35.310392290000003
8047350,2016,2016-05-17,1502,2016-04-29,1748,1149,,5,5,6,1502,0,0,0,,0,METRO,"TRUXTUN AV","F ST",35.00,E,N,A,-,N,,,,,,,,,,Y,3,0,1,2,A,-,01,23152,A,N,C,E,A,A,H,-,A,D,0,,,,,Y,Y,A,01,0,1,0,0,0,0,0,0,0,"- ","- ",35.373370000000001,-119.02306,KERN,BAKERSFIELD,-119.02336274,35.373420000000003
8047355,2016,2016-08-29,1502,2016-04-27,1701,P59,,3,5,6,1502,0,0,0,,0,,"23RD ST","EYE ST",120.00,W,N,A,-,N,,,,,,,,,,Y,3,0,3,2,A,-,03,22350,,N,C,C,A,A,H,-,A,D,0,,,,,Y,,A,07,0,1,2,0,0,0,0,0,0,"- ","- ",35.380040000000001,-119.01945000000001,KERN,BAKERSFIELD,-119.02039203,35.38005347
8047356,2016,2017-02-23,1502,2016-04-27,2231,1048,,3,5,6,1502,0,0,0,,0,,"UNION AV","CALIFORNIA AV",0.00,,Y,C,-,Y,KER,6,204,-,-,3.087,I,5,N,N,2,0,1,2,A,-,11,21456,B,F,G,B,B,B,H,-,C,A,0,Y,,,,Y,,N,60,1,0,0,0,1,0,0,0,0,"- ","- ",35.368279999999999,-119.00252999999999,KERN,BAKERSFIELD,-119.00294791,35.368454560000004
8047357,2016,2017-02-23,1502,2016-04-12,0803,P24,,2,5,6,1502,0,0,0,,0,METRO,"UNION AV","11TH ST",66.00,N,N,B,-,Y,KER,6,204,-,-,3.020,H,-,N,Y,4,0,1,2,A,-,03,22350,,N,C,C,A,A,H,-,A,A,0,,,,,Y,,D,22,0,0,1,0,0,0,0,0,0,"- ","- ",35.367260000000002,-119.00254,KERN,BAKERSFIELD,-119.0029521,35.367498910000002
8047903,2016,2016-06-01,1501,2016-04-22,1633,919,13,5,5,3,1501,0,0,0,,0,001,"N HILL ST","4TH AV",46.00,S,N,A,-,N,,,,,,,,,,N,4,0,2,2,A,-,09,21804,A,N,D,D,A,A,H,-,A,D,0,,,,,Y,,-,,0,0,2,0,0,0,0,0,0,"- ","- ",35.210090000000001,-118.83065000000001,KERN,ARVIN,-118.83096515,35.210563860000001
8048303,2016,2017-02-23,1500,2016-04-30,1833,201081,WA02,6,5,3,1510,0,0,0,,0,4401,"RT 46","RT 43",0.00,,Y,A,-,Y,KER,6,43,-,R,25.124,I,5,S,Y,4,0,1,2,D,-,00,,,N,D,C,A,A,H,-,A,A,0,,,,,Y,,-,"- ",0,0,1,0,0,0,0,0,0,"- ","- ",,,KERN,WASCO,-119.3336845,35.601533959999998
8048394,2016,2016-05-26,1500,2016-05-03,0544,200939,NASCO,2,5,3,1510,0,0,0,,0,4401,"PALM AV","PROSPERITY LN",182.00,S,N,A,-,N,,,,,,,,,,Y,2,0,1,2,A,-,03,22350,,N,C,C,A,A,H,-,A,D,0,,,,,Y,,-,"- ",1,0,0,0,0,0,0,0,0,"- ","- ",,,KERN,WASCO,-119.34918303000001,35.606310499999999
8048662,2016,2017-02-23,1500,2016-04-06,0635,200752,WA01,3,5,3,1510,0,0,0,,0,4401,"RT 43","KIMBERLINA AV",0.00,,Y,A,-,Y,KER,6,43,-,-,22.110,I,5,N,Y,4,0,1,2,A,-,00,21450,,N,B,C,A,A,H,-,B,A,0,,,,,Y,,-,,0,0,1,0,0,0,0,0,0,"- ","- ",,,KERN,WASCO,-119.3318605,35.55800095
8048766,2016,2016-05-31,1502,2016-05-15,0125,1048,,7,5,6,1502,0,0,0,,0,,"MONITOR ST","FAIRVIEW RD",335.00,S,N,A,-,N,,,,,,,,,,Y,4,0,1,4,A,-,08,22107,,N,C,E,A,A,H,-,C,D,0,,,,,Y,,A,01,0,0,1,0,0,0,0,0,0,"- ","- ",35.303069999999998,-119.0123,KERN,BAKERSFIELD,-119.01188999999999,35.302210780000003
8048863,2016,2016-05-31,1502,2016-05-13,1807,P59,,5,5,6,1502,0,0,0,,0,,"PACHECO RD","H ST",35.00,W,N,A,-,N,,,,,,,,,,Y,2,0,1,2,A,-,03,22350,,N,C,C,A,A,H,-,A,A,0,,,Y,,Y,,C,02,1,0,0,0,0,0,0,0,1,"- ","- ",35.310400000000001,-119.02153,KERN,BAKERSFIELD,-119.02142714999999,35.310391180000003
8048867,2016,2016-05-31,1502,2016-05-12,1410,P59,,4,5,6,1502,0,0,0,,0,,"CASA CLUB DR","VISTA GRANDE DR",0.00,,Y,A,-,N,,,,,,,,,,Y,3,0,1,1,A,-,03,22350,,N,E,I,A,A,H,-,A,A,0,,,,,Y,,A,01,0,1,0,0,0,0,0,0,0,"- ","- ",35.405140000000003,-118.83984,KERN,BAKERSFIELD,-118.84006008,35.40593011
8052067,2016,2016-08-29,1507,2016-05-27,1450,229,18,5,5,3,1507,0,0,0,,0,,"EAST LERDO HWY","MANNEL AV",2.00,E,N,A,-,N,,,,,,,,,,N,4,0,1,2,A,-,03,22350,,N,C,C,A,A,H,-,A,A,0,,,,,Y,,A,07,0,0,1,0,0,0,0,0,0,"- ","- ",,,KERN,SHAFTER,-119.26936329,35.499850000000002
8054121,2016,2016-06-03,1502,2016-05-10,1647,P45,,2,5,6,1502,0,0,0,,0,HILL,"CHESTER AV","GARCES CIR",0.00,,Y,A,-,N,,,204,,,,,,,N,4,0,1,2,A,-,09,21804,A,N,D,C,A,A,H,-,A,A,0,,,,,Y,,J,48,0,0,1,0,0,0,0,0,0,"- ","- ",35.387340000000002,-119.0181,KERN,BAKERSFIELD,-119.01845882000001,35.38673644
8055947,2016,2016-06-06,1501,2016-05-26,1914,902,24,4,5,3,1501,0,0,0,,0,003,"NEWTON ST","NORA WY",110.00,E,N,A,-,N,,,,,,,,,,N,3,0,1,2,A,-,11,21954,A,N,G,B,D,A,H,-,A,D,0,Y,,,,Y,,N,60,0,1,0,0,1,0,0,0,0,"- ","- ",35.188209999999998,-118.82973,KERN,ARVIN,-118.82996238,35.188429999999997
8056248,2016,2017-02-23,1508,2016-05-09,1722,107,3B,1,5,2,1508,0,0,0,,0,,"6TH ST","KERN ST",16.00,N,N,A,-,Y,KER,6,33,-,-,18.790,I,5,N,N,4,0,4,3,A,-,12,22450,A,N,D,C,A,A,H,-,A,A,0,,,,,Y,,A,01,0,0,4,0,0,0,0,0,0,"- ","- ",,,KERN,TAFT,-119.45942644,35.143104649999998
8056327,2016,2017-02-23,1508,2016-05-12,1208,33,3B,4,5,2,1508,0,0,0,,0,,"RT 33","WILDCAT WY",0.00,,Y,A,-,Y,KER,6,33,-,-,18.880,I,5,N,Y,4,0,2,2,A,-,09,21801,A,N,D,C,A,A,H,-,A,A,0,,,,,Y,,A,01,0,0,2,0,0,0,0,0,0,"- ","- ",,,KERN,TAFT,-119.46094011,35.143593809999999
8056413,2016,2017-02-17,1508,2016-05-10,1835,111,5B,2,5,2,1508,0,0,0,,0,,"RT 119","E KERN ST",50.00,N,N,A,-,Y,KER,6,119,-,-,0.350,H,-,E,Y,3,0,1,1,A,-,01,23152,A,N,E,I,A,A,H,-,A,D,0,,,,,Y,Y,A,01,0,1,0,0,0,0,0,0,0,"- ","- ",,,KERN,TAFT,-119.44724372,35.141012629999999
8056964,2016,2016-06-15,1506,2016-03-19,2032,0102,24,6,5,4,1506,0,0,0,,0,,"WEST RIDGECREST BL","S MAHAN ST",0.00,,Y,A,-,N,,,,,,,,,,Y,4,0,1,2,A,-,09,21802,A,N,D,C,A,A,H,-,C,A,0,,,,,Y,,D,22,0,0,1,0,0,0,0,0,0,"- ","- ",,,KERN,RIDGECREST,-117.69672002999999,35.622510069999997
8056968,2016,2017-02-14,1506,2016-03-30,1000,4283,12,3,5,4,1506,0,0,0,,0,,"NORTH CHINA LAKE BL","WEST DRUMMOND AV",0.00,,Y,A,-,Y,KER,6,178,-,-,101.610,H,-,W,N,4,0,1,2,A,-,21,22106,,N,C,C,A,A,H,-,A,A,0,,,,,Y,,A,01,0,0,1,0,0,0,0,0,0,"- ","- ",35.637149999999998,-117.66997000000001,KERN,RIDGECREST,-117.66974894000001,35.636845000000001
8057602,2016,2016-06-18,1503,2016-05-03,2044,10116,1503,2,5,4,1503,0,0,0,,0,ALL,"BROWNING RD","SUMMER DR",0.00,,Y,A,-,N,,,,,,,,,,N,3,0,1,2,A,-,10,21950,A,F,D,B,B,A,H,-,C,A,0,Y,,,,Y,,D,22,0,1,0,0,1,0,0,0,0,"- ","- ",,,KERN,DELANO,-119.22315997,35.786870049999997