CASE_ID,ACCIDENT_YEAR,PROC_DATE,JURIS,COLLISION_DATE,COLLISION_TIME,OFFICER_ID,REPORTING_DISTRICT,DAY_OF_WEEK,CHP_SHIFT,POPULATION,CNTY_CITY_LOC,SPECIAL_COND,BEAT_TYPE,CHP_BEAT_TYPE,CITY_DIVISION_LAPD,CHP_BEAT_CLASS,BEAT_NUMBER,PRIMARY_RD,SECONDARY_RD,DISTANCE,DIRECTION,INTERSECTION,WEATHER_1,WEATHER_2,STATE_HWY_IND,CALTRANS_COUNTY,CALTRANS_DISTRICT,STATE_ROUTE,ROUTE_SUFFIX,POSTMILE_PREFIX,POSTMILE,LOCATION_TYPE,RAMP_INTERSECTION,SIDE_OF_HWY,TOW_AWAY,COLLISION_SEVERITY,NUMBER_KILLED,NUMBER_INJURED,PARTY_COUNT,PRIMARY_COLL_FACTOR,PCF_CODE_OF_VIOL,PCF_VIOL_CATEGORY,PCF_VIOLATION,PCF_VIOL_SUBSECTION,HIT_AND_RUN,TYPE_OF_COLLISION,MVIW,PED_ACTION,ROAD_SURFACE,ROAD_COND_1,ROAD_COND_2,LIGHTING,CONTROL_DEVICE,CHP_ROAD_TYPE,PEDESTRIAN_ACCIDENT,BICYCLE_ACCIDENT,MOTORCYCLE_ACCIDENT,TRUCK_ACCIDENT,NOT_PRIVATE_PROPERTY,ALCOHOL_INVOLVED,STWD_VEHTYPE_AT_FAULT,CHP_VEHTYPE_AT_FAULT,COUNT_SEVERE_INJ,COUNT_VISIBLE_INJ,COUNT_COMPLAINT_PAIN,COUNT_PED_KILLED,COUNT_PED_INJURED,COUNT_BICYCLIST_KILLED,COUNT_BICYCLIST_INJURED,COUNT_MC_KILLED,COUNT_MC_INJURED,PRIMARY_RAMP,SECONDARY_RAMP,LATITUDE,LONGITUDE,COUNTY,CITY,POINT_X,POINT_Y
81083361,2019,2019-09-26,1502,2019-09-23,1716,1177,,1,5,6,1502,0,0,0,,0,Hill,"34TH ST","JEWETT AV",0.00,,Y,A,-,N,,,,,,,,,,Y,4,0,1,2,A,-,12,21453,A,N,D,D,A,A,H,-,A,A,0,,,,,Y,,A,07,0,0,1,0,0,0,0,0,0,"- ","- ",35.391021728515625,-119.01425170898438,KERN,BAKERSFIELD,-119.01429748535156,35.390518188476562
81083363,2019,2019-11-18,1502,2019-09-23,2219,1153,,1,5,6,1502,0,0,0,,0,Valley,"JONAH ST","ONEILL AV",381.00,N,N,A,-,N,,,,,,,,,,N,3,0,1,3,A,-,08,22107,,N,C,E,A,A,H,-,C,D,0,,,,,Y,,A,01,0,1,0,0,0,0,0,0,0,"- ","- ",35.304580688476562,-119.02055358886719,KERN,BAKERSFIELD,-119.01926422119141,35.306396484375
81083364,2019,2019-09-26,1502,2019-09-24,0226,1188,,2,5,6,1502,0,0,0,,0,Valley,"WILSON RD","AGATE ST",301.00,W,N,A,-,N,,,,,,,,,,N,3,0,1,2,A,-,11,21954,A,F,G,B,D,A,H,-,D,D,0,Y,,,,Y,,N,60,0,1,0,0,1,0,0,0,0,"- ","- ",35.331558227539062,-119.03604125976562,KERN,BAKERSFIELD,-119.03614044189453,35.332191467285156
81083366,2019,2019-09-26,1502,2019-09-24,1337,1177,,2,5,6,1502,0,0,0,,0,Valley,"UNION AV","BELLE TERRACE",0.00,,Y,A,-,N,,,,,,,,,,Y,4,0,1,2,A,-,12,21453,A,M,D,D,A,A,H,-,A,A,0,,,,,Y,,A,01,0,0,1,0,0,0,0,0,0,"- ","- ",35.345798492431641,-119.00373077392578,KERN,BAKERSFIELD,-119.00309753417969,35.346698760986328
81083367,2019,2019-09-26,1502,2019-09-24,1533,P75,,2,5,6,1502,0,0,0,,0,Valley,"MING AV","LAWSON RD",0.00,,Y,A,-,N,,,,,,,,,,N,3,0,3,4,A,-,09,21801,A,N,D,C,F,A,H,-,A,D,0,Y,,,,Y,,D,22,0,2,1,0,1,0,0,0,0,"- ","- ",35.338558197021484,-119.00605010986328,KERN,BAKERSFIELD,-119.00521850585938,35.339488983154297
81083368,2019,2019-09-26,1502,2019-09-24,1646,P75,,2,5,6,1502,0,0,0,,0,Centra,"LAURELGLEN BL","OLYMPIA DR",0.00,,Y,A,-,N,,,,,,,,,,Y,4,0,1,2,A,-,09,21802,A,N,D,C,A,A,H,-,A,A,0,,,,,Y,,A,01,0,0,1,0,0,0,0,0,0,"- ","- ",35.325981140136719,-119.08741760253906,KERN,BAKERSFIELD,-119.08753204345703,35.325859069824219
81083370,2019,2019-09-26,1502,2019-09-25,1507,1144,,3,5,6,1502,0,0,0,,0,Centra,"WILSON RD","REAL RD",11.00,N,N,A,-,N,,,,,,,,,,N,3,0,1,2,A,-,10,21950,A,N,G,B,B,A,H,-,A,A,0,Y,,,,Y,,A,01,0,1,0,0,1,0,0,0,0,"- ","- ",35.332431793212891,-119.04341888427734,KERN,BAKERSFIELD,-119.04338073730469,35.332241058349609
81083371,2019,2019-09-26,1502,2019-09-25,1640,P75,,3,5,6,1502,0,0,0,,0,Metro,"Q ST","17TH ST",13.00,N,N,A,-,N,,,,,,,,,,N,4,0,1,2,A,-,03,22350,,M,C,C,A,A,H,-,A,A,0,,,,,Y,,-,99,0,0,1,0,0,0,0,0,0,"- ","- ",35.374221801757812,-119.01013946533203,KERN,BAKERSFIELD,-119.01062774658203,35.374332427978516
81083373,2019,2019-09-26,1502,2019-02-02,2122,1268,,6,5,6,1502,0,0,0,,0,Metro,"UNION AV","TERRACE WY",4.00,N,N,A,-,N,,,,,,,,,,N,3,0,1,2,A,-,03,22350,,F,C,G,A,A,H,-,C,D,0,,Y,,,Y,,-,99,0,1,0,0,0,0,1,0,0,"- ","- ",35.349430084228516,-119.00366973876953,KERN,BAKERSFIELD,-119.00309753417969,35.350341796875
81085263,2019,2019-09-27,1502,2019-09-21,0702,1008,,6,5,6,1502,0,0,0,,0,Hill,"O ST","36TH ST",40.00,N,N,A,-,N,,,,,,,,,,N,3,0,1,2,A,-,11,21954,A,F,G,B,D,A,H,-,B,D,0,Y,,,,Y,,N,60,0,1,0,0,1,0,0,0,0,"- ","- ",35.392910003662109,-119.01277160644531,KERN,BAKERSFIELD,-119.01284790039062,35.392498016357422
81085264,2019,2019-09-27,1502,2019-09-23,1528,1177,,1,5,6,1502,0,0,0,,0,Valley,"H ST","MING AV",0.00,,Y,A,-,N,,,,,,,,,,Y,4,0,3,3,A,-,12,21453,A,N,D,D,A,A,H,-,A,A,0,,,,,Y,,A,07,0,0,3,0,0,0,0,0,0,"- ","- ",35.339450836181641,-119.02114105224609,KERN,BAKERSFIELD,-119.02130889892578,35.339439392089844
81085266,2019,2019-09-27,1502,2019-09-25,0852,P86,,3,5,6,1502,0,0,0,,0,Hill,"UNIVERSITY AV","BOISE ST",0.00,,Y,A,-,N,,,,,,,,,,N,4,0,2,2,A,-,09,21802,A,N,D,C,A,A,H,-,A,A,0,,,,,Y,,A,01,0,0,2,0,0,0,0,0,0,"- ","- ",35.405101776123047,-118.95426177978516,KERN,BAKERSFIELD,-118.95451354980469,35.405048370361328
81085268,2019,2019-09-27,1502,2019-09-26,0945,1213,,4,5,6,1502,0,0,0,,0,Metro,"H ST","8TH ST",0.00,,Y,A,-,N,,,,,,,,,,Y,4,0,2,2,A,-,09,21802,A,N,D,C,A,A,H,-,A,A,0,,,,,Y,,A,01,0,0,2,0,0,0,0,0,0,"- ","- ",35.363849639892578,-119.02171325683594,KERN,BAKERSFIELD,-119.021240234375,35.364608764648438
81086004,2019,2019-09-30,1502,2019-09-26,1534,P45,,4,5,6,1502,0,0,0,,0,North,"BRIMHALL RD","COYOTE SPRINGS DR",99.00,E,N,A,-,N,,,,,,,,,,Y,4,0,4,2,A,-,03,22350,,N,C,C,A,A,H,-,A,D,0,,,,,Y,,A,01,0,0,4,0,0,0,0,0,0,"- ","- ",35.369010925292969,-119.12116241455078,KERN,BAKERSFIELD,-119.12041473388672,35.368850708007812
81086006,2019,2019-09-30,1502,2019-09-27,0801,1213,,5,5,6,1502,0,0,0,,0,Metro,"TRUXTUN AV","19TH ST (E)",40.00,W,N,A,-,N,,,,,,,,,,N,4,0,2,3,A,-,03,22350,,M,C,C,A,A,H,-,A,D,0,,,,,Y,,-,99,0,0,2,0,0,0,0,0,0,"- ","- ",35.373538970947266,-118.98725128173828,KERN,BAKERSFIELD,-118.99155426025391,35.374046325683594
81086159,2019,2019-09-30,1502,2019-09-28,1046,1186,,6,5,6,1502,0,0,0,,0,Valley,"BALDWIN FARMS DR","MONITOR ST",45.00,W,N,A,-,N,,,,,,,,,,N,4,0,2,2,A,-,05,21650,,N,A,C,A,A,H,-,A,A,0,,,,,Y,,A,07,0,0,2,0,0,0,0,0,0,"- ","- ",35.294509887695312,-119.01241302490234,KERN,BAKERSFIELD,-119.01203918457031,35.294578552246094
81086162,2019,2019-09-30,1502,2019-09-28,1424,1185,,6,5,6,1502,0,0,0,,0,South,"WIBLE RD","TAFT HWY",450.00,N,N,A,-,N,,,,,,,,,,N,4,0,1,2,A,-,03,22350,,N,C,C,A,A,H,-,A,D,0,,,,,Y,,A,01,0,0,1,0,0,0,0,0,0,"- ","- ",35.266620635986328,-119.03964233398438,KERN,BAKERSFIELD,-119.03897857666016,35.268146514892578
81087391,2019,2019-10-01,1502,2019-09-25,0229,1153,,3,5,6,1502,0,0,0,,0,Valley,"H ST","BRADLEY AV",79.00,S,N,A,-,N,,,,,,,,,,Y,3,0,1,1,A,-,08,22107,,M,E,I,A,A,H,-,C,D,0,,,,,Y,,A,01,0,1,0,0,0,0,0,0,0,"- ","- ",35.336978912353516,-119.02117919921875,KERN,BAKERSFIELD,-119.02131652832031,35.336761474609375
81087392,2019,2019-10-01,1502,2019-09-26,2026,1322,,4,5,6,1502,0,0,0,,0,Valley,"PLANZ RD","MOUNT VERNON AV",0.00,,Y,A,-,N,,,,,,,,,,Y,4,0,1,1,A,-,03,22350,,N,E,I,A,A,H,-,D,B,0,,,,,Y,,D,22,0,0,1,0,0,0,0,0,0,"- ","- ",35.324619293212891,-118.96778869628906,KERN,BAKERSFIELD,-118.96775054931641,35.325080871582031
81087393,2019,2019-10-01,1502,2019-09-26,2041,1225,BAKER,4,5,6,1502,0,0,0,,0,South,"PANAMA LN","ALLEN RD",13727.00,W,N,A,-,N,,,,,,,,,,Y,4,0,1,1,A,-,08,22107,,N,F,A,A,A,H,-,D,D,0,,,,,Y,,A,01,0,0,1,0,0,0,0,0,0,"- ","- ",35.296890258789062,-119.14615631103516,KERN,BAKERSFIELD,-119.19198608398438,35.296119689941406
81087395,2019,2019-10-01,1502,2019-09-27,0739,P45,,5,5,6,1502,0,0,0,,0,Centra,"MING AV","WESTHOLME BL",0.00,,Y,A,-,N,,,,,,,,,,N,3,0,1,2,A,-,10,21950,A,N,G,B,B,A,H,-,A,A,0,Y,,,,Y,,A,01,0,1,0,0,1,0,0,0,0,"- ","- ",35.336269378662109,-119.06571197509766,KERN,BAKERSFIELD,-119.06598663330078,35.336410522460938
81087396,2019,2019-10-01,1502,2019-09-27,1128,1185,,5,5,6,1502,0,0,0,,0,North,"CALLOWAY DR","BRIMHALL RD",502.00,S,N,A,-,N,,,,,,,,,,N,4,0,2,2,A,-,09,21804,A,N,D,C,A,A,H,-,A,A,0,,,,,Y,,A,07,0,0,2,0,0,0,0,0,0,"- ","- ",35.368751525878906,-119.11083984375,KERN,BAKERSFIELD,-119.11155700683594,35.367599487304688
81087398,2019,2019-10-01,1502,2019-09-27,1738,1223,,5,5,6,1502,0,0,0,,0,Centra,"CALIFORNIA AV","CHESTER LN",414.00,E,N,A,-,N,,,,,,,,,,N,4,0,1,2,A,-,09,21801,A,N,D,C,A,A,H,-,A,D,0,,,,,Y,,A,01,0,0,1,0,0,0,0,0,0,"- ","- ",35.367618560791016,-119.04736328125,KERN,BAKERSFIELD,-119.04636383056641,35.367469787597656
81087399,2019,2019-10-01,1502,2019-09-27,1940,1223,,5,5,6,1502,0,0,0,,0,Valley,"COTTONWOOD RD","FILSON ST",15.00,N,N,A,-,N,,,,,,,,,,N,3,0,1,2,A,-,11,21954,A,N,G,B,D,A,H,-,C,D,0,Y,,,,Y,,N,60,0,1,0,0,1,0,0,0,0,"- ","- ",35.32366943359375,-118.98558807373047,KERN,BAKERSFIELD,-118.98542785644531,35.323989868164062
81087401,2019,2019-10-01,1502,2019-09-28,1628,P45,,6,5,6,1502,0,0,0,,0,Centra,"WHITE LN","DOVEWOOD ST",568.00,W,N,A,-,N,,,,,,,,,,N,4,0,1,2,A,-,03,22350,,N,C,C,A,A,H,-,A,D,0,,,,,Y,,A,01,0,0,1,0,0,0,0,0,0,"- ","- ",35.317569732666016,-119.05172729492188,KERN,BAKERSFIELD,-119.05361938476562,35.317901611328125
81087402,2019,2019-10-01,1502,2019-09-28,1918,P45,,6,5,6,1502,0,0,0,,0,Valley,"MING AV","ANITA LN",85.00,E,N,A,-,N,,,,,,,,,,N,4,0,1,3,A,-,03,22350,,M,C,C,A,A,H,-,C,D,0,,,,,Y,,A,01,0,0,1,0,0,0,0,0,0,"- ","- ",35.339488983154297,-119.02555084228516,KERN,BAKERSFIELD,-119.02530670166016,35.339431762695312
81087404,2019,2019-10-01,1502,2019-09-28,2311,1265,,6,5,6,1502,0,0,0,,0,Centra,"WHITE LN","AKERS RD",0.00,,Y,A,-,N,,,,,,,,,,Y,4,0,1,2,A,-,12,21453,A,N,D,C,A,A,H,-,C,A,0,,,,,Y,Y,A,01,0,0,1,0,0,0,0,0,0,"- ","- ",35.317520141601562,-119.04782867431641,KERN,BAKERSFIELD,-119.04782104492188,35.31781005859375
81087407,2019,2019-10-01,1502,2019-09-29,0743,P63,,7,5,6,1502,0,0,0,,0,Hill,"CHESTER AV","COLUMBUS ST",0.00,,Y,A,-,N,,,,,,,,,,N,2,0,1,1,C,-,18,,,N,F,A,A,A,H,-,A,A,0,,,Y,,Y,,-,"- ",1,0,0,0,0,0,0,0,1,"- ","- ",35.398109436035156,-119.01790618896484,KERN,BAKERSFIELD,-119.01879119873047,35.398139953613281
81087409,2019,2019-10-01,1502,2019-09-30,0731,P63,,1,5,6,1502,0,0,0,,0,Metro,"28TH ST","CHESTER AV",0.00,,Y,A,-,N,,,,,,,,,,Y,2,0,1,2,A,-,09,21802,A,N,D,C,A,A,H,-,A,A,0,,,,,Y,,A,01,1,0,0,0,0,0,0,0,0,"- ","- ",35.384021759033203,-119.01896667480469,KERN,BAKERSFIELD,-119.01885223388672,35.384811401367188
81088431,2019,2019-10-02,1502,2019-09-23,0101,1188,,1,5,6,1502,0,0,0,,0,Hill,"178 E OFF TO OSWELL RAMP","OSWELL ST",91.00,W,N,A,-,Y,,,,,,,,,,N,3,0,2,3,A,-,03,22350,,N,C,E,E,A,D,-,D,D,0,Y,,,,Y,,D,22,0,1,1,0,1,0,0,0,0,"- ","- ",35.393901824951172,-118.94985198974609,KERN,BAKERSFIELD,,
81088433,2019,2019-10-02,1502,2019-09-30,1335,1181,,1,5,6,1502,0,0,0,,0,South,"ASHE RD","SCHIRRA CT",0.00,,Y,A,-,N,,,,,,,,,,Y,3,0,1,2,A,-,09,21802,A,N,D,C,A,A,H,-,A,D,0,,,,,Y,,A,01,0,1,0,0,0,0,0,0,0,"- ","- ",35.316291809082031,-119.0755615234375,KERN,BAKERSFIELD,-119.07447052001953,35.316600799560547
81088436,2019,2019-10-02,1502,2019-10-01,0753,1326,,2,5,6,1502,0,0,0,,0,,"H ST","10TH ST",17.00,S,N,A,-,N,,,,,,,,,,N,4,0,2,4,A,-,03,22350,,N,C,C,A,A,H,-,A,D,0,,,,,Y,,A,01,0,0,2,0,0,0,0,0,0,"- ","- ",35.366508483886719,-119.02082824707031,KERN,BAKERSFIELD,-119.021240234375,35.366462707519531
81088437,2019,2019-10-02,1502,2019-10-01,0904,1195,,2,5,6,1502,0,0,0,,0,South,"GOSFORD RD","WESTWOLD DR",49.00,S,N,A,-,N,,,,,,,,,,Y,4,0,1,3,A,-,04,21703,,N,C,C,A,A,H,-,A,A,0,,,,,Y,,A,01,0,0,1,0,0,0,0,0,0,"- ","- ",35.330360412597656,-119.09201812744141,KERN,BAKERSFIELD,-119.09226226806641,35.330055236816406
81088438,2019,2019-10-02,1502,2019-10-01,1159,P63,,2,5,6,1502,0,0,0,,0,South,"GOSFORD RD","PACHECO RD",317.00,S,N,A,-,N,,,,,,,,,,Y,4,0,3,2,A,-,12,21453,A,N,D,C,A,A,H,-,A,A,0,,,,,Y,,A,07,0,0,3,0,0,0,0,0,0,"- ","- ",35.310428619384766,-119.09226989746094,KERN,BAKERSFIELD,-119.09226226806641,35.309371948242188
81089411,2019,2019-10-03,1502,2019-09-25,1648,1177,,3,5,6,1502,0,0,0,,0,South,"TAFT HWY","MOUNTAIN RIDGE DR",335.00,E,N,A,-,Y,,,,,,,,,,Y,4,0,1,2,A,-,03,22350,,N,C,C,A,A,H,-,A,A,0,,,,,Y,,A,01,0,0,1,0,0,0,0,0,0,"- ","- ",35.266979217529297,-119.06619262695312,KERN,BAKERSFIELD,-119.06443023681641,35.267040252685547
81089413,2019,2019-10-03,1502,2019-09-25,1909,1177,,3,5,6,1502,0,0,0,,0,Centra,"CAMINO MEDIA","ROADRUNNER DR",416.00,E,N,A,-,N,,,,,,,,,,N,3,0,1,2,A,-,08,22107,,N,H,G,A,A,H,-,B,A,0,,Y,,,Y,,L,04,0,1,0,0,0,0,1,0,0,"- ","- ",35.342849731445312,-119.10395812988281,KERN,BAKERSFIELD,-119.10181427001953,35.342891693115234
81089414,2019,2019-10-03,1502,2019-09-26,1314,P86,,4,5,6,1502,0,0,0,,0,Valley,"H ST","MING AV",0.00,,Y,A,-,N,,,,,,,,,,N,3,0,1,4,A,-,01,23152,A,N,D,C,A,A,H,-,A,A,0,,,,,Y,Y,A,07,0,1,0,0,0,0,0,0,0,"- ","- ",35.339450836181641,-119.02114105224609,KERN,BAKERSFIELD,-119.02130889892578,35.339439392089844
81089426,2019,2019-10-03,1502,2019-10-02,0620,1326,,3,5,6,1502,0,0,0,,0,Metro,"UNION AV","BRUNDAGE LN",33.00,N,N,A,-,Y,,,204,,,,,,,Y,4,0,1,2,A,-,03,22350,,N,C,C,A,A,H,-,B,D,0,,,,,Y,,A,07,0,0,1,0,0,0,0,0,0,"- ","- ",35.352951049804688,-119.00361633300781,KERN,BAKERSFIELD,-119.00300598144531,35.352947235107422
81089427,2019,2019-10-03,1502,2019-10-02,0729,P45,,3,5,6,1502,0,0,0,,0,Centra,"HAGGIN OAKS BL","MING AV",346.00,N,N,A,-,N,,,,,,,,,,N,2,0,1,2,A,-,09,21804,A,N,H,G,A,A,H,-,A,D,0,,Y,,Y,Y,,F,27,1,0,0,0,0,0,1,0,0,"- ","- ",35.340011596679688,-119.10083770751953,KERN,BAKERSFIELD,-119.10111236572266,35.340808868408203
8108961,2016,2016-08-22,1502,2016-08-07,0030,1143,,7,5,6,1502,0,0,0,,0,METRO,"CHESTER AV","LOUSTALOT LN",0.00,,Y,A,-,N,,,,,,,,,,N,4,0,1,2,A,-,12,21453,A,M,D,C,A,A,H,-,C,A,0,,,,,Y,,A,01,0,0,1,0,0,0,0,0,0,"- ","- ",35.352060000000002,-119.01872,KERN,BAKERSFIELD,-119.01894007,35.352130039999999
8108965,2016,2017-03-04,1502,2016-08-07,0730,1218,,7,5,6,1502,0,0,0,,0,HILL,"OSWELL ST","RT 178",0.00,,Y,A,-,Y,KER,6,178,-,R,5.781,R,4,W,N,4,0,1,2,A,-,09,21800,A,F,H,G,A,A,H,-,A,A,0,,Y,,,Y,,-,99,0,0,1,0,0,0,1,0,0,"- ",WF,35.39687,-118.94967,KERN,BAKERSFIELD,-118.94734228,35.39653629
8108969,2016,2016-08-22,1502,2016-08-13,0750,984,,6,5,6,1502,0,0,0,,0,CENTRA,"OLYMPIA DR","LILY DR",110.00,W,N,A,-,N,,,,,,,,,,Y,3,0,1,2,A,-,09,21801,A,N,D,C,A,A,H,-,A,A,0,,,Y,,Y,,A,01,0,1,0,0,0,0,0,0,1,"- ","- ",35.322929999999999,-119.08338000000001,KERN,BAKERSFIELD,-119.08378589,35.32285452
8108973,2016,2016-08-22,1502,2016-08-14,2107,1172,,7,5,6,1502,0,0,0,,0,SOUTH,"PACHECO RD","AKERS RD",0.00,,Y,A,-,N,,,,,,,,,,Y,4,0,2,2,A,-,12,21453,A,N,D,C,A,A,H,-,A,A,0,,,,,Y,,A,01,0,0,2,0,0,0,0,0,0,"- ","- ",35.310070000000003,-119.04792999999999,KERN,BAKERSFIELD,-119.04782,35.310240030000003
8108977,2016,2016-08-22,1502,2016-08-13,0938,1163,,6,5,6,1502,0,0,0,,0,CENTRA,"FJORD DR","STINE RD",250.00,W,N,A,-,N,,,,,,,,,,Y,3,0,3,2,A,-,06,21754,,N,B,C,A,A,H,-,A,D,0,,,,,Y,,A,01,0,1,2,0,0,0,0,0,0,"- ","- ",35.34207,-119.04951,KERN,BAKERSFIELD,-119.05041718,35.341827440000003
8108981,2016,2016-08-22,1502,2016-08-13,0409,1202,,6,5,6,1502,0,0,0,,0,HILL,"PANORAMA DR","LINDEN AV",92.00,E,N,A,-,N,,,,,,,,,,Y,4,0,1,2,A,-,08,22107,,N,B,E,A,A,H,-,C,D,0,,,,,Y,,A,01,0,0,1,0,0,0,0,0,0,"- ","- ",35.408760000000001,-118.99051,KERN,BAKERSFIELD,-118.99049443,35.408525189999999
8108985,2016,2016-08-23,1502,2016-08-07,2057,1271,,7,5,6,1502,0,0,0,,0,SOUTH,"STINE RD","FOUNTAIN VIEW WY",0.00,,Y,A,-,N,,,,,,,,,,Y,4,0,1,2,A,-,09,21801,A,N,D,D,A,A,H,-,C,A,0,,,,,Y,,A,01,0,0,1,0,0,0,0,0,0,"- ","- ",35.305950000000003,-119.05685,KERN,BAKERSFIELD,-119.05669005,35.306090099999999
8108989,2016,2016-08-23,1502,2016-08-08,2011,1172,,1,5,6,1502,0,0,0,,0,CENTRA,"WILSON RD","WESTHOLME BL",0.00,,Y,A,-,N,,,,,,,,,,Y,4,0,1,2,A,-,09,21801,A,N,D,C,A,A,H,-,C,A,0,,,,,Y,,A,01,0,0,1,0,0,0,0,0,0,"- ","- ",35.330719999999999,-119.06441,KERN,BAKERSFIELD,-119.06457007,35.330790030000003
8108993,2016,2016-08-23,1502,2016-08-08,1157,P52,,1,5,6,1502,0,0,0,,0,,"CHESTER AV","EL SERENO DR",18.00,N,N,A,-,N,,,,,,,,,,N,3,0,1,1,A,-,03,22350,,N,F,A,A,A,H,-,A,D,0,,,,,Y,,A,07,0,1,0,0,0,0,0,0,0,"- ","- ",35.34037,-119.01884,KERN,BAKERSFIELD,-119.01892562,35.340439179999997
8108997,2016,2016-08-23,1502,2016-08-07,1632,P73,,7,5,6,1502,0,0,0,,0,METRO,"HOUSER ST","WILLIAMS ST",0.00,,Y,A,-,N,,,,,,,,,,N,4,0,1,2,A,-,08,22107,,F,D,C,A,A,H,-,A,D,0,,,,,Y,,-,99,0,0,1,0,0,0,0,0,0,"- ","- ",35.362630000000003,-118.98168,KERN,BAKERSFIELD,-118.98141010000001,35.362370110000001
8109001,2016,2016-08-23,1502,2016-08-06,2212,1177,,6,5,6,1502,0,0,0,,0,METRO,"H ST","CALIFORNIA AV",0.00,,Y,A,-,N,,,,,,,,,,Y,3,0,1,2,A,-,01,23153,A,F,H,G,A,A,H,-,C,A,0,,Y,,,Y,Y,A,01,0,1,0,0,0,0,1,0,0,"- ","- ",35.368499999999997,-119.02079999999999,KERN,BAKERSFIELD,-119.02123013000001,35.368570120000001
8109005,2016,2016-10-20,1502,2016-08-08,1415,P73,,1,5,6,1502,0,0,0,,0,CENTRA,"STOCKDALE HWY","VILLAGE LN",0.00,,Y,A,-,N,,,,,,,,,,Y,4,0,1,2,A,-,12,21453,A,N,D,C,A,A,H,-,A,A,0,,,,,Y,,A,07,0,0,1,0,0,0,0,0,0,"- ","- ",35.354529999999997,-119.0574,KERN,BAKERSFIELD,-119.05770009,35.354160039999996
8109009,2016,2016-08-23,1502,2016-08-04,1158,P65,,4,5,6,1502,0,0,0,,0,,"COFFEE RD","JET WY",355.00,S,N,A,-,N,,,,,,,,,,Y,4,0,3,2,A,-,03,22350,,N,C,C,A,A,D,-,A,D,0,,,,,Y,,A,01,0,0,3,0,0,0,0,0,0,"- ","- ",35.380360000000003,-119.09246,KERN,BAKERSFIELD,-119.09256104000001,35.379571050000003
8109013,2016,2016-08-23,1502,2016-08-02,2053,1271,,2,5,6,1502,0,0,0,,0,HILL,"MOUNT VERNON AV","FLOWER ST",135.00,N,N,A,-,N,,,,,,,,,,N,4,0,2,4,A,-,03,22350,,F,C,C,A,A,H,-,C,D,0,,,,,Y,,-,99,0,0,2,0,0,0,0,0,0,"- ","- ",35.38109,-118.96747999999999,KERN,BAKERSFIELD,-118.96753403,35.381340379999997
8109017,2016,2016-08-23,1502,2016-08-06,2315,1177,,6,5,6,1502,0,0,0,,0,VALLEY,"H ST","MING AV",0.00,,Y,A,-,N,,,,,,,,,,Y,4,0,1,3,A,-,12,21453,A,F,D,C,A,A,H,-,C,A,0,,,,,Y,,A,01,0,0,1,0,0,0,0,0,0,"- ","- ",35.339449999999999,-119.02114,KERN,BAKERSFIELD,-119.02131009,35.339440029999999
8109021,2016,2016-10-20,1502,2016-08-07,0314,1177,,7,5,6,1502,0,0,0,,0,METRO,"24TH ST","L ST",0.00,,Y,A,-,N,,,,,,,,,,Y,3,0,3,2,A,-,01,23153,A,F,D,C,A,A,H,-,C,A,0,,,,,Y,Y,A,07,0,2,1,0,0,0,0,0,0,"- ","- ",35.381129999999999,-119.01582999999999,KERN,BAKERSFIELD,-119.01640009,35.381190089999997
81090341,2019,2019-10-04,1502,2019-09-17,2122,1177,,2,5,6,1502,0,0,0,,0,Valley,"TAFT HWY","CHEVALIER RD",1100.00,W,N,A,-,Y,,,,,,,,,,Y,4,0,1,2,A,-,06,21750,,N,B,C,A,A,H,-,D,D,0,,,,,Y,,D,22,0,0,1,0,0,0,0,0,0,"- ","- ",35.266761779785156,-119.01277923583984,KERN,BAKERSFIELD,-119.01561737060547,35.266826629638672
81090344,2019,2019-10-04,1502,2019-09-29,2324,1153,,7,5,6,1502,0,0,0,,0,Valley,"HUGHES LN","WHITE LN",1027.00,S,N,A,-,N,,,,,,,,,,N,4,0,1,2,A,-,01,23152,A,M,G,B,F,A,H,-,C,D,0,Y,,,,Y,Y,A,07,0,0,1,0,1,0,0,0,0,"- ","- ",35.3177490234375,-119.03029632568359,KERN,BAKERSFIELD,-119.03007507324219,35.314910888671875
81090346,2019,2019-10-04,1502,2019-10-01,1559,P75,,2,5,6,1502,0,0,0,,0,Centra,"CALIFORNIA AV","MARELLA WY",782.00,W,N,A,-,N,,,,,,,,,,Y,4,0,1,2,A,-,09,21804,A,N,B,C,A,A,H,-,A,D,0,,,,,Y,,A,07,0,0,1,0,0,0,0,0,0,"- ","- ",35.363731384277344,-119.05647277832031,KERN,BAKERSFIELD,-119.05903625488281,35.362503051757812
81090347,2019,2019-10-04,1502,2019-10-01,1929,1177,,2,5,6,1502,0,0,0,,0,Metro,"BAKER ST","SUMNER ST",0.00,,Y,A,-,N,,,,,,,,,,Y,3,0,2,2,A,-,17,21451,A,N,D,D,A,A,H,-,C,A,0,,,Y,,Y,,A,01,0,1,1,0,0,0,0,0,1,"- ","- ",35.377250671386719,-118.99297332763672,KERN,BAKERSFIELD,-118.99288177490234,35.376911163330078
81090348,2019,2019-10-04,1502,2019-10-01,1936,1144,,2,5,6,1502,0,0,0,,0,Valley,"PANAMA LN","UNION AV",37.00,W,N,A,-,N,,,,,,,,,,Y,4,0,1,3,A,-,03,22350,,N,C,C,A,A,H,-,C,A,0,,,,,Y,,A,01,0,0,1,0,0,0,0,0,0,"- ","- ",35.294990539550781,-119.00446319580078,KERN,BAKERSFIELD,-119.00327301025391,35.295890808105469