CASE_ID,ACCIDENT_YEAR,PROC_DATE,JURIS,COLLISION_DATE,COLLISION_TIME,OFFICER_ID,REPORTING_DISTRICT,DAY_OF_WEEK,CHP_SHIFT,POPULATION,CNTY_CITY_LOC,SPECIAL_COND,BEAT_TYPE,CHP_BEAT_TYPE,CITY_DIVISION_LAPD,CHP_BEAT_CLASS,BEAT_NUMBER,PRIMARY_RD,SECONDARY_RD,DISTANCE,DIRECTION,INTERSECTION,WEATHER_1,WEATHER_2,STATE_HWY_IND,CALTRANS_COUNTY,CALTRANS_DISTRICT,STATE_ROUTE,ROUTE_SUFFIX,POSTMILE_PREFIX,POSTMILE,LOCATION_TYPE,RAMP_INTERSECTION,SIDE_OF_HWY,TOW_AWAY,COLLISION_SEVERITY,NUMBER_KILLED,NUMBER_INJURED,PARTY_COUNT,PRIMARY_COLL_FACTOR,PCF_CODE_OF_VIOL,PCF_VIOL_CATEGORY,PCF_VIOLATION,PCF_VIOL_SUBSECTION,HIT_AND_RUN,TYPE_OF_COLLISION,MVIW,PED_ACTION,ROAD_SURFACE,ROAD_COND_1,ROAD_COND_2,LIGHTING,CONTROL_DEVICE,CHP_ROAD_TYPE,PEDESTRIAN_ACCIDENT,BICYCLE_ACCIDENT,MOTORCYCLE_ACCIDENT,TRUCK_ACCIDENT,NOT_PRIVATE_PROPERTY,ALCOHOL_INVOLVED,STWD_VEHTYPE_AT_FAULT,CHP_VEHTYPE_AT_FAULT,COUNT_SEVERE_INJ,COUNT_VISIBLE_INJ,COUNT_COMPLAINT_PAIN,COUNT_PED_KILLED,COUNT_PED_INJURED,COUNT_BICYCLIST_KILLED,COUNT_BICYCLIST_INJURED,COUNT_MC_KILLED,COUNT_MC_INJURED,PRIMARY_RAMP,SECONDARY_RAMP,LATITUDE,LONGITUDE,COUNTY,CITY,POINT_X,POINT_Y
81100179,2019,2019-10-18,1502,2019-10-16,1625,1258,,3,5,6,1502,0,0,0,,0,Metro,"BRUNDAGE LN","BERNETA AV",0.00,,Y,A,-,Y,,,,,,,,,,Y,4,0,2,2,A,-,08,22107,,N,D,C,A,A,H,-,A,A,0,,,,,Y,,A,01,0,0,2,0,0,0,0,0,0,"- ","- ",35.353801727294922,-119.00830841064453,KERN,BAKERSFIELD,-119.00852966308594,35.353919982910156
81101000,2019,2019-10-21,1502,2019-10-17,2320,1265,,4,5,6,1502,0,0,0,,0,Metro,"KING ST","WILKINS ST",160.00,S,N,A,-,N,,,,,,,,,,Y,4,0,1,2,A,-,01,23152,A,N,A,E,A,A,H,-,C,D,0,,,,,Y,Y,A,01,0,0,1,0,0,0,0,0,0,"- ","- ",35.355510711669922,-118.99388122558594,KERN,BAKERSFIELD,-118.99413299560547,35.355289459228516
81101002,2019,2019-10-21,1502,2019-10-18,1047,1291,,5,5,6,1502,0,0,0,,0,Metro,"BAKER ST","KENTUCKY ST",118.00,S,N,A,-,N,,,,,,,,,,N,4,0,2,2,A,-,03,22350,,M,C,C,A,A,H,-,A,A,0,,,,,Y,,-,99,0,0,2,0,0,0,0,0,0,"- ","- ",35.379199981689453,-118.99224853515625,KERN,BAKERSFIELD,-118.99227905273438,35.378528594970703
81101115,2019,2019-10-21,1502,2019-10-13,2307,1265,,7,5,6,1502,0,0,0,,0,Valley,"MONITOR ST","PARNELL CT",45.00,N,N,A,-,N,,,,,,,,,,Y,4,0,5,3,A,-,08,22107,,N,D,C,A,A,H,-,C,D,0,,,,,Y,,A,01,0,0,5,0,0,0,0,0,0,"- ","- ",35.290878295898438,-119.012451171875,KERN,BAKERSFIELD,-119.01188659667969,35.291065216064453
81101116,2019,2019-10-21,1502,2019-10-18,1355,P45,,5,5,6,1502,0,0,0,,0,Metro,"DR MARTIN LUTHER KING JR BL","BROWN ST",186.00,N,N,A,-,N,,,,,,,,,,N,3,0,1,2,A,-,08,22103,,N,D,C,A,A,H,-,A,D,0,,,Y,,Y,,A,01,0,1,0,0,0,0,0,0,1,"- ","- ",35.356540679931641,-118.98583221435547,KERN,BAKERSFIELD,-118.98525238037109,35.358089447021484
81101118,2019,2019-10-21,1502,2019-10-18,2046,1322,,5,5,6,1502,0,0,0,,0,North,"SANTA FE WY","REINA RD",6.00,N,N,A,-,N,,,,,,,,,,Y,4,0,1,2,A,-,01,23152,A,N,C,C,A,A,H,-,C,A,0,,,,,Y,Y,A,01,0,0,1,0,0,0,0,0,0,"- ","- ",35.412979125976562,-119.16339111328125,KERN,BAKERSFIELD,-119.16357421875,35.412471771240234
81101124,2019,2019-10-21,1502,2019-10-19,1306,1213,,6,5,6,1502,0,0,0,,0,North,"HAGEMAN RD","RIVERLAKES DR",1139.00,W,N,A,-,N,,,,,,,,,,Y,3,0,2,2,A,-,03,22350,,N,C,C,A,A,H,-,A,D,0,,,,,Y,,A,07,0,1,1,0,0,0,0,0,0,"- ","- ",35.4002685546875,-119.09723663330078,KERN,BAKERSFIELD,-119.10062408447266,35.398891448974609
81102357,2019,2019-10-22,1502,2019-10-20,1423,1181,,7,5,6,1502,0,0,0,,0,Metro,"4TH ST","UNION AV",0.00,,Y,A,-,Y,,,,,,,,,,N,4,0,2,2,A,-,12,21453,A,M,D,C,A,A,H,-,A,A,0,,,,,Y,,A,01,0,0,2,0,0,0,0,0,0,"- ","- ",35.360591888427734,-119.00264739990234,KERN,BAKERSFIELD,-119.00306701660156,35.360748291015625
81102359,2019,2019-10-22,1502,2019-10-20,1630,P63,,7,5,6,1502,0,0,0,,0,Valley,"WILSON RD","HUGHES LN",30.00,W,N,A,-,N,,,,,,,,,,N,4,0,2,2,A,-,01,23152,G,M,C,C,A,A,H,-,A,D,0,,,,,Y,Y,A,01,0,0,2,0,0,0,0,0,0,"- ","- ",35.332279205322266,-119.03012084960938,KERN,BAKERSFIELD,-119.03017425537109,35.332199096679688
81103391,2019,2019-10-23,1502,2019-10-20,1550,1177,,7,5,6,1502,0,0,0,,0,Hill,"BEALE AV","FLOWER ST",0.00,,Y,A,-,N,,,,,,,,,,Y,4,0,1,2,A,-,12,21453,A,N,D,D,A,A,H,-,A,A,0,,,,,Y,,A,01,0,0,1,0,0,0,0,0,0,"- ","- ",35.385791778564453,-118.98641204833984,KERN,BAKERSFIELD,-118.98650360107422,35.385501861572266
81103393,2019,2019-10-23,1502,2019-10-20,2054,1153,,7,5,6,1502,0,0,0,,0,Centra,"GOSFORD RD","MING AV",51.00,S,N,A,-,N,,,,,,,,,,Y,3,0,2,3,A,-,01,23152,A,F,C,C,A,A,H,-,C,A,0,,,,,Y,Y,A,01,0,1,1,0,0,0,0,0,0,"- ","- ",35.339900970458984,-119.0919189453125,KERN,BAKERSFIELD,-119.09233093261719,35.339691162109375
81103395,2019,2019-10-23,1502,2019-10-21,1010,1326,,1,5,6,1502,0,0,0,,0,South,"STINE RD","FOUNTAIN VIEW WY",13.00,E,N,A,-,N,,,,,,,,,,Y,3,0,4,4,A,-,12,22450,A,N,D,C,A,A,H,-,A,A,0,,,,,Y,,A,01,0,1,3,0,0,0,0,0,0,"- ","- ",35.305950164794922,-119.05684661865234,KERN,BAKERSFIELD,-119.05668640136719,35.30609130859375
81103398,2019,2019-10-23,1502,2019-10-21,1430,1195,,1,5,6,1502,0,0,0,,0,Centra,"HALF MOON DR","ASTORIA WY",0.00,,Y,A,-,N,,,,,,,,,,Y,4,0,1,2,A,-,09,21801,A,N,D,C,A,A,H,-,A,A,0,,,,,Y,,A,01,0,0,1,0,0,0,0,0,0,"- ","- ",35.321830749511719,-119.07614898681641,KERN,BAKERSFIELD,-119.07618713378906,35.321781158447266
81103399,2019,2019-10-23,1502,2019-10-21,1755,P45,,1,5,6,1502,0,0,0,,0,Valley,"WHITE LN","MONITOR ST",0.00,,Y,A,-,N,,,,,,,,,,N,4,0,1,2,A,-,01,23152,A,N,D,C,A,A,H,-,C,A,0,,,,,Y,Y,A,01,0,0,1,0,0,0,0,0,0,"- ","- ",35.317588806152344,-119.01210784912109,KERN,BAKERSFIELD,-119.01187896728516,35.317741394042969
81103400,2019,2019-10-23,1502,2019-10-21,2128,1188,,1,5,6,1502,0,0,0,,0,South,"ASHE RD","MC CUTCHEN RD",63.00,N,N,A,-,N,,,,,,,,,,N,2,0,1,2,A,-,03,22350,,N,C,C,A,A,H,-,D,A,0,,,,,Y,,A,07,1,0,0,0,0,0,0,0,0,"- ","- ",35.281589508056641,-119.07491302490234,KERN,BAKERSFIELD,-119.07440948486328,35.281673431396484
81104548,2019,2019-10-24,1502,2019-10-23,1208,1185,,3,5,6,1502,0,0,0,,0,Metro,"23RD ST","M ST",0.00,,Y,A,-,Y,,,,,,,,,,Y,4,0,1,2,A,-,08,22100,B,N,D,C,A,A,D,-,A,A,0,,,,,Y,,D,22,0,0,1,0,0,0,0,0,0,"- ","- ",35.379970550537109,-119.01468658447266,KERN,BAKERSFIELD,-119.01524353027344,35.380039215087891
81106431,2019,2019-10-25,1502,2019-10-09,0600,784,,3,5,6,1502,0,0,0,,0,Metro,"TRUXTUN AV","CHESTER AV",0.00,,Y,A,-,N,,,,,,,,,,N,4,0,1,2,A,-,09,21453,C,N,D,D,A,A,H,-,C,A,0,,,,,Y,,A,07,0,0,1,0,0,0,0,0,0,"- ","- ",35.373310089111328,-119.01834869384766,KERN,BAKERSFIELD,-119.01889801025391,35.373271942138672
81106432,2019,2019-10-25,1502,2019-10-18,2346,1265,,5,5,6,1502,0,0,0,,0,South,"ASHE RD","WOODMERE DR",50.00,N,N,A,-,N,,,,,,,,,,Y,3,0,3,1,A,-,08,22107,,N,E,I,A,A,H,-,C,A,0,,,,,Y,,D,22,0,1,2,0,0,0,0,0,0,"- ","- ",35.308250427246094,-119.07566070556641,KERN,BAKERSFIELD,-119.07453155517578,35.308708190917969
81106433,2019,2019-10-25,1502,2019-10-19,1150,1258,,6,5,6,1502,0,0,0,,0,North,"ROSEDALE HWY","COFFEE RD",0.00,,Y,A,-,Y,,,,,,,,,,Y,4,0,2,3,A,-,12,21453,A,N,D,C,A,A,H,-,A,A,0,,,,,Y,,D,22,0,0,2,0,0,0,0,0,0,"- ","- ",35.383258819580078,-119.09237670898438,KERN,BAKERSFIELD,-119.09227752685547,35.383510589599609
81106435,2019,2019-10-25,1502,2019-10-23,1302,1186,,3,5,6,1502,0,0,0,,0,South,"POPPYSEED ST","STINE RD",5.00,E,N,A,-,N,,,,,,,,,,N,4,0,1,2,A,-,05,21650,,N,H,G,A,A,H,-,A,A,0,,Y,,,Y,,L,04,0,0,1,0,0,0,1,0,0,"- ","- ",35.290969848632812,-119.05703735351562,KERN,BAKERSFIELD,-119.05667114257812,35.291099548339844
81107207,2019,2019-10-28,1502,2019-10-10,1905,1293,,4,5,6,1502,0,0,0,,0,Valley,"LARSON LN","WILSON RD",273.00,S,N,A,-,N,,,,,,,,,,Y,3,0,2,3,A,-,05,21651,A,N,A,C,A,A,H,-,C,D,0,,,,,Y,,A,01,0,2,0,0,0,0,0,0,0,"- ","- ",35.332351684570312,-119.03820037841797,KERN,BAKERSFIELD,-119.03840637207031,35.331497192382812
81107209,2019,2019-10-28,1502,2019-10-17,1949,1293,,4,5,6,1502,0,0,0,,0,Valley,"HOSKING AV","ARKWOOD ST",103.00,W,N,A,-,N,,,,,,,,,,Y,3,0,3,2,A,-,12,21453,A,N,D,C,A,A,H,-,C,A,0,,,,,Y,,A,01,0,1,2,0,0,0,0,0,0,"- ","- ",35.28125,-119.00810241699219,KERN,BAKERSFIELD,-119.00777435302734,35.281360626220703
81107211,2019,2019-10-28,1502,2019-10-22,0821,P17,,2,5,6,1502,0,0,0,,0,Metro,"UNION AV","EUREKA ST",23.00,N,N,A,-,Y,,,204,,,,,,,N,3,0,1,2,A,-,11,21956,A,N,G,B,D,A,H,-,A,A,0,Y,,,,Y,,N,60,0,1,0,0,1,0,0,0,0,"- ","- ",35.375011444091797,-119.00302886962891,KERN,BAKERSFIELD,-119.00291442871094,35.375007629394531
81107212,2019,2019-10-28,1502,2019-10-23,0631,P45,,3,5,6,1502,0,0,0,,0,Metro,"H ST","TRUXTUN AV",0.00,,Y,A,-,N,,,,,,,,,,N,4,0,1,2,A,-,12,21453,A,M,D,C,A,A,H,-,C,A,0,,,,,Y,,D,22,0,0,1,0,0,0,0,0,0,"- ","- ",35.373340606689453,-119.02072906494141,KERN,BAKERSFIELD,-119.02120208740234,35.373409271240234
81107213,2019,2019-10-28,1502,2019-10-23,0810,P45,,3,5,6,1502,0,0,0,,0,Centra,"MARELLA WY","FALLBROOK ST",257.00,E,N,A,-,N,,,,,,,,,,N,3,0,2,2,A,-,08,22107,,M,C,C,A,A,H,-,A,D,0,,,,,Y,,A,01,0,1,1,0,0,0,0,0,0,"- ","- ",35.361419677734375,-119.05204772949219,KERN,BAKERSFIELD,-119.05154418945312,35.360919952392578
81107214,2019,2019-10-28,1502,2019-10-24,1052,1186,,4,5,6,1502,0,0,0,,0,Metro,"BEALE AV","NILES ST",0.00,,Y,A,-,N,,,,,,,,,,Y,3,0,1,2,A,-,12,21453,A,N,D,C,A,A,H,-,A,A,0,,,Y,,Y,,C,02,0,1,0,0,0,0,0,0,1,"- ","- ",35.381580352783203,-118.98798370361328,KERN,BAKERSFIELD,-118.98800659179688,35.381301879882812
81107307,2019,2019-10-28,1502,2019-10-24,1821,1322,,4,5,6,1502,0,0,0,,0,South,"HARRIS RD","GOSFORD RD",746.00,W,N,A,-,N,,,,,,,,,,Y,4,0,2,2,A,-,09,21804,A,N,D,C,A,A,H,-,A,D,0,,,,,Y,,A,01,0,0,2,0,0,0,0,0,0,"- ","- ",35.303569793701172,-119.09236145019531,KERN,BAKERSFIELD,-119.09473419189453,35.30340576171875
81107310,2019,2019-10-28,1502,2019-10-25,0940,1008,,5,5,6,1502,0,0,0,,0,Centra,"GOSFORD RD","WHITE LN",0.00,,Y,A,-,N,,,,,,,,,,N,3,0,1,2,A,-,12,21453,A,N,D,C,A,A,H,-,A,A,0,,,,,Y,,D,22,0,1,0,0,0,0,0,0,0,"- ","- ",35.318088531494141,-119.09323883056641,KERN,BAKERSFIELD,-119.09229278564453,35.318340301513672
81107311,2019,2019-10-28,1502,2019-10-25,1409,1322,,5,5,6,1502,0,0,0,,0,Centra,"WILSON RD","WHITE LN",53.00,N,N,A,-,N,,,,,,,,,,Y,4,0,2,3,A,-,03,22350,,F,D,C,A,A,H,-,A,A,0,,,,,Y,,A,01,0,0,2,0,0,0,0,0,0,"- ","- ",35.318130493164062,-119.069091796875,KERN,BAKERSFIELD,-119.06909942626953,35.318386077880859
81107315,2019,2019-10-28,1502,2019-10-25,1740,1293,,5,5,6,1502,0,0,0,,0,Metro,"CALIFORNIA AV","N ST",7.00,W,N,A,-,N,,,,,,,,,,Y,4,0,1,2,A,-,12,21453,A,N,D,C,A,A,H,-,A,A,0,,,,,Y,,A,01,0,0,1,0,0,0,0,0,0,"- ","- ",35.368408203125,-119.01373291015625,KERN,BAKERSFIELD,-119.01417541503906,35.368549346923828
81107456,2019,2019-10-28,1502,2019-10-23,1125,1181,,3,5,6,1502,0,0,0,,0,South,"DISTRICT BL","RIDE ST",60.00,W,N,A,-,N,,,,,,,,,,Y,3,0,2,2,A,-,09,21801,A,N,D,C,A,A,H,-,A,D,0,,,,,Y,,A,07,0,2,0,0,0,0,0,0,0,"- ","- ",35.313308715820312,-119.09027099609375,KERN,BAKERSFIELD,-119.09039306640625,35.313159942626953
81108440,2019,2019-10-29,1502,2019-10-22,1402,1062,,2,5,6,1502,0,0,0,,0,Hill,"MORNING DR","COLLEGE AV",0.00,,Y,A,-,N,,,,,,,,,,Y,3,0,4,2,A,-,09,21801,A,N,D,C,A,A,H,-,A,A,0,,,,,Y,,A,07,0,1,3,0,0,0,0,0,0,"- ","- ",35.381889343261719,-118.91443634033203,KERN,BAKERSFIELD,-118.91425323486328,35.383430480957031
81108443,2019,2019-10-29,1502,2019-10-26,1905,1293,,6,5,6,1502,0,0,0,,0,Centra,"COFFEE RD","STOCKDALE HWY",340.00,N,N,A,-,N,,,,,,,,,,Y,4,0,1,2,A,-,09,21804,A,N,D,C,A,A,H,-,A,A,0,,,,,Y,,A,07,0,0,1,0,0,0,0,0,0,"- ","- ",35.354541778564453,-119.09178161621094,KERN,BAKERSFIELD,-119.09237670898438,35.355392456054688
81108447,2019,2019-10-29,1502,2019-10-27,1406,1181,,7,5,6,1502,0,0,0,,0,Metro,"PACIFIC ST","BEALE AV",0.00,,Y,A,-,N,,,,,,,,,,Y,4,0,1,2,A,-,01,23152,A,N,D,C,A,A,H,-,A,A,0,,,,,Y,Y,A,07,0,0,1,0,0,0,0,0,0,"- ","- ",35.382339477539062,-118.98741149902344,KERN,BAKERSFIELD,-118.98725891113281,35.383399963378906
81109434,2019,2019-10-30,1502,2019-10-27,1808,1177,,7,5,6,1502,0,0,0,,0,Centra,"ASHE RD","HALF MOON DR (N)",0.00,,Y,A,-,N,,,,,,,,,,N,3,0,1,2,A,-,08,22107,,N,D,C,A,A,H,-,B,A,0,,,Y,,Y,,A,01,0,1,0,0,0,0,0,0,1,"- ","- ",35.330169677734375,-119.07433319091797,KERN,BAKERSFIELD,-119.07450103759766,35.330158233642578
81109435,2019,2019-10-30,1502,2019-10-28,1308,P63,,1,5,6,1502,0,0,0,,0,Hill,"34TH ST","UNION AV",137.00,W,N,A,-,Y,,,,,,,,,,Y,4,0,1,3,A,-,03,22350,,N,C,C,A,A,H,-,A,D,0,,,,,Y,,A,01,0,0,1,0,0,0,0,0,0,"- ","- ",35.390769958496094,-119.00279998779297,KERN,BAKERSFIELD,-119.00343322753906,35.390449523925781
81110346,2019,2019-10-31,1502,2019-10-21,0807,1062,,1,5,6,1502,0,0,0,,0,Hill,"MOUNT VERNON AV","CHRISTMAS TREE LN",348.00,N,N,A,-,N,,,,,,,,,,Y,3,0,1,3,A,-,08,22107,,N,D,C,A,A,H,-,A,D,0,,,,,Y,,A,01,0,1,0,0,0,0,0,0,0,"- ","- ",35.406341552734375,-118.96746826171875,KERN,BAKERSFIELD,-118.96753692626953,35.408493041992188
81110347,2019,2019-10-31,1502,2019-10-26,1110,1213,,6,5,6,1502,0,0,0,,0,Hill,"COLUMBUS ST","Q ST",0.00,,Y,A,-,N,,,,,,,,,,Y,4,0,1,2,A,-,12,21453,A,N,D,C,A,A,H,-,A,A,0,,,,,Y,,A,01,0,0,1,0,0,0,0,0,0,"- ","- ",35.398590087890625,-119.01035308837891,KERN,BAKERSFIELD,-119.010498046875,35.398109436035156
81110348,2019,2019-10-31,1502,2019-10-27,1901,P75,,7,5,6,1502,0,0,0,,0,South,"MING AV","OLD RIVER RD",0.00,,Y,A,-,N,,,,,,,,,,N,4,0,1,2,A,-,03,22350,,M,C,C,A,A,H,-,C,A,0,,,,,Y,,-,99,0,0,1,0,0,0,0,0,0,"- ","- ",35.303451538085938,-119.11119079589844,KERN,BAKERSFIELD,-119.11441040039062,35.339698791503906
81110350,2019,2019-10-31,1502,2019-10-28,0017,1188,,1,5,6,1502,0,0,0,,0,Metro,"E 18TH ST","MILLER ST",128.00,W,N,A,-,N,,,,,,,,,,N,3,0,1,3,A,-,01,23152,A,N,H,E,A,A,H,-,D,D,0,,,,,Y,Y,A,07,0,1,0,0,0,0,0,0,0,"- ","- ",35.370460510253906,-118.98512268066406,KERN,BAKERSFIELD,-118.98513031005859,35.371620178222656
81110356,2019,2019-10-31,1502,2019-10-29,1722,1144,,2,5,6,1502,0,0,0,,0,Hill,"HEIGHT ST","SUNNY LN",104.00,E,N,A,-,N,,,,,,,,,,N,3,0,1,2,A,-,11,21955,,N,G,B,E,A,H,-,B,D,0,Y,,,,Y,,N,60,0,1,0,0,1,0,0,0,0,"- ","- ",35.392719268798828,-118.97199249267578,KERN,BAKERSFIELD,-118.97156524658203,35.393878936767578
81110357,2019,2019-10-31,1502,2019-10-29,1729,P75,,2,5,6,1502,0,0,0,,0,Valley,"CHESTER AV","BRINK DR",0.00,,Y,A,-,N,,,,,,,,,,Y,3,0,2,2,A,-,09,21801,A,N,D,C,A,A,H,-,B,D,0,,,,,Y,,A,07,0,1,1,0,0,0,0,0,0,"- ","- ",35.350959777832031,-119.01873779296875,KERN,BAKERSFIELD,-119.0189208984375,35.350948333740234
81110359,2019,2019-10-31,1502,2019-10-29,2140,1188,,2,5,6,1502,0,0,0,,0,,"CALIFORNIA AV","HALEY ST",90.00,E,N,A,-,N,,,,,,,,,,N,3,0,1,2,A,-,11,21954,A,N,G,B,D,A,H,-,C,D,0,Y,,,,Y,,N,60,0,1,0,0,1,0,0,0,0,"- ","- ",35.368759155273438,-118.98432922363281,KERN,BAKERSFIELD,-118.98377990722656,35.368579864501953
81110361,2019,2019-10-31,1502,2019-10-30,0903,1185,,3,5,6,1502,0,0,0,,0,North,"SEVENTH STANDARD RD","ZERKER RD",2859.00,E,N,F,G,N,,,,,,,,,,Y,4,0,2,3,A,-,03,22350,,N,C,C,A,A,H,-,A,D,0,,,,,Y,,A,01,0,0,2,0,0,0,0,0,0,"- ","- ",35.442008972167969,-119.15367126464844,KERN,BAKERSFIELD,-119.144775390625,35.441673278808594
81110362,2019,2019-10-31,1502,2019-10-30,1951,1177,,3,5,6,1502,0,0,0,,0,,"MC CUTCHEN RD","DAZZLE LN",170.00,W,N,A,-,N,,,,,,,,,,Y,3,0,1,1,A,-,08,22107,,N,E,I,A,A,H,-,C,D,0,,,,,Y,,A,01,0,1,0,0,0,0,0,0,0,"- ","- ",35.281379699707031,-119.06063842773438,KERN,BAKERSFIELD,-119.06072998046875,35.281482696533203
81111138,2019,2019-11-15,1502,2019-10-16,0022,1153,,3,5,6,1502,0,0,0,,0,South,"WIBLE RD","MOTOR CENTER DR",0.00,,Y,A,-,N,,,,,,,,,,N,2,0,1,2,A,-,03,22350,,N,F,A,A,A,H,-,C,D,0,,,Y,Y,Y,,C,02,1,0,0,0,0,0,0,0,1,"- ","- ",35.306610107421875,-119.04019927978516,KERN,BAKERSFIELD,-119.03903961181641,35.307231903076172
81111142,2019,2019-11-01,1502,2019-10-30,1325,1048,,3,5,6,1502,0,0,0,,0,Hill,"BUCK OWENS BL","BRITTAN RD",1.00,S,N,A,-,N,,,,,,,,,,Y,4,0,1,2,A,-,01,23152,A,N,A,D,A,A,H,-,A,D,0,,,,,Y,Y,A,01,0,0,1,0,0,0,0,0,0,"- ","- ",35.395320892333984,-119.04324340820312,KERN,BAKERSFIELD,-119.04316711425781,35.395896911621094
81111144,2019,2019-11-01,1502,2019-10-31,0952,1213,,4,5,6,1502,0,0,0,,0,Metro,"TRUXTUN AV","H ST",0.00,,Y,A,-,N,,,,,,,,,,Y,3,0,3,2,A,-,12,21453,A,N,A,C,A,A,H,-,A,A,0,,,,,Y,,A,01,0,2,1,0,0,0,0,0,0,"- ","- ",35.373340606689453,-119.02072906494141,KERN,BAKERSFIELD,-119.02120208740234,35.373409271240234
81111917,2019,2019-11-04,1502,2019-11-01,0943,1291,,5,5,6,1502,0,0,0,,0,Valley,"COTTONWOOD RD","PLANZ RD",25.00,S,N,A,-,N,,,,,,,,,,Y,4,0,2,2,A,-,03,22350,,N,C,C,A,A,H,-,A,A,0,,,,,Y,,D,22,0,0,2,0,0,0,0,0,0,"- ","- ",35.323898315429688,-118.98645782470703,KERN,BAKERSFIELD,-118.98543548583984,35.324859619140625
81112059,2019,2019-11-04,1502,2019-11-01,1310,P82,,5,5,6,1502,0,0,0,,0,Hill,"BAKER ST","NILES ST",0.00,,Y,A,-,N,,,,,,,,,,Y,3,0,2,2,A,-,12,21453,A,N,D,C,A,A,H,-,A,A,0,,,,,Y,,A,01,0,1,1,0,0,0,0,0,0,"- ","- ",35.381008148193359,-118.99130249023438,KERN,BAKERSFIELD,-118.99102020263672,35.382011413574219
81112060,2019,2019-11-04,1502,2019-11-01,1335,1291,,5,5,6,1502,0,0,0,,0,Centra,"STINE RD","ARDMORE AV",203.00,N,N,A,-,N,,,,,,,,,,Y,4,0,2,3,A,-,03,22350,,N,C,C,A,A,H,-,A,D,0,,,,,Y,,A,01,0,0,2,0,0,0,0,0,0,"- ","- ",35.337959289550781,-119.05177307128906,KERN,BAKERSFIELD,-119.05139923095703,35.338180541992188
81113204,2019,2019-11-05,1502,2019-10-28,1845,1241,,1,5,6,1502,0,0,0,,0,Hill,"FLOWER ST","PALM DR",119.00,E,N,A,-,N,,,,,,,,,,Y,3,0,1,3,A,-,03,22350,,N,C,E,A,A,H,-,C,D,0,,,,,Y,,A,07,0,1,0,0,0,0,0,0,0,"- ","- ",35.381591796875,-118.96949005126953,KERN,BAKERSFIELD,-118.96904754638672,35.381320953369141
81113205,2019,2019-11-05,1502,2019-11-01,1858,1322,,5,5,6,1502,0,0,0,,0,Metro,"BRUNDAGE LN","OLIVE ST",107.00,W,N,A,-,N,,,,,,,,,,Y,4,0,2,4,A,-,03,22350,,F,C,C,A,A,H,-,C,D,0,,,,,Y,,-,99,0,0,2,0,0,0,0,0,0,"- ","- ",35.354259490966797,-119.03697967529297,KERN,BAKERSFIELD,-119.03756713867188,35.354118347167969
81113207,2019,2019-11-05,1502,2019-11-02,1811,1322,,6,5,6,1502,0,0,0,,0,Metro,"CHESTER LN","ELM ST",0.00,,Y,A,-,N,,,,,,,,,,Y,4,0,2,2,A,-,09,21802,A,N,D,C,A,A,H,-,B,A,0,,,Y,,Y,,C,06,0,0,2,0,0,0,0,0,0,"- ","- ",35.365070343017578,-119.03610229492188,KERN,BAKERSFIELD,-119.03646087646484,35.36492919921875
81113210,2019,2019-11-05,1502,2019-11-03,1107,1326,,7,5,6,1502,0,0,0,,0,North,"NORIEGA RD","JEWETTA AV",0.00,,Y,A,-,N,,,,,,,,,,Y,4,0,3,2,A,-,12,21453,A,N,D,C,A,A,H,-,A,A,0,,,,,Y,,A,01,0,0,3,0,0,0,0,0,0,"- ","- ",35.405361175537109,-119.12772369384766,KERN,BAKERSFIELD,-119.12776184082031,35.405170440673828
81114237,2019,2019-11-06,1502,2019-11-04,1306,P63,,1,5,6,1502,0,0,0,,0,North,"ROSEDALE HWY","GIBSON ST",606.00,E,N,A,-,Y,,,,,,,,,,Y,4,0,1,2,A,-,12,21453,A,N,D,C,A,A,H,-,A,A,0,,,,,Y,,-,"- ",0,0,1,0,0,0,0,0,0,"- ","- ",35.382778167724609,-119.05229949951172,KERN,BAKERSFIELD,-119.050048828125,35.383365631103516
81114240,2019,2019-11-06,1502,2019-11-05,1145,P63,,2,5,6,1502,0,0,0,,0,Metro,"CHESTER AV","23RD ST",150.00,S,N,A,-,Y,,,,,,,,,,N,4,0,1,2,A,-,03,22350,,N,C,C,A,A,D,-,A,D,0,,,,,Y,,A,01,0,0,1,0,0,0,0,0,0,"- ","- ",35.380031585693359,-119.01822662353516,KERN,BAKERSFIELD,-119.01885986328125,35.379638671875
81115212,2019,2019-11-07,1502,2019-11-02,1914,1293,,6,5,6,1502,0,0,0,,0,North,"COFFEE RD","STOCKDALE HWY",630.00,N,N,A,-,N,,,,,,,,,,Y,4,0,2,2,A,-,01,23152,A,N,C,C,A,A,H,-,C,A,0,,,,,Y,Y,A,01,0,0,2,0,0,0,0,0,0,"- ","- ",35.354541778564453,-119.09178161621094,KERN,BAKERSFIELD,-119.09236145019531,35.356189727783203
81115213,2019,2019-11-07,1502,2019-11-05,1122,1195,,2,5,6,1502,0,0,0,,0,Valley,"MING AV","H ST",0.00,,Y,A,-,N,,,,,,,,,,Y,4,0,1,2,A,-,12,21453,A,N,D,C,A,A,H,-,A,A,0,,,,,Y,,A,07,0,0,1,0,0,0,0,0,0,"- ","- ",35.338680267333984,-119.02201080322266,KERN,BAKERSFIELD,-119.02130889892578,35.339439392089844