CASE_ID,ACCIDENT_YEAR,PROC_DATE,JURIS,COLLISION_DATE,COLLISION_TIME,OFFICER_ID,REPORTING_DISTRICT,DAY_OF_WEEK,CHP_SHIFT,POPULATION,CNTY_CITY_LOC,SPECIAL_COND,BEAT_TYPE,CHP_BEAT_TYPE,CITY_DIVISION_LAPD,CHP_BEAT_CLASS,BEAT_NUMBER,PRIMARY_RD,SECONDARY_RD,DISTANCE,DIRECTION,INTERSECTION,WEATHER_1,WEATHER_2,STATE_HWY_IND,CALTRANS_COUNTY,CALTRANS_DISTRICT,STATE_ROUTE,ROUTE_SUFFIX,POSTMILE_PREFIX,POSTMILE,LOCATION_TYPE,RAMP_INTERSECTION,SIDE_OF_HWY,TOW_AWAY,COLLISION_SEVERITY,NUMBER_KILLED,NUMBER_INJURED,PARTY_COUNT,PRIMARY_COLL_FACTOR,PCF_CODE_OF_VIOL,PCF_VIOL_CATEGORY,PCF_VIOLATION,PCF_VIOL_SUBSECTION,HIT_AND_RUN,TYPE_OF_COLLISION,MVIW,PED_ACTION,ROAD_SURFACE,ROAD_COND_1,ROAD_COND_2,LIGHTING,CONTROL_DEVICE,CHP_ROAD_TYPE,PEDESTRIAN_ACCIDENT,BICYCLE_ACCIDENT,MOTORCYCLE_ACCIDENT,TRUCK_ACCIDENT,NOT_PRIVATE_PROPERTY,ALCOHOL_INVOLVED,STWD_VEHTYPE_AT_FAULT,CHP_VEHTYPE_AT_FAULT,COUNT_SEVERE_INJ,COUNT_VISIBLE_INJ,COUNT_COMPLAINT_PAIN,COUNT_PED_KILLED,COUNT_PED_INJURED,COUNT_BICYCLIST_KILLED,COUNT_BICYCLIST_INJURED,COUNT_MC_KILLED,COUNT_MC_INJURED,PRIMARY_RAMP,SECONDARY_RAMP,LATITUDE,LONGITUDE,COUNTY,CITY,POINT_X,POINT_Y
81205819,2020,2020-03-11,1502,2020-03-09,1219,1149,,1,5,6,1502,0,0,0,,0,Valley,"VIA LUCCA","RUSSELL AV",0.00,,Y,A,-,N,,,,,,,,,,N,4,0,1,2,A,-,09,21802,A,N,D,C,A,A,H,-,A,A,0,,,,,Y,,A,07,0,0,1,0,0,0,0,0,0,"- ","- ",35.300689697265625,-119.01406097412109,KERN,BAKERSFIELD,-119.01361083984375,35.300758361816406
81206648,2020,2020-03-12,1502,2020-03-04,1657,1322,,3,5,6,1502,0,0,0,,0,Hill,"BERNARD ST","NEW MARKET WY",0.00,,Y,-,-,N,,,,,,,,,,Y,3,0,2,2,A,-,12,21453,A,N,D,C,A,A,H,-,A,A,0,,,,,Y,,-,"- ",0,1,1,0,0,0,0,0,0,"- ","- ",35.392139434814453,-118.95738220214844,KERN,BAKERSFIELD,-118.95751953125,35.392131805419922
81206649,2020,2020-03-12,1502,2020-03-09,0756,P75,,1,5,6,1502,0,0,0,,0,Valley,"WHITE LN","FAMBROUGH DR",43.00,E,N,A,-,N,,,,,,,,,,Y,4,0,1,2,A,-,03,22350,,N,C,C,A,A,H,-,A,A,0,,,,,Y,,A,01,0,0,1,0,0,0,0,0,0,"- ","- ",35.317611694335938,-119.01476287841797,KERN,BAKERSFIELD,-119.01439666748047,35.317741394042969
81206650,2020,2020-03-12,1502,2020-03-09,2240,1265,,1,5,6,1502,0,0,0,,0,Hill,"3219 GULF ST","BUCK OWENS BL (N)",825.00,E,N,A,-,N,,,,,,,,,,N,3,0,1,1,C,-,18,,,N,E,I,A,A,H,-,C,D,0,,,Y,,Y,,-,"- ",0,1,0,0,0,0,0,0,1,"- ","- ",35.393630981445312,-119.04325103759766,KERN,BAKERSFIELD,-119.04315948486328,35.394210815429688
81206652,2020,2020-03-12,1502,2020-03-10,1328,P63,,2,5,6,1502,0,0,0,,0,Metro,"23RD ST","CHESTER AV",0.00,,Y,B,-,Y,,,,,,,,,,N,4,0,1,2,A,-,05,21650,1,N,H,G,A,A,H,-,A,A,0,,Y,,,Y,,L,04,0,0,1,0,0,0,1,0,0,"- ","- ",35.380031585693359,-119.01822662353516,KERN,BAKERSFIELD,-119.01885986328125,35.380050659179688
81206653,2020,2020-03-12,1502,2020-03-10,1603,1153,,2,5,6,1502,0,0,0,,0,North,"WESTSIDE PKWY W ON FROM CALLOWAY DR","CALLOWAY DR",318.00,W,N,B,C,N,,,,,,,,,,Y,3,0,1,1,A,-,08,22107,,N,E,I,A,B,H,-,A,D,0,,,,,Y,,A,01,0,1,0,0,0,0,0,0,0,"- ","- ",35.363079071044922,-119.11614990234375,KERN,BAKERSFIELD,-119.11672973632812,35.363193511962891
81207418,2020,2020-03-13,1502,2020-03-04,1721,P82,,3,5,6,1502,0,0,0,,0,Metro,"BEALE AV","MONTEREY ST (1)",1300.00,S,N,A,-,N,,,,,,,,,,Y,4,0,1,2,A,-,03,22350,,N,C,C,A,A,H,-,B,D,0,,,,,Y,,A,01,0,0,1,0,0,0,0,0,0,"- ","- ",35.380481719970703,-118.98819732666016,KERN,BAKERSFIELD,-118.98953247070312,35.377128601074219
81207422,2020,2020-03-13,1502,2020-03-12,1725,P53,,4,5,6,1502,0,0,0,,0,Hill,"JEWETT AV","COLUMBUS ST",0.00,,Y,A,-,N,,,,,,,,,,Y,4,0,1,2,A,-,01,23152,F,N,D,C,A,A,H,-,A,A,0,,,,,Y,,A,01,0,0,1,0,0,0,0,0,0,"- ","- ",35.398628234863281,-119.01412200927734,KERN,BAKERSFIELD,-119.01426696777344,35.398120880126953
8120807,2016,2016-09-15,1511,2016-07-03,2348,53051,1,7,5,2,1511,0,0,0,,0,00A,"CALIFORNIA CITY BL","JAMISON ST",0.00,,Y,A,-,N,,,,,,,,,,Y,3,0,4,1,A,-,08,22107,,N,F,A,A,A,H,-,D,D,0,,,,,Y,,A,01,0,1,3,0,0,0,0,0,0,"- ","- ",35.125799999999998,-117.9859,KERN,"CALIFORNIA CITY",-118.03025011,35.125580120000002
81208153,2020,2020-03-16,1502,2020-01-01,0115,1177,,3,5,6,1502,0,0,0,,0,Centra,"ORIOLE ST","PARKER AV",80.00,S,N,A,-,N,,,,,,,,,,N,1,1,0,2,A,-,11,21954,A,F,G,B,E,A,H,-,D,D,0,Y,,,,Y,,N,60,0,0,0,1,0,0,0,0,0,"- ","- ",35.335418701171875,-119.05135345458984,KERN,BAKERSFIELD,-119.05048370361328,35.335700988769531
81208157,2020,2020-03-16,1502,2020-03-12,1211,P45,,4,5,6,1502,0,0,0,,0,Centra,"STOCKDALE HWY","WILLIAMSON WY",0.00,,Y,B,-,N,,,,,,,,,,Y,4,0,2,2,A,-,09,21801,A,N,D,C,A,A,H,-,A,D,0,,,,,Y,,A,07,0,0,2,0,0,0,0,0,0,"- ","- ",35.3543701171875,-119.04483032226562,KERN,BAKERSFIELD,-119.04503631591797,35.354240417480469
81208158,2020,2020-03-16,1502,2020-03-12,1437,1213,,4,5,6,1502,0,0,0,,0,Centra,"WHITE LN","ASHE RD",45.00,W,N,A,-,N,,,,,,,,,,N,4,0,1,3,A,-,03,22350,,M,-,C,A,A,H,-,A,D,0,,,,,Y,,A,01,0,0,1,0,0,0,0,0,0,"- ","- ",35.318210601806641,-119.074462890625,KERN,BAKERSFIELD,-119.07460784912109,35.318279266357422
81208159,2020,2020-03-16,1502,2020-03-12,1528,P45,,4,5,6,1502,0,0,0,,0,South,"STINE RD","BERKSHIRE RD",0.00,,Y,B,-,N,,,,,,,,,,Y,4,0,2,2,A,-,12,21453,A,N,D,C,A,A,H,-,A,A,0,,,,,Y,,A,07,0,0,2,0,0,0,0,0,0,"- ","- ",35.288581848144531,-119.05706787109375,KERN,BAKERSFIELD,-119.05668640136719,35.288761138916016
81208164,2020,2020-03-16,1502,2020-03-13,1357,1223,,5,5,6,1502,0,0,0,,0,Metro,"18TH ST","N ST",0.00,,Y,A,-,N,,,,,,,,,,Y,4,0,1,2,A,-,09,21802,A,N,D,C,A,A,H,-,A,A,0,,,,,Y,,A,01,0,0,1,0,0,0,0,0,0,"- ","- ",35.375209808349609,-119.01361083984375,KERN,BAKERSFIELD,-119.01410675048828,35.375251770019531
81208264,2020,2020-03-16,1502,2020-03-12,1115,P17,,4,5,6,1502,0,0,0,,0,Centra,"ASHE RD","MING AV",13.00,S,N,A,-,N,,,,,,,,,,N,4,0,1,2,A,-,09,21453,B,M,G,B,B,A,H,-,A,A,0,Y,,,,Y,,-,99,0,0,1,0,1,0,0,0,0,"- ","- ",35.334751129150391,-119.07427215576172,KERN,BAKERSFIELD,-119.07447052001953,35.334785461425781
81208265,2020,2020-03-16,1502,2020-03-12,1549,1213,,4,5,6,1502,0,0,0,,0,Metro,"17TH ST","D ST",0.00,,Y,A,-,N,,,,,,,,,,Y,4,0,2,2,A,-,09,21802,A,N,D,C,A,A,H,-,A,A,0,,,,,Y,,A,01,0,0,2,0,0,0,0,0,0,"- ","- ",35.374401092529297,-119.02536773681641,KERN,BAKERSFIELD,-119.02584838867188,35.374340057373047
81208266,2020,2020-03-16,1502,2020-03-13,1251,P45,,5,5,6,1502,0,0,0,,0,Metro,"UNION AV","8TH ST (S)",0.00,,Y,A,B,Y,,,204,,,,,,,N,4,0,1,2,A,-,12,22450,A,M,D,C,A,A,H,-,A,A,0,,,,,Y,,-,99,0,0,1,0,0,0,0,0,0,"- ","- ",35.363479614257812,-119.00343322753906,KERN,BAKERSFIELD,-119.00296783447266,35.363479614257812
81208270,2020,2020-03-16,1502,2020-03-13,1837,1188,,5,5,6,1502,0,0,0,,0,Hill,"OSWELL ST","COLUMBUS ST",0.00,,Y,A,-,N,,,,,,,,,,N,3,0,1,2,A,-,10,21950,A,N,G,B,B,A,H,-,A,A,0,Y,,,,Y,,A,01,0,1,0,0,1,0,0,0,0,"- ","- ",35.400581359863281,-118.95063781738281,KERN,BAKERSFIELD,-118.95088195800781,35.400611877441406
81208383,2020,2020-03-16,1502,2020-03-12,1534,P92,,4,5,6,1502,0,0,0,,0,Hill,"COLUMBUS ST","HALEY ST",0.00,,Y,A,-,N,,,,,,,,,,Y,4,0,1,2,A,-,12,21453,A,N,D,C,A,A,H,-,A,A,0,,,,,Y,,A,01,0,0,1,0,0,0,0,0,0,"- ","- ",35.396400451660156,-118.97638702392578,KERN,BAKERSFIELD,-118.97634124755859,35.397468566894531
81208384,2020,2020-03-16,1502,2020-03-14,1813,1291,,6,5,6,1502,0,0,0,,0,Valley,"MING AV","99 N ON FR MING RAMP",40.00,E,N,B,-,Y,,,,,,,,,,N,4,0,1,2,A,-,03,22350,,M,C,D,A,A,H,-,A,A,0,,,,,Y,,-,99,0,0,1,0,0,0,0,0,0,"- ","- ",35.339599609375,-119.03704833984375,KERN,BAKERSFIELD,,
8121038,2016,2016-11-04,1507,2016-09-01,1840,255,27,4,5,3,1507,0,0,0,,0,,"EAST LERDO HWY","DRIVER RD",0.00,,Y,A,-,N,,,,,,,,,,Y,3,0,1,2,A,-,12,21453,A,N,D,C,A,A,H,-,A,A,0,,,,Y,Y,,A,01,0,1,0,0,0,0,0,0,0,"- ","- ",35.466949999999997,-119.20676,KERN,SHAFTER,-119.20576998999999,35.499760049999999
81210564,2019,2020-03-18,1502,2019-12-12,1300,1195,,4,5,6,1502,0,0,0,,0,Valley,"MING AV","M ST",133.00,E,N,A,-,N,,,,,,,,,,Y,1,1,1,3,A,-,03,22350,,N,C,C,A,A,H,-,A,D,0,,,Y,,Y,,C,02,0,0,1,0,0,0,0,1,0,"- ","- ",35.339401245117188,-119.01515197753906,KERN,BAKERSFIELD,-119.01474761962891,35.339469909667969
81210565,2020,2020-03-18,1502,2020-02-07,2015,P82,,5,5,6,1502,0,0,0,,0,Hill,"ALFRED HARRELL HWY","OLD ALFRED HARRELL HWY (E)",1008.00,W,N,A,-,Y,,,,,,,,,,Y,3,0,1,1,A,-,08,22107,,N,E,I,A,A,H,-,D,D,0,,,,,Y,,A,01,0,1,0,0,0,0,0,0,0,"- ","- ",35.430431365966797,-118.88774871826172,KERN,BAKERSFIELD,-118.98056793212891,35.409828186035156
81210567,2020,2020-03-18,1502,2020-02-27,1907,P82,,4,5,6,1502,0,0,0,,0,Hill,"GOLDEN STATE AV","M ST",0.00,,Y,A,-,Y,,,204,,,,,,,Y,3,0,1,2,A,-,09,21453,C,N,A,C,A,A,H,-,C,A,0,,,,,Y,,A,01,0,1,0,0,0,0,0,0,0,"- ","- ",35.385330200195312,-119.01522064208984,KERN,BAKERSFIELD,-119.01544952392578,35.384944915771484
81210573,2020,2020-03-18,1502,2020-03-16,1425,P75,,1,5,6,1502,0,0,0,,0,Centra,"GOSFORD RD","STOCKDALE HWY",11.00,S,N,B,C,Y,,,,,,,,,,Y,3,0,1,2,A,-,03,22350,,N,C,C,A,B,H,-,A,A,0,,,Y,,Y,,C,02,0,1,0,0,0,0,0,0,1,"- ","- ",35.354541778564453,-119.09178161621094,KERN,BAKERSFIELD,-119.09237670898438,35.354278564453125
81210575,2020,2020-03-18,1502,2020-03-16,1946,P63,,1,5,6,1502,0,0,0,,0,Centra,"ELLIS AV","ASHE RD",0.00,,Y,B,-,N,,,,,,,,,,Y,2,0,3,2,A,-,01,23152,A,N,D,C,A,B,H,-,C,A,0,,,,,Y,Y,A,01,1,2,0,0,0,0,0,0,0,"- ","- ",35.345638275146484,-119.07357025146484,KERN,BAKERSFIELD,-119.07395172119141,35.345619201660156
81211451,2020,2020-03-19,1502,2020-03-06,0533,1285,,5,5,6,1502,0,0,0,,0,South,"PANAMA LN","CASTLEFORD ST",251.00,E,N,A,-,N,,,,,,,,,,Y,4,0,2,2,A,-,12,21453,A,N,D,C,A,A,H,-,A,A,0,,,,,Y,,-,"- ",0,0,2,0,0,0,0,0,0,"- ","- ",35.295639038085938,-119.042236328125,KERN,BAKERSFIELD,-119.04109191894531,35.295864105224609
81211452,2020,2020-03-19,1502,2020-03-13,0158,1326,,5,5,6,1502,0,0,0,,0,Metro,"UNION AV","CALIFORNIA AV",0.00,,Y,B,-,Y,,,204,,,,,,,Y,4,0,1,3,A,-,01,23152,A,N,D,C,A,B,H,-,C,A,0,,,,,Y,Y,A,07,0,0,1,0,0,0,0,0,0,"- ","- ",35.368278503417969,-119.00253295898438,KERN,BAKERSFIELD,-119.00294494628906,35.368282318115234
81211453,2020,2020-03-19,1502,2020-03-14,1442,1213,,6,5,6,1502,0,0,0,,0,Valley,"COLONY ST","BERKSHIRE RD",1205.00,N,N,B,-,N,,,,,,,,,,Y,3,0,2,1,C,-,18,,,N,E,I,A,A,H,-,A,D,0,,,,,Y,,-,"- ",0,1,1,0,0,0,0,0,0,"- ","- ",35.288658142089844,-119.02675628662109,KERN,BAKERSFIELD,-119.02714538574219,35.291889190673828
81211456,2020,2020-03-19,1502,2020-03-17,2054,1322,,2,5,6,1502,0,0,0,,0,Valley,"MING AV","99 N ON FR MING RAMP",5.00,E,N,A,-,N,,,,,,,,,,Y,4,0,3,2,A,-,08,22107,,N,D,C,A,A,H,-,D,D,0,,,,,Y,,A,01,0,0,3,0,0,0,0,0,0,"- ","- ",35.338840484619141,-119.03791046142578,KERN,BAKERSFIELD,-119.03707122802734,35.339527130126953
8121176,2016,2016-09-23,1507,2016-09-03,1805,229,,6,5,3,1507,0,0,0,,0,,"7TH STANDARD RD","ZERKER RD",49.00,E,N,A,-,N,,,,,,,,,,Y,3,0,1,2,A,-,03,22350,,N,C,C,A,A,H,-,A,A,0,,,,,Y,,A,01,0,1,0,0,0,0,0,0,0,"- ","- ",35.463259999999998,-119.18832999999999,KERN,SHAFTER,-119.15419568999999,35.441690000000001
8121184,2016,2016-09-23,1507,2016-09-11,0522,268,100,7,5,3,1507,0,0,0,,0,,"7TH STANDARD RD","ZERKER RD",1584.00,W,N,A,-,N,,,,,,,,,,N,3,0,1,1,A,-,08,22107,,N,E,I,A,A,H,-,C,D,0,,,,,Y,,A,01,0,1,0,0,0,0,0,0,0,"- ","- ",35.441600000000001,-119.18953,KERN,SHAFTER,-119.15967166,35.44169788
81212497,2020,2020-03-20,1502,2020-03-13,0058,1326,,5,5,6,1502,0,0,0,,0,Hill,"CHESTER AV","GARCES CIRCLE (N)",0.00,,Y,B,-,Y,,,204,,,,,,,Y,4,0,1,1,A,-,08,22107,,N,E,I,A,B,H,-,C,D,0,,,,,Y,,A,01,0,0,1,0,0,0,0,0,0,"- ","- ",35.387340545654297,-119.01809692382812,KERN,BAKERSFIELD,-119.01845550537109,35.386737823486328
81212500,2020,2020-03-20,1502,2020-03-19,1817,1291,,4,5,6,1502,0,0,0,,0,North,"JEWETTA AV","OLIVE DR",0.00,,Y,B,C,N,,,,,,,,,,Y,4,0,2,3,A,-,12,21453,A,N,D,C,A,B,H,-,A,A,0,,,,,Y,,A,01,0,0,2,0,0,0,0,0,0,"- ","- ",35.419868469238281,-119.12747192382812,KERN,BAKERSFIELD,-119.12783050537109,35.419719696044922
81213230,2020,2020-03-23,1502,2020-03-13,2042,P53,,5,5,6,1502,0,0,0,,0,South,"WHITE LN","CERNAN WY",20.00,W,N,A,-,N,,,,,,,,,,N,3,0,1,2,A,-,11,21954,A,N,G,B,D,A,H,-,C,A,0,Y,,,,Y,,N,60,0,1,0,0,1,0,0,0,0,"- ","- ",35.318378448486328,-119.08949279785156,KERN,BAKERSFIELD,-119.08954620361328,35.318321228027344
81213231,2020,2020-03-23,1502,2020-03-19,1437,1223,,4,5,6,1502,0,0,0,,0,Metro,"H ST","17TH ST",0.00,,Y,B,-,N,,,,,,,,,,Y,4,0,3,2,A,-,12,21453,A,N,D,C,A,B,H,-,A,A,0,,,,,Y,,A,01,0,0,3,0,0,0,0,0,0,"- ","- ",35.374340057373047,-119.02071380615234,KERN,BAKERSFIELD,-119.02120208740234,35.37432861328125
81213232,2020,2020-03-23,1502,2020-03-19,2333,1326,,4,5,6,1502,0,0,0,,0,,"COFFEE RD","HAGEMAN RD",0.00,,Y,B,-,N,,,,,,,,,,N,3,0,1,2,A,-,12,21453,A,N,A,C,A,B,H,-,C,A,0,,,,,Y,,A,01,0,1,0,0,0,0,0,0,0,"- ","- ",35.401378631591797,-119.09219360351562,KERN,BAKERSFIELD,-119.09233856201172,35.401641845703125
81213330,2020,2020-03-23,1502,2020-03-18,1418,P82,,3,5,6,1502,0,0,0,,0,Hill,"Q ST","GOLDEN STATE AV",10.00,S,N,A,-,Y,,,204,,,,,,,Y,4,0,1,2,A,-,03,22350,,N,C,C,A,A,H,-,A,A,0,,,,,Y,,A,01,0,0,1,0,0,0,0,0,0,"- ","- ",35.382839202880859,-119.01061248779297,KERN,BAKERSFIELD,-119.01078796386719,35.382438659667969
81213332,2020,2020-03-23,1502,2020-03-21,1144,1185,,6,5,6,1502,0,0,0,,0,South,"WHITE LN","GRISSOM ST",20.00,W,N,A,-,N,,,,,,,,,,Y,4,0,1,3,A,-,08,22107,,M,C,C,A,A,H,-,A,A,0,,,,,Y,,-,99,0,0,1,0,0,0,0,0,0,"- ","- ",35.318019866943359,-119.06141662597656,KERN,BAKERSFIELD,-119.06147766113281,35.318191528320312
81213335,2020,2020-03-23,1502,2020-03-21,1422,P53,,6,5,6,1502,0,0,0,,0,Metro,"BRUNDAGE LN","DIXON AV",42.00,E,N,A,-,N,,,,,,,,,,N,3,0,1,2,A,-,03,22350,,N,H,G,A,A,H,-,A,D,0,,Y,,,Y,,A,01,0,1,0,0,0,0,1,0,0,"- ","- ",35.353431701660156,-119.03286743164062,KERN,BAKERSFIELD,-119.03208923339844,35.354110717773438
81213379,2020,2020-03-23,1502,2020-03-15,0235,1285,,7,5,6,1502,0,0,0,,0,Valley,"H ST","SOUTHGATE DR",95.00,S,N,A,-,N,,,,,,,,,,Y,3,0,1,1,A,-,01,23152,A,N,E,I,A,A,H,-,C,D,0,,,,,Y,Y,A,08,0,1,0,0,0,0,0,0,0,"- ","- ",35.335819244384766,-119.02118682861328,KERN,BAKERSFIELD,-119.02131652832031,35.335540771484375
81214384,2020,2020-03-24,1502,2020-03-22,0820,1186,,7,5,6,1502,0,0,0,,0,Centra,"BUENA VISTA RD","WHITE LN",126.00,N,N,A,-,N,,,,,,,,,,N,4,0,1,2,A,-,03,22350,,M,C,C,A,A,H,-,A,D,0,,,,,Y,,-,99,0,0,1,0,0,0,0,0,0,"- ","- ",35.325729370117188,-119.12787628173828,KERN,BAKERSFIELD,-119.12801361083984,35.325675964355469
81215103,2020,2020-03-25,1502,2020-03-23,1354,1241,,1,5,6,1502,0,0,0,,0,Centra,"MING AV","AKERS RD",131.00,W,N,A,-,N,,,,,,,,,,N,4,0,1,3,A,-,03,22350,,N,C,C,A,A,H,-,A,D,0,,,,,Y,,A,07,0,0,1,0,0,0,0,0,0,"- ","- ",35.339771270751953,-119.04776000976562,KERN,BAKERSFIELD,-119.0482177734375,35.339466094970703
81215940,2020,2020-03-26,1502,2020-03-24,1353,1153,,2,5,6,1502,0,0,0,,0,South,"HARRIS RD","YOUNG ST",556.00,W,N,B,-,N,,,,,,,,,,Y,3,0,1,1,A,-,08,22107,,N,E,I,A,A,H,-,A,D,0,,,Y,,Y,,C,02,0,1,0,0,0,0,0,0,1,"- ","- ",35.303638458251953,-119.09886932373047,KERN,BAKERSFIELD,-119.10053253173828,35.303417205810547
81215941,2020,2020-03-26,1502,2020-03-24,1403,P63,,2,5,6,1502,0,0,0,,0,Valley,"PANAMA LN","COTTONWOOD RD",2640.00,E,N,B,-,N,,,,,,,,,,Y,2,0,1,2,A,-,08,22107,,N,D,C,A,A,H,-,A,D,0,,,,Y,Y,,D,22,1,0,0,0,0,0,0,0,0,"- ","- ",35.295631408691406,-118.98587036132812,KERN,BAKERSFIELD,-118.97652435302734,35.295948028564453
81215943,2020,2020-03-26,1502,2020-03-25,1742,1185,,3,5,6,1502,0,0,0,,0,Centra,"GOSFORD RD","MING AV",0.00,,Y,B,C,N,,,,,,,,,,Y,4,0,1,3,A,-,12,21453,A,N,B,C,A,B,H,-,A,A,0,,,,,Y,,D,22,0,0,1,0,0,0,0,0,0,"- ","- ",35.339900970458984,-119.0919189453125,KERN,BAKERSFIELD,-119.09233093261719,35.339828491210938
81217549,2020,2020-03-27,1502,2020-03-23,2121,1153,,1,5,6,1502,0,0,0,,0,Valley,"H ST","MING AV",0.00,,Y,B,-,N,,,,,,,,,,N,4,0,2,2,A,-,01,23152,A,N,D,C,A,A,H,-,C,A,0,,,,,Y,Y,A,01,0,0,2,0,0,0,0,0,0,"- ","- ",35.339450836181641,-119.02114105224609,KERN,BAKERSFIELD,-119.02130889892578,35.339439392089844
81217550,2020,2020-03-27,1502,2020-03-24,1159,1195,,2,5,6,1502,0,0,0,,0,Valley,"MING AV","H ST",0.00,,Y,B,-,N,,,,,,,,,,Y,4,0,2,2,A,-,09,21800,D,N,D,C,A,A,H,-,A,B,0,,,,,Y,,A,01,0,0,2,0,0,0,0,0,0,"- ","- ",35.339450836181641,-119.02114105224609,KERN,BAKERSFIELD,-119.02130889892578,35.339439392089844
81217553,2020,2020-03-27,1502,2020-03-26,1409,P53,,4,5,6,1502,0,0,0,,0,Metro,"L ST","21ST ST",0.00,,Y,A,-,N,,,,,,,,,,Y,4,0,1,2,A,-,12,21453,A,N,D,C,A,A,H,-,A,A,0,,,,,Y,,D,22,0,0,1,0,0,0,0,0,0,"- ","- ",35.377330780029297,-119.01670837402344,KERN,BAKERSFIELD,-119.01641845703125,35.378108978271484
81218051,2019,2020-03-30,1502,2019-11-24,1409,1181,,7,5,6,1502,0,0,0,,0,Valley,"HUGHES LN","HOLDEN WY",0.00,,Y,A,-,N,,,,,,,,,,Y,1,1,1,2,A,-,03,22350,,N,D,D,A,A,H,-,A,A,0,,,,,Y,,A,01,0,1,0,0,0,0,0,0,0,"- ","- ",35.335498809814453,-119.03092956542969,KERN,BAKERSFIELD,-119.03006744384766,35.336181640625
81218142,2020,2020-03-30,1502,2020-03-27,1613,1223,,5,5,6,1502,0,0,0,,0,Hill,"OSWELL ST","BERNARD ST",0.00,,Y,A,-,N,,,,,,,,,,Y,2,0,1,2,A,-,12,21453,A,N,H,G,A,A,H,-,A,A,0,,Y,,,Y,,L,04,1,0,0,0,0,0,1,0,0,"- ","- ",35.392269134521484,-118.94966888427734,KERN,BAKERSFIELD,-118.94983673095703,35.392261505126953
81218144,2020,2020-03-30,1502,2020-03-27,2152,1185,,5,5,6,1502,0,0,0,,0,North,"ALLEN RD","BRIMHALL RD",0.00,,Y,A,-,N,,,,,,,,,,Y,4,0,4,2,A,-,09,21453,C,N,D,C,A,A,H,-,C,A,0,,,,,Y,,A,01,0,0,4,0,0,0,0,0,0,"- ","- ",35.369281768798828,-119.14594268798828,KERN,BAKERSFIELD,-119.14553070068359,35.368999481201172
81218146,2020,2020-03-30,1502,2020-03-28,1151,1213,,6,5,6,1502,0,0,0,,0,North,"GRANITE FALLS DR","SEAVIEW DR",357.00,E,N,A,-,N,,,,,,,,,,N,3,0,1,2,A,-,05,21650,1,N,H,G,A,A,H,-,A,D,0,,Y,,,Y,,L,04,0,1,0,0,0,0,1,0,0,"- ","- ",35.386688232421875,-119.09964752197266,KERN,BAKERSFIELD,-119.09829711914062,35.386890411376953
81218147,2020,2020-03-30,1502,2020-03-28,1441,1258,,6,5,6,1502,0,0,0,,0,Metro,"BRUNDAGE LN","MYRTLE ST",45.00,W,N,A,-,Y,,,,,,,,,,N,3,0,1,1,B,-,22,,,N,H,G,A,A,H,-,A,D,0,,Y,,,Y,,-,"- ",0,1,0,0,0,0,1,0,0,"- ","- ",35.353450775146484,-119.03449249267578,KERN,BAKERSFIELD,-119.03400421142578,35.354110717773438
81218149,2020,2020-03-30,1502,2020-03-28,1829,1291,,6,5,6,1502,0,0,0,,0,Hill,"PANAMA ST","33RD ST",0.00,,Y,A,-,N,,,,,,,,,,N,4,0,1,2,A,-,12,22450,A,M,H,G,A,A,H,-,A,A,0,,Y,,,Y,,-,99,0,0,1,0,0,0,1,0,0,"- ","- ",35.388301849365234,-119.01190948486328,KERN,BAKERSFIELD,-119.01177215576172,35.389141082763672
81218911,2020,2020-03-31,1502,2020-03-03,1116,1062,,2,5,6,1502,0,0,0,,0,North,"OLIVE DR","SANTA FE WY",199.00,E,N,A,-,N,,,,,,,,,,Y,4,0,1,2,A,-,03,22350,,N,C,C,A,A,H,-,A,A,0,,,,,Y,,A,01,0,0,1,0,0,0,0,0,0,"- ","- ",35.420341491699219,-119.17215728759766,KERN,BAKERSFIELD,-119.17181396484375,35.419750213623047
81218912,2020,2020-03-31,1502,2020-03-25,1024,1195,,3,5,6,1502,0,0,0,,0,Valley,"H ST","MING AV",50.00,S,N,B,-,N,,,,,,,,,,Y,4,0,2,3,A,-,03,22350,,N,C,C,A,A,H,-,A,A,0,,,,,Y,,A,01,0,0,2,0,0,0,0,0,0,"- ","- ",35.338680267333984,-119.02201080322266,KERN,BAKERSFIELD,-119.02130889892578,35.339302062988281
81218918,2020,2020-03-31,1502,2020-03-29,2103,1225,,7,5,6,1502,0,0,0,,0,North,"NORIEGA RD","VERDUGO LN",0.00,,Y,A,-,N,,,,,,,,,,Y,4,0,1,2,A,-,12,21453,A,N,D,C,A,A,H,-,C,A,0,,,,,Y,Y,A,07,0,0,1,0,0,0,0,0,0,"- ","- ",35.405349731445312,-119.11881256103516,KERN,BAKERSFIELD,-119.11888885498047,35.405250549316406
81219726,2020,2020-04-02,1502,2020-03-29,1039,1062,,7,5,6,1502,0,0,0,,0,Hill,"34TH ST","Q ST",0.00,,Y,B,-,N,,,,,,,,,,Y,3,0,3,2,A,-,12,21453,A,N,A,C,A,A,H,-,A,A,0,,,,,Y,,A,01,0,2,1,0,0,0,0,0,0,"- ","- ",35.390979766845703,-119.01046752929688,KERN,BAKERSFIELD,-119.01053619384766,35.390499114990234