CASE_ID,ACCIDENT_YEAR,PROC_DATE,JURIS,COLLISION_DATE,COLLISION_TIME,OFFICER_ID,REPORTING_DISTRICT,DAY_OF_WEEK,CHP_SHIFT,POPULATION,CNTY_CITY_LOC,SPECIAL_COND,BEAT_TYPE,CHP_BEAT_TYPE,CITY_DIVISION_LAPD,CHP_BEAT_CLASS,BEAT_NUMBER,PRIMARY_RD,SECONDARY_RD,DISTANCE,DIRECTION,INTERSECTION,WEATHER_1,WEATHER_2,STATE_HWY_IND,CALTRANS_COUNTY,CALTRANS_DISTRICT,STATE_ROUTE,ROUTE_SUFFIX,POSTMILE_PREFIX,POSTMILE,LOCATION_TYPE,RAMP_INTERSECTION,SIDE_OF_HWY,TOW_AWAY,COLLISION_SEVERITY,NUMBER_KILLED,NUMBER_INJURED,PARTY_COUNT,PRIMARY_COLL_FACTOR,PCF_CODE_OF_VIOL,PCF_VIOL_CATEGORY,PCF_VIOLATION,PCF_VIOL_SUBSECTION,HIT_AND_RUN,TYPE_OF_COLLISION,MVIW,PED_ACTION,ROAD_SURFACE,ROAD_COND_1,ROAD_COND_2,LIGHTING,CONTROL_DEVICE,CHP_ROAD_TYPE,PEDESTRIAN_ACCIDENT,BICYCLE_ACCIDENT,MOTORCYCLE_ACCIDENT,TRUCK_ACCIDENT,NOT_PRIVATE_PROPERTY,ALCOHOL_INVOLVED,STWD_VEHTYPE_AT_FAULT,CHP_VEHTYPE_AT_FAULT,COUNT_SEVERE_INJ,COUNT_VISIBLE_INJ,COUNT_COMPLAINT_PAIN,COUNT_PED_KILLED,COUNT_PED_INJURED,COUNT_BICYCLIST_KILLED,COUNT_BICYCLIST_INJURED,COUNT_MC_KILLED,COUNT_MC_INJURED,PRIMARY_RAMP,SECONDARY_RAMP,LATITUDE,LONGITUDE,COUNTY,CITY,POINT_X,POINT_Y
81219728,2020,2020-04-02,1502,2020-03-31,1311,P63,,2,5,6,1502,0,0,0,,0,Metro,"RICHLAND ST","H ST",0.00,,Y,A,-,Y,,,,,,,,,,Y,3,0,5,4,A,-,12,21453,A,N,D,C,B,A,H,-,A,A,0,Y,,,,Y,,A,07,0,2,3,0,1,0,0,0,0,"- ","- ",35.352981567382812,-119.02102661132812,KERN,BAKERSFIELD,-119.02120971679688,35.353000640869141
81219731,2020,2020-04-02,1502,2020-04-01,1829,P63,,3,5,6,1502,0,0,0,,0,Metro,"9TH ST","N ST",151.00,W,N,A,-,N,,,,,,,,,,Y,4,0,2,1,A,-,08,22107,,N,E,I,A,A,H,-,A,D,0,,,,,Y,,A,01,0,0,2,0,0,0,0,0,0,"- ","- ",35.365489959716797,-119.01378631591797,KERN,BAKERSFIELD,-119.01466369628906,35.36553955078125
81220158,2020,2020-04-03,1502,2020-04-01,0944,1213,,3,5,6,1502,0,0,0,,0,Metro,"CALIFORNIA AV","H ST",0.00,,Y,A,-,N,,,,,,,,,,Y,3,0,2,3,A,-,12,21453,A,N,D,C,A,A,H,-,A,A,0,,,,,Y,,A,01,0,1,1,0,0,0,0,0,0,"- ","- ",35.368499755859375,-119.02079772949219,KERN,BAKERSFIELD,-119.02123260498047,35.368568420410156
81220161,2020,2020-04-03,1502,2020-04-01,2100,1188,,3,5,6,1502,0,0,0,,0,Valley,"UNION AV","RADICCHIO AV",292.00,N,N,A,-,N,,,,,,,,,,Y,3,0,2,2,A,-,08,22107,,F,B,C,A,A,H,-,C,A,0,,,,,Y,,A,01,0,1,1,0,0,0,0,0,0,"- ","- ",35.297321319580078,-119.00353240966797,KERN,BAKERSFIELD,-119.00314331054688,35.298233032226562
81220529,2020,2020-04-06,1502,2020-04-02,1600,1213,,4,5,6,1502,0,0,0,,0,Centra,"CALIFORNIA AV","BUSINESS CENTER DR",0.00,,Y,A,-,N,,,,,,,,,,Y,4,0,2,2,A,-,12,21453,A,N,D,C,A,A,H,-,A,A,0,,,,,Y,,A,01,0,0,2,0,0,0,0,0,0,"- ","- ",35.355930328369141,-119.06172180175781,KERN,BAKERSFIELD,-119.06124114990234,35.356338500976562
81220531,2020,2020-04-06,1502,2020-04-02,2258,1185,,4,5,6,1502,0,0,0,,0,Valley,"CHESTER AV","WILSON RD",0.00,,Y,A,-,N,,,,,,,,,,N,4,0,1,2,A,-,12,21453,A,M,D,C,A,A,H,-,C,A,0,,,,,Y,,-,99,0,0,1,0,0,0,0,0,0,"- ","- ",35.332130432128906,-119.01409912109375,KERN,BAKERSFIELD,-119.01412963867188,35.332191467285156
81220532,2020,2020-04-06,1502,2020-04-02,2323,1188,,4,5,6,1502,0,0,0,,0,Centra,"MING AV","VALHALLA DR",16.00,W,N,A,-,N,,,,,,,,,,Y,4,0,1,1,A,-,01,23152,A,N,E,I,A,A,H,-,C,A,0,,,,,Y,Y,A,01,0,0,1,0,0,0,0,0,0,"- ","- ",35.339889526367188,-119.05503845214844,KERN,BAKERSFIELD,-119.05513000488281,35.339694976806641
81220533,2020,2020-04-06,1502,2020-04-03,1610,P53,,5,5,6,1502,0,0,0,,0,Metro,"CALIFORNIA AV","BAKER ST",0.00,,Y,A,-,N,,,,,,,,,,Y,4,0,3,2,A,-,12,21453,A,N,D,C,A,A,H,-,A,A,0,,,,,Y,Y,A,07,0,0,3,0,0,0,0,0,0,"- ","- ",35.367481231689453,-118.99632263183594,KERN,BAKERSFIELD,-118.99587249755859,35.368419647216797
81220582,2020,2020-04-06,1502,2020-04-03,2047,1185,,5,5,6,1502,0,0,0,,0,,"ROSEDALE HWY","HENRY LN",36.00,E,N,A,-,Y,,,,,,,,,,Y,4,0,1,1,A,-,08,22107,,N,E,I,A,A,H,-,D,D,0,,,,,Y,,A,01,0,0,1,0,0,0,0,0,0,"- ","- ",35.383190155029297,-119.08737945556641,KERN,BAKERSFIELD,-119.08705139160156,35.383464813232422
81220583,2020,2020-04-06,1502,2020-04-04,1033,1177,,6,5,6,1502,0,0,0,,0,Valley,"PLANZ RD","UNION AV",0.00,,Y,A,-,Y,,,,,,,,,,Y,3,0,1,2,A,-,12,21453,A,N,D,D,A,A,H,-,A,A,0,,,,,Y,Y,D,22,0,1,0,0,0,0,0,0,0,"- ","- ",35.324790954589844,-119.00315856933594,KERN,BAKERSFIELD,-119.00312042236328,35.324920654296875
81220639,2020,2020-04-06,1502,2020-03-31,2021,1153,,2,5,6,1502,0,0,0,,0,Hill,"JEWETT AV","34TH ST",37.00,S,N,A,-,N,,,,,,,,,,N,4,0,1,2,A,-,03,22350,,M,C,C,A,A,H,-,D,A,0,,,,,Y,,A,01,0,0,1,0,0,0,0,0,0,"- ","- ",35.391021728515625,-119.01425170898438,KERN,BAKERSFIELD,-119.01429748535156,35.390419006347656
81220641,2020,2020-04-06,1502,2020-04-05,0820,1390,,7,5,6,1502,0,0,0,,0,Centra,"MING AV","ALLEN RD",0.00,,Y,B,-,N,,,,,,,,,,Y,3,0,2,2,A,-,12,22450,A,N,D,D,A,A,H,-,B,A,0,,,,,Y,,A,07,0,1,1,0,0,0,0,0,0,"- ","- ",35.340278625488281,-119.14630889892578,KERN,BAKERSFIELD,-119.14540863037109,35.339881896972656
8122243,2016,2016-09-14,1502,2016-09-02,1359,976,,5,5,6,1502,0,0,0,,0,METRO,"CHESTER AV","21ST ST",0.00,,Y,A,-,N,,,,,,,,,,N,4,0,1,2,A,-,05,21650,,N,H,G,A,A,H,-,A,A,0,,Y,,,Y,,L,04,0,0,1,0,0,0,1,0,0,"- ","- ",35.378120000000003,-119.01827,KERN,BAKERSFIELD,-119.01876032,35.378129149999999
8122247,2016,2016-09-14,1502,2016-09-02,1949,1210,,5,5,6,1502,0,0,0,,0,METRO,"ROBINSON ST","POTOMAC AV",113.00,S,N,A,-,N,,,,,,,,,,Y,4,0,2,2,A,-,01,23152,A,N,A,C,A,A,H,-,A,D,0,,,,,Y,Y,A,01,0,0,2,0,0,0,0,0,0,"- ","- ",35.365160000000003,-118.9888,KERN,BAKERSFIELD,-118.98855,35.364529939999997
8122257,2016,2016-09-14,1500,2016-07-26,2148,201596,WA02,2,5,3,1510,0,0,0,,0,4401,"MARGALO ST","PLUM AV",0.00,,Y,A,-,N,,,,,,,,,,Y,3,0,4,1,A,-,08,22107,,N,H,A,A,A,H,-,C,A,0,,,,,Y,,-,,0,4,0,0,0,0,0,0,0,"- ","- ",,,KERN,WASCO,-119.33871993,35.605090109999999
81222784,2020,2020-04-08,1502,2020-04-05,1156,1195,,7,5,6,1502,0,0,0,,0,Hill,"PANORAMA DR","LINDEN AV",325.00,E,N,B,-,N,,,,,,,,,,Y,3,0,5,2,A,-,21,22106,,N,D,C,A,A,H,-,A,D,0,,,,,Y,,A,07,0,1,4,0,0,0,0,0,0,"- ","- ",35.40740966796875,-118.99066162109375,KERN,BAKERSFIELD,-118.98976898193359,35.408756256103516
81222786,2020,2020-04-08,1502,2020-04-06,1641,P63,,1,5,6,1502,0,0,0,,0,Centra,"REAL RD","STOCKDALE HWY",50.00,S,N,B,C,Y,,,,,,,,,,Y,3,0,1,2,A,-,01,23152,G,N,B,C,A,B,H,-,A,D,0,,,,,Y,Y,A,07,0,1,0,0,0,0,0,0,0,"- ","- ",35.354351043701172,-119.04325866699219,KERN,BAKERSFIELD,-119.04347229003906,35.354228973388672
8122279,2016,2016-09-14,1502,2016-09-03,1340,P79,,6,5,6,1502,0,0,0,,0,,"LIGGETT ST","TEXAS ST",0.00,,Y,A,-,N,,,,,,,,,,Y,4,0,1,2,A,-,09,21802,A,M,D,C,A,A,H,-,A,D,0,,,,,Y,,A,01,0,0,1,0,0,0,0,0,0,"- ","- ",35.357349999999997,-119.00162,KERN,BAKERSFIELD,-119.00183,35.357490110000001
8122291,2016,2016-09-14,1502,2016-09-02,1323,1195,,5,5,6,1502,0,0,0,,0,NORTH,"COFFEE RD","SEVENTH STANDARD RD",2000.00,S,N,A,-,N,,,,,,,,,,Y,4,0,2,1,A,-,08,22107,,N,E,I,A,A,H,-,A,D,0,,,,,Y,,A,01,0,0,2,0,0,0,0,0,0,"- ","- ",35.441130000000001,-119.09161,KERN,BAKERSFIELD,-119.09220313,35.435771899999999
81223316,2020,2020-04-09,1502,2020-04-07,0002,1153,,2,5,6,1502,0,0,0,,0,Metro,"24TH ST","OAK ST",0.00,,Y,B,-,Y,,,,,,,,,,N,4,0,1,2,A,-,09,21453,C,N,D,C,A,B,C,-,C,A,0,,,,Y,Y,,F,86,0,0,1,0,0,0,0,0,0,"- ","- ",35.380550384521484,-119.03887176513672,KERN,BAKERSFIELD,-119.03856658935547,35.381160736083984
81223318,2020,2020-04-09,1502,2020-04-07,1528,1195,,2,5,6,1502,0,0,0,,0,Valley,"HOSKING AV","ZERMATT ST",113.00,E,N,B,-,N,,,,,,,,,,Y,3,0,2,2,A,-,03,22350,,N,E,I,A,A,H,-,A,A,0,,,,,Y,,A,01,0,1,1,0,0,0,0,0,0,"- ","- ",35.281318664550781,-119.01802062988281,KERN,BAKERSFIELD,-119.01696014404297,35.281364440917969
81223322,2020,2020-04-09,1502,2020-04-07,1844,1181,,2,5,6,1502,0,0,0,,0,South,"PANAMA LN","STINE RD",75.00,W,N,B,C,N,,,,,,,,,,N,4,0,1,2,A,-,03,22350,,M,C,C,A,B,H,-,A,A,0,,,,,Y,,-,99,0,0,1,0,0,0,0,0,0,"- ","- ",35.295818328857422,-119.05697631835938,KERN,BAKERSFIELD,-119.05693054199219,35.295852661132812
81223326,2020,2020-04-09,1502,2020-04-08,1036,1195,,3,5,6,1502,0,0,0,,0,Metro,"23RD ST","F ST",0.00,,Y,C,-,Y,,,,,,,,,,Y,4,0,1,2,A,-,12,21457,A,N,D,C,A,B,H,-,A,B,0,,,,,Y,,D,22,0,0,1,0,0,0,0,0,0,"- ","- ",35.380088806152344,-119.02294158935547,KERN,BAKERSFIELD,-119.02346038818359,35.380058288574219
81223851,2020,2020-04-10,1502,2020-04-07,1936,1265,,2,5,6,1502,0,0,0,,0,Metro,"UNION AV","9TH ST",87.00,N,N,C,-,Y,,,204,,,,,,,N,4,0,1,2,A,-,03,22350,,M,C,C,A,B,H,-,C,D,0,,,,,Y,,-,99,0,0,1,0,0,0,0,0,0,"- ","- ",35.365360260009766,-119.00257110595703,KERN,BAKERSFIELD,-119.00296020507812,35.365360260009766
81224238,2020,2020-04-13,1502,2020-03-26,1514,1223,,4,5,6,1502,0,0,0,,0,Valley,"BERKSHIRE RD","MONITOR ST",0.00,,Y,A,-,N,,,,,,,,,,Y,2,0,3,2,A,-,12,21453,A,N,D,C,A,A,H,-,A,A,0,,,Y,,Y,,C,02,1,0,2,0,0,0,0,0,1,"- ","- ",35.28778076171875,-119.01339721679688,KERN,BAKERSFIELD,-119.01188659667969,35.288608551025391
81224239,2020,2020-04-13,1502,2020-04-06,0006,1188,,1,5,6,1502,0,0,0,,0,North,"HAGEMAN RD","COFFEE RD",102.00,E,N,C,-,N,,,,,,,,,,Y,4,0,2,1,A,-,03,22350,,N,E,J,A,B,H,-,C,D,0,,,,,Y,,A,01,0,0,2,0,0,0,0,0,0,"- ","- ",35.401378631591797,-119.09219360351562,KERN,BAKERSFIELD,-119.09199523925781,35.401638031005859
81224240,2020,2020-04-13,1502,2020-04-08,0815,P45,,3,5,6,1502,0,0,0,,0,Metro,"23RD ST","F ST",0.00,,Y,B,C,N,,,,,,,,,,Y,3,0,1,2,A,-,12,21453,A,N,D,C,A,B,H,-,A,A,0,,,,,Y,,A,07,0,1,0,0,0,0,0,0,0,"- ","- ",35.380088806152344,-119.02294158935547,KERN,BAKERSFIELD,-119.02346038818359,35.380058288574219
81224241,2020,2020-04-13,1502,2020-04-09,2239,1241,,4,5,6,1502,0,0,0,,0,,"MING AV","PINON SPRINGS CIR",0.00,,Y,C,-,N,,,,,,,,,,Y,3,0,1,3,A,-,08,22107,,N,D,C,A,B,H,-,C,D,0,,,,,Y,,A,01,0,1,0,0,0,0,0,0,0,"- ","- ",35.335281372070312,-119.06871795654297,KERN,BAKERSFIELD,-119.0697021484375,35.335239410400391
81224360,2020,2020-04-13,1502,2020-04-10,1628,1177,,5,5,6,1502,0,0,0,,0,Metro,"CALIFORNIA AV","BAKER ST",0.00,,Y,A,-,N,,,,,,,,,,N,2,0,1,2,A,-,12,21453,A,F,H,G,A,A,H,-,A,A,0,,Y,,,Y,,-,99,1,0,0,0,0,0,1,0,0,"- ","- ",35.368820190429688,-118.99609375,KERN,BAKERSFIELD,-118.99587249755859,35.368419647216797
81224361,2020,2020-04-13,1502,2020-04-11,1244,1213,,6,5,6,1502,0,0,0,,0,Metro,"E BRUNDAGE LANE","S OWENS STREET",0.00,,Y,A,-,N,,,,,,,,,,Y,3,0,1,2,A,-,09,21801,A,N,D,C,A,A,H,-,A,D,0,,,Y,,Y,,A,01,0,1,0,0,0,0,0,0,1,"- ","- ",,,KERN,BAKERSFIELD,-118.99080657958984,35.353931427001953
81225129,2020,2020-04-14,1502,2020-04-09,1056,1181,,4,5,6,1502,0,0,0,,0,South,"BERKSHIRE RD","H ST",0.00,,Y,B,C,N,,,,,,,,,,Y,4,0,2,2,A,-,12,21453,A,N,D,C,A,B,H,-,A,A,0,,,,,Y,,A,01,0,0,2,0,0,0,0,0,0,"- ","- ",35.288608551025391,-119.02182006835938,KERN,BAKERSFIELD,-119.02136993408203,35.288631439208984
81225130,2020,2020-04-14,1502,2020-04-12,0257,1188,,7,5,6,1502,0,0,0,,0,Metro,"BRUNDAGE LN","LIGGETT ST",90.00,E,N,A,-,N,,,,,,,,,,Y,4,0,1,2,A,-,01,23152,A,M,C,E,A,A,H,-,C,D,0,,,,,Y,Y,A,01,0,0,1,0,0,0,0,0,0,"- ","- ",35.353710174560547,-119.00131988525391,KERN,BAKERSFIELD,-119.00128173828125,35.353855133056641
81225132,2020,2020-04-14,1502,2020-04-12,1431,P63,,7,5,6,1502,0,0,0,,0,Valley,"CHESTER AV","GENEVA AV",5.00,S,N,A,-,N,,,,,,,,,,Y,4,0,1,1,A,-,01,23152,F,N,E,I,A,A,H,-,A,D,0,,,,,Y,,A,01,0,0,1,0,0,0,0,0,0,"- ","- ",35.328769683837891,-119.01194763183594,KERN,BAKERSFIELD,-119.01193237304688,35.328826904296875
81225685,2020,2020-04-15,1502,2020-03-22,1926,1181,,7,5,6,1502,0,0,0,,0,Hill,"MOUNT VERNON AV","BERNARD ST",14.00,N,N,B,C,N,,,,,,,,,,Y,1,1,0,2,A,-,11,21456,,N,G,B,B,B,H,-,C,A,0,Y,,,,Y,,N,60,0,0,0,1,0,0,0,0,0,"- ","- ",35.390419006347656,-118.96739959716797,KERN,BAKERSFIELD,-118.96758270263672,35.390277862548828
81225686,2020,2020-04-15,1502,2020-04-13,0118,1185,,1,5,6,1502,0,0,0,,0,South,"TAFT HWY","STINE RD",0.00,,Y,A,-,Y,,,,,,,,,,Y,2,0,4,2,A,-,12,21453,A,N,D,D,A,A,H,-,C,A,0,,,,,Y,,A,07,1,1,2,0,0,0,0,0,0,"- ","- ",35.266860961914062,-119.05734252929688,KERN,BAKERSFIELD,-119.05667877197266,35.266990661621094
81225687,2020,2020-04-15,1502,2020-04-13,1743,P63,,1,5,6,1502,0,0,0,,0,Hill,"MANOR ST ACC RD","MANOR ST",418.00,E,N,A,-,N,,,,,,,,,,N,2,0,1,1,C,-,18,,,N,H,A,A,A,H,-,A,D,0,,Y,,,Y,,-,"- ",1,0,0,0,0,0,1,0,0,"- ","- ",35.401699066162109,-119.00475311279297,KERN,BAKERSFIELD,-119.00387573242188,35.401222229003906
81225688,2020,2020-04-15,1502,2020-04-13,1752,P63,,1,5,6,1502,0,0,0,,0,Metro,"DR MARTIN LUTHER KING JR BL","3RD ST",68.00,S,N,A,-,N,,,,,,,,,,Y,4,0,1,3,A,-,03,22350,,F,C,C,A,A,H,-,A,D,0,,,,,Y,,A,07,0,0,1,0,0,0,0,0,0,"- ","- ",35.359691619873047,-118.98554992675781,KERN,BAKERSFIELD,-118.98524475097656,35.359214782714844
81225691,2020,2020-04-15,1502,2020-04-14,1311,P63,,2,5,6,1502,0,0,0,,0,North,"ROSEDALE HWY","COFFEE RD",1080.00,W,N,A,-,Y,,,,,,,,,,Y,3,0,5,2,A,-,12,21453,A,N,D,C,A,A,H,-,A,A,0,,,,,Y,,A,01,0,2,3,0,0,0,0,0,0,"- ","- ",35.383258819580078,-119.09237670898438,KERN,BAKERSFIELD,-119.09590148925781,35.383529663085938
8122570,2016,2016-09-19,1503,2016-08-02,0522,10146,1503,2,5,4,1503,0,0,0,,0,ALL,"RANDOLPH ST","20TH AV",0.00,,Y,A,-,N,,,,,,,,,,N,4,0,1,2,A,-,04,21703,,N,C,C,A,A,H,-,C,D,0,,,,,Y,,D,22,0,0,1,0,0,0,0,0,0,"- ","- ",,,KERN,DELANO,-119.23196999,35.783170060000003
8122582,2016,2016-09-19,1503,2016-08-08,1058,1091,1503,1,5,4,1503,0,0,0,,0,ALL,"CECIL AV","FREMONT ST",184.00,E,N,A,-,N,,,,,,,,,,N,4,0,1,2,A,-,21,22106,,N,G,B,F,A,H,-,A,A,0,Y,,,,Y,,D,22,0,0,1,0,1,0,0,0,0,"- ","- ",,,KERN,DELANO,-119.25113041,35.7759468
8122594,2016,2016-11-10,1503,2016-08-13,0546,10164,1503,6,5,4,1503,0,0,0,,0,ALL,"COUNTY LINE RD","QUINCY ST",0.00,,Y,A,-,N,,,,,,,,,,Y,4,0,1,2,A,-,03,22350,,F,C,C,A,A,H,-,A,-,0,,,,,Y,,D,22,0,0,1,0,0,0,0,0,0,"- ","- ",,,KERN,DELANO,-119.23425994999999,35.790460060000001
8122630,2016,2016-09-21,1503,2016-08-26,1743,10130,1503,5,5,4,1503,0,0,0,,0,ALL,"20TH AV","MORNINGSIDE WY",20.00,E,N,A,-,N,,,,,,,,,,Y,4,0,3,2,A,-,09,21801,A,N,D,C,A,A,H,-,A,A,0,,,,,Y,,D,22,0,0,3,0,0,0,0,0,0,"- ","- ",,,KERN,DELANO,-119.22805264,35.783189999999998
81226644,2020,2020-04-17,1502,2020-04-15,1327,1195,,3,5,6,1502,0,0,0,,0,Metro,"INYO ST","19TH ST",0.00,,Y,A,-,N,,,,,,,,,,N,4,0,1,2,A,-,12,22450,A,N,D,C,A,A,H,-,A,A,0,,,,,Y,,D,22,0,0,1,0,0,0,0,0,0,"- ","- ",35.376300811767578,-118.99835968017578,KERN,BAKERSFIELD,-118.99825286865234,35.375900268554688
81226648,2020,2020-04-17,1502,2020-04-16,1945,P53,,4,5,6,1502,0,0,0,,0,Valley,"WIBLE RD","WILSON RD",20.00,S,N,A,-,N,,,,,,,,,,N,4,0,1,2,A,-,08,22107,,N,B,C,A,A,H,-,C,A,0,,,,,Y,,A,01,0,0,1,0,0,0,0,0,0,"- ","- ",35.332359313964844,-119.03898620605469,KERN,BAKERSFIELD,-119.03900909423828,35.332149505615234
81227057,2020,2020-04-20,1502,2020-04-16,2314,1185,,4,5,6,1502,0,0,0,,0,Hill,"MOUNT VERNON AV","178 W OFF TO MT VERNON RAMP",0.00,,Y,A,-,Y,,,178,,,,,,,Y,4,0,2,2,A,-,01,23152,A,N,D,D,A,A,H,-,C,A,0,,,,,Y,Y,A,01,0,0,2,0,0,0,0,0,0,"- ","- ",35.39385986328125,-118.96755981445312,KERN,BAKERSFIELD,-118.96769714355469,35.394355773925781
81227120,2020,2020-04-20,1502,2020-04-17,1027,P17,,5,5,6,1502,0,0,0,,0,Hill,"BERNARD ST","UNION AV",203.00,E,N,C,-,N,,,,,,,,,,Y,3,0,1,1,A,-,01,23152,A,N,E,I,A,B,H,-,A,D,0,,,,,Y,Y,D,22,0,1,0,0,0,0,0,0,0,"- ","- ",35.390640258789062,-119.00279998779297,KERN,BAKERSFIELD,-119.00212097167969,35.390220642089844
81227122,2020,2020-04-20,1502,2020-04-17,2124,1285,,5,5,6,1502,0,0,0,,0,Metro,"CALIFORNIA AV","BROWN ST",0.00,,Y,A,-,N,,,,,,,,,,Y,3,0,4,2,A,-,09,21802,A,N,D,C,A,A,H,-,C,A,0,,,,,Y,Y,A,01,0,1,3,0,0,0,0,0,0,"- ","- ",35.367420196533203,-118.98284912109375,KERN,BAKERSFIELD,-118.98239898681641,35.368579864501953
81227127,2020,2020-04-20,1502,2020-04-18,1826,1291,,6,5,6,1502,0,0,0,,0,Metro,"DR MARTIN LUTHER KING JR BL","POTOMAC AV",0.00,,Y,B,-,N,,,,,,,,,,Y,3,0,2,2,A,-,12,22450,A,M,D,C,A,A,H,-,A,A,0,,,,,Y,,A,01,0,1,1,0,0,0,0,0,0,"- ","- ",35.363800048828125,-118.9857177734375,KERN,BAKERSFIELD,-118.9852294921875,35.364910125732422
81227203,2020,2020-04-20,1502,2020-04-15,2121,P63,,3,5,6,1502,0,0,0,,0,Hill,"23RD ST","D ST",353.00,W,N,A,-,Y,,,,,,,,,,Y,4,0,1,1,A,-,01,23152,A,N,E,I,A,A,D,-,C,D,0,,,,,Y,Y,D,22,0,0,1,0,0,0,0,0,0,"- ","- ",35.380111694335938,-119.0252685546875,KERN,BAKERSFIELD,-119.02699279785156,35.380069732666016
81227204,2020,2020-04-20,1502,2020-04-15,2227,P63,,3,5,6,1502,0,0,0,,0,Hill,"34TH ST","O ST",48.00,E,N,A,-,N,,,,,,,,,,Y,3,0,1,2,A,-,11,21954,A,N,G,B,E,A,H,-,C,D,0,Y,,,,Y,Y,N,60,0,1,0,0,1,0,0,0,0,"- ","- ",35.390998840332031,-119.01280212402344,KERN,BAKERSFIELD,-119.01272583007812,35.390518188476562
81227207,2020,2020-04-20,1502,2020-04-19,1354,P63,,7,5,6,1502,0,0,0,,0,South,"GOSFORD RD","PACHECO RD",306.00,S,N,A,-,N,,,,,,,,,,Y,3,0,1,2,A,-,07,21658,A,F,H,A,A,A,H,-,A,A,0,,,Y,,Y,,-,99,0,1,0,0,0,0,0,0,1,"- ","- ",35.310428619384766,-119.09226989746094,KERN,BAKERSFIELD,-119.09226226806641,35.309398651123047
81227208,2020,2020-04-20,1502,2020-04-19,1410,1213,,7,5,6,1502,0,0,0,,0,Valley,"WHITE LN","HUGHES LN",223.00,W,N,A,-,N,,,,,,,,,,Y,3,0,6,2,A,-,08,22107,,N,D,C,A,A,H,-,A,D,0,,,,,Y,,A,07,0,5,1,0,0,0,0,0,0,"- ","- ",35.3177490234375,-119.03029632568359,KERN,BAKERSFIELD,-119.03083801269531,35.317737579345703
81227210,2020,2020-04-20,1502,2020-04-19,1945,1185,,7,5,6,1502,0,0,0,,0,Metro,"TYREE TOLIVER ST","3RD ST",0.00,,Y,A,-,N,,,,,,,,,,Y,4,0,1,2,A,-,09,21802,A,M,D,D,A,A,H,-,C,A,0,,,,,Y,,-,99,0,0,1,0,0,0,0,0,0,"- ","- ",35.359130859375,-118.98828125,KERN,BAKERSFIELD,-118.98856353759766,35.359378814697266
81228702,2020,2020-04-23,1502,2020-04-16,0836,P45,,4,5,6,1502,0,0,0,,0,Centra,"STOCKDALE HWY","EL RIO DR",0.00,,Y,B,-,N,,,,,,,,,,Y,2,0,1,3,A,-,08,22107,,N,B,C,A,A,H,-,A,A,0,,,,,Y,,D,22,1,0,0,0,0,0,0,0,0,"- ","- ",35.35443115234375,-119.08229064941406,KERN,BAKERSFIELD,-119.08281707763672,35.35430908203125
81228705,2020,2020-04-23,1502,2020-04-21,2128,1265,,2,5,6,1502,0,0,0,,0,Valley,"PANAMA LN","MONITOR ST",0.00,,Y,A,-,N,,,,,,,,,,Y,3,0,2,2,A,-,01,23152,G,F,D,C,A,A,H,-,C,A,0,,,,Y,Y,,A,01,0,1,1,0,0,0,0,0,0,"- ","- ",35.295051574707031,-119.01331329345703,KERN,BAKERSFIELD,-119.01188659667969,35.2958984375
8122902,2016,2017-02-06,1503,2016-08-19,0745,10153,1503,5,5,4,1503,0,0,0,,0,ALL,"COUNTY LINE RD","BROWNING RD",35.00,W,N,A,-,N,,,,,,,,,,Y,4,0,2,3,A,-,09,21801,A,N,D,C,A,A,H,-,A,A,0,,,,Y,Y,,A,01,0,0,2,0,0,0,0,0,0,"- ","- ",,,KERN,DELANO,-119.22361135,35.790482320000002
81229095,2020,2020-04-24,1502,2020-04-16,1000,P17,,4,5,6,1502,0,0,0,,0,North,"ALLEN RD","VERMILLION DR",24.00,S,N,A,-,N,,,,,,,,,,Y,3,0,1,1,A,-,03,22350,,N,F,A,A,A,H,-,A,A,0,,,Y,,Y,,C,02,0,1,0,0,0,0,0,0,1,"- ","- ",35.36669921875,-119.14598083496094,KERN,BAKERSFIELD,-119.14555358886719,35.3663330078125
81229099,2020,2020-04-24,1502,2020-04-22,1744,P63,,3,5,6,1502,0,0,0,,0,Metro,"BRUNDAGE LN","UNION AV",0.00,,Y,A,-,Y,,,,,,,,,,N,2,0,1,2,A,-,12,21453,A,N,H,G,A,A,H,-,A,A,0,,Y,,,Y,,L,04,1,0,0,0,0,0,1,0,0,"- ","- ",35.353710174560547,-119.00276947021484,KERN,BAKERSFIELD,-119.00309753417969,35.353851318359375
8122943,2016,2017-03-04,1502,2016-08-31,1137,P24,,3,5,6,1502,0,0,0,,0,HILL,"Q ST","GOLDEN STATE AV",63.00,S,N,A,-,Y,KER,6,204,-,-,4.270,I,6,S,Y,4,0,1,2,A,-,03,22350,,F,C,C,A,A,H,-,A,A,0,,,,,Y,,A,01,0,0,1,0,0,0,0,0,0,"- ","- ",35.382840000000002,-119.01061,KERN,BAKERSFIELD,-119.01049860000001,35.382313189999998
81229447,2019,2020-04-27,1502,2019-11-17,1735,1181,,7,5,6,1502,0,0,0,,0,Metro,"BRUNDAGE LN","T ST",6.00,E,N,A,-,N,,,,,,,,,,N,2,0,1,3,A,-,10,21950,A,F,G,B,B,A,H,-,C,D,0,Y,,,,Y,,-,99,1,0,0,0,1,0,0,0,0,"- ","- ",35.353031158447266,-119.00916290283203,KERN,BAKERSFIELD,-119.00850677490234,35.353919982910156