CASE_ID,ACCIDENT_YEAR,PROC_DATE,JURIS,COLLISION_DATE,COLLISION_TIME,OFFICER_ID,REPORTING_DISTRICT,DAY_OF_WEEK,CHP_SHIFT,POPULATION,CNTY_CITY_LOC,SPECIAL_COND,BEAT_TYPE,CHP_BEAT_TYPE,CITY_DIVISION_LAPD,CHP_BEAT_CLASS,BEAT_NUMBER,PRIMARY_RD,SECONDARY_RD,DISTANCE,DIRECTION,INTERSECTION,WEATHER_1,WEATHER_2,STATE_HWY_IND,CALTRANS_COUNTY,CALTRANS_DISTRICT,STATE_ROUTE,ROUTE_SUFFIX,POSTMILE_PREFIX,POSTMILE,LOCATION_TYPE,RAMP_INTERSECTION,SIDE_OF_HWY,TOW_AWAY,COLLISION_SEVERITY,NUMBER_KILLED,NUMBER_INJURED,PARTY_COUNT,PRIMARY_COLL_FACTOR,PCF_CODE_OF_VIOL,PCF_VIOL_CATEGORY,PCF_VIOLATION,PCF_VIOL_SUBSECTION,HIT_AND_RUN,TYPE_OF_COLLISION,MVIW,PED_ACTION,ROAD_SURFACE,ROAD_COND_1,ROAD_COND_2,LIGHTING,CONTROL_DEVICE,CHP_ROAD_TYPE,PEDESTRIAN_ACCIDENT,BICYCLE_ACCIDENT,MOTORCYCLE_ACCIDENT,TRUCK_ACCIDENT,NOT_PRIVATE_PROPERTY,ALCOHOL_INVOLVED,STWD_VEHTYPE_AT_FAULT,CHP_VEHTYPE_AT_FAULT,COUNT_SEVERE_INJ,COUNT_VISIBLE_INJ,COUNT_COMPLAINT_PAIN,COUNT_PED_KILLED,COUNT_PED_INJURED,COUNT_BICYCLIST_KILLED,COUNT_BICYCLIST_INJURED,COUNT_MC_KILLED,COUNT_MC_INJURED,PRIMARY_RAMP,SECONDARY_RAMP,LATITUDE,LONGITUDE,COUNTY,CITY,POINT_X,POINT_Y
81268665,2020,2020-07-15,1502,2020-07-12,2216,1322,,7,5,6,1502,0,0,0,,0,Hill,"MOUNT VERNON AV","178 W OFF TO MT VERNON RAMP",0.00,,Y,A,-,N,,,178,,,,,,,Y,3,0,1,1,A,-,01,23152,A,N,E,I,A,A,H,-,C,A,0,,,,,Y,Y,A,01,0,1,0,0,0,0,0,0,0,"- ","- ",35.395198822021484,-118.96736907958984,KERN,BAKERSFIELD,-118.96725463867188,35.394786834716797
81268666,2020,2020-07-15,1502,2020-07-13,0627,1181,,1,5,6,1502,0,0,0,,0,Centra,"MING AV","STINE RD",30.00,E,N,A,-,N,,,,,,,,,,N,3,0,1,2,A,-,11,21954,A,N,G,B,D,A,H,-,B,A,0,Y,,,,Y,,N,60,0,1,0,0,1,0,0,0,0,"- ","- ",35.33905029296875,-119.05126190185547,KERN,BAKERSFIELD,-119.05037689208984,35.3394775390625
81270028,2020,2020-07-17,1502,2020-07-12,1054,P17,,7,5,6,1502,0,0,0,,0,Metro,"HALEY ST","18TH ST",127.00,S,N,A,-,N,,,,,,,,,,Y,4,0,1,2,C,-,18,,,N,C,E,A,A,H,-,A,D,0,,,,,Y,,-,"- ",0,0,1,0,0,0,0,0,0,"- ","- ",35.371421813964844,-118.98335266113281,KERN,BAKERSFIELD,-118.98329162597656,35.370796203613281
81270030,2020,2020-07-17,1502,2020-07-13,0700,1181,,1,5,6,1502,0,0,0,,0,Centra,"REAL RD","STOCKDALE HWY",16.00,S,N,A,-,N,,,,,,,,,,N,3,0,1,2,A,-,12,21453,A,F,G,B,B,A,H,-,A,A,0,Y,,,,Y,,-,99,0,1,0,0,1,0,0,0,0,"- ","- ",35.354351043701172,-119.04325866699219,KERN,BAKERSFIELD,-119.04347229003906,35.354228973388672
81270032,2020,2020-07-17,1502,2020-07-13,1718,P94,,1,5,6,1502,0,0,0,,0,North,"OLIVE DR","RIVERLAKES DR",0.00,,Y,A,-,N,,,,,,,,,,N,3,0,1,2,A,-,05,21651,B,N,D,C,A,A,H,-,A,A,0,,,Y,,Y,,C,02,0,1,0,0,0,0,0,0,1,"- ","- ",35.413829803466797,-119.10089111328125,KERN,BAKERSFIELD,-119.10114288330078,35.413990020751953
81270035,2020,2020-07-17,1502,2020-07-14,0854,1181,,2,5,6,1502,0,0,0,,0,South,"PANAMA LN","AKERS RD",51.00,E,N,A,-,N,,,,,,,,,,Y,3,0,2,2,A,-,09,21453,B,N,C,C,A,A,H,-,A,A,0,,,,,Y,,A,01,0,2,0,0,0,0,0,0,0,"- ","- ",35.295391082763672,-119.04920959472656,KERN,BAKERSFIELD,-119.04763031005859,35.295928955078125
81270036,2020,2020-07-17,1502,2020-07-14,1513,1194,,2,5,6,1502,0,0,0,,0,Hill,"COLUMBUS ST","VASSAR ST",50.00,E,N,A,-,N,,,,,,,,,,Y,4,0,1,2,A,-,03,22350,,N,C,C,A,A,H,-,A,D,0,,,,,Y,,D,22,0,0,1,0,0,0,0,0,0,"- ","- ",35.396350860595703,-118.96559143066406,KERN,BAKERSFIELD,-118.96540069580078,35.397640228271484
81270037,2020,2020-07-17,1502,2020-07-14,1823,1285,,2,5,6,1502,0,0,0,,0,Valley,"H ST","PLANZ RD",86.00,N,N,A,-,N,,,,,,,,,,N,4,0,1,3,A,-,03,22350,,M,C,C,A,A,H,-,A,A,0,,,,,Y,,-,99,0,0,1,0,0,0,0,0,0,"- ","- ",35.324920654296875,-119.02133178710938,KERN,BAKERSFIELD,-119.02134704589844,35.32513427734375
81270039,2020,2020-07-17,1502,2020-07-15,1111,1181,,3,5,6,1502,0,0,0,,0,North,"ROSEDALE HWY","VERDUGO LN",0.00,,Y,A,-,Y,,,,,,,,,,N,3,0,5,2,A,-,12,21453,A,N,D,D,A,A,H,-,A,A,0,,,,,Y,,A,07,0,1,4,0,0,0,0,0,0,"- ","- ",35.383571624755859,-119.11917114257812,KERN,BAKERSFIELD,-119.11897277832031,35.383548736572266
81270040,2020,2020-07-17,1502,2020-07-15,0513,1195,,3,5,6,1502,0,0,0,,0,Hill,"AIRPORT DR","GOLDEN STATE OFF TO AIRPORT RAMP",0.00,,Y,A,-,Y,,,,,,,,,,Y,2,0,2,2,A,-,12,21453,A,N,D,C,A,A,H,-,A,A,0,,,,,Y,,A,01,1,0,1,0,0,0,0,0,0,"- ","- ",35.402450561523438,-119.04074859619141,KERN,BAKERSFIELD,,
81270639,2020,2020-07-20,1502,2020-07-11,1225,P45,,6,5,6,1502,0,0,0,,0,Valley,"WHITE LN","MONITOR ST",0.00,,Y,A,-,N,,,,,,,,,,N,4,0,2,2,A,-,12,21453,A,N,D,C,A,A,H,-,A,A,0,,,,,Y,,A,01,0,0,2,0,0,0,0,0,0,"- ","- ",35.317588806152344,-119.01210784912109,KERN,BAKERSFIELD,-119.01187896728516,35.317741394042969
81270640,2020,2020-07-20,1502,2020-07-16,1743,P93,,4,5,6,1502,0,0,0,,0,South,"PANAMA LN","DENNEN ST",100.00,W,N,A,-,N,,,,,,,,,,Y,4,0,2,2,A,-,09,21801,A,N,D,C,A,A,H,-,A,D,0,,,,,Y,,A,01,0,0,2,0,0,0,0,0,0,"- ","- ",35.295989990234375,-119.0335693359375,KERN,BAKERSFIELD,-119.03339385986328,35.29595947265625
81270644,2020,2020-07-20,1502,2020-07-16,2324,1338,,4,5,6,1502,0,0,0,,0,Valley,"H ST","PLANZ RD",0.00,,Y,A,-,N,,,,,,,,,,Y,4,0,1,2,A,-,12,21453,A,N,D,C,A,A,H,-,D,A,0,,,,,Y,,A,01,0,0,1,0,0,0,0,0,0,"- ","- ",35.324920654296875,-119.02133178710938,KERN,BAKERSFIELD,-119.02134704589844,35.324901580810547
81271598,2020,2020-07-21,1502,2020-07-08,2048,1322,,3,5,6,1502,0,0,0,,0,Hill,"PANORAMA DR","BUCKNELL ST",10.00,W,N,A,-,N,,,,,,,,,,N,2,0,1,2,A,-,11,21954,A,N,G,B,D,A,H,-,C,D,0,Y,,,,Y,,N,60,1,0,0,0,1,0,0,0,0,"- ","- ",35.410099029541016,-118.97920227050781,KERN,BAKERSFIELD,-118.97951507568359,35.409889221191406
81271600,2020,2020-07-21,1502,2020-07-11,1414,P82,,6,5,6,1502,0,0,0,,0,Hill,"BEALE AV","MONTEREY ST (1)",691.00,S,N,A,-,N,,,,,,,,,,N,3,0,1,2,A,-,11,21955,,N,G,B,E,A,H,-,A,D,0,Y,,,,Y,,N,60,0,1,0,0,1,0,0,0,0,"- ","- ",35.380481719970703,-118.98819732666016,KERN,BAKERSFIELD,-118.98905944824219,35.378444671630859
81271601,2020,2020-07-21,1502,2020-07-13,1904,1285,,1,5,6,1502,0,0,0,,0,North,"HAGEMAN RD","DRAKES PASSAGE WY",425.00,W,N,A,-,N,,,,,,,,,,Y,3,0,1,1,A,-,03,22350,,N,F,A,A,A,H,-,A,D,0,,,Y,,Y,,C,02,0,1,0,0,0,0,0,0,1,"- ","- ",35.398021697998047,-119.10675811767578,KERN,BAKERSFIELD,-119.10816192626953,35.398159027099609
81271602,2020,2020-07-21,1502,2020-07-14,1405,P17,,2,5,6,1502,0,0,0,,0,Metro,"14TH ST","L ST",0.00,,Y,A,-,N,,,,,,,,,,Y,3,0,2,2,A,-,12,22450,A,N,D,C,A,A,H,-,A,A,0,,,,,Y,,A,01,0,1,1,0,0,0,0,0,0,"- ","- ",35.370391845703125,-119.01602172851562,KERN,BAKERSFIELD,-119.01643371582031,35.370418548583984
81272350,2020,2020-07-22,1502,2020-07-16,1428,P45,,4,5,6,1502,0,0,0,,0,Centra,"GOSFORD RD","MING AV",343.00,S,N,A,-,N,,,,,,,,,,Y,3,0,2,3,A,-,03,22350,,N,C,C,A,A,H,-,A,D,0,,,,,Y,,A,01,0,1,1,0,0,0,0,0,0,"- ","- ",35.339588165283203,-119.09300231933594,KERN,BAKERSFIELD,-119.09233093261719,35.338890075683594
81272352,2020,2020-07-22,1502,2020-07-17,2013,1362,,5,5,6,1502,0,0,0,,0,Metro,"H ST","CHERRY ST",19.00,S,N,A,-,N,,,,,,,,,,Y,3,0,4,3,A,-,03,22350,,M,C,C,A,A,H,-,C,D,0,,,,,Y,,A,01,0,2,2,0,0,0,0,0,0,"- ","- ",35.364040374755859,-119.02088165283203,KERN,BAKERSFIELD,-119.02124786376953,35.363979339599609
81272353,2020,2020-07-22,1502,2020-07-17,2030,1322,,5,5,6,1502,0,0,0,,0,North,"REINA RD","WEGIS AV",44.00,W,N,A,-,N,,,,,,,,,,Y,2,0,2,1,A,-,03,22350,,N,E,I,A,A,H,-,D,A,0,,,Y,,Y,,C,02,2,0,0,0,0,0,0,0,2,"- ","- ",35.413249969482422,-119.18965911865234,KERN,BAKERSFIELD,-119.18984985351562,35.412498474121094
81272359,2020,2020-07-22,1502,2020-07-18,1828,1268,,6,5,6,1502,0,0,0,,0,South,"PANAMA LN","ALLEN RD",0.00,,Y,A,-,Y,,,,,,,,,,Y,4,0,1,2,A,-,09,21804,A,N,D,C,A,A,A,H,A,A,0,,,,,Y,,D,22,0,0,1,0,0,0,0,0,0,"- ","- ",35.296890258789062,-119.14615631103516,KERN,BAKERSFIELD,,
81272362,2020,2020-07-22,1502,2020-07-19,0058,1338,,7,5,6,1502,0,0,0,,0,North,"STOCKDALE HWY","JENKINS RD",0.00,,Y,A,-,Y,,,,,,,,,,Y,2,0,2,1,A,-,08,22107,,N,E,I,A,A,H,-,C,A,0,,,,,Y,,A,01,1,0,1,0,0,0,0,0,0,"- ","- ",35.3548583984375,-119.15496826171875,KERN,BAKERSFIELD,-119.15435028076172,35.354530334472656
81272366,2020,2020-07-22,1502,2020-07-19,0234,1265,,7,5,6,1502,0,0,0,,0,South,"ALLEN RD","CHAMBER BL",284.00,N,N,A,-,N,,,,,,,,,,Y,3,0,1,1,A,-,01,23152,A,N,E,I,A,A,H,-,C,D,0,,,,,Y,Y,A,01,0,1,0,0,0,0,0,0,0,"- ","- ",35.333248138427734,-119.14541625976562,KERN,BAKERSFIELD,-119.14550018310547,35.333427429199219
81272367,2020,2020-07-22,1502,2020-07-19,0255,1338,,7,5,6,1502,0,0,0,,0,Valley,"UNION AV","BELLE TERRACE",0.00,,Y,A,-,Y,,,,,,,,,,N,4,0,1,2,A,-,12,21453,A,N,D,C,A,A,H,-,D,A,0,,,,,Y,,A,01,0,0,1,0,0,0,0,0,0,"- ","- ",35.346561431884766,-119.00286865234375,KERN,BAKERSFIELD,-119.00309753417969,35.346698760986328
81272370,2020,2020-07-22,1502,2020-07-20,0947,1008,,1,5,6,1502,0,0,0,,0,Valley,"H ST","LA FRANCE DR",0.00,,Y,A,-,N,,,,,,,,,,Y,3,0,3,2,A,-,01,23152,A,M,D,C,A,A,H,-,A,A,0,,,,,Y,,A,01,0,1,2,0,0,0,0,0,0,"- ","- ",35.343040466308594,-119.02110290527344,KERN,BAKERSFIELD,-119.02130126953125,35.343040466308594
81273056,2020,2020-07-23,1502,2020-07-21,1711,1285,1502,2,5,6,1502,0,0,0,,0,Centra,"MING AV","OLD RIVER RD",0.00,,Y,A,-,N,,,,,,,,,,Y,4,0,2,2,A,-,09,21800,D,N,D,C,A,A,H,-,A,B,0,,,,,Y,,A,01,0,0,2,0,0,0,0,0,0,"- ","- ",35.339851379394531,-119.1151123046875,KERN,BAKERSFIELD,-119.11441040039062,35.339698791503906
81273717,2020,2020-07-24,1502,2020-07-17,0655,1362,,5,5,6,1502,0,0,0,,0,Metro,"24TH ST","OAK ST",0.00,,Y,A,-,Y,,,,,,,,,,N,3,0,1,2,A,-,09,21453,C,N,D,D,A,A,D,-,A,A,0,,,,,Y,,A,07,0,1,0,0,0,0,0,0,0,"- ","- ",35.381309509277344,-119.03804779052734,KERN,BAKERSFIELD,-119.03856658935547,35.381160736083984
81273719,2020,2020-07-24,1502,2020-07-21,2135,P94,,2,5,6,1502,0,0,0,,0,Metro,"MADISON ST","BRUNDAGE LN",0.00,,Y,A,-,Y,,,,,,,,,,Y,3,0,3,2,A,-,12,21453,A,M,D,C,A,A,H,-,C,A,0,,,,,Y,,A,01,0,1,2,0,0,0,0,0,0,"- ","- ",35.353691101074219,-118.99391174316406,KERN,BAKERSFIELD,-118.99413299560547,35.353908538818359
81273721,2020,2020-07-24,1502,2020-07-22,0047,1338,,3,5,6,1502,0,0,0,,0,South,"WIBLE RD","WHITE LN",18.00,S,N,A,-,N,,,,,,,,,,Y,4,0,2,2,A,-,03,22350,,N,C,C,A,A,H,-,C,A,0,,,,,Y,,A,01,0,0,2,0,0,0,0,0,0,"- ","- ",35.317840576171875,-119.03917694091797,KERN,BAKERSFIELD,-119.03908538818359,35.317741394042969
81273722,2020,2020-07-24,1502,2020-07-22,1448,1285,,3,5,6,1502,0,0,0,,0,Metro,"TRUXTUN AV","CHESTER AV",0.00,,Y,A,-,N,,,,,,,,,,Y,4,0,1,2,A,-,12,21453,A,N,D,C,A,A,H,-,A,A,0,,,,,Y,,D,22,0,0,1,0,0,0,0,0,0,"- ","- ",35.373310089111328,-119.01834869384766,KERN,BAKERSFIELD,-119.01889801025391,35.373271942138672
81273723,2020,2020-07-24,1502,2020-07-22,1758,P96,,3,5,6,1502,0,0,0,,0,Metro,"H ST","RICHLAND ST",40.00,N,N,A,-,N,,,,,,,,,,Y,4,0,2,2,A,-,03,22350,,M,C,C,A,A,H,-,A,D,0,,,,,Y,,-,99,0,0,2,0,0,0,0,0,0,"- ","- ",35.352981567382812,-119.02102661132812,KERN,BAKERSFIELD,-119.02120971679688,35.353111267089844
81274318,2020,2020-07-27,1502,2020-07-21,2324,1322,,2,5,6,1502,0,0,0,,0,Centra,"MING AV","BUENA VISTA RD",873.00,W,N,A,-,N,,,,,,,,,,Y,4,0,1,1,A,-,08,22107,,N,E,I,A,A,H,-,A,D,0,,,,,Y,,A,01,0,0,1,0,0,0,0,0,0,"- ","- ",35.340000152587891,-119.12870788574219,KERN,BAKERSFIELD,-119.13092041015625,35.339900970458984
81274320,2020,2020-07-27,1502,2020-07-22,1348,1285,,3,5,6,1502,0,0,0,,0,South,"PANAMA LN","STINE RD",0.00,,Y,A,-,N,,,,,,,,,,Y,4,0,1,2,A,-,12,21453,A,N,D,C,A,A,H,-,A,A,0,,,,,Y,,D,22,0,0,1,0,0,0,0,0,0,"- ","- ",35.295818328857422,-119.05697631835938,KERN,BAKERSFIELD,-119.05668640136719,35.2958984375
81274321,2020,2020-07-27,1502,2020-07-23,0949,1249,,4,5,6,1502,0,0,0,,0,Hill,"MOUNT VERNON AV","COLLEGE AV",0.00,,Y,A,-,N,,,,,,,,,,N,3,0,3,2,A,-,12,21453,A,N,D,C,A,A,H,-,A,A,0,,,,,Y,,A,01,0,1,2,0,0,0,0,0,0,"- ","- ",35.383148193359375,-118.96743774414062,KERN,BAKERSFIELD,-118.96739196777344,35.383029937744141
81274322,2020,2020-07-27,1502,2020-07-23,0945,1186,,4,5,6,1502,0,0,0,,0,Metro,"BEECH ST","21ST ST",0.00,,Y,A,-,N,,,,,,,,,,N,4,0,1,2,A,-,10,21950,A,F,G,B,B,A,H,-,A,D,0,Y,,,,Y,,-,99,0,0,1,0,1,0,0,0,0,"- ","- ",35.378318786621094,-119.03460693359375,KERN,BAKERSFIELD,-119.03514099121094,35.378181457519531
81274323,2020,2020-07-27,1502,2020-07-24,0025,1338,,5,5,6,1502,0,0,0,,0,Valley,"WIBLE RD","MING AV",0.00,,Y,A,-,N,,,,,,,,,,Y,4,0,2,2,A,-,01,23152,A,N,D,C,A,A,H,-,C,A,0,,,,,Y,Y,A,01,0,0,2,0,0,0,0,0,0,"- ","- ",35.338859558105469,-119.03977203369141,KERN,BAKERSFIELD,-119.03901672363281,35.33953857421875
81275246,2020,2020-07-28,1502,2020-07-18,2130,P17,,6,5,6,1502,0,0,0,,0,Metro,"P ST","BRUNDAGE LN",27.00,S,N,A,-,N,,,,,,,,,,N,4,0,3,2,A,-,03,22350,,M,C,C,A,A,H,-,D,A,0,,,,,Y,,-,99,0,0,3,0,0,0,0,0,0,"- ","- ",35.353809356689453,-119.01167297363281,KERN,BAKERSFIELD,-119.01188659667969,35.3538818359375
81275247,2020,2020-07-28,1502,2020-07-19,2128,1185,,7,5,6,1502,0,0,0,,0,,"CHESTER AV","13TH ST",15.00,S,N,A,-,N,,,,,,,,,,N,1,1,0,2,A,-,10,21950,A,F,G,B,B,A,H,-,C,D,0,Y,,,,Y,,-,99,0,0,0,1,0,0,0,0,0,"- ","- ",35.369461059570312,-119.01841735839844,KERN,BAKERSFIELD,-119.01889038085938,35.369434356689453
81275252,2020,2020-07-28,1502,2020-07-23,1339,P45,,4,5,6,1502,0,0,0,,0,Centra,"STOCKDALE HWY","MC DONALD WY",0.00,,Y,A,-,N,,,,,,,,,,Y,4,0,2,2,A,-,12,21453,A,N,D,C,A,A,H,-,A,A,0,,,,,Y,,A,01,0,0,2,0,0,0,0,0,0,"- ","- ",35.35369873046875,-119.05288696289062,KERN,BAKERSFIELD,-119.05223846435547,35.354141235351562
81275253,2020,2020-07-28,1502,2020-07-23,1530,P93,,4,5,6,1502,0,0,0,,0,South,"PANAMA LN","DENNEN ST",50.00,W,N,A,-,N,,,,,,,,,,N,4,0,3,2,A,-,03,22350,,N,C,C,A,A,H,-,A,D,0,,,,,Y,,A,01,0,0,3,0,0,0,0,0,0,"- ","- ",35.295989990234375,-119.0335693359375,KERN,BAKERSFIELD,-119.03322601318359,35.29595947265625
81275254,2020,2020-07-28,1502,2020-07-23,2033,P93,,4,5,6,1502,0,0,0,,0,Metro,"UNION AV","BRUNDAGE LN",137.00,N,N,A,-,Y,,,204,,,,,,,N,3,0,1,1,A,-,01,23152,A,M,E,I,A,A,H,-,C,A,0,,,,,Y,Y,D,22,0,1,0,0,0,0,0,0,0,"- ","- ",35.353710174560547,-119.00276947021484,KERN,BAKERSFIELD,-119.00300598144531,35.353710174560547
81275257,2020,2020-07-28,1502,2020-07-24,2053,1322,,5,5,6,1502,0,0,0,,0,Centra,"BUENA VISTA RD","RIVER RUN BL",50.00,S,N,A,-,N,,,,,,,,,,N,4,0,1,2,A,-,01,23152,A,N,C,C,A,A,H,-,C,D,0,,,,,Y,Y,A,07,0,0,1,0,0,0,0,0,0,"- ","- ",35.347091674804688,-119.12854766845703,KERN,BAKERSFIELD,-119.12798309326172,35.346733093261719
81275258,2020,2020-07-28,1502,2020-07-25,0445,1338,,6,5,6,1502,0,0,0,,0,Metro,"WILLIAMS ST","19TH ST",495.00,S,N,A,-,N,,,,,,,,,,Y,3,0,1,1,A,-,03,22350,,F,E,I,A,A,H,-,D,D,0,,,,,Y,,A,01,0,1,0,0,0,0,0,0,0,"- ","- ",35.370269775390625,-118.979736328125,KERN,BAKERSFIELD,-118.97981262207031,35.370033264160156
81275261,2020,2020-07-28,1502,2020-07-25,1701,P53,,6,5,6,1502,0,0,0,,0,Metro,"KING ST","BRUNDAGE LN",134.00,N,N,A,-,N,,,,,,,,,,Y,4,0,1,3,A,-,01,23152,A,N,B,E,A,A,H,-,A,D,0,,,,,Y,Y,A,08,0,0,1,0,0,0,0,0,0,"- ","- ",35.353691101074219,-118.99391174316406,KERN,BAKERSFIELD,-118.99413299560547,35.354278564453125
81276018,2020,2020-07-29,1502,2020-07-26,1147,P91,,7,5,6,1502,0,0,0,,0,Hill,"OSWELL ST","178 W ON FR OSWELL RAMP",0.00,,Y,A,-,Y,,,,,,,,,,N,4,0,1,2,A,-,12,21453,A,N,D,C,A,A,H,-,A,A,0,,,,,Y,,A,01,0,0,1,0,0,0,0,0,0,"- ","- ",35.396869659423828,-118.94966888427734,KERN,BAKERSFIELD,,
81276021,2020,2020-07-29,1502,2020-07-26,1928,1135,,7,5,6,1502,0,0,0,,0,Centra,"MING AV","GOSFORD RD",0.00,,Y,A,-,N,,,,,,,,,,Y,3,0,2,2,A,-,09,21453,C,N,D,C,A,A,H,-,A,A,0,,,,,Y,,A,01,0,1,1,0,0,0,0,0,0,"- ","- ",35.339588165283203,-119.09300231933594,KERN,BAKERSFIELD,-119.09233093261719,35.339828491210938
81276023,2020,2020-07-29,1502,2020-07-27,1658,1322,,1,5,6,1502,0,0,0,,0,North,"ROSEDALE HWY","CLAY PATRICK FARR WY",0.00,,Y,A,-,N,,,,,,,,,,Y,4,0,1,2,A,-,12,21453,A,N,D,C,A,A,H,-,A,A,0,,,,,Y,,D,22,0,0,1,0,0,0,0,0,0,"- ","- ",35.383369445800781,-119.10124969482422,KERN,BAKERSFIELD,-119.10102844238281,35.383548736572266
81276738,2020,2020-07-30,1502,2020-07-21,1308,1062,,2,5,6,1502,0,0,0,,0,Hill,"AIRPORT DR","STATE RD",0.00,,Y,A,-,N,,,,,,,,,,Y,3,0,1,2,A,-,12,21453,A,N,D,C,A,A,H,-,A,A,0,,,,,Y,,A,01,0,1,0,0,0,0,0,0,0,"- ","- ",35.402450561523438,-119.04074859619141,KERN,BAKERSFIELD,-119.04087829589844,35.403110504150391
81276739,2020,2020-07-30,1502,2020-07-27,1702,P94,,1,5,6,1502,0,0,0,,0,Metro,"TRUXTUN AV","EYE ST",0.00,,Y,A,-,N,,,,,,,,,,N,3,0,1,2,A,-,12,21453,A,N,H,G,A,A,H,-,A,A,0,,Y,,,Y,,L,04,0,1,0,0,0,0,1,0,0,"- ","- ",35.372570037841797,-119.02040100097656,KERN,BAKERSFIELD,-119.02004241943359,35.373409271240234
81278406,2020,2020-07-31,1502,2020-07-24,1307,1258,,5,5,6,1502,0,0,0,,0,South,"WIBLE RD","LOYALTON AV",0.00,,Y,A,-,N,,,,,,,,,,Y,4,0,3,2,A,-,09,21802,A,N,D,C,A,A,H,-,A,A,0,,,,,Y,,A,01,0,0,3,0,0,0,0,0,0,"- ","- ",35.297458648681641,-119.0394287109375,KERN,BAKERSFIELD,-119.03907012939453,35.297309875488281
81278408,2020,2020-07-31,1502,2020-07-26,2114,1241,,7,5,6,1502,0,0,0,,0,Valley,"MONITOR ST","PACHECO RD",25.00,N,N,A,-,N,,,,,,,,,,N,4,0,1,3,A,-,03,22350,,M,C,C,A,A,H,-,C,A,0,,,,,Y,,-,99,0,0,1,0,0,0,0,0,0,"- ","- ",35.310329437255859,-119.01220703125,KERN,BAKERSFIELD,-119.01188659667969,35.310466766357422
81278410,2020,2020-07-31,1502,2020-07-27,0850,1048,,1,5,6,1502,0,0,0,,0,Valley,"FAIRVIEW RD","MONITOR ST",20.00,E,N,A,-,N,,,,,,,,,,Y,4,0,1,2,A,-,01,23152,A,N,C,C,A,A,H,-,A,A,0,,,,,Y,Y,D,22,0,0,1,0,0,0,0,0,0,"- ","- ",35.302310943603516,-119.01320648193359,KERN,BAKERSFIELD,-119.01182556152344,35.303131103515625
81278412,2020,2020-07-31,1502,2020-07-28,1519,P96,,2,5,6,1502,0,0,0,,0,Metro,"BRUNDAGE LN","V ST",182.00,W,N,A,-,Y,,,,,,,,,,Y,3,0,2,2,A,-,09,21804,A,N,D,C,A,A,H,-,A,D,0,,,,,Y,,A,07,0,1,1,0,0,0,0,0,0,"- ","- ",35.353000640869141,-119.00559234619141,KERN,BAKERSFIELD,-119.00554656982422,35.353897094726562
81278416,2020,2020-07-31,1502,2020-07-29,0957,P97,,3,5,6,1502,0,0,0,,0,Centra,"NEW STINE RD","WILSON RD",0.00,,Y,A,-,N,,,,,,,,,,N,4,0,2,2,A,-,09,21453,B,N,D,C,A,A,H,-,A,A,0,,,,Y,Y,,A,01,0,0,2,0,0,0,0,0,0,"- ","- ",35.331741333007812,-119.05902862548828,KERN,BAKERSFIELD,-119.0582275390625,35.332168579101562
81278417,2020,2020-07-31,1502,2020-07-29,1227,1048,,3,5,6,1502,0,0,0,,0,Centra,"ACTIS ST","POSADA AV",192.00,N,N,A,-,N,,,,,,,,,,N,3,0,1,2,A,-,21,22106,,F,G,B,E,A,H,-,A,D,0,Y,,,,Y,,A,01,0,1,0,0,1,0,0,0,0,"- ","- ",35.329631805419922,-119.05317687988281,KERN,BAKERSFIELD,-119.05226135253906,35.330665588378906
81278418,2020,2020-07-31,1502,2020-07-29,1232,1185,,3,5,6,1502,0,0,0,,0,Metro,"10TH ST","P ST",0.00,,Y,A,-,N,,,,,,,,,,Y,3,0,2,2,A,-,09,21802,A,N,D,D,A,A,H,-,A,A,0,,,,,Y,,A,01,0,2,0,0,0,0,0,0,0,"- ","- ",35.366409301757812,-119.01145172119141,KERN,BAKERSFIELD,-119.01181793212891,35.366489410400391
81278419,2020,2020-07-31,1502,2020-07-29,1323,1185,,3,5,6,1502,0,0,0,,0,Metro,"8TH ST","V ST",0.00,,Y,A,-,N,,,,,,,,,,N,4,0,1,2,A,-,09,21801,A,M,D,C,A,A,H,-,A,D,0,,,,,Y,,-,99,0,0,1,0,0,0,0,0,0,"- ","- ",35.363658905029297,-119.00563049316406,KERN,BAKERSFIELD,-119.00514221191406,35.364559173583984
81278420,2020,2020-07-31,1502,2020-07-29,1534,1135,,3,5,6,1502,0,0,0,,0,Metro,"UNION AV","8TH ST (S)",0.00,,Y,A,-,N,,,204,,,,,,,Y,3,0,1,2,A,-,09,21801,A,F,D,C,A,A,H,-,A,D,0,,,,,Y,,A,01,0,1,0,0,0,0,0,0,0,"- ","- ",35.363479614257812,-119.00343322753906,KERN,BAKERSFIELD,-119.00296783447266,35.363479614257812
81278976,2020,2020-08-03,1502,2020-07-23,2206,1223,,4,5,6,1502,0,0,0,,0,Metro,"H ST","3RD ST",63.00,S,N,A,-,N,,,,,,,,,,N,2,0,1,2,A,-,11,21954,A,N,G,B,D,A,H,-,C,D,0,Y,,,,Y,,N,60,1,0,0,0,1,0,0,0,0,"- ","- ",35.358898162841797,-119.02097320556641,KERN,BAKERSFIELD,-119.02127838134766,35.358718872070312