CASE_ID,ACCIDENT_YEAR,PROC_DATE,JURIS,COLLISION_DATE,COLLISION_TIME,OFFICER_ID,REPORTING_DISTRICT,DAY_OF_WEEK,CHP_SHIFT,POPULATION,CNTY_CITY_LOC,SPECIAL_COND,BEAT_TYPE,CHP_BEAT_TYPE,CITY_DIVISION_LAPD,CHP_BEAT_CLASS,BEAT_NUMBER,PRIMARY_RD,SECONDARY_RD,DISTANCE,DIRECTION,INTERSECTION,WEATHER_1,WEATHER_2,STATE_HWY_IND,CALTRANS_COUNTY,CALTRANS_DISTRICT,STATE_ROUTE,ROUTE_SUFFIX,POSTMILE_PREFIX,POSTMILE,LOCATION_TYPE,RAMP_INTERSECTION,SIDE_OF_HWY,TOW_AWAY,COLLISION_SEVERITY,NUMBER_KILLED,NUMBER_INJURED,PARTY_COUNT,PRIMARY_COLL_FACTOR,PCF_CODE_OF_VIOL,PCF_VIOL_CATEGORY,PCF_VIOLATION,PCF_VIOL_SUBSECTION,HIT_AND_RUN,TYPE_OF_COLLISION,MVIW,PED_ACTION,ROAD_SURFACE,ROAD_COND_1,ROAD_COND_2,LIGHTING,CONTROL_DEVICE,CHP_ROAD_TYPE,PEDESTRIAN_ACCIDENT,BICYCLE_ACCIDENT,MOTORCYCLE_ACCIDENT,TRUCK_ACCIDENT,NOT_PRIVATE_PROPERTY,ALCOHOL_INVOLVED,STWD_VEHTYPE_AT_FAULT,CHP_VEHTYPE_AT_FAULT,COUNT_SEVERE_INJ,COUNT_VISIBLE_INJ,COUNT_COMPLAINT_PAIN,COUNT_PED_KILLED,COUNT_PED_INJURED,COUNT_BICYCLIST_KILLED,COUNT_BICYCLIST_INJURED,COUNT_MC_KILLED,COUNT_MC_INJURED,PRIMARY_RAMP,SECONDARY_RAMP,LATITUDE,LONGITUDE,COUNTY,CITY,POINT_X,POINT_Y
81371654,2020,2020-12-21,1502,2020-12-19,1817,1223,,6,5,6,1502,0,0,0,,0,Metro,"QUANTICO AV","BRUNDAGE LN",517.00,N,N,A,-,N,,,,,,,,,,N,4,0,1,2,A,-,11,21956,A,N,G,B,E,A,H,-,C,D,0,Y,,,,Y,,N,60,0,0,1,0,1,0,0,0,0,"- ","- ",35.354209899902344,-118.95902252197266,KERN,BAKERSFIELD,-118.95863342285156,35.35552978515625
8137311,2016,2016-10-10,1503,2016-09-19,1900,10105,1503,1,5,4,1503,0,0,0,,0,ALL,"EL CAPITAN DR","ALMOND TREE WY",0.00,E,N,A,-,N,,,,,,,,,,N,4,0,1,2,A,-,11,21950,B,N,G,B,D,A,H,-,B,D,0,Y,,,,Y,,N,60,0,0,1,0,1,0,0,0,0,"- ","- ",,,KERN,DELANO,-119.26504986,35.763290099999999
8137315,2016,2016-10-10,1503,2016-09-13,1453,10159,1503,2,5,4,1503,0,0,0,,0,ALL,"CECIL AV","ALBANY ST",0.00,,Y,A,-,N,,,,,,,,,,Y,3,0,2,2,A,-,09,21801,A,N,D,C,A,A,H,-,A,A,0,,,,,Y,,A,08,0,1,1,0,0,0,0,0,0,"- ","- ",,,KERN,DELANO,-119.25849998,35.775900010000001
8137331,2016,2016-10-10,1503,2016-09-08,0903,10146,1503,4,5,4,1503,0,0,0,,0,ALL,"HIGH ST","6TH AV",58.00,N,N,A,-,N,,,,,,,,,,Y,4,0,1,2,A,-,08,22107,,N,B,C,A,A,H,-,A,D,0,,,Y,,Y,,A,01,0,0,1,0,0,0,0,0,1,"- ","- ",,,KERN,DELANO,-119.24579692,35.7638563
8137335,2016,2016-10-10,1503,2016-09-02,0540,10164,1503,5,5,4,1503,0,0,0,,0,ALL,"CECIL AV","ALBANY ST",0.00,,Y,A,-,N,,,,,,,,,,Y,4,0,1,2,A,-,09,21801,A,N,A,C,A,A,H,-,A,A,0,,,,,Y,,A,01,0,0,1,0,0,0,0,0,0,"- ","- ",,,KERN,DELANO,-119.25849998,35.775900010000001
8137339,2016,2016-10-10,1503,2016-09-11,1510,10162,1503,7,5,4,1503,0,0,0,,0,ALL,"HIGH ST","7TH AV",209.00,N,N,A,-,N,,,,,,,,,,Y,4,0,1,2,A,-,09,21804,A,N,D,C,A,A,H,-,A,D,0,,,,,Y,,A,01,0,0,1,0,0,0,0,0,0,"- ","- ",,,KERN,DELANO,-119.24618495,35.765534440000003
81373568,2020,2020-12-23,1502,2020-12-15,0853,P17,,2,5,6,1502,0,0,0,,0,Valley,"WILSON RD","H ST",0.00,,Y,A,-,N,,,,,,,,,,Y,4,0,2,2,A,-,12,21453,A,N,D,C,A,A,H,-,A,A,0,,,,,Y,,-,"- ",0,0,2,0,0,0,0,0,0,"- ","- ",35.332180023193359,-119.021240234375,KERN,BAKERSFIELD,-119.02131652832031,35.332168579101562
81373569,2020,2020-12-23,1502,2020-12-18,0945,1185,,5,5,6,1502,0,0,0,,0,Metro,"21ST ST","BEACH PARK DR (W)",0.00,,Y,B,-,N,,,,,,,,,,N,4,0,1,2,A,-,09,21802,A,M,D,C,A,A,H,-,A,A,0,,,,,Y,,-,99,0,0,1,0,0,0,0,0,0,"- ","- ",35.378349304199219,-119.04032135009766,KERN,BAKERSFIELD,-119.04083251953125,35.378170013427734
81373570,2020,2020-12-23,1502,2020-12-18,1709,1223,,5,5,6,1502,0,0,0,,0,Centra,"RETRIEVER CT","EL RIO DR",0.00,,Y,A,-,N,,,,,,,,,,N,3,0,1,1,A,-,12,22450,A,N,F,A,A,A,H,-,B,A,0,,,Y,,Y,,C,06,0,1,0,0,0,0,0,0,1,"- ","- ",35.358829498291016,-119.0830078125,KERN,BAKERSFIELD,-119.08247375488281,35.359058380126953
81373571,2020,2020-12-23,1502,2020-12-19,2106,1322,,6,5,6,1502,0,0,0,,0,Hill,"GOLDEN STATE AV","O ST",0.00,,Y,A,-,N,,,204,,,,,,,Y,4,0,1,1,A,-,03,22350,,N,E,I,A,A,H,-,C,A,0,,,,,Y,,A,01,0,0,1,0,0,0,0,0,0,"- ","- ",35.383979797363281,-119.01290893554688,KERN,BAKERSFIELD,-119.01312255859375,35.383590698242188
81373573,2020,2020-12-23,1502,2020-12-21,0155,1188,,1,5,6,1502,0,0,0,,0,Metro,"TRUXTUN AV","WESTWIND DR",25.00,W,N,A,-,N,,,,,,,,,,N,3,0,2,2,A,-,01,23152,A,N,A,C,A,A,H,-,C,D,0,,,,,Y,Y,A,01,0,2,0,0,0,0,0,0,0,"- ","- ",35.374038696289062,-119.04206848144531,KERN,BAKERSFIELD,-119.0426025390625,35.373897552490234
81373575,2020,2020-12-23,1502,2020-12-22,0939,1291,,2,5,6,1502,0,0,0,,0,Metro,"SUMNER ST","GOLDEN STATE AV",500.00,E,N,A,-,Y,,,,,,,,,,N,4,0,1,2,A,-,11,21954,A,M,G,B,D,A,H,-,A,D,0,Y,,,,Y,,N,60,0,0,1,0,1,0,0,0,0,"- ","- ",35.380439758300781,-119.00482940673828,KERN,BAKERSFIELD,-119.00282287597656,35.379989624023438
81373577,2020,2020-12-23,1502,2020-12-21,1220,1291,,1,5,6,1502,0,0,0,,0,Valley,"GATEWAY AV","ENTERPRISE WY",640.00,W,N,A,-,N,,,,,,,,,,Y,2,0,1,1,A,-,03,22350,,N,E,I,A,A,H,-,A,D,0,,,Y,,Y,,C,02,1,0,0,0,0,0,0,0,1,"- ","- ",35.350101470947266,-118.97406768798828,KERN,BAKERSFIELD,-118.97566986083984,35.349918365478516
81374470,2020,2020-12-24,1502,2020-12-22,1045,1349,,2,5,6,1502,0,0,0,,0,Metro,"TULARE ST","MONTEREY ST",0.00,,Y,A,-,N,,,,,,,,,,Y,3,0,1,2,A,-,09,21802,A,N,D,D,A,A,H,-,A,A,0,,,,,Y,,D,22,0,1,0,0,0,0,0,0,0,"- ","- ",35.382068634033203,-118.99455261230469,KERN,BAKERSFIELD,-118.9945068359375,35.381690979003906
81375169,2020,2020-12-25,1502,2020-12-23,1806,P63,,3,5,6,1502,0,0,0,,0,Centra,"STOCKDALE HWY","MC DONALD WY",80.00,E,N,A,-,N,,,,,,,,,,N,3,0,3,2,A,-,01,23152,A,M,C,C,A,A,H,-,C,D,0,,,,,Y,Y,A,01,0,1,2,0,0,0,0,0,0,"- ","- ",35.354461669921875,-119.05204010009766,KERN,BAKERSFIELD,-119.05197143554688,35.354137420654297
81375171,2020,2020-12-25,1502,2020-12-24,0603,1185,,4,5,6,1502,0,0,0,,0,Metro,"MONTEREY ST","KERN ST",0.00,,Y,B,-,N,,,,,,,,,,Y,4,0,1,2,A,-,17,21657,,N,D,D,A,A,H,-,C,A,0,,,,,Y,Y,A,01,0,0,1,0,0,0,0,0,0,"- ","- ",35.381690979003906,-118.99301910400391,KERN,BAKERSFIELD,-118.99297332763672,35.381320953369141
81375172,2020,2020-12-25,1502,2020-12-24,1015,P45,,4,5,6,1502,0,0,0,,0,Hill,"COLUMBUS ST","WENATCHEE AV",174.00,W,N,B,-,N,,,,,,,,,,Y,3,0,1,1,A,-,08,22107,,N,E,I,A,A,H,-,A,D,0,,,,,Y,,A,01,0,1,0,0,0,0,0,0,0,"- ","- ",35.397720336914062,-118.95851135253906,KERN,BAKERSFIELD,-118.95922088623047,35.397693634033203
81375194,2020,2020-12-28,1502,2020-12-06,1741,1322,,7,5,6,1502,0,0,0,,0,Centra,"NEW STINE RD","WILSON RD",53.00,N,N,A,-,N,,,,,,,,,,Y,2,0,1,2,A,-,11,21456,B,N,G,B,B,A,H,-,D,D,0,Y,,,,Y,Y,N,60,1,0,0,0,1,0,0,0,0,"- ","- ",35.332061767578125,-119.05795288085938,KERN,BAKERSFIELD,-119.05828857421875,35.332305908203125
81375195,2020,2020-12-28,1502,2020-12-12,1656,1268,,6,5,6,1502,0,0,0,,0,Hill,"COLUMBUS ST","OSWELL ST",0.00,,Y,A,-,N,,,,,,,,,,N,4,0,1,2,A,-,09,21801,A,N,D,C,A,A,H,-,B,A,0,,,,,Y,,A,01,0,0,1,0,0,0,0,0,0,"- ","- ",35.400581359863281,-118.95063781738281,KERN,BAKERSFIELD,-118.95088195800781,35.400611877441406
81376520,2020,2020-12-29,1502,2020-12-15,1441,P17,,2,5,6,1502,0,0,0,,0,Valley,"EL TORO DR","BELLE TERRACE",102.00,S,N,A,-,N,,,,,,,,,,Y,2,0,1,1,A,-,03,22350,,N,F,A,A,A,H,-,A,A,0,,,Y,,Y,,C,03,1,0,0,0,0,0,0,0,1,"- ","- ",35.346668243408203,-119.01615142822266,KERN,BAKERSFIELD,-119.01626586914062,35.346408843994141
81376522,2020,2020-12-29,1502,2020-12-19,1646,1268,,6,5,6,1502,0,0,0,,0,Metro,"CHESTER AV","6TH ST",17.00,N,N,A,-,N,,,,,,,,,,Y,4,0,1,2,A,-,08,22107,,N,C,E,A,A,H,-,B,D,0,,,,,Y,,A,07,0,0,1,0,0,0,0,0,0,"- ","- ",35.362678527832031,-119.01853942871094,KERN,BAKERSFIELD,-119.01890563964844,35.362739562988281
81376527,2020,2020-12-29,1502,2020-12-23,1602,P63,,3,5,6,1502,0,0,0,,0,Metro,"BAKER ST","SUMNER ST",0.00,,Y,A,-,N,,,,,,,,,,Y,4,0,2,2,A,-,09,21801,A,F,D,C,A,A,H,-,A,A,0,,,,,Y,,A,01,0,0,2,0,0,0,0,0,0,"- ","- ",35.377250671386719,-118.99297332763672,KERN,BAKERSFIELD,-118.99288177490234,35.376911163330078
81376528,2020,2020-12-29,1502,2020-12-23,1440,1338,,3,5,6,1502,0,0,0,,0,Valley,"VALLEY PLAZA","MING AV",0.00,,Y,A,-,N,,,,,,,,,,N,4,0,1,2,A,-,08,22107,,M,B,C,A,A,H,-,A,A,0,,,,,Y,,-,99,0,0,1,0,0,0,0,0,0,"- ","- ",35.339599609375,-119.03704833984375,KERN,BAKERSFIELD,-119.03713989257812,35.339370727539062
81376529,2020,2020-12-29,1502,2020-12-23,1825,1322,,3,5,6,1502,0,0,0,,0,Centra,"STOCKDALE HWY","ALLEN RD",0.00,,Y,A,-,N,,,,,,,,,,Y,3,0,1,2,A,-,09,21453,C,N,D,C,A,A,H,-,C,A,0,,,,,Y,,A,01,0,1,0,0,0,0,0,0,0,"- ","- ",35.354629516601562,-119.14614868164062,KERN,BAKERSFIELD,-119.14553833007812,35.354389190673828
81376532,2020,2020-12-29,1502,2020-12-24,1838,1218,,4,5,6,1502,0,0,0,,0,Metro,"OSWELL ST","BRUNDAGE LN",139.00,N,N,A,-,N,,,,,,,,,,N,4,0,1,2,A,-,05,21650,1,M,D,G,A,A,H,-,C,D,0,,Y,,,Y,,L,04,0,0,1,0,0,0,1,0,0,"- ","- ",35.354190826416016,-118.95015716552734,KERN,BAKERSFIELD,-118.94991302490234,35.354572296142578
81376536,2020,2020-12-29,1502,2020-12-25,1252,1185,,5,5,6,1502,0,0,0,,0,Centra,"STOCKDALE HWY","STOCKDALE VILLAGE LN",457.00,W,N,A,-,N,,,,,,,,,,Y,4,0,2,2,A,-,09,21804,A,N,B,C,A,A,H,-,A,D,0,,,,,Y,,A,01,0,0,2,0,0,0,0,0,0,"- ","- ",35.353900909423828,-119.06773376464844,KERN,BAKERSFIELD,-119.07843780517578,35.354362487792969
81376541,2020,2020-12-29,1502,2020-12-26,1607,1267,,6,5,6,1502,0,0,0,,0,Valley,"PLANZ RD","PARKLAND CT",33.00,E,N,A,-,N,,,,,,,,,,N,3,0,1,2,A,-,06,21755,,F,C,G,A,A,H,-,A,D,0,,Y,,,Y,,-,99,0,1,0,0,0,0,1,0,0,"- ","- ",35.324848175048828,-119.01155853271484,KERN,BAKERSFIELD,-119.01129913330078,35.324901580810547
81376542,2020,2020-12-29,1502,2020-12-26,2311,1362,,6,5,6,1502,0,0,0,,0,Centra,"WHITE LN","LILY DR",479.00,W,N,A,-,N,,,,,,,,,,N,4,0,4,4,A,-,03,22350,,M,C,C,A,A,H,-,C,D,0,,,,,Y,,A,01,0,0,4,0,0,0,0,0,0,"- ","- ",35.318309783935547,-119.08348083496094,KERN,BAKERSFIELD,-119.08507537841797,35.318290710449219
81376543,2020,2020-12-29,1502,2020-12-26,2334,1265,,6,5,6,1502,0,0,0,,0,South,"PANAMA LN","ASHE RD",0.00,,Y,A,-,N,,,,,,,,,,Y,4,0,1,2,A,-,12,21453,A,N,D,C,A,A,H,-,C,A,0,,,,,Y,,A,01,0,0,1,0,0,0,0,0,0,"- ","- ",35.295730590820312,-119.07588195800781,KERN,BAKERSFIELD,-119.07447814941406,35.296058654785156
81376544,2020,2020-12-29,1502,2020-12-27,1309,P63,,7,5,6,1502,0,0,0,,0,Centra,"DISTRICT BL","CHANEY LN",0.00,,Y,A,-,N,,,,,,,,,,Y,4,0,1,3,A,-,03,22350,,N,E,I,A,A,H,-,A,A,0,,,,,Y,,A,01,0,0,1,0,0,0,0,0,0,"- ","- ",35.312679290771484,-119.10340881347656,KERN,BAKERSFIELD,-119.10334014892578,35.312431335449219
81377550,2020,2020-12-30,1502,2020-12-21,1852,1285,,1,5,6,1502,0,0,0,,0,"KERN C","OREGON ST","WEST DR",0.00,,Y,A,-,N,,,,,,,,,,N,3,0,1,2,A,-,11,21954,A,N,G,B,E,A,H,-,C,A,0,Y,,,,Y,,N,60,0,1,0,0,1,0,0,0,0,"- ","- ",35.379188537597656,-118.97373962402344,KERN,BAKERSFIELD,-118.97368621826172,35.379001617431641
81377561,2020,2020-12-30,1502,2020-12-29,1331,1285,,2,5,6,1502,0,0,0,,0,Centra,"AKERS RD","WILSON RD",0.00,,Y,A,-,N,,,,,,,,,,Y,4,0,2,3,A,-,03,22350,,F,C,C,A,A,H,-,A,A,0,,,,,Y,,-,99,0,0,2,0,0,0,0,0,0,"- ","- ",35.331741333007812,-119.04872131347656,KERN,BAKERSFIELD,-119.04782104492188,35.332260131835938
8137784,2016,2017-02-28,1500,2016-08-19,0751,20111,WA-02,5,5,3,1510,0,0,0,,0,4401,"RT 46","J ST",13.00,W,N,A,-,Y,KER,6,43,-,-,25.187,I,5,S,Y,4,0,1,2,-,-,"- ",,,N,D,C,A,A,H,-,A,A,0,,,,Y,Y,,-,"- ",0,0,1,0,0,0,0,0,0,"- ","- ",,,KERN,WASCO,-119.3336845,35.601533959999998
8137788,2016,2017-02-18,1500,2016-08-19,0613,20111,WA-02,5,5,3,1510,0,0,0,,0,4401,"RT 46","F ST",0.00,,Y,A,-,Y,KER,6,46,-,-,50.890,H,-,E,Y,4,0,1,2,A,-,00,21703,A,N,C,C,A,A,H,-,B,A,0,,,,,Y,,D,22,0,0,1,0,0,0,0,0,0,"- ","- ",,,KERN,WASCO,-119.33394767999999,35.601534200000003
8137796,2016,2016-10-18,1507,2016-10-03,0113,272,21,1,5,3,1507,0,0,0,,0,,"CHERRY AV","EAST LERDO HWY",1560.00,S,N,A,-,N,,,,,,,,,,Y,4,0,1,2,A,-,06,21750,,N,E,I,A,A,H,-,D,D,0,,,,,Y,,D,22,0,0,1,0,0,0,0,0,0,"- ","- ",35.499720000000003,-119.24272000000001,KERN,SHAFTER,-119.24281282,35.495579120000002
81378393,2020,2020-12-31,1502,2020-12-29,1941,P63,,2,5,6,1502,0,0,0,,0,Metro,"BAKER ST","CALIFORNIA AV",0.00,,Y,A,-,N,,,,,,,,,,Y,4,0,1,2,A,-,12,21453,A,N,H,G,A,A,H,-,C,A,0,,Y,,,Y,,L,04,0,0,1,0,0,0,1,0,0,"- ","- ",35.368820190429688,-118.99609375,KERN,BAKERSFIELD,-118.99587249755859,35.368419647216797
81380484,2020,2021-01-05,1502,2020-07-07,0457,1195,,2,5,6,1502,0,0,0,,0,Metro,"OAK ST","OAK PL",142.00,N,N,A,-,N,,,,,,,,,,N,1,1,0,2,A,-,17,21208,A,F,C,G,A,A,H,-,C,D,0,,Y,,,Y,,L,04,0,0,0,0,0,1,0,0,0,"- ","- ",35.358539581298828,-119.03946685791016,KERN,BAKERSFIELD,-119.03888702392578,35.359531402587891
81380485,2020,2021-01-05,1502,2020-10-30,1749,1223,,5,5,6,1502,0,0,0,,0,Centra,"STOCKDALE HWY","MONTCLAIR ST",0.00,,Y,A,-,N,,,,,,,,,,Y,1,1,2,2,A,-,09,21453,C,N,D,C,A,A,H,-,B,A,0,,,,,Y,,A,01,0,1,1,0,0,0,0,0,0,"- ","- ",35.353729248046875,-119.05520629882812,KERN,BAKERSFIELD,-119.05458068847656,35.354270935058594
81380486,2020,2021-01-05,1502,2020-11-20,1933,1223,,5,5,6,1502,0,0,0,,0,Centra,"MING AV","CANTER WY",0.00,,Y,A,-,N,,,,,,,,,,Y,1,1,0,2,A,-,11,21954,A,N,G,B,D,A,H,-,C,D,0,Y,,,,Y,,N,60,0,0,0,1,0,0,0,0,0,"- ","- ",35.339061737060547,-119.05702209472656,KERN,BAKERSFIELD,-119.05619812011719,35.339450836181641
81380487,2020,2021-01-05,1502,2020-12-06,1737,1258,,7,5,6,1502,0,0,0,,0,Metro,"UNION AV","BRUNDAGE LN",319.00,N,N,A,-,Y,,,204,,,,,,,N,3,0,1,2,A,-,11,21954,A,N,G,B,D,A,H,-,A,D,0,Y,,,,Y,,N,60,0,1,0,0,1,0,0,0,0,"- ","- ",35.353710174560547,-119.00276947021484,KERN,BAKERSFIELD,-119.00300598144531,35.353710174560547
81380491,2020,2021-01-05,1502,2020-12-24,1029,P82,,4,5,6,1502,0,0,0,,0,Centra,"TUBAC LN","WHITE LN",0.00,,Y,A,-,N,,,,,,,,,,N,4,0,1,2,A,-,10,21950,A,N,G,B,B,A,H,-,A,A,0,Y,,,,Y,,D,22,0,0,1,0,1,0,0,0,0,"- ","- ",35.318351745605469,-119.08645629882812,KERN,BAKERSFIELD,-119.08644866943359,35.31829833984375
81380494,2020,2021-01-05,1502,2020-12-25,1503,1268,,5,5,6,1502,0,0,0,,0,Metro,"BRUNDAGE LN","V ST",0.00,,Y,A,-,N,,,,,,,,,,Y,4,0,1,1,A,-,01,23152,A,N,E,I,A,A,H,-,A,A,0,,,,,Y,Y,A,01,0,0,1,0,0,0,0,0,0,"- ","- ",35.353759765625,-119.00473785400391,KERN,BAKERSFIELD,-119.00494384765625,35.353889465332031
81380496,2020,2021-01-05,1502,2020-12-28,0032,1241,,1,5,6,1502,0,0,0,,0,Metro,"UNION AV","4TH ST",22.00,N,N,C,-,N,,,204,,,,,,,N,3,0,1,2,A,-,11,21954,A,N,G,B,D,B,H,-,C,A,0,Y,,,,Y,,N,60,0,1,0,0,1,0,0,0,0,"- ","- ",35.360618591308594,-119.00264739990234,KERN,BAKERSFIELD,-119.00298309326172,35.360622406005859
81380507,2020,2021-01-05,1502,2020-12-30,2344,1265,,3,5,6,1502,0,0,0,,0,Centra,"MING AV","GREENSWARD WY",73.00,E,N,A,-,N,,,,,,,,,,Y,4,0,1,2,A,-,09,21801,A,N,C,C,A,B,H,-,C,D,0,,,,,Y,Y,A,01,0,0,1,0,0,0,0,0,0,"- ","- ",35.334781646728516,-119.07218170166016,KERN,BAKERSFIELD,-119.0721435546875,35.334884643554688
81380511,2021,2021-01-05,1502,2021-01-02,1911,1267,,6,5,6,1502,0,0,0,,0,Metro,"23RD ST","H ST",0.00,,Y,A,-,N,,,,,,,,,,N,4,0,2,2,A,-,12,21453,A,N,D,C,A,A,H,-,C,A,0,,,,,Y,,A,01,0,0,2,0,0,0,0,0,0,"- ","- ",35.380039215087891,-119.02060699462891,KERN,BAKERSFIELD,-119.02114868164062,35.380062103271484
81380521,2021,2021-01-05,1502,2021-01-01,1319,1213,,5,5,6,1502,0,0,0,,0,Metro,"UNION AV","BRUNDAGE LN",45.00,S,N,A,-,N,,,204,,,,,,,Y,4,0,2,3,A,-,03,22350,,M,C,C,A,A,H,-,A,D,0,,,,,Y,,-,99,0,0,2,0,0,0,0,0,0,"- ","- ",35.353710174560547,-119.00276947021484,KERN,BAKERSFIELD,-119.00300598144531,35.353710174560547
81380527,2021,2021-01-05,1502,2021-01-02,1446,1223,,6,5,6,1502,0,0,0,,0,Valley,"WATTS DR","LOTUS LN",0.00,,Y,A,-,N,,,,,,,,,,Y,2,0,4,2,A,-,01,23152,A,N,D,C,A,A,H,-,A,A,0,,,,,Y,Y,A,01,1,0,3,0,0,0,0,0,0,"- ","- ",35.331188201904297,-118.99076843261719,KERN,BAKERSFIELD,-118.98984527587891,35.332191467285156
8138104,2016,2016-10-17,1500,2016-08-24,0554,201081,"WA 02",3,5,3,1510,0,0,0,,0,4401,"BROADWAY RD","7TH PL",45.00,N,N,A,-,N,,,,,,,,,,N,4,0,1,2,D,-,00,,,N,G,B,E,A,H,-,B,D,0,Y,,,,Y,,-,"- ",0,0,1,0,1,0,0,0,0,"- ","- ",,,KERN,WASCO,-119.33819856,35.593493500000001
8138110,2016,2017-02-18,1500,2016-09-16,2226,202302,WA02,5,5,3,1510,0,0,0,,0,4401,"RT 43","JACKSON AV",130.00,N,N,A,-,Y,KER,6,43,-,-,16.650,H,-,N,Y,4,0,1,2,A,-,08,22107,,N,C,C,A,A,H,-,D,D,0,,,,,Y,,A,01,0,0,1,0,0,0,0,0,0,"- ","- ",,,KERN,WASCO,-119.27177148,35.500680750000001
81381505,2021,2021-01-06,1502,2021-01-03,1720,1249,,7,5,6,1502,0,0,0,,0,Valley,"H ST","WHITE LN",25.00,N,N,A,-,N,,,,,,,,,,N,4,0,2,2,A,-,03,22350,,M,C,C,A,A,H,-,A,D,0,,,,,Y,,A,01,0,0,2,0,0,0,0,0,0,"- ","- ",35.317661285400391,-119.02143096923828,KERN,BAKERSFIELD,-119.0213623046875,35.317680358886719
81382963,2020,2021-01-07,1502,2020-12-15,1643,P17,,2,5,6,1502,0,0,0,,0,Hill,"COLUMBUS ST","VASSAR ST",0.00,,Y,A,-,N,,,,,,,,,,Y,3,0,2,2,A,-,09,21802,A,N,D,C,A,A,H,-,B,A,0,,,,,Y,,A,01,0,1,1,0,0,0,0,0,0,"- ","- ",35.397701263427734,-118.96540832519531,KERN,BAKERSFIELD,-118.96556854248047,35.397640228271484
81382964,2020,2021-01-07,1502,2020-12-28,0848,P17,,1,5,6,1502,0,0,0,,0,North,"HAGEMAN RD","PATTON WY",0.00,,Y,B,C,N,,,,,,,,,,Y,4,0,2,2,A,-,12,21453,A,N,D,C,A,B,H,-,A,A,0,,,,,Y,,A,01,0,0,2,0,0,0,0,0,0,"- ","- ",35.401271820068359,-119.08326721191406,KERN,BAKERSFIELD,-119.08332061767578,35.40155029296875
81383841,2021,2021-01-08,1502,2021-01-03,0244,1362,,7,5,6,1502,0,0,0,,0,Metro,"MONTEREY ST","ROBINSON ST",42.00,E,N,A,-,N,,,,,,,,,,N,3,0,1,2,A,-,08,22107,,F,G,B,E,A,H,-,C,D,0,Y,,,,Y,Y,-,99,0,1,0,0,1,0,0,0,0,"- ","- ",35.379390716552734,-118.98377227783203,KERN,BAKERSFIELD,-118.98355102539062,35.37908935546875
81383843,2021,2021-01-08,1502,2021-01-04,1419,1249,,1,5,6,1502,0,0,0,,0,Hill,"NILES ST","ALTA VISTA DR",0.00,,Y,A,-,N,,,,,,,,,,Y,2,0,1,2,A,-,12,21453,A,N,D,C,A,A,H,-,A,A,0,,,,,Y,,-,"- ",1,0,0,0,0,0,0,0,0,"- ","- ",35.382999420166016,-118.99727630615234,KERN,BAKERSFIELD,-118.99704742431641,35.383987426757812
81383846,2021,2021-01-08,1502,2021-01-06,2145,1349,,3,5,6,1502,0,0,0,,0,Metro,"OAK ST","PALM ST",45.00,S,N,A,-,N,,,,,,,,,,Y,3,0,1,2,A,-,03,22350,,N,C,C,A,A,H,-,C,A,0,,,,,Y,,A,01,0,1,0,0,0,0,0,0,0,"- ","- ",35.361541748046875,-119.03848266601562,KERN,BAKERSFIELD,-119.03887176513672,35.361236572265625
81383848,2021,2021-01-08,1502,2021-01-02,1330,1213,,6,5,6,1502,0,0,0,,0,Metro,"MONTEREY ST","HALEY ST",323.00,E,N,A,-,N,,,,,,,,,,N,3,0,1,1,A,-,08,22107,,N,E,I,A,A,H,-,A,D,0,,,Y,,Y,,C,02,0,1,0,0,0,0,0,0,1,"- ","- ",35.378620147705078,-118.98068237304688,KERN,BAKERSFIELD,-118.97960662841797,35.378082275390625
81384539,2020,2021-01-11,1502,2020-12-28,0749,P17,,1,5,6,1502,0,0,0,,0,North,"ROSEDALE HWY","CALLOWAY DR",0.00,,Y,C,-,N,,,,,,,,,,Y,3,0,2,3,A,-,12,21453,A,N,D,C,A,B,H,-,A,A,0,,,,,Y,,A,07,0,1,1,0,0,0,0,0,0,"- ","- ",35.383480072021484,-119.11012268066406,KERN,BAKERSFIELD,-119.10994720458984,35.383541107177734
81384540,2020,2021-01-11,1502,2020-12-31,0504,1362,,4,5,6,1502,0,0,0,,0,Hill,"30TH ST","Q ST",0.00,,Y,A,-,N,,,,,,,,,,N,4,0,1,2,A,-,12,22450,A,N,D,D,A,B,H,-,C,A,0,,,,,Y,,D,22,0,0,1,0,0,0,0,0,0,"- ","- ",35.3856201171875,-119.0107421875,KERN,BAKERSFIELD,-119.01055908203125,35.386470794677734
81384544,2021,2021-01-11,1502,2021-01-06,1105,P17,,3,5,6,1502,0,0,0,,0,Hill,"UNIVERSITY AV","REDLANDS DR",165.00,W,N,A,-,N,,,,,,,,,,Y,3,0,1,2,A,-,08,22107,,N,A,E,A,A,H,-,A,D,0,,,,,Y,,A,01,0,1,0,0,0,0,0,0,0,"- ","- ",35.405101776123047,-118.95223999023438,KERN,BAKERSFIELD,-118.95303344726562,35.405071258544922
81384545,2021,2021-01-11,1502,2021-01-06,1141,1322,,3,5,6,1502,0,0,0,,0,South,"STINE RD","HOSKING AV",0.00,,Y,A,-,N,,,,,,,,,,Y,4,0,2,3,A,-,12,21453,A,M,D,C,A,A,H,-,A,A,0,,,,,Y,,A,07,0,0,2,0,0,0,0,0,0,"- ","- ",35.281341552734375,-119.05715942382812,KERN,BAKERSFIELD,-119.05667877197266,35.281387329101562