CASE_ID,ACCIDENT_YEAR,PROC_DATE,JURIS,COLLISION_DATE,COLLISION_TIME,OFFICER_ID,REPORTING_DISTRICT,DAY_OF_WEEK,CHP_SHIFT,POPULATION,CNTY_CITY_LOC,SPECIAL_COND,BEAT_TYPE,CHP_BEAT_TYPE,CITY_DIVISION_LAPD,CHP_BEAT_CLASS,BEAT_NUMBER,PRIMARY_RD,SECONDARY_RD,DISTANCE,DIRECTION,INTERSECTION,WEATHER_1,WEATHER_2,STATE_HWY_IND,CALTRANS_COUNTY,CALTRANS_DISTRICT,STATE_ROUTE,ROUTE_SUFFIX,POSTMILE_PREFIX,POSTMILE,LOCATION_TYPE,RAMP_INTERSECTION,SIDE_OF_HWY,TOW_AWAY,COLLISION_SEVERITY,NUMBER_KILLED,NUMBER_INJURED,PARTY_COUNT,PRIMARY_COLL_FACTOR,PCF_CODE_OF_VIOL,PCF_VIOL_CATEGORY,PCF_VIOLATION,PCF_VIOL_SUBSECTION,HIT_AND_RUN,TYPE_OF_COLLISION,MVIW,PED_ACTION,ROAD_SURFACE,ROAD_COND_1,ROAD_COND_2,LIGHTING,CONTROL_DEVICE,CHP_ROAD_TYPE,PEDESTRIAN_ACCIDENT,BICYCLE_ACCIDENT,MOTORCYCLE_ACCIDENT,TRUCK_ACCIDENT,NOT_PRIVATE_PROPERTY,ALCOHOL_INVOLVED,STWD_VEHTYPE_AT_FAULT,CHP_VEHTYPE_AT_FAULT,COUNT_SEVERE_INJ,COUNT_VISIBLE_INJ,COUNT_COMPLAINT_PAIN,COUNT_PED_KILLED,COUNT_PED_INJURED,COUNT_BICYCLIST_KILLED,COUNT_BICYCLIST_INJURED,COUNT_MC_KILLED,COUNT_MC_INJURED,PRIMARY_RAMP,SECONDARY_RAMP,LATITUDE,LONGITUDE,COUNTY,CITY,POINT_X,POINT_Y
81408139,2021,2021-02-15,1502,2021-01-27,0323,1265,,3,5,6,1502,0,0,0,,0,North,"ALLEN RD","WESTSIDE PKWY E ON FROM ALLEN RD",0.00,,Y,A,-,N,,,,,,,,,,Y,4,0,1,2,A,-,08,22107,,N,E,I,A,A,H,-,C,A,0,,,,,Y,,J,48,0,0,1,0,0,0,0,0,0,"- ","- ",35.360988616943359,-119.14605712890625,KERN,BAKERSFIELD,-119.1455078125,35.361152648925781
81408142,2021,2021-02-15,1502,2021-02-10,1353,P45,,3,5,6,1502,0,0,0,,0,Metro,"NILES ST","WILLIAMS ST",174.00,W,N,A,-,N,,,,,,,,,,Y,3,0,2,1,A,-,08,22107,,N,E,I,A,A,H,-,A,D,0,,,,,Y,,A,01,0,2,0,0,0,0,0,0,0,"- ","- ",35.378910064697266,-118.97721099853516,KERN,BAKERSFIELD,-118.97712707519531,35.378639221191406
81408514,2021,2021-02-16,1502,2021-01-30,2309,P75,,6,5,6,1502,0,0,0,,0,Valley,"MOUNT VERNON AV","58 W OFF TO S MT VERNON RAMP",0.00,,Y,A,-,Y,,,,,,,,,,Y,4,0,3,2,A,-,09,21801,A,N,D,C,A,A,H,-,D,A,0,,,,,Y,Y,A,01,0,0,3,0,0,0,0,0,0,"- ","- ",35.353679656982422,-118.96788787841797,KERN,BAKERSFIELD,-118.96761322021484,35.354061126708984
81408515,2021,2021-02-16,1502,2021-02-01,1913,1285,,1,5,6,1502,0,0,0,,0,Hill,"OSWELL ST","BERNARD ST",180.00,N,N,A,-,N,,,,,,,,,,N,4,0,1,2,A,-,11,21954,A,N,G,B,D,A,A,H,C,D,0,Y,,,,Y,,N,60,0,0,1,0,1,0,0,0,0,"- ","- ",35.392269134521484,-118.94966888427734,KERN,BAKERSFIELD,-118.94985198974609,35.392753601074219
81408518,2021,2021-02-16,1502,2021-02-04,2120,1349,,4,5,6,1502,0,0,0,,0,Metro,"CALIFORNIA AV","H ST",0.00,,Y,A,-,N,,,,,,,,,,Y,4,0,1,2,A,-,09,21806,A,N,D,D,A,A,H,-,C,A,0,,,,,Y,,A,01,0,0,1,0,0,0,0,0,0,"- ","- ",35.367729187011719,-119.02162933349609,KERN,BAKERSFIELD,-119.02123260498047,35.368442535400391
81408525,2021,2021-02-16,1502,2021-02-11,1330,P45,,4,5,6,1502,0,0,0,,0,Metro,"BAKER ST","21ST ST",0.00,,Y,A,-,N,,,,,,,,,,N,3,0,1,2,A,-,08,22107,,M,H,G,A,A,H,-,A,A,0,,Y,,,Y,,-,99,0,1,0,0,0,0,1,0,0,"- ","- ",35.376201629638672,-118.99336242675781,KERN,BAKERSFIELD,-118.99324798583984,35.375839233398438
81408531,2021,2021-02-16,1502,2021-02-14,2021,1268,,7,5,6,1502,0,0,0,,0,Metro,"CHESTER AV","1ST ST",90.00,S,N,A,-,N,,,,,,,,,,N,3,0,1,2,A,-,11,21954,A,N,G,B,D,A,H,-,C,D,0,Y,,,,Y,,N,60,0,1,0,0,1,0,0,0,0,"- ","- ",35.355068206787109,-119.0186767578125,KERN,BAKERSFIELD,-119.01892852783203,35.354843139648438
81409608,2020,2021-02-17,1502,2020-06-13,0135,1185,,6,5,6,1502,0,0,0,,0,Metro,"24TH ST","C ST (N)",165.00,W,N,A,-,Y,,,,,,,,,,Y,1,1,0,1,A,-,01,23152,A,N,E,I,A,A,D,-,D,D,0,,,,,Y,Y,A,01,0,0,0,0,0,0,0,0,0,"- ","- ",35.380531311035156,-119.02642822265625,KERN,BAKERSFIELD,-119.02751922607422,35.381038665771484
81409609,2020,2021-02-17,1502,2020-08-19,0501,1225,,3,5,6,1502,0,0,0,,0,Valley,"HOSKING AV","MONITOR ST",0.00,,Y,A,-,N,,,,,,,,,,Y,1,1,1,2,A,-,12,21453,A,N,D,C,A,A,H,-,C,A,0,,,,,Y,,-,"- ",0,0,1,0,0,0,0,0,0,"- ","- ",35.281280517578125,-119.01258850097656,KERN,BAKERSFIELD,-119.01188659667969,35.281360626220703
81409611,2021,2021-02-17,1502,2021-02-08,1917,P63,,1,5,6,1502,0,0,0,,0,Centra,"WHITE LN","WIBLE RD",81.00,W,N,A,-,N,,,,,,,,,,Y,4,0,1,3,A,-,07,21658,A,N,B,C,A,A,H,-,C,D,0,,,,,Y,,A,01,0,0,1,0,0,0,0,0,0,"- ","- ",35.317840576171875,-119.03917694091797,KERN,BAKERSFIELD,-119.03936004638672,35.317790985107422
81409615,2021,2021-02-17,1502,2021-02-15,1620,1291,,1,5,6,1502,0,0,0,,0,Centra,"WILSON RD","NEW STINE RD",35.00,W,N,A,B,N,,,,,,,,,,N,4,0,2,2,A,-,03,22350,,N,C,C,A,A,H,-,A,A,0,,,,,Y,,D,22,0,0,2,0,0,0,0,0,0,"- ","- ",35.332061767578125,-119.05795288085938,KERN,BAKERSFIELD,-119.05834197998047,35.3321533203125
81409616,2021,2021-02-17,1502,2021-02-15,2020,1285,,1,5,6,1502,0,0,0,,0,Valley,"HUGHES LN","BELVEDERE AV",0.00,,Y,A,-,N,,,,,,,,,,Y,3,0,4,2,A,-,01,23152,A,N,D,C,A,A,H,-,C,A,0,,,,,Y,Y,A,07,0,1,3,0,0,0,0,0,0,"- ","- ",35.328231811523438,-119.03016662597656,KERN,BAKERSFIELD,-119.03007507324219,35.32818603515625
81410555,2020,2021-02-18,1502,2020-09-02,2139,1213,,3,5,6,1502,0,0,0,,0,North,"CALLOWAY DR","FLUSHING QUAIL RD",289.00,S,N,A,-,N,,,,,,,,,,Y,1,1,0,2,A,-,11,21954,A,N,G,B,D,A,H,-,C,D,0,Y,,,,Y,,N,60,0,0,0,1,0,0,0,0,0,"- ","- ",35.386100769042969,-119.11009216308594,KERN,BAKERSFIELD,-119.10993957519531,35.385295867919922
81410557,2021,2021-02-18,1502,2021-02-12,0836,P75,,5,5,6,1502,0,0,0,,0,Metro,"MONTEREY ST","OWENS ST",0.00,,Y,A,-,N,,,,,,,,,,Y,3,0,1,2,A,-,09,21802,A,F,D,C,A,A,H,-,A,A,0,,,,,Y,,-,99,0,1,0,0,0,0,0,0,0,"- ","- ",35.380161285400391,-118.98683929443359,KERN,BAKERSFIELD,-118.98677825927734,35.379863739013672
81410558,2021,2021-02-18,1502,2021-02-12,1453,1359,,5,5,6,1502,0,0,0,,0,Centra,"MING AV","NEW STINE RD",363.00,E,N,A,-,N,,,,,,,,,,Y,4,0,1,2,A,-,03,22350,,N,C,C,A,A,H,-,A,A,0,,,,,Y,,A,01,0,0,1,0,0,0,0,0,0,"- ","- ",35.338069915771484,-119.06059265136719,KERN,BAKERSFIELD,-119.05986785888672,35.338634490966797
81410561,2021,2021-02-18,1502,2021-02-15,1402,1347,,1,5,6,1502,0,0,0,,0,Metro,"CHESTER AV","BRUNDAGE LN",38.00,N,N,A,-,N,,,,,,,,,,Y,4,0,1,2,A,-,11,21954,A,N,G,B,D,A,H,-,A,D,0,Y,,,,Y,,N,60,0,0,1,0,1,0,0,0,0,"- ","- ",35.353199005126953,-119.01953887939453,KERN,BAKERSFIELD,-119.01892852783203,35.354103088378906
81410562,2021,2021-02-18,1502,2021-02-15,1518,1291,,1,5,6,1502,0,0,0,,0,Centra,"MC DONALD WY","BELLE TERRACE (W)",10.00,S,N,B,-,N,,,,,,,,,,Y,4,0,1,2,A,-,01,23152,F,N,D,C,A,A,H,-,A,A,0,,,,,Y,,D,22,0,0,1,0,0,0,0,0,0,"- ","- ",35.347118377685547,-119.05284118652344,KERN,BAKERSFIELD,-119.05298614501953,35.346813201904297
81410563,2021,2021-02-18,1502,2021-02-15,1750,1285,,1,5,6,1502,0,0,0,,0,Valley,"VALENTINE ST","HUGHES LN",409.00,E,N,A,-,N,,,,,,,,,,N,4,0,1,2,A,-,09,21804,A,N,D,G,A,A,H,-,C,D,0,,Y,,,Y,,L,04,0,0,1,0,0,0,1,0,0,"- ","- ",35.301559448242188,-119.03140258789062,KERN,BAKERSFIELD,-119.02870941162109,35.302219390869141
81410566,2021,2021-02-18,1502,2021-02-15,2122,1285,,1,5,6,1502,0,0,0,,0,Valley,"H ST","WHITE LN",745.00,N,N,A,-,N,,,,,,,,,,N,3,0,1,2,A,-,11,21954,A,M,G,B,D,A,H,-,C,D,0,Y,,,,Y,Y,N,60,0,1,0,0,1,0,0,0,0,"- ","- ",35.316898345947266,-119.02232360839844,KERN,BAKERSFIELD,-119.02133941650391,35.319652557373047
81410568,2021,2021-02-18,1502,2021-02-17,1011,1213,,3,5,6,1502,0,0,0,,0,Valley,"BELLE TERRACE","DAWN ST",0.00,,Y,A,-,N,,,,,,,,,,Y,3,0,2,2,A,-,09,21801,A,N,A,C,A,A,H,-,A,A,0,,,Y,,Y,,A,01,0,1,1,0,0,0,0,0,1,"- ","- ",35.346588134765625,-119.00678253173828,KERN,BAKERSFIELD,-119.00691223144531,35.346698760986328
81412034,2021,2021-02-22,1502,2021-02-07,2315,1349,,7,5,6,1502,0,0,0,,0,Metro,"EDISON HWY","OSWELL ST S",0.00,,Y,A,-,N,,,,,,,,,,Y,3,0,2,2,A,-,12,21453,A,F,D,D,A,A,H,-,C,A,0,,,,,Y,,D,22,0,2,0,0,0,0,0,0,0,"- ","- ",35.367038726806641,-118.95078277587891,KERN,BAKERSFIELD,-118.95018005371094,35.366867065429688
81412038,2021,2021-02-22,1502,2021-02-14,0239,1168,,7,5,6,1502,0,0,0,,0,Valley,"PLANZ RD","BENTON ST",48.00,E,N,A,-,N,,,,,,,,,,Y,4,0,1,1,A,-,08,22107,,N,E,I,A,A,H,-,C,D,0,,,,,Y,,A,07,0,0,1,0,0,0,0,0,0,"- ","- ",35.324989318847656,-119.02821350097656,KERN,BAKERSFIELD,-119.02793121337891,35.324928283691406
81412039,2021,2021-02-22,1502,2021-02-17,1704,P75,,3,5,6,1502,0,0,0,,0,Metro,"BRUNDAGE LN","MILHAM DR",17.00,E,N,A,-,N,,,,,,,,,,N,4,0,1,2,A,-,08,22107,,F,H,G,A,A,H,-,A,D,0,,Y,,,Y,Y,-,99,0,0,1,0,0,0,1,0,0,"- ","- ",35.35369873046875,-118.99539947509766,KERN,BAKERSFIELD,-118.99555206298828,35.353900909423828
81412040,2021,2021-02-22,1502,2021-02-18,0920,P45,,4,5,6,1502,0,0,0,,0,South,"HARRIS RD","RELIANCE DR",0.00,,Y,B,-,N,,,,,,,,,,Y,3,0,3,2,A,-,12,22450,A,N,D,C,A,A,H,-,A,A,0,,,,,Y,,-,"- ",0,1,2,0,0,0,0,0,0,"- ","- ",35.304111480712891,-119.07990264892578,KERN,BAKERSFIELD,-119.07971954345703,35.304019927978516
81412041,2021,2021-02-22,1502,2021-02-18,1213,1213,,4,5,6,1502,0,0,0,,0,South,"PANAMA LN","WIBLE RD",493.00,W,N,A,-,N,,,,,,,,,,N,3,0,1,2,A,-,11,21456,B,N,G,B,B,A,H,-,A,A,0,Y,,,,Y,,N,60,0,1,0,0,1,0,0,0,0,"- ","- ",35.296051025390625,-119.03943634033203,KERN,BAKERSFIELD,-119.04071807861328,35.295860290527344
81412042,2021,2021-02-22,1502,2021-02-19,0734,1213,,5,5,6,1502,0,0,0,,0,Metro,"23RD ST","CHESTER AV",0.00,,Y,A,-,N,,,,,,,,,,N,4,0,1,2,A,-,08,22107,,M,B,C,A,A,H,-,A,A,0,,,,,Y,,-,99,0,0,1,0,0,0,0,0,0,"- ","- ",35.379261016845703,-119.01905822753906,KERN,BAKERSFIELD,-119.01885986328125,35.380054473876953
81412123,2021,2021-02-22,1502,2021-02-17,2034,1267,,3,5,6,1502,0,0,0,,0,Valley,"LOTUS LN","CASA LOMA DR",481.00,S,N,-,-,N,,,,,,,,,,Y,4,0,2,2,A,-,06,21750,,M,D,C,A,A,H,-,C,D,0,,,,,Y,,A,07,0,0,2,0,0,0,0,0,0,"- ","- ",35.339210510253906,-118.98982238769531,KERN,BAKERSFIELD,-118.98985290527344,35.338169097900391
81412125,2021,2021-02-22,1502,2021-02-18,1912,P93,,4,5,6,1502,0,0,0,,0,Metro,"TRUXTUN AV","KERN ST",0.00,,Y,A,-,N,,,,,,,,,,Y,3,0,3,2,A,-,09,21802,A,N,D,D,A,A,H,-,C,A,0,,,,,Y,,A,07,0,1,2,0,0,0,0,0,0,"- ","- ",35.373828887939453,-118.99591827392578,KERN,BAKERSFIELD,-118.99574279785156,35.373508453369141
81413218,2021,2021-02-23,1502,2021-02-12,1723,1359,,5,5,6,1502,0,0,0,,0,Metro,"KENTUCKY ST","ROBINSON ST",0.00,,Y,A,-,N,,,,,,,,,,Y,2,0,1,2,A,-,09,21801,A,N,D,C,A,A,H,-,A,A,0,,,Y,,Y,,A,01,1,0,0,0,0,0,0,0,1,"- ","- ",35.377288818359375,-118.98455047607422,KERN,BAKERSFIELD,-118.98445129394531,35.377002716064453
81414079,2021,2021-02-24,1502,2021-02-18,0041,1349,,4,5,6,1502,0,0,0,,0,Valley,"REDBANK RD","STERLING RD",10.00,E,N,A,-,N,,,,,,,,,,Y,3,0,1,1,A,-,01,23152,A,F,E,J,A,A,H,-,C,A,0,,,,,Y,Y,A,01,0,1,0,0,0,0,0,0,0,"- ","- ",35.339649200439453,-118.94143676757812,KERN,BAKERSFIELD,-118.94090270996094,35.339778900146484
81414085,2021,2021-02-24,1502,2021-02-22,1602,P63,,1,5,6,1502,0,0,0,,0,South,"ASHE RD","DISTRICT BL",2.00,N,N,A,-,N,,,,,,,,,,Y,4,0,2,2,A,-,03,22350,,N,C,C,A,A,H,-,A,A,0,,,,,Y,,A,07,0,0,2,0,0,0,0,0,0,"- ","- ",35.312808990478516,-119.07559967041016,KERN,BAKERSFIELD,-119.07444763183594,35.313125610351562
81414863,2021,2021-02-25,1502,2021-02-21,1621,1241,,7,5,6,1502,0,0,0,,0,South,"AKERS RD","AMHERST FOREST RD",31.00,S,N,A,-,N,,,,,,,,,,N,4,0,1,2,A,-,09,21801,A,N,E,I,A,A,H,-,A,D,0,,,,,Y,,A,01,0,0,1,0,0,0,0,0,0,"- ","- ",35.290340423583984,-119.04927825927734,KERN,BAKERSFIELD,-119.04779815673828,35.290786743164062
81416662,2021,2021-02-26,1502,2021-02-24,0602,1218,,3,5,6,1502,0,0,0,,0,Valley,"H ST","PACHECO RD",0.00,,Y,A,-,N,,,,,,,,,,Y,4,0,1,2,A,-,12,21453,A,F,D,C,A,A,H,-,A,A,0,,,,,Y,,D,22,0,0,1,0,0,0,0,0,0,"- ","- ",35.310398101806641,-119.02153015136719,KERN,BAKERSFIELD,-119.02130889892578,35.310394287109375
81416663,2021,2021-02-26,1502,2021-02-24,1145,1195,,3,5,6,1502,0,0,0,,0,,"BRUNDAGE LN","WASHINGTON ST",50.00,E,N,A,-,N,,,,,,,,,,N,4,0,2,2,A,-,03,22350,,N,C,C,A,A,H,-,A,A,0,,,,,Y,,D,22,0,0,2,0,0,0,0,0,0,"- ","- ",35.354209899902344,-118.97675323486328,KERN,BAKERSFIELD,-118.97621154785156,35.354019165039062
81417351,2021,2021-03-01,1502,2021-02-21,2103,1265,,7,5,6,1502,0,0,0,,0,Hill,"RENEGADE AV","DWIGHT ST",27.00,W,N,A,-,N,,,,,,,,,,Y,4,0,1,3,A,-,01,23152,A,N,A,E,A,A,H,-,C,D,0,,,,,Y,Y,A,01,0,0,1,0,0,0,0,0,0,"- ","- ",35.402870178222656,-118.95945739746094,KERN,BAKERSFIELD,-118.95974731445312,35.40277099609375
81417352,2021,2021-03-01,1502,2021-02-22,1244,P82,,1,5,6,1502,0,0,0,,0,Hill,"MANOR ST","DENISE AV",1240.00,S,N,A,-,N,,,,,,,,,,N,4,0,1,2,C,-,18,,,N,E,J,A,A,H,-,A,D,0,,,,,Y,,-,"- ",0,0,1,0,0,0,0,0,0,"- ","- ",35.404941558837891,-119.00676727294922,KERN,BAKERSFIELD,-119.00518035888672,35.401500701904297
81417353,2021,2021-03-01,1502,2021-02-22,1726,1347,,1,5,6,1502,0,0,0,,0,Hill,"COLUMBUS ST","BAYLOR ST",16.00,E,N,A,-,N,,,,,,,,,,Y,2,0,1,2,A,-,10,21950,A,N,G,B,B,A,H,-,B,D,0,Y,,,,Y,,A,01,1,0,0,0,1,0,0,0,0,"- ","- ",35.397720336914062,-118.9713134765625,KERN,BAKERSFIELD,-118.97140502929688,35.397590637207031
81417354,2021,2021-03-01,1502,2021-02-23,1304,P82,,2,5,6,1502,0,0,0,,0,Metro,"KERN ST","MONTEREY ST",0.00,,Y,A,-,N,,,,,,,,,,Y,4,0,1,2,A,-,09,21802,A,N,D,C,A,A,A,-,A,A,0,,,,,Y,,A,01,0,0,1,0,0,0,0,0,0,"- ","- ",35.381690979003906,-118.99301910400391,KERN,BAKERSFIELD,-118.99296569824219,35.381320953369141
81417618,2021,2021-03-01,1502,2021-02-25,1820,P75,,4,5,6,1502,0,0,0,,0,Valley,"AGATE ST","WILSON RD",0.00,,Y,A,-,N,,,,,,,,,,Y,4,0,1,3,A,-,01,23152,A,N,C,E,A,A,H,-,C,A,0,,,,,Y,Y,A,01,0,0,1,0,0,0,0,0,0,"- ","- ",35.332321166992188,-119.03517150878906,KERN,BAKERSFIELD,-119.03512573242188,35.332183837890625
81418493,2021,2021-03-02,1502,2021-02-22,2148,1241,,1,5,6,1502,0,0,0,,0,North,"ABE DR","REINA RD",19.00,N,N,A,-,N,,,,,,,,,,N,4,0,1,2,A,-,05,21650,1,N,H,G,A,A,H,-,C,D,0,,Y,,,Y,,L,04,0,0,1,0,0,0,1,0,0,"- ","- ",35.412769317626953,-119.14311981201172,KERN,BAKERSFIELD,-119.14327239990234,35.412490844726562
81418494,2021,2021-03-02,1502,2021-02-23,1329,P93,,2,5,6,1502,0,0,0,,0,Centra,"CALIFORNIA AV","BUSINESS CENTER DR",140.00,N,N,A,-,N,,,,,,,,,,Y,4,0,2,3,A,-,07,21658,A,N,C,C,A,A,H,-,A,D,0,,,,,Y,,A,01,0,0,2,0,0,0,0,0,0,"- ","- ",35.356250762939453,-119.06066131591797,KERN,BAKERSFIELD,-119.06123352050781,35.356723785400391
81418505,2021,2021-03-02,1502,2021-02-28,1434,P63,,7,5,6,1502,0,0,0,,0,Metro,"BRUNDAGE LN","P ST",0.00,,Y,A,-,Y,,,,,,,,,,Y,4,0,3,2,A,-,09,21800,A,N,D,D,A,A,H,-,A,A,0,,,,,Y,,A,07,0,0,3,0,0,0,0,0,0,"- ","- ",35.353809356689453,-119.01167297363281,KERN,BAKERSFIELD,-119.01189422607422,35.3538818359375
81418507,2021,2021-03-02,1502,2021-02-28,1840,1285,,7,5,6,1502,0,0,0,,0,Valley,"HUGHES LN","WILSON RD",15.00,N,N,A,-,N,,,,,,,,,,Y,4,0,2,2,A,-,01,23152,A,N,C,C,A,A,H,-,C,A,0,,,,,Y,Y,A,01,0,0,2,0,0,0,0,0,0,"- ","- ",35.331508636474609,-119.03099060058594,KERN,BAKERSFIELD,-119.03006744384766,35.332241058349609
81419490,2021,2021-03-03,1502,2021-02-28,1822,1241,,7,5,6,1502,0,0,0,,0,Valley,"PANAMA LN","PEBBLE POINT ST",88.00,W,N,A,-,Y,,,,,,,,,,Y,4,0,1,3,A,-,03,22350,,N,C,C,A,A,H,-,C,D,0,,,,,Y,,A,01,0,0,1,0,0,0,0,0,0,"- ","- ",35.295909881591797,-119.02494049072266,KERN,BAKERSFIELD,-119.02473449707031,35.295875549316406
81419494,2021,2021-03-03,1502,2021-02-23,1515,1338,,2,5,6,1502,0,0,0,,0,North,"3800 ROSEDALE HIGHWAY","CAMINO DEL RIO CT",1.00,W,N,A,-,N,,,,,,,,,,N,4,0,1,2,B,-,22,,,M,D,C,A,A,H,-,A,D,0,,,Y,,Y,,-,99,0,0,1,0,0,0,0,0,1,"- ","- ",35.382671356201172,-119.04791259765625,KERN,BAKERSFIELD,-119.04770660400391,35.38330078125
81419495,2021,2021-03-03,1502,2021-03-01,1405,1338,,1,5,6,1502,0,0,0,,0,South,"TAFT HWY","COMPAGNONI ST",225.00,W,N,A,-,N,,,,,,,,,,N,4,0,1,2,A,-,01,23152,A,M,C,C,A,A,H,-,A,A,0,,,,,Y,Y,A,07,0,0,1,0,0,0,0,0,0,"- ","- ",35.266918182373047,-119.02536773681641,KERN,BAKERSFIELD,-119.02529907226562,35.266868591308594
81419497,2021,2021-03-03,1502,2021-03-01,1736,P63,,1,5,6,1502,0,0,0,,0,Valley,"HUGHES LN","PLANZ RD",80.00,N,N,A,-,N,,,,,,,,,,N,4,0,1,3,A,-,03,22350,,F,C,C,A,A,H,-,A,A,0,,,,,Y,,-,99,0,0,1,0,0,0,0,0,0,"- ","- ",35.325008392333984,-119.03021240234375,KERN,BAKERSFIELD,-119.03008270263672,35.325160980224609
81419499,2021,2021-03-03,1502,2021-03-01,1840,1194,,1,5,6,1502,0,0,0,,0,Centra,"BROOKSIDE DR","BROOKFIELD LP",0.00,,Y,A,-,N,,,,,,,,,,N,3,0,1,1,A,-,08,22107,,N,E,I,A,A,H,-,C,D,0,,,,,Y,,A,07,0,1,0,0,0,0,0,0,0,"- ","- ",35.327121734619141,-119.09425354003906,KERN,BAKERSFIELD,-119.09433746337891,35.326942443847656
81420369,2021,2021-03-04,1502,2021-02-20,0829,P17,,6,5,6,1502,0,0,0,,0,Valley,"HOSKING AV","MONITOR ST",39.00,E,N,A,-,N,,,,,,,,,,Y,3,0,3,2,A,-,03,22350,,N,C,C,A,A,H,-,A,A,0,,,,,Y,,A,01,0,2,1,0,0,0,0,0,0,"- ","- ",35.281280517578125,-119.01258850097656,KERN,BAKERSFIELD,-119.01175689697266,35.281360626220703
81420370,2021,2021-03-04,1502,2021-02-28,1657,1241,,7,5,6,1502,0,0,0,,0,Metro,"DR MARTIN LUTHER KING JR BL","POTOMAC AV",0.00,,Y,A,-,N,,,,,,,,,,N,4,0,1,2,A,-,12,22450,A,N,D,C,A,A,H,-,A,A,0,,,,,Y,,A,01,0,0,1,0,0,0,0,0,0,"- ","- ",35.363800048828125,-118.9857177734375,KERN,BAKERSFIELD,-118.9852294921875,35.364906311035156
81420371,2021,2021-03-04,1502,2021-02-28,1854,P94,,7,5,6,1502,0,0,0,,0,Metro,"ROSEDALE HWY","BUCK OWENS BL",78.00,W,N,A,-,Y,,,,,,,,,,N,4,0,1,2,A,-,03,22350,,N,C,C,A,A,H,-,C,A,0,,,,,Y,,A,01,0,0,1,0,0,0,0,0,0,"- ","- ",35.383171081542969,-119.04257202148438,KERN,BAKERSFIELD,-119.04348754882812,35.383110046386719
81421088,2021,2021-03-05,1502,2021-02-26,1710,1223,,5,5,6,1502,0,0,0,,0,South,"SUMMER COUNTRY DR","SPRING SUMMIT ST",127.00,E,N,A,-,N,,,,,,,,,,N,3,0,1,3,A,-,08,22107,,N,D,E,A,A,H,-,A,D,0,,,,,Y,,D,22,0,1,0,0,0,0,0,0,0,"- ","- ",35.300331115722656,-119.06778717041016,KERN,BAKERSFIELD,-119.06710815429688,35.300361633300781
81421089,2021,2021-03-05,1502,2021-02-26,2019,P93,,5,5,6,1502,0,0,0,,0,Metro,"8TH ST","R ST",150.00,E,N,A,-,N,,,,,,,,,,N,3,0,1,2,A,-,11,21956,A,M,G,B,E,A,H,-,D,D,0,Y,,,,Y,,N,60,0,1,0,0,1,0,0,0,0,"- ","- ",35.364479064941406,-119.00914764404297,KERN,BAKERSFIELD,-119.00901794433594,35.364574432373047
81421091,2021,2021-03-05,1502,2021-02-27,1739,1168,,6,5,6,1502,0,0,0,,0,Metro,"KING ST","11TH ST",161.00,S,N,A,-,N,,,,,,,,,,N,4,0,1,3,A,-,06,21750,,N,D,E,A,A,H,-,A,D,0,,,Y,,Y,,C,02,0,0,1,0,0,0,0,0,1,"- ","- ",35.367790222167969,-118.99417114257812,KERN,BAKERSFIELD,-118.99396514892578,35.366977691650391
81421092,2021,2021-03-05,1502,2021-02-27,1818,1349,,6,5,6,1502,0,0,0,,0,Valley,"COTTONWOOD RD","CASA LOMA DR",10.00,S,N,A,-,N,,,,,,,,,,Y,4,0,3,2,A,-,01,23152,A,N,C,C,A,A,H,-,C,A,0,,,,,Y,Y,A,01,0,0,3,0,0,0,0,0,0,"- ","- ",35.339179992675781,-118.98542785644531,KERN,BAKERSFIELD,-118.9854736328125,35.339473724365234
81423884,2021,2021-03-10,1502,2021-02-25,1039,P82,,4,5,6,1502,0,0,0,,0,Centra,"GOSFORD RD","STOCKDALE HWY",0.00,,Y,A,-,N,,,,,,,,,,Y,4,0,1,4,A,-,09,21453,C,N,D,C,A,A,H,-,A,A,0,,,,,Y,,A,01,0,0,1,0,0,0,0,0,0,"- ","- ",35.354541778564453,-119.09178161621094,KERN,BAKERSFIELD,-119.09237670898438,35.354312896728516
81423885,2021,2021-03-10,1502,2021-02-26,0849,1218,,5,5,6,1502,0,0,0,,0,Hill,"GOLDEN STATE AV","28TH ST",0.00,,Y,A,-,Y,,,204,,,,,,,Y,3,0,2,2,A,-,12,21453,A,N,D,C,A,A,H,-,A,A,0,,,,,Y,,D,22,0,1,1,0,0,0,0,0,0,"- ","- ",35.385330200195312,-119.01522064208984,KERN,BAKERSFIELD,-119.01544952392578,35.384944915771484
81423886,2021,2021-03-10,1502,2021-02-26,1443,1194,,5,5,6,1502,0,0,0,,0,Hill,"MOUNT VERNON AV","178 E OFF TO MT VERNON RAMP",0.00,,Y,A,-,N,,,178,,,,,,,N,4,0,2,2,A,-,17,21451,A,N,D,C,A,A,H,-,A,A,0,,,,,Y,,A,01,0,0,2,0,0,0,0,0,0,"- ","- ",35.394168853759766,-118.96736907958984,KERN,BAKERSFIELD,-118.96743774414062,35.394424438476562