CASE_ID,ACCIDENT_YEAR,PROC_DATE,JURIS,COLLISION_DATE,COLLISION_TIME,OFFICER_ID,REPORTING_DISTRICT,DAY_OF_WEEK,CHP_SHIFT,POPULATION,CNTY_CITY_LOC,SPECIAL_COND,BEAT_TYPE,CHP_BEAT_TYPE,CITY_DIVISION_LAPD,CHP_BEAT_CLASS,BEAT_NUMBER,PRIMARY_RD,SECONDARY_RD,DISTANCE,DIRECTION,INTERSECTION,WEATHER_1,WEATHER_2,STATE_HWY_IND,CALTRANS_COUNTY,CALTRANS_DISTRICT,STATE_ROUTE,ROUTE_SUFFIX,POSTMILE_PREFIX,POSTMILE,LOCATION_TYPE,RAMP_INTERSECTION,SIDE_OF_HWY,TOW_AWAY,COLLISION_SEVERITY,NUMBER_KILLED,NUMBER_INJURED,PARTY_COUNT,PRIMARY_COLL_FACTOR,PCF_CODE_OF_VIOL,PCF_VIOL_CATEGORY,PCF_VIOLATION,PCF_VIOL_SUBSECTION,HIT_AND_RUN,TYPE_OF_COLLISION,MVIW,PED_ACTION,ROAD_SURFACE,ROAD_COND_1,ROAD_COND_2,LIGHTING,CONTROL_DEVICE,CHP_ROAD_TYPE,PEDESTRIAN_ACCIDENT,BICYCLE_ACCIDENT,MOTORCYCLE_ACCIDENT,TRUCK_ACCIDENT,NOT_PRIVATE_PROPERTY,ALCOHOL_INVOLVED,STWD_VEHTYPE_AT_FAULT,CHP_VEHTYPE_AT_FAULT,COUNT_SEVERE_INJ,COUNT_VISIBLE_INJ,COUNT_COMPLAINT_PAIN,COUNT_PED_KILLED,COUNT_PED_INJURED,COUNT_BICYCLIST_KILLED,COUNT_BICYCLIST_INJURED,COUNT_MC_KILLED,COUNT_MC_INJURED,PRIMARY_RAMP,SECONDARY_RAMP,LATITUDE,LONGITUDE,COUNTY,CITY,POINT_X,POINT_Y
81972547,2023,2023-01-20,1502,2023-01-17,1145,P63,,2,5,6,1502,0,0,0,,0,HILL,"CHESTER AV","24TH ST",30.00,N,N,A,-,N,,,,,,,,,,Y,4,0,1,2,A,-,01,23152,F,M,C,C,A,A,H,-,A,A,0,,,,,Y,,A,07,0,0,1,0,0,0,0,0,0,"- ","- ",35.380210876464844,-119.01904296875,KERN,BAKERSFIELD,-119.01885223388672,35.381092071533203
81972548,2023,2023-01-20,1502,2023-01-17,1701,P63,,2,5,6,1502,0,0,0,,0,SOUTH,"WIBLE RD","PACHECO RD",150.00,S,N,A,-,N,,,,,,,,,,N,4,0,1,2,A,-,03,22350,,M,C,C,A,A,H,-,C,A,0,,,,,Y,,-,99,0,0,1,0,0,0,0,0,0,"- ","- ",35.310359954833984,-119.03926849365234,KERN,BAKERSFIELD,-119.03904724121094,35.309799194335938
81972549,2023,2023-01-20,1502,2023-01-17,1820,P63,,2,5,6,1502,0,0,0,,0,VALLEY,"COTTONWOOD RD","CASA LOMA DR",0.00,,Y,A,-,N,,,,,,,,,,N,4,0,1,2,A,-,10,21950,A,N,G,B,B,A,H,-,C,A,0,Y,,,,Y,,D,22,0,0,1,0,1,0,0,0,0,"- ","- ",35.339179992675781,-118.98542785644531,KERN,BAKERSFIELD,-118.9854736328125,35.339473724365234
81972551,2023,2023-01-20,1502,2023-01-17,2118,1168,,2,5,6,1502,0,0,0,,0,SOUTH,"PANAMA LN","RELIANCE DR",1016.00,W,N,A,-,Y,,,,,,,,,,Y,3,0,1,2,A,-,01,23152,A,N,A,C,A,A,H,-,C,D,0,,,,,Y,Y,A,07,0,1,0,0,0,0,0,0,0,"- ","- ",35.296180725097656,-119.08363342285156,KERN,BAKERSFIELD,-119.08670806884766,35.296150207519531
81972554,2023,2023-01-20,1502,2023-01-19,1747,1213,,4,5,6,1502,0,0,0,,0,METRO,"H ST","3RD ST",40.00,S,N,A,-,N,,,,,,,,,,N,4,0,1,2,A,-,03,22350,,M,C,C,A,A,H,-,C,D,0,,,,,Y,,-,99,0,0,1,0,0,0,0,0,0,"- ","- ",35.358139038085938,-119.02182006835938,KERN,BAKERSFIELD,-119.02127838134766,35.358779907226562
81972556,2023,2023-01-20,1502,2023-01-14,1127,P45,,6,5,6,1502,0,0,0,,0,CENTRA,"GOSFORD RD","CAMINO MEDIA",0.00,,Y,B,-,N,,,,,,,,,,N,4,0,2,2,A,-,12,21453,A,N,D,C,A,B,H,-,A,A,0,,,,,Y,,A,07,0,0,2,0,0,0,0,0,0,"- ","- ",35.344528198242188,-119.09188079833984,KERN,BAKERSFIELD,-119.09230804443359,35.3443603515625
81972558,2023,2023-01-20,1502,2023-01-15,"220 ",1362,,7,5,6,1502,0,0,0,,0,,"PACHECO RD","OLIVIA ST",150.00,E,N,A,-,N,,,,,,,,,,N,3,0,1,3,A,-,01,23152,A,N,C,E,A,B,H,-,C,D,0,,,,,Y,Y,A,01,0,1,0,0,0,0,0,0,0,"- ","- ",35.310359954833984,-119.01608276367188,KERN,BAKERSFIELD,-119.01528167724609,35.310398101806641
81973550,2023,2023-01-23,1502,2023-01-18,2234,1334,,3,5,6,1502,0,0,0,,0,,"STOCKDALE HWY","MC DONALD WY",50.00,E,N,A,-,N,,,,,,,,,,N,4,0,1,3,A,-,13,21718,A,N,C,C,A,A,H,-,C,D,0,,,,,Y,,A,01,0,0,1,0,0,0,0,0,0,"- ","- ",35.354461669921875,-119.05204010009766,KERN,BAKERSFIELD,-119.05207061767578,35.354137420654297
81973819,2023,2023-01-23,1502,2023-01-14,"838 ",P45,,6,5,6,1502,0,0,0,,0,METRO,"UNION AV","CALIFORNIA AV",0.00,,Y,B,C,N,,,,,,,,,,N,4,0,1,3,A,-,12,21453,A,N,D,C,A,B,H,-,A,A,0,,,,,Y,,A,07,0,0,1,0,0,0,0,0,0,"- ","- ",35.368278503417969,-119.00253295898438,KERN,BAKERSFIELD,-119.00300598144531,35.368362426757812
8197400,2016,2017-01-13,1507,2016-12-05,1405,251,100,1,5,3,1507,0,0,0,,0,,"SANTA FE WY","PETROL RD",87.00,N,N,A,-,N,,,,,,,,,,Y,4,0,1,1,A,-,08,22107,,N,E,I,A,A,H,-,A,D,0,,,,,Y,,A,01,0,0,1,0,0,0,0,0,0,"- ","- ",35.44164,-119.19953,KERN,SHAFTER,-119.20821458,35.449079359999999
81974024,2023,2023-01-23,1502,2023-01-19,2034,1362,,4,5,6,1502,0,0,0,,0,SOUTH,"GASOLINE ALLEY DR","HARRIS RD",630.00,N,N,A,-,N,,,,,,,,,,N,3,0,2,3,A,-,08,22107,,F,G,B,E,A,H,-,C,D,0,Y,,,,Y,,-,99,0,1,1,0,2,0,0,0,0,"- ","- ",35.303268432617188,-119.03589630126953,KERN,BAKERSFIELD,-119.03549194335938,35.304859161376953
81974030,2023,2023-01-23,1502,2023-01-14,1553,1418,,6,5,6,1502,0,0,0,,0,CENTRA,"MOHAWK ST","CALIFORNIA AV",0.00,,Y,A,-,N,,,,,,,,,,N,4,0,1,2,A,-,12,21453,A,N,D,C,A,A,H,-,A,A,0,,,,,Y,,A,01,0,0,1,0,0,0,0,0,0,"- ","- ",35.361030578613281,-119.05947875976562,KERN,BAKERSFIELD,-119.06011199951172,35.361198425292969
81975357,2023,2023-01-24,1502,2023-01-16,1925,1396,,1,5,6,1502,0,0,0,,0,SOUTH,"TAFT HWY","ASHE RD",57.00,E,N,B,-,N,,,,,,,,,,Y,4,0,7,2,A,-,03,22350,,N,C,C,A,B,H,-,C,A,0,,,,,Y,,A,01,0,0,7,0,0,0,0,0,0,"- ","- ",35.26708984375,-119.07504272460938,KERN,BAKERSFIELD,-119.07421112060547,35.267097473144531
81975358,2023,2023-01-24,1502,2023-01-17,1810,1336,,2,5,6,1502,0,0,0,,0,HILL,"MOUNT VERNON AV","COLUMBUS ST",397.00,S,N,B,-,N,,,,,,,,,,Y,3,0,1,2,A,-,06,21755,,N,D,C,A,A,H,-,B,D,0,,,Y,,Y,,C,02,0,1,0,0,0,0,0,0,1,"- ","- ",35.397689819335938,-118.96736145019531,KERN,BAKERSFIELD,-118.96759796142578,35.396419525146484
81975361,2023,2023-01-24,1502,2023-01-22,"950 ",1249,,7,5,6,1502,0,0,0,,0,SOUTH,"HARRIS RD","SPRING CREEK LP (W)",0.00,,Y,A,-,N,,,,,,,,,,N,4,0,1,2,A,-,12,22450,A,N,D,C,A,A,H,-,A,D,0,,,,,Y,,-,"- ",0,0,1,0,0,0,0,0,0,"- ","- ",35.303619384765625,-119.08952331542969,KERN,BAKERSFIELD,-119.07971954345703,35.304019927978516
81975362,2023,2023-01-24,1502,2023-01-22,1718,P63,,7,5,6,1502,0,0,0,,0,VALLEY,"MING AV","99 N OFF TO MING RAMP",0.00,,Y,A,-,Y,,,,,,,,,,Y,3,0,5,4,A,-,01,23152,A,N,D,D,A,A,H,-,B,A,0,,,,,Y,Y,A,01,0,1,4,0,0,0,0,0,0,"- ","- ",35.339599609375,-119.03704833984375,KERN,BAKERSFIELD,,
81975363,2023,2023-01-24,1502,2023-01-23,1909,P63,,1,5,6,1502,0,0,0,,0,METRO,"CHESTER AV","10TH ST",80.00,N,N,A,-,N,,,,,,,,,,Y,3,0,1,2,A,-,11,21954,A,N,G,B,D,A,H,-,C,D,0,Y,,,,Y,,N,60,0,1,0,0,1,0,0,0,0,"- ","- ",35.366489410400391,-119.01847076416016,KERN,BAKERSFIELD,-119.01886749267578,35.366718292236328
81976492,2023,2023-01-25,1502,2023-01-17,1316,P94,,2,5,6,1502,0,0,0,,0,SOUTH,"5075 GOSFORD RD","PACHECO RD",905.00,S,N,B,-,N,,,,,,,,,,N,4,0,1,2,B,-,22,,,M,D,C,A,A,H,-,A,A,0,,,,,Y,,-,99,0,0,1,0,0,0,0,0,0,"- ","- ",35.310428619384766,-119.09226989746094,KERN,BAKERSFIELD,-119.09226226806641,35.307758331298828
81976501,2023,2023-01-25,1502,2023-01-22,1002,P94,,7,5,6,1502,0,0,0,,0,CENTRA,"SUTTON PL","CHESHIRE DR",163.00,S,N,A,-,N,,,,,,,,,,Y,4,0,2,1,A,-,08,22107,,N,E,I,A,A,H,-,A,D,0,,,,,Y,,A,01,0,0,2,0,0,0,0,0,0,"- ","- ",35.332901000976562,-119.07289886474609,KERN,BAKERSFIELD,-119.07234954833984,35.3328857421875
81976719,2023,2023-01-25,1503,2023-01-21,"230 ",10172,1009,6,5,4,1503,0,0,0,,0,,"COUNTY LINE RD","W CUBRLINE OF CLARK ST",475.00,W,-,A,-,N,,,,,,,,,,N,2,0,2,1,A,-,08,22107,,N,E,J,A,A,H,-,C,A,0,,,,,Y,Y,A,01,1,1,0,0,0,0,0,0,0,"- ","- ",35.790428161621094,-119.25884246826172,KERN,DELANO,-119.26484680175781,35.790409088134766
81977099,2022,2023-01-25,1503,2022-11-10,1655,10160,3010,4,5,4,1503,0,0,0,,0,,"13TH AV","ALBANY ST",26.00,E,-,A,-,N,,,,,,,,,,Y,3,0,3,3,A,-,03,22350,A,M,C,C,A,A,H,-,B,D,0,,,,,Y,,A,01,0,3,0,0,0,0,0,0,0,"- ","- ",35.771129608154297,-119.25849151611328,KERN,DELANO,-119.25841522216797,35.771076202392578
81977864,2023,2023-01-26,1502,2023-01-20,"558 ",1347,,5,5,6,1502,0,0,0,,0,METRO,"UNION AV","ALPINE ST",0.00,,Y,A,-,N,,,,,,,,,,N,4,0,1,2,A,-,12,21453,A,N,D,D,A,A,H,-,B,A,0,,,,,Y,,A,01,0,0,1,0,0,0,0,0,0,"- ","- ",35.369998931884766,-119.00250244140625,KERN,BAKERSFIELD,-119.00285339355469,35.370109558105469
81977865,2023,2023-01-26,1502,2023-01-20,1450,1418,,5,5,6,1502,0,0,0,,0,HILL,"24TH ST","BEECH ST",30.00,W,N,A,-,N,,,,,,,,,,N,2,0,1,2,A,-,03,22350,,N,C,C,A,A,H,-,A,D,0,,,Y,,Y,,C,02,1,0,0,0,0,0,0,0,1,"- ","- ",35.381168365478516,-119.03455352783203,KERN,BAKERSFIELD,-119.03521728515625,35.38116455078125
81977872,2023,2023-01-26,1502,2023-01-23,1232,P94,,1,5,6,1502,0,0,0,,0,VALLEY,"COTTONWOOD RD","WATTS DR",6.00,S,N,B,-,N,,,,,,,,,,Y,3,0,3,2,A,-,05,21460,A,N,D,C,A,A,H,-,A,A,0,,,,,Y,,A,01,0,1,2,0,0,0,0,0,0,"- ","- ",35.331920623779297,-118.98551177978516,KERN,BAKERSFIELD,-118.98545837402344,35.332191467285156
81977874,2023,2023-01-26,1502,2023-01-24,1542,P94,,2,5,6,1502,0,0,0,,0,METRO,"BAKER ST","EUREKA ST",74.00,S,N,A,-,N,,,,,,,,,,N,4,0,1,2,A,-,08,22107,,N,B,C,A,A,H,-,A,D,0,,,,,Y,,A,01,0,0,1,0,0,0,0,0,0,"- ","- ",35.373050689697266,-118.99452972412109,KERN,BAKERSFIELD,-118.99443054199219,35.372474670410156
81977878,2023,2023-01-26,1502,2023-01-14,"935 ",P45,,6,5,6,1502,0,0,0,,0,VALLEY,"H ST","PANAMA LN",0.00,,Y,B,C,N,,,,,,,,,,Y,4,0,2,3,A,-,12,21453,A,N,D,C,A,B,H,-,A,A,0,,,,,Y,,-,"- ",0,0,2,0,0,0,0,0,0,"- ","- ",35.295871734619141,-119.02172088623047,KERN,BAKERSFIELD,-119.02130889892578,35.295875549316406
81981068,2023,2023-01-30,1502,2023-01-20,1025,1149,,5,5,6,1502,0,0,0,,0,SOUTH,"STINE RD","PLANZ RD",0.00,,Y,A,-,N,,,,,,,,,,Y,3,0,4,2,A,-,12,21453,A,N,D,C,A,A,H,-,A,A,0,,,,,Y,,-,29,0,1,3,0,0,0,0,0,0,"- ","- ",35.324920654296875,-119.05658721923828,KERN,BAKERSFIELD,-119.05677795410156,35.325054168701172
81981069,2023,2023-01-30,1502,2023-01-21,1300,1347,,6,5,6,1502,0,0,0,,0,VALLEY,"H ST","PLANZ RD",47.00,N,N,A,-,N,,,,,,,,,,N,4,0,1,2,A,-,03,22350,,M,C,C,A,A,H,-,A,A,0,,,,,Y,,-,99,0,0,1,0,0,0,0,0,0,"- ","- ",35.324920654296875,-119.02133178710938,KERN,BAKERSFIELD,-119.02134704589844,35.325027465820312
81981260,2023,2023-01-30,1502,2023-01-20,"832 ",P82,,5,5,6,1502,0,0,0,,0,METRO,"H ST","30TH ST",0.00,,Y,A,-,N,,,,,,,,,,Y,3,0,3,4,A,-,12,21453,A,N,D,D,A,A,H,-,A,A,0,,,,,Y,,A,07,0,1,2,0,0,0,0,0,0,"- ","- ",35.385948181152344,-119.02130889892578,KERN,BAKERSFIELD,-119.0211181640625,35.386722564697266
81981261,2023,2023-01-30,1502,2023-01-20,1545,1213,,5,5,6,1502,0,0,0,,0,METRO,"21ST ST","H ST",0.00,,Y,A,-,N,,,,,,,,,,Y,4,0,1,2,A,-,09,21801,A,N,D,C,A,A,H,-,A,A,0,,,,,Y,,A,01,0,0,1,0,0,0,0,0,0,"- ","- ",35.378150939941406,-119.02065277099609,KERN,BAKERSFIELD,-119.02117919921875,35.378135681152344
81981262,2023,2023-01-30,1502,2023-01-25,1038,1519,,3,5,6,1502,0,0,0,,0,METRO,"Q ST","24TH ST",0.00,,Y,A,-,N,,,,,,,,,,Y,4,0,2,2,A,-,09,21801,A,N,D,C,A,A,H,-,A,A,0,,,,,Y,,A,01,0,0,2,0,0,0,0,0,0,"- ","- ",35.381458282470703,-119.01062774658203,KERN,BAKERSFIELD,-119.01056671142578,35.380970001220703
81981263,2023,2023-01-30,1502,2023-01-25,1059,1347,,3,5,6,1502,0,0,0,,0,CENTRA,"MING AV","MANNING ST",4.00,W,N,A,-,N,,,,,,,,,,N,4,0,2,1,A,-,08,22107,,N,E,I,A,A,H,-,A,D,0,,,,,Y,,A,01,0,0,2,0,0,0,0,0,0,"- ","- ",35.335350036621094,-119.08052062988281,KERN,BAKERSFIELD,-119.07974243164062,35.335544586181641
81981264,2023,2023-01-30,1502,2023-01-25,1942,1334,,3,5,6,1502,0,0,0,,0,VALLEY,"H ST","CALCUTTA DR",0.00,,Y,A,-,N,,,,,,,,,,N,4,0,2,2,A,-,09,21801,A,N,D,C,A,A,H,-,C,D,0,,,,,Y,,A,01,0,0,2,0,0,0,0,0,0,"- ","- ",35.313270568847656,-119.02236938476562,KERN,BAKERSFIELD,-119.02138519287109,35.314010620117188
81981265,2023,2023-01-30,1502,2023-01-26,"737 ",P45,,4,5,6,1502,0,0,0,,0,NORTH,"HAGEMAN RD","DRAKES PASSAGE WY",0.00,,Y,A,-,N,,,,,,,,,,Y,4,0,2,2,A,-,12,21453,A,N,D,C,A,A,H,-,A,A,0,,,,,Y,,A,08,0,0,2,0,0,0,0,0,0,"- ","- ",35.398021697998047,-119.10675811767578,KERN,BAKERSFIELD,-119.10680389404297,35.39813232421875
81981267,2023,2023-01-30,1502,2023-01-26,"946 ",P45,,4,5,6,1502,0,0,0,,0,NORTH,"CALLOWAY DR","WESTSIDE PKWY W OFF TO CALLOWAY DR",20.00,N,N,A,-,Y,,,,,,,,,,N,4,0,2,2,A,-,03,22350,,M,C,C,A,A,H,-,A,A,0,,,,,Y,,A,07,0,0,2,0,0,0,0,0,0,"- ","- ",35.363029479980469,-119.11615753173828,KERN,BAKERSFIELD,-119.11598968505859,35.362228393554688
81981270,2023,2023-01-30,1502,2023-01-26,1826,P99,,4,5,6,1502,0,0,0,,0,CENTRA,"YORBA LINDA ST","INDIAN WELLS AV",388.00,N,N,A,-,N,,,,,,,,,,N,4,0,1,4,A,-,08,22107,,M,A,E,E,A,H,-,C,D,0,Y,,,,Y,,-,99,0,0,1,0,1,0,0,0,0,"- ","- ",35.341758728027344,-119.06295776367188,KERN,BAKERSFIELD,-119.06336212158203,35.342891693115234
81981272,2023,2023-01-30,1502,2023-01-27,"702 ",P45,,5,5,6,1502,0,0,0,,0,NORTH,"COFFEE RD","ROSEDALE HWY",0.00,,Y,A,-,N,,,,,,,,,,Y,3,0,2,5,A,-,09,21453,C,N,D,C,A,A,H,-,A,A,0,,,,,Y,,A,07,0,1,1,0,0,0,0,0,0,"- ","- ",35.383258819580078,-119.09237670898438,KERN,BAKERSFIELD,-119.09227752685547,35.383499145507812
81981274,2023,2023-01-30,1502,2023-01-27,1739,P75,,5,5,6,1502,0,0,0,,0,VALLEY,"PANAMA LN","COTTONWOOD RD",7.00,W,N,A,-,N,,,,,,,,,,Y,4,0,1,2,A,-,01,23152,A,M,C,C,A,A,H,-,B,A,0,,,,,Y,Y,A,01,0,0,1,0,0,0,0,0,0,"- ","- ",35.29486083984375,-118.98677825927734,KERN,BAKERSFIELD,-118.98538208007812,35.295928955078125
81981276,2023,2023-01-30,1502,2023-01-28,1030,P45,,6,5,6,1502,0,0,0,,0,CENTRA,"MING AV","COURTLEIGH DR",0.00,,Y,A,-,N,,,,,,,,,,Y,4,0,2,2,A,-,09,21802,A,N,D,C,A,A,H,-,A,A,0,,,,,Y,,A,01,0,0,2,0,0,0,0,0,0,"- ","- ",35.336891174316406,-119.06411743164062,KERN,BAKERSFIELD,-119.06333160400391,35.337364196777344
81981480,2023,2023-01-30,1502,2023-01-27,1925,P75,,5,5,6,1502,0,0,0,,0,HILL,"HALEY ST","HEIGHT ST",0.00,,Y,A,-,N,,,,,,,,,,Y,3,0,1,2,A,-,12,21453,A,N,H,G,A,A,H,-,C,A,0,,Y,,,Y,,L,04,0,1,0,0,0,0,1,0,0,"- ","- ",35.394100189208984,-118.97622680664062,KERN,BAKERSFIELD,-118.97632598876953,35.393875122070312
81981484,2022,2023-01-30,1502,2022-01-28,1146,P45,,5,5,6,1502,0,0,0,,0,,"OAK ST","PALM ST",0.00,,Y,A,-,N,,,,,,,,,,Y,4,0,2,2,A,-,12,21453,A,N,D,C,A,A,H,-,A,A,0,,,,,Y,,A,01,0,0,2,0,0,0,0,0,0,"- ","- ",35.361541748046875,-119.03848266601562,KERN,BAKERSFIELD,-119.03887176513672,35.361358642578125
81982647,2023,2023-01-31,1502,2023-01-29,1949,P63,,7,5,6,1502,0,0,0,,0,NORTH,"ALLEN RD","BRIMHALL RD",50.00,N,N,C,-,N,,,,,,,,,,Y,4,0,2,2,A,-,01,23152,A,N,C,C,A,A,H,-,C,A,0,,,,,Y,Y,A,01,0,0,2,0,0,0,0,0,0,"- ","- ",35.369281768798828,-119.14594268798828,KERN,BAKERSFIELD,-119.14553070068359,35.3690185546875
81983003,2023,2023-01-31,1503,2023-01-26,2229,10159,3009,4,5,4,1503,0,0,0,,0,,"W CECIL AV, 200 BLOCK","CLARK ST",11.00,E,-,A,-,N,,,,,,,,,,Y,4,0,1,1,A,-,01,23152,A,M,E,I,A,A,H,-,C,D,0,,,,,Y,Y,A,01,0,0,1,0,0,0,0,0,0,"- ","- ",35.775650024414062,-119.26274108886719,KERN,DELANO,-119.262939453125,35.775871276855469
81983768,2022,2023-02-01,1502,2022-12-16,0951,1223,,5,5,6,1502,0,0,0,,0,METRO,"8TH ST","CHESTER AV",70.00,W,N,A,-,N,,,,,,,,,,Y,2,0,1,4,A,-,01,23152,F,N,A,E,E,A,H,-,A,D,0,Y,,,,Y,,D,22,1,0,0,0,1,0,0,0,0,"- ","- ",35.364589691162109,-119.01850891113281,KERN,BAKERSFIELD,-119.01911163330078,35.364604949951172
81983771,2023,2023-02-01,1502,2023-01-24,"946 ",1062,,2,5,6,1502,0,0,0,,0,VALLEY,"BRUNDAGE LN","MOUNT VERNON AV",0.00,,Y,A,-,N,,,,,,,,,,N,2,0,1,2,D,-,00,,,N,D,C,A,A,H,-,A,A,0,,,,,Y,,-,"- ",1,0,0,0,0,0,0,0,0,"- ","- ",35.352878570556641,-118.9681396484375,KERN,BAKERSFIELD,-118.96761322021484,35.354061126708984
81983785,2023,2023-02-01,1502,2023-01-15,1244,P17,,7,5,6,1502,0,0,0,,0,HILL,"HALEY ST","HEIGHT ST",23.00,N,N,B,-,N,,,,,,,,,,Y,4,0,2,2,A,-,03,22350,,N,C,C,A,A,H,-,A,A,0,,,,,Y,,A,01,0,0,2,0,0,0,0,0,0,"- ","- ",35.394100189208984,-118.97622680664062,KERN,BAKERSFIELD,-118.97633361816406,35.393943786621094
81985714,2023,2023-02-03,1502,2023-01-18,1525,1418,,3,5,6,1502,0,0,0,,0,HILL,"Q ST","40TH ST",0.00,,Y,A,-,N,,,,,,,,,,N,4,0,1,2,A,-,12,22450,A,N,D,C,A,A,H,-,A,A,0,,,,,Y,,A,01,0,0,1,0,0,0,0,0,0,"- ","- ",35.396690368652344,-119.01038360595703,KERN,BAKERSFIELD,-119.01052093505859,35.39617919921875
81985722,2023,2023-02-03,1502,2023-01-27,1146,1347,,5,5,6,1502,0,0,0,,0,NORTH,"ROSEDALE HWY","COFFEE RD",0.00,,Y,A,-,N,,,,,,,,,,N,3,0,1,2,A,-,09,21453,C,N,D,C,A,A,H,-,A,A,0,,,,,Y,,A,07,0,1,0,0,0,0,0,0,0,"- ","- ",35.383258819580078,-119.09237670898438,KERN,BAKERSFIELD,-119.09227752685547,35.383499145507812
81985727,2023,2023-02-03,1502,2023-01-28,1455,1418,,6,5,6,1502,0,0,0,,0,CENTRA,"STOCKDALE HWY","NEW STINE RD",0.00,,Y,A,-,N,,,,,,,,,,N,3,0,1,4,A,-,12,21453,A,N,D,C,A,A,H,-,A,A,0,,,,,Y,,D,22,0,1,0,0,0,0,0,0,0,"- ","- ",35.354129791259766,-119.06069946289062,KERN,BAKERSFIELD,-119.06124877929688,35.354167938232422
81985729,2023,2023-02-03,1502,2023-01-29,1140,P94,,7,5,6,1502,0,0,0,,0,HILL,"PANORAMA DR","COCA WY",56.00,W,N,A,B,N,,,,,,,,,,Y,4,0,2,1,A,-,08,22107,,N,E,I,A,A,H,-,A,D,0,,,,,Y,,A,01,0,0,2,0,0,0,0,0,0,"- ","- ",35.408561706542969,-118.88453674316406,KERN,BAKERSFIELD,-118.88504791259766,35.409027099609375
81985733,2023,2023-02-03,1502,2023-01-30,1750,1336,,1,5,6,1502,0,0,0,,0,SOUTH,"ASHE RD","BERKSHIRE RD",0.00,,Y,B,-,N,,,,,,,,,,Y,4,0,1,3,A,-,09,21801,A,N,D,C,A,A,H,-,C,A,0,,,,,Y,,A,01,0,0,1,0,0,0,0,0,0,"- ","- ",35.288818359375,-119.07485198974609,KERN,BAKERSFIELD,-119.0743408203125,35.288883209228516
81985735,2023,2023-02-03,1502,2023-01-31,1759,P63,,2,5,6,1502,0,0,0,,0,NORTH,"CALLOWAY DR","BRIMHALL RD",620.00,S,N,A,-,N,,,,,,,,,,Y,4,0,1,2,A,-,03,22350,,N,C,C,A,A,H,-,B,D,0,,,,,Y,,D,22,0,0,1,0,0,0,0,0,0,"- ","- ",35.368751525878906,-119.11083984375,KERN,BAKERSFIELD,-119.11183929443359,35.36737060546875
81985742,2023,2023-02-03,1502,2023-02-01,1834,1188,,3,5,6,1502,0,0,0,,0,HILL,"OSWELL ST","MALL VIEW RD",115.00,S,N,A,-,N,,,,,,,,,,Y,4,0,1,2,A,-,03,22350,,N,C,C,A,A,H,-,C,A,0,,,,,Y,,A,01,0,0,1,0,0,0,0,0,0,"- ","- ",35.39385986328125,-118.94966888427734,KERN,BAKERSFIELD,-118.94989013671875,35.393543243408203
81985743,2023,2023-02-03,1502,2023-02-01,1844,P75,,3,5,6,1502,0,0,0,,0,NORTH,"MOHAWK ST","REFINERY AV",115.00,N,N,A,-,N,,,,,,,,,,Y,4,0,3,3,A,-,03,22350,,N,C,C,A,A,H,-,C,A,0,,,,,Y,,D,22,0,0,3,0,0,0,0,0,0,"- ","- ",35.374320983886719,-119.06623077392578,KERN,BAKERSFIELD,-119.06599426269531,35.375003814697266
81987129,2023,2023-02-06,1502,2023-02-02,"825 ",1185,,4,5,6,1502,0,0,0,,0,SOUTH,"WIBLE RD","BARBER WY",224.00,S,N,A,-,N,,,,,,,,,,Y,4,0,2,2,A,-,03,22350,,N,A,C,A,A,H,-,A,D,0,,,,,Y,,A,01,0,0,2,0,0,0,0,0,0,"- ","- ",35.312858581542969,-119.03923797607422,KERN,BAKERSFIELD,-119.03892517089844,35.312118530273438
81987131,2023,2023-02-06,1502,2023-01-10,1116,1516,,2,5,6,1502,0,0,0,,0,VALLEY,"UNION AV","TERRACE WY",0.00,,Y,A,-,N,,,,,,,,,,N,4,0,1,2,A,-,12,22450,A,M,D,D,A,A,H,-,A,A,0,,,,,Y,,-,99,0,0,1,0,0,0,0,0,0,"- ","- ",35.350189208984375,-119.00282287597656,KERN,BAKERSFIELD,-119.00309753417969,35.350326538085938
81988277,2023,2023-02-07,1502,2023-01-30,1430,1336,,1,5,6,1502,0,0,0,,0,SOUTH,"HARRIS RD","SILVERGATE ST",33.00,W,N,B,-,N,,,,,,,,,,N,3,0,1,2,A,-,11,21955,,N,G,B,D,A,H,-,A,D,0,Y,,,,Y,,N,60,0,1,0,0,1,0,0,0,0,"- ","- ",35.304958343505859,-119.08470916748047,KERN,BAKERSFIELD,-119.08463287353516,35.3048095703125
81988278,2023,2023-02-07,1502,2023-02-02,1130,P45,,4,5,6,1502,0,0,0,,0,METRO,"STOCKDALE HWY","OAK ST",0.00,,Y,A,-,N,,,,,,,,,,N,4,0,2,2,A,-,03,22350,,N,C,C,A,A,H,-,A,A,0,,,,,Y,,E,22,0,0,2,0,0,0,0,0,0,"- ","- ",35.354278564453125,-119.03865814208984,KERN,BAKERSFIELD,-119.03890991210938,35.354133605957031
81988279,2023,2023-02-07,1502,2023-02-03,"411 ",1400,,5,5,6,1502,0,0,0,,0,VALLEY,"H ST","MING AV",0.00,,Y,A,-,N,,,,,,,,,,Y,3,0,1,2,A,-,12,21453,A,F,D,C,A,A,H,-,C,A,0,,,,,Y,,D,22,0,1,0,0,0,0,0,0,0,"- ","- ",35.339450836181641,-119.02114105224609,KERN,BAKERSFIELD,-119.02130889892578,35.339435577392578