CASE_ID,ACCIDENT_YEAR,PROC_DATE,JURIS,COLLISION_DATE,COLLISION_TIME,OFFICER_ID,REPORTING_DISTRICT,DAY_OF_WEEK,CHP_SHIFT,POPULATION,CNTY_CITY_LOC,SPECIAL_COND,BEAT_TYPE,CHP_BEAT_TYPE,CITY_DIVISION_LAPD,CHP_BEAT_CLASS,BEAT_NUMBER,PRIMARY_RD,SECONDARY_RD,DISTANCE,DIRECTION,INTERSECTION,WEATHER_1,WEATHER_2,STATE_HWY_IND,CALTRANS_COUNTY,CALTRANS_DISTRICT,STATE_ROUTE,ROUTE_SUFFIX,POSTMILE_PREFIX,POSTMILE,LOCATION_TYPE,RAMP_INTERSECTION,SIDE_OF_HWY,TOW_AWAY,COLLISION_SEVERITY,NUMBER_KILLED,NUMBER_INJURED,PARTY_COUNT,PRIMARY_COLL_FACTOR,PCF_CODE_OF_VIOL,PCF_VIOL_CATEGORY,PCF_VIOLATION,PCF_VIOL_SUBSECTION,HIT_AND_RUN,TYPE_OF_COLLISION,MVIW,PED_ACTION,ROAD_SURFACE,ROAD_COND_1,ROAD_COND_2,LIGHTING,CONTROL_DEVICE,CHP_ROAD_TYPE,PEDESTRIAN_ACCIDENT,BICYCLE_ACCIDENT,MOTORCYCLE_ACCIDENT,TRUCK_ACCIDENT,NOT_PRIVATE_PROPERTY,ALCOHOL_INVOLVED,STWD_VEHTYPE_AT_FAULT,CHP_VEHTYPE_AT_FAULT,COUNT_SEVERE_INJ,COUNT_VISIBLE_INJ,COUNT_COMPLAINT_PAIN,COUNT_PED_KILLED,COUNT_PED_INJURED,COUNT_BICYCLIST_KILLED,COUNT_BICYCLIST_INJURED,COUNT_MC_KILLED,COUNT_MC_INJURED,PRIMARY_RAMP,SECONDARY_RAMP,LATITUDE,LONGITUDE,COUNTY,CITY,POINT_X,POINT_Y
82085096,2023,2023-06-05,1502,2023-05-31,2219,1362,,3,5,6,1502,0,0,0,,0,METRO,"UNION AV","CALIFORNIA AV",0.00,,Y,A,-,Y,,,,,,,,,,Y,4,0,1,2,A,-,12,21453,A,M,D,D,A,A,H,-,C,A,0,,,,,Y,,A,01,0,0,1,0,0,0,0,0,0,"- ","- ",35.368278503417969,-119.00253295898438,KERN,BAKERSFIELD,-119.00300598144531,35.368362426757812
82085343,2023,2023-06-05,1502,2023-06-02,1102,P45,,5,5,6,1502,0,0,0,,0,METRO,"TRUXTUN AV","EYE ST",0.00,,Y,A,-,N,,,,,,,,,,N,4,0,1,2,A,-,03,22350,,N,C,C,A,A,H,-,A,A,0,,,,,Y,,A,07,0,0,1,0,0,0,0,0,0,"- ","- ",35.373329162597656,-119.01956939697266,KERN,BAKERSFIELD,-119.02004241943359,35.373268127441406
82085344,2023,2023-06-05,1502,2023-06-03,"949 ",P45,,6,5,6,1502,0,0,0,,0,SOUTH,"ASHE RD","MC CUTCHEN RD",386.00,S,N,A,-,N,,,,,,,,,,Y,4,0,2,2,A,-,03,22350,,N,C,C,A,A,H,-,A,D,0,,,,,Y,,A,01,0,0,2,0,0,0,0,0,0,"- ","- ",35.281589508056641,-119.07491302490234,KERN,BAKERSFIELD,-119.074462890625,35.280521392822266
82085345,2023,2023-06-05,1502,2023-06-03,1545,1213,,6,5,6,1502,0,0,0,,0,HILL,"PLA VADA DR","GLENRIDGE ST",0.00,,Y,A,-,N,,,,,,,,,,Y,4,0,1,2,A,-,08,22103,,N,B,C,A,A,H,-,A,D,0,,,,,Y,,A,01,0,0,1,0,0,0,0,0,0,"- ","- ",35.404010772705078,-118.93427276611328,KERN,BAKERSFIELD,-118.93447875976562,35.404117584228516
82085346,2023,2023-06-05,1502,2023-05-19,2036,1450,,5,5,6,1502,0,0,0,,0,CENTRA,"AKERS RD","MING AV",2.00,S,N,A,-,N,,,,,,,,,,N,3,0,1,2,A,-,10,21950,A,N,G,B,B,A,H,-,C,D,0,Y,,,,Y,,A,01,0,1,0,0,1,0,0,0,0,"- ","- ",35.339771270751953,-119.04776000976562,KERN,BAKERSFIELD,-119.04778289794922,35.339454650878906
82085347,2023,2023-06-05,1502,2023-05-22,1918,1418,,1,5,6,1502,0,0,0,,0,SOUTH,"DISTRICT BL","ASHE RD",16.00,W,N,A,-,N,,,,,,,,,,Y,3,0,1,2,A,-,04,21703,,N,C,C,A,A,H,-,A,A,0,,,Y,,Y,,C,03,0,1,0,0,0,0,0,0,1,"- ","- ",35.313129425048828,-119.07450866699219,KERN,BAKERSFIELD,-119.07450103759766,35.313121795654297
82086428,2023,2023-06-05,1503,2023-06-03,1635,10176,4010,6,5,4,1503,0,0,0,,0,,"ASTI ST","GARCES HWY",0.00,,Y,A,-,N,,,,,,,,,,N,3,0,1,2,A,-,08,22107,,N,A,C,A,A,H,-,A,D,0,,,,,Y,,A,01,0,1,0,0,0,0,0,0,0,"- ","- ",35.761390686035156,-119.25739288330078,KERN,DELANO,-119.25738525390625,35.761383056640625
82087929,2023,2023-06-07,1502,2023-05-26,"926 ",P82,,5,5,6,1502,0,0,0,,0,CENTRA,"BUENA VISTA RD","MING AV",0.00,,Y,A,-,N,,,,,,,,,,Y,4,0,1,3,A,-,12,21453,A,N,D,D,A,A,H,-,A,A,0,,,,,Y,,A,01,0,0,1,0,0,0,0,0,0,"- ","- ",35.340000152587891,-119.12870788574219,KERN,BAKERSFIELD,-119.12799835205078,35.339679718017578
82087930,2023,2023-06-07,1502,2023-05-26,1155,1347,,5,5,6,1502,0,0,0,,0,HILL,"SUNNY LN","COLUMBUS ST",0.00,,Y,A,-,N,,,,,,,,,,N,4,0,1,2,A,-,05,21650,1,M,D,G,A,A,H,-,A,A,0,,Y,,,Y,,L,04,0,0,1,0,0,0,1,0,0,"- ","- ",35.397720336914062,-118.97174835205078,KERN,BAKERSFIELD,-118.97191619873047,35.397502899169922
82087933,2023,2023-06-07,1502,2023-06-03,1216,P45,,6,5,6,1502,0,0,0,,0,SOUTH,"PANAMA LN","WIBLE RD",559.00,W,N,A,-,N,,,,,,,,,,N,4,0,2,2,A,-,01,23152,A,N,C,C,A,A,H,-,A,A,0,,,,,Y,Y,A,07,0,0,2,0,0,0,0,0,0,"- ","- ",35.296051025390625,-119.03943634033203,KERN,BAKERSFIELD,-119.04093933105469,35.295860290527344
82088798,2023,2023-06-08,1502,2023-06-02,"725 ",1347,,5,5,6,1502,0,0,0,,0,,"HAGEMAN RD","PATTON WY",0.00,,Y,A,-,N,,,,,,,,,,N,4,0,2,2,A,-,12,21453,A,N,D,D,A,A,H,-,A,A,0,,,,,Y,,A,01,0,0,2,0,0,0,0,0,0,"- ","- ",35.401271820068359,-119.08326721191406,KERN,BAKERSFIELD,-119.08332061767578,35.401420593261719
82089668,2023,2023-06-08,1503,2023-03-29,1340,10167,,3,5,4,1503,0,0,0,,0,,"MELCHER RD","ROADWAY EDGE OF COUNTY LINE RD",1445.00,S,-,A,-,N,,,,,,,,,,Y,4,0,1,1,A,-,08,22107,,N,E,J,A,A,H,-,A,D,0,,,,,Y,,A,01,0,0,1,0,0,0,0,0,0,"- ","- ",35.775859832763672,-119.27631378173828,KERN,DELANO,-119.27634429931641,35.786422729492188
82089846,2023,2023-06-09,1502,2023-06-01,1151,P99,,4,5,6,1502,0,0,0,,0,HILL,"MOUNT VERNON AV","COLLEGE AV",20.00,N,N,A,-,N,,,,,,,,,,N,4,0,1,2,A,-,04,21703,,N,C,C,A,A,H,-,A,A,0,,,,,Y,,D,22,0,0,1,0,0,0,0,0,0,"- ","- ",35.381801605224609,-118.9676513671875,KERN,BAKERSFIELD,-118.96752166748047,35.383083343505859
82089848,2023,2023-06-09,1502,2023-06-03,1143,P45,,6,5,6,1502,0,0,0,,0,HILL,"OSWELL ST","178 E OFF TO OSWELL RAMP",0.00,,Y,A,-,Y,,,,,,,,,,Y,3,0,1,2,A,-,12,21453,A,N,D,C,A,A,H,-,A,A,0,,,,,Y,,A,01,0,1,0,0,0,0,0,0,0,"- ","- ",35.395248413085938,-118.94966888427734,KERN,BAKERSFIELD,-118.94992065429688,35.35418701171875
82089849,2023,2023-06-09,1502,2023-06-03,1535,1400,,6,5,6,1502,0,0,0,,0,CENTRA,"OLD RIVER RD","STOCKDALE HWY",525.00,S,N,A,-,N,,,,,,,,,,Y,4,0,2,2,A,-,03,22350,,N,C,C,A,A,H,-,A,A,0,,,,,Y,,A,01,0,0,2,0,0,0,0,0,0,"- ","- ",35.353328704833984,-119.11544036865234,KERN,BAKERSFIELD,-119.11451721191406,35.351791381835938
82089858,2023,2023-06-09,1502,2023-06-07,"517 ",1225,,3,5,6,1502,0,0,0,,0,METRO,"UNION AV","2ND ST",310.00,S,N,B,-,N,,,,,,,,,,Y,3,0,1,2,A,-,11,21954,A,N,G,B,D,B,H,-,B,D,0,Y,,,,Y,,N,60,0,1,0,0,1,0,0,0,0,"- ","- ",35.356788635253906,-119.00272369384766,KERN,BAKERSFIELD,-119.00299835205078,35.356792449951172
82089862,2023,2023-06-09,1502,2023-05-17,"921 ",P99,,3,5,6,1502,0,0,0,,0,METRO,"CHESTER AV","18TH ST",0.00,,Y,A,-,N,,,,,,,,,,N,4,0,1,2,A,-,07,21658,A,M,G,B,B,A,C,-,A,A,0,Y,,,,Y,,-,99,0,0,1,0,1,0,0,0,0,"- ","- ",35.375259399414062,-119.01831817626953,KERN,BAKERSFIELD,-119.01889038085938,35.375274658203125
82090649,2023,2023-06-12,1502,2023-06-03,1414,1213,,6,5,6,1502,0,0,0,,0,HILL,"AUBURN ST","MORNING DR",937.00,W,N,A,-,N,,,,,,,,,,Y,3,0,1,1,A,-,01,23152,A,N,E,I,A,A,H,-,A,D,0,,,,,Y,Y,A,01,0,1,0,0,0,0,0,0,0,"- ","- ",35.399448394775391,-118.91384124755859,KERN,BAKERSFIELD,-118.91684722900391,35.398521423339844
82090842,2023,2023-06-12,1502,2023-06-01,1352,1409,,4,5,6,1502,0,0,0,,0,VALLEY,"PANAMA LN","HAMMOND WY",0.00,,Y,A,-,N,,,,,,,,,,Y,4,0,1,2,A,-,09,21801,A,N,D,C,A,A,H,-,A,A,0,,,,,Y,,A,01,0,0,1,0,0,0,0,0,0,"- ","- ",35.295848846435547,-119.01821899414062,KERN,BAKERSFIELD,-119.01773071289062,35.295875549316406
82090845,2023,2023-06-12,1502,2023-06-08,1148,1185,,4,5,6,1502,0,0,0,,0,CENTRA,"PLANZ RD","ACTIS ST",2.00,E,N,A,-,N,,,,,,,,,,N,4,0,1,2,A,-,01,23152,A,N,C,C,A,A,H,-,A,D,0,,,,,Y,Y,A,07,0,0,1,0,0,0,0,0,0,"- ","- ",35.324848175048828,-119.05216217041016,KERN,BAKERSFIELD,-119.05224609375,35.325050354003906
82092186,2023,2023-06-13,1502,2023-05-30,"943 ",P99,,2,5,6,1502,0,0,0,,0,HILL,"CHESTER AV","GARCES CIRCLE (N)",10.00,S,N,A,-,N,,,,,,,,,,N,4,0,1,2,A,-,04,21703,,M,C,C,A,A,H,-,A,A,0,,,,,Y,,-,99,0,0,1,0,0,0,0,0,0,"- ","- ",35.387340545654297,-119.01809692382812,KERN,BAKERSFIELD,-119.01845550537109,35.386737823486328
82092188,2023,2023-06-13,1502,2023-06-03,2116,1454,,6,5,6,1502,0,0,0,,0,NORTH,"HAGEMAN RD","DRAKES PASSAGE WY",0.00,,Y,A,-,N,,,,,,,,,,N,4,0,2,2,A,-,12,21453,A,N,D,C,A,A,H,-,C,A,0,,,,,Y,,A,07,0,0,2,0,0,0,0,0,0,"- ","- ",35.398021697998047,-119.10675811767578,KERN,BAKERSFIELD,-119.10680389404297,35.39813232421875
82092189,2023,2023-06-13,1502,2023-06-04,1025,1249,,7,5,6,1502,0,0,0,,0,NORTH,"STOCKDALE HWY","JEWETTA AV",590.00,E,N,A,-,N,,,,,,,,,,N,4,0,1,1,A,-,08,22107,,N,E,I,A,A,H,-,A,D,0,,,,,Y,,D,22,0,0,1,0,0,0,0,0,0,"- ","- ",35.354061126708984,-119.13744354248047,KERN,BAKERSFIELD,-119.13500213623047,35.353279113769531
82092190,2023,2023-06-13,1502,2023-06-05,"924 ",1554,,1,5,6,1502,0,0,0,,0,VALLEY,"OSWELL ST","VISTA ENCATADA WY",0.00,,Y,A,-,Y,,,,,,,,,,N,4,0,1,2,A,-,05,21650,1,N,H,G,A,A,H,-,A,D,0,,Y,,,Y,,L,04,0,0,1,0,0,0,1,0,0,"- ","- ",35.344760894775391,-118.95028686523438,KERN,BAKERSFIELD,-118.94972229003906,35.344718933105469
82092191,2023,2023-06-13,1502,2023-06-05,1730,1538,,1,5,6,1502,0,0,0,,0,,"AKERS RD","WHITE LN",198.00,N,N,A,-,N,,,,,,,,,,N,4,0,1,2,A,-,08,22107,,N,D,C,A,A,H,-,A,D,0,,,,,Y,,D,22,0,0,1,0,0,0,0,0,0,"- ","- ",35.31719970703125,-119.04891967773438,KERN,BAKERSFIELD,-119.04782104492188,35.318214416503906
82092192,2023,2023-06-13,1502,2023-06-06,1137,1554,,2,5,6,1502,0,0,0,,0,METRO,"TRUXTUN AV","OAK ST",100.00,W,N,A,-,N,,,,,,,,,,N,4,0,1,2,A,-,08,22107,,N,B,C,A,A,H,-,A,D,0,,,,,Y,,A,07,0,0,1,0,0,0,0,0,0,"- ","- ",35.373638153076172,-119.03817749023438,KERN,BAKERSFIELD,-119.03901672363281,35.373497009277344
82092193,2023,2023-06-13,1502,2023-06-06,1641,P94,,2,5,6,1502,0,0,0,,0,NORTH,"ROSEDALE HWY","WHEELER ST",424.00,E,N,A,-,Y,,,,,,,,,,N,4,0,4,3,A,-,03,22350,,N,C,C,A,A,H,-,A,D,0,,,,,Y,,A,01,0,0,4,0,0,0,0,0,0,"- ","- ",35.383460998535156,-119.1090087890625,KERN,BAKERSFIELD,-119.10737609863281,35.383388519287109
82092195,2023,2023-06-13,1502,2023-06-11,1659,P63,,7,5,6,1502,0,0,0,,0,VALLEY,"WATTS DR [NORTH ALLEY]","COTTONWOOD RD",205.00,W,N,A,-,N,,,,,,,,,,Y,4,0,1,3,A,-,01,23152,A,N,A,E,A,A,H,-,A,D,0,,,,,Y,Y,D,22,0,0,1,0,0,0,0,0,0,"- ","- ",35.331920623779297,-118.98551177978516,KERN,BAKERSFIELD,-118.98614501953125,35.332191467285156
82092209,2023,2023-06-13,1502,2023-05-22,2044,1418,,1,5,6,1502,0,0,0,,0,METRO,"CALIFORNIA AV","HALEY ST",15.00,E,N,A,-,N,,,,,,,,,,N,2,0,1,2,A,-,11,21954,A,N,G,B,D,A,H,-,C,D,0,Y,,,,Y,,N,60,1,0,0,0,1,0,0,0,0,"- ","- ",35.368759155273438,-118.98432922363281,KERN,BAKERSFIELD,-118.98403167724609,35.368572235107422
82093197,2023,2023-06-14,1502,2023-06-03,1522,1409,,6,5,6,1502,0,0,0,,0,SOUTH,"SILVER CITY WY","INDIAN GULCH ST",30.00,S,N,A,-,N,,,,,,,,,,N,2,0,1,1,A,-,08,22107,,M,E,I,A,A,H,-,A,D,0,,,Y,,Y,,C,02,1,0,0,0,0,0,0,0,1,"- ","- ",35.300201416015625,-119.08708953857422,KERN,BAKERSFIELD,-119.08689117431641,35.299995422363281
82094311,2023,2023-06-15,1502,2023-06-12,2316,P63,,1,5,6,1502,0,0,0,,0,METRO,"OAK ST","PARK WY",0.00,,Y,A,-,N,,,,,,,,,,N,4,0,2,2,A,-,09,21801,A,N,D,C,A,A,H,-,C,A,0,,,,,Y,,A,07,0,0,2,0,0,0,0,0,0,"- ","- ",35.367061614990234,-119.03920745849609,KERN,BAKERSFIELD,-119.03878784179688,35.367660522460938
82094312,2023,2023-06-16,1502,2023-06-13,2126,P63,,2,5,6,1502,0,0,0,,0,METRO,"NILES ST","BEALE AV",0.00,,Y,A,-,N,,,,,,,,,,Y,4,0,1,2,A,-,12,21453,A,M,D,D,A,A,H,-,C,A,0,,,,,Y,,A,01,0,0,1,0,0,0,0,0,0,"- ","- ",35.381580352783203,-118.98798370361328,KERN,BAKERSFIELD,-118.98800659179688,35.381305694580078
82096214,2022,2023-06-19,1502,2022-06-23,0917,1268,,4,5,6,1502,0,0,0,,0,NORTH,"WESTSIDE PKWY W OFF TO COFFEE RD","COFFEE RD",1478.00,E,N,-,-,Y,,,,,,,,,,Y,1,1,0,1,A,-,03,22350,,N,E,I,A,A,H,-,-,A,0,,,,,Y,,A,01,0,0,0,0,0,0,0,0,0,"- ","- ",,,KERN,BAKERSFIELD,-119.08788299560547,35.368595123291016
82096218,2023,2023-06-19,1502,2023-06-07,"951 ",P82,,3,5,6,1502,0,0,0,,0,NORTH,"STOCKDALE HWY","JENKINS RD",0.00,,Y,A,-,N,,,,,,,,,,Y,4,0,1,2,A,-,12,21453,A,N,D,D,A,A,H,-,A,A,0,,,,,Y,,E,22,0,0,1,0,0,0,0,0,0,"- ","- ",35.3548583984375,-119.15496826171875,KERN,BAKERSFIELD,-119.15435028076172,35.354530334472656
82096221,2023,2023-06-19,1502,2023-06-11,"847 ",1538,,7,5,6,1502,0,0,0,,0,METRO,"MURDOCK ST","ROBINSON ST",0.00,,Y,A,-,N,,,,,,,,,,N,3,0,1,2,A,-,09,21801,A,N,D,G,A,A,H,-,A,D,0,,Y,,,Y,,L,04,0,1,0,0,0,0,1,0,0,"- ","- ",35.362430572509766,-118.98883819580078,KERN,BAKERSFIELD,-118.98855590820312,35.362106323242188
82096225,2023,2023-06-19,1502,2023-06-15,1255,P45,,4,5,6,1502,0,0,0,,0,NORTH,"OLD FARM RD","OLIVE DR",0.00,,Y,A,-,N,,,,,,,,,,Y,4,0,3,2,A,-,12,21453,A,N,D,C,A,A,H,-,A,A,0,,,,,Y,,A,07,0,0,3,0,0,0,0,0,0,"- ","- ",35.419960021972656,-119.13632202148438,KERN,BAKERSFIELD,-119.13663482666016,35.419654846191406
82096226,2023,2023-06-19,1502,2023-06-16,1232,P45,,5,5,6,1502,0,0,0,,0,CENTRA,"MING AV","WESTHOLME BL",221.00,E,N,A,-,N,,,,,,,,,,N,3,0,1,2,A,-,05,21650,1,N,H,G,A,A,H,-,A,D,0,,Y,,,Y,,L,04,0,1,0,0,0,0,1,0,0,"- ","- ",35.336269378662109,-119.06571197509766,KERN,BAKERSFIELD,-119.0653076171875,35.336650848388672
82096227,2023,2023-06-19,1502,2023-06-16,1543,P45,,5,5,6,1502,0,0,0,,0,METRO,"OWENS ST","OREGON ST",0.00,,Y,A,-,N,,,,,,,,,,N,4,0,1,2,A,-,08,22107,,N,D,C,A,A,H,-,A,D,0,,,,,Y,,A,08,0,0,1,0,0,0,0,0,0,"- ","- ",35.382259368896484,-118.98606872558594,KERN,BAKERSFIELD,-118.98603057861328,35.381961822509766
82096408,2023,2023-06-19,1502,2023-06-13,1421,1418,,2,5,6,1502,0,0,0,,0,VALLEY,"SHELLMACHER AV","BROOK ST",50.00,W,N,A,-,N,,,,,,,,,,N,4,0,3,2,A,-,05,21651,A,N,A,C,A,A,H,-,A,D,0,,,,,Y,,A,01,0,0,3,0,0,0,0,0,0,"- ","- ",35.321079254150391,-118.99221801757812,KERN,BAKERSFIELD,-118.99204254150391,35.321331024169922
82096409,2023,2023-06-19,1502,2023-06-14,1407,1360,,3,5,6,1502,0,0,0,,0,SOUTH,"PANAMA LN","FORT HENRY WAY",82.00,E,N,A,-,N,,,,,,,,,,N,4,0,3,3,A,-,03,22350,,N,C,C,A,A,H,-,A,D,0,,,,,Y,,A,01,0,0,3,0,0,0,0,0,0,"- ","- ",35.2965087890625,-119.11016082763672,KERN,BAKERSFIELD,-119.11223602294922,35.296188354492188
82096411,2023,2023-06-19,1502,2023-06-14,2144,P75,,3,5,6,1502,0,0,0,,0,METRO,"UNION AV","BRUNDAGE LN",12.00,N,N,A,-,N,,,,,,,,,,Y,4,0,1,2,A,-,01,23152,A,N,C,C,A,A,H,-,C,A,0,,,,,Y,Y,A,01,0,0,1,0,0,0,0,0,0,"- ","- ",35.353710174560547,-119.00276947021484,KERN,BAKERSFIELD,-119.00300598144531,35.353710174560547
82096413,2023,2023-06-19,1502,2023-06-15,1754,P75,,4,5,6,1502,0,0,0,,0,SOUTH,"GOSFORD RD","MC NAIR LN",0.00,,Y,A,-,N,,,,,,,,,,N,4,0,1,2,A,-,09,21801,A,M,D,C,A,A,H,-,A,D,0,,,,,Y,,-,99,0,0,1,0,0,0,0,0,0,"- ","- ",35.316490173339844,-119.09326934814453,KERN,BAKERSFIELD,-119.09207916259766,35.316612243652344
82096582,2023,2023-06-19,1502,2023-06-08,1034,1364,,4,5,6,1502,0,0,0,,0,CENTRA,"LENNOX AV","CALIFORNIA AV",0.00,,Y,A,-,N,,,,,,,,,,N,4,0,1,2,A,-,09,21453,C,N,D,C,A,A,H,-,A,A,0,,,,,Y,Y,A,01,0,0,1,0,0,0,0,0,0,"- ","- ",35.358661651611328,-119.06049346923828,KERN,BAKERSFIELD,-119.06109619140625,35.358802795410156
82097537,2023,2023-06-20,1502,2023-06-13,1727,1418,,2,5,6,1502,0,0,0,,0,METRO,"VIRGINIA AV","DR MARTIN LUTHER KING JR BL",0.00,,Y,A,-,N,,,,,,,,,,N,3,0,1,2,A,-,10,21950,A,M,G,B,B,A,H,-,A,D,0,Y,,,,Y,,A,01,0,1,0,0,1,0,0,0,0,"- ","- ",35.36151123046875,-118.98551940917969,KERN,BAKERSFIELD,-118.98523712158203,35.361198425292969
82097540,2023,2023-06-20,1502,2023-06-16,"803 ",1258,,5,5,6,1502,0,0,0,,0,SOUTH,"ASHE RD","PANAMA LN",0.00,,Y,A,-,N,,,,,,,,,,Y,4,0,2,3,A,-,12,21453,A,N,D,C,A,A,H,-,A,A,0,,,,,Y,,A,07,0,0,2,0,0,0,0,0,0,"- ","- ",35.296051025390625,-119.07479095458984,KERN,BAKERSFIELD,-119.07448577880859,35.296054840087891
82097541,2023,2023-06-20,1502,2023-06-18,"947 ",P94,,7,5,6,1502,0,0,0,,0,METRO,"HALEY ST","TRUXTUN AV",0.00,,Y,A,-,N,,,,,,,,,,Y,4,0,2,2,A,-,09,21802,A,N,D,C,A,A,H,-,A,A,0,,,,,Y,,A,01,0,0,2,0,0,0,0,0,0,"- ","- ",35.373489379882812,-118.98258209228516,KERN,BAKERSFIELD,-118.98239898681641,35.373222351074219
82097542,2023,2023-06-20,1502,2023-06-18,1243,1249,,7,5,6,1502,0,0,0,,0,,"NEW STINE RD","SUNDALE AV",0.00,,Y,A,-,N,,,,,,,,,,N,4,0,1,2,A,-,08,22107,,N,B,C,A,A,H,-,A,A,0,,,,,Y,,A,01,0,0,1,0,0,0,0,0,0,"- ","- ",35.344131469726562,-119.06080627441406,KERN,BAKERSFIELD,-119.06136322021484,35.344314575195312
82097543,2023,2023-06-20,1502,2023-06-18,1445,1418,,7,5,6,1502,0,0,0,,0,HILL,"M ST","GOLDEN STATE AV",0.00,,Y,A,-,N,,,,,,,,,,N,4,0,1,2,A,-,12,21453,A,N,A,C,A,A,H,-,A,A,0,,,,,Y,,A,07,0,0,1,0,0,0,0,0,0,"- ","- ",35.383979797363281,-119.01541900634766,KERN,BAKERSFIELD,-119.01520538330078,35.3848876953125
82097546,2023,2023-06-20,1502,2023-06-18,2309,P63,,7,5,6,1502,0,0,0,,0,SOUTH,"PANAMA LN","STINE RD",0.00,,Y,A,-,N,,,,,,,,,,Y,4,0,2,2,A,-,09,21453,C,N,D,C,A,A,H,-,C,A,0,,,,,Y,,-,"- ",0,0,2,0,0,0,0,0,0,"- ","- ",35.295818328857422,-119.05697631835938,KERN,BAKERSFIELD,-119.05668640136719,35.295902252197266
82097547,2023,2023-06-20,1502,2023-06-18,2359,P63,,7,5,6,1502,0,0,0,,0,METRO,"P ST","8TH ST",0.00,,Y,A,-,N,,,,,,,,,,Y,4,0,1,2,A,-,01,23152,A,N,D,D,A,A,H,-,C,A,0,,,,,Y,Y,D,22,0,0,1,0,0,0,0,0,0,"- ","- ",35.364509582519531,-119.01148223876953,KERN,BAKERSFIELD,-119.01182556152344,35.364574432373047
82098530,2023,2023-06-21,1502,2023-06-05,"219 ",1225,,1,5,6,1502,0,0,0,,0,HILL,"MOUNT VERNON AV","BERNARD ST",0.00,,Y,A,-,N,,,,,,,,,,N,3,0,1,2,A,-,11,21453,D,N,G,B,B,A,H,-,C,A,0,Y,,,,Y,,N,60,0,1,0,0,1,0,0,0,0,"- ","- ",35.389068603515625,-118.96759033203125,KERN,BAKERSFIELD,-118.96758270263672,35.390239715576172
82098531,2023,2023-06-21,1502,2023-06-13,"716 ",P17,,2,5,6,1502,0,0,0,,0,METRO,"21ST ST","CHESTER AV",0.00,,Y,A,-,N,,,,,,,,,,Y,4,0,2,2,A,-,12,21453,A,N,D,C,A,A,H,-,A,A,0,,,,,Y,,D,22,0,0,2,0,0,0,0,0,0,"- ","- ",35.377361297607422,-119.01908874511719,KERN,BAKERSFIELD,-119.01888275146484,35.378128051757812
82098532,2023,2023-06-21,1502,2023-06-20,1208,1185,,2,5,6,1502,0,0,0,,0,CENTRA,"CALIFORNIA AV","BUSINESS CENTER DR",320.00,S,N,A,-,N,,,,,,,,,,Y,4,0,2,3,A,-,03,22350,,M,C,C,A,A,H,-,A,A,0,,,,,Y,,-,99,0,0,2,0,0,0,0,0,0,"- ","- ",35.356250762939453,-119.06066131591797,KERN,BAKERSFIELD,-119.06124114990234,35.355461120605469
82099466,2022,2023-06-22,1502,2022-09-03,1643,P45,,6,5,6,1502,0,0,0,,0,CENTRA,"NEW STINE RD","WILSON RD",633.00,N,N,A,-,N,,,,,,,,,,N,4,0,1,2,A,-,01,23152,F,N,E,I,A,A,H,-,A,D,0,,,,,Y,,A,01,0,0,1,0,0,0,0,0,0,"- ","- ",35.332061767578125,-119.05795288085938,KERN,BAKERSFIELD,-119.05897521972656,35.333797454833984
82099467,2022,2023-06-22,1502,2022-12-04,1904,1181,,7,5,6,1502,0,0,0,,0,,"WHITE LN","UNION AV",793.00,E,N,A,-,N,,,,,,,,,,N,1,1,0,2,A,-,11,21954,A,N,G,B,D,A,H,-,A,D,0,Y,,,,Y,,N,60,0,0,0,1,0,0,0,0,0,"- ","- ",35.316768646240234,-119.004150390625,KERN,BAKERSFIELD,-119.00033569335938,35.317672729492188
82099470,2023,2023-06-22,1502,2023-06-18,2113,1188,,7,5,6,1502,0,0,0,,0,NORTH,"STOCKDALE HWY","WESTSIDE PKWY",194.00,S,N,A,-,N,,,,,,,,,,Y,3,0,4,1,A,-,01,23152,A,N,E,I,A,A,H,-,C,D,0,,,,,Y,Y,A,07,0,4,0,0,0,0,0,0,0,"- ","- ",35.355941772460938,-119.17607116699219,KERN,BAKERSFIELD,-119.17574310302734,35.355079650878906
82099471,2023,2023-06-22,1502,2023-06-19,1921,1188,,1,5,6,1502,0,0,0,,0,NORTH,"CALLOWAY DR","BRIMHALL RD",448.00,S,N,A,-,N,,,,,,,,,,Y,4,0,1,1,A,-,08,22107,,N,E,I,A,A,H,-,A,D,0,,,,,Y,,A,07,0,0,1,0,0,0,0,0,0,"- ","- ",35.368751525878906,-119.11083984375,KERN,BAKERSFIELD,-119.11143493652344,35.367706298828125
82099472,2023,2023-06-22,1502,2023-06-20,"829 ",1249,,2,5,6,1502,0,0,0,,0,HILL,"AIRPORT DR","STATE RD",0.00,,Y,A,-,N,,,,,,,,,,N,4,0,1,2,A,-,12,21453,A,N,D,C,A,A,H,-,A,A,0,,,,,Y,,A,01,0,0,1,0,0,0,0,0,0,"- ","- ",35.402450561523438,-119.04074859619141,KERN,BAKERSFIELD,-119.04087829589844,35.403110504150391
82099473,2023,2023-06-22,1502,2023-06-20,1004,1218,,2,5,6,1502,0,0,0,,0,METRO,"UNION AV","BRUNDAGE LN",0.00,,Y,A,-,Y,KER,,204," ",R,0.088,H,,R,Y,4,0,3,2,A,-,12,21453,A,N,D,C,A,A,H,-,A,A,0,,,,,Y,,A,01,0,0,3,0,0,0,0,0,0,"- ","- ",35.353710174560547,-119.00276947021484,KERN,BAKERSFIELD,-119.00294494628906,35.353710174560547