CASE_ID,ACCIDENT_YEAR,PROC_DATE,JURIS,COLLISION_DATE,COLLISION_TIME,OFFICER_ID,REPORTING_DISTRICT,DAY_OF_WEEK,CHP_SHIFT,POPULATION,CNTY_CITY_LOC,SPECIAL_COND,BEAT_TYPE,CHP_BEAT_TYPE,CITY_DIVISION_LAPD,CHP_BEAT_CLASS,BEAT_NUMBER,PRIMARY_RD,SECONDARY_RD,DISTANCE,DIRECTION,INTERSECTION,WEATHER_1,WEATHER_2,STATE_HWY_IND,CALTRANS_COUNTY,CALTRANS_DISTRICT,STATE_ROUTE,ROUTE_SUFFIX,POSTMILE_PREFIX,POSTMILE,LOCATION_TYPE,RAMP_INTERSECTION,SIDE_OF_HWY,TOW_AWAY,COLLISION_SEVERITY,NUMBER_KILLED,NUMBER_INJURED,PARTY_COUNT,PRIMARY_COLL_FACTOR,PCF_CODE_OF_VIOL,PCF_VIOL_CATEGORY,PCF_VIOLATION,PCF_VIOL_SUBSECTION,HIT_AND_RUN,TYPE_OF_COLLISION,MVIW,PED_ACTION,ROAD_SURFACE,ROAD_COND_1,ROAD_COND_2,LIGHTING,CONTROL_DEVICE,CHP_ROAD_TYPE,PEDESTRIAN_ACCIDENT,BICYCLE_ACCIDENT,MOTORCYCLE_ACCIDENT,TRUCK_ACCIDENT,NOT_PRIVATE_PROPERTY,ALCOHOL_INVOLVED,STWD_VEHTYPE_AT_FAULT,CHP_VEHTYPE_AT_FAULT,COUNT_SEVERE_INJ,COUNT_VISIBLE_INJ,COUNT_COMPLAINT_PAIN,COUNT_PED_KILLED,COUNT_PED_INJURED,COUNT_BICYCLIST_KILLED,COUNT_BICYCLIST_INJURED,COUNT_MC_KILLED,COUNT_MC_INJURED,PRIMARY_RAMP,SECONDARY_RAMP,LATITUDE,LONGITUDE,COUNTY,CITY,POINT_X,POINT_Y
82150878,2023,2023-08-23,1502,2023-08-09,1326,P82,,3,5,6,1502,0,0,0,,0,METRO,"DR MARTIN LUTHER KING JR BL","CALIFORNIA AV",0.00,,Y,A,-,N,,,,,,,,,,Y,4,0,1,1,C,-,18,,,N,E,I,A,A,H,-,A,A,0,,,,,Y,,-,"- ",0,0,1,0,0,0,0,0,0,"- ","- ",35.368759155273438,-118.98432922363281,KERN,BAKERSFIELD,-118.984130859375,35.368415832519531
82150879,2023,2023-08-23,1502,2023-08-09,1405,1418,,3,5,6,1502,0,0,0,,0,CENTRA,"MING AV","CASTRO LN",35.00,W,N,A,-,N,,,,,,,,,,N,4,0,1,2,A,-,10,21950,A,N,G,B,F,A,H,-,A,D,0,Y,,,,Y,,A,01,0,0,1,0,1,0,0,0,0,"- ","- ",35.339569091796875,-119.03446960449219,KERN,BAKERSFIELD,-119.03463745117188,35.339534759521484
82150881,2023,2023-08-23,1502,2023-08-10,1640,1364,,4,5,6,1502,0,0,0,,0,,"MOHAWK ST","WALKER TRAIL",488.00,N,N,B,-,N,,,,,,,,,,N,4,0,1,3,A,-,03,22350,,N,C,D,A,A,H,-,A,A,0,,,,,Y,Y,A,01,0,0,1,0,0,0,0,0,0,"- ","- ",35.378360748291016,-119.06578826904297,KERN,BAKERSFIELD,-119.06558227539062,35.380088806152344
82150882,2023,2023-08-23,1502,2023-08-11,1758,1364,,5,5,6,1502,0,0,0,,0,METRO,"CALIFORNIA AV","WILLIAMS ST",0.00,,Y,A,-,N,,,,,,,,,,N,4,0,1,2,A,-,12,22450,A,N,D,C,A,A,H,-,A,A,0,,,,,Y,Y,A,01,0,0,1,0,0,0,0,0,0,"- ","- ",35.368770599365234,-118.98056030273438,KERN,BAKERSFIELD,-118.98027038574219,35.368595123291016
82150883,2023,2023-08-23,1502,2023-08-12,"121 ",1309,,6,5,6,1502,0,0,0,,0,,"18TH ST","F ST",0.00,,Y,A,-,N,,,,,,,,,,Y,2,0,1,2,A,-,01,23152,A,N,C,C,A,A,H,-,C,A,0,,,Y,,Y,Y,A,01,1,0,0,0,0,0,0,0,1,"- ","- ",35.374561309814453,-119.02384948730469,KERN,BAKERSFIELD,-119.02349090576172,35.375293731689453
82150884,2023,2023-08-23,1502,2023-08-12,"910 ",P45,,6,5,6,1502,0,0,0,,0,CENTRA,"ASHE RD","HALF MOON DR (N)",0.00,,Y,A,-,N,,,,,,,,,,N,4,0,3,2,A,-,12,21453,A,N,D,C,A,A,H,-,A,A,0,,,,,Y,,-,"- ",0,0,3,0,0,0,0,0,0,"- ","- ",35.330169677734375,-119.07433319091797,KERN,BAKERSFIELD,-119.07450103759766,35.330158233642578
82150886,2023,2023-08-23,1502,2023-08-12,1231,P45,,6,5,6,1502,0,0,0,,0,CENTRA,"STINE RD","PLANZ RD",0.00,,Y,A,-,N,,,,,,,,,,N,3,0,1,2,A,-,17,21208,A,M,H,G,A,A,H,-,A,A,0,,Y,,,Y,,L,04,0,1,0,0,0,0,1,0,0,"- ","- ",35.324920654296875,-119.05658721923828,KERN,BAKERSFIELD,-119.05677795410156,35.325054168701172
82150888,2023,2023-08-23,1502,2023-08-15,1351,1360,,2,5,6,1502,0,0,0,,0,METRO,"OSWELL PARK DR","OSWELL POINT LN",0.00,,Y,A,-,N,,,,,,,,,,N,3,0,2,2,A,-,09,21802,A,N,D,D,A,A,H,-,A,A,0,,,,,Y,,A,01,0,1,1,0,0,0,0,0,0,"- ","- ",35.357810974121094,-118.94730377197266,KERN,BAKERSFIELD,-118.94697570800781,35.357795715332031
82150898,2023,2023-08-23,1502,2023-08-18,1136,1347,,5,5,6,1502,0,0,0,,0,HILL,"COLUMBUS ST","CHRISTMAS TREE LN",0.00,,Y,A,-,N,,,,,,,,,,Y,4,0,3,3,A,-,09,21801,A,N,D,C,A,A,H,-,A,A,0,,,,,Y,,A,01,0,0,3,0,0,0,0,0,0,"- ","- ",35.406669616699219,-118.94811248779297,KERN,BAKERSFIELD,-118.94830322265625,35.408042907714844
82150899,2023,2023-08-23,1502,2023-08-18,1802,1314,,5,5,6,1502,0,0,0,,0,SOUTH,"HARRIS RD","ASHE RD",0.00,,Y,A,-,N,,,,,,,,,,N,4,0,3,3,A,-,12,21453,A,N,D,C,A,A,H,-,A,A,0,,,,,Y,,A,01,0,0,3,0,0,0,0,0,0,"- ","- ",35.303329467773438,-119.07466125488281,KERN,BAKERSFIELD,-119.07456970214844,35.303291320800781
82150902,2023,2023-08-23,1502,2023-08-19,"601 ",1336,,6,5,6,1502,0,0,0,,0,SOUTH,"WIBLE RD","BARBER WY",527.00,N,N,A,-,N,,,,,,,,,,Y,3,0,2,2,A,-,01,23152,A,N,D,E,A,A,H,-,A,D,0,,,,,Y,Y,A,01,0,1,1,0,0,0,0,0,0,"- ","- ",35.312099456787109,-119.04013061523438,KERN,BAKERSFIELD,-119.03903961181641,35.314144134521484
82151982,2023,2023-08-24,1502,2023-08-12,"14  ",1454,,6,5,6,1502,0,0,0,,0,METRO,"18TH ST","EYE ST",0.00,,Y,A,-,N,,,,,,,,,,Y,3,0,1,3,A,-,12,21453,A,F,D,C,A,A,H,-,C,A,0,,,,,Y,Y,-,99,0,1,0,0,0,0,0,0,0,"- ","- ",35.375278472900391,-119.01953887939453,KERN,BAKERSFIELD,-119.02003479003906,35.375293731689453
82151984,2023,2023-08-24,1502,2023-08-15,1312,1400,,2,5,6,1502,0,0,0,,0,METRO,"8TH ST","L ST",0.00,,Y,A,-,N,,,,,,,,,,Y,4,0,1,3,A,-,09,21802,A,N,D,C,A,A,H,-,A,A,0,,,,,Y,,A,01,0,0,1,0,0,0,0,0,0,"- ","- ",35.364559173583984,-119.01612091064453,KERN,BAKERSFIELD,-119.01646423339844,35.364589691162109
82151985,2023,2023-08-24,1502,2023-08-15,1328,P94,,2,5,6,1502,0,0,0,,0,METRO,"GOLDEN STATE AV","M ST",70.00,E,N,A,-,Y,,,,,,,,,,N,4,0,1,2,A,-,11,21954,A,M,G,B,E,A,H,-,A,A,0,Y,,,,Y,,N,60,0,0,1,0,1,0,0,0,0,"- ","- ",35.385330200195312,-119.01522064208984,KERN,BAKERSFIELD,-119.01544952392578,35.384944915771484
82151987,2023,2023-08-24,1502,2023-08-15,2204,1334,,2,5,6,1502,0,0,0,,0,,"34TH ST","PANAMA ST",143.00,W,N,A,-,N,,,,,,,,,,N,2,0,1,2,A,-,11,21954,A,F,G,B,E,A,H,-,D,D,0,Y,,,,Y,,N,60,1,0,0,0,1,0,0,0,0,"- ","- ",35.3909912109375,-119.01170349121094,KERN,BAKERSFIELD,-119.01225280761719,35.390514373779297
82156445,2023,2023-08-28,1503,2023-08-21,1200,10188,,1,5,4,1503,0,0,0,,0,,"RANDOLPH ST","20TH AVENUE",0.00,,Y,A,-,N,,,,,,,,,,Y,2,0,2,2,B,-,22,,,N,A,C,A,A,H,-,A,A,0,,,,,Y,,A,01,1,1,0,0,0,0,0,0,0,"- ","- ",35.783180236816406,-119.23197937011719,KERN,DELANO,-119.23197174072266,35.783172607421875
82156867,2023,2023-08-29,1502,2023-08-10,1030,P82,,4,5,6,1502,0,0,0,,0,METRO,"17TH ST","EYE ST",0.00,,Y,A,-,N,,,,,,,,,,Y,4,0,2,3,A,-,12,21453,A,N,D,D,A,A,H,-,A,A,0,,,,,Y,,A,01,0,0,2,0,0,0,0,0,0,"- ","- ",35.37432861328125,-119.01954650878906,KERN,BAKERSFIELD,-119.02004241943359,35.37432861328125
82156870,2023,2023-08-29,1502,2023-08-15,1437,P94,,2,5,6,1502,0,0,0,,0,METRO,"K ST","24TH ST",0.00,,Y,A,-,N,,,,,,,,,,N,4,0,2,2,A,-,09,21802,A,N,D,C,A,A,H,-,A,A,0,,,,,Y,,A,01,0,0,2,0,0,0,0,0,0,"- ","- ",35.380958557128906,-119.01699829101562,KERN,BAKERSFIELD,-119.01754760742188,35.380996704101562
82156874,2023,2023-08-29,1502,2023-08-17,1910,1393,,4,5,6,1502,0,0,0,,0,METRO,"QUINCY ST","VIRGINIA ST",212.00,W,N,A,-,N,,,,,,,,,,Y,3,0,2,3,A,-,08,22107,,N,A,E,A,A,H,-,A,D,0,,,,,Y,,A,01,0,2,0,0,0,0,0,0,0,"- ","- ",,,KERN,BAKERSFIELD,-118.97511291503906,35.381629943847656
82156877,2023,2023-08-29,1502,2023-08-19,2201,1476,,6,5,6,1502,0,0,0,,0,METRO,"UNION AV","TEXAS ST",278.00,N,N,A,-,N,,,,,,,,,,N,4,0,2,2,A,-,01,23152,A,M,C,C,A,A,H,-,C,D,0,,,,,Y,Y,A,01,0,0,2,0,0,0,0,0,0,"- ","- ",35.357349395751953,-119.00270843505859,KERN,BAKERSFIELD,-119.00299072265625,35.357349395751953
82156880,2023,2023-08-29,1502,2023-08-20,1115,1400,,7,5,6,1502,0,0,0,,0,SOUTH,"PACHECO RD","GOSFORD RD",625.00,W,N,B,-,Y,,,,,,,,,,Y,3,0,1,2,A,-,03,22350,,N,C,C,A,B,H,-,A,D,0,,,Y,,Y,,C,02,0,1,0,0,0,0,0,0,1,"- ","- ",35.310428619384766,-119.09226989746094,KERN,BAKERSFIELD,-119.09435272216797,35.310264587402344
82156883,2023,2023-08-29,1502,2023-08-21,"44  ",1470,,1,5,6,1502,0,0,0,,0,VALLEY,"MING AV","CHESTER AV",144.00,E,N,A,-,N,,,,,,,,,,Y,4,0,1,2,A,-,06,21750,,N,B,C,A,A,H,-,C,A,0,,,,,Y,,A,07,0,0,1,0,0,0,0,0,0,"- ","- ",35.339431762695312,-119.01862335205078,KERN,BAKERSFIELD,-119.01824951171875,35.339450836181641
82156886,2023,2023-08-29,1502,2023-08-21,2043,1334,,1,5,6,1502,0,0,0,,0,,"24TH ST","OAK ST",300.00,W,N,A,-,N,,,,,,,,,,N,2,0,1,2,A,-,11,21954,A,N,G,B,D,A,H,-,C,D,0,Y,,,,Y,,N,60,1,0,0,0,1,0,0,0,0,"- ","- ",35.380550384521484,-119.03887176513672,KERN,BAKERSFIELD,-119.03856658935547,35.381191253662109
82156889,2023,2023-08-29,1502,2023-08-22,1444,1360,,2,5,6,1502,0,0,0,,0,CENTRA,"MING AV","STINE RD",66.00,E,N,A,-,N,,,,,,,,,,N,4,0,3,2,A,-,03,22350,,M,C,C,A,A,H,-,A,A,0,,,,,Y,,A,01,0,0,3,0,0,0,0,0,0,"- ","- ",35.33905029296875,-119.05126190185547,KERN,BAKERSFIELD,-119.05026245117188,35.339481353759766
82156891,2023,2023-08-29,1502,2023-08-23,1635,1360,,3,5,6,1502,0,0,0,,0,CENTRA,"MING AV","NEW STINE RD",99.00,W,N,A,-,N,,,,,,,,,,N,4,0,1,2,A,-,03,22350,,N,C,C,A,A,H,-,A,A,0,,,,,Y,,A,01,0,0,1,0,0,0,0,0,0,"- ","- ",35.338069915771484,-119.06059265136719,KERN,BAKERSFIELD,-119.06128692626953,35.338119506835938
82156892,2023,2023-08-29,1502,2023-08-08,2020,1322,,2,5,6,1502,0,0,0,,0,CENTRA,"PLANZ RD","AKERS RD",15.00,E,N,A,-,N,,,,,,,,,,N,4,0,1,2,A,-,03,22350,,M,C,C,A,A,H,-,C,D,0,,,,,Y,,-,99,0,0,1,0,0,0,0,0,0,"- ","- ",35.324470520019531,-119.04882049560547,KERN,BAKERSFIELD,-119.04776000976562,35.325008392333984
82156894,2023,2023-08-29,1502,2023-08-23,2019,1322,,3,5,6,1502,0,0,0,,0,METRO,"CALIFORNIA AV","UNION AV",0.00,,Y,A,-,N,,,,,,,,,,Y,2,0,6,2,A,-,12,21453,A,F,D,C,A,A,H,-,B,A,0,,,,,Y,Y,A,01,2,3,1,0,0,0,0,0,0,"- ","- ",35.368278503417969,-119.00253295898438,KERN,BAKERSFIELD,-119.00300598144531,35.368362426757812
82156897,2023,2023-08-29,1502,2023-08-24,1102,1188,,4,5,6,1502,0,0,0,,0,NORTH,"NORRIS RD","YESTERDAYS DR",93.00,S,N,A,-,N,,,,,,,,,,Y,4,0,1,2,A,-,09,21804,A,N,B,C,A,A,H,-,A,D,0,,,,,Y,,E,22,0,0,1,0,0,0,0,0,0,"- ","- ",35.421630859375,-119.11611175537109,KERN,BAKERSFIELD,-119.11628723144531,35.421340942382812
82156899,2023,2023-08-29,1502,2023-08-25,"653 ",P82,,5,5,6,1502,0,0,0,,0,SOUTH,"DISTRICT BL","SHEPARD ST",218.00,W,N,A,-,N,,,,,,,,,,Y,3,0,2,2,A,-,03,22350,,N,B,C,A,A,H,-,A,D,0,,,,Y,Y,,A,01,0,1,1,0,0,0,0,0,0,"- ","- ",35.312580108642578,-119.05956268310547,KERN,BAKERSFIELD,-119.05915069580078,35.313022613525391
82156900,2023,2023-08-29,1502,2023-08-25,"845 ",P45,,5,5,6,1502,0,0,0,,0,METRO,"GARCES CIRCLE","30TH ST (W)",0.00,,Y,A,-,N,,,,,,,,,,N,4,0,1,2,A,-,10,21950,A,M,G,B,B,A,H,-,A,A,0,Y,,,,Y,,-,99,0,0,1,0,1,0,0,0,0,"- ","- ",35.386699676513672,-119.01860809326172,KERN,BAKERSFIELD,-119.01927185058594,35.386920928955078
82156901,2023,2023-08-29,1502,2023-08-25,1224,1188,,5,5,6,1502,0,0,0,,0,HILL,"PANORAMA DR","RIVER BL",911.00,W,N,A,-,N,,,,,,,,,,Y,4,0,2,2,A,-,08,22107,,N,C,E,A,A,H,-,A,D,0,,,,,Y,,D,22,0,0,2,0,0,0,0,0,0,"- ","- ",35.409339904785156,-118.98507690429688,KERN,BAKERSFIELD,-118.98838043212891,35.409000396728516
82156902,2023,2023-08-29,1502,2023-08-25,1632,1185,,5,5,6,1502,0,0,0,,0,CENTRA,"AKERS RD","WHITE LN",200.00,N,N,A,-,N,,,,,,,,,,Y,3,0,4,2,A,-,09,21804,A,N,D,C,A,A,H,-,A,D,0,,,,,Y,,D,22,0,2,2,0,0,0,0,0,0,"- ","- ",35.317520141601562,-119.04782867431641,KERN,BAKERSFIELD,-119.04782104492188,35.318218231201172
82156904,2023,2023-08-29,1502,2023-08-26,1513,P63,,6,5,6,1502,0,0,0,,0,METRO,"UNION AV","11TH ST",0.00,,Y,A,-,N,,,,,,,,,,Y,3,0,3,2,A,-,09,21801,A,N,D,C,A,A,H,-,A,A,0,,,,,Y,,A,01,0,2,1,0,0,0,0,0,0,"- ","- ",35.367259979248047,-119.00254058837891,KERN,BAKERSFIELD,-119.00286865234375,35.367389678955078
82156908,2023,2023-08-29,1502,2023-08-27,1736,1523,,7,5,6,1502,0,0,0,,0,HILL,"UNIVERSITY AV","ARCADIA ST",33.00,E,N,A,-,N,,,,,,,,,,Y,3,0,1,3,A,-,01,23152,A,N,C,E,A,A,H,-,A,D,0,,,,,Y,Y,A,08,0,1,0,0,0,0,0,0,0,"- ","- ",35.405101776123047,-118.94815063476562,KERN,BAKERSFIELD,-118.94828796386719,35.40509033203125
82158049,2022,2023-08-30,1502,2022-09-03,0313,1194,,6,5,6,1502,0,0,0,,0,VALLEY,"UNION AV","BERKSHIRE RD",380.00,S,N,A,-,Y,,,,,,,,,,N,1,1,0,2,A,-,11,21955,,F,G,B,E,A,H,-,C,D,0,Y,,,,Y,,N,60,0,0,0,1,0,0,0,0,0,"- ","- ",35.288490295410156,-119.00363922119141,KERN,BAKERSFIELD,-119.00314331054688,35.287586212158203
82158050,2023,2023-08-30,1502,2023-07-12,1318,1409,,3,5,6,1502,0,0,0,,0,NORTH,"BRIMHALL RD","RIVER RANCH DR",328.00,E,N,A,-,N,,,,,,,,,,Y,2,0,1,2,A,-,03,22350,,N,C,C,A,A,H,-,A,D,0,,,Y,,Y,,C,02,1,0,0,0,0,0,0,0,1,"- ","- ",35.368728637695312,-119.09821319580078,KERN,BAKERSFIELD,-119.09669494628906,35.368793487548828
82158059,2023,2023-08-30,1502,2023-08-25,1823,1454,,5,5,6,1502,0,0,0,,0,SOUTH,"WHITE LN","OLD RIVER RD",0.00,,Y,A,-,N,,,,,,,,,,Y,4,0,1,2,A,-,03,22350,,N,C,C,A,A,H,-,A,A,0,,,,,Y,,A,01,0,0,1,0,0,0,0,0,0,"- ","- ",35.325531005859375,-119.10923004150391,KERN,BAKERSFIELD,-119.10942840576172,35.325115203857422
82158060,2023,2023-08-30,1502,2023-08-25,2047,1454,,5,5,6,1502,0,0,0,,0,VALLEY,"PANAMA LN","COLONY ST",0.00,,Y,A,-,N,,,,,,,,,,N,3,0,1,2,A,-,05,21650,1,M,D,G,A,A,H,-,C,D,0,,Y,,,Y,,L,04,0,1,0,0,0,0,1,0,0,"- ","- ",35.295928955078125,-119.02767944335938,KERN,BAKERSFIELD,-119.02720642089844,35.295829772949219
82158062,2023,2023-08-30,1502,2023-08-29,"724 ",1249,,2,5,6,1502,0,0,0,,0,SOUTH,"LAURELGLEN BL","VICTORIA WY",51.00,E,N,A,-,N,,,,,,,,,,N,3,0,1,2,A,-,11,21950,B,N,G,B,D,A,H,-,A,D,0,Y,,,,Y,,N,60,0,1,0,0,1,0,0,0,0,"- ","- ",35.325031280517578,-119.09163665771484,KERN,BAKERSFIELD,-119.09046173095703,35.325183868408203
82158335,2023,2023-08-30,1503,2023-08-18,1511,10191,4014,5,5,4,1503,0,0,0,,0,,"9TH AVENUE","BROWNING RD",1000.00,E,-,A,-,N,,,,,,,,,,N,3,0,1,2,A,-,08,22107,,N,D,C,A,A,H,-,A,D,0,,,,,Y,,A,01,0,1,0,0,0,0,0,0,0,"- ","- ",35.767250061035156,-119.22097778320312,KERN,DELANO,-119.21984100341797,35.768619537353516
82158786,2023,2023-08-30,1503,2023-08-16,1659,10167,2010,3,5,4,1503,0,0,0,,0,,"200 CECIL AV","PROLONGATION OF CLINTON ST",25.00,W,-,A,-,N,,,,,,,,,,Y,3,0,2,2,A,-,09,21801,A,N,D,C,A,A,H,-,A,D,0,,,,,Y,,A,01,0,2,0,0,0,0,0,0,0,"- ","- ",35.775928497314453,-119.25778198242188,KERN,DELANO,-119.25682830810547,35.775882720947266
82159189,2023,2023-08-31,1502,2023-08-22,"607 ",P17,,2,5,6,1502,0,0,0,,0,CENTRA,"STOCKDALE HWY","VILLAGE LN",46.00,W,N,A,-,N,,,,,,,,,,Y,4,0,2,2,A,-,03,22350,,N,C,C,A,A,H,-,A,A,0,,,,,Y,,A,07,0,0,2,0,0,0,0,0,0,"- ","- ",35.354091644287109,-119.05718231201172,KERN,BAKERSFIELD,-119.05785369873047,35.354160308837891
82159191,2023,2023-08-31,1502,2023-08-28,2055,1523,,1,5,6,1502,0,0,0,,0,,"P ST","BRUNDAGE LN",0.00,,Y,A,-,N,,,,,,,,,,N,4,0,1,2,A,-,01,23153,A,F,D,C,A,A,H,-,C,A,0,,,,,Y,,D,22,0,0,1,0,0,0,0,0,0,"- ","- ",35.353809356689453,-119.01167297363281,KERN,BAKERSFIELD,-119.01189422607422,35.3538818359375
82161597,2023,2023-09-04,1502,2023-08-04,1918,1213,,5,5,6,1502,0,0,0,,0,VALLEY,"HUGHES LN","NORMAN AV",118.00,N,N,A,-,N,,,,,,,,,,N,4,0,2,2,A,-,09,21804,A,N,D,C,A,A,H,-,A,D,0,,,,,Y,,A,07,0,0,2,0,0,0,0,0,0,"- ","- ",35.335548400878906,-119.03006744384766,KERN,BAKERSFIELD,-119.03006744384766,35.335773468017578
82161599,2023,2023-09-04,1502,2023-08-07,1747,1359,,1,5,6,1502,0,0,0,,0,METRO,"22ND ST","F ST",179.00,E,N,A,-,N,,,,,,,,,,Y,2,0,1,1,A,-,03,22350,,N,E,I,A,A,H,-,A,A,0,,,,,Y,,A,01,1,0,0,0,0,0,0,0,0,"- ","- ",35.379131317138672,-119.02295684814453,KERN,BAKERSFIELD,-119.02288055419922,35.379100799560547
82161601,2023,2023-09-04,1502,2023-08-25,1622,1450,,5,5,6,1502,0,0,0,,0,HILL,"COLUMBUS ST","MOUNT VERNON AV",0.00,,Y,A,-,N,,,,,,,,,,N,3,0,1,2,A,-,10,21950,A,N,G,B,B,A,H,-,A,A,0,Y,,,,Y,,A,01,0,1,0,0,1,0,0,0,0,"- ","- ",35.397689819335938,-118.96736145019531,KERN,BAKERSFIELD,-118.96759033203125,35.397514343261719
82161602,2023,2023-09-04,1502,2023-08-31,"601 ",1336,,4,5,6,1502,0,0,0,,0,METRO,"UNION AV","19TH ST",73.00,S,N,A,-,Y,KER,,204," "," ",3.653,H,,R,N,4,0,1,2,A,-,11,21954,A,N,G,B,D,A,H,-,A,D,0,Y,,,,Y,,N,60,0,0,1,0,1,0,0,0,0,"- ","- ",35.376609802246094,-119.00299835205078,KERN,BAKERSFIELD,-119.00284576416016,35.376609802246094
82161921,2023,2023-09-05,1502,2023-08-15,1355,1194,,2,5,6,1502,0,0,0,,0,METRO,"V ST","3RD ST",0.00,,Y,A,-,N,,,,,,,,,,Y,3,0,5,2,A,-,08,22107,,N,D,C,A,A,H,-,A,D,0,,,,,Y,,D,22,0,1,4,0,0,0,0,0,0,"- ","- ",35.358711242675781,-119.00464630126953,KERN,BAKERSFIELD,-119.00489807128906,35.358840942382812
82161927,2023,2023-09-05,1502,2023-08-26,2123,P99,,6,5,6,1502,0,0,0,,0,CENTRA,"GOSFORD RD","NEWHAVEN CT",462.00,S,N,A,-,N,,,,,,,,,,Y,3,0,1,3,A,-,01,23152,A,M,C,C,A,A,H,-,C,D,0,,,Y,,Y,Y,C,02,0,1,0,0,0,0,0,0,1,"- ","- ",35.323509216308594,-119.09208679199219,KERN,BAKERSFIELD,-119.09225463867188,35.32208251953125
82161930,2023,2023-09-05,1502,2023-08-29,"317 ",1470,,2,5,6,1502,0,0,0,,0,HILL,"Q ST","31ST ST",73.00,S,N,A,-,N,,,,,,,,,,Y,4,0,1,2,A,-,01,23152,A,N,C,E,A,A,H,-,C,D,0,,,,,Y,Y,A,07,0,0,1,0,0,0,0,0,0,"- ","- ",35.386951446533203,-119.01071929931641,KERN,BAKERSFIELD,-119.01054382324219,35.387599945068359
82161931,2023,2023-09-05,1502,2023-08-29,1952,1360,,2,5,6,1502,0,0,0,,0,METRO,"KING ST","WILKINS ST",32.00,S,N,A,-,N,,,,,,,,,,N,4,0,1,2,A,-,01,23152,A,N,C,E,A,A,H,-,D,D,0,,,,,Y,Y,A,01,0,0,1,0,0,0,0,0,0,"- ","- ",35.355510711669922,-118.99388122558594,KERN,BAKERSFIELD,-118.99413299560547,35.355640411376953
82161932,2023,2023-09-05,1502,2023-08-29,2107,1470,,2,5,6,1502,0,0,0,,0,METRO,"DR MARTIN LUTHER KING JR BL","CALIFORNIA AV",0.00,,Y,A,-,N,,,,,,,,,,Y,3,0,2,2,A,-,12,21453,A,N,D,C,A,A,H,-,D,D,0,,,,,Y,,A,07,0,1,1,0,0,0,0,0,0,"- ","- ",35.368759155273438,-118.98432922363281,KERN,BAKERSFIELD,-118.984130859375,35.368415832519531
82162517,2023,2023-09-05,1503,2023-08-25,1535,10176,4012,5,5,4,1503,0,0,0,,0,,"1714 9TH AV","RANDOLPH ST",0.00,,Y,A,-,N,,,,,,,,,,N,3,0,1,1,A,-,08,22107,,N,B,E,A,A,H,-,A,D,0,,,,,Y,,A,01,0,1,0,0,0,0,0,0,0,"- ","- ",35.768451690673828,-119.23345947265625,KERN,DELANO,-119.23203277587891,35.768646240234375
82163052,2023,2023-09-06,1502,2023-07-24,2256,1225,,1,5,6,1502,0,0,0,,0,,"UNION AV","8TH ST (N)",0.00,,Y,A,-,Y,KER,,204," "," ",2.804,H,,R,Y,2,0,1,1,A,-,01,23152,A,N,E,I,A,A,H,-,C,A,0,,,,,Y,Y,A,07,1,0,0,0,0,0,0,0,0,"- ","- ",35.364398956298828,-119.00258636474609,KERN,BAKERSFIELD,-119.00289916992188,35.364402770996094
82163053,2023,2023-09-06,1502,2023-08-22,"745 ",P17,,2,5,6,1502,0,0,0,,0,CENTRA,"GOSFORD RD","LAURELGLEN BL (N)",565.00,S,N,A,-,N,,,,,,,,,,N,4,0,1,2,A,-,03,22350,,N,G,B,E,A,H,-,A,D,0,Y,,,,Y,,A,01,0,0,1,0,1,0,0,0,0,"- ","- ",35.333900451660156,-119.09198760986328,KERN,BAKERSFIELD,-119.09226226806641,35.323631286621094
82163056,2023,2023-09-06,1502,2023-08-23,1801,1314,,3,5,6,1502,0,0,0,,0,SOUTH,"GOSFORD RD","PANAMA LN",628.00,N,N,A,-,N,,,,,,,,,,N,4,0,1,4,A,-,03,22350,,N,C,C,A,A,H,-,A,D,0,,,,,Y,,A,07,0,0,1,0,0,0,0,0,0,"- ","- ",35.296310424804688,-119.09246063232422,KERN,BAKERSFIELD,-119.09208679199219,35.297874450683594
82163058,2023,2023-09-06,1502,2023-08-27,"15  ",1454,,7,5,6,1502,0,0,0,,0,HILL,"GOLDEN STATE AV","Q ST",0.00,,Y,-,-,N,,,,,,,,,,Y,3,0,3,2,A,-,01,23152,A,N,D,C,A,A,H,-,C,A,0,,,,,Y,Y,A,01,0,1,2,0,0,0,0,0,0,"- ","- ",35.381500244140625,-119.01081848144531,KERN,BAKERSFIELD,-119.01058197021484,35.382427215576172
82163060,2023,2023-09-06,1502,2023-08-28,1145,P94,,1,5,6,1502,0,0,0,,0,SOUTH,"MC CUTCHEN RD","MOUNTAIN RIDGE DR",0.00,,Y,A,-,N,,,,,,,,,,Y,4,0,1,2,A,-,12,22450,A,N,D,C,A,A,H,-,A,A,0,,,,,Y,,A,07,0,0,1,0,0,0,0,0,0,"- ","- ",35.281139373779297,-119.067138671875,KERN,BAKERSFIELD,-119.06552886962891,35.281467437744141
82163062,2023,2023-09-06,1502,2023-08-29,2021,1322,,2,5,6,1502,0,0,0,,0,VALLEY,"WILSON RD","H ST",0.00,,Y,A,-,N,,,,,,,,,,Y,3,0,1,2,C,-,18,,,N,D,C,A,A,H,-,C,A,0,,,,Y,Y,,-,"- ",0,1,0,0,0,0,0,0,0,"- ","- ",35.332180023193359,-119.021240234375,KERN,BAKERSFIELD,-119.02131652832031,35.332172393798828