CASE_ID,ACCIDENT_YEAR,PROC_DATE,JURIS,COLLISION_DATE,COLLISION_TIME,OFFICER_ID,REPORTING_DISTRICT,DAY_OF_WEEK,CHP_SHIFT,POPULATION,CNTY_CITY_LOC,SPECIAL_COND,BEAT_TYPE,CHP_BEAT_TYPE,CITY_DIVISION_LAPD,CHP_BEAT_CLASS,BEAT_NUMBER,PRIMARY_RD,SECONDARY_RD,DISTANCE,DIRECTION,INTERSECTION,WEATHER_1,WEATHER_2,STATE_HWY_IND,CALTRANS_COUNTY,CALTRANS_DISTRICT,STATE_ROUTE,ROUTE_SUFFIX,POSTMILE_PREFIX,POSTMILE,LOCATION_TYPE,RAMP_INTERSECTION,SIDE_OF_HWY,TOW_AWAY,COLLISION_SEVERITY,NUMBER_KILLED,NUMBER_INJURED,PARTY_COUNT,PRIMARY_COLL_FACTOR,PCF_CODE_OF_VIOL,PCF_VIOL_CATEGORY,PCF_VIOLATION,PCF_VIOL_SUBSECTION,HIT_AND_RUN,TYPE_OF_COLLISION,MVIW,PED_ACTION,ROAD_SURFACE,ROAD_COND_1,ROAD_COND_2,LIGHTING,CONTROL_DEVICE,CHP_ROAD_TYPE,PEDESTRIAN_ACCIDENT,BICYCLE_ACCIDENT,MOTORCYCLE_ACCIDENT,TRUCK_ACCIDENT,NOT_PRIVATE_PROPERTY,ALCOHOL_INVOLVED,STWD_VEHTYPE_AT_FAULT,CHP_VEHTYPE_AT_FAULT,COUNT_SEVERE_INJ,COUNT_VISIBLE_INJ,COUNT_COMPLAINT_PAIN,COUNT_PED_KILLED,COUNT_PED_INJURED,COUNT_BICYCLIST_KILLED,COUNT_BICYCLIST_INJURED,COUNT_MC_KILLED,COUNT_MC_INJURED,PRIMARY_RAMP,SECONDARY_RAMP,LATITUDE,LONGITUDE,COUNTY,CITY,POINT_X,POINT_Y
82163063,2023,2023-09-06,1502,2023-08-30,2009,1523,,3,5,6,1502,0,0,0,,0,,"ASHE RD","MC CUTCHEN RD",417.00,S,N,A,-,N,,,,,,,,,,N,4,0,1,3,A,-,00,20002,A,N,C,C,A,A,H,-,C,D,0,,,,,Y,,A,01,0,0,1,0,0,0,0,0,0,"- ","- ",35.281269073486328,-119.07601165771484,KERN,BAKERSFIELD,-119.074462890625,35.280437469482422
82163064,2023,2023-09-06,1502,2023-09-01,2041,1454,,5,5,6,1502,0,0,0,,0,CENTRA,"STOCKDALE HWY","OAK ST",215.00,W,N,A,-,N,,,,,,,,,,Y,4,0,3,3,A,-,01,23152,A,N,C,C,A,A,H,-,C,D,0,,,,,Y,Y,A,01,0,0,3,0,0,0,0,0,0,"- ","- ",35.354278564453125,-119.03865814208984,KERN,BAKERSFIELD,-119.03961944580078,35.354091644287109
82163065,2023,2023-09-06,1502,2023-09-02,"948 ",1557,,6,5,6,1502,0,0,0,,0,SOUTH,"WIBLE RD","STONE MEADOWS DR",3.00,N,N,A,-,N,,,,,,,,,,N,3,0,1,2,A,-,05,21650,1,N,B,G,A,A,H,-,A,D,0,,Y,,,Y,,L,04,0,1,0,0,0,0,1,0,0,"- ","- ",35.276168823242188,-119.03952026367188,KERN,BAKERSFIELD,-119.03897857666016,35.276458740234375
82163066,2023,2023-09-06,1502,2023-09-03,"553 ",1400,,7,5,6,1502,0,0,0,,0,HILL,"24TH ST","OAK ST",55.00,W,N,B,-,N,,,,,,,,,,N,4,0,1,2,A,-,11,21954,A,N,G,B,D,A,H,-,B,A,0,Y,,,,Y,,N,60,0,0,1,0,1,0,0,0,0,"- ","- ",35.380550384521484,-119.03887176513672,KERN,BAKERSFIELD,-119.03856658935547,35.381191253662109
82163474,2023,2023-09-06,1503,2023-08-18,1605,10193,3010,5,5,4,1503,0,0,0,,0,,"600 CECIL AV","FREMONT ST",0.00,,Y,A,-,N,,,,,,,,,,Y,3,0,1,2,A,-,08,22107,,N,A,E,A,A,H,-,A,A,0,,,,,Y,,A,01,0,1,0,0,0,0,0,0,0,"- ","- ",35.775600433349609,-119.25154876708984,KERN,DELANO,-119.25174713134766,35.775955200195312
82164178,2023,2023-09-07,1502,2023-08-23,1815,1359,,3,5,6,1502,0,0,0,,0,HILL,"MANOR ST","PANORAMA DR ACC RD",400.00,N,N,A,-,N,,,,,,,,,,Y,4,0,1,1,C,-,18,,,N,E,I,A,A,H,-,A,D,0,,,,,Y,,-,"- ",0,0,1,0,0,0,0,0,0,"- ","- ",35.399929046630859,-119.00315856933594,KERN,BAKERSFIELD,-119.00386810302734,35.400070190429688
82164179,2023,2023-09-07,1502,2023-08-25,1930,1476,,5,5,6,1502,0,0,0,,0,VALLEY,"COTTONWOOD RD","WATTS DR",0.00,,Y,-,-,N,,,,,,,,,,Y,3,0,2,2,A,-,09,21802,A,N,D,C,A,A,H,-,C,A,0,,,,,Y,,A,01,0,1,1,0,0,0,0,0,0,"- ","- ",35.331920623779297,-118.98551177978516,KERN,BAKERSFIELD,-118.98545837402344,35.332191467285156
82164181,2023,2023-09-07,1502,2023-09-02,"112 ",1393,,6,5,6,1502,0,0,0,,0,VALLEY,"MING AV","H ST",0.00,,Y,A,-,N,,,,,,,,,,Y,3,0,2,3,A,-,01,23152,A,N,D,D,A,A,H,-,C,A,0,,,,,Y,Y,D,22,0,2,0,0,0,0,0,0,0,"- ","- ",35.339450836181641,-119.02114105224609,KERN,BAKERSFIELD,-119.02130889892578,35.339435577392578
82164183,2023,2023-09-07,1502,2023-09-02,1737,P63,,6,5,6,1502,0,0,0,,0,VALLEY,"CHESTER AV","WILSON RD",0.00,,Y,A,-,N,,,,,,,,,,Y,2,0,1,2,A,-,12,21453,A,N,D,D,A,A,H,-,A,A,0,,,Y,,Y,Y,C,02,1,0,0,0,0,0,0,0,1,"- ","- ",35.332130432128906,-119.01409912109375,KERN,BAKERSFIELD,-119.01412963867188,35.332191467285156
82164186,2023,2023-09-07,1502,2023-09-04,2207,1225,,1,5,6,1502,0,0,0,,0,SOUTH,"PANAMA LN","WIBLE RD",0.00,,Y,A,-,N,,,,,,,,,,Y,4,0,1,3,A,-,12,21453,A,N,D,C,A,A,H,-,C,A,0,,,,,Y,,A,07,0,0,1,0,0,0,0,0,0,"- ","- ",35.296051025390625,-119.03943634033203,KERN,BAKERSFIELD,-119.03907012939453,35.295841217041016
82166436,2023,2023-09-11,1502,2023-08-19,1540,1314,,6,5,6,1502,0,0,0,,0,SOUTH,"HARRIS RD","SCATENA ISLE DR",80.00,E,N,A,-,N,,,,,,,,,,Y,3,0,1,2,A,-,03,22350,,N,C,C,A,A,H,-,A,D,0,,,Y,,Y,,C,02,0,1,0,0,0,0,0,0,1,"- ","- ",35.303730010986328,-119.10614013671875,KERN,BAKERSFIELD,-119.10565185546875,35.303428649902344
82166676,2023,2023-09-11,1502,2023-08-20,"329 ",1469,,7,5,6,1502,0,0,0,,0,METRO,"SUMNER ST","HALEY ST",47.00,S,N,A,-,N,,,,,,,,,,N,3,0,1,1,A,-,01,23152,A,N,E,I,A,A,H,-,E,D,0,,,,,Y,Y,A,01,0,1,0,0,0,0,0,0,0,"- ","- ",35.374580383300781,-118.982177734375,KERN,BAKERSFIELD,-118.98193359375,35.374172210693359
82166677,2023,2023-09-11,1502,2023-08-25,2142,1470,,5,5,6,1502,0,0,0,,0,CENTRA,"ASHE RD","HALF MOON DR (S)",144.00,S,N,A,-,N,,,,,,,,,,Y,4,0,1,2,A,-,03,22350,,M,C,C,A,A,H,-,C,D,0,,,,,Y,,A,07,0,0,1,0,0,0,0,0,0,"- ","- ",35.321498870849609,-119.07550811767578,KERN,BAKERSFIELD,-119.07450103759766,35.329765319824219
82166678,2023,2023-09-11,1502,2023-08-26,2019,1476,,6,5,6,1502,0,0,0,,0,SOUTH,"HARRIS RD","WILDERNESS DR",0.00,,Y,A,-,N,,,,,,,,,,N,4,0,1,2,A,-,09,21802,A,N,A,C,A,A,H,-,C,A,0,,,,,Y,,A,01,0,0,1,0,0,0,0,0,0,"- ","- ",35.303619384765625,-119.08952331542969,KERN,BAKERSFIELD,-119.08929443359375,35.303462982177734
82166680,2023,2023-09-11,1502,2023-08-28,1458,1450,,1,5,6,1502,0,0,0,,0,SOUTH,"PANAMA LN","FORTUNE ST",203.00,E,N,A,-,N,,,,,,,,,,N,4,0,3,2,A,-,03,22350,,N,C,C,A,A,H,-,A,D,0,,,,,Y,,A,07,0,0,3,0,0,0,0,0,0,"- ","- ",35.296028137207031,-119.03790283203125,KERN,BAKERSFIELD,-119.03675079345703,35.295970916748047
82166681,2023,2023-09-11,1502,2023-08-28,1516,P17,,1,5,6,1502,0,0,0,,0,VALLEY,"MING AV","WIBLE RD",301.00,W,N,A,-,N,,,,,,,,,,N,4,0,2,2,A,-,03,22350,,N,C,C,A,A,H,-,A,A,0,,,,,Y,,D,22,0,0,2,0,0,0,0,0,0,"- ","- ",35.339618682861328,-119.03890228271484,KERN,BAKERSFIELD,-119.03946685791016,35.339622497558594
82166682,2023,2023-09-11,1502,2023-08-29,1228,P17,,2,5,6,1502,0,0,0,,0,METRO,"17TH ST","V ST",0.00,,Y,A,-,N,,,,,,,,,,Y,4,0,2,2,A,-,12,22450,A,M,D,C,A,A,H,-,A,A,0,,,,,Y,,-,99,0,0,2,0,0,0,0,0,0,"- ","- ",35.374729156494141,-119.00492858886719,KERN,BAKERSFIELD,-119.00482177734375,35.374256134033203
82166684,2023,2023-09-11,1502,2023-08-30,1258,P94,,3,5,6,1502,0,0,0,,0,HILL,"STOCKTON ST","PACIFIC ST",0.00,,Y,A,-,N,,,,,,,,,,N,4,0,1,2,A,-,09,21802,A,M,D,C,A,A,H,-,A,A,0,,,,,Y,,A,01,0,0,1,0,0,0,0,0,0,"- ","- ",35.384830474853516,-119.00086212158203,KERN,BAKERSFIELD,-119.00067138671875,35.385776519775391
82166691,2023,2023-09-11,1502,2023-09-03,1953,1454,,7,5,6,1502,0,0,0,,0,METRO,"CALIFORNIA AV","UNION AV",241.00,W,N,A,-,N,,,,,,,,,,Y,4,0,1,2,A,-,01,23152,A,N,C,C,A,A,H,-,C,D,0,,,,,Y,Y,A,01,0,0,1,0,0,0,0,0,0,"- ","- ",35.368278503417969,-119.00253295898438,KERN,BAKERSFIELD,-119.00381469726562,35.368381500244141
82166693,2023,2023-09-11,1502,2023-09-05,"625 ",1347,,2,5,6,1502,0,0,0,,0,METRO,"D ST","23RD ST",0.00,,Y,A,-,N,,,,,,,,,,Y,3,0,1,2,A,-,12,22450,A,M,D,D,A,A,H,-,B,A,0,,,,,Y,,A,01,0,1,0,0,0,0,0,0,0,"- ","- ",35.380111694335938,-119.0252685546875,KERN,BAKERSFIELD,-119.02581024169922,35.380069732666016
82166694,2023,2023-09-11,1502,2023-09-05,1120,P99,,2,5,6,1502,0,0,0,,0,,"UNION AV","4TH ST",20.00,N,N,A,-,N,,,,,,,,,,N,4,0,1,2,A,-,03,22350,,M,C,C,A,A,H,-,A,A,0,,,,,Y,,A,01,0,0,1,0,0,0,0,0,0,"- ","- ",35.360618591308594,-119.00264739990234,KERN,BAKERSFIELD,-119.00298309326172,35.360622406005859
82166695,2023,2023-09-11,1502,2023-09-05,1201,1347,,2,5,6,1502,0,0,0,,0,METRO,"V ST","19TH ST",0.00,,Y,A,-,N,,,,,,,,,,N,3,0,1,2,A,-,09,21801,A,N,D,D,A,A,H,-,A,A,0,,,,,Y,,A,01,0,1,0,0,0,0,0,0,0,"- ","- ",35.376628875732422,-119.00489807128906,KERN,BAKERSFIELD,-119.00479125976562,35.376190185546875
82166697,2023,2023-09-11,1502,2023-09-05,2003,1334,,2,5,6,1502,0,0,0,,0,,"ASHE RD","BERKSHIRE RD",0.00,,Y,A,-,N,,,,,,,,,,N,2,0,2,2,A,-,08,22107,,N,A,C,A,A,H,-,C,D,0,,,,,Y,,A,01,1,0,1,0,0,0,0,0,0,"- ","- ",35.288501739501953,-119.07594299316406,KERN,BAKERSFIELD,-119.0743408203125,35.288883209228516
82166699,2023,2023-09-11,1502,2023-09-06,2206,1334,,3,5,6,1502,0,0,0,,0,,"24TH ST","BUCK OWENS BL",100.00,E,N,A,-,N,,,,,,,,,,N,3,0,1,2,A,-,11,21954,A,N,G,B,D,A,H,-,D,D,0,Y,,,,Y,,N,60,0,1,0,0,1,0,0,0,0,"- ","- ",35.382408142089844,-119.04338836669922,KERN,BAKERSFIELD,-119.04289245605469,35.382770538330078
82166700,2023,2023-09-11,1502,2023-09-07,"713 ",1347,,4,5,6,1502,0,0,0,,0,CENTRA,"REAL RD","WILSON RD",513.00,N,N,A,-,N,,,,,,,,,,N,4,0,2,2,A,-,03,22350,,M,C,C,A,A,H,-,A,A,0,,,,,Y,,-,99,0,0,2,0,0,0,0,0,0,"- ","- ",35.332431793212891,-119.04341888427734,KERN,BAKERSFIELD,-119.04335784912109,35.333648681640625
82166701,2023,2023-09-11,1502,2023-09-07,1156,1188,,4,5,6,1502,0,0,0,,0,NORTH,"ROSEDALE HWY","WEAR ST",46.00,W,N,A,-,N,,,,,,,,,,Y,3,0,1,1,A,-,08,22107,,N,E,I,A,A,H,-,A,D,0,,,,,Y,,A,07,0,1,0,0,0,0,0,0,0,"- ","- ",35.383090972900391,-119.07904052734375,KERN,BAKERSFIELD,-119.07902526855469,35.383430480957031
82166704,2023,2023-09-11,1502,2023-09-08,1049,1185,,5,5,6,1502,0,0,0,,0,METRO,"Q ST","19TH ST",0.00,,Y,A,-,N,,,,,,,,,,Y,3,0,2,2,A,-,09,21801,A,N,D,C,A,A,H,-,A,A,0,,,,,Y,,A,07,0,1,1,0,0,0,0,0,0,"- ","- ",35.376121520996094,-119.01010894775391,KERN,BAKERSFIELD,-119.0106201171875,35.376201629638672
82167787,2023,2023-09-12,1502,2023-08-29,"925 ",P17,,2,5,6,1502,0,0,0,,0,CENTRA,"MING AV","GREENSWARD WY",0.00,,Y,A,-,N,,,,,,,,,,Y,4,0,1,2,A,-,09,21802,A,N,D,C,A,A,H,-,A,A,0,,,,,Y,,A,01,0,0,1,0,0,0,0,0,0,"- ","- ",35.334781646728516,-119.07218170166016,KERN,BAKERSFIELD,-119.0723876953125,35.334873199462891
82167788,2023,2023-09-12,1502,2023-09-06,1803,P75,,3,5,6,1502,0,0,0,,0,METRO,"6TH ST","EYE ST",0.00,,Y,A,-,N,,,,,,,,,,Y,4,0,1,2,A,-,12,22450,A,N,D,C,A,A,H,-,B,D,0,,,,,Y,,A,07,0,0,1,0,0,0,0,0,0,"- ","- ",35.362701416015625,-119.01976013183594,KERN,BAKERSFIELD,-119.02011871337891,35.362682342529297
82168788,2023,2023-09-13,1502,2023-09-05,1620,P94,,2,5,6,1502,0,0,0,,0,NORTH,"SNOW RD","PATTON WY",0.00,,Y,A,-,N,,,,,,,,,,N,2,0,1,2,A,-,05,21651,B,N,D,C,A,A,H,-,A,A,0,,,Y,,Y,,C,03,1,0,0,0,0,0,0,0,1,"- ","- ",35.426731109619141,-119.08302307128906,KERN,BAKERSFIELD,-119.08338165283203,35.426944732666016
82168789,2023,2023-09-13,1502,2023-09-05,2011,P75,,2,5,6,1502,0,0,0,,0,METRO,"KENTUCKY ST","KERN ST",188.00,W,N,A,-,N,,,,,,,,,,N,2,0,1,2,A,-,11,21954,A,N,G,B,D,A,H,-,D,D,0,Y,,,,Y,,N,60,1,0,0,0,1,0,0,0,0,"- ","- ",35.378238677978516,-118.99401092529297,KERN,BAKERSFIELD,-118.99432373046875,35.379352569580078
82168791,2023,2023-09-13,1502,2023-09-08,"825 ",1347,,5,5,6,1502,0,0,0,,0,NORTH,"CALLOWAY DR","FLUSHING QUAIL RD",103.00,S,N,A,-,N,,,,,,,,,,Y,4,0,3,4,A,-,09,21804,A,N,D,C,A,A,H,-,A,D,0,,,,,Y,,A,01,0,0,3,0,0,0,0,0,0,"- ","- ",35.386100769042969,-119.11009216308594,KERN,BAKERSFIELD,-119.10993957519531,35.385807037353516
82168793,2023,2023-09-13,1502,2023-09-10,1117,P94,,7,5,6,1502,0,0,0,,0,VALLEY,"UNION AV","PANAMA LN",0.00,,Y,A,-,Y,,,,,,,,,,N,4,0,3,3,A,-,12,21453,A,N,D,C,A,A,H,-,A,A,0,,,,,Y,,A,07,0,0,3,0,0,0,0,0,0,"- ","- ",35.295749664306641,-119.00354766845703,KERN,BAKERSFIELD,-119.00315093994141,35.295894622802734
82168795,2023,2023-09-13,1502,2023-09-10,1911,1334,,7,5,6,1502,0,0,0,,0,,"TRUXTUN AV","CHESTER AV",0.00,,Y,B,-,N,,,,,,,,,,N,4,0,1,2,A,-,12,21453,A,N,D,C,A,A,H,-,A,A,0,,,,,Y,,A,01,0,0,1,0,0,0,0,0,0,"- ","- ",35.372550964355469,-119.01918029785156,KERN,BAKERSFIELD,-119.01889801025391,35.373268127441406
82168796,2023,2023-09-13,1502,2023-09-11,"945 ",1181,,1,5,6,1502,0,0,0,,0,NORTH,"COFFEE RD","TRUXTUN AV",22.00,N,N,A,-,N,,,,,,,,,,N,4,0,1,2,A,-,12,21453,A,N,D,C,A,A,H,-,A,A,0,,,,,Y,,A,07,0,0,1,0,0,0,0,0,0,"- ","- ",35.361770629882812,-119.09232330322266,KERN,BAKERSFIELD,-119.09173583984375,35.362030029296875
82169429,2023,2023-09-13,1503,2023-08-18,1625,10191,1008,5,5,4,1503,0,0,0,,0,,"COUNTY LINE RD","MELCHER RD",0.00,,Y,A,-,N,,,,,,,,,,N,3,0,2,2,A,-,09,21804,A,N,D,C,A,A,H,-,A,D,0,,,,,Y,,A,01,0,1,1,0,0,0,0,0,0,"- ","- ",35.790390014648438,-119.27654266357422,KERN,DELANO,-119.27635955810547,35.790390014648438
82169730,2023,2023-09-14,1502,2023-09-11,"605 ",1400,,1,5,6,1502,0,0,0,,0,NORTH,"JEWETTA AV","OLIVE DR",0.00,,Y,A,-,N,,,,,,,,,,Y,4,0,1,2,A,-,12,21453,A,N,A,C,A,A,H,-,B,A,0,,,,,Y,,D,22,0,0,1,0,0,0,0,0,0,"- ","- ",35.419868469238281,-119.12747192382812,KERN,BAKERSFIELD,-119.12783050537109,35.419715881347656
82169731,2023,2023-09-14,1502,2023-09-13,"612 ",P88,,3,5,6,1502,0,0,0,,0,,"BRIMHALL RD","WOODMONT DR",0.00,,Y,A,-,N,,,,,,,,,,N,3,0,2,2,A,-,09,21801,A,N,D,C,A,A,H,-,A,D,0,,,,,Y,,A,01,0,1,1,0,0,0,0,0,0,"- ","- ",35.368740081787109,-119.10820770263672,KERN,BAKERSFIELD,-119.10776519775391,35.368732452392578
82171663,2023,2023-09-18,1502,2023-08-17,2239,1223,,4,5,6,1502,0,0,0,,0,METRO,"CALIFORNIA AV","CHESTER AV",0.00,,Y,A,-,N,,,,,,,,,,Y,1,2,0,2,A,-,01,23152,A,N,D,C,A,A,H,-,C,A,0,,,,,Y,Y,D,22,0,0,0,0,0,0,0,0,0,"- ","- ",35.36846923828125,-119.01844024658203,KERN,BAKERSFIELD,-119.01892852783203,35.368396759033203
82171666,2023,2023-09-18,1502,2023-08-27,"307 ",1469,,7,5,6,1502,0,0,0,,0,SOUTH,"HUGHES LN","BRAZIL AV",0.00,,Y,A,-,N,,,,,,,,,,N,3,0,1,1,A,-,01,23152,A,N,F,A,A,A,H,-,C,D,0,,,Y,,Y,Y,C,02,0,1,0,0,0,0,0,0,1,"- ","- ",35.275531768798828,-119.03176879882812,KERN,BAKERSFIELD,-119.03012084960938,35.27618408203125
82171670,2023,2023-09-18,1502,2023-09-03,1023,P94,,7,5,6,1502,0,0,0,,0,HILL,"UNION AV","BERNARD ST",341.00,S,N,A,-,Y,,,,,,,,,,N,4,0,2,2,A,-,08,22107,,N,B,C,A,A,H,-,A,D,0,,,,,Y,,A,07,0,0,2,0,0,0,0,0,0,"- ","- ",35.390640258789062,-119.00279998779297,KERN,BAKERSFIELD,-119.00279235839844,35.389373779296875
82171674,2023,2023-09-18,1502,2023-09-05,"838 ",P17,,2,5,6,1502,0,0,0,,0,METRO,"23RD ST","H ST",0.00,,Y,A,-,N,,,,,,,,,,Y,4,0,1,2,A,-,12,21453,A,N,D,C,A,A,H,-,A,A,0,,,,,Y,,A,07,0,0,1,0,0,0,0,0,0,"- ","- ",35.380039215087891,-119.02060699462891,KERN,BAKERSFIELD,-119.02114868164062,35.380062103271484
82171676,2023,2023-09-18,1502,2023-09-06,"931 ",P45,,3,5,6,1502,0,0,0,,0,METRO,"21ST ST","OAK ST",356.00,E,N,A,-,N,,,,,,,,,,N,3,0,2,2,A,-,08,22107,,N,D,C,A,A,H,-,A,D,0,,,,,Y,,A,01,0,1,1,0,0,0,0,0,0,"- ","- ",35.378360748291016,-119.03810119628906,KERN,BAKERSFIELD,-119.03738403320312,35.378208160400391
82172159,2023,2023-09-18,1502,2023-09-01,1457,1213,,5,5,6,1502,0,0,0,,0,VALLEY,"PACHECO RD","MONITOR ST",10.00,E,N,A,-,N,,,,,,,,,,Y,4,0,1,2,A,-,03,22350,,M,C,C,A,A,H,-,A,D,0,,,,,Y,,A,07,0,0,1,0,0,0,0,0,0,"- ","- ",35.310329437255859,-119.01220703125,KERN,BAKERSFIELD,-119.01185607910156,35.310401916503906
82172161,2023,2023-09-18,1502,2023-09-08,1637,1409,,5,5,6,1502,0,0,0,,0,METRO,"DR MARTIN LUTHER KING JR BL","BROWN ST",0.00,,Y,A,-,N,,,,,,,,,,N,4,0,1,2,A,-,09,21802,A,N,B,C,A,A,H,-,A,A,0,,,,,Y,,A,01,0,0,1,0,0,0,0,0,0,"- ","- ",35.356540679931641,-118.98583221435547,KERN,BAKERSFIELD,-118.98526000976562,35.357578277587891
82172162,2023,2023-09-18,1502,2023-09-08,1708,1450,,5,5,6,1502,0,0,0,,0,CENTRA,"TRUXTUN AV","MOHAWK ST",257.00,W,N,A,-,N,,,,,,,,,,N,3,0,1,2,A,-,08,22107,,N,B,C,A,A,H,-,A,D,0,,,Y,,Y,,A,07,0,1,0,0,0,0,0,0,1,"- ","- ",35.365108489990234,-119.06484985351562,KERN,BAKERSFIELD,-119.06629943847656,35.364894866943359
82172165,2023,2023-09-18,1502,2023-09-11,"946 ",P40,,1,5,6,1502,0,0,0,,0,NORTH,"COFFEE RD","WESTSIDE PKWY E OFF TO COFFEE RD",0.00,,Y,B,-,N,,,,,,,,,,N,3,0,2,2,A,-,12,21453,A,N,D,C,A,A,H,-,A,A,0,,,,,Y,,-,"- ",0,2,0,0,0,0,0,0,0,"- ","- ",35.364921569824219,-119.09234619140625,KERN,BAKERSFIELD,-119.09220123291016,35.367092132568359
82172171,2023,2023-09-18,1502,2023-09-13,1212,P88,,3,5,6,1502,0,0,0,,0,NORTH,"BRIMHALL RD","WINDSONG ST",0.00,,Y,A,-,N,,,,,,,,,,N,3,0,2,1,A,-,08,22107,,N,E,I,A,A,H,-,A,A,0,,,,,Y,,A,01,0,1,1,0,0,0,0,0,0,"- ","- ",35.368820190429688,-119.10594940185547,KERN,BAKERSFIELD,-119.10552978515625,35.368820190429688
82172174,2023,2023-09-18,1502,2023-09-13,1717,P63,,3,5,6,1502,0,0,0,,0,VALLEY,"DERRELL AV","MADISON ST",0.00,,Y,A,-,N,,,,,,,,,,Y,3,0,3,2,A,-,09,21802,A,N,D,D,A,A,H,-,A,A,0,,,,,Y,,A,07,0,1,2,0,0,0,0,0,0,"- ","- ",35.351409912109375,-118.99394989013672,KERN,BAKERSFIELD,-118.99417877197266,35.351650238037109
82172177,2023,2023-09-18,1502,2023-09-14,2134,1469,,4,5,6,1502,0,0,0,,0,METRO,"CALIFORNIA AV","KING ST (E)",0.00,,Y,A,-,N,,,,,,,,,,N,4,0,1,2,A,-,01,23152,A,N,D,C,A,A,H,-,C,A,0,,,,,Y,Y,A,01,0,0,1,0,0,0,0,0,0,"- ","- ",35.368808746337891,-118.99417877197266,KERN,BAKERSFIELD,-118.99409484863281,35.368587493896484
82172180,2023,2023-09-18,1502,2023-09-17,"646 ",1249,,7,5,6,1502,0,0,0,,0,HILL,"PANORAMA DR","WENATCHEE AV",213.00,E,N,A,-,N,,,,,,,,,,Y,2,0,1,1,A,-,01,23152,A,N,E,I,A,A,H,-,A,D,0,,,,,Y,Y,A,07,1,0,0,0,0,0,0,0,0,"- ","- ",35.411140441894531,-118.95854949951172,KERN,BAKERSFIELD,-118.95802307128906,35.412437438964844
82173142,2023,2023-09-19,1502,2023-07-21,"10  ",1322,,5,5,6,1502,0,0,0,,0,SOUTH,"AKERS RD","PACHECO RD",0.00,,Y,A,-,N,,,,,,,,,,Y,1,1,2,2,A,-,12,21453,A,N,D,C,A,A,H,-,C,A,0,,,,,Y,,D,22,1,0,1,0,0,0,0,0,0,"- ","- ",35.310070037841797,-119.04792785644531,KERN,BAKERSFIELD,-119.04782104492188,35.31024169921875
82173143,2023,2023-09-19,1502,2023-08-20,"153 ",1469,,7,5,6,1502,0,0,0,,0,CENTRA,"MING AV","CANTER WY",34.00,E,N,A,-,N,,,,,,,,,,N,3,0,1,2,A,-,05,21650,1,N,B,G,A,A,H,-,D,D,0,,Y,,,Y,,L,04,0,1,0,0,0,0,1,0,0,"- ","- ",35.339828491210938,-119.05615997314453,KERN,BAKERSFIELD,-119.05608367919922,35.339458465576172
82173150,2023,2023-09-19,1502,2023-09-11,"549 ",P17,,1,5,6,1502,0,0,0,,0,METRO,"BRUNDAGE LN","OAK ST",0.00,,Y,A,-,N,,,,,,,,,,Y,3,0,1,2,A,-,09,21453,C,N,D,C,A,A,H,-,C,A,0,,,Y,,Y,,C,02,0,1,0,0,0,0,0,0,1,"- ","- ",35.354278564453125,-119.03865814208984,KERN,BAKERSFIELD,-119.03890991210938,35.354133605957031
82173153,2023,2023-09-19,1502,2023-09-11,1542,1523,,1,5,6,1502,0,0,0,,0,,"17TH ST","CHESTER AV",0.00,E,Y,A,-,N,,,,,,,,,,N,4,0,1,2,A,-,03,22350,,N,D,D,A,A,H,-,A,A,0,,,,,Y,,A,01,0,0,1,0,0,0,0,0,0,"- ","- ",35.374309539794922,-119.01834106445312,KERN,BAKERSFIELD,-119.01888275146484,35.374320983886719
82173154,2023,2023-09-19,1502,2023-09-12,1611,1359,,2,5,6,1502,0,0,0,,0,SOUTH,"WHITE LN","GRISSOM ST",0.00,,Y,A,-,N,,,,,,,,,,Y,2,0,1,2,A,-,12,21453,A,N,D,D,A,A,H,-,A,A,0,,,Y,,Y,,C,02,1,0,0,0,0,0,0,0,1,"- ","- ",35.318019866943359,-119.06141662597656,KERN,BAKERSFIELD,-119.06140899658203,35.318187713623047
82173155,2023,2023-09-19,1502,2023-09-14,"42  ",1225,,4,5,6,1502,0,0,0,,0,NORTH,"CALLOWAY DR","BRIMHALL RD",0.00,,Y,A,-,N,,,,,,,,,,Y,3,0,1,2,A,-,01,23152,A,N,D,C,A,A,H,-,C,A,0,,,,,Y,Y,A,07,0,1,0,0,0,0,0,0,0,"- ","- ",35.368751525878906,-119.11083984375,KERN,BAKERSFIELD,-119.11058044433594,35.36871337890625
82173156,2023,2023-09-19,1502,2023-09-14,"611 ",1188,,4,5,6,1502,0,0,0,,0,METRO,"TRUXTUN AV","OAK ST",0.00,,Y,A,-,N,,,,,,,,,,N,4,0,1,4,A,-,12,21453,A,N,D,C,A,A,H,-,B,A,0,,,,,Y,,A,01,0,0,1,0,0,0,0,0,0,"- ","- ",35.373638153076172,-119.03817749023438,KERN,BAKERSFIELD,-119.03868103027344,35.37347412109375
82173157,2023,2023-09-19,1502,2023-09-16,2002,1476,,6,5,6,1502,0,0,0,,0,VALLEY,"PANAMA LN","COLONY ST",29.00,W,N,A,-,N,,,,,,,,,,N,3,0,3,2,A,-,01,23152,A,M,A,C,A,A,H,-,C,A,0,,,,,Y,Y,A,01,0,2,1,0,0,0,0,0,0,"- ","- ",35.295928955078125,-119.02767944335938,KERN,BAKERSFIELD,-119.02730560302734,35.295829772949219