CASE_ID,ACCIDENT_YEAR,PROC_DATE,JURIS,COLLISION_DATE,COLLISION_TIME,OFFICER_ID,REPORTING_DISTRICT,DAY_OF_WEEK,CHP_SHIFT,POPULATION,CNTY_CITY_LOC,SPECIAL_COND,BEAT_TYPE,CHP_BEAT_TYPE,CITY_DIVISION_LAPD,CHP_BEAT_CLASS,BEAT_NUMBER,PRIMARY_RD,SECONDARY_RD,DISTANCE,DIRECTION,INTERSECTION,WEATHER_1,WEATHER_2,STATE_HWY_IND,CALTRANS_COUNTY,CALTRANS_DISTRICT,STATE_ROUTE,ROUTE_SUFFIX,POSTMILE_PREFIX,POSTMILE,LOCATION_TYPE,RAMP_INTERSECTION,SIDE_OF_HWY,TOW_AWAY,COLLISION_SEVERITY,NUMBER_KILLED,NUMBER_INJURED,PARTY_COUNT,PRIMARY_COLL_FACTOR,PCF_CODE_OF_VIOL,PCF_VIOL_CATEGORY,PCF_VIOLATION,PCF_VIOL_SUBSECTION,HIT_AND_RUN,TYPE_OF_COLLISION,MVIW,PED_ACTION,ROAD_SURFACE,ROAD_COND_1,ROAD_COND_2,LIGHTING,CONTROL_DEVICE,CHP_ROAD_TYPE,PEDESTRIAN_ACCIDENT,BICYCLE_ACCIDENT,MOTORCYCLE_ACCIDENT,TRUCK_ACCIDENT,NOT_PRIVATE_PROPERTY,ALCOHOL_INVOLVED,STWD_VEHTYPE_AT_FAULT,CHP_VEHTYPE_AT_FAULT,COUNT_SEVERE_INJ,COUNT_VISIBLE_INJ,COUNT_COMPLAINT_PAIN,COUNT_PED_KILLED,COUNT_PED_INJURED,COUNT_BICYCLIST_KILLED,COUNT_BICYCLIST_INJURED,COUNT_MC_KILLED,COUNT_MC_INJURED,PRIMARY_RAMP,SECONDARY_RAMP,LATITUDE,LONGITUDE,COUNTY,CITY,POINT_X,POINT_Y
82264346,2023,2023-12-18,1502,2023-12-07,1502,1476,,4,5,6,1502,0,0,0,,0,SOUTH,"WHITE LN","PARAMOUNT ST",248.00,E,N,A,-,N,,,,,,,,,,N,4,0,3,3,A,-,04,21703,,N,C,C,A,A,H,-,A,A,0,,,,,Y,,A,07,0,0,3,0,0,0,0,0,0,"- ","- ",35.317428588867188,-119.04160308837891,KERN,BAKERSFIELD,-119.04074096679688,35.317630767822266
82264348,2023,2023-12-18,1502,2023-12-08,"735 ",1347,,5,5,6,1502,0,0,0,,0,SOUTH,"AKERS RD","MC KEE RD",0.00,,Y,B,-,N,,,,,,,,,,N,3,0,3,2,A,-,09,21802,A,N,D,D,A,A,H,-,A,A,0,,,,,Y,,-,"- ",0,1,2,0,0,0,0,0,0,"- ","- ",35.273979187011719,-119.04840087890625,KERN,BAKERSFIELD,-119.04782104492188,35.27423095703125
82264350,2023,2023-12-18,1502,2023-12-08,1537,1409,,5,5,6,1502,0,0,0,,0,SOUTH,"AKERS RD","PANAMA LN",0.00,,Y,A,-,N,,,,,,,,,,N,3,0,1,1,A,-,03,22350,,N,F,A,A,A,H,-,A,A,0,,,Y,,Y,,C,02,0,1,0,0,0,0,0,0,1,"- ","- ",35.295391082763672,-119.04920959472656,KERN,BAKERSFIELD,-119.04779815673828,35.295928955078125
82264351,2023,2023-12-18,1502,2023-12-08,1738,1314,,5,5,6,1502,0,0,0,,0,NORTH,"TRIPLE CROWN DR","BLUEGRASS DR",20.00,N,N,A,-,N,,,,,,,,,,N,3,0,1,2,A,-,11,21954,A,N,G,B,D,A,H,-,C,D,0,Y,,,,Y,,N,60,0,1,0,0,1,0,0,0,0,"- ","- ",35.400249481201172,-119.12854766845703,KERN,BAKERSFIELD,-119.12859344482422,35.400108337402344
82264353,2023,2023-12-18,1502,2023-12-08,2030,1454,,5,5,6,1502,0,0,0,,0,,"19TH ST","SONORA ST",77.00,E,N,A,-,N,,,,,,,,,,N,4,0,1,2,A,-,11,21954,A,F,G,B,E,A,H,-,C,D,0,Y,,,,Y,,N,60,0,0,1,0,1,0,0,0,0,"- ","- ",35.376678466796875,-118.99990844726562,KERN,BAKERSFIELD,-118.99957275390625,35.376213073730469
82264355,2023,2023-12-18,1502,2023-12-09,"742 ",P45,,6,5,6,1502,0,0,0,,0,CENTRA,"GOSFORD RD","WESTWOLD DR",0.00,,Y,A,-,N,,,,,,,,,,Y,4,0,1,2,A,-,12,21453,A,N,D,C,A,A,H,-,A,D,0,,,,,Y,,-,"- ",0,0,1,0,0,0,0,0,0,"- ","- ",35.330360412597656,-119.09201812744141,KERN,BAKERSFIELD,-119.09226226806641,35.330192565917969
82264356,2023,2023-12-18,1502,2023-12-09,1824,1213,,6,5,6,1502,0,0,0,,0,SOUTH,"ASHE RD","TAFT HWY",0.00,,Y,A,-,N,,,,,,,,,,Y,3,0,2,2,A,-,09,21801,A,N,D,C,A,A,H,-,D,A,0,,,,,Y,,A,01,0,1,1,0,0,0,0,0,0,"- ","- ",35.266769409179688,-119.07614898681641,KERN,BAKERSFIELD,-119.07440185546875,35.267101287841797
82264357,2023,2023-12-18,1502,2023-12-09,1928,1213,,6,5,6,1502,0,0,0,,0,METRO,"UNION AV","ALPINE ST",215.00,S,N,A,-,N,,,,,,,,,,Y,4,0,2,4,A,-,01,23152,A,M,C,C,A,A,H,-,C,D,0,,,,,Y,Y,D,22,0,0,2,0,0,0,0,0,0,"- ","- ",35.369998931884766,-119.00250244140625,KERN,BAKERSFIELD,-119.00293731689453,35.370002746582031
82264358,2023,2023-12-18,1502,2023-12-09,1932,1454,,6,5,6,1502,0,0,0,,0,CENTRA,"MING AV","NEW STINE RD",0.00,,Y,A,-,N,,,,,,,,,,Y,4,0,1,2,A,-,12,21453,A,N,D,C,A,A,H,-,C,A,0,,,Y,,Y,Y,A,01,0,0,1,0,0,0,0,0,1,"- ","- ",35.338069915771484,-119.06059265136719,KERN,BAKERSFIELD,-119.06098175048828,35.338230133056641
82264359,2023,2023-12-18,1502,2023-12-10,"636 ",P88,,7,5,6,1502,0,0,0,,0,SOUTH,"TAFT HWY","WIBLE RD",813.00,W,N,A,-,Y,,,,,,,,,,Y,3,0,2,3,A,-,05,21460,C,N,H,A,A,A,H,-,B,D,0,,,,,Y,,A,01,0,1,1,0,0,0,0,0,0,"- ","- ",35.266300201416016,-119.04074859619141,KERN,BAKERSFIELD,-119.04168701171875,35.266910552978516
82264360,2023,2023-12-19,1502,2023-12-10,1323,P88,,7,5,6,1502,0,0,0,,0,NORTH,"COFFEE RD","HAGEMAN RD",312.00,N,N,A,-,N,,,,,,,,,,N,3,0,2,2,A,-,08,22107,,N,B,C,A,A,H,-,A,D,0,,,Y,,Y,,D,22,0,2,0,0,0,0,0,0,2,"- ","- ",35.401378631591797,-119.09219360351562,KERN,BAKERSFIELD,-119.09233856201172,35.402324676513672
82264362,2023,2023-12-18,1502,2023-12-11,1615,1322,,1,5,6,1502,0,0,0,,0,HILL,"BUCK OWENS BL","24TH ST",75.00,N,N,A,-,N,,,,,,,,,,N,4,0,2,2,A,-,21,22106,,M,D,C,A,A,H,-,A,D,0,,,,,Y,,-,99,0,0,2,0,0,0,0,0,0,"- ","- ",35.383171081542969,-119.04257202148438,KERN,BAKERSFIELD,-119.04324340820312,35.383201599121094
82264365,2023,2023-12-18,1502,2023-12-12,1315,1360,,2,5,6,1502,0,0,0,,0,SOUTH,"DISTRICT BL","RIDE ST",0.00,,Y,A,-,N,,,,,,,,,,N,4,0,1,2,A,-,09,21804,A,N,D,D,A,A,H,-,A,A,0,,,,,Y,,A,01,0,0,1,0,0,0,0,0,0,"- ","- ",35.313308715820312,-119.09027099609375,KERN,BAKERSFIELD,-119.09019470214844,35.313156127929688
82264366,2023,2023-12-18,1502,2023-12-13,1550,P63,,3,5,6,1502,0,0,0,,0,METRO,"8TH ST","P ST",0.00,,Y,A,-,N,,,,,,,,,,N,3,0,1,2,A,-,10,21950,A,N,G,B,B,A,H,-,A,A,0,Y,,,,Y,,A,01,0,1,0,0,1,0,0,0,0,"- ","- ",35.364509582519531,-119.01148223876953,KERN,BAKERSFIELD,-119.01182556152344,35.364574432373047
82264367,2023,2023-12-18,1502,2023-12-13,2005,P63,,3,5,6,1502,0,0,0,,0,VALLEY,"CHESTER AV","PLANZ RD",0.00,,Y,A,-,N,,,,,,,,,,N,3,0,1,2,A,-,09,21453,C,F,G,B,B,A,H,-,C,A,0,Y,,,,Y,,-,99,0,1,0,0,1,0,0,0,0,"- ","- ",35.324840545654297,-119.00942230224609,KERN,BAKERSFIELD,-119.00934600830078,35.324901580810547
82264368,2023,2023-12-18,1502,2023-12-14,1233,1188,,4,5,6,1502,0,0,0,,0,METRO,"UNION AV","3RD ST (N)",47.00,N,N,A,-,N,,,,,,,,,,N,4,0,2,2,A,-,03,22350,,N,C,C,A,A,H,-,A,B,0,,,,,Y,,D,22,0,0,2,0,0,0,0,0,0,"- ","- ",35.358291625976562,-119.00351715087891,KERN,BAKERSFIELD,-119.00299072265625,35.358287811279297
82264369,2023,2023-12-18,1502,2023-12-14,1429,P63,,4,5,6,1502,0,0,0,,0,CENTRA,"MING AV","STINE RD",60.00,W,N,A,-,N,,,,,,,,,,N,4,0,1,2,A,-,03,22350,,M,C,C,A,A,H,-,A,A,0,,,,,Y,,D,22,0,0,1,0,0,0,0,0,0,"- ","- ",35.339820861816406,-119.05039978027344,KERN,BAKERSFIELD,-119.05068206787109,35.339485168457031
82264374,2023,2023-12-18,1502,2023-12-15,1234,P63,,5,5,6,1502,0,0,0,,0,METRO,"BRUNDAGE LN","P ST",0.00,,Y,A,-,N,,,,,,,,,,Y,4,0,2,2,A,-,12,21453,A,N,D,D,A,A,H,-,A,A,0,,,,,Y,,A,07,0,0,2,0,0,0,0,0,0,"- ","- ",35.353809356689453,-119.01167297363281,KERN,BAKERSFIELD,-119.01189422607422,35.3538818359375
82264394,2023,2023-12-18,1503,2023-12-01,"745 ",10199,2013,5,5,4,1503,0,0,0,,0,,"20TH AV","RANDOLH STREET",0.00,,Y,A,-,N,,,,,,,,,,N,3,0,1,2,A,-,10,21950,,N,G,B,B,A,H,-,A,A,0,Y,,,,Y,,A,01,0,1,0,0,1,0,0,0,0,"- ","- ",35.783180236816406,-119.23197937011719,KERN,DELANO,-119.23197174072266,35.783172607421875
82265036,2023,2023-12-18,1503,2023-12-11,1833,10200,3011,1,5,4,1503,0,0,0,,0,,"HIGH STREET, 1100 BLOCK","11TH AVENUE",14.00,N,-,A,-,N,,,,,,,,,,Y,3,0,1,2,A,-,12,21453,A,N,D,C,A,A,H,-,C,D,0,,,,,Y,,A,01,0,1,0,0,0,0,0,0,0,"- ","- ",35.768901824951172,-119.24696350097656,KERN,DELANO,-119.24727630615234,35.770168304443359
82265271,2023,2023-12-18,1503,2023-11-03,1559,10199,4011,5,5,4,1503,0,0,0,,0,,"GARCES HIGHWAY","GLENWOOD STREET",0.00,,Y,A,-,N,,,,,,,,,,N,3,0,1,2,A,-,04,21703,,N,C,C,A,A,H,-,A,D,0,,,,,Y,,A,01,0,1,0,0,0,0,0,0,0,"- ","- ",35.761398315429688,-119.24701690673828,KERN,DELANO,-119.24700927734375,35.761402130126953
82265551,2023,2023-12-19,1502,2023-12-12,1555,1359,,2,5,6,1502,0,0,0,,0,NORTH,"KRATZMEYER RD","WEGIS AV",40.00,E,N,A,-,N,,,,,,,,,,Y,3,0,1,1,A,-,01,23152,A,N,E,I,A,A,H,-,A,D,0,,,,,Y,Y,A,01,0,1,0,0,0,0,0,0,0,"- ","- ",35.420520782470703,-119.18953704833984,KERN,BAKERSFIELD,-119.18968963623047,35.419780731201172
82265552,2023,2023-12-19,1502,2023-12-15,2011,P99,,5,5,6,1502,0,0,0,,0,METRO,"UNION AV","11TH ST",45.00,N,N,A,-,N,,,,,,,,,,Y,4,0,1,4,A,-,01,23152,A,M,B,C,A,A,H,-,C,A,0,,,,,Y,Y,A,07,0,0,1,0,0,0,0,0,0,"- ","- ",35.367259979248047,-119.00254058837891,KERN,BAKERSFIELD,-119.00295257568359,35.367259979248047
82265555,2023,2023-12-19,1502,2023-12-15,2015,P63,,5,5,6,1502,0,0,0,,0,CENTRA,"OLD RIVER RD","MING AV",610.00,S,N,A,-,N,,,,,,,,,,Y,2,0,6,2,A,-,01,23152,A,N,B,C,A,A,H,-,C,D,0,,,,,Y,Y,A,07,1,3,2,0,0,0,0,0,0,"- ","- ",35.340171813964844,-119.11403656005859,KERN,BAKERSFIELD,-119.11437225341797,35.338027954101562
82265557,2023,2023-12-19,1502,2023-12-16,2147,1454,,6,5,6,1502,0,0,0,,0,METRO,"UNION AV","BRUNDAGE LN",0.00,,Y,A,-,N,,,,,,,,,,Y,4,0,4,4,A,-,01,23152,A,N,D,C,A,A,H,-,C,A,0,,,,,Y,Y,A,01,0,0,4,0,0,0,0,0,0,"- ","- ",35.353710174560547,-119.00276947021484,KERN,BAKERSFIELD,-119.00309753417969,35.353855133056641
82265561,2023,2023-12-19,1502,2023-12-18,1239,1400,,1,5,6,1502,0,0,0,,0,SOUTH,"PANAMA LN","STINE RD",70.00,E,N,A,-,N,,,,,,,,,,N,4,0,2,2,A,-,03,22350,,N,C,C,A,A,H,-,A,A,0,,,,,Y,,A,07,0,0,2,0,0,0,0,0,0,"- ","- ",35.295818328857422,-119.05697631835938,KERN,BAKERSFIELD,-119.05645751953125,35.295902252197266
82265989,2023,2023-12-19,1503,2023-12-06,1356,10192,,3,5,4,1503,0,0,0,,0,,"WOOLLOMES AV","WEST BURBLINE PROLONGATION OF S. HIGH ST",30.00,E,-,A,-,N,,,,,,,,,,N,4,0,2,5,A,-,04,21703,,N,C,C,A,A,H,-,A,A,0,,,,,Y,,D,22,0,0,2,0,0,0,0,0,0,"- ","- ",35.746891021728516,-119.2430419921875,KERN,DELANO,-119.24314880371094,35.746883392333984
82266840,2023,2023-12-20,1502,2023-12-03,1002,1400,,7,5,6,1502,0,0,0,,0,CENTRA,"STINE RD","WILSON RD",0.00,,Y,B,-,N,,,,,,,,,,Y,4,0,1,2,A,-,12,21453,A,N,D,C,A,A,H,-,A,A,0,,,,,Y,,A,07,0,0,1,0,0,0,0,0,0,"- ","- ",35.332618713378906,-119.05571746826172,KERN,BAKERSFIELD,-119.05567932128906,35.332309722900391
82266850,2023,2023-12-20,1502,2023-12-15,2315,1454,,5,5,6,1502,0,0,0,,0,CENTRA,"STOCKDALE HWY","HIDDEN LANE",0.00,,Y,A,-,N,,,,,,,,,,Y,3,0,1,2,A,-,09,21801,A,N,D,C,A,A,H,-,C,D,0,,,,,Y,,D,22,0,1,0,0,0,0,0,0,0,"- ","- ",,,KERN,BAKERSFIELD,-119.07872399999999,35.354328000000002
82268958,2023,2023-12-22,1502,2023-06-27,2330,1225,,2,5,6,1502,0,0,0,,0,HILL,"WILLOW DR","OILDALE DR",299.00,W,N,A,-,N,,,,,,,,,,Y,1,1,0,1,A,-,01,23152,A,N,E,I,A,A,B,-,D,D,0,,,Y,,Y,,C,06,0,0,0,0,0,0,0,1,0,"- ","- ",35.398578643798828,-119.03103637695312,KERN,BAKERSFIELD,-119.03102111816406,35.40203857421875
82268959,2023,2023-12-22,1502,2023-11-17,"910 ",P82,,5,5,6,1502,0,0,0,,0,METRO,"TRUXTUN AV","BAKER ST",0.00,,Y,A,-,N,,,,,,,,,,Y,4,0,1,2,A,-,12,21453,A,N,D,D,A,A,H,-,A,A,0,,,,,Y,,A,01,0,0,1,0,0,0,0,0,0,"- ","- ",35.374031066894531,-118.99416351318359,KERN,BAKERSFIELD,-118.99404907226562,35.373580932617188
82268961,2023,2023-12-22,1502,2023-12-06,"906 ",P82,,3,5,6,1502,0,0,0,,0,HILL,"24TH ST","PINE ST",84.00,E,N,A,-,Y,,,,,,,,,,N,4,0,1,2,A,-,03,22350,,N,C,C,A,A,H,-,A,A,0,,,,,Y,,D,22,0,0,1,0,0,0,0,0,0,"- ","- ",35.381130218505859,-119.03105926513672,KERN,BAKERSFIELD,-119.03134155273438,35.381175994873047
82268963,2023,2023-12-22,1502,2023-12-17,1959,1360,,7,5,6,1502,0,0,0,,0,HILL,"MOUNT VERNON AV","BERNARD ST",38.00,N,N,A,-,N,,,,,,,,,,N,4,0,1,2,A,-,08,22107,,M,A,C,A,A,H,-,C,A,0,,,,,Y,,A,01,0,0,1,0,0,0,0,0,0,"- ","- ",35.389068603515625,-118.96759033203125,KERN,BAKERSFIELD,-118.96758270263672,35.390342712402344
82270327,2023,2023-12-25,1502,2023-12-06,1132,1523,,3,5,6,1502,0,0,0,,0,,"Q ST","ESPEE ST",0.00,,Y,A,-,N,,,,,,,,,,N,4,0,1,2,A,-,08,22107,,N,D,C,A,A,H,-,A,D,0,,,,,Y,,A,01,0,0,1,0,0,0,0,0,0,"- ","- ",35.384929656982422,-119.01056671142578,KERN,BAKERSFIELD,-119.01056671142578,35.384426116943359
82270330,2023,2023-12-25,1502,2023-12-09,1919,1314,,6,5,6,1502,0,0,0,,0,CENTRA,"CALIFORNIA AV","REAL RD",103.00,E,N,A,-,N,,,,,,,,,,N,3,0,1,2,A,-,11,21954,A,N,G,B,D,A,H,-,C,A,0,Y,,,,Y,,N,60,0,1,0,0,1,0,0,0,0,"- ","- ",35.368129730224609,-119.04299926757812,KERN,BAKERSFIELD,-119.04303741455078,35.367988586425781
82270332,2023,2023-12-25,1502,2023-12-12,"935 ",1469,,2,5,6,1502,0,0,0,,0,METRO,"CALIFORNIA AV","OAK ST",15.00,E,N,-,-,N,,,,,,,,,,N,4,0,1,3,A,-,03,22350,,M,C,C,A,A,H,-,A,A,0,,,,,Y,Y,A,01,0,0,1,0,0,0,0,0,0,"- ","- ",35.368759155273438,-119.03830718994141,KERN,BAKERSFIELD,-119.03872680664062,35.3685302734375
82270333,2023,2023-12-25,1502,2023-12-12,1118,1359,,2,5,6,1502,0,0,0,,0,METRO,"CALIFORNIA AV","HALEY ST",0.00,,Y,A,-,N,,,,,,,,,,Y,4,0,2,2,A,-,12,21453,A,N,D,D,A,A,H,-,A,A,0,,,,,Y,,A,01,0,0,2,0,0,0,0,0,0,"- ","- ",35.367420196533203,-118.98455810546875,KERN,BAKERSFIELD,-118.98408508300781,35.368568420410156
82270337,2023,2023-12-25,1502,2023-12-15,1055,1476,,5,5,6,1502,0,0,0,,0,HILL,"CHESTER AV","34TH ST",0.00,,Y,A,-,N,,,,,,,,,,N,4,0,1,2,A,-,09,21453,C,N,A,C,A,A,H,-,A,A,0,,,,,Y,,A,01,0,0,1,0,0,0,0,0,0,"- ","- ",35.390499114990234,-119.01805114746094,KERN,BAKERSFIELD,-119.01876831054688,35.390510559082031
82270341,2023,2023-12-25,1502,2023-12-16,1557,1213,,6,5,6,1502,0,0,0,,0,METRO,"UNION AV","NILES ST",0.00,,Y,A,-,N,,,,,,,,,,Y,4,0,2,1,A,-,08,22107,,N,E,I,A,A,H,-,A,A,0,,,,,Y,,A,01,0,0,2,0,0,0,0,0,0,"- ","- ",35.383041381835938,-119.00308227539062,KERN,BAKERSFIELD,-119.00279998779297,35.383975982666016
82270342,2023,2023-12-25,1502,2023-12-16,1713,P17,,6,5,6,1502,0,0,0,,0,METRO,"H ST","22ND ST",9.00,N,N,A,-,N,,,,,,,,,,N,4,0,1,2,A,-,10,21950,A,M,G,B,B,A,H,-,B,A,0,Y,,,,Y,,-,99,0,0,1,0,1,0,0,0,0,"- ","- ",35.378341674804688,-119.02144622802734,KERN,BAKERSFIELD,-119.02115631103516,35.379104614257812
82270343,2023,2023-12-25,1502,2023-12-17,2212,1309,,7,5,6,1502,0,0,0,,0,CENTRA,"OLD RIVER RD","MING AV",0.00,,Y,A,-,N,,,,,,,,,,Y,4,0,1,3,A,-,03,22350,,N,E,I,A,A,H,-,C,A,0,,,,Y,Y,Y,F,26,0,0,1,0,0,0,0,0,0,"- ","- ",35.340171813964844,-119.11403656005859,KERN,BAKERSFIELD,-119.11441040039062,35.339698791503906
82270344,2023,2023-12-25,1502,2023-12-17,"256 ",1454,,7,5,6,1502,0,0,0,,0,METRO,"18TH ST","H ST",83.00,W,N,A,-,N,,,,,,,,,,N,3,0,1,2,A,-,11,21954,A,F,G,B,D,A,H,-,C,D,0,Y,,,,Y,,N,60,0,1,0,0,1,0,0,0,0,"- ","- ",35.375289916992188,-119.02069854736328,KERN,BAKERSFIELD,-119.02147674560547,35.375289916992188
82270346,2023,2023-12-25,1502,2023-12-17,1751,1523,,7,5,6,1502,0,0,0,,0,,"H ST","RICHLAND ST",0.00,,Y,A,-,N,,,,,,,,,,N,4,0,1,2,A,-,12,21453,A,N,B,C,A,A,H,-,C,A,0,,,,,Y,,-,"- ",0,0,1,0,0,0,0,0,0,"- ","- ",35.352218627929688,-119.02188110351562,KERN,BAKERSFIELD,-119.02120971679688,35.353000640869141
82270349,2023,2023-12-28,1502,2023-12-20,1811,1359,,3,5,6,1502,0,0,0,,0,METRO,"21ST ST","CHESTER AV",15.00,W,N,A,-,N,,,,,,,,,,N,3,0,1,2,A,-,11,21954,A,N,G,B,D,A,H,-,C,A,0,Y,,,,Y,Y,N,60,0,1,0,0,1,0,0,0,0,"- ","- ",35.378120422363281,-119.01827239990234,KERN,BAKERSFIELD,-119.01892852783203,35.378131866455078
82270584,2023,2023-12-26,1502,2023-12-20,1009,P45,,3,5,6,1502,0,0,0,,0,NORTH,"ROSEDALE HWY","99 S ON FR ROSEDALE RAMP",71.00,W,N,A,-,Y,,,,,,,,,,N,4,0,1,2,A,-,07,21658,A,M,H,A,A,A,H,-,A,D,0,,,,,Y,,-,99,0,0,1,0,0,0,0,0,0,"- ","- ",35.382640838623047,-119.04676055908203,KERN,BAKERSFIELD,-119.09987640380859,35.383541107177734
82270585,2023,2023-12-26,1502,2023-12-20,1412,P63,,3,5,6,1502,0,0,0,,0,METRO,"19TH ST","BAKER ST",10.00,W,N,B,-,N,,,,,,,,,,Y,4,0,1,2,A,-,03,22350,,N,C,C,A,A,H,-,A,A,0,,,,,Y,,A,08,0,0,1,0,0,0,0,0,0,"- ","- ",35.373798370361328,-118.99397277832031,KERN,BAKERSFIELD,-118.99364471435547,35.374786376953125
82270589,2023,2023-12-26,1502,2023-12-20,1859,1309,,3,5,6,1502,0,0,0,,0,SOUTH,"PANAMA LN","GOSFORD RD",35.00,W,N,C,-,N,,,,,,,,,,Y,4,0,1,2,A,-,08,22107,,N,D,C,A,B,H,-,C,A,0,,,,,Y,,A,01,0,0,1,0,0,0,0,0,0,"- ","- ",35.296310424804688,-119.09246063232422,KERN,BAKERSFIELD,-119.09226989746094,35.296161651611328
82270595,2023,2023-12-26,1502,2023-12-22,"924 ",P82,,5,5,6,1502,0,0,0,,0,CENTRA,"MOHAWK ST","CALIFORNIA AV",0.00,,Y,C,-,N,,,,,,,,,,Y,4,0,1,2,A,-,03,22350,,M,C,C,A,B,H,-,A,A,0,,,,,Y,,-,99,0,0,1,0,0,0,0,0,0,"- ","- ",35.361030578613281,-119.05947875976562,KERN,BAKERSFIELD,-119.06011199951172,35.361198425292969
82270596,2023,2023-12-26,1502,2023-12-22,"940 ",1188,,5,5,6,1502,0,0,0,,0,CENTRA,"WHITE LN","GRISSOM ST",30.00,E,N,C,-,N,,,,,,,,,,N,4,0,1,2,A,-,03,22350,,N,C,C,A,B,H,-,A,A,0,,,,,Y,,A,07,0,0,1,0,0,0,0,0,0,"- ","- ",35.318019866943359,-119.06141662597656,KERN,BAKERSFIELD,-119.06130981445312,35.318191528320312
82270599,2023,2024-01-01,1502,2023-12-22,2223,P63,,5,5,6,1502,0,0,0,,0,METRO,"TRUXTUN AV","CHESTER AV",0.00,,Y,A,-,N,,,,,,,,,,Y,3,0,2,2,A,-,00,21807,,N,D,D,A,A,H,-,C,A,0,,,,,Y,,J,48,0,1,1,0,0,0,0,0,0,"- ","- ",35.373310089111328,-119.01834869384766,KERN,BAKERSFIELD,-119.01889801025391,35.373268127441406
82270601,2023,2023-12-26,1502,2023-12-24,1953,1523,,7,5,6,1502,0,0,0,,0,,"PLANZ RD","LAUREL DR",50.00,E,N,A,-,N,,,,,,,,,,N,3,0,1,1,A,-,03,22350,,N,F,A,A,A,H,-,C,D,0,,,Y,,Y,,C,02,0,1,0,0,0,0,0,0,1,"- ","- ",35.324901580810547,-119.01860046386719,KERN,BAKERSFIELD,-119.01830291748047,35.324909210205078
82270603,2023,2023-12-26,1502,2023-12-25,"659 ",1285,,1,5,6,1502,0,0,0,,0,NORTH,"HAGEMAN RD","RIVERLAKES DR",1215.00,W,N,B,-,N,,,,,,,,,,Y,4,0,1,1,A,-,08,22107,,N,E,I,A,A,H,-,A,A,0,,,,,Y,,A,01,0,0,1,0,0,0,0,0,0,"- ","- ",35.4002685546875,-119.09723663330078,KERN,BAKERSFIELD,-119.10086059570312,35.398811340332031
82271829,2023,2023-12-27,1502,2023-12-06,"328 ",1225,,3,5,6,1502,0,0,0,,0,HILL,"ALFRED HARRELL HWY","ALFRED HARRELL HWY FRONTAGE RD",376.00,E,N,A,-,N,,,,,,,,,,Y,3,0,3,1,A,-,01,23152,A,N,F,A,A,A,B,-,D,D,0,,,Y,,Y,Y,C,06,0,3,0,0,0,0,0,0,3,"- ","- ",35.438709259033203,-118.93057250976562,KERN,BAKERSFIELD,-118.88710021972656,35.430896759033203
82271830,2023,2023-12-27,1502,2023-12-18,1436,1476,,1,5,6,1502,0,0,0,,0,CENTRA,"STOCKDALE HWY","CALIFORNIA AV",30.00,E,N,A,-,N,,,,,,,,,,N,4,0,1,2,A,-,04,21703,,M,C,C,A,A,H,-,A,A,0,,,,,Y,,A,01,0,0,1,0,0,0,0,0,0,"- ","- ",35.354129791259766,-119.06069946289062,KERN,BAKERSFIELD,-119.06114959716797,35.354290008544922
82273275,2023,2023-12-28,1502,2023-11-15,1553,1450,,3,5,6,1502,0,0,0,,0,METRO,"CHESTER AV","8TH ST",3.00,N,N,A,-,N,,,,,,,,,,N,4,0,1,2,A,-,10,21950,A,M,G,B,B,A,H,-,A,A,0,Y,,,,Y,,-,99,0,0,1,0,1,0,0,0,0,"- ","- ",35.364589691162109,-119.01850891113281,KERN,BAKERSFIELD,-119.01888275146484,35.364608764648438
82273283,2023,2023-12-28,1502,2023-12-18,1432,P17,,1,5,6,1502,0,0,0,,0,HILL,"PARK DR","RYAN DR",104.00,N,N,A,-,N,,,,,,,,,,N,2,0,1,2,A,-,11,21954,A,N,G,B,D,A,H,-,A,D,0,Y,,,,Y,,N,60,1,0,0,0,1,0,0,0,0,"- ","- ",35.381900787353516,-118.91867828369141,KERN,BAKERSFIELD,-118.91862487792969,35.382404327392578
82273284,2023,2023-12-28,1502,2023-12-18,2048,P75,,1,5,6,1502,0,0,0,,0,,"TRUXTUN AV","OAK ST",0.00,,Y,A,-,N,,,,,,,,,,Y,4,0,6,3,A,-,01,23152,A,N,D,C,A,B,H,-,C,A,0,,,,,Y,Y,A,01,0,0,6,0,0,0,0,0,0,"- ","- ",35.372879028320312,-119.03900909423828,KERN,BAKERSFIELD,-119.03868103027344,35.37347412109375
82273285,2023,2023-12-28,1502,2023-12-19,"940 ",P17,,2,5,6,1502,0,0,0,,0,CENTRA,"STOCKDALE HWY","CALIFORNIA AV",0.00,,Y,A,-,N,,,,,,,,,,Y,4,0,3,4,A,-,03,22350,,M,B,C,A,A,H,-,A,A,0,,,,,Y,,A,01,0,0,3,0,0,0,0,0,0,"- ","- ",35.354129791259766,-119.06069946289062,KERN,BAKERSFIELD,-119.06124877929688,35.354286193847656
82273287,2023,2023-12-28,1502,2023-12-19,2200,P75,,2,5,6,1502,0,0,0,,0,METRO,"TRUXTUN AV","OAK ST",0.00,,Y,A,-,N,,,,,,,,,,Y,4,0,1,2,A,-,12,21453,A,M,D,C,A,A,H,-,C,A,0,,,,,Y,,-,99,0,0,1,0,0,0,0,0,0,"- ","- ",35.373638153076172,-119.03817749023438,KERN,BAKERSFIELD,-119.03868103027344,35.37347412109375