CASE_ID,ACCIDENT_YEAR,PROC_DATE,JURIS,COLLISION_DATE,COLLISION_TIME,OFFICER_ID,REPORTING_DISTRICT,DAY_OF_WEEK,CHP_SHIFT,POPULATION,CNTY_CITY_LOC,SPECIAL_COND,BEAT_TYPE,CHP_BEAT_TYPE,CITY_DIVISION_LAPD,CHP_BEAT_CLASS,BEAT_NUMBER,PRIMARY_RD,SECONDARY_RD,DISTANCE,DIRECTION,INTERSECTION,WEATHER_1,WEATHER_2,STATE_HWY_IND,CALTRANS_COUNTY,CALTRANS_DISTRICT,STATE_ROUTE,ROUTE_SUFFIX,POSTMILE_PREFIX,POSTMILE,LOCATION_TYPE,RAMP_INTERSECTION,SIDE_OF_HWY,TOW_AWAY,COLLISION_SEVERITY,NUMBER_KILLED,NUMBER_INJURED,PARTY_COUNT,PRIMARY_COLL_FACTOR,PCF_CODE_OF_VIOL,PCF_VIOL_CATEGORY,PCF_VIOLATION,PCF_VIOL_SUBSECTION,HIT_AND_RUN,TYPE_OF_COLLISION,MVIW,PED_ACTION,ROAD_SURFACE,ROAD_COND_1,ROAD_COND_2,LIGHTING,CONTROL_DEVICE,CHP_ROAD_TYPE,PEDESTRIAN_ACCIDENT,BICYCLE_ACCIDENT,MOTORCYCLE_ACCIDENT,TRUCK_ACCIDENT,NOT_PRIVATE_PROPERTY,ALCOHOL_INVOLVED,STWD_VEHTYPE_AT_FAULT,CHP_VEHTYPE_AT_FAULT,COUNT_SEVERE_INJ,COUNT_VISIBLE_INJ,COUNT_COMPLAINT_PAIN,COUNT_PED_KILLED,COUNT_PED_INJURED,COUNT_BICYCLIST_KILLED,COUNT_BICYCLIST_INJURED,COUNT_MC_KILLED,COUNT_MC_INJURED,PRIMARY_RAMP,SECONDARY_RAMP,LATITUDE,LONGITUDE,COUNTY,CITY,POINT_X,POINT_Y
82307584,2024,2024-02-07,1502,2024-02-05,1724,P75,,1,5,6,1502,0,0,0,,0,VALLEY,"COTTONWOOD RD","BROOK ST",0.00,,Y,B,C,N,,,,,,,,,,N,4,0,1,3,A,-,03,22350,,M,C,C,A,B,H,-,B,D,0,,,,,Y,,A,01,0,0,1,0,0,0,0,0,0,"- ","- ",35.321029663085938,-118.98561859130859,KERN,BAKERSFIELD,-118.98542785644531,35.321338653564453
82309588,2024,2024-02-08,1503,2024-01-31,1419,10192,,3,5,4,1503,0,0,0,,0,,"400 BLOCK OF CECIL AV","WEST CURBLINE PROLONGATION OF DOVER ST",38.00,E,-,A,-,N,,,,,,,,,,N,4,0,1,2,A,-,09,21800,A,N,B,C,A,A,H,-,A,D,0,,,,,Y,,A,08,0,0,1,0,0,0,0,0,0,"- ","- ",35.775920867919922,-119.25482940673828,KERN,DELANO,-119.25418853759766,35.77581787109375
82311232,2024,2024-02-12,1502,2024-01-28,1134,P17,,7,5,6,1502,0,0,0,,0,METRO,"BAKER ST","PACIFIC ST",0.00,,Y,A,-,N,,,,,,,,,,Y,3,0,3,2,A,-,09,21802,A,N,D,C,A,A,H,-,A,A,0,,,,,Y,,A,01,0,1,2,0,0,0,0,0,0,"- ","- ",35.384449005126953,-118.99031066894531,KERN,BAKERSFIELD,-118.99030303955078,35.384128570556641
82311234,2024,2024-02-12,1502,2024-01-31,"702 ",1336,,3,5,6,1502,0,0,0,,0,VALLEY,"CHESTER AV","LOUSTALOT LN",0.00,,Y,B,-,Y,,,,,,,,,,Y,3,0,3,4,B,-,22,,,N,D,C,A,A,H,-,A,A,0,,,,,Y,,J,48,0,1,2,0,0,0,0,0,0,"- ","- ",35.352058410644531,-119.01872253417969,KERN,BAKERSFIELD,-119.01893615722656,35.352127075195312
82311239,2024,2024-02-12,1502,2024-02-03,2214,1454,,6,5,6,1502,0,0,0,,0,METRO,"24TH ST","H ST",124.00,W,N,C,-,N,,,,,,,,,,N,4,0,1,2,A,-,08,22100,B,N,D,C,A,B,H,-,C,D,0,,,,,Y,,A,07,0,0,1,0,0,0,0,0,0,"- ","- ",35.381008148193359,-119.02059936523438,KERN,BAKERSFIELD,-119.02156829833984,35.381019592285156
82311240,2024,2024-02-12,1502,2024-02-03,2339,1454,,6,5,6,1502,0,0,0,,0,HILL,"MOUNT VERNON AV","COLLEGE AV",77.00,N,N,C,-,N,,,,,,,,,,Y,3,0,1,4,A,-,01,23152,A,N,D,E,A,B,H,-,C,D,0,,,,,Y,Y,A,07,0,1,0,0,0,0,0,0,0,"- ","- ",35.383148193359375,-118.96743774414062,KERN,BAKERSFIELD,-118.96752166748047,35.38323974609375
82311241,2024,2024-02-12,1502,2024-02-04,"204 ",1393,,7,5,6,1502,0,0,0,,0,METRO,"21ST ST","L ST",0.00,,Y,A,-,N,,,,,,,,,,Y,4,0,2,2,A,-,01,23152,A,F,D,C,A,B,H,-,C,A,0,,,,,Y,Y,A,01,0,0,2,0,0,0,0,0,0,"- ","- ",35.378089904785156,-119.01589202880859,KERN,BAKERSFIELD,-119.01641845703125,35.378108978271484
82311243,2024,2024-02-12,1502,2024-02-06,1652,1008,,2,5,6,1502,0,0,0,,0,VALLEY,"WIBLE RD","VALLEY PLAZA",401.00,S,N,C,-,N,,,,,,,,,,Y,3,0,1,2,A,-,08,22107,,N,D,D,A,B,H,-,A,D,0,,,,,Y,,A,01,0,1,0,0,0,0,0,0,0,"- ","- ",35.335941314697266,-119.03981018066406,KERN,BAKERSFIELD,-119.03897857666016,35.335460662841797
82311245,2024,2024-02-12,1502,2024-02-06,1717,1582,,2,5,6,1502,0,0,0,,0,SOUTH,"OLD RIVER RD","ROSE CREEK WY",569.00,S,N,C,-,N,,,,,,,,,,N,4,0,1,2,A,-,03,22350,,N,C,C,A,B,H,-,C,A,0,,,,,Y,,A,01,0,0,1,0,0,0,0,0,0,"- ","- ",35.287479400634766,-119.11026000976562,KERN,BAKERSFIELD,-119.10980987548828,35.285629272460938
82311248,2024,2024-02-12,1502,2024-02-07,1820,1418,,3,5,6,1502,0,0,0,,0,HILL,"178 HWY","OLD KERN CANYON ROAD",20.00,E,N,C,-,N,,,,,,,,,,Y,3,0,1,1,A,-,01,23152,A,N,E,I,A,B,H,-,D,D,0,,,,,Y,Y,A,01,0,1,0,0,0,0,0,0,0,"- ","- ",,,KERN,BAKERSFIELD,-118.87956237792969,35.398429870605469
82311249,2024,2024-02-12,1502,2024-02-07,1929,1559,,3,5,6,1502,0,0,0,,0,,"CALIFORNIA AV","CHESTER AV",30.00,W,N,B,-,N,,,,,,,,,,N,4,0,1,2,A,-,11,21954,A,N,G,B,D,B,H,-,C,D,0,Y,,,,Y,,N,60,0,0,1,0,1,0,0,0,0,"- ","- ",35.367698669433594,-119.01927185058594,KERN,BAKERSFIELD,-119.01902770996094,35.368400573730469
82311250,2024,2024-02-12,1502,2024-02-07,2041,1309,,3,5,6,1502,0,0,0,,0,HILL,"FAIRFAX RD","AUBURN ST",0.00,,Y,C,-,N,,,,,,,,,,N,4,0,1,2,A,-,12,21453,A,N,C,C,A,B,H,-,C,A,0,,,,,Y,,A,07,0,0,1,0,0,0,0,0,0,"- ","- ",35.397850036621094,-118.92984771728516,KERN,BAKERSFIELD,-118.93000793457031,35.397979736328125
82311251,2024,2024-02-12,1502,2024-02-07,2103,P63,,3,5,6,1502,0,0,0,,0,METRO,"Q ST","19TH ST",0.00,,Y,C,-,N,,,,,,,,,,Y,3,0,3,2,A,-,12,21453,A,N,D,D,A,B,H,-,C,A,0,,,,,Y,,A,01,0,1,2,0,0,0,0,0,0,"- ","- ",35.375358581542969,-119.01094055175781,KERN,BAKERSFIELD,-119.0106201171875,35.376201629638672
82311254,2024,2024-02-12,1502,2024-02-09,"755 ",1336,,5,5,6,1502,0,0,0,,0,CENTRA,"MOHAWK ST","TOWER WY",0.00,,Y,A,-,N,,,,,,,,,,Y,4,0,1,2,A,-,09,21801,A,N,D,C,A,A,H,-,A,D,0,,,,,Y,,A,01,0,0,1,0,0,0,0,0,0,"- ","- ",35.361660003662109,-119.06271362304688,KERN,BAKERSFIELD,-119.06221008300781,35.362060546875
82311256,2024,2024-02-12,1502,2024-02-09,1814,P63,,5,5,6,1502,0,0,0,,0,NORTH,"ROSEDALE HWY","CLAY PATRICK FARR WY",540.00,E,N,A,-,Y,,,,,,,,,,Y,2,0,1,2,A,-,03,22350,,N,B,C,A,A,H,-,C,D,0,,,Y,,Y,,A,07,1,0,0,0,0,0,0,0,1,"- ","- ",35.383369445800781,-119.10124969482422,KERN,BAKERSFIELD,-119.09922027587891,35.383537292480469
82312232,2024,2024-02-13,1503,2024-02-03,2035,10189,,6,5,4,1503,0,0,0,,0,,"S LEXINGTON ST","BALBOA AVE",0.00,,Y,C,-,N,,,,,,,,,,Y,1,1,0,3,A,-,03,22350,,N,G,B,B,B,H,-,C,A,0,Y,,,,Y,,A,01,0,0,0,1,0,0,0,0,0,"- ","- ",35.756420135498047,-119.24076080322266,KERN,DELANO,-119.24076843261719,35.756389617919922
82312354,2024,2024-02-13,1502,2024-01-29,"807 ",P17,,1,5,6,1502,0,0,0,,0,METRO,"HALEY ST","KENTUCKY ST",0.00,,Y,A,-,N,,,,,,,,,,Y,3,0,3,2,A,-,09,21802,A,N,D,C,A,A,H,-,A,A,0,,,,,Y,,D,22,0,1,2,0,0,0,0,0,0,"- ","- ",35.375171661376953,-118.98168182373047,KERN,BAKERSFIELD,-118.98143005371094,35.376274108886719
82312355,2024,2024-02-13,1502,2024-02-02,2335,1393,,5,5,6,1502,0,0,0,,0,HILL,"BEALE AV","178 W OFF TO BEALE RAMP",127.00,W,N,A,-,N,,,,,,,,,,Y,4,0,1,1,A,-,01,23152,A,N,E,I,A,A,H,-,C,A,0,,,,,Y,Y,A,01,0,0,1,0,0,0,0,0,0,"- ","- ",35.386569976806641,-118.98583221435547,KERN,BAKERSFIELD,-118.986083984375,35.387725830078125
82312356,2024,2024-02-13,1502,2024-02-04,"130 ",1393,,7,5,6,1502,0,0,0,,0,HILL,"UNION AV","LOMA LINDA DR",0.00,,Y,A,-,N,,,,,,,,,,N,4,0,1,2,A,-,09,21800,A,M,D,D,A,B,H,-,C,D,0,,,,,Y,,-,99,0,0,1,0,0,0,0,0,0,"- ","- ",35.392478942871094,-119.00277709960938,KERN,BAKERSFIELD,-119.00298309326172,35.392066955566406
82312369,2024,2024-02-13,1502,2024-02-08,1657,1559,,4,5,6,1502,0,0,0,,0,,"PANORAMA DR","ALTA VISTA DR",180.00,W,N,A,-,N,,,,,,,,,,N,4,0,1,2,A,-,09,21801,A,N,D,C,A,A,H,-,A,D,0,,,,,Y,,A,01,0,0,1,0,0,0,0,0,0,"- ","- ",35.407081604003906,-118.99433135986328,KERN,BAKERSFIELD,-118.99505615234375,35.406478881835938
82312373,2024,2024-02-13,1502,2024-02-09,1119,1430,,5,5,6,1502,0,0,0,,0,METRO,"BAKER ST","21ST ST",0.00,,Y,A,-,N,,,,,,,,,,Y,4,0,2,2,A,-,12,22450,A,N,D,C,A,A,H,-,A,A,0,,,,,Y,,A,01,0,0,2,0,0,0,0,0,0,"- ","- ",35.376201629638672,-118.99336242675781,KERN,BAKERSFIELD,-118.99324798583984,35.375839233398438
82312374,2024,2024-02-13,1502,2024-02-11,"745 ",1249,,7,5,6,1502,0,0,0,,0,CENTRA,"CALLOWAY DR","STOCKDALE HWY",0.00,,Y,A,-,N,,,,,,,,,,N,4,0,1,2,A,-,12,21453,A,N,D,C,A,A,H,-,A,A,0,,,,,Y,,-,"- ",0,0,1,0,0,0,0,0,0,"- ","- ",35.353328704833984,-119.11544036865234,KERN,BAKERSFIELD,-119.11496734619141,35.353340148925781
82313457,2022,2024-02-14,1502,2022-12-14,0610,1268,,3,5,6,1502,0,0,0,,0,NORTH,"BRIMHALL RD","ALLEN RD",0.00,,Y,A,-,N,,,,,,,,,,Y,1,1,0,2,A,-,11,21456,B,N,G,B,B,A,H,-,C,A,0,Y,,,,Y,,N,60,0,0,0,1,0,0,0,0,0,"- ","- ",35.369281768798828,-119.14594268798828,KERN,BAKERSFIELD,-119.14553070068359,35.368885040283203
82313460,2024,2024-02-14,1502,2024-02-05,1056,1362,,1,5,6,1502,0,0,0,,0,,"17TH ST","V ST",0.00,,Y,B,-,N,,,,,,,,,,N,4,0,1,2,A,-,08,22107,,N,D,C,A,A,H,-,A,A,0,,,,,Y,,A,01,0,0,1,0,0,0,0,0,0,"- ","- ",35.374729156494141,-119.00492858886719,KERN,BAKERSFIELD,-119.00482177734375,35.374256134033203
82313461,2024,2024-02-14,1502,2024-02-09,2216,1454,,5,5,6,1502,0,0,0,,0,VALLEY,"CHESTER AV","SOUTHGATE DR",0.00,,Y,A,-,N,,,,,,,,,,Y,3,0,1,2,A,-,12,21453,A,F,D,C,A,A,H,-,C,A,0,,,,,Y,,A,01,0,1,0,0,0,0,0,0,0,"- ","- ",35.335781097412109,-119.01644134521484,KERN,BAKERSFIELD,-119.01651000976562,35.335800170898438
82313463,2024,2024-02-14,1502,2024-02-11,1006,1564,,7,5,6,1502,0,0,0,,0,VALLEY,"PANAMA LN","SOUTH UNION AV",0.00,,Y,A,-,N,,,,,,,,,,Y,4,0,3,3,A,-,12,21453,A,N,D,C,A,A,H,-,A,A,0,,,,,Y,,A,01,0,0,3,0,0,0,0,0,0,"- ","- ",,,KERN,BAKERSFIELD,-119.00315093994141,35.295894622802734
82313464,2024,2024-02-14,1502,2024-02-11,1200,P88,,7,5,6,1502,0,0,0,,0,METRO,"BRUNDAGE LN","WIBLE RD",157.00,E,N,A,-,N,,,,,,,,,,N,4,0,1,2,A,-,09,21804,A,N,D,C,A,A,H,-,A,D,0,,,,,Y,,A,01,0,0,1,0,0,0,0,0,0,"- ","- ",35.354278564453125,-119.03865814208984,KERN,BAKERSFIELD,-119.03838348388672,35.354118347167969
82313465,2024,2024-02-14,1502,2024-02-11,1553,1334,,7,5,6,1502,0,0,0,,0,VALLEY,"PANAMA LN","NADEAU ST",0.00,,Y,A,-,N,,,,,,,,,,Y,3,0,2,2,A,-,08,22107,,N,D,C,A,A,H,-,A,D,0,,,,,Y,,A,01,0,1,1,0,0,0,0,0,0,"- ","- ",35.295021057128906,-119.00888061523438,KERN,BAKERSFIELD,-119.00746154785156,35.295902252197266
82313467,2024,2024-02-14,1502,2024-02-12,1014,1334,,1,5,6,1502,0,0,0,,0,,"KERN RIVER PARKWAY BICYCLE TRAIL","NOT STATED",0.00,,-,A,-,N,,,,,,,,,,N,3,0,1,1,C,-,18,,,N,E,J,A,A,C,-,A,D,0,,Y,,,Y,,-,"- ",0,1,0,0,0,0,1,0,0,"- ","- ",35.353858947753906,-119.11710357666016,KERN,BAKERSFIELD,,
82313469,2024,2024-02-14,1502,2024-02-12,2232,P63,,1,5,6,1502,0,0,0,,0,HILL,"F ST","30TH ST",60.00,S,N,A,-,N,,,,,,,,,,Y,3,0,2,1,A,-,08,22107,,M,E,I,A,A,H,-,C,D,0,,,,,Y,,A,01,0,2,0,0,0,0,0,0,0,"- ","- ",35.386760711669922,-119.02281951904297,KERN,BAKERSFIELD,-119.02346801757812,35.386554718017578
82314519,2024,2024-02-15,1502,2024-02-11,2141,1569,,7,5,6,1502,0,0,0,,0,VALLEY,"MING AV","SOUTH CHESTER AV",0.00,,Y,A,-,Y,,,,,,,,,,Y,4,0,1,2,A,-,01,23152,A,F,D,C,A,A,H,-,C,A,0,,,,,Y,Y,A,01,0,0,1,0,0,0,0,0,0,"- ","- ",35.339431762695312,-119.01862335205078,KERN,BAKERSFIELD,-119.01873016357422,35.339454650878906
82315677,2024,2024-02-16,1502,2024-01-23,1605,1523,,2,5,6,1502,0,0,0,,0,,"PALM ST","HOLTBY RD",0.00,,Y,A,-,N,,,,,,,,,,Y,4,0,1,2,A,-,08,22107,,N,A,C,A,A,H,-,A,A,0,,,,,Y,,A,01,0,0,1,0,0,0,0,0,0,"- ","- ",35.361400604248047,-119.02674865722656,KERN,BAKERSFIELD,-119.02706146240234,35.361324310302734
82315678,2024,2024-02-16,1502,2024-01-27,1814,1450,,6,5,6,1502,0,0,0,,0,NORTH,"COFFEE RD","BRIMHALL RD",141.00,S,N,A,-,N,,,,,,,,,,N,4,0,1,2,A,-,03,22350,,N,C,C,A,A,H,-,C,D,0,,,Y,,Y,,A,01,0,0,1,0,0,0,0,0,1,"- ","- ",35.368659973144531,-119.09264373779297,KERN,BAKERSFIELD,-119.09233856201172,35.368381500244141
82315679,2024,2024-02-16,1502,2024-02-02,"143 ",1393,,5,5,6,1502,0,0,0,,0,METRO,"V ST","BILL AV",0.00,,Y,A,-,N,,,,,,,,,,Y,3,0,1,4,A,-,01,23152,A,N,G,B,E,B,H,-,C,D,0,Y,,,,Y,Y,A,01,0,1,0,0,1,0,0,0,0,"- ","- ",35.359710693359375,-119.00476837158203,KERN,BAKERSFIELD,-119.00503540039062,35.359840393066406
82316555,2024,2024-02-19,1502,2024-02-02,1609,1575,,5,5,6,1502,0,0,0,,0,VALLEY,"WIBLE RD","STOCKDALE HWY",710.00,S,N,C,-,N,,,,,,,,,,Y,4,0,1,3,A,-,05,21651,A,F,B,C,A,B,H,-,A,A,0,,,,,Y,,D,22,0,0,1,0,0,0,0,0,0,"- ","- ",35.354278564453125,-119.03865814208984,KERN,BAKERSFIELD,-119.03893280029297,35.352195739746094
82316557,2024,2024-02-19,1502,2024-02-10,1542,P99,,6,5,6,1502,0,0,0,,0,NORTH,"BRIMHALL RD","JENKINS RD",119.00,W,N,A,-,N,,,,,,,,,,Y,3,0,2,2,A,-,01,23152,A,N,B,C,A,A,H,-,A,A,0,,,,,Y,Y,D,22,0,1,1,0,0,0,0,0,0,"- ","- ",35.369388580322266,-119.15482330322266,KERN,BAKERSFIELD,-119.15481567382812,35.368900299072266
82316558,2024,2024-02-19,1502,2024-02-11,2144,1469,,7,5,6,1502,0,0,0,,0,NORTH,"SANTA FE WY","ZACHARY AVE",1953.00,N,N,A,-,N,,,,,,,,,,N,4,0,1,2,A,-,05,21651,A,F,B,D,A,A,H,-,E,D,0,,,,,Y,Y,D,22,0,0,1,0,0,0,0,0,0,"- ","- ",35.43743896484375,-119.19416046142578,KERN,BAKERSFIELD,-119.19479370117188,35.438068389892578
82316561,2024,2024-02-19,1502,2024-02-14,1812,P99,,3,5,6,1502,0,0,0,,0,HILL,"COLUMBUS ST","Q ST",10.00,W,N,A,-,N,,,,,,,,,,Y,3,0,1,2,A,-,01,23152,A,N,C,C,A,A,H,-,C,A,0,,,,,Y,Y,A,01,0,1,0,0,0,0,0,0,0,"- ","- ",35.398590087890625,-119.01035308837891,KERN,BAKERSFIELD,-119.01053619384766,35.398109436035156
82316858,2024,2024-02-19,1502,2024-02-03,1233,1213,,6,5,6,1502,0,0,0,,0,VALLEY,"BERKSHIRE RD","H ST",751.00,W,N,A,-,N,,,,,,,,,,Y,3,0,2,2,A,-,08,22107,,N,D,C,A,A,H,-,A,D,0,,,,,Y,,D,22,0,1,1,0,0,0,0,0,0,"- ","- ",35.288608551025391,-119.02182006835938,KERN,BAKERSFIELD,-119.02388000488281,35.288623809814453
82316860,2024,2024-02-19,1502,2024-02-14,"958 ",P45,,3,5,6,1502,0,0,0,,0,CENTRA,"WESTSIDE PKWY","WESTSIDE PKWY W OFF TO COFFEE RD",70.00,E,N,B,-,N,,,,,,,,,,N,4,0,1,2,A,-,08,22107,,M,B,C,A,A,H,-,A,D,0,,,,,Y,,-,99,0,0,1,0,0,0,0,0,0,"- ","- ",35.367828369140625,-119.08413696289062,KERN,BAKERSFIELD,-119.21188354492188,35.255165100097656
82316861,2024,2024-02-19,1502,2024-02-14,1034,P82,,3,5,6,1502,0,0,0,,0,METRO,"CALIFORNIA AV","CHESTER AV",0.00,,Y,A,-,N,,,,,,,,,,Y,2,0,5,4,A,-,01,23152,F,N,D,D,A,A,H,-,A,A,0,,,,,Y,,D,22,2,0,3,0,0,0,0,0,0,"- ","- ",35.36846923828125,-119.01844024658203,KERN,BAKERSFIELD,-119.01892852783203,35.368396759033203
82316863,2024,2024-02-19,1502,2024-02-16,1538,1213,,5,5,6,1502,0,0,0,,0,METRO,"MONTEREY ST","BAKER ST",110.00,E,N,A,-,N,,,,,,,,,,Y,4,0,2,2,A,-,03,22350,,N,C,C,A,A,H,-,A,D,0,,,,,Y,,A,01,0,0,2,0,0,0,0,0,0,"- ","- ",35.381309509277344,-118.99147033691406,KERN,BAKERSFIELD,-118.99105834960938,35.380889892578125
82316864,2024,2024-02-19,1502,2024-01-10,1507,1349,,3,5,6,1502,0,0,0,,0,VALLEY,"WHITE LN","99 N OFF TO WHITE RAMP",50.00,E,N,A,-,N,,,,,,,,,,N,4,0,3,2,A,-,08,22107,,F,B,C,A,A,H,-,A,A,0,,,,,Y,,-,99,0,0,3,0,0,0,0,0,0,"- ","- ",35.317790985107422,-119.03482818603516,KERN,BAKERSFIELD,-119.00305938720703,35.317714691162109
82317121,2024,2024-02-19,1502,2024-02-05,1344,P17,,1,5,6,1502,0,0,0,,0,METRO,"BRUNDAGE LN","OLIVE ST",87.00,W,N,A,-,N,,,,,,,,,,Y,4,0,2,2,A,-,09,21801,A,N,D,C,A,A,H,-,A,D,0,,,,,Y,,A,07,0,0,2,0,0,0,0,0,0,"- ","- ",35.354259490966797,-119.03697967529297,KERN,BAKERSFIELD,-119.03749847412109,35.354118347167969
82317123,2024,2024-02-19,1502,2024-02-11,"539 ",P88,,7,5,6,1502,0,0,0,,0,CENTRA,"WESTSIDE PKWY E OFF TO TRUXTUN AV","TRUXTUN AVE",236.00,E,N,A,-,N,,,,,,,,,,N,4,0,1,1,A,-,03,22350,,N,E,I,A,A,H,-,B,D,0,,,,,Y,,-,31,0,0,1,0,0,0,0,0,0,"- ","- ",,,KERN,BAKERSFIELD,-119.05898284912109,35.369178771972656
82317126,2024,2024-02-19,1502,2024-02-12,1120,P17,,1,5,6,1502,0,0,0,,0,METRO,"BEALE AV","FLOWER ST",0.00,,Y,A,-,N,,,,,,,,,,Y,4,0,3,2,A,-,09,21800,D,N,D,C,A,A,H,-,A,B,0,,,,,Y,,A,01,0,0,3,0,0,0,0,0,0,"- ","- ",35.385791778564453,-118.98641204833984,KERN,BAKERSFIELD,-118.98649597167969,35.385498046875
82317128,2024,2024-02-19,1502,2024-02-12,1554,1396,,1,5,6,1502,0,0,0,,0,METRO,"F ST","GOLDEN STATE AV",450.00,S,N,A,-,N,,,,,,,,,,N,4,0,1,1,A,-,08,22107,,N,E,I,A,A,H,-,A,D,0,,,,,Y,,A,07,0,0,1,0,0,0,0,0,0,"- ","- ",35.389629364013672,-119.02230072021484,KERN,BAKERSFIELD,-119.02349853515625,35.388553619384766
82317131,2024,2024-02-19,1502,2024-02-14,2250,P63,,3,5,6,1502,0,0,0,,0,CENTRA,"CALIFORNIA AV","REAL RD",360.00,E,N,A,-,N,,,,,,,,,,N,3,0,1,2,A,-,08,22107,,F,H,G,A,A,H,-,C,D,0,,Y,,,Y,,-,99,0,1,0,0,0,0,1,0,0,"- ","- ",35.368129730224609,-119.04299926757812,KERN,BAKERSFIELD,-119.04221343994141,35.368190765380859
82317132,2024,2024-02-19,1502,2024-02-16,1517,1213,,5,5,6,1502,0,0,0,,0,VALLEY,"MING AV","EL TORO DR",60.00,W,N,A,-,N,,,,,,,,,,N,3,0,1,2,A,-,08,22107,,N,A,E,A,A,H,-,A,D,0,,,,,Y,,A,01,0,1,0,0,0,0,0,0,0,"- ","- ",35.338649749755859,-119.01711273193359,KERN,BAKERSFIELD,-119.0164794921875,35.339469909667969
82317640,2024,2024-02-20,1502,2024-02-07,1808,1359,,3,5,6,1502,0,0,0,,0,HILL,"MOUNT VERNON AV","COLLEGE AV",0.00,,Y,A,C,N,,,,,,,,,,N,3,0,1,3,A,-,10,21950,A,N,G,B,B,B,H,-,C,A,0,Y,,,,Y,,A,01,0,1,0,0,1,0,0,0,0,"- ","- ",35.383148193359375,-118.96743774414062,KERN,BAKERSFIELD,-118.96752166748047,35.383033752441406
82317643,2024,2024-02-20,1502,2024-02-13,1931,1454,,2,5,6,1502,0,0,0,,0,VALLEY,"PLANZ RD","P ST",0.00,,Y,A,-,N,,,,,,,,,,N,4,0,1,2,A,-,10,21950,A,F,G,B,B,A,H,-,C,D,0,Y,,,,Y,,-,99,0,0,1,0,1,0,0,0,0,"- ","- ",35.324859619140625,-119.01251983642578,KERN,BAKERSFIELD,-119.01238250732422,35.324901580810547
82317644,2024,2024-02-20,1502,2024-02-14,"752 ",1334,,3,5,6,1502,0,0,0,,0,,"TEXAS ST","MARSH ST",78.00,E,N,A,-,N,,,,,,,,,,N,4,0,1,2,A,-,08,22107,,N,D,E,A,A,H,-,A,D,0,,,,,Y,,A,01,0,0,1,0,0,0,0,0,0,"- ","- ",35.357341766357422,-118.99967956542969,KERN,BAKERSFIELD,-118.99968719482422,35.357501983642578
82317649,2024,2024-02-20,1502,2024-02-14,2318,1454,,3,5,6,1502,0,0,0,,0,METRO,"UNION AV","18TH ST",0.00,,Y,A,-,N,,,,,,,,,,N,4,0,1,2,A,-,12,21453,A,N,D,C,A,A,C,-,C,A,0,,,Y,,Y,,C,03,0,0,1,0,0,0,0,0,1,"- ","- ",35.375659942626953,-119.00301361083984,KERN,BAKERSFIELD,-119.00300598144531,35.375221252441406
82317654,2024,2024-02-20,1502,2024-02-18,1735,1469,,7,5,6,1502,0,0,0,,0,SOUTH,"GOSFORD RD","DISTRICT BL",0.00,,Y,C,-,N,,,,,,,,,,N,4,0,2,2,A,-,12,21453,A,N,A,C,A,B,H,-,C,A,0,,,,,Y,,D,22,0,0,2,0,0,0,0,0,0,"- ","- ",35.313331604003906,-119.09223175048828,KERN,BAKERSFIELD,-119.09226226806641,35.313137054443359
82319893,2024,2024-02-22,1502,2024-02-04,1642,1322,,7,5,6,1502,0,0,0,,0,HILL,"178 HWY","COMANCHE DR (W)",0.00,,Y,B,-,N,,,,,,,,,,Y,1,1,0,1,C,-,18,,,N,E,I,A,A,H,-,A,D,0,,,,,Y,,-,"- ",0,0,0,0,0,0,0,0,0,"- ","- ",35.406211853027344,-118.86186218261719,KERN,BAKERSFIELD,,
82319895,2024,2024-02-22,1502,2024-02-15,1123,P45,,4,5,6,1502,0,0,0,,0,METRO,"CALIFORNIA AV","99 N OFF TO CALIFORNIA RAMP",0.00,,Y,B,-,Y,,,,,,,,,,N,2,0,1,2,A,-,05,21651,B,N,D,C,A,A,H,-,A,A,0,,,Y,,Y,,C,02,1,0,0,0,0,0,0,0,1,"- ","- ",35.368709564208984,-119.03988647460938,KERN,BAKERSFIELD,-119.00292205810547,35.368534088134766
82319896,2024,2024-02-22,1502,2024-02-16,"706 ",1360,,5,5,6,1502,0,0,0,,0,NORTH,"REINA RD","FORT WORTH WY",0.00,,Y,A,-,N,,,,,,,,,,N,4,0,2,2,A,-,08,22107,,N,D,C,A,A,H,-,A,D,0,,,,,Y,,D,22,0,0,2,0,0,0,0,0,0,"- ","- ",35.412670135498047,-119.13397979736328,KERN,BAKERSFIELD,-119.1341552734375,35.412445068359375
82319900,2024,2024-02-22,1502,2024-02-17,1843,P17,,6,5,6,1502,0,0,0,,0,NORTH,"CALLOWAY DR","FLUSHING QUAIL RD",29.00,S,N,C,-,N,,,,,,,,,,N,4,0,2,2,A,-,03,22350,,M,C,C,A,B,H,-,C,A,0,,,,,Y,,-,99,0,0,2,0,0,0,0,0,0,"- ","- ",35.386100769042969,-119.11009216308594,KERN,BAKERSFIELD,-119.10993194580078,35.386009216308594
82319903,2024,2024-02-22,1502,2024-02-20,1413,P63,,2,5,6,1502,0,0,0,,0,NORTH,"ROSEDALE HWY","COFFEE RD",40.00,E,N,A,-,Y,,,,,,,,,,N,4,0,1,2,A,-,03,22350,,M,C,C,A,A,H,-,A,A,0,,,,,Y,,-,99,0,0,1,0,0,0,0,0,0,"- ","- ",35.383258819580078,-119.09237670898438,KERN,BAKERSFIELD,-119.09214782714844,35.383491516113281