CASE_ID,ACCIDENT_YEAR,PROC_DATE,JURIS,COLLISION_DATE,COLLISION_TIME,OFFICER_ID,REPORTING_DISTRICT,DAY_OF_WEEK,CHP_SHIFT,POPULATION,CNTY_CITY_LOC,SPECIAL_COND,BEAT_TYPE,CHP_BEAT_TYPE,CITY_DIVISION_LAPD,CHP_BEAT_CLASS,BEAT_NUMBER,PRIMARY_RD,SECONDARY_RD,DISTANCE,DIRECTION,INTERSECTION,WEATHER_1,WEATHER_2,STATE_HWY_IND,CALTRANS_COUNTY,CALTRANS_DISTRICT,STATE_ROUTE,ROUTE_SUFFIX,POSTMILE_PREFIX,POSTMILE,LOCATION_TYPE,RAMP_INTERSECTION,SIDE_OF_HWY,TOW_AWAY,COLLISION_SEVERITY,NUMBER_KILLED,NUMBER_INJURED,PARTY_COUNT,PRIMARY_COLL_FACTOR,PCF_CODE_OF_VIOL,PCF_VIOL_CATEGORY,PCF_VIOLATION,PCF_VIOL_SUBSECTION,HIT_AND_RUN,TYPE_OF_COLLISION,MVIW,PED_ACTION,ROAD_SURFACE,ROAD_COND_1,ROAD_COND_2,LIGHTING,CONTROL_DEVICE,CHP_ROAD_TYPE,PEDESTRIAN_ACCIDENT,BICYCLE_ACCIDENT,MOTORCYCLE_ACCIDENT,TRUCK_ACCIDENT,NOT_PRIVATE_PROPERTY,ALCOHOL_INVOLVED,STWD_VEHTYPE_AT_FAULT,CHP_VEHTYPE_AT_FAULT,COUNT_SEVERE_INJ,COUNT_VISIBLE_INJ,COUNT_COMPLAINT_PAIN,COUNT_PED_KILLED,COUNT_PED_INJURED,COUNT_BICYCLIST_KILLED,COUNT_BICYCLIST_INJURED,COUNT_MC_KILLED,COUNT_MC_INJURED,PRIMARY_RAMP,SECONDARY_RAMP,LATITUDE,LONGITUDE,COUNTY,CITY,POINT_X,POINT_Y
82319906,2024,2024-02-22,1502,2024-02-20,1803,1322,,2,5,6,1502,0,0,0,,0,METRO,"C ST","19TH ST",71.00,S,N,A,-,N,,,,,,,,,,N,4,0,1,1,A,-,08,22107,,N,E,I,A,A,H,-,B,D,0,,,,,Y,,A,08,0,0,1,0,0,0,0,0,0,"- ","- ",35.376308441162109,-119.0264892578125,KERN,BAKERSFIELD,-119.02700805664062,35.376064300537109
82321135,2024,2024-02-23,1502,2024-01-28,1510,1523,,7,5,6,1502,0,0,0,,0,,"BEALE AV","JEFFERSON ST",0.00,,Y,A,-,N,,,,,,,,,,N,4,0,1,3,A,-,09,21802,A,N,D,C,A,A,H,-,A,A,0,,,,,Y,,A,01,0,0,1,0,0,0,0,0,0,"- ","- ",35.387599945068359,-118.98544311523438,KERN,BAKERSFIELD,-118.98574066162109,35.387641906738281
82322177,2024,2024-02-26,1502,2024-01-26,1555,1347,,5,5,6,1502,0,0,0,,0,CENTRA,"WHITE LN","STINE RD",474.00,E,N,A,-,N,,,,,,,,,,N,4,0,1,2,A,-,03,22350,,N,C,C,A,A,H,-,A,B,0,,,,,Y,,A,01,0,0,1,0,0,0,0,0,0,"- ","- ",35.317939758300781,-119.05668640136719,KERN,BAKERSFIELD,-119.05519866943359,35.317901611328125
82322178,2024,2024-02-26,1502,2024-02-02,1726,1450,,5,5,6,1502,0,0,0,,0,SOUTH,"HARRIS RD","RELIANCE DR",0.00,,Y,B,-,N,,,,,,,,,,N,3,0,2,2,A,-,12,22450,A,N,D,C,A,B,H,-,B,A,0,,,,,Y,,A,01,0,1,1,0,0,0,0,0,0,"- ","- ",35.303791046142578,-119.08099365234375,KERN,BAKERSFIELD,-119.07971954345703,35.304019927978516
82322179,2024,2024-02-26,1502,2024-02-09,1616,1409,,5,5,6,1502,0,0,0,,0,NORTH,"BRIMHALL RD","HARVEST CREEK RD",0.00,,Y,A,-,N,,,,,,,,,,Y,4,0,3,2,A,-,12,21453,A,N,A,C,A,A,H,-,A,A,0,,,,,Y,,-,"- ",0,0,3,0,0,0,0,0,0,"- ","- ",35.368759155273438,-119.10150909423828,KERN,BAKERSFIELD,-119.10110473632812,35.368812561035156
82322180,2024,2024-05-02,1502,2024-02-21,1837,1409,,3,5,6,1502,0,0,0,,0,CENTRA,"STOCKDALE HWY","DON HART DR W",0.00,,Y,A,-,N,,,,,,,,,,Y,4,0,1,2,A,-,09,21801,A,N,D,C,A,A,H,-,C,D,0,,,,,Y,Y,A,01,0,0,1,0,0,0,0,0,0,"- ","- ",35.354381561279297,-119.10476684570312,KERN,BAKERSFIELD,-119.10417938232422,35.354347229003906
82322445,2024,2024-02-26,1502,2024-01-26,1438,1450,,5,5,6,1502,0,0,0,,0,METRO,"WILLIAMS ST","HOUSER ST",0.00,,Y,A,-,N,,,,,,,,,,N,3,0,2,2,A,-,08,22107,,F,D,D,A,A,H,-,A,D,0,,,,,Y,,-,99,0,1,1,0,0,0,0,0,0,"- ","- ",35.361278533935547,-118.98193359375,KERN,BAKERSFIELD,-118.98140716552734,35.362369537353516
82322448,2024,2024-02-26,1502,2024-02-16,1901,1418,,5,5,6,1502,0,0,0,,0,SOUTH,"OLD RIVER RD","PANAMA LN",150.00,S,N,A,-,N,,,,,,,,,,N,4,0,1,2,A,-,09,21804,A,N,D,C,A,A,H,-,A,D,0,,,Y,,Y,,A,07,0,0,1,0,0,0,0,0,1,"- ","- ",35.2965087890625,-119.11016082763672,KERN,BAKERSFIELD,-119.10981750488281,35.295768737792969
82322449,2024,2024-02-26,1502,2024-02-17,1924,1523,,6,5,6,1502,0,0,0,,0,,"H ST","MING AV",0.00,,Y,C,-,N,,,,,,,,,,Y,4,0,3,3,A,-,03,22350,,N,C,C,A,B,H,-,C,A,0,,,,,Y,,A,01,0,0,3,0,0,0,0,0,0,"- ","- ",35.338680267333984,-119.02201080322266,KERN,BAKERSFIELD,-119.02130889892578,35.339435577392578
82322452,2024,2024-02-26,1502,2024-02-22,1623,1418,,4,5,6,1502,0,0,0,,0,NORTH,"ROSEDALE HWY","CAMINO DEL RIO CT",7.00,W,N,A,-,N,,,,,,,,,,Y,3,0,1,3,A,-,08,22107,,N,D,C,A,A,H,-,A,A,0,,,Y,,Y,,C,02,0,1,0,0,0,0,0,0,1,"- ","- ",35.382671356201172,-119.04791259765625,KERN,BAKERSFIELD,-119.04772186279297,35.38330078125
82322745,2024,2024-02-26,1503,2024-02-05,"347 ",10203,,1,5,4,1503,0,0,0,,0,,"HILL AV, 200 BLOCK","CALLE MORRIS",25.00,W,-,A,-,N,,,,,,,,,,Y,3,0,1,3,A,-,08,22107,,M,A,E,A,A,H,-,C,D,0,,,,,Y,Y,A,01,0,1,0,0,0,0,0,0,0,"- ","- ",,,KERN,DELANO,-119.25459289550781,35.752899169921875
82322958,2024,2024-02-26,1503,2024-01-13,1245,10118,,6,5,4,1503,0,0,0,,0,,"300 BLOCK OF CECIL AV","CECIL AV",10.00,W,Y,C,-,N,,,,,,,,,,Y,3,0,1,2,A,-,08,22107,,F,D,C,A,B,H,-,A,A,0,,,,,Y,,-,99,0,1,0,0,0,0,0,0,0,"- ","- ",35.775928497314453,-119.25605010986328,KERN,DELANO,,
82323054,2023,2024-02-26,1503,2023-11-15,"15  ",10176,,3,5,4,1503,0,0,0,,0,,"1623 5TH PL","PRINCETON ST",0.00,,Y,A,-,N,,,,,,,,,,N,3,0,1,1,A,-,08,22107,,N,D,E,A,A,H,-,C,D,0,,,,,Y,,A,01,0,1,0,0,0,0,0,0,0,"- ","- ",35.764518737792969,-119.23519134521484,KERN,DELANO,-119.23642730712891,35.764228820800781
82323088,2024,2024-02-26,1503,2024-01-30,1319,10193,2010,2,5,4,1503,0,0,0,,0,,"CECIL AV","ELLINGTON ST",0.00,,Y,A,-,N,,,,,,,,,,N,4,0,1,2,A,-,08,22107,,N,B,C,A,A,H,-,A,D,0,,,,,Y,,D,23,0,0,1,0,0,0,0,0,0,"- ","- ",35.77593994140625,-119.25322723388672,KERN,DELANO,-119.25373840332031,35.775928497314453
82323692,2024,2024-02-27,1503,2024-01-27,2055,10164,,6,5,4,1503,0,0,0,,0,,"FREMONT ST 300 BLOCK","FREMONT ST",37.00,N,-,A,-,N,,,,,,,,,,N,3,0,1,3,A,-,08,22107,,N,C,E,A,A,H,-,C,D,0,,,,,Y,,A,01,0,1,0,0,0,0,0,0,0,"- ","- ",35.759620666503906,-119.24796295166016,KERN,DELANO,,
82323825,2024,2024-02-27,1502,2024-02-23,1950,1347,,5,5,6,1502,0,0,0,,0,,"MOUNT VERNON AV","178 W OFF TO MT VERNON RAMP",0.00,,Y,A,-,N,,,,,,,,,,N,3,0,1,2,A,-,05,21650,1,N,D,G,A,A,H,-,C,D,0,,Y,,,Y,,L,04,0,1,0,0,0,0,1,0,0,"- ","- ",35.395198822021484,-118.96736907958984,KERN,BAKERSFIELD,-118.96761322021484,35.354061126708984
82323826,2024,2024-02-27,1502,2024-02-25,2039,P63,,7,5,6,1502,0,0,0,,0,CENTRA,"WHITE LN","GOSFORD RD",30.00,E,N,A,-,N,,,,,,,,,,Y,4,0,1,2,A,-,01,23152,A,M,C,C,A,A,H,-,C,A,0,,,,,Y,Y,A,01,0,0,1,0,0,0,0,0,0,"- ","- ",35.318088531494141,-119.09323883056641,KERN,BAKERSFIELD,-119.09218597412109,35.318168640136719
82323827,2024,2024-02-27,1502,2024-02-25,2217,P63,,7,5,6,1502,0,0,0,,0,VALLEY,"MADISON AV","WHITE LN",0.00,,Y,A,-,N,,,,,,,,,,Y,3,0,1,1,A,-,01,23152,A,N,E,I,A,A,H,-,C,A,0,,,,,Y,Y,A,07,0,1,0,0,0,0,0,0,0,"- ","- ",35.317459106445312,-118.99394226074219,KERN,BAKERSFIELD,-118.99372863769531,35.317684173583984
82324955,2024,2024-02-28,1502,2024-02-16,1245,P17,,5,5,6,1502,0,0,0,,0,CENTRA,"GOSFORD RD","REINA CT",400.00,S,N,A,-,N,,,,,,,,,,Y,4,0,1,2,A,-,08,22107,,M,B,C,A,A,H,-,A,D,0,,,,,Y,,-,99,0,0,1,0,0,0,0,0,0,"- ","- ",35.352699279785156,-119.091796875,KERN,BAKERSFIELD,-119.09217834472656,35.351432800292969
82324957,2024,2024-02-28,1502,2024-02-26,"755 ",1334,,1,5,6,1502,0,0,0,,0,,"23RD ST","E ST",0.00,,Y,A,-,N,,,,,,,,,,N,4,0,2,3,A,-,09,21802,A,N,D,C,A,A,H,-,A,D,0,,,,,Y,,A,01,0,0,2,0,0,0,0,0,0,"- ","- ",35.380100250244141,-119.02410888671875,KERN,BAKERSFIELD,-119.02462768554688,35.380069732666016
82324958,2024,2024-02-28,1502,2024-02-26,1203,P88,,1,5,6,1502,0,0,0,,0,SOUTH,"HARRIS RD","YOUNG ST",0.00,,Y,A,-,N,,,,,,,,,,N,3,0,2,2,A,-,09,21802,A,N,B,C,A,A,H,-,A,A,0,,,,,Y,,A,01,0,2,0,0,0,0,0,0,0,"- ","- ",35.303638458251953,-119.09886932373047,KERN,BAKERSFIELD,-119.09867095947266,35.303409576416016
82324959,2024,2024-02-28,1502,2024-02-26,2024,P63,,1,5,6,1502,0,0,0,,0,METRO,"3RD ST","UNION AV (S)",235.00,W,N,A,-,Y,KER,,204," "," ",2.410,H,,R,N,2,0,1,2,A,-,05,21650,,F,G,B,E,A,H,-,C,D,0,Y,,,,Y,,-,99,1,0,0,0,1,0,0,0,0,"- ","- ",35.358688354492188,-119.00269317626953,KERN,BAKERSFIELD,-119.00292205810547,35.358692169189453
82326018,2024,2024-02-29,1502,2024-02-16,1200,1476,,5,5,6,1502,0,0,0,,0,VALLEY,"UNION AV","NILES ST",0.00,,Y,A,-,N,,,,,,,,,,N,4,0,2,2,A,-,12,21453,A,N,D,C,A,A,H,-,A,A,0,,,,Y,Y,,A,07,0,0,2,0,0,0,0,0,0,"- ","- ",35.384380340576172,-119.00287628173828,KERN,BAKERSFIELD,-119.00279998779297,35.383975982666016
82326019,2024,2024-02-29,1502,2024-02-24,1201,1360,,6,5,6,1502,0,0,0,,0,VALLEY,"WILSON RD","WIBLE RD",0.00,,Y,A,-,N,,,,,,,,,,N,4,0,1,3,A,-,12,21453,A,M,D,D,A,A,H,-,A,A,0,,,,,Y,,-,99,0,0,1,0,0,0,0,0,0,"- ","- ",35.331600189208984,-119.03986358642578,KERN,BAKERSFIELD,-119.03897857666016,35.332199096679688
82326021,2024,2024-02-29,1502,2024-02-26,1732,1400,,1,5,6,1502,0,0,0,,0,METRO,"OAK ST","TRUXTUN AV",24.00,N,N,A,-,N,,,,,,,,,,Y,4,0,2,3,A,-,01,23152,A,N,A,C,A,A,H,-,B,A,0,,,,,Y,Y,A,07,0,0,2,0,0,0,0,0,0,"- ","- ",35.373638153076172,-119.03817749023438,KERN,BAKERSFIELD,-119.03868103027344,35.37353515625
82326022,2024,2024-02-29,1502,2024-02-27,"833 ",1334,,2,5,6,1502,0,0,0,,0,,"BRUNDAGE LN","OAK ST",60.00,E,N,B,-,N,,,,,,,,,,N,4,0,1,2,A,-,03,22350,,N,C,C,A,A,H,-,A,A,0,,,,,Y,,A,01,0,0,1,0,0,0,0,0,0,"- ","- ",35.354278564453125,-119.03865814208984,KERN,BAKERSFIELD,-119.03871154785156,35.3541259765625
82326023,2024,2024-02-29,1502,2024-02-28,"405 ",P63,,3,5,6,1502,0,0,0,,0,HILL,"GOLDEN STATE AV","M ST",5.00,E,N,A,-,N,,,,,,,,,,Y,4,0,1,2,A,-,03,22350,,M,C,C,A,A,H,-,C,A,0,,,,,Y,,A,01,0,0,1,0,0,0,0,0,0,"- ","- ",35.383979797363281,-119.01541900634766,KERN,BAKERSFIELD,-119.01499938964844,35.384681701660156
82327237,2024,2024-03-01,1502,2024-02-14,2336,1322,,3,5,6,1502,0,0,0,,0,HILL,"PALADINO DR","BOUNTIFUL HILLS DR",160.00,E,N,A,-,N,,,,,,,,,,Y,1,1,0,1,A,-,08,22107,,N,E,I,A,A,H,-,C,D,0,,,,,Y,,A,01,0,0,0,0,0,0,0,0,0,"- ","- ",35.412250518798828,-118.90093994140625,KERN,BAKERSFIELD,-118.90071105957031,35.412639617919922
82327240,2024,2024-03-01,1502,2024-02-16,2011,1418,,5,5,6,1502,0,0,0,,0,VALLEY,"PANAMA LN","BUROUGHS WY",180.00,E,N,A,-,N,,,,,,,,,,Y,2,0,1,2,A,-,11,21954,A,N,G,B,D,A,H,-,C,D,0,Y,,,,Y,,N,60,1,0,0,0,1,0,0,0,0,"- ","- ",35.295738220214844,-119.00215911865234,KERN,BAKERSFIELD,-119.00106811523438,35.2958984375
82327241,2024,2024-03-01,1502,2024-02-17,1511,1314,,6,5,6,1502,0,0,0,,0,SOUTH,"MARIS CT","RINGWOOD ST",194.00,W,N,A,-,N,,,,,,,,,,N,3,0,1,1,A,-,00,23103,A,N,E,J,A,A,H,-,A,D,0,,,Y,,Y,,C,02,0,1,0,0,0,0,0,0,1,"- ","- ",35.297409057617188,-119.04631805419922,KERN,BAKERSFIELD,-119.04667663574219,35.297626495361328
82327243,2024,2024-03-01,1502,2024-02-25,1640,P75,,7,5,6,1502,0,0,0,,0,METRO,"CALIFORNIA AV","UNION AV",40.00,N,N,A,-,N,,,,,,,,,,Y,4,0,2,2,A,-,03,22350,,N,C,C,A,A,H,-,A,A,0,,,,,Y,,A,01,0,0,2,0,0,0,0,0,0,"- ","- ",35.368278503417969,-119.00253295898438,KERN,BAKERSFIELD,-119.00301361083984,35.368358612060547
82328103,2024,2024-03-04,1502,2024-02-10,1814,1409,,6,5,6,1502,0,0,0,,0,METRO,"4TH ST","T ST",0.00,,Y,A,-,N,,,,,,,,,,Y,4,0,1,2,A,-,12,22450,A,N,D,C,A,A,H,-,C,A,0,,,,,Y,,-,"- ",0,0,1,0,0,0,0,0,0,"- ","- ",35.360649108886719,-119.00697326660156,KERN,BAKERSFIELD,-119.00733184814453,35.360767364501953
82328104,2024,2024-03-04,1502,2024-02-15,1410,1409,,4,5,6,1502,0,0,0,,0,METRO,"MONTEREY ST","HALEY ST",0.00,,Y,A,-,N,,,,,,,,,,Y,4,0,1,2,A,-,12,21453,A,N,D,C,A,A,H,-,A,B,0,,,,,Y,,-,"- ",0,0,1,0,0,0,0,0,0,"- ","- ",35.378620147705078,-118.98068237304688,KERN,BAKERSFIELD,-118.98062133789062,35.378379821777344
82328105,2024,2024-03-04,1502,2024-02-17,1924,1213,,6,5,6,1502,0,0,0,,0,VALLEY,"H ST","MING AV",0.00,,Y,C,-,N,,,,,,,,,,N,4,0,2,2,A,-,12,21453,A,N,D,C,A,B,H,-,C,A,0,,,,,Y,,A,01,0,0,2,0,0,0,0,0,0,"- ","- ",35.339450836181641,-119.02114105224609,KERN,BAKERSFIELD,-119.02130889892578,35.339435577392578
82328107,2024,2024-03-04,1502,2024-02-29,1532,1450,,4,5,6,1502,0,0,0,,0,VALLEY,"H ST","LA FRANCE DR",0.00,,Y,A,-,N,,,,,,,,,,N,3,0,1,2,A,-,09,21802,A,N,D,G,A,A,H,-,A,A,0,,Y,,,Y,,L,04,0,1,0,0,0,0,1,0,0,"- ","- ",35.343040466308594,-119.02110290527344,KERN,BAKERSFIELD,-119.02130126953125,35.343036651611328
82328355,2023,2024-03-04,1502,2023-10-31,"13  ",1470,,2,5,6,1502,0,0,0,,0,NORTH,"SEVENTH STANDARD RD","CALLOWAY DR",0.00,,Y,A,-,N,,,,,,,,,,N,4,0,1,2,A,-,12,21453,A,M,D,C,A,A,H,-,A,A,0,,,,,Y,,-,99,0,0,1,0,0,0,0,0,0,"- ","- ",35.441379547119141,-119.10933685302734,KERN,BAKERSFIELD,-119.10993194580078,35.441299438476562
82328358,2024,2024-03-04,1502,2024-02-23,"745 ",P82,,5,5,6,1502,0,0,0,,0,METRO,"H ST","ORANGE ST",0.00,,Y,A,-,N,,,,,,,,,,Y,4,0,1,2,A,-,09,21801,A,N,D,D,A,A,H,-,A,A,0,,,,,Y,,A,08,0,0,1,0,0,0,0,0,0,"- ","- ",35.366718292236328,-119.02082824707031,KERN,BAKERSFIELD,-119.021240234375,35.366687774658203
82328359,2024,2024-03-04,1502,2024-02-29,1444,P45,,4,5,6,1502,0,0,0,,0,METRO,"P ST","4TH ST",0.00,,Y,A,-,N,,,,,,,,,,N,3,0,2,2,A,-,17,21451,A,N,D,C,A,A,H,-,A,A,0,,,,,Y,,A,01,0,1,1,0,0,0,0,0,0,"- ","- ",35.359928131103516,-119.01239013671875,KERN,BAKERSFIELD,-119.01186370849609,35.360782623291016
82328360,2024,2024-03-04,1502,2024-03-01,1232,P45,,5,5,6,1502,0,0,0,,0,METRO,"BRUNDAGE LN","MADISON ST",15.00,E,N,B,-,N,,,,,,,,,,N,4,0,1,2,A,-,09,21804,A,N,D,C,A,A,H,-,A,D,0,,,,,Y,,A,01,0,0,1,0,0,0,0,0,0,"- ","- ",35.353691101074219,-118.99391174316406,KERN,BAKERSFIELD,-118.99407958984375,35.353912353515625
82328544,2024,2024-03-04,1502,2024-02-20,1455,1181,,2,5,6,1502,0,0,0,,0,CENTRA,"STOCKDALE HWY","STINE RD",150.00,E,N,A,-,N,,,,,,,,,,N,2,0,3,4,A,-,01,23152,A,N,G,B,F,A,H,-,A,D,0,Y,,,,Y,Y,A,07,1,0,2,0,2,0,0,0,0,"- ","- ",35.354400634765625,-119.04759979248047,KERN,BAKERSFIELD,-119.04734039306641,35.354251861572266
82328559,2024,2024-03-04,1503,2024-02-11,"53  ",10199,5011,7,5,4,1503,0,0,0,,0,,"GLENWOOD ST; 100 BLOCK","NORTH PROLONGATION OF 1ST AVE",34.00,N,-,A,-,N,,,,,,,,,,N,3,0,1,3,A,-,00,23103,,M,A,E,E,A,H,-,C,A,0,Y,,,,Y,,A,01,0,1,0,0,1,0,0,0,0,"- ","- ",35.758029937744141,-119.24653625488281,KERN,DELANO,-119.24629974365234,35.757862091064453
82328643,2024,2024-03-04,1503,2024-03-03,"302 ",10199,3009,7,5,4,1503,0,0,0,,0,,"N CABRILLO WAY, 400 BLOCK","S CABRILLO WY",125.00,N,-,A,-,N,,,,,,,,,,Y,3,0,1,3,A,-,08,22107,,M,B,C,A,A,H,-,C,D,0,,,,,Y,,A,01,0,1,0,0,0,0,0,0,0,"- ","- ",35.774658203125,-119.26506042480469,KERN,DELANO,-119.26683807373047,35.774322509765625
82329132,2024,2024-03-04,1503,2024-03-01,1600,10143,5011,5,5,4,1503,0,0,0,,0,,"GLENWOOD ST","GARCES HWY",0.00,,Y,A,-,N,,,,,,,,,,Y,3,0,3,2,A,-,01,23152,B,N,A,C,A,A,H,-,A,D,0,,,,,Y,Y,A,01,0,3,0,0,0,0,0,0,0,"- ","- ",35.768680572509766,-119.24873352050781,KERN,DELANO,-119.24700927734375,35.761402130126953
82329460,2024,2024-03-04,1503,2024-02-02,1715,10195,3010,5,5,4,1503,0,0,0,,0,,"500 BLOCK CECIL AVENUE","FREMONT STREET",38.00,W,-,A,-,N,,,,,,,,,,N,2,0,1,2,A,-,11,21954,A,N,G,B,D,A,H,-,A,D,0,Y,,,,Y,,N,60,1,0,0,0,1,0,0,0,0,"- ","- ",35.775920867919922,-119.25039672851562,KERN,DELANO,-119.25187683105469,35.775947570800781
82329678,2024,2024-03-05,1502,2024-02-28,2158,P63,,3,5,6,1502,0,0,0,,0,CENTRA,"MING AV","LYMRIC WY",466.00,E,N,A,-,N,,,,,,,,,,Y,3,0,1,2,A,-,03,22350,,N,C,C,A,A,H,-,C,D,0,,,Y,,Y,,D,22,0,1,0,0,0,0,0,0,1,"- ","- ",35.339740753173828,-119.04615783691406,KERN,BAKERSFIELD,-119.04464721679688,35.339588165283203
82329679,2024,2024-03-05,1502,2024-02-29,"838 ",1334,,4,5,6,1502,0,0,0,,0,,"PACHECO RD","MONITOR ST",0.00,,Y,A,-,N,,,,,,,,,,N,4,0,1,2,A,-,12,21453,A,N,D,C,A,A,H,-,A,B,0,,,,,Y,,A,01,0,0,1,0,0,0,0,0,0,"- ","- ",35.310329437255859,-119.01220703125,KERN,BAKERSFIELD,-119.01189422607422,35.310401916503906
82329680,2024,2024-03-05,1502,2024-02-29,1031,1430,,4,5,6,1502,0,0,0,,0,,"PACIFIC ST","OWENS ST",0.00,W,Y,A,-,N,,,,,,,,,,Y,3,0,2,2,A,-,03,22350,,F,A,E,A,A,H,-,A,D,0,,,,,Y,,A,01,0,2,0,0,0,0,0,0,0,"- ","- ",35.383308410644531,-118.98567962646484,KERN,BAKERSFIELD,-118.98566436767578,35.38299560546875
82329682,2024,2024-03-05,1502,2024-03-01,"848 ",P82,,5,5,6,1502,0,0,0,,0,HILL,"GOLDEN STATE AV","P ST",72.00,E,N,A,-,Y,,,,,,,,,,Y,4,0,1,2,A,-,03,22350,,N,C,C,A,A,H,-,A,D,0,,,,,Y,,D,22,0,0,1,0,0,0,0,0,0,"- ","- ",35.383380889892578,-119.01175689697266,KERN,BAKERSFIELD,-119.01195526123047,35.382984161376953
82329687,2024,2024-03-05,1502,2024-03-03,2237,P63,,7,5,6,1502,0,0,0,,0,METRO,"H ST","BLANCHE ST",86.00,N,N,A,-,N,,,,,,,,,,Y,3,0,1,2,A,-,08,22107,,N,C,E,A,A,H,-,C,D,0,,,,,Y,,A,01,0,1,0,0,0,0,0,0,0,"- ","- ",35.367591857910156,-119.02081298828125,KERN,BAKERSFIELD,-119.02123260498047,35.367824554443359
82329832,2024,2024-03-05,1503,2024-02-25,"247 ",10199,,7,5,4,1503,0,0,0,,0,,"GARCES HWY, 29800 BLOCK","CASEY AVE",2625.00,E,-,A,-,N,,,,,,,,,,Y,3,0,1,1,A,-,08,22107,,M,E,I,A,A,H,-,C,D,0,,,,,Y,,A,01,0,1,0,0,0,0,0,0,0,"- ","- ",,,KERN,DELANO,-119.28530883789062,35.761348724365234
82330832,2024,2024-03-06,1502,2024-02-09,1358,1567,,5,5,6,1502,0,0,0,,0,VALLEY,"H ST","SOUTHGATE DR",59.00,S,N,B,-,N,,,,,,,,,,N,4,0,1,2,A,-,03,22350,,N,C,C,A,A,H,-,A,D,0,,,,,Y,,A,01,0,0,1,0,0,0,0,0,0,"- ","- ",35.335819244384766,-119.02118682861328,KERN,BAKERSFIELD,-119.02131652832031,35.335639953613281
82330833,2024,2024-03-06,1502,2024-02-26,1504,1469,,1,5,6,1502,0,0,0,,0,VALLEY,"PANAMA LN","COTTONWOOD RD",0.00,,Y,A,-,N,,,,,,,,,,N,4,0,6,3,A,-,12,21453,A,N,B,C,A,A,H,-,A,A,0,,,,,Y,,A,01,0,0,6,0,0,0,0,0,0,"- ","- ",35.295631408691406,-118.98587036132812,KERN,BAKERSFIELD,-118.98535919189453,35.295928955078125
82330835,2024,2024-03-06,1502,2024-03-01,"734 ",1360,,5,5,6,1502,0,0,0,,0,VALLEY,"PANAMA LN","COTTONWOOD RD",843.00,W,N,A,-,N,,,,,,,,,,N,4,0,3,3,A,-,12,21453,A,N,D,D,A,A,H,-,A,A,0,,,,,Y,,A,01,0,0,3,0,0,0,0,0,0,"- ","- ",35.295631408691406,-118.98587036132812,KERN,BAKERSFIELD,-118.98818206787109,35.295925140380859
82331980,2023,2024-03-07,1502,2023-04-18,"452 ",1225,,2,5,6,1502,0,0,0,,0,SOUTH,"PANAMA LN","WIBLE RD",0.00,,Y,A,-,N,,,,,,,,,,Y,1,1,0,1,A,-,01,23152,F,N,E,I,A,A,H,-,C,A,0,,,,,Y,,A,07,0,0,0,0,0,0,0,0,0,"- ","- ",35.295280456542969,-119.04035186767578,KERN,BAKERSFIELD,-119.03907012939453,35.295841217041016
82331988,2024,2024-03-07,1502,2024-02-29,"901 ",P45,,4,5,6,1502,0,0,0,,0,METRO,"OAK ST","STOCKDALE HWY",40.00,N,N,B,-,N,,,,,,,,,,N,4,0,1,2,A,-,08,22107,,M,B,C,A,A,H,-,A,D,0,,,,,Y,,-,99,0,0,1,0,0,0,0,0,0,"- ","- ",35.354278564453125,-119.03865814208984,KERN,BAKERSFIELD,-119.03890991210938,35.354240417480469
82331993,2024,2024-03-20,1502,2024-03-04,"930 ",P88,,1,5,6,1502,0,0,0,,0,CENTRA,"MING AV","VALHALLA DR",0.00,,Y,B,-,N,,,,,,,,,,N,3,0,4,2,A,-,12,21453,A,N,D,C,A,A,H,-,A,A,0,,,,,Y,,A,08,0,1,3,0,0,0,0,0,0,"- ","- ",35.339889526367188,-119.05503845214844,KERN,BAKERSFIELD,-119.05507659912109,35.339515686035156
82331994,2024,2024-03-07,1502,2024-03-06,"27  ",P63,,3,5,6,1502,0,0,0,,0,CENTRA,"WHITE LN","LIVERPOOL WY",500.00,W,N,A,-,N,,,,,,,,,,N,2,0,1,2,A,-,11,21954,A,N,G,B,E,A,H,-,C,D,0,Y,,,,Y,Y,N,60,1,0,0,0,1,0,0,0,0,"- ","- ",35.325759887695312,-119.1302490234375,KERN,BAKERSFIELD,-119.13202667236328,35.325183868408203
82333127,2024,2024-03-08,1502,2024-02-29,1918,P45,,4,5,6,1502,0,0,0,,0,METRO,"4TH ST","KING ST",0.00,,Y,A,-,N,,,,,,,,,,N,4,0,1,2,A,-,09,21800,A,M,D,C,A,A,H,-,C,D,0,,,,,Y,,-,99,0,0,1,0,0,0,0,0,0,"- ","- ",35.360889434814453,-118.99378967285156,KERN,BAKERSFIELD,-118.99408721923828,35.36114501953125
82333129,2024,2024-03-08,1502,2024-03-04,1305,1334,,1,5,6,1502,0,0,0,,0,,"BAKER ST","MONTEREY ST",0.00,,Y,A,-,N,,,,,,,,,,N,4,0,2,2,A,-,09,21801,A,N,D,C,A,A,H,-,A,A,0,,,,,Y,,A,01,0,0,2,0,0,0,0,0,0,"- ","- ",35.381309509277344,-118.99147033691406,KERN,BAKERSFIELD,-118.99140930175781,35.380970001220703