CASE_ID,ACCIDENT_YEAR,PROC_DATE,JURIS,COLLISION_DATE,COLLISION_TIME,OFFICER_ID,REPORTING_DISTRICT,DAY_OF_WEEK,CHP_SHIFT,POPULATION,CNTY_CITY_LOC,SPECIAL_COND,BEAT_TYPE,CHP_BEAT_TYPE,CITY_DIVISION_LAPD,CHP_BEAT_CLASS,BEAT_NUMBER,PRIMARY_RD,SECONDARY_RD,DISTANCE,DIRECTION,INTERSECTION,WEATHER_1,WEATHER_2,STATE_HWY_IND,CALTRANS_COUNTY,CALTRANS_DISTRICT,STATE_ROUTE,ROUTE_SUFFIX,POSTMILE_PREFIX,POSTMILE,LOCATION_TYPE,RAMP_INTERSECTION,SIDE_OF_HWY,TOW_AWAY,COLLISION_SEVERITY,NUMBER_KILLED,NUMBER_INJURED,PARTY_COUNT,PRIMARY_COLL_FACTOR,PCF_CODE_OF_VIOL,PCF_VIOL_CATEGORY,PCF_VIOLATION,PCF_VIOL_SUBSECTION,HIT_AND_RUN,TYPE_OF_COLLISION,MVIW,PED_ACTION,ROAD_SURFACE,ROAD_COND_1,ROAD_COND_2,LIGHTING,CONTROL_DEVICE,CHP_ROAD_TYPE,PEDESTRIAN_ACCIDENT,BICYCLE_ACCIDENT,MOTORCYCLE_ACCIDENT,TRUCK_ACCIDENT,NOT_PRIVATE_PROPERTY,ALCOHOL_INVOLVED,STWD_VEHTYPE_AT_FAULT,CHP_VEHTYPE_AT_FAULT,COUNT_SEVERE_INJ,COUNT_VISIBLE_INJ,COUNT_COMPLAINT_PAIN,COUNT_PED_KILLED,COUNT_PED_INJURED,COUNT_BICYCLIST_KILLED,COUNT_BICYCLIST_INJURED,COUNT_MC_KILLED,COUNT_MC_INJURED,PRIMARY_RAMP,SECONDARY_RAMP,LATITUDE,LONGITUDE,COUNTY,CITY,POINT_X,POINT_Y
8322670,2016,2017-03-14,1502,2016-12-08,0602,1261,,4,5,6,1502,0,0,0,,0,SOUTH,"ASHE RD","DISTRICT BL",0.00,,Y,B,-,N,,,,,,,,,,Y,4,0,1,2,A,-,12,21453,A,N,D,C,A,B,H,-,B,A,0,,,,,Y,,A,07,0,0,1,0,0,0,0,0,0,"- ","- ",35.313130000000001,-119.07451,KERN,BAKERSFIELD,-119.07445011,35.313120009999999
8322671,2016,2017-03-14,1502,2016-12-22,1652,1061,,4,5,6,1502,0,0,0,,0,SOUTH,"GOSFORD RD","HARRIS RD",0.00,,Y,A,-,N,,,,,,,,,,Y,4,0,2,3,A,-,12,21453,A,N,D,C,A,A,H,-,A,A,0,,,,,Y,,A,01,0,0,2,0,0,0,0,0,0,"- ","- ",35.303570000000001,-119.09236,KERN,BAKERSFIELD,-119.09224011000001,35.303400109999998
8322673,2016,2017-03-14,1502,2016-12-13,2242,1048,,2,5,6,1502,0,0,0,,0,,"BAKER ST","KENTUCKY ST",0.00,,Y,A,-,N,,,,,,,,,,N,4,0,1,2,A,-,09,21801,A,M,H,G,A,A,H,-,C,A,0,,Y,,,Y,,-,99,0,0,1,0,0,0,1,0,0,"- ","- ",35.379199999999997,-118.99225,KERN,BAKERSFIELD,-118.99217007,35.378840080000003
8322674,2016,2017-03-14,1502,2016-12-07,0001,1241,,3,5,6,1502,0,0,0,,0,VALLEY,"H ST","MING AV",0.00,,Y,B,-,N,,,,,,,,,,Y,4,0,1,2,A,-,12,21453,A,F,D,C,A,A,H,-,C,A,0,,,,,Y,Y,A,01,0,0,1,0,0,0,0,0,0,"- ","- ",35.339449999999999,-119.02114,KERN,BAKERSFIELD,-119.02131009,35.339440029999999
8322675,2016,2017-03-14,1502,2016-12-20,1648,1211,,2,5,6,1502,0,0,0,,0,CENTRA,"CALIFORNIA AV","MARELLA WY",62.00,W,N,A,-,N,,,,,,,,,,N,4,0,1,3,A,-,07,21658,A,M,B,C,A,A,H,-,B,A,0,,,,,Y,,A,01,0,0,1,0,0,0,0,0,0,"- ","- ",35.364179999999998,-119.05670000000001,KERN,BAKERSFIELD,-119.05726512,35.363836800000001
8322677,2016,2017-03-14,1502,2016-12-17,0306,1275,,6,5,6,1502,0,0,0,,0,METRO,"TRUXTUN AV","OAK ST",0.00,,Y,A,-,N,,,,,,,,,,Y,3,0,2,2,A,-,01,23152,A,N,D,C,A,A,H,-,C,A,0,,,,Y,Y,Y,A,01,0,1,1,0,0,0,0,0,0,"- ","- ",35.373640000000002,-119.03818,KERN,BAKERSFIELD,-119.03867009,35.373540030000001
8322678,2016,2017-03-14,1502,2016-12-06,1616,1283,,2,5,6,1502,0,0,0,,0,METRO,"WILLIAMS ST","POTOMAC AV",0.00,,Y,A,-,N,,,,,,,,,,N,3,0,1,2,A,-,05,21650,,N,D,C,A,A,H,-,B,A,0,,,Y,,Y,,C,02,0,1,0,0,0,0,0,0,1,"- ","- ",35.365160000000003,-118.98165,KERN,BAKERSFIELD,-118.9813901,35.364890029999998
8322679,2016,2017-03-14,1502,2016-12-20,1729,P73,,2,5,6,1502,0,0,0,,0,HILL,"COLUMBUS ST","HALEY ST",30.00,E,N,A,-,N,,,,,,,,,,N,4,0,1,2,A,-,03,22350,,N,C,C,A,A,H,-,C,A,0,,,,,Y,,A,01,0,0,1,0,0,0,0,0,0,"- ","- ",35.397739999999999,-118.97618,KERN,BAKERSFIELD,-118.97623949,35.397471439999997
8322690,2016,2017-04-07,1502,2016-11-01,1317,784,,2,5,6,1502,0,0,0,,0,,"KENTUCKY ST","UNION AV LOOP EAST",8.00,E,N,B,-,N,,,,,,,,,,N,4,0,1,2,A,-,06,21755,,N,B,C,A,A,H,-,A,A,0,,,,Y,Y,,A,01,0,0,1,0,0,0,0,0,0,"- ","- ",35.38165,-119.00212000000001,KERN,BAKERSFIELD,-119.00203415999999,35.38121417
8325819,2017,2017-12-27,1502,2017-02-23,2205,1282,,4,5,6,1502,0,0,0,,0,NORTH,"ROSEDALE HWY","WHEELER ST",438.00,E,N,A,-,N,,,,,,,,,,Y,3,0,1,1,A,-,01,23152,B,N,E,I,A,A,H,-,C,D,0,,,,,Y,Y,A,01,0,1,0,0,0,0,0,0,0,"- ","- ",35.383459999999999,-119.10901,KERN,BAKERSFIELD,-119.1073225,35.383399920000002
8325941,2017,2017-03-23,1501,2017-02-20,0014,980,24,1,5,3,1501,0,0,0,,0,002,"MILLUX RD","MEYER RD",0.00,E,Y,C,-,N,,,,,,,,,,Y,3,0,2,1,A,-,03,22350,,N,E,I,A,D,B,-,D,D,0,,,,,Y,Y,A,08,0,2,0,0,0,0,0,0,0,"- ","- ",35.194560000000003,-118.82431,KERN,ARVIN,,
8327533,2017,2017-03-20,1511,2017-03-01,2259,53099,5,3,5,2,1511,0,0,0,,0,00A,"91ST ST","CALIFORNIA CITY BL",0.00,,Y,A,-,N,,,,,,,,,,Y,4,0,4,2,A,-,05,21651,C,N,B,C,A,A,H,-,C,D,0,,,,,Y,,A,01,0,0,4,0,0,0,0,0,0,"- ","- ",35.126089999999998,-117.96529,KERN,"CALIFORNIA CITY",-117.96544000999999,35.126100030000003
8327733,2017,2017-04-10,1502,2017-03-24,1356,1028,,5,5,6,1502,0,0,0,,0,CENTRA,"CALIFORNIA AV","LENNOX AV",200.00,W,N,A,-,N,,,,,,,,,,N,4,0,1,4,A,-,07,21658,A,N,B,C,A,A,H,-,A,D,0,,,,,Y,,A,07,0,0,1,0,0,0,0,0,0,"- ","- ",35.35866,-119.06049,KERN,BAKERSFIELD,-119.0611,35.358800000000002
8327737,2017,2017-04-11,1502,2017-03-24,1449,1059,,5,5,6,1502,0,0,0,,0,SOUTH,"WIBLE RD","BERKSHIRE RD",154.00,S,N,A,-,N,,,,,,,,,,Y,3,0,2,2,A,-,03,22350,,N,C,C,A,A,H,-,A,D,0,,,,,Y,,A,01,0,1,1,0,0,0,0,0,0,"- ","- ",35.288490000000003,-119.03906000000001,KERN,BAKERSFIELD,-119.0390057,35.288167450000003
8327752,2017,2017-04-10,1502,2017-03-25,1207,P82,,6,5,6,1502,0,0,0,,0,METRO,"CYPRESS ST","DRACENA ST",0.00,,Y,A,-,N,,,,,,,,,,Y,3,0,1,2,A,-,09,21800,A,N,D,C,A,A,H,-,A,D,0,,,,,Y,,-,"- ",0,1,0,0,0,0,0,0,0,"- ","- ",35.363340000000001,-119.03574,KERN,BAKERSFIELD,-119.03607003,35.363210080000002
8328012,2017,2018-03-22,1507,2017-03-05,1424,272,12,7,5,3,1507,0,0,0,,0,,"CENTRAL VALLEY HWY","NORTH SHAFTER AV",0.00,,Y,A,-,Y,KER,6,43,-,-,17.168,I,5,S,N,4,0,2,2,A,-,09,21801,A,N,D,D,A,A,H,-,A,A,0,,,,,Y,,A,01,0,0,2,0,0,0,0,0,0,"- ","- ",35.505980000000001,-119.27824,KERN,SHAFTER,-119.27831028,35.506176259999997
8328027,2017,2017-03-30,1503,2017-02-01,1316,10159,1503,3,5,4,1503,0,0,0,,0,ALL,"13TH AV","HIGH ST",18.00,E,N,A,-,N,,,,,,,,,,Y,4,0,2,2,A,-,09,21802,A,N,D,C,A,A,H,-,A,A,0,,,,Y,Y,,F,26,0,0,2,0,0,0,0,0,0,"- ","- ",,,KERN,DELANO,-119.24781053,35.772769529999998
8328046,2017,2017-04-03,1503,2017-02-22,2243,10125,1503,3,5,4,1503,0,0,0,,0,ALL,"SOUTH LEXINGTON ST","WOOLLOMES AV",0.00,,Y,A,-,N,,,,,,,,,,Y,4,0,1,2,A,-,03,22350,,M,C,C,A,A,H,-,C,A,0,,,,,Y,,A,01,0,0,1,0,0,0,0,0,0,"- ","- ",,,KERN,DELANO,-119.24073995000001,35.746900060000002
8328050,2017,2017-03-27,1503,2017-02-18,0805,10151,1503,6,5,4,1503,0,0,0,,0,ALL,"17TH AV","VASSAR ST",28.00,W,N,B,-,N,,,,,,,,,,Y,4,0,1,2,A,-,08,22107,,N,B,C,A,B,H,-,A,A,0,,,,,Y,,D,22,0,0,1,0,0,0,0,0,0,"- ","- ",,,KERN,DELANO,-119.22768429,35.777650000000001
8328074,2017,2017-04-07,1503,2017-02-09,1904,10125,1503,4,5,4,1503,0,0,0,,0,ALL,"CECIL AV","NORWALK ST",0.00,,Y,A,-,N,,,,,,,,,,Y,4,0,1,2,A,-,12,21453,A,N,A,C,A,A,H,-,C,A,0,,,,,Y,,D,22,0,0,1,0,0,0,0,0,0,"- ","- ",,,KERN,DELANO,-119.24099998,35.775910019999998
83280784,2024,2024-08-02,1502,2024-05-18,2217,1149,,6,5,6,1502,0,0,0,,0,HILL,"UNION AV","NILES ST",0.00,,Y,A,-,N,,,,,,,,,,Y,4,0,1,2,A,-,12,21453,A,M,D,C,A,A,H,-,C,A,0,,,,,Y,,D,22,0,0,1,0,0,0,0,0,0,"- ","- ",35.384380340576172,-119.00287628173828,KERN,BAKERSFIELD,-119.00279998779297,35.383975982666016
83280785,2024,2024-08-02,1502,2024-07-06,1129,1430,,6,5,6,1502,0,0,0,,0,NORTH,"CALLOWAY DR","GALLERIA WY",0.00,,Y,A,-,N,,,,,,,,,,N,4,0,1,2,A,-,03,22350,,N,C,C,A,A,H,-,A,B,0,,,,,Y,,A,01,0,0,1,0,0,0,0,0,0,"- ","- ",35.410518646240234,-119.10980987548828,KERN,BAKERSFIELD,,
83280786,2024,2024-08-02,1502,2024-07-10,"500 ",1430,,3,5,6,1502,0,0,0,,0,,"CALIFORNIA AV","PINE ST",320.00,E,N,A,B,N,,,,,,,,,,N,2,0,1,2,A,-,09,21801,A,N,C,G,A,A,H,-,D,A,0,,Y,,,Y,Y,L,04,1,0,0,0,0,0,1,0,0,"- ","- ",35.368671417236328,-119.03128051757812,KERN,BAKERSFIELD,-119.03060150146484,35.368511199951172
83280788,2024,2024-08-02,1502,2024-07-25,2024,1213,,4,5,6,1502,0,0,0,,0,METRO,"BRUNDAGE LN","LIGGETT ST",0.00,,Y,A,-,N,,,,,,,,,,Y,4,0,1,2,A,-,09,21801,A,N,D,C,A,A,H,-,D,A,0,,,,,Y,,A,01,0,0,1,0,0,0,0,0,0,"- ","- ",35.352939605712891,-119.00216674804688,KERN,BAKERSFIELD,-119.00157928466797,35.353855133056641
83280789,2024,2024-08-02,1502,2024-07-25,2210,1213,,4,5,6,1502,0,0,0,,0,METRO,"MONTEREY ST","GAGE ST",75.00,E,N,A,-,N,,,,,,,,,,Y,3,0,1,4,A,-,08,22107,,N,C,E,A,A,H,-,D,D,0,,,,,Y,,A,01,0,1,0,0,0,0,0,0,0,"- ","- ",35.379768371582031,-118.98531341552734,KERN,BAKERSFIELD,-118.98497772216797,35.379428863525391
8328090,2017,2017-04-18,1503,2017-02-16,1457,10159,1503,4,5,4,1503,0,0,0,,0,ALL,"9TH AV","FREMONT ST",22.00,E,N,B,C,N,,,,,,,,,,N,4,0,1,2,A,-,09,21801,A,N,D,C,A,B,H,-,A,D,0,,,,,Y,,A,01,0,0,1,0,0,0,0,0,0,"- ","- ",,,KERN,DELANO,-119.24964692,35.76712989
8328094,2017,2017-04-18,1503,2017-02-16,1043,10159,1503,4,5,4,1503,0,0,0,,0,ALL,"WOOLLOMES AV","MARKET PLACE DR",0.00,,Y,B,C,N,,,,,,,,,,Y,4,0,1,2,A,-,12,21453,A,N,D,C,A,B,H,-,A,A,0,,,,,Y,,A,01,0,0,1,0,0,0,0,0,0,"- ","- ",,,KERN,DELANO,-119.2473399,35.746940090000002
8328098,2017,2017-04-18,1503,2017-02-15,1224,10159,1503,3,5,4,1503,0,0,0,,0,ALL,"11TH AV","FREMONT ST",23.00,W,N,A,B,N,,,,,,,,,,N,4,0,1,2,A,-,09,21802,A,N,D,C,A,A,H,-,A,A,0,,,,,Y,,A,01,0,0,1,0,0,0,0,0,0,"- ","- ",,,KERN,DELANO,-119.25038608,35.76967819
8331291,2017,2018-02-17,1506,2017-03-01,2314,4013,37,3,5,4,1506,0,0,0,,0,,"S CHINA LAKE BL","RT 178",34.00,S,N,A,-,Y,KER,6,178,-,-,102.620,H,-,W,N,4,0,1,2,A,-,01,23152,F,N,C,C,A,A,H,-,C,A,0,,,,,Y,,A,01,0,0,1,0,0,0,0,0,0,"- ","- ",35.62256,-117.66983999999999,KERN,RIDGECREST,-117.66977942,35.62256893
8331912,2017,2017-04-19,1506,2017-01-21,2300,3672,12,6,5,4,1506,0,0,0,,0,,"WATKINS AV","SIERRA VIEW ST",400.00,W,N,A,-,N,,,,,,,,,,N,3,0,1,2,A,-,03,22350,,M,A,B,E,A,H,-,C,D,0,Y,,,,Y,Y,A,01,0,1,0,0,1,0,0,0,0,"- ","- ",35.640860000000004,-117.67119,KERN,RIDGECREST,-117.68460989,35.650747780000003
8332974,2017,2017-03-30,1500,2017-03-05,1758,201081,WA02,7,5,3,1510,0,0,0,,0,4401,"POSO DR","CENTRAL AV",150.00,E,N,A,-,N,,,,,,,,,,Y,4,0,1,2,A,-,08,22107,,N,E,J,E,A,H,-,C,D,0,Y,,,,Y,,A,01,0,0,1,0,1,0,0,0,0,"- ","- ",,,KERN,WASCO,-119.35771603000001,35.587012639999998
8333206,2017,2017-04-05,1500,2017-02-02,1910,201596,WA02,4,5,3,1510,0,0,0,,0,4401,"RT 43",PROSPECT,0.00,,Y,A,-,Y,,,,,,,,,,N,4,0,1,2,A,-,09,21802,A,N,D,C,A,A,H,-,D,A,0,,,,,Y,,-,,0,0,1,0,0,0,0,0,0,"- ","- ",,,KERN,WASCO,-119.33335988,35.565240070000002
8333510,2017,2017-03-24,1507,2017-03-06,1716,274,16,1,5,3,1507,0,0,0,,0,,"W ASH AV","S REIKER ST",0.00,,Y,A,-,N,,,,,,,,,,Y,4,0,4,2,A,-,09,21800,B,N,D,C,A,A,H,-,B,D,0,,,,,Y,,A,01,0,0,4,0,0,0,0,0,0,"- ","- ",35.49597,-119.2852,KERN,SHAFTER,-119.28501993,35.496229999999997
8334881,2017,2017-04-05,1502,2017-03-18,2006,1185,,6,5,6,1502,0,0,0,,0,METRO,"DR MARTIN LUTHER KING BL","CALIFORNIA AV",0.00,,Y,A,-,N,,,,,,,,,,Y,4,0,1,2,A,-,09,21801,A,M,A,C,A,A,H,-,E,A,0,,,,,Y,,A,07,0,0,1,0,0,0,0,0,0,"- ","- ",35.368760000000002,-118.98433,KERN,BAKERSFIELD,-118.98413005,35.368420059999998
8335054,2017,2017-04-06,1502,2017-03-18,1755,1275,,6,5,6,1502,0,0,0,,0,VALLEY,"COTTONWOOD RD","BRADSHAW ST",60.00,S,N,A,-,N,,,,,,,,,,Y,3,0,3,2,A,-,09,21804,A,N,D,C,A,A,H,-,A,D,0,,,,,Y,,J,48,0,2,1,0,0,0,0,0,0,"- ","- ",35.33408,-118.98549,KERN,BAKERSFIELD,-118.98546,35.334175369999997
8335522,2017,2017-04-13,1502,2017-04-02,1838,1283,,7,5,6,1502,0,0,0,,0,NORTH,"SCARLET RIVER DR","SCENIC RIVER LN",466.00,E,N,A,-,N,,,,,,,,,,N,3,0,2,3,A,-,08,22107,,F,G,B,F,A,H,-,A,D,0,Y,,,,Y,,-,99,0,2,0,0,2,0,0,0,0,"- ","- ",35.397469999999998,-119.08847,KERN,BAKERSFIELD,-119.08686829,35.397640010000003
8335526,2017,2017-04-13,1502,2017-04-02,1642,1033,,7,5,6,1502,0,0,0,,0,,"KENTUCKY ST","HALEY ST",12.00,E,N,A,-,N,,,,,,,,,,Y,4,0,1,2,A,-,09,21801,A,N,B,C,A,A,H,-,A,D,0,,,,,Y,,A,01,0,0,1,0,0,0,0,0,0,"- ","- ",35.376519999999999,-118.98146,KERN,BAKERSFIELD,-118.98139128,35.376261159999999
8335534,2016,2017-04-17,1502,2016-09-27,2205,1241,,2,5,6,1502,0,0,0,,0,SOUTH,"WILDERNESS DR","RELIANCE DR",186.00,W,N,A,-,N,,,,,,,,,,Y,3,0,1,1,A,-,03,22350,,N,E,I,A,A,H,-,C,D,0,,,,,Y,,D,22,0,1,0,0,0,0,0,0,0,"- ","- ",35.298699999999997,-119.08344,KERN,BAKERSFIELD,-119.08375533,35.298699300000003
8335538,2017,2017-04-13,1502,2017-03-31,1927,1261,,5,5,6,1502,0,0,0,,0,CENTRA,"REAL RD","WILSON RD",0.00,,Y,A,-,N,,,,,,,,,,Y,4,0,1,2,A,-,09,21801,A,N,A,C,A,A,H,-,A,A,0,,,,,Y,,A,01,0,0,1,0,0,0,0,0,0,"- ","- ",35.332430000000002,-119.04342,KERN,BAKERSFIELD,-119.04338009,35.332240079999998
8335542,2017,2017-04-13,1502,2017-03-31,1438,1261,,5,5,6,1502,0,0,0,,0,HILL,"OSWELL ST","AUBURN ST",200.00,S,N,A,-,N,,,,,,,,,,N,4,0,2,2,A,-,12,21453,A,N,D,C,A,A,H,-,A,A,0,,,,,Y,,-,"- ",0,0,2,0,0,0,0,0,0,"- ","- ",35.397739999999999,-118.94965999999999,KERN,BAKERSFIELD,-118.94991,35.397191460000002
8335546,2017,2017-04-17,1502,2017-03-30,0146,1185,,4,5,6,1502,0,0,0,,0,NORTH,"WESTSIDE PKWY","TRUXTUN AV",205.00,S,N,A,-,N,,,,,,,,,,Y,2,0,1,1,A,-,01,23152,A,N,E,I,A,A,H,-,C,D,0,,,Y,,Y,Y,C,02,1,0,0,0,0,0,0,0,1,"- ","- ",35.371960000000001,-119.05556,KERN,BAKERSFIELD,-119.05797063999999,35.369739619999997
8335550,2017,2017-04-17,1502,2017-03-29,1754,P59,,3,5,6,1502,0,0,0,,0,,"MADISON AV","WHITE LN",6.00,N,N,A,-,N,,,,,,,,,,Y,3,0,4,2,A,-,09,21801,A,N,A,C,A,A,H,-,A,D,0,,,,,Y,,A,07,0,2,2,0,0,0,0,0,0,"- ","- ",35.317459999999997,-118.99393999999999,KERN,BAKERSFIELD,-118.99372959999999,35.317696460000001
8335554,2017,2017-04-17,1502,2017-03-29,1118,P24,,3,5,6,1502,0,0,0,,0,METRO,"OAK ST","CALIFORNIA AV",0.00,,Y,A,-,N,,,,,,,,,,Y,3,0,3,2,A,-,12,21453,A,N,A,C,A,A,H,-,A,A,0,,,,,Y,,A,01,0,2,1,0,0,0,0,0,0,"- ","- ",35.368760000000002,-119.03831,KERN,BAKERSFIELD,-119.03878011,35.368710069999999
8335558,2017,2017-04-17,1502,2017-03-23,1948,1221,,4,5,6,1502,0,0,0,,0,NORTH,"GRANITE FALLS DR","SEAVIEW DR",329.00,E,N,A,-,N,,,,,,,,,,N,2,0,1,2,A,-,11,21955,,F,G,B,D,A,H,-,C,D,0,Y,,,,Y,,N,60,1,0,0,0,1,0,0,0,0,"- ","- ",35.386690000000002,-119.09965,KERN,BAKERSFIELD,-119.09838709,35.386875860000004
8335562,2017,2017-04-17,1502,2017-03-30,2014,1028,,4,5,6,1502,0,0,0,,0,CENTRA,"MING AV","REAL RD",35.00,W,N,A,-,N,,,,,,,,,,N,4,0,1,2,A,-,03,22350,,M,C,C,A,A,H,-,C,A,0,,,,,Y,,-,99,0,0,1,0,0,0,0,0,0,"- ","- ",35.339689999999997,-119.04334,KERN,BAKERSFIELD,-119.0434972,35.33959084
8335565,2017,2017-04-13,1502,2017-04-03,1633,P45,,1,5,6,1502,0,0,0,,0,NORTH,"HAGEMAN RD","PATTON WY",46.00,E,N,A,-,N,,,,,,,,,,N,3,0,3,3,A,-,01,23152,E,N,C,C,A,A,H,-,A,A,0,,,,,Y,,A,01,0,1,2,0,0,0,0,0,0,"- ","- ",35.401269999999997,-119.08327,KERN,BAKERSFIELD,-119.08316585,35.401552080000002
8335570,2017,2017-04-17,1502,2017-04-03,2038,1283,,1,5,6,1502,0,0,0,,0,VALLEY,"MING AV","EL TORO DR",139.00,E,N,A,-,N,,,,,,,,,,N,4,0,2,3,A,-,08,22107,,N,D,C,F,A,H,-,C,D,0,Y,,,,Y,,A,08,0,0,2,0,1,0,0,0,0,"- ","- ",35.339410000000001,-119.01625,KERN,BAKERSFIELD,-119.01581453,35.339469999999999
8335585,2017,2017-04-13,1502,2017-04-04,1402,P45,,2,5,6,1502,0,0,0,,0,METRO,"H ST","LOUSTALOT LN",0.00,,Y,A,-,N,,,,,,,,,,N,4,0,3,2,A,-,12,21453,A,N,D,C,A,A,H,-,A,A,0,,,,,Y,,A,01,0,0,3,0,0,0,0,0,0,"- ","- ",35.352069999999998,-119.02104,KERN,BAKERSFIELD,-119.02122002999999,35.352130029999998
8335589,2017,2017-04-13,1502,2017-04-03,1334,P82,,1,5,6,1502,0,0,0,,0,HILL,"BERNARD ST","MOUNT VERNON AV",0.00,,Y,A,-,N,,,,,,,,,,Y,4,0,2,3,A,-,12,21453,A,N,D,C,A,A,H,-,A,A,0,,,,,Y,,A,01,0,0,2,0,0,0,0,0,0,"- ","- ",35.390419999999999,-118.9674,KERN,BAKERSFIELD,-118.96758010000001,35.390240069999997
8335593,2017,2017-04-13,1502,2017-04-02,1854,P45,,7,5,6,1502,0,0,0,,0,NORTH,"COFFEE RD","WESTSIDE PKWY",108.00,N,N,A,-,N,,,,,,,,,,N,3,0,1,1,A,-,08,22107,,N,E,I,A,A,H,-,A,D,0,,,,,Y,,A,01,0,1,0,0,0,0,0,0,0,"- ",EF,35.364919999999998,-119.09235,KERN,BAKERSFIELD,-119.09210256999999,35.367340730000002
8335597,2017,2017-04-13,1502,2017-04-02,2356,1241,,7,5,6,1502,0,0,0,,0,NORTH,"SANTA FE WY","OLIVE DR",6864.00,N,N,A,-,N,,,,,,,,,,Y,4,0,1,1,A,-,08,22107,,N,H,A,A,A,H,-,D,D,0,,,,,Y,,A,01,0,0,1,0,0,0,0,0,0,"- ","- ",35.420340000000003,-119.17216000000001,KERN,BAKERSFIELD,-119.18873101,35.433107479999997
8336054,2017,2018-04-23,1502,2017-04-22,2143,1177,,6,5,6,1502,0,0,0,,0,METRO,"WIBLE RD","RT 99",10.00,N,N,A,-,Y,KER,6,99,-,-,23.195,R,4,N,Y,4,0,1,1,A,-,08,22107,,N,E,I,A,A,H,-,C,D,0,,,,,Y,,A,01,0,0,1,0,0,0,0,0,0,"- ",TO,35.35163,-119.03843999999999,KERN,BAKERSFIELD,-119.03942246,35.348024619999997
8336058,2017,2018-03-22,1502,2017-04-17,1215,1167,,1,5,6,1502,0,0,0,,0,METRO,"UNION AV","8TH ST N",0.00,,Y,A,-,Y,KER,6,204,-,-,2.805,I,5,N,Y,4,0,2,2,A,-,03,22350,,N,C,C,A,A,H,-,A,A,0,,,,,Y,,A,07,0,0,2,0,0,0,0,0,0,"- ","- ",35.364400000000003,-119.00259,KERN,BAKERSFIELD,-119.00296398,35.364432370000003
8336067,2017,2017-12-26,1503,2017-03-07,1346,10159,1503,2,5,4,1503,0,0,0,,0,ALL,"GARCES HWY","AURORA ST",18.00,W,N,A,-,N,,,,,,,,,,N,3,0,2,3,A,-,10,21950,A,N,G,B,B,A,H,-,A,D,0,Y,,,,Y,,A,01,0,2,0,0,2,0,0,0,0,"- ","- ",,,KERN,DELANO,,
8336643,2017,2017-05-01,1502,2017-04-12,1446,1210,,3,5,6,1502,0,0,0,,0,CENTRA,"MING AV","VALHALLA DR",46.00,E,N,A,-,N,,,,,,,,,,N,4,0,1,2,A,-,03,22350,,M,C,C,A,A,H,-,A,A,0,,,,,Y,,-,99,0,0,1,0,0,0,0,0,0,"- ","- ",,,KERN,BAKERSFIELD,-119.05492601,35.339696719999999
8336647,2017,2017-05-01,1502,2017-04-12,1337,1213,,3,5,6,1502,0,0,0,,0,SOUTH,"ASHE RD","MCCUTCHEN RD",1593.00,S,N,A,-,N,,,,,,,,,,Y,4,0,2,2,A,-,08,22107,,N,D,C,A,A,H,-,A,D,0,,,,,Y,,D,22,0,0,2,0,0,0,0,0,0,"- ","- ",35.281590000000001,-119.07491,KERN,BAKERSFIELD,-119.07447002000001,35.27712897
8336655,2017,2018-03-21,1502,2017-04-07,1457,1195,,5,5,6,1502,0,0,0,,0,METRO,"H ST","24TH ST",0.00,,Y,B,-,N,,,,,,,,,,Y,3,0,1,2,A,-,12,21453,A,N,D,C,A,A,H,-,A,A,0,,,,,Y,,A,01,0,1,0,0,0,0,0,0,0,"- ","- ",35.381010000000003,-119.0206,KERN,BAKERSFIELD,-119.0211501,35.381020079999999
8336659,2017,2017-05-01,1502,2017-04-17,1555,P65,,1,5,6,1502,0,0,0,,0,,"JONAH ST","PACHECO RD",28.00,S,N,B,-,N,,,,,,,,,,N,4,0,1,2,A,-,21,22106,,M,H,C,A,A,H,-,A,D,0,,,,,Y,,-,99,0,0,1,0,0,0,0,0,0,"- ","- ",35.310380000000002,-119.01967,KERN,BAKERSFIELD,-119.01936000000001,35.310313170000001
8336663,2017,2017-05-01,1502,2017-04-15,2051,1185,,6,5,6,1502,0,0,0,,0,VALLEY,"COTTONWOOD RD","PACHECO RD",2680.00,S,N,A,-,N,,,,,,,,,,N,3,0,1,2,A,-,01,23152,A,N,H,H,A,A,H,-,D,D,0,,,,,Y,Y,M,95,0,1,0,0,0,0,0,0,0,"- ","- ",35.310139999999997,-118.98574000000001,KERN,BAKERSFIELD,-118.98538026999999,35.303066479999998
8336667,2017,2018-04-23,1502,2017-04-15,2004,1028,,6,5,6,1502,0,0,0,,0,VALLEY,"PANAMA LN","RT 99",85.00,E,N,A,-,Y,KER,6,99,-,-,19.564,R,4,S,Y,4,0,2,3,A,-,01,23152,A,N,C,C,A,A,H,-,C,A,0,,,,,Y,Y,A,01,0,0,2,0,0,0,0,0,0,"- ",SF,,,KERN,BAKERSFIELD,-119.03072186,35.296222280000002
8336671,2017,2017-05-01,1502,2017-04-15,1634,P45,,6,5,6,1502,0,0,0,,0,VALLEY,"UNION AV","BERKSHIRE RD",0.00,,Y,B,-,N,,,,,,,,,,N,3,0,4,2,A,-,12,22450,A,N,D,C,A,A,H,-,A,A,0,,,,,Y,,D,22,0,3,1,0,0,0,0,0,0,"- ","- ",35.288490000000003,-119.00364,KERN,BAKERSFIELD,-119.00314003,35.288630079999997
8336675,2017,2017-05-01,1502,2017-04-15,1508,1210,,6,5,6,1502,0,0,0,,0,CENTRA,"REAL RD","CALIFORNIA AV",12.00,S,N,A,-,N,,,,,,,,,,N,4,0,1,2,A,-,10,21950,A,M,G,B,B,A,H,-,A,A,0,Y,,,,Y,,-,99,0,0,1,0,1,0,0,0,0,"- ","- ",35.368130000000001,-119.04300000000001,KERN,BAKERSFIELD,-119.04336065,35.36785708
8336679,2017,2017-05-01,1502,2017-04-16,1959,1271,,7,5,6,1502,0,0,0,,0,VALLEY,"WHITE LN","FAMBROUGH DR",33.00,W,N,A,-,N,,,,,,,,,,Y,4,0,5,3,A,-,09,21453,C,N,D,C,A,A,H,-,C,A,0,,,,,Y,,A,01,0,0,5,0,0,0,0,0,0,"- ","- ",35.317610000000002,-119.01476,KERN,BAKERSFIELD,-119.01465048,35.317740000000001