CASE_ID,ACCIDENT_YEAR,PROC_DATE,JURIS,COLLISION_DATE,COLLISION_TIME,OFFICER_ID,REPORTING_DISTRICT,DAY_OF_WEEK,CHP_SHIFT,POPULATION,CNTY_CITY_LOC,SPECIAL_COND,BEAT_TYPE,CHP_BEAT_TYPE,CITY_DIVISION_LAPD,CHP_BEAT_CLASS,BEAT_NUMBER,PRIMARY_RD,SECONDARY_RD,DISTANCE,DIRECTION,INTERSECTION,WEATHER_1,WEATHER_2,STATE_HWY_IND,CALTRANS_COUNTY,CALTRANS_DISTRICT,STATE_ROUTE,ROUTE_SUFFIX,POSTMILE_PREFIX,POSTMILE,LOCATION_TYPE,RAMP_INTERSECTION,SIDE_OF_HWY,TOW_AWAY,COLLISION_SEVERITY,NUMBER_KILLED,NUMBER_INJURED,PARTY_COUNT,PRIMARY_COLL_FACTOR,PCF_CODE_OF_VIOL,PCF_VIOL_CATEGORY,PCF_VIOLATION,PCF_VIOL_SUBSECTION,HIT_AND_RUN,TYPE_OF_COLLISION,MVIW,PED_ACTION,ROAD_SURFACE,ROAD_COND_1,ROAD_COND_2,LIGHTING,CONTROL_DEVICE,CHP_ROAD_TYPE,PEDESTRIAN_ACCIDENT,BICYCLE_ACCIDENT,MOTORCYCLE_ACCIDENT,TRUCK_ACCIDENT,NOT_PRIVATE_PROPERTY,ALCOHOL_INVOLVED,STWD_VEHTYPE_AT_FAULT,CHP_VEHTYPE_AT_FAULT,COUNT_SEVERE_INJ,COUNT_VISIBLE_INJ,COUNT_COMPLAINT_PAIN,COUNT_PED_KILLED,COUNT_PED_INJURED,COUNT_BICYCLIST_KILLED,COUNT_BICYCLIST_INJURED,COUNT_MC_KILLED,COUNT_MC_INJURED,PRIMARY_RAMP,SECONDARY_RAMP,LATITUDE,LONGITUDE,COUNTY,CITY,POINT_X,POINT_Y
8349670,2017,2017-05-01,1506,2017-03-14,2022,4013,50,2,5,4,1506,0,0,0,,0,,"W DOLPHIN AV","S DOWNS ST",0.00,,Y,A,-,N,,,,,,,,,,Y,4,0,1,2,A,-,12,22450,,N,D,C,A,A,H,-,C,A,0,,,,,Y,,A,01,0,0,1,0,0,0,0,0,0,"- ","- ",35.600679999999997,-117.68827,KERN,RIDGECREST,-117.68826009,35.60070004
8350161,2017,2017-04-21,1502,2017-04-05,0812,P52,,3,5,6,1502,0,0,0,,0,HILL,"H ST","29TH ST",78.00,N,N,A,-,N,,,,,,,,,,N,4,0,1,2,A,-,09,21804,A,N,H,G,A,A,H,-,A,A,0,,Y,,,Y,,A,07,0,0,1,0,0,0,1,0,0,"- ","- ",35.385759999999998,-119.02051,KERN,BAKERSFIELD,-119.02112777000001,35.385974019999999
8350165,2017,2017-04-21,1502,2017-04-06,1930,1210,,4,5,6,1502,0,0,0,,0,CENTRA,"TAYLOR ST","DEMARET AV",346.00,S,N,A,-,N,,,,,,,,,,N,3,0,1,2,A,-,11,21954,A,N,G,B,D,A,H,-,A,D,0,Y,,,,Y,,N,60,0,1,0,0,1,0,0,0,0,"- ","- ",35.351280000000003,-119.05853999999999,KERN,BAKERSFIELD,-119.05896,35.350330569999997
8350169,2017,2017-06-28,1502,2017-04-07,1611,1153,,5,5,6,1502,0,0,0,,0,METRO,"CHESTER AV","BRUNDAGE LN",0.00,,Y,B,-,N,,,,,,,,,,Y,4,0,1,2,A,-,09,21453,C,M,D,C,A,A,H,-,A,A,0,,,,,Y,,-,99,0,0,1,0,0,0,0,0,0,"- ","- ",35.353969999999997,-119.0187,KERN,BAKERSFIELD,-119.01893009,35.354000069999998
8350173,2017,2017-04-21,1502,2017-04-07,2121,1213,,5,5,6,1502,0,0,0,,0,HILL,"Q ST","40TH ST",4.00,S,N,C,-,N,,,,,,,,,,Y,3,0,2,2,A,-,03,22350,,N,C,C,A,B,H,-,C,D,0,,,,,Y,,A,01,0,1,1,0,0,0,0,0,0,"- ","- ",35.39669,-119.01038,KERN,BAKERSFIELD,-119.01052058,35.396157690000003
8350177,2017,2017-04-21,1502,2017-04-08,1337,1218,,6,5,6,1502,0,0,0,,0,NORTH,"CALLOWAY DR","FLUSHING QUAIL RD",0.00,,Y,A,-,N,,,,,,,,,,Y,4,0,1,2,A,-,12,21453,A,N,D,C,A,A,H,-,A,A,0,,,,,Y,,A,07,0,0,1,0,0,0,0,0,0,"- ","- ",35.386099999999999,-119.11009,KERN,BAKERSFIELD,-119.10993014,35.386090019999997
8350181,2017,2017-04-21,1502,2017-04-11,2013,1186,,2,5,6,1502,0,0,0,,0,,"P ST","4TH ST",0.00,,Y,A,-,N,,,,,,,,,,N,4,0,1,2,A,-,09,21801,A,N,D,C,A,A,H,-,C,A,0,,,,,Y,,A,01,0,0,1,0,0,0,0,0,0,"- ","- ",35.360700000000001,-119.01155,KERN,BAKERSFIELD,-119.01186010000001,35.360780069999997
8350185,2017,2017-04-21,1502,2017-04-12,2156,1221,,3,5,6,1502,0,0,0,,0,METRO,"UNION AV","18TH ST",0.00,,Y,A,-,N,,,204,,,,,,,N,4,0,1,2,A,-,12,21453,A,M,D,C,A,A,H,-,C,A,0,,,,,Y,,-,99,0,0,1,0,0,0,0,0,0,"- ","- ",35.375660000000003,-119.00301,KERN,BAKERSFIELD,-119.00291485,35.375659579999997
8350189,2017,2017-04-21,1502,2017-04-03,0900,1177,,1,5,6,1502,0,0,0,,0,METRO,"MONTEREY ST","BAKER ST",0.00,,Y,A,-,N,,,,,,,,,,Y,2,0,1,2,A,-,12,21453,A,N,H,G,A,A,H,-,A,A,0,,Y,,,Y,,L,04,1,0,0,0,0,0,1,0,0,"- ","- ",,,KERN,BAKERSFIELD,-118.99141007999999,35.380970060000003
8350193,2017,2017-04-27,1502,2017-04-04,1153,P52,,2,5,6,1502,0,0,0,,0,METRO,"5TH ST","K ST",0.00,,Y,A,-,N,,,,,,,,,,Y,4,0,1,2,A,-,09,21800,A,N,D,C,A,A,H,-,A,D,0,,,,,Y,,-,"- ",0,0,1,0,0,0,0,0,0,"- ","- ",35.361699999999999,-119.01734,KERN,BAKERSFIELD,-119.01765001,35.361730100000003
8350197,2017,2017-04-21,1502,2017-04-04,1908,P45,,2,5,6,1502,0,0,0,,0,METRO,"BLANCHE ST","OLEANDER AV",600.00,E,N,A,-,N,,,,,,,,,,N,4,0,1,2,A,-,01,23152,E,M,B,E,A,A,H,-,A,D,0,,,,,Y,,A,07,0,0,1,0,0,0,0,0,0,"- ","- ",35.367649999999998,-119.02502,KERN,BAKERSFIELD,-119.02339014,35.367605560000001
8350201,2017,2017-04-21,1502,2017-04-08,1804,1283,,6,5,6,1502,0,0,0,,0,METRO,"23RD ST","F ST",0.00,,Y,A,-,N,,,,,,,,,,Y,4,0,2,2,A,-,12,21453,A,N,D,C,A,A,H,-,A,A,0,,,,,Y,,A,01,0,0,2,0,0,0,0,0,0,"- ","- ",35.380090000000003,-119.02294000000001,KERN,BAKERSFIELD,-119.02346007,35.380060020000002
8350205,2017,2017-06-27,1502,2017-04-08,2229,1291,,6,5,6,1502,0,0,0,,0,CENTRA,"WHITE LN","WIBLE RD",0.00,,Y,A,-,N,,,,,,,,,,Y,2,0,3,2,A,-,12,21453,A,N,D,C,A,A,H,-,C,A,0,,,,,Y,,A,01,1,0,2,0,0,0,0,0,0,"- ","- ",35.317839999999997,-119.03918,KERN,BAKERSFIELD,-119.03909007999999,35.317790070000001
8350209,2017,2017-04-21,1502,2017-04-09,0028,1291,,7,5,6,1502,0,0,0,,0,HILL,"PINE ST","ASPEN ST",0.00,,Y,A,-,N,,,,,,,,,,Y,4,0,2,2,A,-,01,23152,A,N,D,E,A,A,H,-,C,D,0,,,,,Y,Y,A,01,0,0,2,0,0,0,0,0,0,"- ","- ",35.384219999999999,-119.02999,KERN,BAKERSFIELD,-119.03061013,35.384140080000002
8351922,2016,2017-04-25,1502,2016-12-16,1340,1212,,5,5,6,1502,0,0,0,,0,METRO,"BRUNDAGE LN","CHESTER AV",50.00,E,N,B,-,N,,,,,,,,,,N,4,0,1,2,A,-,00,21760,,F,H,G,A,A,H,-,A,A,0,,Y,,,Y,,-,99,0,0,1,0,0,0,1,0,0,"- ","- ",35.353969999999997,-119.0187,KERN,BAKERSFIELD,-119.01876257000001,35.353997210000003
8351992,2016,2017-06-26,1509,2016-06-28,1811,58024,B,2,5,3,1509,0,0,0,,0,,"JACARANDA DR","DIAMOND CT",0.00,,Y,-,-,N,,,,,,,,,,N,3,0,1,1,A,-,17,21662,,N,C,I,A,A,H,-,A,D,0,,,,,Y,,A,01,0,1,0,0,0,0,0,0,0,"- ","- ",35.163469999999997,-118.57975,KERN,TEHACHAPI,-118.58866006,35.176000019999996
8352104,2017,2017-04-28,1502,2017-04-15,1707,1059,,6,5,6,1502,0,0,0,,0,CENTRA,"MING AV","WESTHOLME BL",0.00,,Y,A,-,N,,,,,,,,,,Y,4,0,3,4,A,-,03,22350,,N,C,C,A,A,H,-,A,A,0,,,,,Y,,A,01,0,0,3,0,0,0,0,0,0,"- ","- ",35.336289999999998,-119.06583999999999,KERN,BAKERSFIELD,-119.06599012,35.336410069999999
8352169,2017,2017-06-13,1511,2017-04-04,1401,53069,5,2,5,2,1511,0,0,0,,0,00A,"98TH ST","VIBURNUM AV",142.00,N,N,A,-,N,,,,,,,,,,N,3,0,1,2,A,-,12,22450,A,N,D,C,A,A,H,-,A,D,0,,,,,Y,,A,01,0,1,0,0,0,0,0,0,0,"- ","- ",,,KERN,"CALIFORNIA CITY",-117.95328408,35.10855136
8352201,2017,2017-07-10,1509,2017-04-05,1642,984,W,3,5,3,1509,0,0,0,,0,001,"VALLEY BL","SOUTH MILL ST",0.00,,Y,A,-,N,,,,,,,,,,N,4,0,2,3,A,-,06,21750,,N,D,D,A,A,H,-,A,A,0,,,,Y,Y,,F,26,0,0,2,0,0,0,0,0,0,"- ","- ",35.124310000000001,-118.4534,KERN,TEHACHAPI,-118.45342993,35.124320040000001
8352320,2017,2017-05-08,1502,2017-04-19,1051,1177,,3,5,6,1502,0,0,0,,0,METRO,"TRUXTON AV","CHESTER AV",0.00,,Y,B,-,N,,,,,,,,,,Y,4,0,3,2,A,-,12,21453,A,N,D,C,A,A,H,-,A,A,0,,,,,Y,,A,01,0,0,3,0,0,0,0,0,0,"- ","- ",,,KERN,BAKERSFIELD,-119.01890002,35.373270060000003
8352550,2017,2017-05-10,1503,2017-03-15,1440,10159,1503,3,5,4,1503,0,0,0,,0,ALL,"HIGH ST","GARCES HWY",132.00,N,N,A,-,N,,,,,,,,,,Y,4,0,1,2,A,-,04,21703,,N,D,C,A,A,H,-,A,D,0,,,,Y,Y,,J,41,0,0,1,0,0,0,0,0,0,"- ","- ",,,KERN,DELANO,-119.24532594,35.761766919999999
8352563,2017,2017-05-12,1502,2017-04-29,2038,1283,,6,5,6,1502,0,0,0,,0,VALLEY,"LOTUS LN","E PLANZ RD",122.00,N,N,A,-,N,,,,,,,,,,Y,4,0,2,2,A,-,01,23152,A,N,A,C,A,A,H,-,C,D,0,,,,,Y,Y,A,01,0,0,2,0,0,0,0,0,0,"- ","- ",35.3247,-118.98997,KERN,BAKERSFIELD,-118.98983074,35.325264750000002
8352567,2017,2017-05-12,1502,2017-04-15,1944,1210,,6,5,6,1502,0,0,0,,0,VALLEY,"HUGHES LN","HOLDEN WY",126.00,S,N,A,-,N,,,,,,,,,,Y,4,0,1,3,A,-,01,23152,A,N,C,C,A,A,H,-,C,D,0,,,,,Y,Y,A,01,0,0,1,0,0,0,0,0,0,"- ","- ",35.336269999999999,-119.03006000000001,KERN,BAKERSFIELD,-119.03006999999999,35.335834259999999
8352575,2017,2017-05-12,1502,2017-04-20,1007,993,,4,5,6,1502,0,0,0,,0,METRO,"BAKER ST","MONTEREY ST",0.00,,Y,A,-,N,,,,,,,,,,N,4,0,1,2,A,-,12,21453,A,N,D,C,A,A,H,-,A,A,0,,,,,Y,,A,07,0,0,1,0,0,0,0,0,0,"- ","- ",35.381309999999999,-118.99147000000001,KERN,BAKERSFIELD,-118.99141007999999,35.380970060000003
8352579,2017,2017-05-12,1502,2017-04-21,0039,1221,,5,5,6,1502,0,0,0,,0,HILL,"PANORAMA DR","LOMA LINDA DR",215.00,W,N,A,-,N,,,,,,,,,,N,3,0,1,2,A,-,01,23152,A,N,C,E,A,A,H,-,C,D,0,,,,,Y,Y,A,01,0,1,0,0,0,0,0,0,0,"- ","- ",35.404940000000003,-118.99836000000001,KERN,BAKERSFIELD,-118.99918916,35.404244919999996
8352583,2017,2017-05-12,1502,2017-04-26,1019,1048,,3,5,6,1502,0,0,0,,0,CENTRA,"GOSFORD RD","LAUREL GLEN BL S",0.00,,Y,A,-,N,,,,,,,,,,Y,3,0,1,2,A,-,12,21453,A,N,D,C,A,A,H,-,A,A,0,,,,,Y,,A,01,0,1,0,0,0,0,0,0,0,"- ","- ",35.325360000000003,-119.09207000000001,KERN,BAKERSFIELD,-119.09225006,35.325180029999999
8352587,2017,2017-05-12,1502,2017-04-26,1253,1213,,3,5,6,1502,0,0,0,,0,METRO,"UNION AV","HAYDEN CT",205.00,N,N,A,-,N,,,204,,,,,,,Y,3,0,6,3,A,-,08,22107,,N,B,C,A,A,H,-,A,D,0,,,,,Y,,A,01,0,1,5,0,0,0,0,0,0,"- ","- ",35.369970000000002,-119.0025,KERN,BAKERSFIELD,-119.00294110999999,35.369971970000002
8352591,2017,2017-05-12,1502,2017-04-26,1718,976,,3,5,6,1502,0,0,0,,0,NORTH,"COFFEE RD","MEANY AV",518.00,S,N,A,B,N,,,,,,,,,,Y,4,0,2,2,A,-,09,21804,A,N,D,C,A,A,H,-,A,D,0,,,,,Y,,D,22,0,0,2,0,0,0,0,0,0,"- ","- ",35.394069999999999,-119.09228,KERN,BAKERSFIELD,-119.09213195,35.392718590000001
8352595,2017,2017-05-12,1502,2017-04-26,1417,1195,,3,5,6,1502,0,0,0,,0,METRO,"TRUXTUN AV","D ST",130.00,E,N,A,-,N,,,,,,,,,,N,4,0,1,2,A,-,03,22350,,N,C,C,A,A,H,-,A,D,0,,,,,Y,,A,01,0,0,1,0,0,0,0,0,0,"- ","- ",35.373399999999997,-119.02538,KERN,BAKERSFIELD,-119.02541447999999,35.373420000000003
8352599,2017,2018-04-23,1502,2017-04-08,1404,1153,,6,5,6,1502,0,0,0,,0,SOUTH,"PANAMA LN","RT 99",0.00,,Y,A,-,Y,KER,6,99,-,-,19.368,R,4,N,N,4,0,1,2,A,-,12,21453,A,N,D,C,A,A,H,-,A,A,0,,,,,Y,,A,01,0,0,1,0,0,0,0,0,0,"- ","- ",35.295929999999998,-119.02773999999999,KERN,BAKERSFIELD,-119.02974922,35.29342956
8352603,2017,2017-05-12,1502,2017-04-13,1836,1210,,4,5,6,1502,0,0,0,,0,CNTRAL,"NEW STINE RD","MING AV",118.00,N,N,A,-,N,,,,,,,,,,Y,4,0,1,4,A,-,01,23152,A,N,C,C,A,A,H,-,A,A,0,,,,,Y,Y,A,01,0,0,1,0,0,0,0,0,0,"- ","- ",35.338070000000002,-119.06059,KERN,BAKERSFIELD,-119.0610677,35.338545719999999
8352614,2017,2017-05-12,1502,2017-04-30,1548,5555P45,,7,5,6,1502,0,0,0,,0,METRO,"BRUNDAGE LN","OAK ST",349.00,E,N,A,-,N,,,,,,,,,,N,4,0,1,2,A,-,09,21801,A,N,D,C,A,A,H,-,A,D,0,,,,,Y,,A,07,0,0,1,0,0,0,0,0,0,"- ","- ",35.354280000000003,-119.03865999999999,KERN,BAKERSFIELD,-119.03812795,35.353468730000003
8352618,2017,2017-05-12,1502,2017-04-27,0639,1177,,4,5,6,1502,0,0,0,,0,METRO,"MONTEREY ST","MILLER ST",0.00,,Y,B,-,N,,,,,,,,,,Y,4,0,3,2,A,-,09,21802,A,N,D,C,A,A,H,-,A,A,0,,,,,Y,,A,07,0,0,3,0,0,0,0,0,0,"- ","- ",35.379010000000001,-118.98222,KERN,BAKERSFIELD,-118.98214,35.37875004
8352622,2017,2017-05-12,1502,2017-04-27,1654,1213,,4,5,6,1502,0,0,0,,0,METRO,"BRUNDAGE LN","P ST",24.00,W,N,A,-,N,,,,,,,,,,Y,4,0,1,2,A,-,03,22350,,N,C,C,A,A,H,-,A,D,0,,,,,Y,,A,07,0,0,1,0,0,0,0,0,0,"- ","- ",35.353810000000003,-119.01167,KERN,BAKERSFIELD,-119.01197037999999,35.353880349999997
8352626,2017,2017-05-13,1502,2017-04-27,1857,P18,,4,5,6,1502,0,0,0,,0,CENTRA,"WHITE LN","CERNAN WY",80.00,W,N,A,-,N,,,,,,,,,,Y,4,0,1,4,A,-,03,22350,,N,C,C,A,A,H,-,A,A,0,,,,,Y,,A,01,0,0,1,0,0,0,0,0,0,"- ","- ",35.318379999999998,-119.08949,KERN,BAKERSFIELD,-119.08974781000001,35.318323499999998
8352634,2017,2017-05-12,1502,2017-04-24,1331,1218,,1,5,6,1502,0,0,0,,0,VALLEY,"H ST","TERRACE WY",50.00,N,N,A,-,N,,,,,,,,,,N,4,0,2,2,A,-,08,22107,,N,B,C,A,A,H,-,A,D,0,,,,,Y,,A,01,0,0,2,0,0,0,0,0,0,"- ","- ",35.35033,-119.02101,KERN,BAKERSFIELD,-119.02132843,35.350466359999999
8352638,2017,2017-05-12,1502,2017-04-25,0800,1048,,2,5,6,1502,0,0,0,,0,,"BRIMHALL RD","MONDAVI WY",0.00,,Y,A,-,N,,,,,,,,,,Y,3,0,2,2,A,-,09,21802,A,N,D,C,A,A,H,-,A,A,0,,,,,Y,,A,01,0,2,0,0,0,0,0,0,0,"- ","- ",35.3688,-119.10428,KERN,BAKERSFIELD,-119.10385004,35.368810029999999
8353225,2017,2017-04-26,1503,2017-04-11,1644,10159,1503,2,5,4,1503,0,0,0,,0,ALL,"CECIL AV","PRINCETON ST",63.00,W,N,A,-,N,,,,,,,,,,N,4,0,1,2,A,-,03,22350,,N,C,C,A,A,H,-,A,A,0,,,,,Y,,A,07,0,0,1,0,0,0,0,0,0,"- ","- ",,,KERN,DELANO,-119.23674215,35.775910000000003
8353237,2017,2017-05-04,1503,2017-04-13,2014,10153,1503,4,5,4,1503,0,0,0,,0,ALL,"LEXINGTON ST","14TH AV",35.00,N,N,A,-,N,,,,,,,,,,Y,4,0,1,2,A,-,12,22450,A,N,D,C,A,A,H,-,C,D,0,,,,,Y,,A,08,0,0,1,0,0,0,0,0,0,"- ","- ",,,KERN,DELANO,-119.24289118999999,35.774944480000002
8353872,2017,2017-05-01,1506,2017-03-29,1420,5977,25,3,5,4,1506,0,0,0,,0,,"WEST RIDGECREST BL","MAHAN ST",0.00,,Y,A,-,N,,,,,,,,,,Y,3,0,1,2,A,-,09,21802,A,N,H,C,A,A,H,-,A,A,0,,,,,Y,,A,07,0,1,0,0,0,0,0,0,0,"- ","- ",,,KERN,RIDGECREST,-117.69672002999999,35.622510069999997
8353995,2017,2017-05-04,1500,2017-03-08,1206,201083,WA-02,3,5,3,1510,0,0,0,,0,4401,"F ST","9TH ST",0.00,,Y,A,-,N,,,,,,,,,,Y,4,0,1,2,A,-,"- ",,,N,D,C,A,A,H,-,A,D,0,,,,,Y,,A,01,0,0,1,0,0,0,0,0,0,"- ","- ",,,KERN,WASCO,-119.33375986,35.591560059999999
8354248,2017,2017-05-04,1500,2017-03-19,0830,201034,WA-02,7,5,3,1510,0,0,0,,0,4401,"POSO DR","GRIFFITH AV",0.00,,Y,A,-,N,,,,,,,,,,Y,4,0,2,3,A,-,12,22450,,F,D,C,A,A,H,-,A,A,0,,,,,Y,,-,,0,0,2,0,0,0,0,0,0,"- ","- ",,,KERN,WASCO,-119.34046992,35.58701001
8354252,2017,2017-05-12,1500,2017-03-22,0750,200939,,3,5,3,1510,0,0,0,,0,4401,"9TH PL","ROSEWOOD AV",0.00,,Y,A,-,N,,,,,,,,,,Y,4,0,1,2,A,-,09,21800,A,N,D,C,A,A,H,-,A,D,0,,,,,Y,,-,,0,0,1,0,0,0,0,0,0,"- ","- ",,,KERN,WASCO,-119.34596989000001,35.590630099999998
8356807,2017,2017-05-03,1502,2017-04-19,1718,1028,,3,5,6,1502,0,0,0,,0,HILL,"24TH ST","MYRTLE ST",10.00,W,N,A,-,N,,,,,,,,,,N,4,0,1,3,A,-,03,22350,,N,C,C,A,A,H,-,A,D,0,,,,,Y,,A,01,0,0,1,0,0,0,0,0,0,"- ","- ",35.381160000000001,-119.0333,KERN,BAKERSFIELD,-119.03398350000001,35.381059999999998
8356842,2017,2017-05-04,1502,2017-04-22,1051,P82,,6,5,6,1502,0,0,0,,0,SOUTH,"ASHE RD","MC KEE RD",0.00,,Y,A,-,N,,,,,,,,,,Y,3,0,2,2,A,-,09,21802,A,N,D,C,A,A,H,-,A,D,0,,,,,Y,,D,22,0,1,1,0,0,0,0,0,0,"- ","- ",35.274340000000002,-119.07498,KERN,BAKERSFIELD,-119.07451007,35.274250109999997
8356850,2017,2017-05-04,1502,2017-04-25,1834,P82,,2,5,6,1502,0,0,0,,0,,"4TH ST","CHESTER AV",0.00,,Y,A,-,N,,,,,,,,,,Y,3,0,1,2,A,-,12,21453,A,N,D,C,A,A,H,-,A,A,0,,,,,Y,,A,01,0,1,0,0,0,0,0,0,0,"- ","- ",35.360779999999998,-119.01857,KERN,BAKERSFIELD,-119.01891003,35.360800019999999
8356854,2017,2017-05-04,1502,2017-04-25,1724,1218,,2,5,6,1502,0,0,0,,0,METRO,"BRUNDAGE LN","HOLTBY RD",246.00,W,N,A,-,N,,,,,,,,,,Y,3,0,2,3,A,-,03,22350,,N,C,C,A,A,H,-,A,D,0,,,,,Y,,A,01,0,1,1,0,0,0,0,0,0,"- ","- ",35.354039999999998,-119.02688000000001,KERN,BAKERSFIELD,-119.02792393999999,35.35400001
8356858,2017,2017-05-04,1502,2017-04-23,0551,1177,,7,5,6,1502,0,0,0,,0,METRO,"CALIFORNIA AV","T ST",400.00,E,N,A,-,N,,,,,,,,,,N,3,0,1,2,A,-,11,21954,A,N,G,B,D,A,H,-,B,D,0,Y,,,,Y,,N,60,0,1,0,0,1,0,0,0,0,"- ","- ",35.36833,-119.00685,KERN,BAKERSFIELD,-119.00592005,35.36838857
8356862,2017,2017-05-04,1502,2017-04-19,2253,1221,,3,5,6,1502,0,0,0,,0,VALLEY,"MING AV","VALLEY PLAZA",0.00,,Y,A,-,N,,,,,,,,,,N,4,0,2,2,A,-,12,21453,A,N,D,C,A,A,H,-,C,A,0,,,,,Y,,D,22,0,0,2,0,0,0,0,0,0,"- ","- ",35.339599999999997,-119.03704999999999,KERN,BAKERSFIELD,-119.03714004,35.339370080000002
8356866,2017,2017-05-04,1502,2017-04-14,1124,993,,5,5,6,1502,0,0,0,,0,METRO,"PALM ST","MYRTLE ST",135.00,W,N,B,-,N,,,,,,,,,,N,4,0,2,2,A,-,09,21801,A,N,D,C,A,A,H,-,A,D,0,,,,,Y,,D,22,0,0,2,0,0,0,0,0,0,"- ","- ",35.36148,-119.03359,KERN,BAKERSFIELD,-119.03433218000001,35.361354069999997
8356870,2017,2017-05-04,1502,2017-04-12,1810,1195,,3,5,6,1502,0,0,0,,0,VALLEY,"MONITOR ST","EUBANKS AV",102.00,N,N,A,-,N,,,,,,,,,,Y,4,0,1,4,A,-,08,22107,,N,B,E,A,A,H,-,A,D,0,,,,,Y,,D,22,0,0,1,0,0,0,0,0,0,"- ","- ",35.296390000000002,-119.01239,KERN,BAKERSFIELD,-119.01188,35.296739879999997
8356920,2017,2017-05-02,1502,2017-04-18,1042,P73,,2,5,6,1502,0,0,0,,0,VALLEY,"MING AV","ALLENS DR",35.00,E,N,B,C,N,,,,,,,,,,Y,4,0,1,2,A,-,03,22350,,N,C,C,A,B,H,-,A,D,0,,,,,Y,,A,08,0,0,1,0,0,0,0,0,0,"- ","- ",35.33934,-119.0074,KERN,BAKERSFIELD,-119.00731279999999,35.339489999999998
8356922,2017,2017-05-02,1502,2017-03-08,1936,1181,,3,5,6,1502,0,0,0,,0,VALLEY,"MING AV","CASTRO LN",0.00,,Y,A,-,N,,,,,,,,,,Y,4,0,2,2,A,-,12,21453,A,N,D,C,A,A,H,-,C,A,0,,,,,Y,,A,01,0,0,2,0,0,0,0,0,0,"- ","- ",35.339570000000002,-119.03447,KERN,BAKERSFIELD,-119.03452002,35.339530099999998
8356924,2017,2017-05-02,1502,2017-04-19,1252,1210,,3,5,6,1502,0,0,0,,0,METRO,"CALIFORNIA AV","A ST",23.00,W,N,A,-,N,,,,,,,,,,N,4,0,1,2,A,-,03,22350,,M,C,C,A,A,H,-,A,A,0,,,,,Y,,A,01,0,0,1,0,0,0,0,0,0,"- ","- ",35.368639999999999,-119.02894999999999,KERN,BAKERSFIELD,-119.02943704,35.368501100000003
8356928,2017,2018-03-22,1502,2017-04-20,0751,1177,,4,5,6,1502,0,0,0,,0,HILL,"MOUNT VERNON AV","RT 178",0.00,,Y,A,-,Y,KER,6,178,-,R,4.754,R,4,W,Y,3,0,2,2,A,-,12,21453,A,N,D,C,A,A,H,-,A,A,0,,,,,Y,,A,07,0,2,0,0,0,0,0,0,0,"- ",WF,35.395200000000003,-118.96737,KERN,BAKERSFIELD,-118.96536811999999,35.395301920000001
8356932,2017,2017-05-02,1502,2017-04-20,2114,1059,,4,5,6,1502,0,0,0,,0,CENTRA,"WILSON RD","SOUTH REAL RD",0.00,,Y,A,-,N,,,,,,,,,,Y,3,0,4,2,A,-,09,21801,A,N,A,C,A,A,H,-,C,A,0,,,,,Y,,A,01,0,1,3,0,0,0,0,0,0,"- ","- ",35.332259999999998,-119.04336000000001,KERN,BAKERSFIELD,-119.04338009,35.332240079999998
8356936,2017,2017-05-02,1502,2017-04-20,2153,1275,,4,5,6,1502,0,0,0,,0,VALLEY,"PACHECO RD","PAMELA ST",240.00,W,N,A,-,N,,,,,,,,,,Y,4,0,1,2,A,-,05,21650,,N,B,E,A,A,H,-,C,D,0,,,,,Y,,A,01,0,0,1,0,0,0,0,0,0,"- ","- ",35.310279999999999,-119.00514,KERN,BAKERSFIELD,-119.00561338,35.310386010000002
8356940,2017,2017-05-02,1502,2017-04-21,0303,1221,,5,5,6,1502,0,0,0,,0,CENTRA,"MING AV","MCDONALD WY",80.00,E,N,A,-,N,,,,,,,,,,N,4,0,1,2,A,-,08,22107,,M,G,G,A,A,H,-,C,D,0,,Y,,,Y,,-,99,0,0,1,0,0,0,1,0,0,"- ","- ",35.339860000000002,-119.05292,KERN,BAKERSFIELD,-119.05268217,35.339664640000002
8356944,2017,2017-05-02,1502,2017-04-23,0210,1275,,7,5,6,1502,0,0,0,,0,VALLEY,"PANAMA LN","COLONY ST",182.00,E,N,A,-,N,,,,,,,,,,Y,4,0,1,2,A,-,07,21658,A,M,B,C,A,A,H,-,C,D,0,,,,,Y,,A,07,0,0,1,0,0,0,0,0,0,"- ","- ",35.295929999999998,-119.02773999999999,KERN,BAKERSFIELD,-119.02660086,35.295960000000001
8356948,2017,2017-05-02,1502,2017-04-23,1023,P82,,7,5,6,1502,0,0,0,,0,,"Q ST","GOLDEN STATE AV",171.00,N,N,A,-,N,,,204,,,,,,,N,3,0,1,1,A,-,08,22107,,N,E,I,A,A,H,-,A,D,0,,Y,,,Y,,L,04,0,1,0,0,0,0,1,0,0,"- ","- ",35.382840000000002,-119.01061,KERN,BAKERSFIELD,-119.01078866,35.382440330000001
8356952,2017,2017-05-02,1502,2017-04-24,0755,1048,,1,5,6,1502,0,0,0,,0,,"HARRIS RD","MOUNTAIN VISTA DR",98.00,E,N,A,-,N,,,,,,,,,,Y,4,0,1,2,A,-,03,22350,,N,C,C,A,A,H,-,A,A,0,,,,,Y,,A,01,0,0,1,0,0,0,0,0,0,"- ","- ",35.303870000000003,-119.11892,KERN,BAKERSFIELD,-119.11839195,35.303448279999998
8356956,2017,2017-05-02,1502,2017-04-24,1653,1033,,1,5,6,1502,0,0,0,,0,,"NEW STINE RD","MING AV",0.00,,Y,A,-,N,,,,,,,,,,N,3,0,1,2,A,-,03,22350,,N,C,C,A,A,H,-,A,A,0,,,,,Y,,A,01,0,1,0,0,0,0,0,0,0,"- ","- ",35.338070000000002,-119.06059,KERN,BAKERSFIELD,-119.06098002,35.338230039999999
8356960,2017,2017-05-02,1502,2017-04-24,1955,1181,,1,5,6,1502,0,0,0,,0,CENTRA,"MING AV","CALLE SALIDA",13.00,W,N,A,-,N,,,,,,,,,,Y,3,0,2,2,A,-,09,21802,A,N,C,C,A,A,H,-,C,A,0,,,,,Y,,A,01,0,1,1,0,0,0,0,0,0,"- ","- ",35.339820000000003,-119.08958,KERN,BAKERSFIELD,-119.08985332,35.339753559999998