CASE_ID,ACCIDENT_YEAR,PROC_DATE,JURIS,COLLISION_DATE,COLLISION_TIME,OFFICER_ID,REPORTING_DISTRICT,DAY_OF_WEEK,CHP_SHIFT,POPULATION,CNTY_CITY_LOC,SPECIAL_COND,BEAT_TYPE,CHP_BEAT_TYPE,CITY_DIVISION_LAPD,CHP_BEAT_CLASS,BEAT_NUMBER,PRIMARY_RD,SECONDARY_RD,DISTANCE,DIRECTION,INTERSECTION,WEATHER_1,WEATHER_2,STATE_HWY_IND,CALTRANS_COUNTY,CALTRANS_DISTRICT,STATE_ROUTE,ROUTE_SUFFIX,POSTMILE_PREFIX,POSTMILE,LOCATION_TYPE,RAMP_INTERSECTION,SIDE_OF_HWY,TOW_AWAY,COLLISION_SEVERITY,NUMBER_KILLED,NUMBER_INJURED,PARTY_COUNT,PRIMARY_COLL_FACTOR,PCF_CODE_OF_VIOL,PCF_VIOL_CATEGORY,PCF_VIOLATION,PCF_VIOL_SUBSECTION,HIT_AND_RUN,TYPE_OF_COLLISION,MVIW,PED_ACTION,ROAD_SURFACE,ROAD_COND_1,ROAD_COND_2,LIGHTING,CONTROL_DEVICE,CHP_ROAD_TYPE,PEDESTRIAN_ACCIDENT,BICYCLE_ACCIDENT,MOTORCYCLE_ACCIDENT,TRUCK_ACCIDENT,NOT_PRIVATE_PROPERTY,ALCOHOL_INVOLVED,STWD_VEHTYPE_AT_FAULT,CHP_VEHTYPE_AT_FAULT,COUNT_SEVERE_INJ,COUNT_VISIBLE_INJ,COUNT_COMPLAINT_PAIN,COUNT_PED_KILLED,COUNT_PED_INJURED,COUNT_BICYCLIST_KILLED,COUNT_BICYCLIST_INJURED,COUNT_MC_KILLED,COUNT_MC_INJURED,PRIMARY_RAMP,SECONDARY_RAMP,LATITUDE,LONGITUDE,COUNTY,CITY,POINT_X,POINT_Y
84413978,2024,2024-10-01,1502,2024-09-29,1827,P63,,7,5,6,1502,0,0,0,,0,HILL,"GOLDEN STATE FRONTAGE AV","F ST (S)",825.00,W,N,A,-,N,,,,,,,,,,N,3,0,1,2,A,-,09,21804,A,N,H,G,A,A,H,-,B,D,0,,Y,,,Y,,L,04,0,1,0,0,0,0,1,0,0,"- ","- ",35.389358520507812,-119.02262115478516,KERN,BAKERSFIELD,-119.02501678466797,35.391193389892578
84415744,2024,2024-10-02,1502,2024-08-25,1636,1396,,7,5,6,1502,0,0,0,,0,HILL,"UNIVERSITY AV","DANA ST",0.00,,Y,A,-,N,,,,,,,,,,N,2,0,1,2,A,-,03,22350,,N,D,C,A,A,H,-,A,A,0,,,Y,,Y,,C,02,1,0,0,0,0,0,0,0,1,"- ","- ",35.405101776123047,-118.96427154541016,KERN,BAKERSFIELD,-118.96450042724609,35.404975891113281
84415751,2024,2024-10-02,1502,2024-09-10,1418,1400,,2,5,6,1502,0,0,0,,0,NORTH,"COFFEE RD","DOWNING AV",20.00,S,N,A,-,N,,,,,,,,,,N,4,0,1,2,A,-,17,23114,A,M,H,C,A,A,H,-,A,A,0,,,,,Y,,-,99,0,0,1,0,0,0,0,0,0,"- ","- ",35.39044189453125,-119.09230804443359,KERN,BAKERSFIELD,-119.09229278564453,35.390556335449219
84415754,2024,2024-10-02,1502,2024-09-18,1019,1430,,3,5,6,1502,0,0,0,,0,,"VIRGINIA AV","CLYDE ST",40.00,E,N,A,-,N,,,,,,,,,,N,4,0,2,2,A,-,08,22107,,N,A,C,A,A,H,-,A,A,0,,,,,Y,,A,01,0,0,2,0,0,0,0,0,0,"- ","- ",35.361518859863281,-118.98773956298828,KERN,BAKERSFIELD,-118.98729705810547,35.361190795898438
84415758,2024,2024-10-02,1502,2024-09-27,1957,1598,,5,5,6,1502,0,0,0,,0,CENTRA,"STOCKDALE HWY","RIO BRAVO DR",0.00,,Y,A,-,N,,,,,,,,,,Y,4,0,1,2,A,-,12,21453,A,M,D,C,A,A,H,-,C,A,0,,,,,Y,,A,01,0,0,1,0,0,0,0,0,0,"- ","- ",35.353919982910156,-119.06986999511719,KERN,BAKERSFIELD,-119.06925964355469,35.354232788085938
84415762,2024,2024-10-02,1502,2024-09-29,"815 ",1336,,7,5,6,1502,0,0,0,,0,METRO,"BAKER ST","CALIFORNIA AV",0.00,,Y,A,-,N,,,,,,,,,,Y,3,0,1,2,A,-,12,21453,A,N,D,C,A,A,H,-,A,A,0,,,,,Y,,A,01,0,1,0,0,0,0,0,0,0,"- ","- ",35.367481231689453,-118.99632263183594,KERN,BAKERSFIELD,-118.99587249755859,35.368415832519531
84415764,2024,2024-10-02,1502,2024-09-30,"820 ",1362,,1,5,6,1502,0,0,0,,0,,"UNION AV","4TH ST",0.00,,Y,A,-,N,,,,,,,,,,N,3,0,1,2,A,-,17,21451,A,N,D,D,A,A,H,-,A,A,0,,,,,Y,,A,01,0,1,0,0,0,0,0,0,0,"- ","- ",35.360618591308594,-119.00264739990234,KERN,BAKERSFIELD,-119.00307464599609,35.360748291015625
84417325,2024,2024-10-03,1502,2024-08-10,"436 ",1528,,6,5,6,1502,0,0,0,,0,,"REAL RD","EISENHOWER AV",0.00,,Y,A,-,N,,,,,,,,,,N,4,0,1,2,A,-,08,22107,,N,C,E,A,A,H,-,C,D,0,,,,,Y,,A,01,0,0,1,0,0,0,0,0,0,"- ","- ",35.326839447021484,-119.04348754882812,KERN,BAKERSFIELD,-119.04338836669922,35.326648712158203
84417329,2024,2024-10-03,1502,2024-09-24,1140,P17,,2,5,6,1502,0,0,0,,0,VALLEY,"COTTONWOOD RD","WATTS DR",0.00,,Y,A,-,N,,,,,,,,,,Y,3,0,3,2,A,-,09,21802,A,N,D,C,A,A,H,-,A,A,0,,,,,Y,,D,22,0,3,0,0,0,0,0,0,0,"- ","- ",35.331161499023438,-118.98638153076172,KERN,BAKERSFIELD,-118.98545837402344,35.332191467285156
84417330,2024,2024-10-03,1502,2024-09-26,1331,P45,,4,5,6,1502,0,0,0,,0,METRO,"BRUNDAGE LN","DR MARTIN LUTHER KING JR BL",0.00,,Y,A,-,N,,,,,,,,,,N,2,0,1,2,A,-,12,21453,A,N,D,C,A,A,H,-,A,A,0,,,Y,,Y,,C,02,1,0,0,0,0,0,0,0,1,"- ","- ",35.353668212890625,-118.98503875732422,KERN,BAKERSFIELD,-118.98527526855469,35.353961944580078
84417619,2024,2024-10-03,1503,2024-09-26,1733,10209,,4,5,4,1503,0,0,0,,0,,"11TH AV","EAST PROLONGATION OF ELLINGTON ST.",76.00,E,-,A,-,N,,,,,,,,,,N,4,0,1,2,A,-,10,21950,A,M,G,B,B,A,H,-,A,A,0,Y,,,Y,Y,Y,F,26,0,0,1,0,1,0,0,0,0,"- ","- ",35.769508361816406,-119.25161743164062,KERN,DELANO,-121.41053009033203,39.108123779296875
8441922,2017,2017-09-01,1503,2017-08-03,1740,10159,1503,4,5,4,1503,0,0,0,,0,ALL,"WEST CECIL AV","BOREL ST",5.00,W,N,A,B,N,,,,,,,,,,Y,4,0,1,2,A,-,09,21802,A,F,D,C,A,A,H,-,A,A,0,,,,Y,Y,,F,26,0,0,1,0,0,0,0,0,0,"- ","- ",,,KERN,DELANO,-119.26073684000001,35.775879930000002
8441926,2017,2017-09-01,1503,2017-08-04,2054,10116,1503,5,5,4,1503,0,0,0,,0,ALL,"FREMONT ST","GARCES HWY",23.00,N,N,A,-,N,,,,,,,,,,Y,4,0,2,2,A,-,05,21752,,F,A,C,A,A,H,-,C,D,0,,,,,Y,,D,22,0,0,2,0,0,0,0,0,0,"- ","- ",,,KERN,DELANO,-119.24839471999999,35.761461969999999
8441931,2017,2017-09-19,1502,2017-08-05,1049,1211,,6,5,6,1502,0,0,0,,0,SOUTH,"ASHE RD","MC KEE RD",0.00,,Y,A,-,N,,,,,,,,,,Y,4,0,2,2,A,-,09,21802,A,N,D,C,A,A,H,-,A,A,0,,,,,Y,,A,07,0,0,2,0,0,0,0,0,0,"- ","- ",35.274340000000002,-119.07498,KERN,BAKERSFIELD,-119.07451007,35.274250109999997
8441935,2017,2017-09-01,1502,2017-08-07,1716,P52,,1,5,6,1502,0,0,0,,0,HILL,"24TH ST FRONTAGE RD","H ST",117.00,W,N,A,-,N,,,,,,,,,,N,4,0,1,3,A,-,03,22350,,M,C,C,A,A,H,-,A,A,0,,,,,Y,,I,11,0,0,1,0,0,0,0,0,0,"- ","- ",35.381010000000003,-119.0206,KERN,BAKERSFIELD,-119.021542,35.381019999999999
8441970,2017,2017-09-01,1502,2017-08-10,0311,1293,,4,5,6,1502,0,0,0,,0,METRO,"1ST ST","DONNA AV",93.00,E,N,A,-,N,,,,,,,,,,Y,3,0,2,3,A,-,08,22107,,N,A,E,A,A,H,-,C,D,0,,,,,Y,,A,01,0,1,1,0,0,0,0,0,0,"- ","- ",35.354970000000002,-119.00725,KERN,BAKERSFIELD,-119.00715851,35.355069999999998
8441974,2017,2017-09-01,1502,2017-08-10,1154,1210,,4,5,6,1502,0,0,0,,0,CENTRA,"CALIFORNIA AV","EASTON DR",89.00,E,N,A,-,N,,,,,,,,,,N,3,0,1,5,A,-,08,22107,,N,A,C,A,A,D,-,A,A,0,,,,,Y,,A,01,0,1,0,0,0,0,0,0,0,"- ","- ",35.365949999999998,-119.05329999999999,KERN,BAKERSFIELD,-119.05345,35.365873059999998
8441982,2017,2017-09-01,1502,2017-08-10,1403,1186,,4,5,6,1502,0,0,0,,0,NORTH,"RIBSTON AV","SUNCRISP LN",772.00,E,N,A,-,N,,,,,,,,,,Y,4,0,1,3,A,-,03,22350,,N,B,E,A,A,H,-,A,D,0,,,,,Y,,A,01,0,0,1,0,0,0,0,0,0,"- ","- ",35.379260000000002,-119.10661,KERN,BAKERSFIELD,-119.10376334,35.379280000000001
8441985,2017,2017-09-19,1503,2017-07-21,1145,10100,1503,5,5,4,1503,0,0,0,,0,ALL,"CECIL AV","CECIL AV 800 BLOCK",0.00,,Y,A,-,N,,,,,,,,,,Y,4,0,1,2,A,-,09,21803,A,N,D,C,A,A,H,-,A,D,0,,,,,Y,,A,01,0,0,1,0,0,0,0,0,0,"- ","- ",,,KERN,DELANO,,
8441994,2017,2018-06-15,1502,2017-08-09,1729,1059,,3,5,6,1502,0,0,0,,0,HILL,"OSWELL ST","RT 178",0.00,,Y,A,-,Y,KER,6,178,-,R,5.479,R,4,W,Y,4,0,2,2,A,-,12,21453,A,N,D,C,A,A,H,-,A,A,0,,,,,Y,,D,22,0,0,2,0,0,0,0,0,0,"- ",WF,35.396859999999997,-118.94992999999999,KERN,BAKERSFIELD,-118.95267443,35.396499290000001
84420358,2024,2024-10-07,1502,2024-09-04,1928,1409,,3,5,6,1502,0,0,0,,0,VALLEY,"KIRKWOOD AV","TREE LINE AV",54.00,E,N,A,-,N,,,,,,,,,,N,4,0,1,1,A,-,08,22107,,N,E,I,A,A,H,-,B,D,0,,,Y,,Y,,C,02,0,0,1,0,0,0,0,0,1,"- ","- ",35.281970977783203,-119.01978302001953,KERN,BAKERSFIELD,-119.0189208984375,35.281970977783203
84420591,2024,2024-10-07,1502,2024-09-13,1547,1409,,5,5,6,1502,0,0,0,,0,METRO,"TRUXTUN AV","F ST",0.00,,Y,A,-,N,,,,,,,,,,N,4,0,1,2,A,-,05,21650,1,N,D,G,A,A,H,-,A,A,0,,Y,,,Y,,L,04,0,0,1,0,0,0,1,0,0,"- ","- ",35.373371124267578,-119.02306365966797,KERN,BAKERSFIELD,-119.02347564697266,35.373302459716797
84420595,2024,2024-10-07,1502,2024-09-20,1809,P82,,5,5,6,1502,0,0,0,,0,VALLEY,"MONITOR ST","EUBANKS AV",0.00,,Y,A,-,N,,,,,,,,,,Y,3,0,3,2,A,-,03,22350,,N,C,C,A,A,H,-,A,D,0,,,,,Y,,D,22,0,1,2,0,0,0,0,0,0,"- ","- ",35.296390533447266,-119.01239013671875,KERN,BAKERSFIELD,-119.01187896728516,35.296459197998047
84420596,2024,2024-10-07,1502,2024-09-20,2245,P82,,5,5,6,1502,0,0,0,,0,VALLEY,"P ST","BELLE TERRACE",124.00,N,N,A,-,N,,,,,,,,,,Y,4,0,1,2,A,-,07,21658,A,N,B,C,A,A,H,-,C,A,0,,,,,Y,,A,01,0,0,1,0,0,0,0,0,0,"- ","- ",35.346630096435547,-119.01171875,KERN,BAKERSFIELD,-119.01184844970703,35.347030639648438
84420597,2024,2024-10-07,1502,2024-09-21,1815,P82,,6,5,6,1502,0,0,0,,0,VALLEY,"MADISON ST","CROSS ST",0.00,,Y,A,-,N,,,,,,,,,,Y,4,0,2,2,A,-,01,23152,A,N,D,C,A,A,H,-,B,A,0,,,,,Y,Y,A,01,0,0,2,0,0,0,0,0,0,"- ","- ",35.350269317626953,-118.99398040771484,KERN,BAKERSFIELD,-118.99421691894531,35.350498199462891
84420600,2024,2024-10-07,1502,2024-09-24,"908 ",P17,,2,5,6,1502,0,0,0,,0,METRO,"TRUXTUN AV","MILLER ST",0.00,,Y,A,-,N,,,,,,,,,,Y,3,0,3,2,A,-,09,21801,A,N,D,C,A,A,H,-,A,A,0,,,,,Y,,A,01,0,1,2,0,0,0,0,0,0,"- ","- ",35.373508453369141,-118.98426055908203,KERN,BAKERSFIELD,-118.98410034179688,35.373241424560547
84420605,2024,2024-10-07,1502,2024-09-30,1201,P88,,1,5,6,1502,0,0,0,,0,METRO,"23RD ST","M ST",10.00,E,N,A,-,N,,,,,,,,,,N,3,0,1,2,A,-,10,21950,A,N,G,B,B,A,H,-,A,A,0,Y,,,,Y,,A,07,0,1,0,0,1,0,0,0,0,"- ","- ",35.379970550537109,-119.01468658447266,KERN,BAKERSFIELD,-119.01520538330078,35.380039215087891
84420748,2024,2024-10-07,1502,2024-09-25,1715,1591,,3,5,6,1502,0,0,0,,0,HILL,"CHASE AV","DAYTONA DR",0.00,,Y,A,-,N,,,,,,,,,,Y,4,0,1,2,A,-,06,21755,,N,B,C,A,A,H,-,A,D,0,,,,,Y,,D,22,0,0,1,0,0,0,0,0,0,"- ","- ",35.389728546142578,-118.88465118408203,KERN,BAKERSFIELD,-118.88471984863281,35.39019775390625
84420750,2024,2024-10-07,1502,2024-09-28,2329,1347,,6,5,6,1502,0,0,0,,0,CENTRA,"WHITE LN","WIBLE RD",69.00,W,N,A,-,N,,,,,,,,,,Y,3,0,3,2,A,-,03,22350,,F,C,C,A,A,H,-,C,A,0,,,,,Y,,-,99,0,1,2,0,0,0,0,0,0,"- ","- ",35.317081451416016,-119.04006195068359,KERN,BAKERSFIELD,-119.03932189941406,35.317790985107422
84420755,2024,2024-10-07,1502,2024-09-30,1015,1249,,1,5,6,1502,0,0,0,,0,NORTH,"SEVENTH STANDARD RD","CALLOWAY DR",0.00,,Y,A,-,N,,,,,,,,,,N,4,0,1,2,A,-,12,21453,A,N,D,C,A,A,H,-,A,A,0,,,,,Y,,D,22,0,0,1,0,0,0,0,0,0,"- ","- ",35.441379547119141,-119.10933685302734,KERN,BAKERSFIELD,-119.10993194580078,35.441299438476562
84420757,2024,2024-10-07,1502,2024-09-30,1700,1528,,1,5,6,1502,0,0,0,,0,,"STINE RD","MING AV",0.00,,Y,A,-,N,,,,,,,,,,N,4,0,1,2,A,-,03,22350,,M,C,C,A,A,H,-,A,A,0,,,,,Y,,-,99,0,0,1,0,0,0,0,0,0,"- ","- ",35.339820861816406,-119.05039978027344,KERN,BAKERSFIELD,-119.05047607421875,35.339481353759766
84420758,2024,2024-10-07,1502,2024-09-30,1738,1408,,1,5,6,1502,0,0,0,,0,,"MING AV","PINON SPRINGS CIR W",250.00,E,N,A,-,N,,,,,,,,,,Y,4,0,1,2,A,-,01,23152,A,N,B,C,A,A,H,-,A,D,0,,,,Y,Y,Y,F,26,0,0,1,0,0,0,0,0,0,"- ","- ",35.335128784179688,-119.0694580078125,KERN,BAKERSFIELD,-119.06889343261719,35.335430145263672
84420760,2024,2024-10-07,1502,2024-09-30,2108,P63,,1,5,6,1502,0,0,0,,0,VALLEY,"MING AV","CHESTER AV",0.00,,Y,A,-,N,,,,,,,,,,Y,3,0,2,2,A,-,09,21453,C,N,D,C,A,A,H,-,C,A,0,,,,,Y,,A,01,0,1,1,0,0,0,0,0,0,"- ","- ",35.339431762695312,-119.01862335205078,KERN,BAKERSFIELD,-119.01873016357422,35.339454650878906
84420761,2024,2024-10-07,1502,2024-10-01,"723 ",1362,,2,5,6,1502,0,0,0,,0,,"TRUXTUN AV","QUAILRIDGE RD",1456.00,E,N,A,-,N,,,,,,,,,,N,4,0,1,2,A,-,08,22107,,N,B,C,A,A,H,-,A,D,0,,,,Y,Y,,A,01,0,0,1,0,0,0,0,0,0,"- ","- ",35.362201690673828,-119.08953094482422,KERN,BAKERSFIELD,-119.08424377441406,35.362239837646484
84420763,2024,2024-10-07,1502,2024-10-01,"949 ",1362,,2,5,6,1502,0,0,0,,0,,"23RD ST","L ST",0.00,,Y,A,-,N,,,,,,,,,,N,3,0,2,2,A,-,12,21453,A,N,D,D,A,A,H,-,A,A,0,,,,,Y,,A,01,0,2,0,0,0,0,0,0,0,"- ","- ",35.380001068115234,-119.01584625244141,KERN,BAKERSFIELD,-119.01640319824219,35.380043029785156
84420765,2024,2024-10-07,1502,2024-10-01,1352,1396,,2,5,6,1502,0,0,0,,0,,"A ST","BANK ST",0.00,,Y,A,-,N,,,,,,,,,,N,4,0,1,2,A,-,09,21800,C,N,B,C,A,A,H,-,A,A,0,,,,,Y,,A,01,0,0,1,0,0,0,0,0,0,"- ","- ",35.358051300048828,-119.02913665771484,KERN,BAKERSFIELD,-119.02941131591797,35.357959747314453
84420766,2024,2024-10-07,1502,2024-10-01,1712,1396,,2,5,6,1502,0,0,0,,0,SOUTH,"4821 PANAMA LANE","STINE ROAD",0.00,,Y,A,-,N,,,,,,,,,,N,3,0,1,2,A,-,08,22107,,N,G,B,C,A,H,-,A,A,0,Y,,,,Y,,A,01,0,1,0,0,1,0,0,0,0,"- ","- ",,,KERN,BAKERSFIELD,-119.05668640136719,35.295902252197266
84420768,2024,2024-10-07,1502,2024-10-01,2131,1442,,2,5,6,1502,0,0,0,,0,SOUTH,"WIBLE RD","PAYNE LN",258.00,N,N,A,-,N,,,,,,,,,,Y,4,0,1,2,A,-,09,21801,A,N,D,C,A,A,H,-,D,D,0,,,,Y,Y,,F,26,0,0,1,0,0,0,0,0,0,"- ","- ",35.297271728515625,-119.04032897949219,KERN,BAKERSFIELD,-119.03890228271484,35.298576354980469
84420769,2024,2024-10-07,1502,2024-10-02,"849 ",1336,,3,5,6,1502,0,0,0,,0,HILL,"COLUMBUS ST","HALEY ST",0.00,,Y,A,-,N,,,,,,,,,,Y,4,0,1,2,A,-,12,21453,A,N,D,C,A,A,H,-,A,A,0,,,,,Y,,D,22,0,0,1,0,0,0,0,0,0,"- ","- ",35.397739410400391,-118.97621154785156,KERN,BAKERSFIELD,-118.97634124755859,35.397468566894531
84420771,2024,2024-10-07,1502,2024-10-02,"913 ",1309,,3,5,6,1502,0,0,0,,0,VALLEY,"CARVER ST","HALE ST",0.00,,Y,A,-,N,,,,,,,,,,N,4,0,2,2,A,-,08,22107,,N,D,C,A,A,H,-,A,A,0,,,,,Y,,A,01,0,0,2,0,0,0,0,0,0,"- ","- ",35.322078704833984,-118.98258972167969,KERN,BAKERSFIELD,-118.98152923583984,35.323165893554688
84420773,2024,2024-10-07,1502,2024-10-02,1354,1314,,3,5,6,1502,0,0,0,,0,VALLEY,"PACHECO RD","HUGHES LN",0.00,,Y,A,-,N,,,,,,,,,,Y,4,0,2,2,A,-,09,21800,D,N,D,C,A,A,H,-,A,B,0,,,,,Y,,D,22,0,0,2,0,0,0,0,0,0,"- ","- ",35.310478210449219,-119.03040313720703,KERN,BAKERSFIELD,-119.03008270263672,35.310409545898438
84420778,2024,2024-10-07,1502,2024-10-02,2308,P63,,3,5,6,1502,0,0,0,,0,VALLEY,"WIBLE RD","BRUNDAGE LN",272.00,S,N,A,-,N,,,,,,,,,,Y,3,0,1,1,A,-,01,23152,A,N,E,I,A,A,H,-,C,D,0,,,,,Y,Y,A,07,0,1,0,0,0,0,0,0,0,"- ","- ",35.354278564453125,-119.03865814208984,KERN,BAKERSFIELD,-119.03899383544922,35.3533935546875
84420780,2024,2024-10-07,1502,2024-10-03,2109,1594,,4,5,6,1502,0,0,0,,0,METRO,"UNION AV","4TH ST",0.00,,Y,A,-,N,,,,,,,,,,N,3,0,1,2,A,-,12,21453,A,F,D,G,A,A,H,-,C,A,0,,Y,,,Y,,-,"- ",0,1,0,0,0,0,1,0,0,"- ","- ",35.360618591308594,-119.00264739990234,KERN,BAKERSFIELD,-119.00307464599609,35.360748291015625
84420781,2024,2024-10-07,1502,2024-10-03,1300,1451,,4,5,6,1502,0,0,0,,0,CENTRA,"FJORD DR","VALHALLA DR",204.00,W,N,A,-,N,,,,,,,,,,N,3,0,1,2,A,-,03,22350,,F,G,B,D,A,H,-,A,D,0,Y,,,,Y,,-,99,0,1,0,0,1,0,0,0,0,"- ","- ",35.342220306396484,-119.05500793457031,KERN,BAKERSFIELD,-119.05576324462891,35.341930389404297
84420782,2024,2024-10-07,1502,2024-10-04,1140,1476,,5,5,6,1502,0,0,0,,0,CENTRA,"WILSON RD","CHICORY DR",0.00,,Y,A,-,N,,,,,,,,,,N,4,0,1,2,A,-,12,22450,A,N,D,C,A,A,H,-,A,A,0,,,,,Y,,A,01,0,0,1,0,0,0,0,0,0,"- ","- ",35.319381713867188,-119.06889343261719,KERN,BAKERSFIELD,-119.06890869140625,35.319419860839844
8442081,2017,2017-08-30,1502,2017-08-13,0936,1283,,7,5,6,1502,0,0,0,,0,CENTRA,"REAL RD","PALM ST",0.00,,Y,A,-,N,,,,,,,,,,Y,3,0,1,2,A,-,12,22450,A,N,C,C,A,A,H,-,A,A,0,,,,,Y,,A,01,0,1,0,0,0,0,0,0,0,"- ","- ",35.361530000000002,-119.04312,KERN,BAKERSFIELD,-119.04343002,35.361320110000001
8442089,2017,2017-08-29,1502,2017-08-14,1544,1283,,1,5,6,1502,0,0,0,,0,METRO,"TRUXTUN AV","A ST",0.00,,Y,A,-,N,,,,,,,,,,Y,4,0,1,3,A,-,12,21453,A,N,D,C,A,A,H,-,A,A,0,,,,,Y,,A,01,0,0,1,0,0,0,0,0,0,"- ","- ",35.373440000000002,-119.02887,KERN,BAKERSFIELD,-119.02934006,35.373440090000003
8442093,2017,2017-08-30,1502,2017-08-09,0741,1210,,3,5,6,1502,0,0,0,,0,METRO,"CALIFORNIA AV","P ST",11.00,W,N,A,-,N,,,,,,,,,,N,4,0,1,2,A,-,12,21453,A,M,G,B,B,A,H,-,A,A,0,Y,,,,Y,,-,99,0,0,1,0,1,0,0,0,0,"- ","- ",35.368380000000002,-119.01141,KERN,BAKERSFIELD,-119.01185685,35.368549999999999
8442097,2017,2017-08-30,1502,2017-08-05,0121,1291,,6,5,6,1502,0,0,0,,0,CENTRA,"GUNNISON WY","HALF MOON DR",81.00,S,N,A,-,N,,,,,,,,,,Y,4,0,1,2,A,-,01,23152,A,N,B,E,A,A,H,-,C,D,0,,,,,Y,Y,A,07,0,0,1,0,0,0,0,0,0,"- ","- ",35.322180000000003,-119.07881999999999,KERN,BAKERSFIELD,-119.07896417000001,35.32191839
8442101,2017,2017-08-30,1502,2017-08-05,1827,1283,,6,5,6,1502,0,0,0,,0,NORTH,"NORIEGA RD","VERDUGO LN",0.00,,Y,A,-,N,,,,,,,,,,Y,3,0,1,2,A,-,12,21453,A,N,D,C,A,A,H,-,A,A,0,,,,,Y,,A,01,0,1,0,0,0,0,0,0,0,"- ","- ",35.405349999999999,-119.11881,KERN,BAKERSFIELD,-119.11889001,35.405250090000003
8442105,2017,2017-08-30,1502,2017-08-05,1932,P82,,6,5,6,1502,0,0,0,,0,METRO,"OAK ST","CALIFORNIA AV",28.00,S,N,A,-,N,,,,,,,,,,Y,4,0,1,2,A,-,03,22350,,M,C,C,A,A,H,-,B,A,0,,,,,Y,,A,01,0,0,1,0,0,0,0,0,0,"- ","- ",35.368760000000002,-119.03831,KERN,BAKERSFIELD,-119.03878,35.368633170000003
8442109,2017,2017-09-09,1502,2017-08-09,1817,1185,,3,5,6,1502,0,0,0,,0,METRO,"CHESTER AV","23RD ST",0.00,,Y,A,-,N,,,,,,,,,,Y,4,0,2,2,A,-,12,21453,A,N,D,C,A,A,H,-,A,A,0,,,,,Y,,-,"- ",0,0,2,0,0,0,0,0,0,"- ","- ",35.380029999999998,-119.01823,KERN,BAKERSFIELD,-119.01874423,35.38004634
8442113,2017,2018-05-08,1502,2017-08-10,0807,1195,,4,5,6,1502,0,0,0,,0,CENTRA,"CALIFORNIA AV","STOCKDALE HWY",25.00,E,N,A,-,N,,,,,,,,,,N,3,0,1,2,A,-,03,22350,,N,C,C,A,A,H,-,A,A,0,,,,,Y,,A,01,0,1,0,0,0,0,0,0,0,"- ","- ",35.354129999999998,-119.0607,KERN,BAKERSFIELD,-119.06125,35.354289999999999
8442117,2017,2017-08-30,1502,2017-08-12,1800,1265,,6,5,6,1502,0,0,0,,0,METRO,"TRUXTUN AV","WILLIAMS ST",0.00,,Y,A,-,N,,,,,,,,,,Y,4,0,1,2,A,-,09,21800,A,N,D,C,A,A,H,-,A,A,0,,,,,Y,,A,07,0,0,1,0,0,0,0,0,0,"- ","- ",35.373309999999996,-118.97888,KERN,BAKERSFIELD,-118.97869002,35.373070089999999
8442216,2017,2017-08-29,1503,2017-07-20,1931,10139,1503,4,5,4,1503,0,0,0,,0,ALL,"CECIL AV","LEXINGTON ST",10.00,W,N,A,-,N,,,,,,,,,,N,4,0,1,2,A,-,21,22106,,N,C,E,A,A,H,-,A,A,0,,,,,Y,,A,01,0,0,1,0,0,0,0,0,0,"- ","- ",,,KERN,DELANO,-119.24327368,35.775919999999999
8442296,2017,2018-06-01,1502,2017-08-10,1330,1265,,4,5,6,1502,0,0,0,,0,HILL,"RT 178","RANCHERIA RD",14500.00,E,N,A,-,Y,KER,6,178,-,R,10.600,H,-,E,Y,4,0,1,1,A,-,01,23152,A,N,E,I,A,A,H,-,A,D,0,,,,,Y,Y,A,01,0,0,1,0,0,0,0,0,0,"- ","- ",35.415750000000003,-118.83109,KERN,BAKERSFIELD,-118.84157302,35.41337274
8442308,2017,2017-08-29,1502,2017-08-11,1210,1059,,5,5,6,1502,0,0,0,,0,METRO,"18TH ST","EYE ST",39.00,W,N,A,-,N,,,,,,,,,,N,4,0,1,2,A,-,08,22107,,M,G,B,D,A,H,-,A,D,0,Y,,,,Y,,A,01,0,0,1,0,1,0,0,0,0,"- ","- ",35.375509999999998,-119.02028,KERN,BAKERSFIELD,-119.02016066,35.37529
8442328,2017,2017-08-30,1502,2017-07-30,1319,1282,,7,5,6,1502,0,0,0,,0,VALLEY,"HUGHES LN","BELVEDERE AV",24.00,N,N,A,-,N,,,,,,,,,,N,3,0,5,1,A,-,08,22107,,N,E,I,A,A,H,-,A,D,0,,,,,Y,,A,01,0,2,3,0,0,0,0,0,0,"- ","- ",35.328229999999998,-119.03017,KERN,BAKERSFIELD,-119.0300709,35.328255849999998
8442332,2017,2017-08-30,1502,2017-07-29,2222,1293,,6,5,6,1502,0,0,0,,0,METRO,"H ST","3RD ST",0.00,,Y,A,-,N,,,,,,,,,,Y,3,0,1,2,A,-,09,21801,A,N,D,C,A,A,H,-,C,D,0,,,,,Y,,A,01,0,1,0,0,0,0,0,0,0,"- ","- ",35.358899999999998,-119.02097000000001,KERN,BAKERSFIELD,-119.02128009,35.35889006
8442336,2017,2017-08-30,1502,2017-07-30,1153,1283,,7,5,6,1502,0,0,0,,0,METRO,"BAKER ST","KENTUCKY ST",0.00,,Y,A,-,N,,,,,,,,,,Y,4,0,2,2,A,-,12,21453,A,N,D,C,A,A,H,-,A,A,0,,,,,Y,,A,08,0,0,2,0,0,0,0,0,0,"- ","- ",35.379199999999997,-118.99225,KERN,BAKERSFIELD,-118.99217007,35.378840080000003