CASE_ID,ACCIDENT_YEAR,PROC_DATE,JURIS,COLLISION_DATE,COLLISION_TIME,OFFICER_ID,REPORTING_DISTRICT,DAY_OF_WEEK,CHP_SHIFT,POPULATION,CNTY_CITY_LOC,SPECIAL_COND,BEAT_TYPE,CHP_BEAT_TYPE,CITY_DIVISION_LAPD,CHP_BEAT_CLASS,BEAT_NUMBER,PRIMARY_RD,SECONDARY_RD,DISTANCE,DIRECTION,INTERSECTION,WEATHER_1,WEATHER_2,STATE_HWY_IND,CALTRANS_COUNTY,CALTRANS_DISTRICT,STATE_ROUTE,ROUTE_SUFFIX,POSTMILE_PREFIX,POSTMILE,LOCATION_TYPE,RAMP_INTERSECTION,SIDE_OF_HWY,TOW_AWAY,COLLISION_SEVERITY,NUMBER_KILLED,NUMBER_INJURED,PARTY_COUNT,PRIMARY_COLL_FACTOR,PCF_CODE_OF_VIOL,PCF_VIOL_CATEGORY,PCF_VIOLATION,PCF_VIOL_SUBSECTION,HIT_AND_RUN,TYPE_OF_COLLISION,MVIW,PED_ACTION,ROAD_SURFACE,ROAD_COND_1,ROAD_COND_2,LIGHTING,CONTROL_DEVICE,CHP_ROAD_TYPE,PEDESTRIAN_ACCIDENT,BICYCLE_ACCIDENT,MOTORCYCLE_ACCIDENT,TRUCK_ACCIDENT,NOT_PRIVATE_PROPERTY,ALCOHOL_INVOLVED,STWD_VEHTYPE_AT_FAULT,CHP_VEHTYPE_AT_FAULT,COUNT_SEVERE_INJ,COUNT_VISIBLE_INJ,COUNT_COMPLAINT_PAIN,COUNT_PED_KILLED,COUNT_PED_INJURED,COUNT_BICYCLIST_KILLED,COUNT_BICYCLIST_INJURED,COUNT_MC_KILLED,COUNT_MC_INJURED,PRIMARY_RAMP,SECONDARY_RAMP,LATITUDE,LONGITUDE,COUNTY,CITY,POINT_X,POINT_Y
84506365,2024,2024-12-17,1502,2024-12-05,"608 ",P99,,4,5,6,1502,0,0,0,,0,,"WIBLE RD","WILSON RD",50.00,S,N,A,-,N,,,,,,,,,,Y,4,0,1,2,A,-,03,22350,,M,C,C,A,A,H,-,B,A,0,,,,,Y,,A,01,0,0,1,0,0,0,0,0,0,"- ","- ",35.332359313964844,-119.03898620605469,KERN,BAKERSFIELD,-119.03904724121094,35.332073211669922
84506366,2024,2024-12-17,1502,2024-12-05,2251,1347,,4,5,6,1502,0,0,0,,0,METRO,"23RD ST","G ST",0.00,,Y,A,-,N,,,,,,,,,,N,3,0,4,2,A,-,09,21802,A,N,D,D,A,A,H,-,C,A,0,,,,,Y,,A,01,0,2,2,0,0,0,0,0,0,"- ","- ",35.380069732666016,-119.02178192138672,KERN,BAKERSFIELD,-119.0223388671875,35.380062103271484
84506367,2024,2024-12-17,1502,2024-12-06,"911 ",P99,,5,5,6,1502,0,0,0,,0,HILL,"GARCES CIRCLE","30TH ST (E)",90.00,N,N,A,-,N,,,,,,,,,,N,3,0,1,2,A,-,03,22350,,N,E,I,A,A,H,-,A,A,0,,,,,Y,,A,01,0,1,0,0,0,0,0,0,0,"- ","- ",35.386680603027344,-119.01761627197266,KERN,BAKERSFIELD,-119.01918792724609,35.387149810791016
84506369,2024,2024-12-17,1502,2024-12-07,"730 ",1451,,6,5,6,1502,0,0,0,,0,NORTH,"STOCKDALE HWY","NORD AV",0.00,,Y,E,-,Y,,,,,,,,,,Y,4,0,1,2,A,-,08,22107,,N,D,C,A,B,H,-,A,D,0,,,,Y,Y,,A,01,0,0,1,0,0,0,0,0,0,"- ","- ",35.355220794677734,-119.19934844970703,KERN,BAKERSFIELD,-119.19873046875,35.354393005371094
84506370,2024,2024-12-17,1502,2024-12-07,1344,1451,,6,5,6,1502,0,0,0,,0,CENTRA,"CALIFORNIA AV","EASTON DR (W)",812.00,E,N,A,-,N,,,,,,,,,,Y,3,0,3,2,A,-,08,22100,5,N,D,C,A,A,H,-,A,A,0,,,,,Y,,A,01,0,1,2,0,0,0,0,0,0,"- ","- ",35.365951538085938,-119.05329895019531,KERN,BAKERSFIELD,-119.05138397216797,35.366909027099609
84506371,2024,2024-12-17,1502,2024-12-08,1915,P75,,7,5,6,1502,0,0,0,,0,SOUTH,"AKERS RD","PANAMA LN",0.00,,Y,A,-,N,,,,,,,,,,Y,4,0,1,2,A,-,12,21453,A,F,D,C,A,A,H,-,C,A,0,,,,,Y,Y,-,99,0,0,1,0,0,0,0,0,0,"- ","- ",35.295391082763672,-119.04920959472656,KERN,BAKERSFIELD,-119.04779815673828,35.295928955078125
84506372,2024,2024-12-17,1502,2024-12-10,1738,1469,,2,5,6,1502,0,0,0,,0,HILL,"PANORAMA DR","AMHERST ST",40.00,E,N,A,-,N,,,,,,,,,,N,3,0,2,2,A,-,09,21801,A,N,B,C,A,A,H,-,C,D,0,,,,,Y,,A,01,0,1,1,0,0,0,0,0,0,"- ","- ",,,KERN,BAKERSFIELD,-118.98349761962891,35.409145355224609
84506376,2024,2024-12-17,1502,2024-12-11,1603,P75,,3,5,6,1502,0,0,0,,0,METRO,"BRUNDAGE LN","P ST",219.00,E,N,A,-,N,,,,,,,,,,Y,4,0,4,2,A,-,01,23152,A,M,C,C,A,A,H,-,B,A,0,,,,,Y,Y,A,01,0,0,4,0,0,0,0,0,0,"- ","- ",35.353809356689453,-119.01167297363281,KERN,BAKERSFIELD,-119.01115417480469,35.3538818359375
84506378,2024,2024-12-17,1502,2024-12-13,2251,1523,,5,5,6,1502,0,0,0,,0,,"Q ST","24TH ST",0.00,,Y,A,-,N,,,,,,,,,,N,2,0,2,2,A,-,01,23152,A,F,D,C,A,A,H,-,C,A,0,,,,,Y,,A,01,1,0,1,0,0,0,0,0,0,"- ","- ",35.381458282470703,-119.01062774658203,KERN,BAKERSFIELD,-119.01056671142578,35.380970001220703
84506386,2024,2024-12-17,1502,2024-12-15,1659,1408,,7,5,6,1502,0,0,0,,0,CENTRA,"NEW STINE RD","DEMARET AV",0.00,,Y,A,-,N,,,,,,,,,,Y,4,0,2,2,A,-,09,21801,A,N,D,C,A,A,H,-,C,D,0,,,,,Y,,A,01,0,0,2,0,0,0,0,0,0,"- ","- ",35.351581573486328,-119.06072998046875,KERN,BAKERSFIELD,-119.06137847900391,35.351692199707031
84506389,2024,2024-12-17,1502,2024-12-15,2323,1528,,7,5,6,1502,0,0,0,,0,,"SIDNEY DR","K ST",34.00,W,N,-,-,N,,,,,,,,,,N,3,0,1,2,A,-,01,23152,A,N,C,E,A,A,H,-,C,D,0,,,,,Y,Y,D,22,0,1,0,0,0,0,0,0,0,"- ","- ",35.327400207519531,-119.01849365234375,KERN,BAKERSFIELD,-119.01765441894531,35.328197479248047
8450647,2017,2017-10-05,1502,2017-09-10,0630,1028,,7,5,6,1502,0,0,0,,0,SOUTH,"WHITE LN","LOUISVILLE DR",39.00,W,N,A,-,N,,,,,,,,,,Y,4,0,1,2,A,-,09,21804,A,M,E,I,A,A,H,-,A,A,0,,,,,Y,,A,01,0,0,1,0,0,0,0,0,0,"- ","- ",35.318249999999999,-119.07791,KERN,BAKERSFIELD,-119.07802057000001,35.318280000000001
8450651,2017,2017-10-05,1502,2017-09-08,1605,1186,,5,5,6,1502,0,0,0,,0,VALLEY,"CHESTER AV","BELLE TERRACE",0.00,,Y,A,-,N,,,,,,,,,,N,4,0,1,2,A,-,03,22350,,M,C,C,A,A,H,-,A,A,0,,,,,Y,,-,99,0,0,1,0,0,0,0,0,0,"- ","- ",35.346679999999999,-119.0188,KERN,BAKERSFIELD,-119.01892006999999,35.346690010000003
8450655,2017,2018-08-08,1502,2017-09-05,2039,P82,,2,5,6,1502,0,0,0,,0,HILL,"MOUNT VERNON AV","178 EAST",42.00,N,N,A,-,Y,KER,6,178,-,R,4.511,R,4,E,N,4,0,1,3,A,-,08,22107,,N,D,C,A,A,H,-,C,A,0,,,,,Y,,A,07,0,0,1,0,0,0,0,0,0,"- ","- ",35.394170000000003,-118.96737,KERN,BAKERSFIELD,-118.96941465,35.393887450000001
8450659,2017,2017-10-05,1502,2017-09-05,2008,P52,,2,5,6,1502,0,0,0,,0,VALLEY,"MING AV","REAL RD",533.00,E,N,A,-,N,,,,,,,,,,Y,4,0,1,2,A,-,09,21803,A,N,D,C,A,A,H,-,A,A,0,,,,,Y,,D,22,0,0,1,0,0,0,0,0,0,"- ","- ",35.339689999999997,-119.04334,KERN,BAKERSFIELD,-119.04159545,35.339561949999997
8450663,2017,2017-10-05,1502,2017-09-03,1750,1283,,7,5,6,1502,0,0,0,,0,SOUTH,"PANAMA LN","STINE RD",0.00,,Y,C,-,N,,,,,,,,,,Y,4,0,1,2,D,-,00,,,N,D,C,A,B,G,H,A,B,0,,,,,Y,,-,"- ",0,0,1,0,0,0,0,0,0,"- ","- ",35.295819999999999,-119.05698,KERN,BAKERSFIELD,-119.05669014,35.295900029999999
8450666,2017,2017-10-02,1502,2017-08-20,0116,1120,,7,5,6,1502,0,0,0,,0,,"STOCKDALE HWY","EL RIO DR",0.00,,Y,A,-,N,,,,,,,,,,Y,3,0,2,2,A,-,01,23153,A,N,A,C,A,A,H,-,C,A,0,,,,,Y,Y,A,01,0,1,1,0,0,0,0,0,0,"- ","- ",35.354430000000001,-119.08229,KERN,BAKERSFIELD,-119.08282008,35.354310120000001
8450667,2017,2017-10-05,1502,2017-09-10,1555,P82,,7,5,6,1502,0,0,0,,0,HILL,"Q ST","34TH ST",142.00,S,N,A,-,N,,,,,,,,,,Y,4,0,3,2,A,-,03,22350,,N,D,C,A,A,H,-,A,D,0,,,,,Y,,D,22,0,0,3,0,0,0,0,0,0,"- ","- ",35.390979999999999,-119.01047,KERN,BAKERSFIELD,-119.01054829,35.390100279999999
8450671,2017,2017-10-05,1502,2017-09-12,1256,1181,,2,5,6,1502,0,0,0,,0,SOUTH,"STINE RD","HARRIS RD",256.00,N,N,A,-,N,,,,,,,,,,Y,4,0,1,2,A,-,08,22100,A,N,D,C,A,A,H,-,A,D,0,,,,,Y,,D,22,0,0,1,0,0,0,0,0,0,"- ","- ",35.303089999999997,-119.05688000000001,KERN,BAKERSFIELD,-119.05669654,35.303902000000001
8450675,2017,2017-10-05,1502,2017-09-13,2155,1293,,3,5,6,1502,0,0,0,,0,CENTRA,"WHITE LN","LOUISVILLE DR",0.00,,Y,A,-,N,,,,,,,,,,Y,4,0,1,2,A,-,01,23152,A,N,C,C,A,A,H,-,C,D,0,,,,,Y,Y,A,07,0,0,1,0,0,0,0,0,0,"- ","- ",35.318249999999999,-119.07791,KERN,BAKERSFIELD,-119.07789,35.318280090000002
8450679,2017,2017-10-05,1502,2017-09-13,0947,1181,,3,5,6,1502,0,0,0,,0,VALLEY,"COLONY ST","PANAMA LN",5.00,N,N,A,-,N,,,,,,,,,,N,4,0,1,2,A,-,11,21456,B,N,G,B,B,A,H,-,A,A,0,Y,,,,Y,,N,60,0,0,1,0,1,0,0,0,0,"- ","- ",35.295929999999998,-119.02768,KERN,BAKERSFIELD,-119.02720965,35.295973719999999
8450683,2017,2017-10-05,1502,2017-09-12,1549,1258,,2,5,6,1502,0,0,0,,0,,"PANORAMA DR","WESTBLUFF CT",78.00,E,N,A,-,N,,,,,,,,,,Y,4,0,1,2,A,-,01,23152,F,N,C,C,A,A,H,-,A,D,0,,,,,Y,,A,07,0,0,1,0,0,0,0,0,0,"- ","- ",35.403649999999999,-119.00078000000001,KERN,BAKERSFIELD,-119.00071875,35.403413980000003
8450687,2017,2017-10-05,1502,2017-09-11,2002,1177,,1,5,6,1502,0,0,0,,0,CENTRA,"GOSFORD RD","WESTWOLD DR",55.00,N,N,A,-,N,,,,,,,,,,Y,3,0,1,4,A,-,03,22350,,F,C,C,A,A,H,-,C,D,0,,,,,Y,,A,01,0,1,0,0,0,0,0,0,0,"- ","- ",35.330359999999999,-119.09202000000001,KERN,BAKERSFIELD,-119.09226111,35.330340919999998
8450695,2017,2017-10-05,1502,2017-09-16,1941,1059,,6,5,6,1502,0,0,0,,0,HILL,"BEALE AV","GRACE ST",0.00,,Y,A,-,N,,,,,,,,,,Y,3,0,3,2,A,-,09,21802,,N,D,C,A,A,H,-,C,A,0,,,,,Y,,A,01,0,1,2,0,0,0,0,0,0,"- ","- ",35.388649999999998,-118.98533,KERN,BAKERSFIELD,-118.98530011,35.388680069999999
8450699,2017,2017-10-05,1502,2017-09-15,2019,1291,,5,5,6,1502,0,0,0,,0,METRO,"BRUNDAGE LN","P ST",1.00,W,N,A,-,N,,,,,,,,,,N,3,0,1,2,A,-,11,21456,B,N,G,B,B,A,H,-,E,D,0,Y,,,,Y,Y,N,60,0,1,0,0,1,0,0,0,0,"- ","- ",35.353810000000003,-119.01167,KERN,BAKERSFIELD,-119.01189334999999,35.353880009999997
8450703,2017,2017-10-05,1502,2017-09-15,2017,1293,,5,5,6,1502,0,0,0,,0,METRO,"MONTEREY ST","MILLER ST",0.00,,Y,A,-,N,,,,,,,,,,Y,3,0,2,2,A,-,12,22450,A,N,D,C,A,A,H,-,C,D,0,,,,,Y,,A,01,0,1,1,0,0,0,0,0,0,"- ","- ",35.379010000000001,-118.98222,KERN,BAKERSFIELD,-118.98214,35.37875004
8450706,2017,2017-10-05,1502,2017-09-10,1602,1283,,7,5,6,1502,0,0,0,,0,CENTRA,"MOHAWK ST","TRUXTUN AV",0.00,,Y,A,-,N,,,,,,,,,,Y,3,0,2,2,A,-,09,21800,,N,D,C,A,A,H,-,A,B,0,,,,,Y,,A,07,0,1,1,0,0,0,0,0,0,"- ","- ",35.365110000000001,-119.06485000000001,KERN,BAKERSFIELD,-119.06551005999999,35.365270010000003
8450707,2017,2017-10-05,1502,2017-09-15,1935,1213,,5,5,6,1502,0,0,0,,0,HILL,"34TH ST","K ST",25.00,W,N,A,-,N,,,,,,,,,,Y,4,0,3,4,A,-,03,22350,,M,C,C,A,A,H,-,C,D,0,,,,,Y,Y,-,99,0,0,3,0,0,0,0,0,0,"- ","- ",35.391069999999999,-119.01745,KERN,BAKERSFIELD,-119.01760375000001,35.390528600000003
8450711,2017,2017-10-05,1502,2017-09-15,1416,1213,,5,5,6,1502,0,0,0,,0,VALLEY,"BELLE TERRACE","EL SERENO DR",153.00,W,N,A,-,N,,,,,,,,,,N,4,0,1,2,A,-,11,21956,A,M,G,B,E,A,H,-,A,-,0,Y,,,,Y,Y,N,60,0,0,1,0,1,0,0,0,0,"- ","- ",35.346670000000003,-119.01736,KERN,BAKERSFIELD,-119.01798239999999,35.346690000000002
84508050,2024,2025-11-19,1502,2024-06-12,"352 ",1523,,3,5,6,1502,0,0,0,,0,,"PANAMA LN","CASTLEFORD ST",0.00,,Y,A,-,N,,,,,,,,,,Y,4,0,1,2,A,-,03,22350,,M,C,C,A,A,H,-,C,A,0,,,,,Y,,A,01,0,0,1,0,0,0,0,0,0,"- ","- ",35.295639038085938,-119.042236328125,KERN,BAKERSFIELD,-119.04193115234375,35.295967102050781
84508054,2024,2024-12-18,1502,2024-12-03,"108 ",1469,,2,5,6,1502,0,0,0,,0,CENTRA,"REAL RD","STOCKDALE HWY",269.00,S,N,A,E,N,,,,,,,,,,N,4,0,2,2,A,-,03,22350,,N,B,C,A,A,H,-,C,D,0,,,,,Y,,A,07,0,0,2,0,0,0,0,0,0,"- ","- ",35.354351043701172,-119.04325866699219,KERN,BAKERSFIELD,-119.04347229003906,35.354228973388672
84508055,2024,2024-12-18,1502,2024-12-06,1909,1450,,5,5,6,1502,0,0,0,,0,NORTH,"WESTSIDE PKWY","WESTSIDE PKWY W ON FROM MOHAWK ST",879.00,E,N,A,-,N,,,,,,,,,,N,3,0,1,2,A,-,08,22107,,M,B,C,A,A,H,-,C,D,0,,,,,Y,,A,01,0,1,0,0,0,0,0,0,0,"- ","- ",35.370109558105469,-119.07009887695312,KERN,BAKERSFIELD,-119.21188354492188,35.255165100097656
84508057,2024,2024-12-18,1502,2024-12-11,"906 ",P88,,3,5,6,1502,0,0,0,,0,METRO,"MONTEREY ST","BEALE AV (2)",0.00,,Y,B,-,N,,,,,,,,,,Y,3,0,3,2,A,-,12,21453,A,N,D,C,A,A,H,-,A,A,0,,,,,Y,,D,22,0,2,1,0,0,0,0,0,0,"- ","- ",35.380519866943359,-118.98835754394531,KERN,BAKERSFIELD,-118.98838043212891,35.380252838134766
84508058,2024,2024-12-18,1502,2024-12-12,1446,1347,,4,5,6,1502,0,0,0,,0,VALLEY,"CHESTER AV","LOUSTALOT LN",0.00,,Y,A,-,N,,,,,,,,,,N,3,0,3,2,A,-,09,21802,A,N,D,D,A,A,H,-,A,A,0,,,,,Y,,-,"- ",0,1,2,0,0,0,0,0,0,"- ","- ",35.351291656494141,-119.01956939697266,KERN,BAKERSFIELD,-119.01893615722656,35.352127075195312
84508059,2024,2024-12-18,1502,2024-12-15,"908 ",1336,,7,5,6,1502,0,0,0,,0,NORTH,"WESTSIDE PKWY","WESTSIDE PKWY W ON FROM MOHAWK ST",2621.00,W,N,A,-,Y,,,,,,,,,,Y,3,0,2,2,A,-,03,22350,,N,C,C,A,A,H,-,A,D,0,,,,,Y,,I,11,0,1,1,0,0,0,0,0,0,"- ","- ",35.370109558105469,-119.07009887695312,KERN,BAKERSFIELD,-119.21188354492188,35.255165100097656
84508060,2024,2024-12-18,1502,2024-12-16,"957 ",1336,,1,5,6,1502,0,0,0,,0,METRO,"L ST","23RD ST",0.00,,Y,A,-,N,,,,,,,,,,N,4,0,1,2,A,-,12,21453,A,N,D,C,A,A,H,-,A,A,0,,,,,Y,,D,22,0,0,1,0,0,0,0,0,0,"- ","- ",35.379230499267578,-119.01667022705078,KERN,BAKERSFIELD,-119.01640319824219,35.380043029785156
84509504,2024,2024-12-19,1502,2024-12-06,1335,1476,,5,5,6,1502,0,0,0,,0,,"WIBLE RD","BRUNDAGE LN",0.00,,Y,A,-,N,,,,,,,,,,N,4,0,1,2,A,-,09,21453,C,N,D,C,A,A,H,-,A,A,0,,,Y,,Y,,C,02,0,0,1,0,0,0,0,0,1,"- ","- ",35.354278564453125,-119.03865814208984,KERN,BAKERSFIELD,-119.03890991210938,35.354133605957031
84509509,2024,2024-12-19,1502,2024-12-17,1652,C372,,2,5,6,1502,0,0,0,,0,METRO,"BRUNDAGE LN","OWENS ST",0.00,,Y,A,-,N,,,,,,,,,,N,3,0,1,2,A,-,09,21801,A,N,D,D,A,A,H,-,C,D,0,,,,,Y,,A,01,0,1,0,0,0,0,0,0,0,"- ","- ",35.353691101074219,-118.99057769775391,KERN,BAKERSFIELD,-118.99080657958984,35.353927612304688
8450951,2017,2017-10-16,1502,2017-09-15,1622,1271,,5,5,6,1502,0,0,0,,0,HILL,"HUBBARD ST","ALDER ST",123.00,W,N,A,-,N,,,,,,,,,,N,3,0,1,2,A,-,09,21804,A,N,H,G,A,A,H,-,A,D,0,,Y,,,Y,,L,04,0,1,0,0,0,0,1,0,0,"- ","- ",35.385770000000001,-119.02591,KERN,BAKERSFIELD,-119.02685762,35.385914759999999
84509510,2024,2024-12-19,1502,2024-12-17,2101,1442,,2,5,6,1502,0,0,0,,0,NORTH,"HAGEMAN RD","VERDUGO LN",0.00,,Y,A,-,N,,,,,,,,,,N,2,0,2,2,A,-,12,21453,A,N,D,C,A,A,H,-,C,A,0,,,,Y,Y,,F,26,1,0,1,0,0,0,0,0,0,"- ","- ",35.398090362548828,-119.11891937255859,KERN,BAKERSFIELD,-119.11891174316406,35.397964477539062
84509511,2024,2024-12-19,1502,2024-12-18,1139,1336,,3,5,6,1502,0,0,0,,0,NORTH,"HAGEMAN RD","CARRIAGE RANCH DR",0.00,,Y,B,-,N,,,,,,,,,,Y,2,0,1,2,A,-,09,21801,A,N,D,C,A,A,H,-,A,D,0,,,Y,,Y,,A,01,1,0,0,0,0,0,0,0,1,"- ","- ",35.401321411132812,-119.08773040771484,KERN,BAKERSFIELD,-119.08776092529297,35.401447296142578
8451068,2017,2017-10-24,1507,2017-09-22,0730,274,11,5,5,3,1507,0,0,0,,0,,"WEST LERDO HWY","W LERDO HWY 200",0.00,,N,A,-,N,,,,,,,,,,Y,4,0,2,2,A,-,03,22350,,N,C,C,A,A,H,-,A,A,0,,,,,Y,,A,01,0,0,2,0,0,0,0,0,0,"- ","- ",35.500140000000002,-119.2807,KERN,SHAFTER,-119.28073168,35.499864780000003
84511132,2024,2024-12-20,1502,2024-12-13,2158,1485,,5,5,6,1502,0,0,0,,0,,"WHITE LN","WIBLE RD",0.00,,Y,A,-,N,,,,,,,,,,N,3,0,1,2,A,-,11,21954,A,N,G,B,D,A,H,-,C,D,0,Y,,,,Y,Y,N,60,0,1,0,0,1,0,0,0,0,"- ","- ",35.317840576171875,-119.03917694091797,KERN,BAKERSFIELD,-119.03909301757812,35.317790985107422
84512429,2024,2024-12-23,1502,2024-12-07,1411,P45,,6,5,6,1502,0,0,0,,0,HILL,"MANOR ST","MANOR ST ACC RD",232.00,S,N,A,-,N,,,,,,,,,,N,1,1,1,1,A,-,03,22350,,N,E,I,A,A,H,-,A,D,0,,,,,Y,,A,01,1,0,0,0,0,0,0,0,0,"- ","- ",35.400360107421875,-119.00492095947266,KERN,BAKERSFIELD,-119.0042724609375,35.400993347167969
84512629,2024,2024-12-23,1502,2024-11-02,1236,1418,,6,5,6,1502,0,0,0,,0,SOUTH,"PANAMA LN","SUMMERFIELD DR",137.00,W,N,A,-,N,,,,,,,,,,N,4,0,1,2,A,-,03,22350,,N,C,C,A,A,H,-,A,D,0,,,,,Y,,A,01,0,0,1,0,0,0,0,0,0,"- ","- ",35.295768737792969,-119.05312347412109,KERN,BAKERSFIELD,-119.05326080322266,35.295940399169922
84512630,2024,2024-12-23,1502,2024-11-29,1513,1450,,5,5,6,1502,0,0,0,,0,CENTRA,"STOCKDALE HWY","MONTCLAIR ST",0.00,,Y,A,-,N,,,,,,,,,,N,3,0,1,2,A,-,05,21650,,N,D,G,A,A,H,-,A,A,0,,Y,,,Y,,L,04,0,1,0,0,0,0,1,0,0,"- ","- ",35.354488372802734,-119.05435943603516,KERN,BAKERSFIELD,-119.05458068847656,35.354267120361328
84512631,2024,2024-12-23,1502,2024-11-30,"842 ",1430,,6,5,6,1502,0,0,0,,0,,"STOCKDALE HWY","TOWN & COUNTRY RD",0.00,,Y,A,-,N,,,,,,,,,,N,4,0,1,2,A,-,12,21453,A,N,D,C,A,A,H,-,A,A,0,,,,,Y,,-,"- ",0,0,1,0,0,0,0,0,0,"- ","- ",,,KERN,BAKERSFIELD,-119.09474945068359,35.354446411132812
84512633,2024,2024-12-23,1502,2024-12-09,"931 ",P17,,1,5,6,1502,0,0,0,,0,METRO,"13TH ST","CHESTER AV",0.00,,Y,A,-,N,,,,,,,,,,Y,4,0,2,2,A,-,09,21801,A,N,D,C,A,A,H,-,A,A,0,,,,,Y,,A,01,0,0,2,0,0,0,0,0,0,"- ","- ",35.369461059570312,-119.01841735839844,KERN,BAKERSFIELD,-119.01902770996094,35.369487762451172
84512634,2024,2024-12-23,1502,2024-12-12,1200,1523,,4,5,6,1502,0,0,0,,0,,"HARRIS RD","MOUNTAIN VISTA DR",0.00,,Y,A,-,N,,,,,,,,,,N,3,0,2,2,A,-,12,21453,A,N,A,C,A,A,H,-,A,A,0,,,,,Y,,A,07,0,1,1,0,0,0,0,0,0,"- ","- ",35.303871154785156,-119.11891937255859,KERN,BAKERSFIELD,-119.11872100830078,35.303455352783203
84512635,2024,2024-12-23,1502,2024-12-14,1802,P45,,6,5,6,1502,0,0,0,,0,SOUTH,"TAFT HWY","MOUNTAIN RIDGE DR",0.00,,Y,A,-,N,,,,,,,,,,N,4,0,1,2,A,-,09,21802,A,N,D,C,A,A,H,-,C,A,0,,,,,Y,,A,07,0,0,1,0,0,0,0,0,0,"- ","- ",35.266979217529297,-119.06619262695312,KERN,BAKERSFIELD,-119.0655517578125,35.267059326171875
84512636,2024,2024-12-23,1502,2024-12-14,1818,1213,,6,5,6,1502,0,0,0,,0,SOUTH,"HARRIS RD","PROSPECT PEAK WY",0.00,,Y,A,-,N,,,,,,,,,,Y,4,0,2,2,A,-,09,21801,A,N,D,C,A,A,H,-,C,D,0,,,,,Y,,A,01,0,0,2,0,0,0,0,0,0,"- ","- ",35.303848266601562,-119.11701202392578,KERN,BAKERSFIELD,-119.11680603027344,35.303436279296875
84512637,2024,2024-12-23,1502,2024-12-17,1205,1347,,2,5,6,1502,0,0,0,,0,HILL,"34TH ST","Q ST",0.00,,Y,A,-,N,,,,,,,,,,Y,3,0,2,2,A,-,09,21801,A,N,A,D,A,A,H,-,A,A,0,,,,,Y,,A,01,0,1,1,0,0,0,0,0,0,"- ","- ",35.389640808105469,-119.01067352294922,KERN,BAKERSFIELD,-119.01054382324219,35.3905029296875
84512638,2024,2024-12-23,1502,2024-12-19,1820,1523,,4,5,6,1502,0,0,0,,0,,"UNION AV","4TH ST",0.00,,Y,-,-,N,,,,,,,,,,N,4,0,3,3,A,-,04,21703,,N,C,C,A,A,H,-,C,A,0,,,,,Y,,D,22,0,0,3,0,0,0,0,0,0,"- ","- ",35.360618591308594,-119.00264739990234,KERN,BAKERSFIELD,-119.00307464599609,35.360748291015625
84512797,2024,2024-12-23,1502,2024-12-22,"756 ",1249,,7,5,6,1502,0,0,0,,0,METRO,"CHESTER AV","19TH ST",57.00,S,N,A,-,N,,,,,,,,,,N,3,0,1,2,A,-,03,22350,,F,C,C,A,A,H,-,A,A,0,,,,,Y,,-,99,0,1,0,0,0,0,0,0,0,"- ","- ",35.376220703125,-119.01830291748047,KERN,BAKERSFIELD,-119.01888275146484,35.376071929931641
84514523,2024,2024-12-24,1502,2024-12-10,"724 ",P17,,2,5,6,1502,0,0,0,,0,CENTRA,"PLANZ RD","WILSON RD",328.00,E,N,A,-,N,,,,,,,,,,Y,3,0,3,2,A,-,08,22103,,N,D,C,A,A,H,-,A,D,0,,,,,Y,,A,01,0,1,2,0,0,0,0,0,0,"- ","- ",35.325050354003906,-119.06564331054688,KERN,BAKERSFIELD,-119.06461334228516,35.325096130371094
84514526,2024,2024-12-24,1502,2024-12-22,1717,1239,,7,5,6,1502,0,0,0,,0,VALLEY,"WILSON RD","K ST",0.00,,Y,A,-,N,,,,,,,,,,N,4,0,1,2,A,-,10,21950,A,F,D,G,A,A,H,-,D,D,0,,Y,,,Y,Y,-,99,0,0,1,0,0,0,1,0,0,"- ","- ",35.332160949707031,-119.01757049560547,KERN,BAKERSFIELD,-119.01753234863281,35.332183837890625
8451525,2017,2017-09-20,1503,2017-09-09,2105,10130,1503,6,5,4,1503,0,0,0,,0,ALL,"ELLINGTON ST","11TH AV",20.00,N,N,A,-,N,,,,,,,,,,N,4,0,1,2,D,-,00,,,F,C,C,A,A,H,-,C,A,0,,,,,Y,,-,"- ",0,0,1,0,0,0,0,0,0,"- ","- ",,,KERN,DELANO,-119.25163305,35.769543839999997
8451585,2017,2017-09-26,1503,2017-07-28,2122,10107,1503,5,5,4,1503,0,0,0,,0,ALL,"20TH AV","KALIBO ST",109.00,E,N,A,-,N,,,,,,,,,,Y,4,0,1,2,A,-,08,22107,,N,A,I,A,A,H,-,C,D,0,,,,,Y,Y,D,22,0,0,1,0,0,0,0,0,0,"- ","- ",,,KERN,DELANO,-119.2447129,35.783169999999998
84515964,2024,2024-12-25,1502,2024-12-15,"112 ",1528,,7,5,6,1502,0,0,0,,0,,"CALIFORNIA AV","REAL RD",77.00,W,N,A,-,N,,,,,,,,,,Y,2,0,1,2,A,-,05,21651,A,N,A,C,A,A,H,-,C,D,0,,,,,Y,,A,08,1,0,0,0,0,0,0,0,0,"- ","- ",35.368129730224609,-119.04299926757812,KERN,BAKERSFIELD,-119.04360198974609,35.367820739746094
84515965,2024,2024-12-25,1502,2024-12-22,1556,1408,,7,5,6,1502,0,0,0,,0,,"CALIFORNIA AV","99 N OFF TO CALIFORNIA RAMP",0.00,,Y,B,-,N,,,,,,,,,,Y,4,0,1,2,A,-,09,21800,A,N,D,C,A,A,H,-,A,A,0,,,,,Y,,A,01,0,0,1,0,0,0,0,0,0,"- ","- ",35.368709564208984,-119.03988647460938,KERN,BAKERSFIELD,-119.00292205810547,35.368534088134766