CASE_ID,ACCIDENT_YEAR,PROC_DATE,JURIS,COLLISION_DATE,COLLISION_TIME,OFFICER_ID,REPORTING_DISTRICT,DAY_OF_WEEK,CHP_SHIFT,POPULATION,CNTY_CITY_LOC,SPECIAL_COND,BEAT_TYPE,CHP_BEAT_TYPE,CITY_DIVISION_LAPD,CHP_BEAT_CLASS,BEAT_NUMBER,PRIMARY_RD,SECONDARY_RD,DISTANCE,DIRECTION,INTERSECTION,WEATHER_1,WEATHER_2,STATE_HWY_IND,CALTRANS_COUNTY,CALTRANS_DISTRICT,STATE_ROUTE,ROUTE_SUFFIX,POSTMILE_PREFIX,POSTMILE,LOCATION_TYPE,RAMP_INTERSECTION,SIDE_OF_HWY,TOW_AWAY,COLLISION_SEVERITY,NUMBER_KILLED,NUMBER_INJURED,PARTY_COUNT,PRIMARY_COLL_FACTOR,PCF_CODE_OF_VIOL,PCF_VIOL_CATEGORY,PCF_VIOLATION,PCF_VIOL_SUBSECTION,HIT_AND_RUN,TYPE_OF_COLLISION,MVIW,PED_ACTION,ROAD_SURFACE,ROAD_COND_1,ROAD_COND_2,LIGHTING,CONTROL_DEVICE,CHP_ROAD_TYPE,PEDESTRIAN_ACCIDENT,BICYCLE_ACCIDENT,MOTORCYCLE_ACCIDENT,TRUCK_ACCIDENT,NOT_PRIVATE_PROPERTY,ALCOHOL_INVOLVED,STWD_VEHTYPE_AT_FAULT,CHP_VEHTYPE_AT_FAULT,COUNT_SEVERE_INJ,COUNT_VISIBLE_INJ,COUNT_COMPLAINT_PAIN,COUNT_PED_KILLED,COUNT_PED_INJURED,COUNT_BICYCLIST_KILLED,COUNT_BICYCLIST_INJURED,COUNT_MC_KILLED,COUNT_MC_INJURED,PRIMARY_RAMP,SECONDARY_RAMP,LATITUDE,LONGITUDE,COUNTY,CITY,POINT_X,POINT_Y
84516093,2024,2024-12-26,1502,2024-12-07,1520,P82,,6,5,6,1502,0,0,0,,0,METRO,"QUANTICO AV","TEXAS ST",382.00,S,N,A,-,N,,,,,,,,,,N,4,0,1,2,A,-,06,21750,,N,B,C,A,A,H,-,A,D,0,,,,,Y,,A,01,0,0,1,0,0,0,0,0,0,"- ","- ",35.357841491699219,-118.95896911621094,KERN,BAKERSFIELD,-118.95863342285156,35.356681823730469
84516096,2024,2024-12-26,1502,2024-12-22,1359,1239,,7,5,6,1502,0,0,0,,0,CENTRA,"STOCKDALE HWY","GOSFORD RD",0.00,,Y,A,-,N,,,,,,,,,,N,3,0,1,4,A,-,12,21453,A,N,D,C,A,A,H,-,A,D,0,,,,,Y,,A,01,0,1,0,0,0,0,0,0,0,"- ","- ",35.354541778564453,-119.09178161621094,KERN,BAKERSFIELD,-119.09237670898438,35.354312896728516
84516097,2024,2024-12-26,1502,2024-12-23,2020,1528,,1,5,6,1502,0,0,0,,0,,"STOCKDALE HWY","STOCKDALE VILLAGE LN",0.00,,Y,A,-,N,,,,,,,,,,N,4,0,3,3,A,-,01,23152,G,N,C,C,A,A,H,-,C,A,0,,,,,Y,Y,A,01,0,0,3,0,0,0,0,0,0,"- ","- ",,,KERN,BAKERSFIELD,-119.07756805419922,35.354377746582031
8451658,2017,2017-09-15,1503,2017-09-04,2152,1098,1503,1,5,4,1503,0,0,0,,0,ALL,"CECIL AV","ELLINGTON ST",179.00,W,N,A,-,N,,,,,,,,,,N,4,0,1,2,A,-,09,21803,A,N,B,C,A,A,H,-,A,D,0,,,,,Y,,A,01,0,0,1,0,0,0,0,0,0,"- ","- ",,,KERN,DELANO,-119.25434267,35.775919999999999
8451665,2017,2017-09-15,1503,2017-08-23,1721,10159,1503,3,5,4,1503,0,0,0,,0,ALL,"HIGH ST","11TH AV",75.00,S,N,A,-,N,,,,,,,,,,N,4,0,1,2,A,-,11,21954,A,N,G,B,E,A,H,-,A,A,0,Y,,,,Y,,N,60,0,0,1,0,1,0,0,0,0,"- ","- ",,,KERN,DELANO,-119.24723734,35.769925909999998
8451669,2017,2017-09-15,1503,2017-08-21,1914,10130,1503,1,5,4,1503,0,0,0,,0,ALL,"CECIL AV","KENSINGTON ST",0.00,,Y,A,-,N,,,,,,,,,,Y,3,0,2,2,A,-,03,22350,,N,D,C,A,A,H,-,A,A,0,,,,,Y,,A,01,0,1,1,0,0,0,0,0,0,"- ","- ",,,KERN,DELANO,-119.24444989,35.775920059999997
84517547,2024,2024-12-27,1502,2024-12-06,1742,1409,,5,5,6,1502,0,0,0,,0,CENTRA,"ASHE RD","LA PUENTE DR",0.00,,Y,A,-,N,,,,,,,,,,Y,4,0,1,2,A,-,09,21802,A,N,D,C,A,A,H,-,C,A,0,,,,,Y,,A,01,0,0,1,0,0,0,0,0,0,"- ","- ",35.341888427734375,-119.07417297363281,KERN,BAKERSFIELD,-119.07450866699219,35.341865539550781
84517549,2024,2024-12-27,1502,2024-12-09,"34  ",1442,,1,5,6,1502,0,0,0,,0,METRO,"24TH ST","CHESTER AV",0.00,,Y,A,-,N,,,,,,,,,,N,2,0,2,2,A,-,12,21453,A,N,D,C,A,A,H,-,C,A,0,,,,,Y,,-,"- ",1,0,1,0,0,0,0,0,0,"- ","- ",35.3809814453125,-119.01821899414062,KERN,BAKERSFIELD,-119.01885223388672,35.381008148193359
84517552,2024,2024-12-27,1502,2024-12-12,"856 ",1430,,4,5,6,1502,0,0,0,,0,,"PANORAMA DR","FAIRFAX RD",367.00,W,N,A,-,N,,,,,,,,,,N,4,0,3,2,A,-,03,22350,,N,C,C,A,A,H,-,A,A,0,,,,,Y,,A,01,0,0,3,0,0,0,0,0,0,"- ","- ",35.402679443359375,-118.92990112304688,KERN,BAKERSFIELD,-118.93135833740234,35.402820587158203
84517553,2024,2024-12-27,1502,2024-12-14,2030,1314,,6,5,6,1502,0,0,0,,0,SOUTH,"HARRIS RD","SUMMER SPRINGS DR",0.00,,Y,A,-,N,,,,,,,,,,Y,4,0,2,2,A,-,12,22450,A,N,D,C,A,A,H,-,C,A,0,,,,,Y,,A,01,0,0,2,0,0,0,0,0,0,"- ","- ",35.303211212158203,-119.06578063964844,KERN,BAKERSFIELD,-119.06558227539062,35.30328369140625
84517554,2024,2024-12-27,1502,2024-12-18,1546,1409,,3,5,6,1502,0,0,0,,0,METRO,"MURDOCK ST","OWENS ST",366.00,E,N,B,-,N,,,,,,,,,,N,4,0,1,2,A,-,08,22103,,N,B,C,A,A,H,-,A,D,0,,,,,Y,,-,35,0,0,1,0,0,0,0,0,0,"- ","- ",35.361099243164062,-118.99134826660156,KERN,BAKERSFIELD,-118.98960113525391,35.362106323242188
84517555,2024,2024-12-27,1502,2024-12-18,1658,1409,,3,5,6,1502,0,0,0,,0,SOUTH,"SADDLE DR","CIMARRON TRAILS DR",0.00,,Y,A,-,N,,,,,,,,,,Y,4,0,2,2,A,-,09,21801,A,N,D,C,A,A,H,-,D,D,0,,,,,Y,,A,01,0,0,2,0,0,0,0,0,0,"- ","- ",35.324001312255859,-119.11338043212891,KERN,BAKERSFIELD,-119.11347961425781,35.323650360107422
84517556,2024,2024-12-27,1502,2024-12-20,1722,P45,,5,5,6,1502,0,0,0,,0,NORTH,"ROSEDALE HWY","PATTON WY",0.00,,Y,A,-,N,,,,,,,,,,N,3,0,5,2,A,-,12,21453,A,N,D,C,A,A,H,-,C,A,0,,,,,Y,,A,01,0,1,4,0,0,0,0,0,0,"- ","- ",35.383148193359375,-119.08348846435547,KERN,BAKERSFIELD,-119.08326721191406,35.383445739746094
84517559,2024,2024-12-27,1502,2024-12-24,2024,1528,,2,5,6,1502,0,0,0,,0,,"OLD RIVER RD","TAFT HWY",144.00,N,N,A,-,N,,,,,,,,,,N,2,0,2,2,A,-,01,23152,A,N,A,C,A,B,F,-,D,D,0,,,,,Y,Y,A,01,1,1,0,0,0,0,0,0,0,"- ","- ",35.267509460449219,-119.11045837402344,KERN,BAKERSFIELD,-119.10999298095703,35.267562866210938
8451798,2017,2017-09-18,1506,2017-06-05,1918,7166,38,1,5,4,1506,0,0,0,,0,,"EAST UPJOHN AV","S DESERT CANDLES ST",66.00,W,N,A,-,N,,,,,,,,,,Y,4,0,2,2,A,-,08,22103,,N,D,C,A,A,H,-,A,D,0,,,,,Y,,A,01,0,0,2,0,0,0,0,0,0,"- ","- ",35.625140000000002,-117.68872,KERN,RIDGECREST,-117.66364141,35.615285190000002
84518788,2024,2024-12-30,1502,2024-12-21,"50  ",1347,,6,5,6,1502,0,0,0,,0,METRO,"N ST","18TH ST",0.00,,Y,A,-,N,,,,,,,,,,N,3,0,1,2,A,-,09,21802,A,N,D,D,A,A,H,-,C,A,0,,,,,Y,,A,01,0,1,0,0,0,0,0,0,0,"- ","- ",35.37445068359375,-119.01444244384766,KERN,BAKERSFIELD,-119.01414489746094,35.375274658203125
84518790,2024,2024-12-30,1502,2024-12-24,2010,1408,,2,5,6,1502,0,0,0,,0,VALLEY,"PANAMA LN","UNION AV",125.00,W,N,A,-,N,,,,,,,,,,Y,4,0,3,2,A,-,08,22107,,M,A,C,A,B,H,-,C,D,0,,,,Y,Y,,F,26,0,0,3,0,0,0,0,0,0,"- ","- ",35.295749664306641,-119.00354766845703,KERN,BAKERSFIELD,-119.00357055664062,35.295890808105469
84518791,2024,2024-12-30,1502,2024-12-25,1325,P45,,3,5,6,1502,0,0,0,,0,NORTH,"NORIEGA RD","VERDUGO LN",0.00,,Y,B,-,N,,,,,,,,,,N,3,0,2,3,A,-,12,21453,A,N,D,C,A,A,H,-,A,A,0,,,,,Y,,A,01,0,1,1,0,0,0,0,0,0,"- ","- ",35.405349731445312,-119.11881256103516,KERN,BAKERSFIELD,-119.11888885498047,35.405254364013672
84518792,2024,2024-12-30,1502,2024-12-27,1042,1476,,5,5,6,1502,0,0,0,,0,METRO,"18TH ST","N ST",0.00,,Y,A,-,N,,,,,,,,,,N,4,0,1,2,A,-,12,22450,A,N,D,C,A,A,H,-,A,A,0,,,,,Y,,A,07,0,0,1,0,0,0,0,0,0,"- ","- ",35.375209808349609,-119.01361083984375,KERN,BAKERSFIELD,-119.01414489746094,35.375274658203125
84518793,2024,2024-12-30,1502,2024-12-27,1336,1451,,5,5,6,1502,0,0,0,,0,HILL,"UNION AV","COLUMBUS ST",0.00,,Y,A,-,Y,,,,,,,,,,N,4,0,2,2,A,-,12,21453,A,N,D,D,A,A,H,-,A,A,0,,,,,Y,,A,07,0,0,2,0,0,0,0,0,0,"- ","- ",35.396541595458984,-119.00289154052734,KERN,BAKERSFIELD,-119.00277709960938,35.397457122802734
8451890,2017,2017-09-19,1506,2017-06-30,1120,5977,38,5,5,4,1506,0,0,0,,0,,"E COMMERCIAL AV","S GATEWAY BL",77.00,W,N,A,-,N,,,,,,,,,,N,4,0,1,2,A,-,03,22350,,F,C,C,A,A,H,-,A,D,0,,,,,Y,,A,07,0,0,1,0,0,0,0,0,0,"- ","- ",,,KERN,RIDGECREST,-117.65241842,35.621520859999997
84519200,2024,2024-12-30,1502,2024-11-25,1742,1408,,1,5,6,1502,0,0,0,,0,VALLEY,"PLANZ RD","ANDERSON ST",41.00,W,N,A,-,N,,,,,,,,,,N,2,0,1,2,A,-,11,21954,A,F,G,B,E,A,H,-,C,D,0,Y,,,,Y,,N,60,1,0,0,0,1,0,0,0,0,"- ","- ",35.323921203613281,-118.98863220214844,KERN,BAKERSFIELD,-118.98774719238281,35.324928283691406
84519201,2024,2025-01-13,1502,2024-12-12,1154,1476,,4,5,6,1502,0,0,0,,0,HILL,"HALEY ST","UNIVERSITY AV",0.00,,Y,B,-,N,,,,,,,,,,N,4,0,2,3,A,-,12,22450,A,N,A,C,A,B,H,-,A,A,0,,,,,Y,,A,07,0,0,2,0,0,0,0,0,0,"- ","- ",35.403739929199219,-118.97634887695312,KERN,BAKERSFIELD,-118.97640228271484,35.404857635498047
84519202,2024,2024-12-30,1502,2024-12-12,1507,1314,,4,5,6,1502,0,0,0,,0,METRO,"CHESTER AV","26TH ST",0.00,,Y,A,-,N,,,,,,,,,,Y,4,0,4,2,A,-,09,21801,A,N,D,C,A,A,H,-,A,A,0,,,,,Y,,A,01,0,0,4,0,0,0,0,0,0,"- ","- ",35.382881164550781,-119.01818084716797,KERN,BAKERSFIELD,-119.01886749267578,35.382896423339844
84519203,2024,2024-12-30,1502,2024-12-17,1656,P75,,2,5,6,1502,0,0,0,,0,METRO,"UNION AV","NILES ST",0.00,,Y,A,-,N,,,,,,,,,,N,4,0,2,2,A,-,08,22107,,N,B,C,A,A,H,-,A,A,0,,,,,Y,,H,13,0,0,2,0,0,0,0,0,0,"- ","- ",35.384380340576172,-119.00287628173828,KERN,BAKERSFIELD,-119.00279998779297,35.383975982666016
84519208,2024,2024-12-30,1502,2024-12-23,1124,P82,,1,5,6,1502,0,0,0,,0,METRO,"P ST","8TH ST",0.00,,Y,A,-,N,,,,,,,,,,Y,4,0,2,2,A,-,09,21802,A,N,D,D,A,A,H,-,A,A,0,,,,,Y,,-,"- ",0,0,2,0,0,0,0,0,0,"- ","- ",35.363739013671875,-119.01232147216797,KERN,BAKERSFIELD,-119.01182556152344,35.364574432373047
84519210,2024,2024-12-30,1502,2024-12-23,1314,P82,,1,5,6,1502,0,0,0,,0,CENTRA,"CALIFORNIA AV","EASTON DR (E)",180.00,E,N,A,-,N,,,,,,,,,,N,4,0,1,2,A,-,03,22350,,M,C,C,A,A,H,-,A,D,0,,,,,Y,,-,99,0,0,1,0,0,0,0,0,0,"- ","- ",35.367851257324219,-119.04399871826172,KERN,BAKERSFIELD,-119.05319213867188,35.366004943847656
84519212,2024,2024-12-30,1502,2024-12-23,1839,1408,,1,5,6,1502,0,0,0,,0,VALLEY,"HAYES ST","KINCAID ST",224.00,S,N,A,-,N,,,,,,,,,,Y,2,0,1,2,A,-,08,22107,,N,A,E,A,A,H,-,C,D,0,,,Y,Y,Y,,C,03,1,0,0,0,0,0,0,0,1,"- ","- ",35.349750518798828,-118.99244689941406,KERN,BAKERSFIELD,-118.99315643310547,35.349525451660156
84519213,2024,2024-12-30,1502,2024-12-24,1416,1408,,2,5,6,1502,0,0,0,,0,HILL,"BERNARD ST","MOUNT VERNON AV",541.00,E,N,C,-,N,,,,,,,,,,N,4,0,1,4,A,-,04,21703,,M,C,C,A,B,H,-,A,D,0,,,,,Y,,A,01,0,0,1,0,0,0,0,0,0,"- ","- ",35.390419006347656,-118.96739959716797,KERN,BAKERSFIELD,-118.96576690673828,35.390285491943359
84519216,2024,2024-12-30,1502,2024-12-27,1108,1418,,5,5,6,1502,0,0,0,,0,SOUTH,"PACHECO RD","AKERS RD",0.00,,Y,A,-,N,,,,,,,,,,N,4,0,1,2,A,-,12,21453,A,N,D,C,A,A,H,-,A,A,0,,,,,Y,,A,01,0,0,1,0,0,0,0,0,0,"- ","- ",35.310070037841797,-119.04792785644531,KERN,BAKERSFIELD,-119.04782104492188,35.31024169921875
84519218,2024,2024-12-30,1502,2024-12-28,1340,P45,,6,5,6,1502,0,0,0,,0,METRO,"4TH ST","CHESTER AV",0.00,,Y,B,-,N,,,,,,,,,,N,4,0,1,2,A,-,01,23152,A,N,D,C,A,A,H,-,A,A,0,,,,,Y,Y,A,01,0,0,1,0,0,0,0,0,0,"- ","- ",35.36077880859375,-119.01856994628906,KERN,BAKERSFIELD,-119.01891326904297,35.360801696777344
84520972,2024,2024-12-31,1502,2024-12-20,1814,1314,,5,5,6,1502,0,0,0,,0,VALLEY,"FAIRVIEW RD","CHESTER W NIMITZ ST",0.00,,Y,A,-,N,,,,,,,,,,N,3,0,1,2,A,-,12,22450,A,F,D,G,A,A,H,-,C,A,0,,Y,,,Y,,-,99,0,1,0,0,0,0,1,0,0,"- ","- ",35.30316162109375,-119.02394104003906,KERN,BAKERSFIELD,-119.02352142333984,35.303119659423828
84520973,2024,2024-12-31,1502,2024-12-22,1834,1442,,7,5,6,1502,0,0,0,,0,METRO,"BAKER ST","NILES ST",0.00,,Y,A,-,N,,,,,,,,,,N,3,0,1,2,A,-,09,21801,A,N,D,C,A,A,H,-,C,A,0,,,,,Y,,A,01,0,1,0,0,0,0,0,0,0,"- ","- ",35.382350921630859,-118.9910888671875,KERN,BAKERSFIELD,-118.99102020263672,35.382007598876953
84520974,2024,2024-12-31,1502,2024-12-24,1009,P88,,2,5,6,1502,0,0,0,,0,HILL,"MANOR ST","DENISE AV",15.00,S,N,B,C,N,,,,,,,,,,N,4,0,1,2,A,-,03,22350,,N,C,C,A,B,H,-,A,D,0,,,,,Y,,D,22,0,0,1,0,0,0,0,0,0,"- ","- ",35.404941558837891,-119.00676727294922,KERN,BAKERSFIELD,-119.00710296630859,35.404468536376953
84520976,2024,2024-12-31,1502,2024-12-25,"336 ",1137,,3,5,6,1502,0,0,0,,0,VALLEY,"MADISON AV","MADISON ST",0.00,,Y,A,-,N,,,,,,,,,,Y,4,0,1,1,A,-,01,23152,A,N,E,I,A,A,H,-,C,A,0,,,,,Y,Y,A,01,0,0,1,0,0,0,0,0,0,"- ","- ",35.324729919433594,-118.99436950683594,KERN,BAKERSFIELD,-118.99430084228516,35.324928283691406
8452132,2017,2018-05-08,1507,2017-09-02,1400,256,,6,5,3,1507,0,0,0,,0,,"MERCED AV","RT 99",2112.00,W,N,A,-,N,,,,,,,,,,N,3,0,1,2,-,-,"- ",,,N,D,E,A,A,G,H,A,D,0,,,,,Y,,-,"- ",0,1,0,0,0,0,0,0,0,"- ","- ",35.52948,-119.19531000000001,KERN,SHAFTER,-119.19687337000001,35.529506699999999
84522465,2024,2025-01-01,1502,2024-12-29,1936,1442,,7,5,6,1502,0,0,0,,0,SOUTH,"HARRIS RD","DESERT VILLA WY",0.00,,Y,A,-,N,,,,,,,,,,N,3,0,1,2,A,-,17,24250,,N,D,C,A,A,H,-,C,D,0,,,,,Y,,A,01,0,1,0,0,0,0,0,0,0,"- ","- ",35.303928375244141,-119.12362670898438,KERN,BAKERSFIELD,-119.12342071533203,35.303436279296875
84522467,2024,2025-01-01,1502,2024-12-30,2058,1408,,1,5,6,1502,0,0,0,,0,,"COLUMBUS ST","JEWETT AV",589.00,W,N,A,-,N,,,,,,,,,,Y,2,0,1,2,A,-,08,22107,,F,B,C,A,A,H,-,C,D,0,,,Y,,Y,,-,99,1,0,0,0,0,0,0,0,1,"- ","- ",35.397289276123047,-119.01428985595703,KERN,BAKERSFIELD,-119.01624298095703,35.398128509521484
84522706,2024,2025-01-02,1502,2024-12-20,1242,1476,,5,5,6,1502,0,0,0,,0,METRO,"CALIFORNIA AV","ROBINSON ST",0.00,,Y,A,-,N,,,,,,,,,,N,4,0,2,2,A,-,09,21804,A,N,C,C,A,A,H,-,A,A,0,,,,Y,Y,,A,07,0,0,2,0,0,0,0,0,0,"- ","- ",35.367431640625,-118.98792266845703,KERN,BAKERSFIELD,-118.9874267578125,35.368560791015625
84522708,2024,2025-01-02,1502,2024-12-24,1337,1469,,2,5,6,1502,0,0,0,,0,,"ALTA VISTA DR","FLOWER ST (N)",0.00,,Y,B,C,N,,,,,,,,,,N,4,0,2,2,A,-,12,22450,A,N,B,C,A,B,H,-,A,A,0,,,,,Y,,A,01,0,0,2,0,0,0,0,0,0,"- ","- ",35.388088226318359,-118.99568939208984,KERN,BAKERSFIELD,-118.99584197998047,35.387378692626953
84522710,2024,2025-01-02,1502,2024-12-30,1707,1469,,1,5,6,1502,0,0,0,,0,METRO,"UNION AV","4TH ST",60.00,S,N,A,-,N,,,,,,,,,,N,4,0,3,3,A,-,03,22350,,N,C,C,A,A,H,-,C,A,0,,,,,Y,Y,A,01,0,0,3,0,0,0,0,0,0,"- ","- ",35.360618591308594,-119.00264739990234,KERN,BAKERSFIELD,-119.00308227539062,35.360584259033203
84524427,2024,2025-01-03,1502,2024-12-26,2230,P82,,4,5,6,1502,0,0,0,,0,CENTRA,"STOCKDALE HWY","ASHE RD",0.00,,Y,A,-,N,,,,,,,,,,Y,4,0,1,2,A,-,12,21453,A,N,D,C,A,A,H,-,C,D,0,,,,,Y,Y,A,07,0,0,1,0,0,0,0,0,0,"- ","- ",35.354301452636719,-119.07315826416016,KERN,BAKERSFIELD,-119.07361602783203,35.354259490966797
84526149,2025,2025-01-06,1502,2025-01-03,1101,1476,,5,5,6,1502,0,0,0,,0,VALLEY,"MADISON ST","BELLE TERRACE (N)",0.00,,Y,A,-,N,,,,,,,,,,N,4,0,1,3,A,-,12,22450,A,N,B,C,A,A,H,-,A,A,0,,,,Y,Y,,A,08,0,0,1,0,0,0,0,0,0,"- ","- ",35.345729827880859,-118.99491119384766,KERN,BAKERSFIELD,-118.99420928955078,35.344684600830078
84526150,2024,2025-01-06,1502,2024-12-09,2118,1185,,1,5,6,1502,0,0,0,,0,METRO,"UNION AV","2ND ST",195.00,N,N,A,-,Y,KER,,204," "," ",2.270,H,,R,N,1,1,0,3,A,-,11,21954,A,F,G,B,D,A,H,-,C,D,0,Y,,,,Y,Y,N,60,0,0,0,1,0,0,0,0,0,"- ","- ",35.356788635253906,-119.00272369384766,KERN,BAKERSFIELD,-119.0029296875,35.356792449951172
84526151,2024,2025-01-06,1502,2024-12-24,2203,1469,,2,5,6,1502,0,0,0,,0,VALLEY,"WILSON RD","HUGHES LN",55.00,W,N,B,-,N,,,,,,,,,,N,4,0,2,2,A,-,03,22350,,N,C,C,A,B,H,-,C,A,0,,,,,Y,,A,01,0,0,2,0,0,0,0,0,0,"- ","- ",35.332279205322266,-119.03012084960938,KERN,BAKERSFIELD,-119.03025054931641,35.332199096679688
84526153,2024,2025-01-06,1502,2024-12-27,1519,P45,,5,5,6,1502,0,0,0,,0,VALLEY,"MONITOR ST","ARNOTT CT",15.00,S,N,B,-,N,,,,,,,,,,N,4,0,2,2,A,-,08,22100,B,N,D,D,A,A,H,-,A,A,0,,,,,Y,,D,22,0,0,2,0,0,0,0,0,0,"- ","- ",35.290939331054688,-119.01335906982422,KERN,BAKERSFIELD,-119.01190185546875,35.291717529296875
84526154,2024,2025-01-06,1502,2024-12-28,"209 ",P82,,6,5,6,1502,0,0,0,,0,METRO,"MONTEREY ST","NILES PL",83.00,W,N,A,-,N,,,,,,,,,,Y,2,0,2,1,A,-,01,23152,A,N,E,I,A,A,H,-,C,D,0,,,,,Y,Y,A,01,1,1,0,0,0,0,0,0,0,"- ","- ",35.383209228515625,-118.99918365478516,KERN,BAKERSFIELD,-118.99911499023438,35.3829345703125
84526157,2024,2025-01-06,1502,2024-12-31,1105,P88,,2,5,6,1502,0,0,0,,0,METRO,"MONTEREY ST","OWENS ST",0.00,,Y,A,-,N,,,,,,,,,,N,3,0,2,2,A,-,08,22107,,N,B,C,A,A,H,-,A,D,0,,,,Y,Y,,F,77,0,1,1,0,0,0,0,0,0,"- ","- ",35.380161285400391,-118.98683929443359,KERN,BAKERSFIELD,-118.98677825927734,35.379863739013672
84526159,2025,2025-01-06,1502,2025-01-02,2142,1347,,4,5,6,1502,0,0,0,,0,CENTRA,"ALLEN RD","MING AV",0.00,,Y,A,-,N,,,,,,,,,,Y,3,0,1,2,A,-,12,21453,A,N,D,D,A,A,H,-,C,A,0,,,,,Y,,A,01,0,1,0,0,0,0,0,0,0,"- ","- ",35.340599060058594,-119.14523315429688,KERN,BAKERSFIELD,-119.14561462402344,35.339958190917969
84526163,2025,2025-01-06,1502,2025-01-02,1543,1451,,4,5,6,1502,0,0,0,,0,METRO,"CHESTER AV","2ND ST",127.00,N,N,A,-,N,,,,,,,,,,Y,3,0,2,2,A,-,09,21801,A,N,D,C,A,A,H,-,A,D,0,,,,,Y,,A,01,0,1,1,0,0,0,0,0,0,"- ","- ",35.356208801269531,-119.01949310302734,KERN,BAKERSFIELD,-119.0189208984375,35.357337951660156
84526164,2025,2025-01-06,1502,2025-01-02,1610,P45,,4,5,6,1502,0,0,0,,0,HILL,"CITY HILLS DR","CORDONATA WY",0.00,,Y,B,-,N,,,,,,,,,,N,3,0,1,2,A,-,05,21650,1,N,H,G,A,A,H,-,A,A,0,,Y,,,Y,,L,04,0,1,0,0,0,0,1,0,0,"- ","- ",35.401020050048828,-118.8902587890625,KERN,BAKERSFIELD,-118.89028930664062,35.402797698974609
8452661,2017,2017-09-19,1500,2017-08-10,1900,202354,WA02,4,5,3,1510,0,0,0,,0,4401,"11TH ST","GRIFFITH AV",150.00,E,N,A,-,N,,,,,,,,,,,4,0,1,2,A,-,00,21954,,M,G,C,D,A,H,-,B,D,0,Y,,,,Y,,N,60,0,0,1,0,1,0,0,0,0,"- ","- ",,,KERN,WASCO,-119.33995600999999,35.588810000000002
8452665,2017,2017-09-19,1500,2017-08-21,1520,202354,WA02,1,5,3,1510,0,0,0,,0,4401,"APPLETREE LN","CENTRAL AV",13.00,E,N,A,-,N,,,,,,,,,,N,3,0,1,2,A,-,05,21650,1,N,D,C,A,A,H,-,A,A,0,,Y,,,Y,,L,04,0,1,0,0,0,0,1,0,0,"- ","- ",,,KERN,WASCO,-119.35808632,35.592889739999997
84527777,2024,2025-01-07,1502,2024-12-16,1736,1469,,1,5,6,1502,0,0,0,,0,METRO,"BAKER ST","KENTUCKY ST",0.00,,Y,A,-,N,,,,,,,,,,N,4,0,1,2,A,-,09,21801,A,N,B,C,A,A,H,-,C,A,0,,,,,Y,,A,01,0,0,1,0,0,0,0,0,0,"- ","- ",35.379199981689453,-118.99224853515625,KERN,BAKERSFIELD,-118.99216461181641,35.378837585449219
84527785,2025,2025-01-07,1502,2025-01-04,1500,P63,,6,5,6,1502,0,0,0,,0,METRO,"UNION AV","BRUNDAGE LN",30.00,N,N,A,-,N,,,,,,,,,,N,3,0,1,2,A,-,11,21954,A,N,G,B,D,A,H,-,A,A,0,Y,,,,Y,,N,60,0,1,0,0,1,0,0,0,0,"- ","- ",35.353710174560547,-119.00276947021484,KERN,BAKERSFIELD,-119.00309753417969,35.353931427001953
8452955,2017,2018-05-25,1500,2017-09-05,1948,202302,WA02,2,5,3,1510,0,0,0,,0,4401,"RT 43","FILBURN AV",540.00,S,N,A,-,Y,KER,6,43,-,R,23.525,H,-,S,Y,3,0,4,2,A,-,01,23152,A,F,F,C,A,A,H,-,D,D,0,,,,,Y,Y,A,01,0,4,0,0,0,0,0,0,0,"- ","- ",,,KERN,WASCO,-119.33409288999999,35.57829194
84531037,2025,2025-01-09,1502,2025-01-06,2012,1469,,1,5,6,1502,0,0,0,,0,,"DAZZLE LN","MC CUTCHEN RD",25.00,N,N,A,-,N,,,,,,,,,,N,3,0,1,1,A,-,08,22107,,N,E,I,A,A,H,-,C,D,0,,,Y,,Y,Y,C,03,0,1,0,0,0,0,0,0,1,"- ","- ",35.281379699707031,-119.06063842773438,KERN,BAKERSFIELD,-119.06015777587891,35.281558990478516
84531039,2025,2025-01-09,1502,2025-01-07,1712,C372,,2,5,6,1502,0,0,0,,0,VALLEY,"TAFT HWY","LA JOLLA ST",0.00,,Y,A,-,N,,,,,,,,,,N,3,0,1,2,A,-,08,22107,,F,C,G,A,A,H,-,C,D,0,,Y,,,Y,,-,99,0,1,0,0,0,0,1,0,0,"- ","- ",35.266029357910156,-119.01850891113281,KERN,BAKERSFIELD,-119.01670837402344,35.266807556152344
84531042,2025,2025-01-09,1502,2025-01-07,2138,P63,,2,5,6,1502,0,0,0,,0,VALLEY,"CHADBOURN ST","SAN VICENTE DR",0.00,,Y,A,-,N,,,,,,,,,,Y,3,0,2,1,A,-,03,22350,,N,E,I,A,A,H,-,C,D,0,,,,,Y,,A,07,0,1,1,0,0,0,0,0,0,"- ","- ",35.316761016845703,-119.01582336425781,KERN,BAKERSFIELD,-119.01557922363281,35.316799163818359
84531681,2024,2025-01-09,1503,2024-12-11,1552,10210,,3,5,4,1503,0,0,0,,0,,"BROWNING AV; 2300 BLOCK","N CURB-LINE CECIL AVENUE",8.00,S,-,A,-,N,,,,,,,,,,N,4,0,2,2,A,-,04,21703,,N,C,C,A,A,H,-,A,A,0,,,,,Y,,A,01,0,0,2,0,0,0,0,0,0,"- ","- ",35.775440216064453,-119.22322845458984,KERN,DELANO,-119.22319030761719,35.775829315185547