CASE_ID,ACCIDENT_YEAR,PROC_DATE,JURIS,COLLISION_DATE,COLLISION_TIME,OFFICER_ID,REPORTING_DISTRICT,DAY_OF_WEEK,CHP_SHIFT,POPULATION,CNTY_CITY_LOC,SPECIAL_COND,BEAT_TYPE,CHP_BEAT_TYPE,CITY_DIVISION_LAPD,CHP_BEAT_CLASS,BEAT_NUMBER,PRIMARY_RD,SECONDARY_RD,DISTANCE,DIRECTION,INTERSECTION,WEATHER_1,WEATHER_2,STATE_HWY_IND,CALTRANS_COUNTY,CALTRANS_DISTRICT,STATE_ROUTE,ROUTE_SUFFIX,POSTMILE_PREFIX,POSTMILE,LOCATION_TYPE,RAMP_INTERSECTION,SIDE_OF_HWY,TOW_AWAY,COLLISION_SEVERITY,NUMBER_KILLED,NUMBER_INJURED,PARTY_COUNT,PRIMARY_COLL_FACTOR,PCF_CODE_OF_VIOL,PCF_VIOL_CATEGORY,PCF_VIOLATION,PCF_VIOL_SUBSECTION,HIT_AND_RUN,TYPE_OF_COLLISION,MVIW,PED_ACTION,ROAD_SURFACE,ROAD_COND_1,ROAD_COND_2,LIGHTING,CONTROL_DEVICE,CHP_ROAD_TYPE,PEDESTRIAN_ACCIDENT,BICYCLE_ACCIDENT,MOTORCYCLE_ACCIDENT,TRUCK_ACCIDENT,NOT_PRIVATE_PROPERTY,ALCOHOL_INVOLVED,STWD_VEHTYPE_AT_FAULT,CHP_VEHTYPE_AT_FAULT,COUNT_SEVERE_INJ,COUNT_VISIBLE_INJ,COUNT_COMPLAINT_PAIN,COUNT_PED_KILLED,COUNT_PED_INJURED,COUNT_BICYCLIST_KILLED,COUNT_BICYCLIST_INJURED,COUNT_MC_KILLED,COUNT_MC_INJURED,PRIMARY_RAMP,SECONDARY_RAMP,LATITUDE,LONGITUDE,COUNTY,CITY,POINT_X,POINT_Y
84643945,2025,2025-04-10,1502,2025-04-06,"956 ",P88,,7,5,6,1502,0,0,0,,0,NORTH,"ROSEDALE HWY","COFFEE RD",0.00,,Y,A,-,N,,,,,,,,,,N,4,0,4,4,A,-,12,21453,A,N,D,C,A,A,H,-,A,A,0,,,,,Y,,A,07,0,0,4,0,0,0,0,0,0,"- ","- ",35.383258819580078,-119.09237670898438,KERN,BAKERSFIELD,-119.09227752685547,35.383499145507812
84643947,2025,2025-04-10,1502,2025-04-06,1452,1528,,7,5,6,1502,0,0,0,,0,,"BUENA VISTA RD","VISTA DEL CHRISTO DR",0.00,,Y,A,-,N,,,,,,,,,,N,3,0,1,2,A,-,08,22107,,N,D,G,A,A,H,-,A,D,0,,Y,,,Y,,L,04,0,1,0,0,0,0,1,0,0,"- ","- ",35.309688568115234,-119.12818908691406,KERN,BAKERSFIELD,-119.12808227539062,35.309177398681641
84643948,2025,2025-04-10,1502,2025-04-06,1848,C372,,7,5,6,1502,0,0,0,,0,HILL,"BUCK OWENS BLVD","RIO MIRADA DR",0.00,,Y,A,-,N,,,,,,,,,,Y,4,0,2,2,A,-,03,22350,,N,D,D,A,A,H,-,A,A,0,,,,,Y,,A,07,0,0,2,0,0,0,0,0,0,"- ","- ",35.397998809814453,-119.04325103759766,KERN,BAKERSFIELD,-119.04322814941406,35.398609161376953
84643949,2025,2025-04-10,1502,2025-04-06,2140,C372,,7,5,6,1502,0,0,0,,0,SOUTH,"STINE RD","HARRIS RD",124.00,N,N,A,-,N,,,,,,,,,,N,3,0,5,4,A,-,01,23152,A,N,C,C,A,A,H,-,C,A,0,,,,,Y,Y,A,07,0,1,4,0,0,0,0,0,0,"- ","- ",35.303089141845703,-119.05687713623047,KERN,BAKERSFIELD,-119.05670166015625,35.303539276123047
84643950,2025,2025-04-10,1502,2025-04-07,1705,C372,,1,5,6,1502,0,0,0,,0,METRO,"4TH ST","V ST",0.00,,Y,A,-,N,,,,,,,,,,N,4,0,2,2,A,-,08,22100,A,M,A,D,A,A,H,-,A,A,0,,,,,Y,,D,22,0,0,2,0,0,0,0,0,0,"- ","- ",35.359859466552734,-119.00569915771484,KERN,BAKERSFIELD,-119.00514984130859,35.360748291015625
84643951,2025,2025-04-10,1502,2025-04-07,1717,1528,,1,5,6,1502,0,0,0,,0,,"BAKER ST","LAKE ST",0.00,,Y,A,-,N,,,,,,,,,,N,3,0,1,3,A,-,08,22107,,F,D,E,A,A,H,-,A,D,0,,,,,Y,,A,01,0,1,0,0,0,0,0,0,0,"- ","- ",35.3802490234375,-118.99185943603516,KERN,BAKERSFIELD,-118.99180603027344,35.379890441894531
84643952,2025,2025-04-10,1502,2025-04-08,1533,C372,,2,5,6,1502,0,0,0,,0,VALLEY,"CHESTER AVE","PLANZ RD",0.00,,Y,A,-,N,,,,,,,,,,N,4,0,2,2,A,-,08,22107,,N,D,C,A,A,H,-,A,A,0,,,,,Y,,A,01,0,0,2,0,0,0,0,0,0,"- ","- ",35.324840545654297,-119.00942230224609,KERN,BAKERSFIELD,-119.00934600830078,35.324901580810547
84643953,2025,2025-04-10,1502,2025-04-08,1934,P63,,2,5,6,1502,0,0,0,,0,METRO,"BRUNDAGE LN","HOLTBY RD",235.00,W,N,A,-,N,,,,,,,,,,Y,4,0,2,2,A,-,03,22350,,F,C,C,A,A,H,-,C,D,0,,,,,Y,,A,07,0,0,2,0,0,0,0,0,0,"- ","- ",35.353271484375,-119.02773284912109,KERN,BAKERSFIELD,-119.02788543701172,35.354000091552734
84644740,2025,2025-04-10,1503,2025-02-13,"757 ",10213,,4,5,4,1503,0,0,0,,0,,"18TH AV","12 WEST OF EAST PROLONGATION MADISON ST.",0.00,,Y,A,-,N,,,,,,,,,,Y,3,0,1,2,A,-,09,21802,A,N,D,C,A,B,H,-,A,A,0,,,,,Y,Y,A,01,0,1,0,0,0,0,0,0,0,"- ","- ",35.779621124267578,-119.24204254150391,KERN,DELANO,-121.60475158691406,39.517570495605469
84645603,2025,2025-04-11,1502,2025-04-05,1818,P45,,6,5,6,1502,0,0,0,,0,HILL,"Q ST","GOLDEN STATE AVE",0.00,,Y,B,-,N,,,,,,,,,,Y,4,0,2,2,A,-,17,21451,A,N,D,C,A,A,H,-,A,A,0,,,,,Y,Y,A,01,0,0,2,0,0,0,0,0,0,"- ","- ",35.382839202880859,-119.01061248779297,KERN,BAKERSFIELD,-119.01058197021484,35.382427215576172
84647364,2025,2025-04-14,1502,2025-03-29,1312,P45,,6,5,6,1502,0,0,0,,0,METRO,"CHESTER AVE","10TH ST",0.00,,Y,B,-,N,,,,,,,,,,Y,3,0,3,2,A,-,09,21801,A,N,D,C,A,A,H,-,A,A,0,,,,,Y,,A,01,0,3,0,0,0,0,0,0,0,"- ","- ",35.366489410400391,-119.01847076416016,KERN,BAKERSFIELD,-119.01886749267578,35.366500854492188
84647365,2025,2025-04-14,1502,2025-03-30,"123 ",P82,,7,5,6,1502,0,0,0,,0,METRO,"L ST","9TH ST",141.00,N,N,A,-,N,,,,,,,,,,Y,3,0,1,2,A,-,01,23152,A,N,C,E,A,A,H,-,D,D,0,,,,,Y,Y,A,07,0,1,0,0,0,0,0,0,0,"- ","- ",35.365520477294922,-119.01611328125,KERN,BAKERSFIELD,-119.01646423339844,35.365936279296875
84647366,2025,2025-04-14,1502,2025-04-04,"535 ",1430,,5,5,6,1502,0,0,0,,0,,"H ST","SOUTHGATE DR",0.00,,Y,A,-,N,,,,,,,,,,N,3,0,1,1,C,-,18,,,N,E,I,A,A,H,-,C,A,0,,,,Y,Y,,-,"- ",0,1,0,0,0,0,0,0,0,"- ","- ",35.335819244384766,-119.02118682861328,KERN,BAKERSFIELD,-119.02131652832031,35.335800170898438
84647367,2025,2025-04-14,1502,2025-04-04,1713,P82,,5,5,6,1502,0,0,0,,0,CENTRA,"MING AVE","MANNING ST",0.00,,Y,A,-,N,,,,,,,,,,Y,4,0,3,4,A,-,01,23152,F,N,D,D,A,A,H,-,A,A,0,,,,,Y,,A,01,0,0,3,0,0,0,0,0,0,"- ","- ",35.335670471191406,-119.07945251464844,KERN,BAKERSFIELD,-119.07972717285156,35.335540771484375
84647369,2025,2025-04-14,1502,2025-04-06,"20  ",1381,,7,5,6,1502,0,0,0,,0,NORTH,"SANTA FE WAY","RENFRO RD",0.00,,Y,A,-,N,,,,,,,,,,Y,3,0,1,1,A,-,01,23152,A,N,E,I,A,A,H,-,C,D,0,,,,,Y,Y,A,01,0,1,0,0,0,0,0,0,0,"- ","- ",35.409168243408203,-119.15885925292969,KERN,BAKERSFIELD,-119.15904235839844,35.408737182617188
84647370,2025,2025-04-14,1502,2025-04-07,1538,1400,,1,5,6,1502,0,0,0,,0,,"HEIGHT ST","178 W ON FR HEIGHT RAMP (W)",0.00,,Y,A,-,N,,,,,,,,,,N,4,0,3,2,A,-,03,22350,,N,C,C,A,A,H,-,A,A,0,,,,,Y,,A,01,0,0,3,0,0,0,0,0,0,"- ","- ",35.392749786376953,-118.97588348388672,KERN,BAKERSFIELD,,
84647372,2025,2025-04-14,1502,2025-04-10,"834 ",C392,,4,5,6,1502,0,0,0,,0,METRO,"18TH ST","V ST",0.00,,Y,A,-,N,,,,,,,,,,N,4,0,1,3,A,-,17,21461,A,N,D,C,A,A,H,-,A,A,0,,,,,Y,,D,22,0,0,1,0,0,0,0,0,0,"- ","- ",35.375679016113281,-119.00492095947266,KERN,BAKERSFIELD,-119.00482177734375,35.375221252441406
84647374,2025,2025-04-14,1502,2025-04-10,1605,1347,,4,5,6,1502,0,0,0,,0,METRO,"CALIFORNIA AVE","UNION AVE",0.00,,Y,A,-,N,,,,,,,,,,N,4,0,4,2,A,-,09,21453,C,N,D,C,A,A,H,-,A,A,0,,,,,Y,,A,01,0,0,4,0,0,0,0,0,0,"- ","- ",35.368278503417969,-119.00253295898438,KERN,BAKERSFIELD,-119.00300598144531,35.368362426757812
84647376,2025,2025-04-14,1502,2025-04-11,"947 ",C392,,5,5,6,1502,0,0,0,,0,CENTRA,"OLD RIVER RD","MING AVE",36.00,S,N,A,-,N,,,,,,,,,,N,4,0,1,2,A,-,03,22350,,N,C,C,A,A,H,-,A,A,0,,,,,Y,,A,01,0,0,1,0,0,0,0,0,0,"- ","- ",35.340171813964844,-119.11403656005859,KERN,BAKERSFIELD,-119.11441040039062,35.339599609375
84647593,2024,2025-04-14,1502,2024-08-24,2043,1528,,6,5,6,1502,0,0,0,,0,VALLEY,"UNION AV","PANAMA LN",56.00,S,N,A,-,N,,,,,,,,,,N,1,1,0,2,A,-,11,21954,A,N,G,B,D,A,H,-,C,D,0,Y,,,,Y,Y,N,60,0,0,0,1,0,0,0,0,0,"- ","- ",35.294990539550781,-119.00446319580078,KERN,BAKERSFIELD,-119.00315093994141,35.295738220214844
84647594,2025,2025-04-14,1502,2025-03-19,"723 ",1418,,3,5,6,1502,0,0,0,,0,VALLEY,"WILSON RD","HUGHES LN",58.00,W,N,A,-,N,,,,,,,,,,Y,1,1,1,3,A,-,03,22350,,N,C,C,A,A,H,-,A,A,0,,,,,Y,,A,07,0,0,1,0,0,0,0,0,0,"- ","- ",35.332279205322266,-119.03012084960938,KERN,BAKERSFIELD,-119.03026580810547,35.332199096679688
84647595,2025,2025-04-14,1502,2025-04-04,1826,P45,,5,5,6,1502,0,0,0,,0,VALLEY,"WHITE LN","99 N OFF TO WHITE RAMP",60.00,E,N,B,-,Y,,,,,,,,,,Y,3,0,4,3,A,-,03,22350,,N,C,C,A,A,H,-,A,A,0,,,,,Y,,A,01,0,1,3,0,0,0,0,0,0,"- ","- ",35.317790985107422,-119.03482818603516,KERN,BAKERSFIELD,-119.00305938720703,35.317714691162109
84647598,2025,2025-04-14,1502,2025-04-09,"811 ",1418,,3,5,6,1502,0,0,0,,0,HILL,"MT VERNON AVE","COLUMBUS ST",30.00,N,N,-,-,N,,,,,,,,,,N,4,0,1,2,A,-,21,22106,,N,C,C,A,A,H,-,A,A,0,,,Y,,Y,,A,01,0,0,1,0,0,0,0,0,1,"- ","- ",35.397689819335938,-118.96736145019531,KERN,BAKERSFIELD,-118.96759033203125,35.397590637207031
84647599,2025,2025-04-14,1502,2025-04-12,2005,P45,,6,5,6,1502,0,0,0,,0,VALLEY,"MARVIN ST","WELCH AVE",0.00,,Y,A,-,N,,,,,,,,,,N,4,0,1,2,A,-,12,22450,A,N,D,C,A,A,H,-,C,A,0,,,,,Y,,A,07,0,0,1,0,0,0,0,0,0,"- ","- ",35.284839630126953,-119.00147247314453,KERN,BAKERSFIELD,-119.00084686279297,35.285003662109375
84648190,2025,2025-04-14,1503,2025-03-13,"140 ",10211,,4,5,4,1503,0,0,0,,0,,"400 S EL DORADO CIR","W CURBLINE",29.00,E,-,C,G,N,,,,,,,,,,Y,3,0,1,2,A,-,03,22350,,M,B,C,A,B,H,-,D,D,0,,,,,Y,Y,A,01,0,1,0,0,0,0,0,0,0,"- ","- ",35.773300170898438,-119.26508331298828,KERN,DELANO,-119.26679229736328,35.772560119628906
84649264,2025,2025-04-15,1502,2025-03-22,"716 ",1418,,6,5,6,1502,0,0,0,,0,METRO,"OAK ST","PALM ST",186.00,S,N,A,-,N,,,,,,,,,,Y,4,0,1,2,A,-,05,21202,A,N,D,G,A,A,H,-,A,D,0,,Y,,,Y,,L,04,0,0,1,0,0,0,1,0,0,"- ","- ",35.361530303955078,-119.03858184814453,KERN,BAKERSFIELD,-119.03888702392578,35.360851287841797
84649265,2025,2025-04-15,1502,2025-04-05,"751 ",1430,,6,5,6,1502,0,0,0,,0,,"CALIFORNIA AVE","CHESTER LN",0.00,,Y,A,-,N,,,,,,,,,,N,4,0,1,2,A,-,12,21453,A,N,D,C,A,A,H,-,A,A,0,,,,,Y,,A,01,0,0,1,0,0,0,0,0,0,"- ","- ",35.367618560791016,-119.04736328125,KERN,BAKERSFIELD,-119.04775238037109,35.367362976074219
84649266,2025,2025-04-15,1502,2025-04-05,1511,1430,,6,5,6,1502,0,0,0,,0,,"CHESTER AVE","TRUXTUN AVE",16.00,S,N,A,-,N,,,,,,,,,,N,3,0,3,2,A,-,03,22350,,N,C,C,A,A,H,-,A,A,0,,,,,Y,,A,01,0,1,2,0,0,0,0,0,0,"- ","- ",35.373310089111328,-119.01834869384766,KERN,BAKERSFIELD,-119.01889801025391,35.373226165771484
84649270,2025,2025-04-15,1502,2025-04-09,1240,1430,,3,5,6,1502,0,0,0,,0,,"3000 ELM ST","19TH ST",152.00,S,N,A,-,N,,,,,,,,,,N,3,0,1,1,A,-,01,23152,A,N,E,I,A,A,H,-,A,D,0,,,,,Y,Y,A,01,0,1,0,0,0,0,0,0,0,"- ","- ",35.376419067382812,-119.03578948974609,KERN,BAKERSFIELD,-119.03630828857422,35.375873565673828
84649271,2025,2025-04-15,1502,2025-04-13,1253,C372,,7,5,6,1502,0,0,0,,0,CENTRA,"PIN OAK PARK BLVD","WHITE LN",0.00,,Y,A,-,N,,,,,,,,,,N,3,0,4,2,A,-,12,21453,A,N,D,D,A,A,H,-,A,A,0,,,,,Y,,A,07,0,1,3,0,0,0,0,0,0,"- ","- ",35.318470001220703,-119.0994873046875,KERN,BAKERSFIELD,-119.09843444824219,35.318466186523438
8464967,2017,2017-10-16,1506,2017-03-24,1910,3672,38,5,5,4,1506,0,0,0,,0,,"S SUNLAND ST","HEATHERGLEN AV",42.00,S,N,A,-,N,,,,,,,,,,N,4,0,1,2,A,-,09,21802,A,N,H,G,A,A,H,-,C,A,0,,Y,,,Y,,L,04,0,0,1,0,0,0,1,0,0,"- ","- ",,,KERN,RIDGECREST,-117.66118215,35.61624492
8464971,2017,2017-10-16,1506,2017-04-07,1017,4188,37,5,5,4,1506,0,0,0,,0,,"S CHINA LAKE BL","UPJOHN AV",70.00,N,N,A,-,N,,,,,,,,,,N,3,0,1,2,A,-,11,21956,A,N,D,B,E,A,H,-,A,D,0,Y,,,,Y,,N,60,0,1,0,0,1,0,0,0,0,"- ","- ",35.615760000000002,-117.66972,KERN,RIDGECREST,-117.67007427999999,35.615461770000003
8464975,2017,2017-10-16,1506,2017-04-21,1430,5977,28,5,5,4,1506,0,0,0,,0,,"WEST LAS FLORES AV","N BALSAM ST",0.00,,Y,A,-,N,,,,,,,,,,Y,4,0,3,2,A,-,09,21804,A,N,H,C,A,A,H,-,A,D,0,,,,,Y,,A,01,0,0,3,0,0,0,0,0,0,"- ","- ",35.629800000000003,-117.67111,KERN,RIDGECREST,-117.67111013,35.629790110000002
8464979,2017,2017-10-16,1506,2017-04-13,0750,1712,36,4,5,4,1506,0,0,0,,0,,"NORTH CHINA LAKE BL","UPJOHN AV",0.00,,Y,A,-,N,,,,,,,,,,N,4,0,1,2,A,-,10,21950,A,N,H,G,A,A,H,-,A,B,0,,Y,,,Y,,-,,0,0,1,0,0,0,1,0,0,"- ","- ",35.615270000000002,-117.67016,KERN,RIDGECREST,-117.67008001000001,35.615270119999998
8464983,2017,2017-10-13,1506,2017-04-16,1223,2302,51,7,5,4,1506,0,0,0,,0,,"S DOWNS ST","UTILITY POLE #4175840B",57.00,S,N,A,-,N,,,,,,,,,,Y,4,0,2,2,A,-,09,21802,A,N,D,C,A,A,H,-,A,A,0,,,,,Y,,A,07,0,0,2,0,0,0,0,0,0,"- ","- ",35.607750000000003,-117.6879,KERN,RIDGECREST,,
8465023,2017,2017-10-16,1506,2017-05-03,0545,5977,27,3,5,4,1506,0,0,0,,0,,"N NORMA ST","W VERA AV",20.00,S,N,A,-,N,,,,,,,,,,Y,4,0,1,1,A,-,01,23152,F,N,E,I,A,A,H,-,A,D,0,,,,,Y,,A,01,0,0,1,0,0,0,0,0,0,"- ","- ",35.623930000000001,-117.67874,KERN,RIDGECREST,-117.67887064,35.624135199999998
8465027,2017,2017-10-16,1506,2017-05-10,1845,5977,20,3,5,4,1506,0,0,0,,0,,"N NORMA ST","WEST DRUMMOND AV",0.00,,Y,A,-,N,,,,,,,,,,Y,4,0,2,2,A,-,12,21453,A,N,D,C,A,A,H,-,A,A,0,,,,,Y,,A,01,0,0,2,0,0,0,0,0,0,"- ","- ",35.637030000000003,-117.67874,KERN,RIDGECREST,-117.67873005,35.637160080000001
8465031,2017,2017-10-16,1506,2017-05-10,1115,5977,39,3,5,4,1506,0,0,0,,0,,"S RICHMOND RD","EAST CALIFORNIA AV",0.00,,Y,A,-,N,,,,,,,,,,N,4,0,1,2,A,-,09,21802,A,N,D,C,A,A,H,-,A,A,0,,,,,Y,,A,01,0,0,1,0,0,0,0,0,0,"- ","- ",35.640860000000004,-117.67119,KERN,RIDGECREST,-117.64809008,35.620680120000003
84651227,2025,2025-04-16,1502,2025-04-13,2009,P75,,7,5,6,1502,0,0,0,,0,METRO,"18TH ST","UNION AVE",88.00,E,N,A,-,N,,,,,,,,,,N,3,0,1,2,A,-,05,21650,1,F,H,G,A,A,H,-,C,D,0,,Y,,,Y,,L,04,0,1,0,0,0,0,1,0,0,"- ","- ",35.375659942626953,-119.00301361083984,KERN,BAKERSFIELD,-119.00301361083984,35.375221252441406
84651228,2025,2025-04-16,1502,2025-04-14,2000,1408,,1,5,6,1502,0,0,0,,0,METRO,"NILES ST","MILLER ST",40.00,W,N,A,-,N,,,,,,,,,,N,3,0,1,2,A,-,11,21954,A,F,G,B,E,A,H,-,C,D,0,Y,,,,Y,,N,60,0,1,0,0,1,0,0,0,0,"- ","- ",35.380058288574219,-118.98184204101562,KERN,BAKERSFIELD,-118.98188781738281,35.379829406738281
84651229,2025,2025-04-16,1502,2025-04-15,1725,P63,,2,5,6,1502,0,0,0,,0,CENTRA,"STOCKDALE HWY","CALIFORNIA AVE",796.00,W,N,A,-,N,,,,,,,,,,Y,3,0,1,2,A,-,12,21453,A,N,D,C,A,A,H,-,A,A,0,,,,,Y,,A,01,0,1,0,0,0,0,0,0,0,"- ","- ",35.354129791259766,-119.06069946289062,KERN,BAKERSFIELD,-119.06391906738281,35.35430908203125
84652693,2025,2025-04-17,1502,2025-04-02,1757,1469,,3,5,6,1502,0,0,0,,0,METRO,"A ST","BRUNDAGE LN",0.00,,Y,A,-,N,,,,,,,,,,N,4,0,1,2,A,-,17,21451,A,M,E,J,A,A,H,-,A,A,0,,,,,Y,,A,01,0,0,1,0,0,0,0,0,0,"- ","- ",35.354080200195312,-119.02922058105469,KERN,BAKERSFIELD,-119.02944946289062,35.353996276855469
84652698,2025,2025-04-17,1502,2025-04-16,1147,P63,,3,5,6,1502,0,0,0,,0,NORTH,"ROSEDALE HWY","COFFEE RD",1000.00,W,N,A,-,Y,,,,,,,,,,N,4,0,1,2,A,-,03,22350,,M,C,C,A,A,H,-,A,A,0,,,,,Y,,A,01,0,0,1,0,0,0,0,0,0,"- ","- ",35.383258819580078,-119.09237670898438,KERN,BAKERSFIELD,-119.09562683105469,35.383514404296875
84652699,2025,2025-04-17,1502,2025-04-16,1630,C427,,3,5,6,1502,0,0,0,,0,METRO,"H ST","BANK ST",0.00,,Y,B,-,N,,,,,,,,,,N,3,0,2,2,A,-,03,22350,,N,C,C,A,A,H,-,A,D,0,,,,,Y,,A,07,0,1,1,0,0,0,0,0,0,"- ","- ",35.357181549072266,-119.02182769775391,KERN,BAKERSFIELD,-119.02127838134766,35.357921600341797
84652700,2025,2025-04-17,1502,2025-04-16,2122,1381,,3,5,6,1502,0,0,0,,0,CENTRA,"GOSFORD RD","LAURELGLEN BLVD (N)",0.00,,Y,A,-,N,,,,,,,,,,Y,4,0,2,2,A,-,12,21453,A,N,A,C,A,A,H,-,C,A,0,,,,,Y,,-,"- ",0,0,2,0,0,0,0,0,0,"- ","- ",35.333900451660156,-119.09198760986328,KERN,BAKERSFIELD,-119.09224700927734,35.325180053710938
84654099,2025,2025-04-17,1503,2025-03-20,"810 ",10198,,4,5,4,1503,0,0,0,,0,,"KENSINGTON ST","CECIL AVE",21.00,E,-,A,-,N,,,,,,,,,,N,4,0,1,2,A,-,09,21801,,N,D,C,A,A,H,-,A,D,0,,,,,Y,,D,72,0,0,1,0,0,0,0,0,0,"- ","- ",35.775920867919922,-119.24443817138672,KERN,DELANO,-119.24443817138672,35.775863647460938
8465435,2017,2019-04-10,1511,2017-09-30,1735,53016,,6,5,2,1511,0,0,0,,0,00A,"BURR AV","MIND ST",140.00,W,N,A,-,N,,,,,,,,,,N,1,1,0,1,A,-,08,38314,,N,H,A,A,A,G,H,A,D,0,,,Y,,Y,Y,C,02,0,0,0,0,0,0,0,1,0,"- ","- ",,,KERN,"CALIFORNIA CITY",-117.74244736999999,35.185200010000003
84654377,2025,2025-04-18,1502,2025-04-16,1652,P63,,3,5,6,1502,0,0,0,,0,CENTRA,"PLANZ RD","REAL RD",30.00,W,N,A,-,N,,,,,,,,,,N,4,0,1,2,A,-,03,22350,,M,C,C,A,A,H,-,A,A,0,,,,,Y,,-,99,0,0,1,0,0,0,0,0,0,"- ","- ",35.325168609619141,-119.04351043701172,KERN,BAKERSFIELD,-119.04348754882812,35.324981689453125
84655611,2025,2025-04-21,1502,2025-04-03,1459,1485,,4,5,6,1502,0,0,0,,0,,"GOSFORD RD","MC CUTCHEN RD",0.00,,Y,A,-,N,,,,,,,,,,N,4,0,1,2,A,-,17,21461,A,N,B,C,A,A,H,-,A,A,0,,,,,Y,,-,"- ",0,0,1,0,0,0,0,0,0,"- ","- ",35.281520843505859,-119.09374237060547,KERN,BAKERSFIELD,-119.09215545654297,35.281612396240234
84655612,2025,2025-04-21,1502,2025-04-04,1544,P45,,5,5,6,1502,0,0,0,,0,CENTRA,"MING AVE","STINE RD",0.00,,Y,B,-,N,,,,,,,,,,N,3,0,1,2,A,-,12,21453,A,F,G,B,B,A,H,-,A,A,0,Y,,,,Y,,A,01,0,1,0,0,1,0,0,0,0,"- ","- ",35.339820861816406,-119.05039978027344,KERN,BAKERSFIELD,-119.05047607421875,35.339481353759766
84655735,2025,2025-04-21,1503,2025-04-06,1457,10182,,7,5,4,1503,0,0,0,,0,,"GARCES HWY","ELLINGTON STREET",0.00,,Y,A,-,N,,,,,,,,,,Y,3,0,4,2,A,-,09,21802,A,N,D,C,A,A,H,-,A,D,0,,,,,Y,,A,01,0,4,0,0,0,0,0,0,0,"- ","- ",35.761398315429688,-119.24974060058594,KERN,DELANO,-119.24976348876953,35.761402130126953
84656110,2025,2025-04-21,1502,2025-02-19,1710,1409,,3,5,6,1502,0,0,0,,0,METRO,"BRUNDAGE LN","EYE ST",0.00,,Y,A,-,N,,,,,,,,,,N,4,0,1,2,A,-,09,21802,A,M,A,C,A,A,H,-,A,A,0,,,,,Y,,A,01,0,0,1,0,0,0,0,0,0,"- ","- ",35.353988647460938,-119.01991271972656,KERN,BAKERSFIELD,-119.02013397216797,35.353996276855469
84656111,2025,2025-04-21,1502,2025-03-21,1912,1409,,5,5,6,1502,0,0,0,,0,NORTH,"VERDUGO LN","NORIEGA RD",0.00,,Y,A,-,N,,,,,,,,,,Y,4,0,2,2,A,-,12,21453,A,N,D,C,A,A,H,-,A,A,0,,,,,Y,,A,01,0,0,2,0,0,0,0,0,0,"- ","- ",35.405349731445312,-119.11881256103516,KERN,BAKERSFIELD,-119.11888885498047,35.405254364013672
84656112,2025,2025-04-21,1502,2025-03-22,1602,P99,,6,5,6,1502,0,0,0,,0,CENTRA,"STOCKDALE HWY","RIVER RUN BLVD",1702.00,E,N,A,-,N,,,,,,,,,,N,3,0,4,3,A,-,09,21801,A,N,D,C,A,A,H,-,A,A,0,,,,,Y,,D,22,0,3,1,0,0,0,0,0,0,"- ","- ",35.348869323730469,-119.12554168701172,KERN,BAKERSFIELD,-119.1270751953125,35.348941802978516
84656114,2025,2025-04-21,1502,2025-04-05,1753,1451,,6,5,6,1502,0,0,0,,0,METRO,"V ST","21ST ST",0.00,,Y,A,-,N,,,,,,,,,,Y,4,0,4,3,A,-,12,22450,A,N,D,D,A,A,H,-,A,A,0,,,,,Y,,A,01,0,0,4,0,0,0,0,0,0,"- ","- ",35.377189636230469,-119.00508880615234,KERN,BAKERSFIELD,-119.00476837158203,35.378074645996094
84656117,2025,2025-04-21,1502,2025-04-11,1041,1451,,5,5,6,1502,0,0,0,,0,VALLEY,"PANAMA LN","99 N OFF TO PANAMA RAMP",0.00,,Y,A,-,Y,,,,,,,,,,Y,3,0,3,2,A,-,12,21453,A,N,D,D,A,A,H,-,A,A,0,,,,Y,Y,,A,07,0,2,1,0,0,0,0,0,0,"- ","- ",35.29595947265625,-119.02941131591797,KERN,BAKERSFIELD,-119.00307464599609,35.295894622802734
84656118,2025,2025-04-21,1502,2025-04-13,"13  ",1425,,7,5,6,1502,0,0,0,,0,,"COTTONWOOD RD","PANAMA LN",1143.00,N,N,A,-,N,,,,,,,,,,Y,4,0,1,2,A,-,01,23152,A,N,A,C,A,A,H,-,C,D,0,,,,,Y,Y,D,72,0,0,1,0,0,0,0,0,0,"- ","- ",35.295631408691406,-118.98587036132812,KERN,BAKERSFIELD,-118.98535919189453,35.295928955078125
84656120,2025,2025-04-21,1502,2025-04-17,1948,1425,,4,5,6,1502,0,0,0,,0,,"ROSEDALE HWY","DELBERT ST",279.00,W,N,A,-,Y,,,,,,,,,,Y,4,0,1,2,A,-,01,23152,A,N,A,C,A,A,H,-,C,D,0,,,,,Y,Y,A,01,0,0,1,0,0,0,0,0,0,"- ","- ",35.383419036865234,-119.10568237304688,KERN,BAKERSFIELD,-119.10640716552734,35.383388519287109
84656121,2025,2025-04-21,1502,2025-04-18,1810,C427,,5,5,6,1502,0,0,0,,0,SOUTH,"PANAMA LN","DENNEN ST",45.00,W,N,B,-,N,,,,,,,,,,Y,3,0,1,2,A,-,03,22350,,N,C,C,A,A,H,-,A,D,0,,,,,Y,,A,01,0,1,0,0,0,0,0,0,0,"- ","- ",35.295989990234375,-119.0335693359375,KERN,BAKERSFIELD,-119.03321075439453,35.29595947265625
84656123,2025,2025-04-21,1502,2025-04-19,"513 ",1528,,6,5,6,1502,0,0,0,,0,,"ASHE RD","DISTRICT BLVD",0.00,,Y,A,-,N,,,,,,,,,,Y,3,0,2,2,A,-,12,21453,A,N,D,C,A,A,H,-,B,A,0,,,,,Y,,-,"- ",0,2,0,0,0,0,0,0,0,"- ","- ",35.313129425048828,-119.07450866699219,KERN,BAKERSFIELD,-119.07444763183594,35.313121795654297