CASE_ID,ACCIDENT_YEAR,PROC_DATE,JURIS,COLLISION_DATE,COLLISION_TIME,OFFICER_ID,REPORTING_DISTRICT,DAY_OF_WEEK,CHP_SHIFT,POPULATION,CNTY_CITY_LOC,SPECIAL_COND,BEAT_TYPE,CHP_BEAT_TYPE,CITY_DIVISION_LAPD,CHP_BEAT_CLASS,BEAT_NUMBER,PRIMARY_RD,SECONDARY_RD,DISTANCE,DIRECTION,INTERSECTION,WEATHER_1,WEATHER_2,STATE_HWY_IND,CALTRANS_COUNTY,CALTRANS_DISTRICT,STATE_ROUTE,ROUTE_SUFFIX,POSTMILE_PREFIX,POSTMILE,LOCATION_TYPE,RAMP_INTERSECTION,SIDE_OF_HWY,TOW_AWAY,COLLISION_SEVERITY,NUMBER_KILLED,NUMBER_INJURED,PARTY_COUNT,PRIMARY_COLL_FACTOR,PCF_CODE_OF_VIOL,PCF_VIOL_CATEGORY,PCF_VIOLATION,PCF_VIOL_SUBSECTION,HIT_AND_RUN,TYPE_OF_COLLISION,MVIW,PED_ACTION,ROAD_SURFACE,ROAD_COND_1,ROAD_COND_2,LIGHTING,CONTROL_DEVICE,CHP_ROAD_TYPE,PEDESTRIAN_ACCIDENT,BICYCLE_ACCIDENT,MOTORCYCLE_ACCIDENT,TRUCK_ACCIDENT,NOT_PRIVATE_PROPERTY,ALCOHOL_INVOLVED,STWD_VEHTYPE_AT_FAULT,CHP_VEHTYPE_AT_FAULT,COUNT_SEVERE_INJ,COUNT_VISIBLE_INJ,COUNT_COMPLAINT_PAIN,COUNT_PED_KILLED,COUNT_PED_INJURED,COUNT_BICYCLIST_KILLED,COUNT_BICYCLIST_INJURED,COUNT_MC_KILLED,COUNT_MC_INJURED,PRIMARY_RAMP,SECONDARY_RAMP,LATITUDE,LONGITUDE,COUNTY,CITY,POINT_X,POINT_Y
84672601,2025,2025-05-02,1502,2025-04-02,1744,1314,,3,5,6,1502,0,0,0,,0,CENTRA,"STOCKDALE HWY","REAL RD",0.00,,Y,A,-,N,,,,,,,,,,Y,4,0,1,2,A,-,12,21453,A,M,D,C,A,A,H,-,A,A,0,,,,,Y,,-,"- ",0,0,1,0,0,0,0,0,0,"- ","- ",35.354351043701172,-119.04325866699219,KERN,BAKERSFIELD,-119.04346466064453,35.354232788085938
84672602,2025,2025-05-02,1502,2025-04-16,1411,1451,,3,5,6,1502,0,0,0,,0,METRO,"BAKER ST","EUREKA ST",0.00,,Y,A,-,N,,,,,,,,,,N,2,0,1,2,A,-,17,21663,,F,G,B,F,A,H,-,A,D,0,Y,,,,Y,,A,07,1,0,0,0,1,0,0,0,0,"- ","- ",35.373050689697266,-118.99452972412109,KERN,BAKERSFIELD,-118.99436187744141,35.372673034667969
84672603,2025,2025-05-02,1502,2025-04-24,"911 ",1476,,4,5,6,1502,0,0,0,,0,HILL,"GOLDEN STATE AVE","Q ST",0.00,,Y,A,-,N,,,,,,,,,,N,4,0,1,2,A,-,08,22107,,N,C,C,A,A,H,-,A,A,0,,,,,Y,,A,01,0,0,1,0,0,0,0,0,0,"- ","- ",35.382839202880859,-119.01061248779297,KERN,BAKERSFIELD,-119.01058197021484,35.382427215576172
84673921,2025,2025-05-05,1502,2025-05-01,1933,1425,,4,5,6,1502,0,0,0,,0,,"MONITOR ST","BERKSHIRE RD",199.00,N,N,A,-,N,,,,,,,,,,N,4,0,1,2,A,-,03,22350,,N,B,C,A,A,H,-,B,D,0,,,Y,,Y,,C,02,0,0,1,0,0,0,0,0,1,"- ","- ",35.288551330566406,-119.01248168945312,KERN,BAKERSFIELD,-119.01188659667969,35.289157867431641
8467445,2017,2017-11-06,1502,2017-09-25,1150,1210,,1,5,6,1502,0,0,0,,0,CENTRA,"PIN OAK PARK BL","CROWNING SHEILD DR",39.00,S,N,A,-,N,,,,,,,,,,N,3,0,1,2,A,-,03,22350,,N,C,C,A,A,H,-,A,D,0,,,,,Y,,D,22,0,1,0,0,0,0,0,0,0,"- ","- ",35.317509999999999,-119.09881,KERN,BAKERSFIELD,-119.09878178,35.317142990000001
8467449,2017,2017-11-06,1502,2017-09-26,2209,1177,,2,5,6,1502,0,0,0,,0,VALLEY,"PANAMA LN","NADEAU ST",0.00,,Y,A,-,N,,,,,,,,,,Y,4,0,1,2,A,-,12,22450,A,N,D,C,A,A,H,-,C,A,0,,,,,Y,,A,01,0,0,1,0,0,0,0,0,0,"- ","- ",35.295780000000001,-119.00797,KERN,BAKERSFIELD,-119.00746003,35.295900019999998
84674538,2025,2025-05-05,1502,2025-04-25,1507,P45,,5,5,6,1502,0,0,0,,0,HILL,"ALFRED HARRELL HWY","OLD ALFRED HARRELL HWY (W)",15.00,E,N,B,-,N,,,,,,,,,,N,3,0,3,2,A,-,08,22100,B,N,D,C,A,A,H,-,A,D,0,,,,,Y,,A,01,0,2,1,0,0,0,0,0,0,"- ","- ",35.419029235839844,-118.96259307861328,KERN,BAKERSFIELD,-118.88831329345703,35.430965423583984
8467465,2017,2017-10-23,1502,2017-10-03,1151,1210,,2,5,6,1502,0,0,0,,0,CENTRA,"NEW STINE RD","DEMARET AV",101.00,N,N,A,-,N,,,,,,,,,,Y,4,0,1,2,A,-,03,22350,,N,C,C,A,A,H,-,A,D,0,,,,,Y,,A,01,0,0,1,0,0,0,0,0,0,"- ","- ",35.351579999999998,-119.06073000000001,KERN,BAKERSFIELD,-119.06138,35.351669999999999
8467469,2017,2018-06-08,1502,2017-10-03,1942,P82,,2,5,6,1502,0,0,0,,0,HILL,"HALEY ST","HEIGHT ST",0.00,,Y,A,-,N,,,,,,,,,,N,4,0,1,2,A,-,09,21801,A,N,D,C,A,A,H,-,C,A,0,,,,,Y,,A,07,0,0,1,0,0,0,0,0,0,"- ","- ",35.394100000000002,-118.97623,KERN,BAKERSFIELD,-118.97633003,35.393880070000002
8467473,2017,2017-10-23,1502,2017-10-03,1835,P82,,2,5,6,1502,0,0,0,,0,HILL,"DENISE AV","MANOR ST",0.00,,Y,A,-,N,,,,,,,,,,Y,3,0,2,2,A,-,12,21453,A,M,D,C,A,A,H,-,B,A,0,,,,,Y,,A,01,0,1,1,0,0,0,0,0,0,"- ","- ",35.404940000000003,-119.00677,KERN,BAKERSFIELD,-119.00713009,35.404500030000001
8467477,2017,2017-10-23,1502,2017-10-04,0947,P24,,3,5,6,1502,0,0,0,,0,METRO,"TRUXTON AV","SUMNER ST",0.00,,Y,A,-,N,,,,,,,,,,Y,3,0,2,4,A,-,09,21802,A,N,D,C,A,A,H,-,A,A,0,,,,,Y,,A,07,0,1,1,0,0,0,0,0,0,"- ","- ",35.37341,-118.98093,KERN,BAKERSFIELD,-118.98079001000001,35.373160069999997
8467489,2017,2017-11-01,1502,2017-09-25,1139,P75,,1,5,6,1502,0,0,0,,0,SOUTH,"STINE RD","HARRIS RD",290.00,S,N,A,-,N,,,,,,,,,,Y,3,0,1,2,A,-,08,22107,,N,D,E,A,A,H,-,A,D,0,,,,Y,Y,,A,01,0,1,0,0,0,0,0,0,0,"- ","- ",35.303089999999997,-119.05688000000001,KERN,BAKERSFIELD,-119.05678797,35.302410989999998
84675619,2025,2025-05-05,1503,2025-02-01,"855 ",10198,,6,5,4,1503,0,0,0,,0,,"WOOLLOMES AV","S. HIGH STREET",35.00,N,-,A,-,N,,,,,,,,,,N,2,0,1,2,D,-,00,,,N,G,B,B,A,H,-,A,A,0,Y,,,,Y,,-,"- ",1,0,0,0,1,0,0,0,0,"- ","- ",35.746891021728516,-119.2430419921875,KERN,DELANO,-119.24305725097656,35.746879577636719
84676202,2025,2025-05-06,1502,2025-04-29,"935 ",1400,,2,5,6,1502,0,0,0,,0,HILL,"ALTA VISTA DR","NILES ST",0.00,,Y,A,-,N,,,,,,,,,,Y,3,0,2,2,A,-,12,21453,A,N,D,C,A,A,H,-,A,A,0,,,,,Y,,-,"- ",0,1,1,0,0,0,0,0,0,"- ","- ",35.382999420166016,-118.99727630615234,KERN,BAKERSFIELD,-118.99704742431641,35.383987426757812
84676205,2025,2025-05-06,1502,2025-04-29,2200,P63,,2,5,6,1502,0,0,0,,0,CENTRA,"GOSFORD RD","COFFEE RD",0.00,,Y,A,-,N,,,,,,,,,,Y,4,0,2,2,A,-,09,21453,C,N,D,C,A,A,H,-,C,A,0,,,,,Y,,A,01,0,0,2,0,0,0,0,0,0,"- ","- ",35.354541778564453,-119.09178161621094,KERN,BAKERSFIELD,-119.09237670898438,35.354385375976562
84676207,2025,2025-05-06,1502,2025-04-30,1321,P45,,3,5,6,1502,0,0,0,,0,CENTRA,"NEW STINE RD","WILSON RD",0.00,,Y,B,-,N,,,,,,,,,,N,4,0,1,3,A,-,12,21453,A,N,D,C,A,A,H,-,A,A,0,,,Y,,Y,,A,01,0,0,1,0,0,0,0,0,0,"- ","- ",35.332061767578125,-119.05795288085938,KERN,BAKERSFIELD,-119.0582275390625,35.332172393798828
84677878,2024,2025-05-07,1502,2024-05-18,2043,1314,,6,5,6,1502,0,0,0,,0,NORTH,"HAGEMAN RD","KEMPTON PARK WY",82.00,E,N,A,-,N,,,,,,,,,,N,1,1,0,2,A,-,11,21954,A,N,G,B,E,A,H,-,C,D,0,Y,,,,Y,Y,N,60,0,0,0,1,0,0,0,0,0,"- ","- ",35.398090362548828,-119.11453247070312,KERN,BAKERSFIELD,-119.11508178710938,35.397991180419922
84677888,2025,2025-05-07,1502,2025-03-25,2004,C372,,2,5,6,1502,0,0,0,,0,HILL,"AUBURN ST","AUBURN OAKS ST",131.00,E,N,A,-,N,,,,,,,,,,N,4,0,1,2,A,-,01,23152,A,N,C,C,A,A,H,-,C,D,0,,,,,Y,Y,D,22,0,0,1,0,0,0,0,0,0,"- ","- ",35.396568298339844,-118.92443084716797,KERN,BAKERSFIELD,-118.92395782470703,35.398105621337891
84677890,2025,2025-05-07,1502,2025-04-04,1654,1314,,5,5,6,1502,0,0,0,,0,,"MING AVE","COURTLEIGH DR",100.00,W,N,A,-,N,,,,,,,,,,N,3,0,1,2,B,-,22,,,F,D,G,A,A,H,-,A,D,0,,Y,,,Y,,L,04,0,1,0,0,0,0,1,0,0,"- ","- ",35.337200164794922,-119.06304931640625,KERN,BAKERSFIELD,-119.06363677978516,35.337257385253906
84677892,2025,2025-05-07,1502,2025-04-10,1636,1314,,4,5,6,1502,0,0,0,,0,HILL,"GOLDEN STATE AVE","O ST",9.00,W,N,A,-,N,,,,,,,,,,Y,4,0,1,2,A,-,09,21801,A,N,D,C,A,A,H,-,A,D,0,,,,,Y,,A,01,0,0,1,0,0,0,0,0,0,"- ","- ",35.383979797363281,-119.01290893554688,KERN,BAKERSFIELD,-119.01292419433594,35.383552551269531
84677893,2025,2025-05-07,1502,2025-04-11,1354,1314,,5,5,6,1502,0,0,0,,0,NORTH,"CLAY PATRICK FARR WAY","ROSEDALE HWY",522.00,N,N,A,-,N,,,,,,,,,,Y,4,0,1,2,A,-,09,21804,A,N,D,C,A,A,H,-,A,A,0,,,,,Y,,A,01,0,0,1,0,0,0,0,0,0,"- ","- ",35.383369445800781,-119.10124969482422,KERN,BAKERSFIELD,-119.10102844238281,35.384983062744141
84677896,2025,2025-05-07,1502,2025-04-20,1737,1523,,7,5,6,1502,0,0,0,,0,,"NILES ST","SACRAMENTO ST",0.00,,Y,A,-,N,,,,,,,,,,N,4,0,2,2,A,-,12,21453,A,F,D,C,A,A,H,-,A,A,0,,,,,Y,,-,99,0,0,2,0,0,0,0,0,0,"- ","- ",35.384361267089844,-118.99909973144531,KERN,BAKERSFIELD,-118.99909210205078,35.383987426757812
84677899,2025,2025-05-07,1502,2025-04-29,1339,1469,,2,5,6,1502,0,0,0,,0,METRO,"CHESTER AVE","3RD ST",80.00,S,N,A,-,N,,,,,,,,,,N,4,0,1,2,A,-,08,22105,,M,B,C,A,A,H,-,A,-,0,,,,,Y,,A,01,0,0,1,0,0,0,0,0,0,"- ","- ",35.358871459960938,-119.01860809326172,KERN,BAKERSFIELD,-119.0189208984375,35.358661651611328
84677900,2025,2025-05-07,1502,2025-04-30,"930 ",P88,,3,5,6,1502,0,0,0,,0,VALLEY,"LARSON LN","WILSON RD",354.00,S,N,A,-,N,,,,,,,,,,N,4,0,2,3,A,-,09,21804,A,M,D,C,A,A,H,-,A,D,0,,,,,Y,,A,01,0,0,2,0,0,0,0,0,0,"- ","- ",35.332351684570312,-119.03820037841797,KERN,BAKERSFIELD,-119.03852844238281,35.331298828125
84677903,2025,2025-05-07,1502,2025-04-30,1059,P88,,3,5,6,1502,0,0,0,,0,CENTRA,"STOCKDALE HWY","EL RIO DR",443.00,E,N,A,-,N,,,,,,,,,,N,3,0,2,1,A,-,08,22107,,N,E,I,A,A,H,-,A,D,0,,,,,Y,,A,07,0,2,0,0,0,0,0,0,0,"- ","- ",35.35443115234375,-119.08229064941406,KERN,BAKERSFIELD,-119.08133697509766,35.354301452636719
84677906,2025,2025-05-07,1502,2025-05-01,1316,P45,,4,5,6,1502,0,0,0,,0,,"MOHAWK ST","WALKER TRAIL",29.00,N,N,B,-,N,,,,,,,,,,N,3,0,2,2,A,-,03,22350,,N,C,D,A,A,H,-,A,A,0,,,,,Y,,A,01,0,2,0,0,0,0,0,0,0,"- ","- ",35.378360748291016,-119.06578826904297,KERN,BAKERSFIELD,-119.06559753417969,35.378829956054688
84677907,2025,2025-05-07,1502,2025-05-02,1228,P45,,5,5,6,1502,0,0,0,,0,METRO,"24TH ST","H ST",44.00,E,N,B,-,N,,,,,,,,,,N,4,0,1,2,A,-,07,21658,A,N,B,C,A,A,H,-,A,A,0,,,,,Y,,A,08,0,0,1,0,0,0,0,0,0,"- ","- ",35.381008148193359,-119.02059936523438,KERN,BAKERSFIELD,-119.02100372314453,35.381019592285156
84677913,2025,2025-05-07,1502,2025-05-02,2014,P45,,5,5,6,1502,0,0,0,,0,VALLEY,"UNION AVE","58 E OFF TO S UNION RAMP",110.00,N,N,A,-,N,,,,,,,,,,N,4,0,1,2,A,-,01,23152,A,N,C,C,A,A,H,-,C,D,0,,,,,Y,Y,D,22,0,0,1,0,0,0,0,0,0,"- ","- ",35.351169586181641,-119.00279998779297,KERN,BAKERSFIELD,-119.00293731689453,35.354152679443359
84677914,2025,2025-05-07,1502,2025-05-02,2210,P45,,5,5,6,1502,0,0,0,,0,HILL,"BERNARD ST","MAGNOLIA ST",0.00,,Y,B,-,N,,,,,,,,,,Y,3,0,1,3,A,-,01,23152,A,N,C,E,A,A,H,-,C,A,0,,,,,Y,Y,A,01,0,1,0,0,0,0,0,0,0,"- ","- ",35.390609741210938,-118.99712371826172,KERN,BAKERSFIELD,-118.9971923828125,35.390224456787109
84677921,2025,2025-05-07,1502,2025-05-04,1821,P63,,7,5,6,1502,0,0,0,,0,METRO,"UNION AVE","BRUNDAGE LN",0.00,,Y,A,-,N,,,,,,,,,,N,3,0,3,6,A,-,09,21453,B,F,G,B,E,A,H,-,A,A,0,Y,,,,Y,,-,99,0,3,0,0,3,0,0,0,0,"- ","- ",35.352951049804688,-119.00361633300781,KERN,BAKERSFIELD,-119.00309753417969,35.353855133056641
84677924,2025,2025-05-07,1502,2025-05-04,1948,P63,,7,5,6,1502,0,0,0,,0,VALLEY,"BERKSHIRE RD","UNION AVE",180.00,E,N,A,-,N,,,,,,,,,,N,3,0,1,1,A,-,08,22107,,N,F,A,A,A,H,-,C,D,0,,,Y,,Y,,C,06,0,1,0,0,0,0,0,0,1,"- ","- ",35.288490295410156,-119.00363922119141,KERN,BAKERSFIELD,-119.00314331054688,35.288631439208984
84677928,2025,2025-05-07,1502,2025-05-04,2106,1408,,7,5,6,1502,0,0,0,,0,SOUTH,"PANAMA LN","JERNO DR",245.00,E,N,A,-,N,,,,,,,,,,Y,4,0,1,2,A,-,08,22107,,M,B,C,A,A,H,-,C,D,0,,,,,Y,,-,99,0,0,1,0,0,0,0,0,0,"- ","- ",35.295810699462891,-119.06201171875,KERN,BAKERSFIELD,-119.06089782714844,35.295860290527344
84677930,2025,2025-05-07,1502,2025-05-05,1518,1442,,1,5,6,1502,0,0,0,,0,VALLEY,"MING AVE","ALLENS DR",0.00,,Y,A,-,N,,,,,,,,,,N,4,0,1,2,A,-,03,22350,,N,C,C,A,A,H,-,A,D,0,,,,,Y,,A,01,0,0,1,0,0,0,0,0,0,"- ","- ",35.338581085205078,-119.00826263427734,KERN,BAKERSFIELD,-119.00743103027344,35.339488983154297
8467921,2017,2017-10-24,1502,2017-10-01,1410,P82,,7,5,6,1502,0,0,0,,0,METRO,"22ND ST","H ST",0.00,,Y,A,-,N,,,,,,,,,,Y,4,0,1,2,A,-,09,21802,A,N,D,C,A,A,H,-,A,A,0,,,,,Y,,A,01,0,0,1,0,0,0,0,0,0,"- ","- ",35.379100000000001,-119.02063,KERN,BAKERSFIELD,-119.02116009,35.379080119999998
84679722,2025,2025-05-08,1502,2025-01-31,2258,1585,,5,5,6,1502,0,0,0,,0,METRO,"UNION AVE","18TH ST",76.00,S,N,A,-,N,,,,,,,,,,Y,4,0,1,2,A,-,03,22350,,N,C,C,A,A,H,-,D,D,0,,,,,Y,,A,01,0,0,1,0,0,0,0,0,0,"- ","- ",35.375659942626953,-119.00301361083984,KERN,BAKERSFIELD,-119.00301361083984,35.375011444091797
84679727,2025,2025-05-08,1502,2025-04-26,1217,1430,,6,5,6,1502,0,0,0,,0,,"NILES ST","WILLIAMS ST",375.00,W,N,C,-,N,,,,,,,,,,N,4,0,3,1,A,-,03,22350,,N,E,I,A,B,H,-,A,A,0,,,,,Y,,A,01,0,0,3,0,0,0,0,0,0,"- ","- ",35.379291534423828,-118.97875213623047,KERN,BAKERSFIELD,-118.97712707519531,35.378639221191406
84679730,2025,2025-05-08,1502,2025-05-05,1638,P114,,1,5,6,1502,0,0,0,,0,NORTH,"ALLEN RD","HAGEMAN RD",0.00,,Y,A,-,N,,,,,,,,,,N,3,0,2,3,A,-,12,21453,A,N,D,D,A,A,H,-,A,A,0,,,,,Y,,-,"- ",0,1,1,0,0,0,0,0,0,"- ","- ",35.399688720703125,-119.14550018310547,KERN,BAKERSFIELD,-119.1455078125,35.399375915527344
84679731,2025,2025-05-08,1502,2025-05-06,"131 ",P63,,2,5,6,1502,0,0,0,,0,SOUTH,"BERKSHIRE RD","PACIFIC PINES WAY",0.00,,Y,A,-,N,,,,,,,,,,Y,2,0,1,1,A,-,01,23152,A,N,E,I,A,A,H,-,C,D,0,,,,,Y,Y,A,01,1,0,0,0,0,0,0,0,0,"- ","- ",35.288848876953125,-119.07707977294922,KERN,BAKERSFIELD,,
84679734,2025,2025-05-08,1502,2025-05-06,"215 ",1408,,2,5,6,1502,0,0,0,,0,NORTH,"SEVENTH STANDARD RD","COFFEE RD",615.00,E,N,A,-,N,,,,,,,,,,Y,4,0,1,1,A,-,08,22107,,N,E,I,A,A,H,-,C,D,0,,,,Y,Y,,F,26,0,0,1,0,0,0,0,0,0,"- ","- ",35.441158294677734,-119.09161376953125,KERN,BAKERSFIELD,-119.09014892578125,35.441028594970703
84679735,2025,2025-05-08,1502,2025-05-06,"708 ",P88,,2,5,6,1502,0,0,0,,0,VALLEY,"MING AVE","H ST",0.00,,Y,A,-,N,,,,,,,,,,N,3,0,2,2,A,-,01,23152,A,N,D,C,A,A,H,-,A,A,0,,,,,Y,Y,A,01,0,1,1,0,0,0,0,0,0,"- ","- ",35.338680267333984,-119.02201080322266,KERN,BAKERSFIELD,-119.02130889892578,35.339435577392578
84679738,2025,2025-05-08,1502,2025-05-06,1253,P88,,2,5,6,1502,0,0,0,,0,HILL,"ANNAPOLIS DR","OBERLIN CT",157.00,S,N,A,-,N,,,,,,,,,,N,3,0,1,2,A,-,10,21950,A,F,G,B,C,A,H,-,A,D,0,Y,,,,Y,,-,99,0,1,0,0,1,0,0,0,0,"- ","- ",35.403419494628906,-118.98329925537109,KERN,BAKERSFIELD,-118.98381042480469,35.402805328369141
8468040,2017,2017-10-27,1502,2017-10-02,1748,P82,,1,5,6,1502,0,0,0,,0,HILL,"Q ST","34TH ST",31.00,N,N,A,-,N,,,,,,,,,,N,3,0,1,2,A,-,10,21952,,M,G,B,F,A,H,-,A,A,0,Y,,,,Y,,A,01,0,1,0,0,1,0,0,0,0,"- ","- ",35.390979999999999,-119.01047,KERN,BAKERSFIELD,-119.01055276,35.390571850000001
8468044,2017,2017-11-08,1502,2017-10-04,0645,P24,,3,5,6,1502,0,0,0,,0,HILL,"MOUNT VERNON AV","MALL VIEW RD",0.00,,Y,A,-,N,,,,,,,,,,Y,3,0,2,2,A,-,12,21453,A,N,D,C,A,A,H,-,A,A,0,,,,,Y,,-,"- ",0,1,1,0,0,0,0,0,0,"- ","- ",35.393000000000001,-118.96738000000001,KERN,BAKERSFIELD,-118.96760006,35.392810079999997
8468060,2017,2017-10-27,1502,2017-10-03,1232,1213,,2,5,6,1502,0,0,0,,0,METRO,"UNION AV","8TH ST N",55.00,N,N,A,-,N,,,204,,,,,,,N,3,0,1,2,A,-,05,21202,A,N,H,G,A,A,H,-,A,D,0,,Y,,,Y,,L,04,0,1,0,0,0,0,1,0,0,"- ","- ",35.364400000000003,-119.00259,KERN,BAKERSFIELD,-119.00296403999999,35.364401520000001
8468064,2017,2017-10-27,1502,2017-10-02,1130,1195,,1,5,6,1502,0,0,0,,0,METRO,"CHESTER AV","18TH ST",0.00,,Y,A,-,N,,,,,,,,,,N,3,0,1,2,A,-,01,23152,F,N,G,B,B,A,H,-,A,A,0,Y,,,,Y,,A,01,0,1,0,0,1,0,0,0,0,"- ","- ",35.375259999999997,-119.01832,KERN,BAKERSFIELD,-119.01888988,35.375270030000003
8468068,2017,2017-10-27,1502,2017-10-02,1657,1283,,1,5,6,1502,0,0,0,,0,CENTRA,"WHITE LN","OLD RIVER RD",0.00,,Y,A,-,N,,,,,,,,,,Y,4,0,2,2,A,-,09,21453,C,N,A,C,A,A,H,-,A,A,0,,,,,Y,,A,07,0,0,2,0,0,0,0,0,0,"- ","- ",35.325530000000001,-119.10923,KERN,BAKERSFIELD,-119.10943002,35.325290010000003
8468081,2017,2017-10-23,1502,2017-09-27,2230,1293,,3,5,6,1502,0,0,0,,0,NORTH,"HAGEMAN RD","CLAY PATRICK FARR WY",40.00,W,N,A,-,N,,,,,,,,,,Y,4,0,1,1,A,-,08,22107,,N,E,I,A,A,H,-,C,A,0,,,,,Y,,A,07,0,0,1,0,0,0,0,0,0,"- ","- ",35.398000000000003,-119.10554,KERN,BAKERSFIELD,-119.10565406000001,35.398130000000002
8468085,2017,2017-10-23,1502,2017-09-29,0811,1213,,5,5,6,1502,0,0,0,,0,SOUTH,"STINE RD","JACKSON RIDGE AV",95.00,N,N,A,-,N,,,,,,,,,,N,4,0,1,2,A,-,08,22100,B,M,D,C,A,A,H,-,A,D,0,,,,,Y,,A,01,0,0,1,0,0,0,0,0,0,"- ","- ",35.277290000000001,-119.05721,KERN,BAKERSFIELD,-119.05665999999999,35.277650680000001
8468089,2017,2017-10-23,1502,2017-09-28,1539,P45,,4,5,6,1502,0,0,0,,0,NORTH,"COFFEE RD","MEANY AV",0.00,,Y,A,-,N,,,,,,,,,,N,4,0,1,2,A,-,12,21453,A,M,D,C,A,A,H,-,A,A,0,,,,,Y,,-,99,0,0,1,0,0,0,0,0,0,"- ","- ",35.394069999999999,-119.09228,KERN,BAKERSFIELD,-119.09214006000001,35.394140030000003
8468093,2017,2017-10-23,1502,2017-09-28,2054,1293,,4,5,6,1502,0,0,0,,0,NORTH,"JEWETTA AV","PECOS RIVER DR",333.00,S,N,A,-,N,,,,,,,,,,Y,4,0,1,2,A,-,05,21460,A,N,B,C,A,A,H,-,C,D,0,,,,,Y,,A,01,0,0,1,0,0,0,0,0,0,"- ","- ",35.363230000000001,-119.12839,KERN,BAKERSFIELD,-119.12798259,35.36216795
8468097,2017,2017-10-23,1502,2017-09-26,2008,1258,,2,5,6,1502,0,0,0,,0,HILL,"CORNELL ST","COLUMBUS ST",6.00,S,N,A,-,N,,,,,,,,,,N,3,0,1,2,A,-,05,21650,1,N,-,G,A,A,H,-,C,D,0,,Y,,,Y,,L,04,0,1,0,0,0,0,1,0,0,"- ","- ",35.397739999999999,-118.97517999999999,KERN,BAKERSFIELD,-118.97533,35.39756354
8468101,2017,2017-10-23,1502,2017-09-26,0253,1177,,2,5,6,1502,0,0,0,,0,HILL,"BERNARD ST","INYO ST W",0.00,,Y,A,-,N,,,,,,,,,,N,3,0,1,2,A,-,10,21950,A,F,G,B,B,A,H,-,D,D,0,Y,,,,Y,,-,99,0,1,0,0,1,0,0,0,0,"- ","- ",35.390569999999997,-118.9931,KERN,BAKERSFIELD,-118.99315008000001,35.39023005
84681239,2025,2025-05-09,1502,2025-03-29,1553,1409,,6,5,6,1502,0,0,0,,0,HILL,"COLUMBUS ST","OCCIDENTAL ST",121.00,W,N,A,-,N,,,,,,,,,,Y,3,0,1,2,A,-,08,22107,,N,C,C,A,A,H,-,A,D,0,,,Y,,Y,,A,01,0,1,0,0,0,0,0,0,0,"- ","- ",35.396369934082031,-118.97052001953125,KERN,BAKERSFIELD,-118.97089385986328,35.397499084472656
84681240,2025,2025-05-09,1502,2025-04-09,1844,1398,,3,5,6,1502,0,0,0,,0,NORTH,"HAGEMAN RD","CALLOWAY DR",0.00,,Y,A,-,N,,,,,,,,,,Y,4,0,1,2,A,-,01,23152,A,N,D,C,A,A,H,-,A,A,0,,,,,Y,Y,A,01,0,0,1,0,0,0,0,0,0,"- ","- ",35.398078918457031,-119.10997009277344,KERN,BAKERSFIELD,-119.11001586914062,35.398017883300781
8468158,2017,2017-11-08,1502,2017-09-27,0714,P24,,3,5,6,1502,0,0,0,,0,SOUTH,"WHITE LN","VIA IGLESIA",15.00,W,N,A,-,N,,,,,,,,,,N,3,0,1,2,A,-,10,21950,A,N,G,B,B,A,H,-,A,A,0,Y,,,,Y,,A,07,0,1,0,0,1,0,0,0,0,"- ","- ",35.325679999999998,-119.12349,KERN,BAKERSFIELD,-119.12364023000001,35.325290000000003
8468220,2017,2017-11-14,1511,2017-09-22,1835,53081,5,5,5,2,1511,0,0,0,,0,00A,"CALIFORNIA CITY BL","HACIENDA BL",12.00,N,N,A,-,N,,,,,,,,,,Y,4,0,1,2,A,-,09,21801,A,N,D,C,A,A,H,-,A,A,0,,,,,Y,,-,,0,0,1,0,0,0,0,0,0,"- ","- ",35.125990000000002,-117.95987,KERN,"CALIFORNIA CITY",-117.96015,35.12574
8468224,2017,2017-11-14,1511,2017-09-12,1430,53022,3,2,5,2,1511,0,0,0,,0,00A,"MITCHELL BL","CALIFORNIA CITY BL",147.00,N,N,A,-,N,,,,,,,,,,Y,3,0,2,2,A,-,05,21650,,N,A,C,A,A,H,-,A,D,0,,,,,Y,,A,07,0,1,1,0,0,0,0,0,0,"- ","- ",35.125749999999996,-118.01246999999999,KERN,"CALIFORNIA CITY",-118.01243411,35.126102979999999
84682599,2025,2025-05-12,1502,2025-04-14,1335,P99,,1,5,6,1502,0,0,0,,0,CENTRA,"VILLAGE LN","STOCKDALE HWY",0.00,,Y,A,-,N,,,,,,,,,,N,3,0,3,2,A,-,17,21451,A,N,D,C,A,A,H,-,A,A,0,,,,,Y,,A,01,0,1,2,0,0,0,0,0,0,"- ","- ",35.353771209716797,-119.05824279785156,KERN,BAKERSFIELD,-119.05770111083984,35.354160308837891
84682602,2025,2025-05-12,1502,2025-04-25,1048,1485,,5,5,6,1502,0,0,0,,0,,"CHESTER AVE","LOUSTALOT LN",0.00,,Y,A,-,N,,,,,,,,,,N,4,0,2,2,A,-,12,21457,A,N,D,C,A,A,H,-,A,B,0,,,,,Y,,A,01,0,0,2,0,0,0,0,0,0,"- ","- ",35.352058410644531,-119.01872253417969,KERN,BAKERSFIELD,-119.01893615722656,35.352127075195312
84682607,2025,2025-05-12,1502,2025-05-02,1739,1451,,5,5,6,1502,0,0,0,,0,METRO,"CHESTER AVE","6TH ST",0.00,,Y,A,-,N,,,,,,,,,,Y,3,0,2,2,A,-,09,21802,A,N,D,D,A,A,H,-,A,A,0,,,,,Y,,A,07,0,1,1,0,0,0,0,0,0,"- ","- ",35.361919403076172,-119.01937866210938,KERN,BAKERSFIELD,-119.01889038085938,35.362693786621094