CASE_ID,ACCIDENT_YEAR,PROC_DATE,JURIS,COLLISION_DATE,COLLISION_TIME,OFFICER_ID,REPORTING_DISTRICT,DAY_OF_WEEK,CHP_SHIFT,POPULATION,CNTY_CITY_LOC,SPECIAL_COND,BEAT_TYPE,CHP_BEAT_TYPE,CITY_DIVISION_LAPD,CHP_BEAT_CLASS,BEAT_NUMBER,PRIMARY_RD,SECONDARY_RD,DISTANCE,DIRECTION,INTERSECTION,WEATHER_1,WEATHER_2,STATE_HWY_IND,CALTRANS_COUNTY,CALTRANS_DISTRICT,STATE_ROUTE,ROUTE_SUFFIX,POSTMILE_PREFIX,POSTMILE,LOCATION_TYPE,RAMP_INTERSECTION,SIDE_OF_HWY,TOW_AWAY,COLLISION_SEVERITY,NUMBER_KILLED,NUMBER_INJURED,PARTY_COUNT,PRIMARY_COLL_FACTOR,PCF_CODE_OF_VIOL,PCF_VIOL_CATEGORY,PCF_VIOLATION,PCF_VIOL_SUBSECTION,HIT_AND_RUN,TYPE_OF_COLLISION,MVIW,PED_ACTION,ROAD_SURFACE,ROAD_COND_1,ROAD_COND_2,LIGHTING,CONTROL_DEVICE,CHP_ROAD_TYPE,PEDESTRIAN_ACCIDENT,BICYCLE_ACCIDENT,MOTORCYCLE_ACCIDENT,TRUCK_ACCIDENT,NOT_PRIVATE_PROPERTY,ALCOHOL_INVOLVED,STWD_VEHTYPE_AT_FAULT,CHP_VEHTYPE_AT_FAULT,COUNT_SEVERE_INJ,COUNT_VISIBLE_INJ,COUNT_COMPLAINT_PAIN,COUNT_PED_KILLED,COUNT_PED_INJURED,COUNT_BICYCLIST_KILLED,COUNT_BICYCLIST_INJURED,COUNT_MC_KILLED,COUNT_MC_INJURED,PRIMARY_RAMP,SECONDARY_RAMP,LATITUDE,LONGITUDE,COUNTY,CITY,POINT_X,POINT_Y
84736753,2025,2025-06-24,1502,2025-05-27,1529,1398,,2,5,6,1502,0,0,0,,0,HILL,"HIGHLAND KNOLLS DR","KIRKCALDY DR",0.00,,Y,A,-,N,,,,,,,,,,Y,4,0,1,1,A,-,08,22107,,N,H,A,A,A,H,-,A,D,0,,,,,Y,,A,01,0,0,1,0,0,0,0,0,0,"- ","- ",35.391719818115234,-118.92076110839844,KERN,BAKERSFIELD,-118.92082214355469,35.391941070556641
84736756,2025,2025-06-24,1502,2025-06-01,1517,1181,,7,5,6,1502,0,0,0,,0,NORTH,"TRUXTUN TO 58 W RAMP","TRUXTUN AVE",685.00,W,N,A,-,Y,,,,,,,,,,N,2,0,1,1,A,-,08,22107,,N,E,I,A,A,H,-,A,D,0,,,,,Y,,A,01,1,0,0,0,0,0,0,0,0,"- ","- ",35.371959686279297,-119.05555725097656,KERN,BAKERSFIELD,-119.00515747070312,35.373203277587891
84736758,2025,2025-06-24,1502,2025-06-06,1257,1430,,5,5,6,1502,0,0,0,,0,,"WHITE OAK DR","OLD RIVER RD",0.00,,Y,A,-,N,,,,,,,,,,N,3,0,1,2,A,-,12,21453,A,N,D,C,A,A,H,-,A,A,0,,,,,Y,,A,01,0,1,0,0,0,0,0,0,0,"- ","- ",35.335109710693359,-119.11287689208984,KERN,BAKERSFIELD,-119.1131591796875,35.334709167480469
84736760,2025,2025-06-24,1502,2025-06-14,1327,1430,,6,5,6,1502,0,0,0,,0,,"BELLE TERRACE","H ST",0.00,,Y,A,-,N,,,,,,,,,,N,3,0,2,2,A,-,09,21801,A,N,D,C,A,A,H,-,A,A,0,,,,,Y,,A,01,0,2,0,0,0,0,0,0,0,"- ","- ",35.346698760986328,-119.02104949951172,KERN,BAKERSFIELD,-119.02130126953125,35.3466796875
84736765,2025,2025-06-24,1502,2025-06-18,1349,P88,,3,5,6,1502,0,0,0,,0,METRO,"CLYDE ST","BRUNDAGE LN",50.00,N,N,A,-,N,,,,,,,,,,Y,3,0,1,1,A,-,03,22350,,N,E,I,A,A,H,-,A,D,0,,,Y,,Y,,O,05,0,1,0,0,0,0,0,0,1,"- ","- ",35.353679656982422,-118.98753356933594,KERN,BAKERSFIELD,-118.98778533935547,35.354087829589844
84736770,2025,2025-06-24,1502,2025-06-18,2011,1239,,3,5,6,1502,0,0,0,,0,VALLEY,"MING AVE","SOUTH P ST",0.00,,Y,A,-,N,,,,,,,,,,N,4,0,1,2,A,-,09,21800,A,F,D,C,A,A,H,-,D,A,0,,,,,Y,,A,01,0,0,1,0,0,0,0,0,0,"- ","- ",35.338611602783203,-119.01268768310547,KERN,BAKERSFIELD,-119.01186370849609,35.339481353759766
84738534,2025,2025-06-25,1502,2025-06-23,1654,P114,,1,5,6,1502,0,0,0,,0,VALLEY,"MING AVE","LAWSON RD",374.00,W,N,A,-,N,,,,,,,,,,N,3,0,4,3,A,-,08,22107,,N,D,C,A,A,H,-,A,D,0,,,,,Y,,A,01,0,1,3,0,0,0,0,0,0,"- ","- ",35.339321136474609,-119.00518035888672,KERN,BAKERSFIELD,-119.0064697265625,35.339488983154297
84738535,2025,2025-06-25,1502,2025-06-24,"939 ",1400,,2,5,6,1502,0,0,0,,0,METRO,"UNION AVE","2ND ST",140.00,S,N,A,-,N,,,,,,,,,,N,4,0,1,2,A,-,03,22350,,N,C,C,A,A,H,-,A,D,0,,,,,Y,,D,22,0,0,1,0,0,0,0,0,0,"- ","- ",35.356788635253906,-119.00272369384766,KERN,BAKERSFIELD,-119.00289916992188,35.356525421142578
84740164,2025,2025-06-26,1502,2025-06-06,2206,P63,,5,5,6,1502,0,0,0,,0,METRO,"19TH ST","CHESTER AVE",0.00,,Y,A,-,N,,,,,,,,,,N,4,0,1,2,A,-,10,21950,A,F,G,B,B,A,H,-,C,A,0,Y,,,,Y,,-,99,0,0,1,0,1,0,0,0,0,"- ","- ",35.376220703125,-119.01830291748047,KERN,BAKERSFIELD,-119.01888275146484,35.376228332519531
84740165,2025,2025-06-26,1502,2025-06-11,"425 ",1336,,3,5,6,1502,0,0,0,,0,CENTRA,"GOSFORD RD","STOCKDALE HWY",0.00,,Y,A,-,N,,,,,,,,,,Y,3,0,2,2,A,-,12,21453,A,N,D,C,A,A,H,-,B,A,0,,,,,Y,,D,22,0,2,0,0,0,0,0,0,0,"- ","- ",35.354221343994141,-119.09284973144531,KERN,BAKERSFIELD,-119.09237670898438,35.354312896728516
84740167,2025,2025-06-26,1502,2025-06-23,2216,P114,,1,5,6,1502,0,0,0,,0,NORTH,"ROSEDALE HWY","VERDUGO LN",0.00,,Y,A,-,N,,,,,,,,,,N,4,0,1,2,A,-,12,21453,A,N,D,C,A,A,H,-,C,A,0,,,,,Y,,D,22,0,0,1,0,0,0,0,0,0,"- ","- ",35.383571624755859,-119.11913299560547,KERN,BAKERSFIELD,-119.11897277832031,35.383552551269531
84740168,2025,2025-06-26,1502,2025-06-25,"747 ",P88,,3,5,6,1502,0,0,0,,0,METRO,"TRUXTUN AVE","E ST",113.00,E,N,A,-,N,,,,,,,,,,N,3,0,1,2,A,-,03,22350,,N,C,C,A,A,H,-,A,D,0,,,Y,,Y,,C,02,0,1,0,0,0,0,0,0,1,"- ","- ",35.373390197753906,-119.02423095703125,KERN,BAKERSFIELD,-119.02428436279297,35.373291015625
84742923,2025,2025-06-30,1502,2025-05-29,"750 ",1476,,4,5,6,1502,0,0,0,,0,,"OLEANDER AVE","BRUNDAGE LN",140.00,S,N,A,-,N,,,,,,,,,,N,4,0,1,2,A,-,09,21804,A,N,D,G,A,A,H,-,A,A,0,,Y,,,Y,,L,04,0,0,1,0,0,0,1,0,0,"- ","- ",35.354011535644531,-119.0252685546875,KERN,BAKERSFIELD,-119.02548980712891,35.353988647460938
84742924,2025,2025-06-30,1502,2025-05-31,"823 ",1476,,6,5,6,1502,0,0,0,,0,,"MING AVE","99 N ON FR MING RAMP",60.00,W,N,A,-,N,,,,,,,,,,N,4,0,1,2,A,-,04,21703,,M,C,C,A,A,H,-,A,A,0,,,,,Y,Y,-,99,0,0,1,0,0,0,0,0,0,"- ","- ",35.339599609375,-119.03704833984375,KERN,BAKERSFIELD,,
84742925,2025,2025-06-30,1502,2025-05-31,1248,1314,,6,5,6,1502,0,0,0,,0,VALLEY,"MING AVE","P ST",232.00,E,N,A,-,N,,,,,,,,,,Y,4,0,1,4,A,-,03,22350,,M,C,C,A,A,H,-,A,A,0,,,,,Y,,D,22,0,0,1,0,0,0,0,0,0,"- ","- ",35.339378356933594,-119.01181793212891,KERN,BAKERSFIELD,-119.01108551025391,35.339488983154297
84742926,2025,2025-06-30,1502,2025-06-05,1158,1430,,4,5,6,1502,0,0,0,,0,,"BAKER ST","BERNARD ST (E)",95.00,S,N,A,-,N,,,,,,,,,,N,3,0,1,2,A,-,09,21804,A,N,H,G,A,A,H,-,A,A,0,,Y,,,Y,,L,04,0,1,0,0,0,0,1,0,0,"- ","- ",35.390560150146484,-118.98750305175781,KERN,BAKERSFIELD,-118.98821258544922,35.390010833740234
84742929,2025,2025-06-30,1502,2025-06-25,1729,P82,,3,5,6,1502,0,0,0,,0,CENTRA,"CALIFORNIA AVE","BUSINESS CENTER DR",100.00,N,N,A,-,N,,,,,,,,,,N,4,0,2,2,A,-,01,23152,A,N,C,C,A,A,H,-,A,A,0,,,,,Y,Y,A,01,0,0,2,0,0,0,0,0,0,"- ","- ",35.356250762939453,-119.06066131591797,KERN,BAKERSFIELD,-119.06123352050781,35.356613159179688
84742931,2025,2025-06-30,1502,2025-06-26,1031,P99,,4,5,6,1502,0,0,0,,0,METRO,"Q ST","23RD ST FRONTAGE RD",0.00,,Y,A,-,N,,,,,,,,,,Y,4,0,1,2,A,-,12,21453,A,N,D,C,A,A,H,-,A,A,0,,,,,Y,,-,"- ",0,0,1,0,0,0,0,0,0,"- ","- ",35.381458282470703,-119.01062774658203,KERN,BAKERSFIELD,,
84742933,2025,2025-06-30,1502,2025-06-25,2128,1425,,3,5,6,1502,0,0,0,,0,,"HARRIS RD","HOCKETT PEAK WAY",4.00,E,N,A,-,N,,,,,,,,,,N,3,0,3,3,A,-,01,23152,A,N,C,C,A,A,H,-,C,D,0,,,,,Y,Y,A,01,0,1,2,0,0,0,0,0,0,"- ","- ",35.303810119628906,-119.11351013183594,KERN,BAKERSFIELD,-119.11328887939453,35.303421020507812
84742935,2025,2025-06-30,1502,2025-04-30,1813,1585,,3,5,6,1502,0,0,0,,0,VALLEY,"H ST","WILSON RD",0.00,,Y,A,-,N,,,,,,,,,,Y,4,0,1,3,A,-,12,21453,A,N,D,C,A,A,H,-,A,A,0,,,,,Y,,-,"- ",0,0,1,0,0,0,0,0,0,"- ","- ",35.3314208984375,-119.02210998535156,KERN,BAKERSFIELD,-119.02131652832031,35.332172393798828
84742937,2025,2025-06-30,1502,2025-05-04,2242,1185,,7,5,6,1502,0,0,0,,0,CENTRA,"WHITE LN","SHEPARD ST",42.00,E,N,A,-,N,,,,,,,,,,N,2,0,1,2,A,-,11,21954,A,F,G,B,D,A,H,-,C,D,0,Y,,,,Y,Y,N,60,1,0,0,0,1,0,0,0,0,"- ","- ",35.317981719970703,-119.05841064453125,KERN,BAKERSFIELD,-119.05825805664062,35.318027496337891
8474323,2017,2017-11-01,1502,2017-10-09,2011,1028,,1,5,6,1502,0,0,0,,0,CENTRA,"STOCKDALE HWY","GOSFORD RD",90.00,W,N,A,-,N,,,,,,,,,,Y,4,0,1,2,A,-,01,23152,A,N,C,C,A,A,H,-,C,A,0,,,,,Y,Y,A,01,0,0,1,0,0,0,0,0,0,"- ","- ",35.35454,-119.09178,KERN,BAKERSFIELD,-119.09268145999999,35.354309999999998
84743233,2025,2025-06-30,1502,2025-06-13,1048,1485,,5,5,6,1502,0,0,0,,0,,"CALIFORNIA AVE","G ST",51.00,E,N,A,-,N,,,,,,,,,,N,4,0,1,2,A,-,03,22350,,M,C,C,A,A,H,-,A,A,0,,,,,Y,,-,99,0,0,1,0,0,0,0,0,0,"- ","- ",35.367759704589844,-119.02281951904297,KERN,BAKERSFIELD,-119.022216796875,35.368404388427734
84743235,2025,2025-06-30,1502,2025-06-21,1314,1430,,6,5,6,1502,0,0,0,,0,,"HAGEMAN RD","RIVERLAKES DR",0.00,,Y,A,-,N,,,,,,,,,,Y,3,0,1,2,A,-,12,21453,A,N,D,C,A,A,H,-,A,A,0,,,,,Y,,A,01,0,1,0,0,0,0,0,0,0,"- ","- ",35.4002685546875,-119.09723663330078,KERN,BAKERSFIELD,-119.09732818603516,35.400474548339844
84743236,2025,2025-06-30,1502,2025-06-26,1620,P45,,4,5,6,1502,0,0,0,,0,CENTRA,"ASHE RD","HERB WAY",774.00,N,N,A,-,N,,,,,,,,,,N,2,0,1,2,A,-,03,22350,,N,H,G,A,A,H,-,A,D,0,,Y,,,Y,,L,04,1,0,0,0,0,0,1,0,0,"- ","- ",35.324150085449219,-119.07440185546875,KERN,BAKERSFIELD,-119.07450103759766,35.326274871826172
84743237,2025,2025-06-30,1502,2025-06-27,1825,1425,,5,5,6,1502,0,0,0,,0,,"CALIFORNIA AVE","OAK ST",0.00,,Y,A,-,N,,,,,,,,,,Y,4,0,2,2,A,-,01,23152,A,N,D,C,A,A,H,-,A,A,0,,,,,Y,Y,A,01,0,0,2,0,0,0,0,0,0,"- ","- ",35.368000030517578,-119.03914642333984,KERN,BAKERSFIELD,-119.03878021240234,35.368534088134766
84743239,2025,2025-06-30,1502,2025-06-27,2236,1381,,5,5,6,1502,0,0,0,,0,SOUTH,"HARRIS RD","WILDERNESS DR",5.00,W,N,A,-,N,,,,,,,,,,N,4,0,1,2,A,-,03,22350,,M,C,C,A,A,H,-,C,A,0,,,,,Y,,-,99,0,0,1,0,0,0,0,0,0,"- ","- ",35.303298950195312,-119.09060668945312,KERN,BAKERSFIELD,-119.08930969238281,35.303459167480469
8474327,2017,2017-12-16,1502,2017-10-10,1541,1258,,2,5,6,1502,0,0,0,,0,VALLEY,"BELLE TER","S H ST",0.00,,Y,A,-,N,,,,,,,,,,Y,4,0,4,3,A,-,12,21453,A,N,D,C,A,A,H,-,A,A,0,,,,,Y,,A,01,0,0,4,0,0,0,0,0,0,"- ","- ",35.346699999999998,-119.02105,KERN,BAKERSFIELD,-119.0213,35.346680079999999
8474331,2017,2017-11-01,1502,2017-10-09,0931,1210,,1,5,6,1502,0,0,0,,0,METRO,"4TH ST","T ST",27.00,W,N,A,-,N,,,,,,,,,,Y,3,0,1,2,A,-,03,22350,,N,C,C,A,A,H,-,A,A,0,,,Y,,Y,,D,22,0,1,0,0,0,0,0,0,1,"- ","- ",35.36065,-119.00697,KERN,BAKERSFIELD,-119.00737037,35.360752920000003
8474335,2017,2017-11-01,1502,2017-10-07,1222,P52,,6,5,6,1502,0,0,0,,0,METRO,"L ST","3RD ST",168.00,S,N,A,-,N,,,,,,,,,,Y,3,0,1,3,A,-,03,22350,,N,H,E,A,A,H,-,A,D,0,,,,,Y,,A,01,0,1,0,0,0,0,0,0,0,"- ","- ",35.358849999999997,-119.01624,KERN,BAKERSFIELD,-119.01649461,35.358419040000001
8474339,2017,2017-11-01,1502,2017-10-12,0004,1291,,4,5,6,1502,0,0,0,,0,HILL,"UNION AV","COLUMBUS ST",5.00,S,N,A,-,N,,,,,,,,,,N,4,0,1,2,A,-,10,21950,A,M,G,B,B,A,H,-,C,A,0,Y,,,,Y,,-,99,0,0,1,0,1,0,0,0,0,"- ","- ",35.397889999999997,-119.00272,KERN,BAKERSFIELD,-119.00278068999999,35.397446289999998
8474343,2017,2017-11-01,1502,2017-10-10,1439,1211,,2,5,6,1502,0,0,0,,0,HILL,"Q ST","36TH ST",21.00,S,N,A,-,N,,,,,,,,,,N,3,0,1,2,A,-,11,21954,A,N,G,B,D,A,H,-,A,D,0,Y,,,,Y,,N,60,0,1,0,0,1,0,0,0,0,"- ","- ",35.392879999999998,-119.01044,KERN,BAKERSFIELD,-119.01053041,35.392320390000002
8474347,2017,2017-11-01,1502,2017-10-10,1708,1028,,2,5,6,1502,0,0,0,,0,HILL,"UNIVERSITY AV","HALEY ST",289.00,E,N,A,-,N,,,,,,,,,,N,3,0,1,3,A,-,05,21651,A,N,D,C,A,A,H,-,A,D,0,,,,,Y,,A,01,0,1,0,0,0,0,0,0,0,"- ","- ",35.405090000000001,-118.97618,KERN,BAKERSFIELD,-118.97543161,35.404873270000003
8474351,2017,2017-11-01,1502,2017-10-10,1630,1241,,2,5,6,1502,0,0,0,,0,METRO,"BRUNDAGE LN","H ST",0.00,,Y,A,-,N,,,,,,,,,,N,4,0,1,2,A,-,03,22350,,M,C,C,A,A,H,-,A,A,0,,,,,Y,,D,22,0,0,1,0,0,0,0,0,0,"- ","- ",35.353999999999999,-119.02105,KERN,BAKERSFIELD,-119.02130004999999,35.3540001
8474354,2017,2017-11-01,1502,2017-10-08,1319,1275,,7,5,6,1502,0,0,0,,0,NORTH,"ROSEDALE HWY","JET WY",0.00,,Y,A,-,N,,,,,,,,,,Y,4,0,6,2,A,-,09,21453,C,N,D,C,A,A,H,-,A,A,0,,,,,Y,,A,01,0,0,6,0,0,0,0,0,0,"- ","- ",35.383220000000001,-119.0898,KERN,BAKERSFIELD,-119.08955005,35.383480120000002
8474355,2017,2017-11-01,1502,2017-10-09,1926,P52,,1,5,6,1502,0,0,0,,0,NORTH,"BRIMHALL RD","CALLOWAY DR",343.00,W,N,A,-,N,,,,,,,,,,N,4,0,1,2,A,-,09,21801,A,N,D,C,A,A,H,-,C,A,0,,,,,Y,,A,01,0,0,1,0,0,0,0,0,0,"- ","- ",35.368749999999999,-119.11084,KERN,BAKERSFIELD,-119.11172464000001,35.368783819999997
8474358,2017,2017-11-01,1502,2017-10-17,1255,1195,,2,5,6,1502,0,0,0,,0,HILL,"COLUMBUS ST","CORNELL ST",36.00,E,N,A,-,N,,,,,,,,,,Y,3,0,3,3,A,-,03,22350,,N,D,C,A,A,H,-,A,D,0,,,,,Y,,A,07,0,2,1,0,0,0,0,0,0,"- ","- ",35.397739999999999,-118.97517999999999,KERN,BAKERSFIELD,-118.97520941000001,35.397582800000002
8474359,2017,2017-11-01,1502,2017-10-11,1954,1271,,3,5,6,1502,0,0,0,,0,NORTH,"ALLEN RD","WESTSIDE PKWY",0.00,,Y,A,-,N,,,,,,,,,,N,4,0,3,2,A,-,12,21453,A,N,C,C,A,A,A,-,D,A,0,,,,,Y,,D,22,0,0,3,0,0,0,0,0,0,"- ","- ",35.360990000000001,-119.14606000000001,KERN,BAKERSFIELD,-119.14551009,35.361150119999998
8474362,2017,2017-11-01,1502,2017-10-08,1549,P82,,7,5,6,1502,0,0,0,,0,NORTH,"ROSEDALE HWY","COFFEE RD",1098.00,W,N,A,-,N,,,,,,,,,,Y,4,0,3,2,A,-,12,21453,A,N,D,C,A,A,H,-,A,A,0,,,,,Y,,A,07,0,0,3,0,0,0,0,0,0,"- ","- ",35.38326,-119.09238000000001,KERN,BAKERSFIELD,-119.09595903,35.38352896
8474363,2017,2017-11-01,1502,2017-09-15,1427,1261,,5,5,6,1502,0,0,0,,0,VALLEY,"WIBLE RD","WILSON RD",0.00,,Y,A,-,N,,,,,,,,,,N,4,0,3,5,A,-,12,21453,A,N,D,C,A,A,H,-,A,A,0,,,,,Y,,A,01,0,0,3,0,0,0,0,0,0,"- ","- ",35.332360000000001,-119.03899,KERN,BAKERSFIELD,-119.03898006,35.332200100000001
8474366,2017,2018-06-08,1502,2017-10-08,1608,1276,,7,5,6,1502,0,0,0,,0,VALLEY,"MING AV","WIBLE RD",70.00,W,N,A,-,N,,,99,,,,,,,Y,4,0,1,2,A,-,07,21658,A,N,B,C,A,A,H,-,A,D,0,,,,Y,Y,,F,26,0,0,1,0,0,0,0,0,0,"- ","- ",35.339619999999996,-119.0389,KERN,BAKERSFIELD,-119.03946494,35.339623240000002
8474367,2017,2017-11-01,1502,2017-09-28,1609,1265,,4,5,6,1502,0,0,0,,0,METRO,"BEALE AV","MONTEREY ST",264.00,S,N,A,-,N,,,,,,,,,,N,4,0,3,2,A,-,08,22107,,N,B,C,A,A,H,-,A,D,0,,,,,Y,,A,01,0,0,3,0,0,0,0,0,0,"- ","- ",35.380479999999999,-118.98820000000001,KERN,BAKERSFIELD,-118.98867102,35.379572879999998
8474371,2017,2017-11-01,1502,2017-09-25,1741,P52,,1,5,6,1502,0,0,0,,0,METRO,"BRUNDAGE LN","EYE ST",0.00,,Y,A,-,N,,,,,,,,,,Y,3,0,1,2,A,-,09,21802,A,N,D,C,A,A,H,-,A,D,0,,,Y,,Y,,C,02,0,1,0,0,0,0,0,0,1,"- ","- ",35.353990000000003,-119.01991,KERN,BAKERSFIELD,-119.02013013,35.354000120000002
8474374,2017,2017-11-01,1502,2017-09-29,0548,1210,,5,5,6,1502,0,0,0,,0,CENTRA,"STOCKDALE HWY","HEATH RD",62.00,E,N,A,-,N,,,,,,,,,,N,4,0,1,2,A,-,03,22350,,N,C,C,A,A,H,-,C,A,0,,,,,Y,,D,22,0,0,1,0,0,0,0,0,0,"- ","- ",35.355080000000001,-119.18158,KERN,BAKERSFIELD,-119.18073244999999,35.3544561
8474375,2017,2017-11-01,1502,2017-09-25,1323,1275,,1,5,6,1502,0,0,0,,0,METRO,"OAK ST","SUNSET AV",167.00,N,N,A,-,N,,,,,,,,,,Y,4,0,1,2,A,-,04,21703,,N,C,C,A,A,H,-,A,D,0,,,,,Y,,A,07,0,0,1,0,0,0,0,0,0,"- ","- ",35.366880000000002,-119.03839000000001,KERN,BAKERSFIELD,-119.03879523000001,35.367158230000001
8474378,2017,2017-11-01,1502,2017-10-08,1123,P52,,7,5,6,1502,0,0,0,,0,VLLEY,"H ST","PLANZ RD",0.00,,Y,A,-,N,,,,,,,,,,N,3,0,1,2,A,-,05,21650,,N,H,G,A,A,H,-,A,A,0,,Y,,,Y,,L,04,0,1,0,0,0,0,1,0,0,"- ","- ",35.324919999999999,-119.02133000000001,KERN,BAKERSFIELD,-119.02135001000001,35.32490009
8474379,2017,2017-11-01,1502,2017-10-01,0608,P52,,7,5,6,1502,0,0,0,,0,SOUTH,"PANAMA LN","WIBLE RD",0.00,,Y,A,-,N,,,,,,,,,,Y,3,0,1,2,A,-,12,21453,A,N,D,C,A,A,H,-,B,A,0,,,,,Y,,-,"- ",0,1,0,0,0,0,0,0,0,"- ","- ",35.2956,-119.03926,KERN,BAKERSFIELD,-119.03907006,35.29598009
8474382,2017,2017-11-01,1502,2017-10-06,1459,P45,,5,5,6,1502,0,0,0,,0,METRO,"CALIFORNIA AV","OAK ST",166.00,W,N,A,-,N,,,,,,,,,,N,4,0,1,2,A,-,03,22350,,M,C,C,A,A,H,-,A,D,0,,,,,Y,,A,01,0,0,1,0,0,0,0,0,0,"- ","- ",35.368760000000002,-119.03831,KERN,BAKERSFIELD,-119.0393361,35.36871
8474383,2017,2018-07-09,1502,2017-10-04,0201,1177,,3,5,6,1502,0,0,0,,0,HILL,"GOLDEN STATE AV","F ST",0.00,,Y,A,-,Y,KER,6,204,-,-,5.137,I,5,S,Y,3,0,2,2,A,-,09,21453,C,N,D,C,A,A,H,-,C,A,0,,,,,Y,,A,01,0,1,1,0,0,0,0,0,0,"- ","- ",35.389589999999998,-119.02235,KERN,BAKERSFIELD,-119.02304653,35.389663630000001
8474386,2017,2017-11-01,1502,2017-10-06,1103,1213,,5,5,6,1502,0,0,0,,0,METRO,"23RD ST","F ST",35.00,E,N,A,-,N,,,,,,,,,,Y,4,0,2,2,A,-,08,22107,,N,D,C,A,A,H,-,A,D,0,,,,,Y,,A,01,0,0,2,0,0,0,0,0,0,"- ","- ",35.380090000000003,-119.02294000000001,KERN,BAKERSFIELD,-119.02334273,35.38006
8474390,2017,2017-11-01,1502,2017-10-05,1641,1059,,4,5,6,1502,0,0,0,,0,SOUTH,"HARRIS RD","OLD RIVER RD",50.00,W,N,A,-,N,,,,,,,,,,N,4,0,1,2,A,-,21,22106,,N,C,C,A,A,H,-,A,A,0,,,,,Y,,A,01,0,0,1,0,0,0,0,0,0,"- ","- ",35.30377,-119.1101,KERN,BAKERSFIELD,-119.11016736000001,35.30344848
8474394,2017,2017-11-01,1502,2017-10-05,1612,1271,,4,5,6,1502,0,0,0,,0,VALLEY,"MING AV","CASTRO LN",462.00,E,N,A,-,N,,,,,,,,,,N,4,0,1,2,A,-,09,21804,A,N,B,C,A,A,H,-,A,A,0,,,,,Y,,A,01,0,0,1,0,0,0,0,0,0,"- ","- ",35.339570000000002,-119.03447,KERN,BAKERSFIELD,-119.03297292000001,35.339539790000003
8474398,2017,2017-11-01,1502,2017-10-10,0707,976,,2,5,6,1502,0,0,0,,0,VALLEY,"BELLE TERRACE","UNION AV",0.00,,Y,A,-,N,,,,,,,,,,Y,4,0,1,2,A,-,12,21453,A,N,D,C,A,A,H,-,A,A,0,,,,,Y,,A,01,0,0,1,0,0,0,0,0,0,"- ","- ",35.346559999999997,-119.00287,KERN,BAKERSFIELD,-119.00310002000001,35.346700060000003
84745234,2025,2025-07-01,1502,2025-06-13,1515,1451,,5,5,6,1502,0,0,0,,0,METRO,"11TH ST","UNION AVE",0.00,,Y,A,-,Y,,,,,,,,,,Y,3,0,1,2,A,-,09,21804,A,N,D,D,A,A,H,-,A,D,0,,,,,Y,,A,01,0,1,0,0,0,0,0,0,0,"- ","- ",35.366500854492188,-119.00337982177734,KERN,BAKERSFIELD,-119.00286865234375,35.367389678955078
84745235,2025,2025-07-01,1502,2025-06-19,2045,P82,,4,5,6,1502,0,0,0,,0,NORTH,"ROSEDALE HWY","VERDUGO LN",0.00,,Y,A,-,Y,,,,,,,,,,Y,4,0,2,2,A,-,01,23152,A,N,D,C,A,A,H,-,C,A,0,,,,,Y,Y,D,22,0,0,2,0,0,0,0,0,0,"- ","- ",35.383571624755859,-119.11913299560547,KERN,BAKERSFIELD,-119.11897277832031,35.383552551269531
84745236,2025,2025-07-01,1502,2025-06-19,2209,P82,,4,5,6,1502,0,0,0,,0,METRO,"ROSEDALE HWY","BUCK OWENS BLVD",149.00,W,N,A,-,Y,,,,,,,,,,Y,4,0,1,1,A,-,01,23152,A,N,E,I,A,A,H,-,C,A,0,,,,,Y,Y,D,22,0,0,1,0,0,0,0,0,0,"- ","- ",35.383171081542969,-119.04257202148438,KERN,BAKERSFIELD,-119.04372406005859,35.383132934570312
84745237,2025,2025-07-01,1502,2025-06-27,1643,P99,,5,5,6,1502,0,0,0,,0,VALLEY,"MONITOR ST","ADELAIDE AVE",60.00,N,N,A,-,N,,,,,,,,,,Y,3,0,2,2,A,-,01,23152,A,N,A,C,A,A,H,-,A,D,0,,,,,Y,Y,A,01,0,1,1,0,0,0,0,0,0,"- ","- ",35.29901123046875,-119.01235961914062,KERN,BAKERSFIELD,-119.01187896728516,35.299243927001953
84745666,2025,2025-07-01,1503,2025-06-29,1933,10210,,7,5,4,1503,0,0,0,,0,,"1741 17TH AV","MADISON STREET'S EAST CURBLINE",10.00,E,-,A,-,N,,,,,,,,,,N,4,0,1,1,A,-,12,22450,A,M,E,I,A,A,H,-,A,D,0,,,,,Y,Y,A,01,0,0,1,0,0,0,0,0,0,"- ","- ",35.778011322021484,-119.232421875,KERN,DELANO,-119.24197387695312,35.777748107910156
84746972,2025,2025-07-07,1502,2025-06-12,"615 ",1430,,4,5,6,1502,0,0,0,,0,,"TRUXTUN AVE","TRUXTUN PLZ W",0.00,,Y,A,-,N,,,,,,,,,,N,4,0,2,2,A,-,12,21453,A,N,D,C,A,A,H,-,A,A,0,,,,,Y,,-,"- ",0,0,2,0,0,0,0,0,0,"- ","- ",35.362419128417969,-119.07290649414062,KERN,BAKERSFIELD,-119.00286102294922,35.37322998046875
84746973,2025,2025-07-07,1502,2025-06-13,"938 ",1430,,5,5,6,1502,0,0,0,,0,,"STOCKDALE HWY","MONTCLAIR ST",0.00,,Y,A,-,N,,,,,,,,,,N,4,0,4,3,A,-,12,21453,A,N,B,C,A,A,H,-,A,A,0,,,,,Y,,A,01,0,0,4,0,0,0,0,0,0,"- ","- ",35.354488372802734,-119.05435943603516,KERN,BAKERSFIELD,-119.05458068847656,35.354267120361328