CASE_ID,ACCIDENT_YEAR,PROC_DATE,JURIS,COLLISION_DATE,COLLISION_TIME,OFFICER_ID,REPORTING_DISTRICT,DAY_OF_WEEK,CHP_SHIFT,POPULATION,CNTY_CITY_LOC,SPECIAL_COND,BEAT_TYPE,CHP_BEAT_TYPE,CITY_DIVISION_LAPD,CHP_BEAT_CLASS,BEAT_NUMBER,PRIMARY_RD,SECONDARY_RD,DISTANCE,DIRECTION,INTERSECTION,WEATHER_1,WEATHER_2,STATE_HWY_IND,CALTRANS_COUNTY,CALTRANS_DISTRICT,STATE_ROUTE,ROUTE_SUFFIX,POSTMILE_PREFIX,POSTMILE,LOCATION_TYPE,RAMP_INTERSECTION,SIDE_OF_HWY,TOW_AWAY,COLLISION_SEVERITY,NUMBER_KILLED,NUMBER_INJURED,PARTY_COUNT,PRIMARY_COLL_FACTOR,PCF_CODE_OF_VIOL,PCF_VIOL_CATEGORY,PCF_VIOLATION,PCF_VIOL_SUBSECTION,HIT_AND_RUN,TYPE_OF_COLLISION,MVIW,PED_ACTION,ROAD_SURFACE,ROAD_COND_1,ROAD_COND_2,LIGHTING,CONTROL_DEVICE,CHP_ROAD_TYPE,PEDESTRIAN_ACCIDENT,BICYCLE_ACCIDENT,MOTORCYCLE_ACCIDENT,TRUCK_ACCIDENT,NOT_PRIVATE_PROPERTY,ALCOHOL_INVOLVED,STWD_VEHTYPE_AT_FAULT,CHP_VEHTYPE_AT_FAULT,COUNT_SEVERE_INJ,COUNT_VISIBLE_INJ,COUNT_COMPLAINT_PAIN,COUNT_PED_KILLED,COUNT_PED_INJURED,COUNT_BICYCLIST_KILLED,COUNT_BICYCLIST_INJURED,COUNT_MC_KILLED,COUNT_MC_INJURED,PRIMARY_RAMP,SECONDARY_RAMP,LATITUDE,LONGITUDE,COUNTY,CITY,POINT_X,POINT_Y
84825677,2025,2025-09-02,1502,2025-09-01,1450,P114,,1,5,6,1502,0,0,0,,0,METRO,"BAKER ST","MONTEREY ST",0.00,,Y,A,-,N,,,,,,,,,,N,4,0,1,2,A,-,21,22106,,M,C,C,A,A,H,-,A,A,0,,,,,Y,,-,99,0,0,1,0,0,0,0,0,0,"- ","- ",35.381309509277344,-118.99147033691406,KERN,BAKERSFIELD,-118.99140930175781,35.380970001220703
84826414,2025,2025-09-02,1503,2025-08-28,2110,10218,,4,5,4,1503,0,0,0,,0,,".900 COUNTY LINE RD","WEST CURBLINE OF KALIBO ST",257.00,W,-,A,-,N,,,,,,,,,,N,3,0,1,2,A,-,04,21703,,N,C,C,A,A,H,-,C,D,0,,,,,Y,Y,A,01,0,1,0,0,0,0,0,0,0,"- ","- ",35.790451049804688,-119.24913787841797,KERN,DELANO,-119.24562072753906,35.790424346923828
84826434,2025,2025-09-02,1503,2025-07-31,1725,10208,,4,5,4,1503,0,0,0,,0,,"CECIL AV","ALBANY ST",9.00,S,Y,A,-,N,,,,,,,,,,N,4,0,1,2,A,-,12,21453,A,N,B,C,A,A,H,-,A,A,0,,,,,Y,,A,01,0,0,1,0,0,0,0,0,0,"- ","- ",35.775928497314453,-119.25849914550781,KERN,DELANO,-119.25849914550781,35.775901794433594
84827653,2024,2025-09-03,1502,2024-12-17,1810,1396,,2,5,6,1502,0,0,0,,0,VALLEY,"WILSON RD","LARSON LN",0.00,,Y,A,-,N,,,,,,,,,,N,2,0,1,2,A,-,03,22350,,N,D,C,A,A,H,-,C,D,0,,,Y,,Y,,C,02,1,0,0,0,0,0,0,0,1,"- ","- ",35.332351684570312,-119.03820037841797,KERN,BAKERSFIELD,-119.03815460205078,35.332199096679688
84827677,2025,2025-09-03,1502,2025-08-28,1819,1430,,4,5,6,1502,0,0,0,,0,,"TAFT HWY","MOUNTAIN RIDGE DR",0.00,,Y,A,-,N,,,,,,,,,,N,4,0,2,3,A,-,09,21802,A,N,D,C,A,A,H,-,A,B,0,,,,,Y,,A,01,0,0,2,0,0,0,0,0,0,"- ","- ",35.266979217529297,-119.06619262695312,KERN,BAKERSFIELD,-119.0655517578125,35.267059326171875
84827678,2025,2025-09-03,1502,2025-08-30,1813,P82,,6,5,6,1502,0,0,0,,0,VALLEY,"LARSON LN","WILSON RD",0.00,,Y,A,-,N,,,,,,,,,,Y,4,0,1,2,A,-,09,21802,A,N,D,D,A,A,H,-,A,A,0,,,,,Y,,A,01,0,0,1,0,0,0,0,0,0,"- ","- ",35.332351684570312,-119.03820037841797,KERN,BAKERSFIELD,-119.03815460205078,35.332199096679688
84827679,2025,2025-09-03,1502,2025-08-30,2011,P82,,6,5,6,1502,0,0,0,,0,NORTH,"RIVERLAKES DR","HAGEMAN RD",28.00,S,N,A,-,N,,,,,,,,,,N,4,0,2,2,A,-,08,22107,,N,B,D,A,A,H,-,C,A,0,,,,,Y,,A,01,0,0,2,0,0,0,0,0,0,"- ","- ",35.4002685546875,-119.09723663330078,KERN,BAKERSFIELD,-119.09729766845703,35.400398254394531
84827680,2025,2025-09-03,1502,2025-09-01,2213,1137,,1,5,6,1502,0,0,0,,0,METRO,"E TRUXTUN AVE","WILLIAMS ST",62.00,E,N,A,-,N,,,,,,,,,,N,3,0,1,2,A,-,11,21954,A,N,G,B,D,A,H,-,D,D,0,Y,,,,Y,,N,60,0,1,0,0,1,0,0,0,0,"- ","- ",,,KERN,BAKERSFIELD,-118.97848510742188,35.373062133789062
8482889,2017,2017-11-02,1507,2017-10-10,0750,271,4,2,5,3,1507,0,0,0,,0,,"MANNEL AV","E TULARE AV",0.00,,Y,A,-,N,,,,,,,,,,N,2,0,2,3,A,-,"- ",,,N,G,B,B,A,H,-,A,D,0,Y,,,,Y,,-,"- ",1,1,0,0,2,0,0,0,0,"- ","- ",35.5077,-119.26824000000001,KERN,SHAFTER,-119.26929987,35.507060099999997
84829295,2025,2025-09-04,1502,2025-08-21,2056,P99,,4,5,6,1502,0,0,0,,0,NORTH,"COFFEE RD","OLIVE DR",0.00,,Y,A,-,N,,,,,,,,,,Y,3,0,3,2,A,-,12,21453,A,N,D,C,A,A,H,-,C,A,0,,,,,Y,,-,"- ",0,2,1,0,0,0,0,0,0,"- ","- ",35.412281036376953,-119.092041015625,KERN,BAKERSFIELD,-119.09233856201172,35.412380218505859
84829296,2025,2025-09-04,1502,2025-08-27,1031,1360,,3,5,6,1502,0,0,0,,0,NORTH,"CALLOWAY DR","HARVEY CT",128.00,S,N,A,-,N,,,,,,,,,,N,4,0,1,3,A,-,03,22350,,N,C,C,A,A,H,-,A,A,0,,,,,Y,,D,22,0,0,1,0,0,0,0,0,0,"- ","- ",35.371341705322266,-119.11033630371094,KERN,BAKERSFIELD,-119.11009216308594,35.370979309082031
84829299,2025,2025-09-04,1502,2025-08-28,"838 ",1360,,4,5,6,1502,0,0,0,,0,SOUTH,"HOSKING AVE","HUGHES LN",226.00,E,N,A,-,N,,,,,,,,,,N,4,0,1,2,A,-,03,22350,,N,C,C,A,A,H,-,A,A,0,,,,,Y,,A,01,0,0,1,0,0,0,0,0,0,"- ","- ",35.281459808349609,-119.03182220458984,KERN,BAKERSFIELD,-119.03054046630859,35.281299591064453
84829305,2025,2025-09-04,1502,2025-08-29,2036,1381,,5,5,6,1502,0,0,0,,0,SOUTH,"ASHE RD","TAFT HWY",0.00,,Y,A,-,N,,,,,,,,,,N,3,0,5,2,A,-,09,21801,A,N,A,C,A,A,H,-,C,A,0,,,,,Y,,A,01,0,1,4,0,0,0,0,0,0,"- ","- ",35.26708984375,-119.07504272460938,KERN,BAKERSFIELD,-119.07440185546875,35.267101287841797
84829312,2025,2025-09-04,1502,2025-09-01,2003,1408,,1,5,6,1502,0,0,0,,0,METRO,"BLANCHE ST","H ST",70.00,W,N,A,-,N,,,,,,,,,,N,3,0,1,2,A,-,05,21650,1,F,A,G,A,A,H,-,C,D,0,,Y,,,Y,,L,04,0,1,0,0,0,0,1,0,0,"- ","- ",35.367591857910156,-119.02081298828125,KERN,BAKERSFIELD,-119.02146148681641,35.367591857910156
84829313,2025,2025-09-04,1502,2025-09-01,2019,1442,,1,5,6,1502,0,0,0,,0,METRO,"P ST","4TH ST",300.00,N,N,A,-,N,,,,,,,,,,N,3,0,1,2,A,-,11,21955,,N,G,B,D,A,H,-,C,D,0,Y,,,,Y,,N,60,0,1,0,0,1,0,0,0,0,"- ","- ",35.360698699951172,-119.01155090332031,KERN,BAKERSFIELD,-119.01184844970703,35.361602783203125
84829323,2025,2025-09-04,1502,2025-09-02,1704,P75,,2,5,6,1502,0,0,0,,0,CENTRA,"BELLE TERRACE","MC DONALD WAY (W)",14.00,W,N,A,-,N,,,,,,,,,,Y,3,0,3,2,A,-,09,21801,A,N,D,C,A,A,H,-,A,D,0,,,,,Y,,A,07,0,1,2,0,0,0,0,0,0,"- ","- ",35.347118377685547,-119.05284118652344,KERN,BAKERSFIELD,-119.05303955078125,35.346839904785156
84831211,2025,2025-09-05,1502,2025-08-16,1246,1430,,6,5,6,1502,0,0,0,,0,,"COFFEE RD","OLIVE DR",206.00,S,N,A,-,N,,,,,,,,,,N,4,0,2,3,A,-,07,21658,A,M,B,C,A,A,H,-,A,A,0,,,,,Y,,A,01,0,0,2,0,0,0,0,0,0,"- ","- ",35.412281036376953,-119.092041015625,KERN,BAKERSFIELD,-119.09233093261719,35.411815643310547
84831212,2025,2025-09-05,1502,2025-08-21,1246,1485,,4,5,6,1502,0,0,0,,0,,"HUGHES LN","WHITE LN",0.00,,Y,A,-,N,,,,,,,,,,N,4,0,1,2,A,-,12,21453,A,M,D,C,A,A,H,-,A,A,0,,,,,Y,,D,22,0,0,1,0,0,0,0,0,0,"- ","- ",35.3177490234375,-119.03029632568359,KERN,BAKERSFIELD,-119.03009033203125,35.317611694335938
8483122,2017,2017-11-06,1507,2017-10-18,0643,271,34,3,5,3,1507,0,0,0,,0,,"BURBANK ST",ZACHARY,27.00,E,N,A,-,N,,,,,,,,,,Y,4,0,1,1,A,-,08,22107,A,N,E,I,A,A,H,-,D,D,0,,,,,Y,,A,71,0,0,1,0,0,0,0,0,0,"- ","- ",35.470619999999997,-119.18885,KERN,SHAFTER,-119.18874943,35.4706397
84831220,2025,2025-09-05,1502,2025-09-04,1302,P99,,4,5,6,1502,0,0,0,,0,HILL,"MT VERNON AVE","BERNARD ST",515.00,S,N,A,-,N,,,,,,,,,,Y,4,0,1,3,A,-,03,22350,,N,C,C,A,A,H,-,A,D,0,,,,,Y,,A,07,0,0,1,0,0,0,0,0,0,"- ","- ",35.390419006347656,-118.96739959716797,KERN,BAKERSFIELD,-118.96755218505859,35.388828277587891
84832669,2025,2025-09-08,1502,2025-09-03,"935 ",1360,,3,5,6,1502,0,0,0,,0,CENTRA,"WIBLE RD","ALUM AVE",680.00,N,N,A,-,N,,,,,,,,,,N,3,0,4,2,A,-,09,21804,A,N,D,C,A,A,H,-,A,D,0,,,,,Y,,E,22,0,3,1,0,0,0,0,0,0,"- ","- ",35.319648742675781,-119.03914642333984,KERN,BAKERSFIELD,-119.03900146484375,35.321357727050781
84832670,2025,2025-09-08,1502,2025-09-05,1437,P99,,5,5,6,1502,0,0,0,,0,VALLEY,"PANAMA LN","PARSONS WAY",60.00,W,N,A,-,N,,,,,,,,,,N,4,0,1,2,A,-,03,22350,,M,C,C,A,A,H,-,A,A,0,,,,,Y,,-,99,0,0,1,0,0,0,0,0,0,"- ","- ",35.295871734619141,-119.02040100097656,KERN,BAKERSFIELD,-119.02010345458984,35.295879364013672
8483314,2017,2017-11-29,1506,2017-10-17,1555,4013,42,2,5,4,1506,0,0,0,,0,,"SOUTH DOWNS ST","WEST BOWMAN RD",0.00,,Y,A,-,N,,,,,,,,,,Y,3,0,2,2,A,-,09,21800,A,N,D,C,A,A,H,-,A,A,0,,,,,Y,,D,22,0,2,0,0,0,0,0,0,0,"- ","- ",35.607750000000003,-117.6879,KERN,RIDGECREST,-117.68809004000001,35.60780012
84833567,2025,2025-09-08,1502,2025-08-19,"944 ",1396,,2,5,6,1502,0,0,0,,0,NORTH,"WESTSIDE PKWY E OFF TO MOHAWK ST RAMP","MOHAWK ST",0.00,,Y,A,-,N,,,,,,,,,,N,4,0,2,2,A,-,03,22350,,M,C,C,A,A,H,-,A,A,0,,,,,Y,,A,01,0,0,2,0,0,0,0,0,0,"- ","- ",35.370048522949219,-119.06524658203125,KERN,BAKERSFIELD,-119.06600189208984,35.371349334716797
84833568,2025,2025-09-08,1502,2025-08-28,1330,1430,,4,5,6,1502,0,0,0,,0,,"CLAY PATRICK FARR WAY","ROSEDALE HWY",531.00,N,N,A,-,N,,,,,,,,,,N,4,0,1,3,A,-,09,21804,A,N,D,C,A,A,H,-,A,A,0,,,,,Y,,A,01,0,0,1,0,0,0,0,0,0,"- ","- ",35.383369445800781,-119.10124969482422,KERN,BAKERSFIELD,-119.10102844238281,35.385005950927734
84833570,2025,2025-09-08,1502,2025-08-31,1901,1469,,7,5,6,1502,0,0,0,,0,SOUTH,"WIBLE RD","HOSKING AVE",0.00,,Y,A,-,N,,,,,,,,,,N,4,0,1,2,A,-,01,23152,A,N,D,C,A,A,H,-,B,A,0,,,,,Y,Y,A,01,0,0,1,0,0,0,0,0,0,"- ","- ",35.281558990478516,-119.03961944580078,KERN,BAKERSFIELD,-119.03897857666016,35.281387329101562
84833571,2025,2025-09-08,1502,2025-08-31,1934,1469,,7,5,6,1502,0,0,0,,0,VALLEY,"99 N OFF TO HOSKING","HOSKING AVE",0.00,,Y,A,-,N,,,,,,,,,,N,4,0,1,2,A,-,01,23152,A,N,C,D,A,A,H,-,C,A,0,,,,,Y,Y,A,01,0,0,1,0,0,0,0,0,0,"- ","- ",35.281398773193359,-119.02542877197266,KERN,BAKERSFIELD,,
84833582,2025,2025-09-08,1502,2025-09-04,1845,P82,,4,5,6,1502,0,0,0,,0,HILL,"PANORAMA DR","LINDEN AVE",16.00,E,N,A,-,N,,,,,,,,,,Y,3,0,2,4,A,-,01,23152,F,N,B,E,E,A,H,-,A,D,0,Y,,,,Y,,D,22,0,1,1,0,1,0,0,0,0,"- ","- ",35.40740966796875,-118.99066162109375,KERN,BAKERSFIELD,-118.99073028564453,35.408447265625
84833585,2025,2025-09-08,1502,2025-09-04,1935,P99,,4,5,6,1502,0,0,0,,0,HILL,"ALFRED HARRELL HWY","RIVER RD (E)",6049.00,E,N,A,-,N,,,,,,,,,,N,3,0,3,2,A,-,01,23152,A,N,A,C,A,A,H,-,A,D,0,,,,,Y,Y,A,01,0,2,1,0,0,0,0,0,0,"- ","- ",35.444450378417969,-118.90380096435547,KERN,BAKERSFIELD,-118.93524169921875,35.442783355712891
84833589,2025,2025-09-08,1502,2025-09-06,1948,P99,,6,5,6,1502,0,0,0,,0,METRO,"PACIFIC ST","HALEY ST",0.00,,Y,-,-,N,,,,,,,,,,N,4,0,3,2,A,-,01,23152,A,N,D,C,A,A,H,-,B,A,0,,,,,Y,Y,A,07,0,0,3,0,0,0,0,0,0,"- ","- ",35.381778717041016,-118.97952270507812,KERN,BAKERSFIELD,-118.9794921875,35.381538391113281
84833590,2025,2025-09-08,1502,2025-05-10,2050,1343,,6,5,6,1502,0,0,0,,0,VALLEY,"HUGHES LN","HOLDEN WAY",0.00,,Y,A,-,N,,,,,,,,,,Y,1,1,3,2,A,-,03,22350,,N,D,C,A,A,H,-,C,A,0,,,,,Y,,A,01,2,1,0,0,0,0,0,0,0,"- ","- ",35.336269378662109,-119.03005981445312,KERN,BAKERSFIELD,-119.03007507324219,35.336177825927734
84834115,2025,2025-09-08,1503,2025-08-17,1335,10107,,7,5,4,1503,0,0,0,,0,,"POND RD","GARZOLI AV",26.00,E,Y,A,-,N,,,,,,,,,,Y,2,0,4,2,A,-,09,21800,,N,D,C,A,A,H,-,A,A,0,,,,,Y,,A,01,3,1,0,0,0,0,0,0,0,"- ","- ",35.717910766601562,-119.24082946777344,KERN,DELANO,-119.24076080322266,35.717926025390625
84834578,2025,2025-09-08,1503,2025-08-30,"642 ",10199,,6,5,4,1503,0,0,0,,0,,"BROWNING RD 900 BLOCK","NORTHEAST CURB EDGE OF BROWING RD",391.00,N,-,A,-,N,,,,,,,,,,Y,2,0,1,1,A,-,07,21658,A,N,E,I,A,A,H,-,A,D,0,,,,,Y,Y,A,01,1,0,0,0,0,0,0,0,0,"- ","- ",35.768650054931641,-119.22318267822266,KERN,DELANO,,
84834749,2025,2025-09-08,1503,2025-08-10,1148,10200,,7,5,4,1503,0,0,0,,0,,"CECIL AV","GLENWOOD ST",0.00,,Y,A,-,N,,,,,,,,,,N,4,0,1,2,A,-,04,21703,,N,C,C,A,A,H,-,A,D,0,,,,,Y,,A,01,0,0,1,0,0,0,0,0,0,"- ","- ",35.775920867919922,-119.25039672851562,KERN,DELANO,-119.25129699707031,35.775955200195312
84835333,2025,2025-09-08,1503,2025-08-18,"802 ",10224,,1,5,4,1503,0,0,0,,0,,"2000 BLK OF CECIL AVENUE","EAST PROLONGATION LINE OF VASSAR ST.",550.00,E,-,A,-,N,,,,,,,,,,Y,3,0,1,2,A,-,08,22107,,N,D,D,A,A,H,-,A,D,0,,,,,Y,,A,01,0,1,0,0,0,0,0,0,0,"- ","- ",35.774440765380859,-119.22522735595703,KERN,DELANO,,
84836557,2025,2025-09-09,1502,2025-09-08,1826,1408,,1,5,6,1502,0,0,0,,0,HILL,"178 E OFF TO MT VERNON RAMP","MT VERNON AVE",0.00,,Y,A,-,N,,,,,,,,,,N,3,0,1,2,A,-,12,21453,A,N,D,G,A,A,H,-,A,A,0,,Y,,,Y,,L,04,0,1,0,0,0,0,1,0,0,"- ","- ",35.394168853759766,-118.96736907958984,KERN,BAKERSFIELD,,
8483831,2017,2017-11-07,1511,2017-10-28,2157,53060,4,6,5,2,1511,0,0,0,,0,00A,"RUDNICK BL","CONKLIN BL",94.00,E,N,A,-,N,,,,,,,,,,N,2,0,1,1,A,-,03,38305,,N,E,I,A,A,H,-,D,D,0,,,Y,,Y,Y,C,02,1,0,0,0,0,0,0,0,1,"- ","- ",35.139560000000003,-117.95535,KERN,"CALIFORNIA CITY",-117.94994652,35.169630789999999
8483835,2017,2017-11-07,1511,2017-10-29,0951,53303,5,7,5,2,1511,0,0,0,,0,00A,"REDWOOD BL","AIRWAY BL",0.00,,Y,A,-,N,,,,,,,,,,N,3,0,1,2,A,-,09,21801,A,N,D,D,A,A,H,-,A,D,0,,,,,Y,,A,01,0,1,0,0,0,0,0,0,0,"- ","- ",35.11121,-117.97272,KERN,"CALIFORNIA CITY",-117.97271012,35.111480040000004
8483839,2017,2017-11-07,1511,2017-10-18,1108,53069,2,3,5,2,1511,0,0,0,,0,00A,"NEURALIA RD","MENDIBURU RD",5270.00,N,N,A,-,N,,,,,,,,,,Y,3,0,2,2,A,-,08,22107,,N,F,A,A,A,H,-,A,D,0,,,,,Y,,A,01,0,1,1,0,0,0,0,0,0,"- ","- ",35.140309999999999,-117.9859,KERN,"CALIFORNIA CITY",-117.98584,35.154927000000001
84840013,2025,2025-09-11,1502,2025-07-20,2232,1523,,7,5,6,1502,0,0,0,,0,,"UNION AVE","BERNARD ST",0.00,,Y,A,-,N,,,,,,,,,,N,2,0,1,2,A,-,12,21453,A,N,D,D,A,A,H,-,C,A,0,,,Y,,Y,Y,C,02,1,0,0,0,0,0,0,0,1,"- ","- ",35.390769958496094,-119.00279998779297,KERN,BAKERSFIELD,-119.00278472900391,35.390312194824219
84840017,2025,2025-09-11,1502,2025-08-28,1549,1409,,4,5,6,1502,0,0,0,,0,CENTRA,"COFFEE RD","STOCKDALE HWY",300.00,N,N,A,-,N,,,,,,,,,,N,4,0,1,2,A,-,03,22350,,M,C,C,A,A,H,-,A,A,0,,,,,Y,,-,99,0,0,1,0,0,0,0,0,0,"- ","- ",35.354541778564453,-119.09178161621094,KERN,BAKERSFIELD,-119.09237670898438,35.355281829833984
84840023,2025,2025-09-11,1502,2025-09-05,"23  ",1425,,5,5,6,1502,0,0,0,,0,,"LIGGETT ST","LLOYD ST",0.00,,Y,A,-,N,,,,,,,,,,Y,4,0,1,2,A,-,01,23152,A,N,C,C,A,A,H,-,C,D,0,,,,,Y,Y,A,01,0,0,1,0,0,0,0,0,0,"- ","- ",35.354648590087891,-119.00131225585938,KERN,BAKERSFIELD,-119.00157928466797,35.354789733886719
84840024,2025,2025-09-11,1502,2025-09-06,"1   ",1425,,6,5,6,1502,0,0,0,,0,,"CHESTER AVE","9TH ST",35.00,N,N,A,-,N,,,,,,,,,,N,4,0,1,2,A,-,11,21954,A,N,G,B,C,A,H,-,C,D,0,Y,,,,Y,Y,N,60,0,0,1,0,1,0,0,0,0,"- ","- ",35.36553955078125,-119.01849365234375,KERN,BAKERSFIELD,-119.01886749267578,35.365646362304688
84840030,2025,2025-09-11,1502,2025-09-07,2040,P63,,7,5,6,1502,0,0,0,,0,SOUTH,"SHERWOOD FOREST ST","BERKSHIRE RD",0.00,,Y,A,-,N,,,,,,,,,,N,3,0,1,2,A,-,10,21950,A,F,G,B,B,A,H,-,C,A,0,Y,,,,Y,,-,99,0,1,0,0,1,0,0,0,0,"- ","- ",35.288200378417969,-119.05374145507812,KERN,BAKERSFIELD,-119.05223083496094,35.288730621337891
84840031,2025,2025-09-11,1502,2025-09-08,"733 ",P88,,1,5,6,1502,0,0,0,,0,VALLEY,"HUGHES LN","BEA CT",62.00,S,N,A,-,N,,,,,,,,,,N,3,0,2,2,A,-,08,22102,,N,D,C,A,A,H,-,A,D,0,,,,,Y,,A,07,0,1,1,0,0,0,0,0,0,"- ","- ",35.321041107177734,-119.03025817871094,KERN,BAKERSFIELD,-119.03008270263672,35.32080078125
84840033,2025,2025-09-11,1502,2025-09-09,"826 ",1249,,2,5,6,1502,0,0,0,,0,NORTH,"HAGEMAN RD","RIVERLAKES DR",365.00,W,N,A,-,N,,,,,,,,,,N,4,0,1,2,A,-,03,22350,,N,C,C,A,A,H,-,A,D,0,,,,,Y,,A,01,0,0,1,0,0,0,0,0,0,"- ","- ",35.4002685546875,-119.09723663330078,KERN,BAKERSFIELD,-119.09837341308594,35.399944305419922
84841894,2025,2025-09-12,1502,2025-08-16,1224,1476,,6,5,6,1502,0,0,0,,0,SOUTH,"WHITE LN","BUENA VISTA RD",0.00,,Y,A,-,N,,,,,,,,,,N,4,0,1,2,A,-,12,21453,A,N,D,C,A,A,H,-,A,A,0,,,,,Y,,-,"- ",0,0,1,0,0,0,0,0,0,"- ","- ",35.325729370117188,-119.12787628173828,KERN,BAKERSFIELD,-119.12799835205078,35.325172424316406
84841905,2025,2025-10-10,1502,2025-09-10,"818 ",P45,,3,5,6,1502,0,0,0,,0,NORTH,"OLD FARM RD","OLIVE DR",0.00,,Y,A,-,N,,,,,,,,,,N,3,0,1,2,A,-,17,21208,A,N,H,G,A,A,H,-,A,A,0,,Y,,,Y,,L,04,0,1,0,0,0,0,1,0,0,"- ","- ",35.419960021972656,-119.13632202148438,KERN,BAKERSFIELD,-119.13663482666016,35.419654846191406
84841906,2025,2025-09-12,1502,2025-09-10,1820,P63,,3,5,6,1502,0,0,0,,0,VALLEY,"PANAMA LN","MONITOR ST",0.00,,Y,A,-,N,,,,,,,,,,Y,2,0,2,3,A,-,12,21453,A,N,D,D,A,A,H,-,A,A,0,,,,,Y,,A,01,1,0,1,0,0,0,0,0,0,"- ","- ",35.295810699462891,-119.01239776611328,KERN,BAKERSFIELD,-119.01189422607422,35.295902252197266
84841907,2025,2025-09-12,1502,2025-09-10,2207,P63,,3,5,6,1502,0,0,0,,0,NORTH,"LAVINA AVE","LUCIANO ST",0.00,,Y,A,-,N,,,,,,,,,,Y,4,0,2,1,A,-,03,22350,,N,E,I,A,A,H,-,C,D,0,,,,,Y,,A,01,0,0,2,0,0,0,0,0,0,"- ","- ",35.416790008544922,-119.13876342773438,KERN,BAKERSFIELD,-119.13901519775391,35.416538238525391
84843400,2025,2025-09-15,1502,2025-08-28,1021,1476,,4,5,6,1502,0,0,0,,0,METRO,"TRUXTUN AVE","S ST",0.00,,Y,A,-,N,,,,,,,,,,N,4,0,1,2,A,-,12,21453,A,N,D,C,A,A,H,-,A,A,0,,,,,Y,,D,22,0,0,1,0,0,0,0,0,0,"- ","- ",35.372428894042969,-119.0086669921875,KERN,BAKERSFIELD,-119.00830841064453,35.37322998046875
84843401,2025,2025-09-15,1502,2025-08-28,1934,1409,,4,5,6,1502,0,0,0,,0,NORTH,"CLAY PATRICK FARR WAY","ROSEDALE HWY",518.00,N,N,A,-,N,,,,,,,,,,N,4,0,1,2,A,-,09,21801,A,N,D,C,A,A,H,-,C,D,0,,,,,Y,,D,22,0,0,1,0,0,0,0,0,0,"- ","- ",35.383369445800781,-119.10124969482422,KERN,BAKERSFIELD,-119.10102844238281,35.384971618652344
84843402,2025,2025-09-15,1502,2025-09-04,1225,1476,,4,5,6,1502,0,0,0,,0,METRO,"17TH ST","L ST",0.00,,Y,A,-,N,,,,,,,,,,N,3,0,1,2,A,-,10,21950,A,N,G,B,B,A,H,-,A,A,0,Y,,,,Y,,A,01,0,1,0,0,1,0,0,0,0,"- ","- ",35.374279022216797,-119.01595306396484,KERN,BAKERSFIELD,-119.01641845703125,35.374320983886719
84843404,2025,2025-09-15,1502,2025-09-08,1846,P45,,1,5,6,1502,0,0,0,,0,CENTRA,"WHITE LN","OLD RIVER RD",221.00,E,N,A,-,N,,,,,,,,,,N,3,0,1,2,A,-,03,22350,,N,H,G,A,A,H,-,A,D,0,,Y,,,Y,,A,07,0,1,0,0,0,0,1,0,0,"- ","- ",35.325531005859375,-119.10923004150391,KERN,BAKERSFIELD,-119.10868835449219,35.325126647949219
84844162,2025,2025-09-15,1502,2025-08-31,1904,1239,,7,5,6,1502,0,0,0,,0,METRO,"23RD ST","M ST",0.00,,Y,A,-,N,,,,,,,,,,N,3,0,3,3,A,-,12,21453,A,N,D,C,A,A,H,-,B,A,0,,,,,Y,,A,01,0,1,2,0,0,0,0,0,0,"- ","- ",35.379970550537109,-119.01468658447266,KERN,BAKERSFIELD,-119.01523590087891,35.380043029785156
84844163,2025,2025-09-15,1502,2025-09-09,1915,P75,,2,5,6,1502,0,0,0,,0,VALLEY,"H ST","WILSON RD",15.00,S,N,A,-,N,,,,,,,,,,Y,4,0,1,1,A,-,01,23152,F,N,E,I,A,A,H,-,C,A,0,,,,,Y,,A,01,0,0,1,0,0,0,0,0,0,"- ","- ",35.332180023193359,-119.021240234375,KERN,BAKERSFIELD,-119.02131652832031,35.332130432128906
84844164,2025,2025-09-15,1502,2025-09-09,2108,P114,,2,5,6,1502,0,0,0,,0,CENTRA,"REAL RD","SORANNO AVE",108.00,S,N,A,-,N,,,,,,,,,,N,4,0,1,2,A,-,11,21954,A,N,G,B,D,A,H,-,D,D,0,Y,,,,Y,,N,60,0,0,1,0,1,0,0,0,0,"- ","- ",35.337879180908203,-119.04335784912109,KERN,BAKERSFIELD,-119.04338836669922,35.337394714355469
84844167,2025,2025-09-15,1502,2025-09-13,1907,1213,,6,5,6,1502,0,0,0,,0,METRO,"TRUXTUN AVE","GAGE ST",45.00,E,N,A,-,N,,,,,,,,,,Y,3,0,1,4,A,-,01,23152,A,N,C,E,A,A,H,-,C,D,0,,,,,Y,Y,A,07,0,1,0,0,0,0,0,0,0,"- ","- ",35.373538970947266,-118.98760986328125,KERN,BAKERSFIELD,-118.98728942871094,35.373241424560547
8484448,2017,2017-12-05,1506,2017-10-10,1922,5977,52,2,5,4,1506,0,0,0,,0,,"SOUTH COLLEGE HEIGHTS BL","NANCY AV",0.00,,Y,A,-,N,,,,,,,,,,Y,3,0,2,2,A,-,08,22100,A,N,D,C,A,A,H,-,C,D,0,,,,,Y,,A,01,0,2,0,0,0,0,0,0,0,"- ","- ",,,KERN,RIDGECREST,-117.67102008000001,35.603170110000001
8484452,2017,2017-12-05,1506,2017-10-22,1022,0321,50,7,5,4,1506,0,0,0,,0,,"WEST VULCAN AV","SOUTH SIMS ST",0.00,,Y,A,-,N,,,,,,,,,,Y,3,0,1,2,A,-,09,21801,A,N,B,C,A,A,H,-,A,D,0,,,,,Y,,D,82,0,1,0,0,0,0,0,0,0,"- ","- ",35.60698,-117.69376,KERN,RIDGECREST,-117.69390013,35.607090100000001