CASE_ID,ACCIDENT_YEAR,PROC_DATE,JURIS,COLLISION_DATE,COLLISION_TIME,OFFICER_ID,REPORTING_DISTRICT,DAY_OF_WEEK,CHP_SHIFT,POPULATION,CNTY_CITY_LOC,SPECIAL_COND,BEAT_TYPE,CHP_BEAT_TYPE,CITY_DIVISION_LAPD,CHP_BEAT_CLASS,BEAT_NUMBER,PRIMARY_RD,SECONDARY_RD,DISTANCE,DIRECTION,INTERSECTION,WEATHER_1,WEATHER_2,STATE_HWY_IND,CALTRANS_COUNTY,CALTRANS_DISTRICT,STATE_ROUTE,ROUTE_SUFFIX,POSTMILE_PREFIX,POSTMILE,LOCATION_TYPE,RAMP_INTERSECTION,SIDE_OF_HWY,TOW_AWAY,COLLISION_SEVERITY,NUMBER_KILLED,NUMBER_INJURED,PARTY_COUNT,PRIMARY_COLL_FACTOR,PCF_CODE_OF_VIOL,PCF_VIOL_CATEGORY,PCF_VIOLATION,PCF_VIOL_SUBSECTION,HIT_AND_RUN,TYPE_OF_COLLISION,MVIW,PED_ACTION,ROAD_SURFACE,ROAD_COND_1,ROAD_COND_2,LIGHTING,CONTROL_DEVICE,CHP_ROAD_TYPE,PEDESTRIAN_ACCIDENT,BICYCLE_ACCIDENT,MOTORCYCLE_ACCIDENT,TRUCK_ACCIDENT,NOT_PRIVATE_PROPERTY,ALCOHOL_INVOLVED,STWD_VEHTYPE_AT_FAULT,CHP_VEHTYPE_AT_FAULT,COUNT_SEVERE_INJ,COUNT_VISIBLE_INJ,COUNT_COMPLAINT_PAIN,COUNT_PED_KILLED,COUNT_PED_INJURED,COUNT_BICYCLIST_KILLED,COUNT_BICYCLIST_INJURED,COUNT_MC_KILLED,COUNT_MC_INJURED,PRIMARY_RAMP,SECONDARY_RAMP,LATITUDE,LONGITUDE,COUNTY,CITY,POINT_X,POINT_Y
8484456,2017,2017-11-22,1506,2017-09-30,0711,3248,29,6,5,4,1506,0,0,0,,0,,"EAST LA MIRAGE LN","EAST FRENCH AV",0.00,,Y,A,-,N,,,,,,,,,,N,3,0,2,3,A,-,03,22350,,N,D,C,A,A,H,-,A,A,0,,,,,Y,,A,71,0,2,0,0,0,0,0,0,0,"- ","- ",35.628549999999997,-117.6649,KERN,RIDGECREST,-117.66490003,35.628550070000003
84845375,2025,2025-09-15,1503,2025-09-13,"918 ",10199,,6,5,4,1503,0,0,0,,0,,"WEST CECIL AV","MELCHER RD",0.00,,Y,A,-,N,,,,,,,,,,Y,4,0,1,2,A,-,09,21800,A,N,D,C,A,A,H,-,A,B,0,,,,,Y,,A,01,0,0,1,0,0,0,0,0,0,"- ","- ",35.775859832763672,-119.27631378173828,KERN,DELANO,-119.27631378173828,35.775844573974609
84846531,2025,2025-09-16,1503,2025-09-11,"9   ",10199,,4,5,4,1503,0,0,0,,0,,"CECIL AV","S CURB EDGE OF CECIL AV",20.00,N,-,A,-,N,,,,,,,,,,Y,4,0,2,2,A,-,03,22350,,N,D,C,A,A,H,-,C,A,0,,,,,Y,,A,01,0,0,2,0,0,0,0,0,0,"- ","- ",35.775909423828125,-119.24928283691406,KERN,DELANO,-119.25849914550781,35.775901794433594
84849166,2025,2025-09-18,1502,2025-08-25,1256,P17,,1,5,6,1502,0,0,0,,0,HILL,"TURNING LEAF LN","BRANDYWINE WAY",0.00,,Y,A,-,N,,,,,,,,,,Y,3,0,1,2,A,-,11,21954,A,N,D,C,A,A,H,-,A,D,0,,,,,Y,,-,"- ",0,1,0,0,0,0,0,0,0,"- ","- ",35.393688201904297,-118.89356231689453,KERN,BAKERSFIELD,-118.89372253417969,35.394119262695312
84849167,2025,2025-09-18,1502,2025-08-30,1037,1400,,6,5,6,1502,0,0,0,,0,HILL,"COLUMBUS ST","POMONA ST",0.00,,Y,A,-,N,,,,,,,,,,Y,3,0,2,2,A,-,09,21804,A,N,D,C,A,A,H,-,A,A,0,,,,,Y,,D,22,0,1,1,0,0,0,0,0,0,"- ","- ",35.397731781005859,-118.97324371337891,KERN,BAKERSFIELD,-118.97338104248047,35.397487640380859
84849168,2025,2025-09-18,1502,2025-08-31,2057,1523,,7,5,6,1502,0,0,0,,0,,"UNIVERSITY AVE","POMONA ST",0.00,,Y,A,-,N,,,,,,,,,,Y,2,0,1,2,A,-,12,22450,A,F,A,C,A,A,H,-,C,A,0,,,Y,,Y,,-,99,1,0,0,0,0,0,0,0,1,"- ","- ",35.40509033203125,-118.97324371337891,KERN,BAKERSFIELD,-118.97348022460938,35.404903411865234
84849171,2025,2025-09-18,1502,2025-09-03,1459,1528,,3,5,6,1502,0,0,0,,0,,"PACHECO RD","H ST",43.00,W,N,A,-,N,,,,,,,,,,N,4,0,3,2,A,-,03,22350,,N,C,C,A,A,H,-,A,A,0,,,,,Y,,D,22,0,0,3,0,0,0,0,0,0,"- ","- ",35.310398101806641,-119.02153015136719,KERN,BAKERSFIELD,-119.02145385742188,35.310390472412109
84849182,2025,2025-09-18,1502,2025-09-09,"717 ",1418,,2,5,6,1502,0,0,0,,0,CENTRA,"SAGE DR","WILSON RD",0.00,,Y,A,-,N,,,,,,,,,,N,4,0,1,2,A,-,12,22450,A,N,B,C,A,A,H,-,A,D,0,,,,,Y,,A,01,0,0,1,0,0,0,0,0,0,"- ","- ",35.323150634765625,-119.06597900390625,KERN,BAKERSFIELD,-119.0660400390625,35.323272705078125
84849193,2025,2025-09-18,1502,2025-09-11,"849 ",1400,,4,5,6,1502,0,0,0,,0,SOUTH,"WATERFALL CANYON DR","AKERS RD",305.00,W,N,A,-,N,,,,,,,,,,N,3,0,1,2,A,-,21,22106,,N,G,B,F,A,H,-,A,D,0,Y,,,,Y,,A,07,0,1,0,0,1,0,0,0,0,"- ","- ",35.283531188964844,-119.04827880859375,KERN,BAKERSFIELD,-119.04885101318359,35.283775329589844
84849205,2025,2025-09-18,1502,2025-09-16,1050,P75,,2,5,6,1502,0,0,0,,0,VALLEY,"CHESTER AVE","LOUSTALOT LN",0.00,,Y,A,-,N,,,,,,,,,,N,4,0,1,2,A,-,09,21800,D,M,D,C,A,A,H,-,A,D,0,,,,,Y,,-,99,0,0,1,0,0,0,0,0,0,"- ","- ",35.351291656494141,-119.01956939697266,KERN,BAKERSFIELD,-119.01893615722656,35.352127075195312
84849208,2025,2025-09-18,1502,2025-09-16,1708,1629,,2,5,6,1502,0,0,0,,0,NORTH,"CALLOWAY DR","HARVEY CT",34.00,S,N,A,-,N,,,,,,,,,,Y,3,0,1,1,A,-,03,22350,,N,F,A,A,A,H,-,A,D,0,,,Y,,Y,,C,02,0,1,0,0,0,0,0,0,1,"- ","- ",35.371341705322266,-119.11033630371094,KERN,BAKERSFIELD,-119.11008453369141,35.371234893798828
84850861,2025,2025-09-19,1502,2025-08-15,1854,1347,,5,5,6,1502,0,0,0,,0,NORTH,"WANDERER WAY","OLIVE DR",0.00,,Y,A,-,N,,,,,,,,,,N,3,0,2,2,A,-,12,21453,A,N,D,D,A,A,H,-,A,A,0,,,,,Y,,-,"- ",0,1,1,0,0,0,0,0,0,"- ","- ",35.420101165771484,-119.15025329589844,KERN,BAKERSFIELD,,
84850888,2025,2025-09-19,1502,2025-09-13,2232,P99,,6,5,6,1502,0,0,0,,0,METRO,"23RD ST","CHESTER AVE",0.00,,Y,A,-,N,,,,,,,,,,Y,4,0,2,2,A,-,01,23152,A,N,D,C,A,A,H,-,A,A,0,,,,,Y,Y,A,01,0,0,2,0,0,0,0,0,0,"- ","- ",35.380031585693359,-119.01822662353516,KERN,BAKERSFIELD,-119.01885986328125,35.380054473876953
84852686,2025,2025-09-22,1502,2025-09-02,1056,1418,,2,5,6,1502,0,0,0,,0,CENTRA,"CALIFORNIA AVE","BUISNESS CENTER DR",0.00,,Y,A,-,N,,,,,,,,,,N,4,0,1,2,A,-,12,21453,A,N,D,C,A,A,C,-,B,A,0,,,,,Y,,A,01,0,0,1,0,0,0,0,0,0,"- ","- ",35.358661651611328,-119.06049346923828,KERN,BAKERSFIELD,-119.06124114990234,35.356338500976562
84852708,2025,2025-09-22,1502,2025-09-18,"727 ",1625,,4,5,6,1502,0,0,0,,0,HILL,"GOLDEN STATE OFF ACC W","GARCES CIRCLE",0.00,,Y,B,C,N,,,,,,,,,,N,4,0,1,2,A,-,09,21803,A,N,D,J,A,B,H,-,A,A,0,,,,,Y,,A,01,0,0,1,0,0,0,0,0,0,"- ","- ",35.386520385742188,-119.01779174804688,KERN,BAKERSFIELD,-119.01927185058594,35.386955261230469
84852709,2025,2025-09-22,1502,2025-09-18,"804 ",1635,,4,5,6,1502,0,0,0,,0,HILL,"178 HWY","COMANCHE DR (E)",0.00,,Y,B,-,N,,,,,,,,,,N,3,0,2,2,A,-,01,23152,F,N,D,D,A,A,H,-,A,A,0,,,,,Y,,A,01,0,1,1,0,0,0,0,0,0,"- ","- ",35.406970977783203,-118.85941314697266,KERN,BAKERSFIELD,,
84852712,2025,2025-09-22,1502,2025-09-19,"743 ",1634,,5,5,6,1502,0,0,0,,0,VALLEY,"MONITOR ST","HOSKING AVE",797.00,N,N,A,B,N,,,,,,,,,,N,3,0,2,2,A,-,03,22350,,N,C,C,A,A,H,-,A,D,0,,,,,Y,,D,22,0,1,1,0,0,0,0,0,0,"- ","- ",35.281288146972656,-119.01258087158203,KERN,BAKERSFIELD,-119.01192474365234,35.283546447753906
8485324,2017,2017-12-05,1503,2017-10-15,0254,1098,1503,7,5,4,1503,0,0,0,,0,ALL,"ALBANY ST","GARCES HWY",656.00,N,N,A,-,N,,,,,,,,,,Y,3,0,2,1,A,-,08,22107,,F,A,I,A,A,H,-,C,D,0,,,,,Y,,A,01,0,2,0,0,0,0,0,0,0,"- ","- ",,,KERN,DELANO,-119.25851406,35.763180249999998
84853306,2025,2025-09-22,1502,2025-09-18,"743 ",1624,,4,5,6,1502,0,0,0,,0,VALLEY,"N ST","1ST ST",277.00,N,N,B,-,N,,,,,,,,,,Y,4,0,5,2,A,-,09,21804,A,N,D,C,A,B,H,-,A,D,0,,,,,Y,,A,01,0,0,5,0,0,0,0,0,0,"- ","- ",35.354251861572266,-119.01481628417969,KERN,BAKERSFIELD,-119.01421356201172,35.355808258056641
84853307,2025,2025-09-22,1502,2025-09-18,1322,1485,,4,5,6,1502,0,0,0,,0,,"CALIFORNIA AVE","WILLIAMS ST",414.00,E,N,B,C,N,,,,,,,,,,N,4,0,1,2,A,-,03,22350,,N,C,C,A,B,H,-,A,D,0,,,,,Y,,A,01,0,0,1,0,0,0,0,0,0,"- ","- ",35.368770599365234,-118.98056030273438,KERN,BAKERSFIELD,-118.9788818359375,35.368598937988281
84853308,2025,2025-09-22,1502,2025-09-18,1423,1618,,4,5,6,1502,0,0,0,,0,HILL,"178 HWY","MASTERSON ST",200.00,E,N,B,C,Y,,,,,,,,,,Y,4,0,1,2,A,-,03,22350,,N,C,C,A,B,H,-,A,A,0,,,,,Y,,D,22,0,0,1,0,0,0,0,0,0,"- ","- ",35.399429321289062,-118.87663269042969,KERN,BAKERSFIELD,,
84853310,2025,2025-09-22,1502,2025-09-19,"608 ",1400,,5,5,6,1502,0,0,0,,0,VALLEY,"BRUNDAGE LN","DR MARTIN LUTHER KING JR BLVD",0.00,,Y,B,-,N,,,,,,,,,,Y,4,0,3,3,A,-,12,21453,A,M,D,C,A,A,H,-,B,A,0,,,,,Y,,A,07,0,0,3,0,0,0,0,0,0,"- ","- ",35.353668212890625,-118.98503875732422,KERN,BAKERSFIELD,-118.98527526855469,35.353961944580078
84853311,2025,2025-09-22,1502,2025-09-19,1440,1485,,5,5,6,1502,0,0,0,,0,,"STINE RD","APPLEBLOSSOM DR",0.00,,Y,A,-,N,,,,,,,,,,N,4,0,1,2,A,-,09,21801,A,N,A,C,A,A,H,-,A,D,0,,,,,Y,,-,"- ",0,0,1,0,0,0,0,0,0,"- ","- ",35.326740264892578,-119.05657196044922,KERN,BAKERSFIELD,-119.05677795410156,35.326873779296875
84853313,2025,2025-09-22,1502,2025-09-19,1924,1028,,5,5,6,1502,0,0,0,,0,METRO,"OAK ST","PALM ST",137.00,N,N,A,-,N,,,,,,,,,,N,4,0,1,2,A,-,11,21954,A,N,G,B,D,A,H,-,C,D,0,Y,,,,Y,,N,60,0,0,1,0,1,0,0,0,0,"- ","- ",35.360771179199219,-119.03942108154297,KERN,BAKERSFIELD,-119.03885650634766,35.361736297607422
84853315,2025,2025-09-22,1502,2025-09-19,1600,1635,,5,5,6,1502,0,0,0,,0,SOUTH,"MOUNTAIN RIDGE DR","MC CUTCHEN RD",15.00,N,N,A,-,N,,,,,,,,,,N,4,0,1,2,A,-,10,21950,A,N,G,B,B,A,H,-,A,A,0,Y,,,,Y,,A,01,0,0,1,0,1,0,0,0,0,"- ","- ",35.281459808349609,-119.0660400390625,KERN,BAKERSFIELD,-119.06552886962891,35.281509399414062
84853832,2025,2025-09-22,1502,2025-09-20,1951,1028,,6,5,6,1502,0,0,0,,0,VALLEY,"OLIVER ST","BROOK ST",223.00,N,N,A,-,N,,,,,,,,,,Y,4,0,1,2,A,-,01,23152,A,N,G,B,E,A,H,-,D,D,0,Y,,,,Y,Y,A,01,0,0,1,0,1,0,0,0,0,"- ","- ",35.321041107177734,-118.98671722412109,KERN,BAKERSFIELD,-118.98654174804688,35.321941375732422
84855661,2025,2025-09-23,1502,2025-09-13,2249,1167,,6,5,6,1502,0,0,0,,0,METRO,"24TH ST","H ST",70.00,W,N,A,-,N,,,,,,,,,,Y,3,0,4,2,A,-,01,23152,A,N,D,C,A,A,H,-,C,D,0,,,,,Y,Y,A,07,0,1,3,0,0,0,0,0,0,"- ","- ",35.381008148193359,-119.02059936523438,KERN,BAKERSFIELD,-119.02138519287109,35.381019592285156
84856546,2025,2025-09-23,1503,2025-08-28,1552,10198,,4,5,4,1503,0,0,0,,0,,"MAIN STREET","9TH AVENUE",14.64,S,-,A,-,N,,,,,,,,,,N,4,0,1,2,A,-,04,21703,,N,C,C,A,A,H,-,A,D,0,,,,,Y,,A,01,0,0,1,0,0,0,0,0,0,"- ","- ",35.767791748046875,-119.24535369873047,KERN,DELANO,-119.24533843994141,35.767742156982422
84857465,2025,2025-09-24,1502,2025-09-05,1510,P99,,5,5,6,1502,0,0,0,,0,HILL,"Q ST","34TH ST",30.00,S,N,-,-,N,,,,,,,,,,N,4,0,1,2,A,-,11,21954,A,M,G,B,D,A,H,-,C,D,0,Y,,,,Y,,N,60,0,0,1,0,1,0,0,0,0,"- ","- ",35.390979766845703,-119.01046752929688,KERN,BAKERSFIELD,-119.01053619384766,35.390419006347656
84857470,2025,2025-09-24,1502,2025-09-21,"510 ",1636,,7,5,6,1502,0,0,0,,0,,"ROSEDALE HWY","CALLOWAY DR",0.00,,Y,A,-,N,,,,,,,,,,N,3,0,2,2,A,-,01,23152,A,N,D,C,A,A,H,-,C,A,0,,,,,Y,Y,A,01,0,1,1,0,0,0,0,0,0,"- ","- ",35.383480072021484,-119.11012268066406,KERN,BAKERSFIELD,-119.10994720458984,35.383552551269531
84859194,2025,2025-09-25,1502,2025-08-12,1844,1398,,2,5,6,1502,0,0,0,,0,HILL,"GOLDEN STATE AVE","Q ST",3.00,E,N,A,-,N,,,,,,,,,,N,3,0,1,2,A,-,12,21453,A,N,D,G,A,A,H,-,A,A,0,,Y,,,Y,,-,"- ",0,1,0,0,0,0,1,0,0,"- ","- ",35.382839202880859,-119.01061248779297,KERN,BAKERSFIELD,-119.01057434082031,35.382427215576172
84859204,2025,2025-09-25,1502,2025-09-05,1957,1430,,5,5,6,1502,0,0,0,,0,,"PANAMA LN","GOSFORD RD",301.00,E,N,A,-,N,,,,,,,,,,N,4,0,1,2,A,-,07,21658,A,M,B,C,A,A,G,-,C,A,0,,,,,Y,,A,01,0,0,1,0,0,0,0,0,0,"- ","- ",35.296310424804688,-119.09246063232422,KERN,BAKERSFIELD,-119.09114074707031,35.296161651611328
84859211,2025,2025-09-25,1502,2025-09-05,2111,1430,,5,5,6,1502,0,0,0,,0,,"HUGHES LN","PLANZ RD",68.00,N,N,A,-,N,,,,,,,,,,N,3,0,1,3,A,-,03,22350,,F,D,C,A,A,H,-,C,A,0,,,,,Y,,A,01,0,1,0,0,0,0,0,0,0,"- ","- ",35.325008392333984,-119.03021240234375,KERN,BAKERSFIELD,-119.03008270263672,35.325126647949219
84859212,2025,2025-09-25,1502,2025-09-06,"943 ",1476,,6,5,6,1502,0,0,0,,0,SOUTH,"HARRIS RD","MARINA DR",218.00,E,N,A,-,N,,,,,,,,,,N,4,0,3,2,A,-,09,21804,A,N,D,C,A,A,H,-,A,D,0,,,,,Y,,A,07,0,0,3,0,0,0,0,0,0,"- ","- ",35.303070068359375,-119.05503845214844,KERN,BAKERSFIELD,-119.05410003662109,35.303195953369141
84859213,2025,2025-09-25,1502,2025-09-07,1931,1469,,7,5,6,1502,0,0,0,,0,SOUTH,"GOSFORD RD","PACHECO RD",88.00,S,N,A,-,N,,,,,,,,,,N,4,0,1,3,A,-,03,22350,,N,C,C,A,A,H,-,C,A,0,,,,,Y,,D,22,0,0,1,0,0,0,0,0,0,"- ","- ",35.310379028320312,-119.09226989746094,KERN,BAKERSFIELD,-119.09226226806641,35.30999755859375
84859217,2025,2025-09-25,1502,2025-09-12,1613,P99,,5,5,6,1502,0,0,0,,0,CENTRA,"MING AVE","AKERS RD",10.00,E,N,A,-,N,,,,,,,,,,Y,3,0,1,2,A,-,09,21804,A,N,D,C,A,A,H,-,A,A,0,,,,,Y,,A,01,0,1,0,0,0,0,0,0,0,"- ","- ",35.339771270751953,-119.04776000976562,KERN,BAKERSFIELD,-119.04774475097656,35.339458465576172
84859218,2025,2025-09-25,1502,2025-09-13,1319,P99,,6,5,6,1502,0,0,0,,0,CENTRA,"MING AVE","MANNING ST",0.00,,Y,A,-,N,,,,,,,,,,Y,4,0,2,2,A,-,12,21453,A,N,D,C,A,A,H,-,A,A,0,,,,,Y,,D,22,0,0,2,0,0,0,0,0,0,"- ","- ",35.335670471191406,-119.07945251464844,KERN,BAKERSFIELD,-119.07972717285156,35.335540771484375
84859228,2025,2025-09-25,1502,2025-09-19,1249,1634,,5,5,6,1502,0,0,0,,0,METRO,"18TH ST","L ST",0.00,,Y,A,-,N,,,,,,,,,,N,3,0,1,2,A,-,10,21950,A,N,G,B,B,A,H,-,A,A,0,Y,,,,Y,,A,01,0,1,0,0,1,0,0,0,0,"- ","- ",35.374469757080078,-119.01676940917969,KERN,BAKERSFIELD,-119.01641845703125,35.375274658203125
84859231,2025,2025-09-25,1502,2025-09-19,1447,P45,,5,5,6,1502,0,0,0,,0,METRO,"CHESTER AVE","BRUNDAGE LN",299.00,N,N,A,-,N,,,,,,,,,,N,4,0,2,2,A,-,09,21804,A,N,D,C,A,A,H,-,A,D,0,,,,,Y,,A,01,0,0,2,0,0,0,0,0,0,"- ","- ",35.353199005126953,-119.01953887939453,KERN,BAKERSFIELD,-119.01892852783203,35.354820251464844
84859248,2025,2025-09-25,1502,2025-09-21,"921 ",P114,,7,5,6,1502,0,0,0,,0,NORTH,"BRIMHALL RD","ALLEN RD",423.00,W,N,A,-,N,,,,,,,,,,N,3,0,1,2,A,-,09,21804,A,N,H,G,A,A,H,-,A,D,0,,Y,,,Y,,A,01,0,1,0,0,0,0,1,0,0,"- ","- ",35.369281768798828,-119.14594268798828,KERN,BAKERSFIELD,-119.14694976806641,35.368896484375
84859251,2025,2025-09-25,1502,2025-09-21,1217,P88,,7,5,6,1502,0,0,0,,0,NORTH,"CLAY PATRICK FARR WAY","ROSEDALE HWY",517.00,N,N,A,-,N,,,,,,,,,,N,4,0,1,2,A,-,09,21804,A,N,D,C,A,A,H,-,A,D,0,,,,,Y,,A,01,0,0,1,0,0,0,0,0,0,"- ","- ",35.383369445800781,-119.10124969482422,KERN,BAKERSFIELD,-119.10102844238281,35.384967803955078
84859266,2025,2025-09-25,1502,2025-09-22,"729 ",P88,,1,5,6,1502,0,0,0,,0,VALLEY,"WATTS DR","WINGSTONE DR",23.00,W,N,A,-,N,,,,,,,,,,Y,3,0,2,2,A,-,08,22107,,F,D,C,A,A,H,-,A,D,0,,,,,Y,,A,07,0,1,1,0,0,0,0,0,0,"- ","- ",35.331958770751953,-118.99109649658203,KERN,BAKERSFIELD,-118.99112701416016,35.332191467285156
84859267,2025,2025-09-25,1502,2025-09-22,1502,1629,,1,5,6,1502,0,0,0,,0,METRO,"CALIFORNIA AVE","BROWN ST",0.00,,Y,A,-,N,,,,,,,,,,Y,3,0,2,2,A,-,09,21800,A,N,D,C,A,A,H,-,A,D,0,,,,,Y,,A,01,0,1,1,0,0,0,0,0,0,"- ","- ",35.367420196533203,-118.98287963867188,KERN,BAKERSFIELD,-118.98239898681641,35.368579864501953
84859268,2025,2025-09-25,1502,2025-09-22,1617,1622,,1,5,6,1502,0,0,0,,0,,"HALEY ST","NILES ST",0.00,,Y,A,-,N,,,,,,,,,,N,4,0,3,2,A,-,09,21800,C,N,B,C,A,A,H,-,A,A,0,,,,,Y,,D,22,0,0,3,0,0,0,0,0,0,"- ","- ",35.379680633544922,-118.98030090332031,KERN,BAKERSFIELD,-118.98018646240234,35.379421234130859
84859269,2025,2025-09-25,1502,2025-09-23,"821 ",1636,,2,5,6,1502,0,0,0,,0,,"21ST ST","EYE ST",0.00,,Y,A,-,N,,,,,,,,,,N,4,0,3,2,A,-,09,21802,A,N,D,C,A,A,H,-,A,A,0,,,,,Y,,A,07,0,0,3,0,0,0,0,0,0,"- ","- ",35.377368927001953,-119.02030944824219,KERN,BAKERSFIELD,-119.02003479003906,35.378128051757812
84859271,2025,2025-09-25,1502,2025-09-23,1708,1619,,2,5,6,1502,0,0,0,,0,CENTRA,"MING AVE","EL PORTAL DR",0.00,S,Y,A,-,N,,,,,,,,,,Y,4,0,3,2,A,-,12,21453,A,N,D,C,A,A,H,-,A,A,0,,,,,Y,,A,01,0,0,3,0,0,0,0,0,0,"- ","- ",35.337619781494141,-119.08554077148438,KERN,BAKERSFIELD,-119.08474731445312,35.337760925292969
84859272,2025,2025-09-25,1502,2025-09-23,2300,1636,,2,5,6,1502,0,0,0,,0,,"COLUMBUS ST","MT VERNON AVE",0.00,,Y,A,-,N,,,,,,,,,,N,4,0,1,2,A,-,03,22350,,N,C,C,A,A,H,-,C,A,0,,,,,Y,,A,01,0,0,1,0,0,0,0,0,0,"- ","- ",35.397689819335938,-118.96736145019531,KERN,BAKERSFIELD,-118.96759033203125,35.397514343261719
84861062,2025,2025-09-26,1502,2025-09-19,1552,1485,,5,5,6,1502,0,0,0,,0,,"ROSEDALE HWY","CALLOWAY DR",0.00,,Y,A,-,N,,,,,,,,,,Y,4,0,2,2,A,-,12,21453,A,N,A,C,A,A,H,-,A,A,0,,,,,Y,,-,"- ",0,0,2,0,0,0,0,0,0,"- ","- ",35.383480072021484,-119.11012268066406,KERN,BAKERSFIELD,-119.10994720458984,35.383552551269531
84861065,2025,2025-09-26,1502,2025-09-23,2048,1408,,2,5,6,1502,0,0,0,,0,CENTRA,"WHITE LN","WINDERMERE ST",110.00,W,N,A,-,N,,,,,,,,,,Y,4,0,1,2,C,-,18,,,N,C,C,A,A,H,-,C,A,0,,,,,Y,,-,"- ",0,0,1,0,0,0,0,0,0,"- ","- ",35.32550048828125,-119.1378173828125,KERN,BAKERSFIELD,-119.13726043701172,35.325210571289062
8486223,2017,2018-05-21,1506,2017-09-07,0557,2302,2,4,5,4,1506,0,0,0,,0,,"RT 178","N DOWNS ST",0.00,,Y,A,-,Y,KER,6,178,-,-,99.610,I,5,E,N,4,0,1,2,A,-,09,21802,A,N,H,G,A,A,H,-,B,A,0,,Y,,,Y,,A,01,0,0,1,0,0,0,1,0,0,"- ","- ",35.651710000000001,-117.68764,KERN,RIDGECREST,-117.68776135,35.65165219
84862585,2025,2025-09-29,1502,2025-08-29,2014,1451,,5,5,6,1502,0,0,0,,0,CENTRA,"WESTSIDE PKWY","MOHAWK ST",2691.00,E,N,A,-,N,,,,,,,,,,Y,3,0,3,2,A,-,08,22107,,N,B,C,A,A,H,-,A,D,0,,,,,Y,,A,01,0,1,2,0,0,0,0,0,0,"- ","- ",35.371410369873047,-119.06217956542969,KERN,BAKERSFIELD,-119.05783843994141,35.369476318359375
84862602,2025,2025-09-29,1502,2025-09-20,"817 ",1628,,6,5,6,1502,0,0,0,,0,,"UNION AVE","NILES ST",0.00,,Y,A,-,N,,,,,,,,,,Y,4,0,1,3,A,-,12,21453,A,N,D,C,A,A,H,-,A,A,0,,,,,Y,,A,01,0,0,1,0,0,0,0,0,0,"- ","- ",35.383041381835938,-119.00308227539062,KERN,BAKERSFIELD,-119.00279998779297,35.383975982666016
84862603,2025,2025-09-29,1502,2025-09-24,1841,1485,,3,5,6,1502,0,0,0,,0,,"PANAMA LN","PARSONS WAY",0.00,,Y,A,-,N,,,,,,,,,,N,3,0,1,2,A,-,12,21453,A,F,C,G,A,A,H,-,A,A,0,,Y,,,Y,,-,"- ",0,1,0,0,0,0,1,0,0,"- ","- ",35.295871734619141,-119.02040100097656,KERN,BAKERSFIELD,-119.01990509033203,35.295875549316406
84862604,2025,2025-09-29,1502,2025-09-25,"640 ",1400,,4,5,6,1502,0,0,0,,0,NORTH,"ALLEN RD","SAN JUAN AVE",0.00,,Y,A,-,N,,,,,,,,,,Y,3,0,2,2,A,-,12,21453,A,N,D,C,A,A,H,-,C,A,0,,,,,Y,,-,"- ",0,1,1,0,0,0,0,0,0,"- ","- ",35.356918334960938,-119.1461181640625,KERN,BAKERSFIELD,-119.14555358886719,35.356590270996094
84863668,2025,2025-09-29,1502,2025-08-31,2324,1398,,7,5,6,1502,0,0,0,,0,CENTRA,"CAMINO MEDIA","LANCASHIRE ST",105.00,E,N,A,-,N,,,,,,,,,,Y,4,0,1,2,A,-,01,23152,A,N,A,E,A,A,H,-,C,D,0,,,,,Y,Y,A,01,0,0,1,0,0,0,0,0,0,"- ","- ",35.343910217285156,-119.09449005126953,KERN,BAKERSFIELD,-119.09344482421875,35.344181060791016
84863669,2025,2025-09-29,1502,2025-09-06,1818,P82,,6,5,6,1502,0,0,0,,0,METRO,"CALIFORNIA AVE","99 N OFF TO CALIFORNIA RAMP",0.00,,Y,A,-,Y,,,,,,,,,,Y,4,0,1,2,A,-,01,23152,A,N,D,D,A,A,H,-,A,A,0,,,,,Y,Y,A,01,0,0,1,0,0,0,0,0,0,"- ","- ",35.368709564208984,-119.03988647460938,KERN,BAKERSFIELD,-119.00292205810547,35.368534088134766
84863675,2025,2025-09-29,1502,2025-09-17,1302,1628,,3,5,6,1502,0,0,0,,0,,"STOCKDALE HWY","BUENA VISTA RD",1035.00,E,N,A,-,N,,,,,,,,,,Y,3,0,1,4,A,-,03,22350,,N,C,C,A,A,H,-,A,D,0,,,,,Y,,A,01,0,1,0,0,0,0,0,0,0,"- ","- ",35.34906005859375,-119.12796020507812,KERN,BAKERSFIELD,-119.12394714355469,35.348777770996094
84863676,2025,2025-09-29,1502,2025-09-19,1444,1430,,5,5,6,1502,0,0,0,,0,,"MING AVE","HASTI-ACRES DR",113.00,W,N,A,-,N,,,,,,,,,,N,4,0,1,2,A,-,03,22350,,N,C,C,A,A,H,-,A,A,0,,,,,Y,,A,01,0,0,1,0,0,0,0,0,0,"- ","- ",35.339839935302734,-119.05191802978516,KERN,BAKERSFIELD,-119.05231475830078,35.339500427246094
84863677,2025,2025-09-29,1502,2025-09-19,2015,1430,,5,5,6,1502,0,0,0,,0,,"MING AVE","MC DONALD WAY",0.00,,Y,A,-,N,,,,,,,,,,N,3,0,3,2,A,-,09,21801,A,N,D,C,A,A,H,-,C,A,0,,,,,Y,,A,01,0,2,1,0,0,0,0,0,0,"- ","- ",35.339859008789062,-119.05291748046875,KERN,BAKERSFIELD,-119.05294799804688,35.339668273925781