CASE_ID,ACCIDENT_YEAR,PROC_DATE,JURIS,COLLISION_DATE,COLLISION_TIME,OFFICER_ID,REPORTING_DISTRICT,DAY_OF_WEEK,CHP_SHIFT,POPULATION,CNTY_CITY_LOC,SPECIAL_COND,BEAT_TYPE,CHP_BEAT_TYPE,CITY_DIVISION_LAPD,CHP_BEAT_CLASS,BEAT_NUMBER,PRIMARY_RD,SECONDARY_RD,DISTANCE,DIRECTION,INTERSECTION,WEATHER_1,WEATHER_2,STATE_HWY_IND,CALTRANS_COUNTY,CALTRANS_DISTRICT,STATE_ROUTE,ROUTE_SUFFIX,POSTMILE_PREFIX,POSTMILE,LOCATION_TYPE,RAMP_INTERSECTION,SIDE_OF_HWY,TOW_AWAY,COLLISION_SEVERITY,NUMBER_KILLED,NUMBER_INJURED,PARTY_COUNT,PRIMARY_COLL_FACTOR,PCF_CODE_OF_VIOL,PCF_VIOL_CATEGORY,PCF_VIOLATION,PCF_VIOL_SUBSECTION,HIT_AND_RUN,TYPE_OF_COLLISION,MVIW,PED_ACTION,ROAD_SURFACE,ROAD_COND_1,ROAD_COND_2,LIGHTING,CONTROL_DEVICE,CHP_ROAD_TYPE,PEDESTRIAN_ACCIDENT,BICYCLE_ACCIDENT,MOTORCYCLE_ACCIDENT,TRUCK_ACCIDENT,NOT_PRIVATE_PROPERTY,ALCOHOL_INVOLVED,STWD_VEHTYPE_AT_FAULT,CHP_VEHTYPE_AT_FAULT,COUNT_SEVERE_INJ,COUNT_VISIBLE_INJ,COUNT_COMPLAINT_PAIN,COUNT_PED_KILLED,COUNT_PED_INJURED,COUNT_BICYCLIST_KILLED,COUNT_BICYCLIST_INJURED,COUNT_MC_KILLED,COUNT_MC_INJURED,PRIMARY_RAMP,SECONDARY_RAMP,LATITUDE,LONGITUDE,COUNTY,CITY,POINT_X,POINT_Y
84898860,2025,2025-10-23,1502,2025-09-20,1951,1485,,6,5,6,1502,0,0,0,,0,,"MT VERNON AVE","COLLEGE AVE",0.00,,Y,A,-,N,,,,,,,,,,N,3,0,1,2,A,-,12,21453,A,N,D,G,A,A,H,-,A,A,0,,Y,,,Y,Y,L,04,0,1,0,0,0,0,1,0,0,"- ","- ",35.383148193359375,-118.96743774414062,KERN,BAKERSFIELD,-118.96752166748047,35.383033752441406
84898865,2025,2025-10-23,1502,2025-10-10,1213,P99,,5,5,6,1502,0,0,0,,0,CENTRA,"WHITE LN","LILY DR",20.00,W,N,A,-,N,,,,,,,,,,Y,4,0,1,2,A,-,08,22107,,N,C,C,A,A,H,-,A,A,0,,,,,Y,,A,07,0,0,1,0,0,0,0,0,0,"- ","- ",35.318309783935547,-119.08348083496094,KERN,BAKERSFIELD,-119.08353424072266,35.318149566650391
84898866,2025,2025-10-23,1502,2025-10-10,1553,P99,,5,5,6,1502,0,0,0,,0,METRO,"Q ST","19TH ST",25.00,N,N,A,-,N,,,,,,,,,,N,4,0,1,2,A,-,03,22350,,M,C,C,A,A,H,-,A,A,0,,,,,Y,,-,99,0,0,1,0,0,0,0,0,0,"- ","- ",35.376121520996094,-119.01010894775391,KERN,BAKERSFIELD,-119.0106201171875,35.376270294189453
84898868,2025,2025-10-23,1502,2025-10-12,1401,P75,,7,5,6,1502,0,0,0,,0,CENTRA,"CAMPUS PARK DR","OLD RIVER RD",0.00,,Y,A,-,N,,,,,,,,,,Y,4,0,2,2,A,-,12,21453,A,N,D,C,A,A,H,-,A,A,0,,,,,Y,,A,07,0,0,2,0,0,0,0,0,0,"- ","- ",35.318000793457031,-119.10939025878906,KERN,BAKERSFIELD,-119.10946655273438,35.317691802978516
84898869,2025,2025-10-23,1502,2025-10-13,1405,P75,,1,5,6,1502,0,0,0,,0,CENTRA,"MOUNTAIN VISTA DR","WHITE LN",0.00,,Y,A,-,N,,,,,,,,,,Y,3,0,1,2,A,-,12,21453,A,N,D,C,A,A,H,-,A,A,0,,,,,Y,,-,"- ",0,1,0,0,0,0,0,0,0,"- ","- ",35.325630187988281,-119.11859130859375,KERN,BAKERSFIELD,-119.11867523193359,35.325126647949219
84898880,2025,2025-10-23,1502,2025-10-14,1837,1528,,2,5,6,1502,0,0,0,,0,,"PANAMA LN","COTTONWOOD RD",631.00,E,N,A,-,N,,,,,,,,,,N,4,0,1,1,A,-,01,23152,A,N,H,A,A,B,H,-,D,D,0,,,,,Y,Y,A,01,0,0,1,0,0,0,0,0,0,"- ","- ",35.295631408691406,-118.98587036132812,KERN,BAKERSFIELD,-118.98324584960938,35.295936584472656
84898889,2025,2025-10-23,1502,2025-10-17,1605,1409,,5,5,6,1502,0,0,0,,0,VALLEY,"CHESTER AVE","RICHLAND ST",0.00,,Y,A,-,N,,,,,,,,,,Y,3,0,3,2,A,-,09,21802,A,N,D,C,A,A,H,-,A,A,0,,,,,Y,,-,"- ",0,1,2,0,0,0,0,0,0,"- ","- ",35.352951049804688,-119.01870727539062,KERN,BAKERSFIELD,-119.01893615722656,35.352970123291016
84898890,2025,2025-10-23,1502,2025-10-18,"633 ",1360,,6,5,6,1502,0,0,0,,0,CENTRA,"MONTCLAIR ST","MARSHA ST",180.00,S,N,A,-,N,,,,,,,,,,N,4,0,1,1,C,-,18,,,N,E,I,A,A,H,-,C,D,0,,,,,Y,,-,"- ",0,0,1,0,0,0,0,0,0,"- ","- ",35.3526611328125,-119.05545806884766,KERN,BAKERSFIELD,-119.05612945556641,35.352066040039062
84898893,2025,2025-10-23,1502,2025-10-18,1713,1347,,6,5,6,1502,0,0,0,,0,METRO,"PINE ST","BUENA VISTA ST",0.00,S,Y,A,-,N,,,,,,,,,,N,3,0,1,1,A,-,03,22350,,N,E,I,A,A,H,-,A,D,0,,,,,Y,,A,01,0,1,0,0,0,0,0,0,0,"- ","- ",35.359981536865234,-119.03143310546875,KERN,BAKERSFIELD,-119.03171539306641,35.359893798828125
84898901,2025,2025-10-23,1502,2025-10-20,1902,1408,,1,5,6,1502,0,0,0,,0,METRO,"CALIFORNIA AVE","OLEANDER AVE",0.00,,Y,A,-,N,,,,,,,,,,Y,4,0,2,2,A,-,12,21453,A,N,D,C,A,A,H,-,C,A,0,,,,,Y,,A,01,0,0,2,0,0,0,0,0,0,"- ","- ",35.368568420410156,-119.02500915527344,KERN,BAKERSFIELD,-119.02539825439453,35.368434906005859
84898912,2025,2025-10-23,1502,2025-10-21,"915 ",P88,,2,5,6,1502,0,0,0,,0,NORTH,"CALLOWAY DR","FLUSHING QUAIL RD",0.00,,Y,A,-,N,,,,,,,,,,N,4,0,1,2,A,-,12,21453,A,N,D,C,A,A,H,-,A,A,0,,,,,Y,,A,01,0,0,1,0,0,0,0,0,0,"- ","- ",35.386100769042969,-119.11009216308594,KERN,BAKERSFIELD,-119.10993194580078,35.386093139648438
84898914,2025,2025-10-23,1502,2025-10-21,1456,1442,,2,5,6,1502,0,0,0,,0,SOUTH,"AKERS RD","RENEE AVE",0.00,,Y,A,-,N,,,,,,,,,,N,3,0,2,3,A,-,11,21954,A,N,G,B,D,A,H,-,A,D,0,Y,,,,Y,,N,60,0,1,1,0,2,0,0,0,0,"- ","- ",35.300079345703125,-119.04805755615234,KERN,BAKERSFIELD,-119.04779815673828,35.300285339355469
84900119,2025,2025-10-24,1503,2025-10-17,1102,10218,,5,5,4,1503,0,0,0,,0,,"12TH AV","HIGH ST",26.00,W,Y,A,-,N,,,,,,,,,,N,2,0,1,2,A,-,09,21804,A,F,H,G,A,A,H,-,A,A,0,,Y,,,Y,Y,A,01,1,0,0,0,0,0,1,0,0,"- ","- ",,,KERN,DELANO,-119.24764251708984,35.771465301513672
84902211,2025,2025-10-27,1502,2025-10-12,"241 ",P99,,7,5,6,1502,0,0,0,,0,METRO,"H ST","6TH ST",102.00,S,N,A,-,N,,,,,,,,,,Y,4,0,1,2,A,-,08,22100,B,N,D,C,A,A,H,-,C,D,0,,,,,Y,,D,22,0,0,1,0,0,0,0,0,0,"- ","- ",35.362709045410156,-119.02089691162109,KERN,BAKERSFIELD,-119.02125549316406,35.362411499023438
84902749,2025,2025-10-27,1502,2025-09-11,"925 ",1476,,4,5,6,1502,0,0,0,,0,METRO,"BEALE AVE","OREGON ST",0.00,,Y,A,-,N,,,,,,,,,,N,4,0,2,3,A,-,09,21802,A,N,D,C,A,A,H,-,A,A,0,,,,,Y,,A,07,0,0,2,0,0,0,0,0,0,"- ","- ",35.38262939453125,-118.98757934570312,KERN,BAKERSFIELD,-118.98764038085938,35.382339477539062
84903212,2025,2025-10-27,1502,2025-10-16,1438,1485,,4,5,6,1502,0,0,0,,0,,"BAKER ST","LINCOLN ST",0.00,,Y,A,-,N,,,,,,,,,,N,4,0,1,2,A,-,12,22450,A,N,D,C,A,A,H,-,A,D,0,,,,,Y,,A,01,0,0,1,0,0,0,0,0,0,"- ","- ",35.387611389160156,-118.98914337158203,KERN,BAKERSFIELD,-118.98918151855469,35.387252807617188
84903215,2025,2025-10-27,1502,2025-10-20,"628 ",1418,,1,5,6,1502,0,0,0,,0,METRO,"H ST","1ST ST (S)",0.00,,Y,A,-,N,,,,,,,,,,Y,4,0,1,2,A,-,09,21801,A,M,D,C,A,A,H,-,B,D,0,,,,,Y,,A,01,0,0,1,0,0,0,0,0,0,"- ","- ",35.354198455810547,-119.02188873291016,KERN,BAKERSFIELD,-119.02130889892578,35.354953765869141
84905023,2025,2025-10-28,1502,2025-10-18,1750,1381,,6,5,6,1502,0,0,0,,0,METRO,"6TH ST","K ST",0.00,,Y,A,-,N,,,,,,,,,,N,4,0,1,2,A,-,12,22450,A,F,D,G,A,A,H,-,A,A,0,,Y,,,Y,,L,04,0,0,1,0,0,0,1,0,0,"- ","- ",35.361911773681641,-119.01817321777344,KERN,BAKERSFIELD,-119.01763916015625,35.362682342529297
84905024,2025,2025-10-28,1502,2025-10-19,1446,1239,,7,5,6,1502,0,0,0,,0,SOUTH,"SILVER DOLLAR WAY","MARCH AVE",419.00,S,N,A,-,N,,,,,,,,,,N,3,0,2,2,A,-,05,21651,A,N,A,C,A,A,H,-,A,D,0,,,Y,,Y,,C,02,0,1,1,0,0,0,0,0,1,"- ","- ",35.28546142578125,-119.02970886230469,KERN,BAKERSFIELD,-119.02913665771484,35.284259796142578
84905026,2025,2025-10-28,1502,2025-10-20,2207,P75,,1,5,6,1502,0,0,0,,0,METRO,"UNION AVE","BRUNDAGE LN",45.00,N,N,A,-,N,,,,,,,,,,N,3,0,1,2,A,-,11,21954,A,F,G,B,D,A,H,-,C,D,0,Y,,,,Y,Y,-,99,0,1,0,0,1,0,0,0,0,"- ","- ",35.353710174560547,-119.00276947021484,KERN,BAKERSFIELD,-119.00309753417969,35.353973388671875
84905033,2025,2025-10-28,1502,2025-10-26,1545,1239,,7,5,6,1502,0,0,0,,0,VALLEY,"COTTONWOOD RD","BROOK ST",70.00,N,N,A,-,N,,,,,,,,,,N,4,0,1,2,A,-,01,23152,A,N,B,C,A,A,H,-,A,D,0,,,,,Y,Y,A,01,0,0,1,0,0,0,0,0,0,"- ","- ",35.321029663085938,-118.98561859130859,KERN,BAKERSFIELD,-118.98542785644531,35.321338653564453
84906424,2025,2025-10-29,1503,2025-10-18,1627,10107,,6,5,4,1503,0,0,0,,0,,"2000 BLOCK OF 20TH AVENUE.","NORTH OF 20TH AVENUE.",0.00,,Y,A,-,N,,,,,,,,,,N,3,0,2,2,A,-,03,22350,,N,C,D,A,A,H,-,A,D,0,,,,,Y,,D,72,0,1,1,0,0,0,0,0,0,"- ","- ",35.783199310302734,-119.24980926513672,KERN,DELANO,,
84906793,2025,2025-10-29,1502,2025-10-18,"58  ",P99,,6,5,6,1502,0,0,0,,0,CENTRA,"CALIFORNIA AVE","CHESTER LN",0.00,,Y,A,-,N,,,,,,,,,,Y,3,0,1,1,A,-,01,23152,A,N,E,I,A,A,D,-,C,A,0,,,Y,,Y,Y,C,02,0,1,0,0,0,0,0,0,1,"- ","- ",35.367618560791016,-119.04736328125,KERN,BAKERSFIELD,-119.04775238037109,35.367362976074219
84906794,2025,2025-10-29,1502,2025-10-26,1528,1442,,7,5,6,1502,0,0,0,,0,SOUTH,"TAFT HWY","MICHELE ST",148.00,W,N,A,-,N,,,,,,,,,,N,4,0,1,2,A,-,03,22350,,N,C,C,A,A,H,-,A,D,0,,,,,Y,,A,01,0,0,1,0,0,0,0,0,0,"- ","- ",35.266899108886719,-119.02764129638672,KERN,BAKERSFIELD,-119.02729797363281,35.266849517822266
84908457,2025,2025-10-30,1502,2025-10-08,1538,1485,,3,5,6,1502,0,0,0,,0,,"TRUXTUN AVE","PINE ST",0.00,,Y,A,-,N,,,,,,,,,,N,4,0,2,2,A,-,09,21801,A,N,D,C,A,A,H,-,A,D,0,,,,,Y,,A,07,0,0,2,0,0,0,0,0,0,"- ","- ",35.373470306396484,-119.03119659423828,KERN,BAKERSFIELD,-119.03166961669922,35.373329162597656
84908471,2025,2025-10-30,1502,2025-10-18,2302,P99,,6,5,6,1502,0,0,0,,0,SOUTH,"PANAMA LN","GOSFORD RD",0.00,,Y,A,-,N,,,,,,,,,,Y,3,0,4,2,A,-,12,21453,A,N,D,C,A,A,D,-,C,A,0,,,,,Y,,D,22,0,2,2,0,0,0,0,0,0,"- ","- ",35.296310424804688,-119.09246063232422,KERN,BAKERSFIELD,-119.09214782714844,35.296165466308594
84908473,2025,2025-10-30,1502,2025-10-21,1251,P75,,2,5,6,1502,0,0,0,,0,METRO,"8TH ST","UNION AVE (S)",0.00,,Y,A,-,N,,,,,,,,,,N,3,0,1,2,A,-,05,21650,1,N,H,G,A,A,H,-,A,A,0,,Y,,,Y,,L,04,0,1,0,0,0,0,1,0,0,"- ","- ",35.364238739013672,-119.00258636474609,KERN,BAKERSFIELD,-119.00287628173828,35.363971710205078
84908474,2025,2025-10-30,1502,2025-10-22,2215,P75,,3,5,6,1502,0,0,0,,0,METRO,"24TH ST","EYE ST",0.00,,Y,A,-,N,,,,,,,,,,N,4,0,1,2,A,-,03,22350,,M,C,C,A,A,H,-,C,D,0,,,,,Y,Y,A,01,0,0,1,0,0,0,0,0,0,"- ","- ",35.380229949951172,-119.020263671875,KERN,BAKERSFIELD,-119.01998901367188,35.381008148193359
84908477,2025,2025-10-30,1502,2025-10-24,1622,1381,,5,5,6,1502,0,0,0,,0,METRO,"H ST","CALIFORNIA AVE",0.00,,Y,A,-,N,,,,,,,,,,N,4,0,1,2,A,-,10,21950,A,N,G,B,B,A,H,-,A,A,0,Y,,,,Y,,A,01,0,0,1,0,1,0,0,0,0,"- ","- ",35.368499755859375,-119.02079772949219,KERN,BAKERSFIELD,-119.02123260498047,35.368442535400391
84908478,2025,2025-10-30,1502,2025-10-25,"47  ",1520,,6,5,6,1502,0,0,0,,0,CENTRA,"STOCKDALE HWY","GOSFORD RD",0.00,,Y,A,-,N,,,,,,,,,,Y,3,0,5,2,A,-,09,21453,C,N,A,C,A,A,H,-,C,A,0,,,,,Y,Y,A,07,0,1,4,0,0,0,0,0,0,"- ","- ",35.354221343994141,-119.09284973144531,KERN,BAKERSFIELD,-119.09237670898438,35.354312896728516
84908479,2025,2025-10-30,1502,2025-10-25,1447,P99,,6,5,6,1502,0,0,0,,0,VALLEY,"WATTS DR","MADISON ST",0.00,,Y,A,-,N,,,,,,,,,,Y,4,0,1,2,A,-,17,21461,A,M,D,C,A,A,H,-,A,A,0,,,,,Y,,-,99,0,0,1,0,0,0,0,0,0,"- ","- ",35.331981658935547,-118.99429321289062,KERN,BAKERSFIELD,-118.99427032470703,35.332191467285156
84908486,2025,2025-10-30,1502,2025-10-26,1609,1408,,7,5,6,1502,0,0,0,,0,SOUTH,"OLD RIVER RD","CAMPUS PARK DR",0.00,,Y,A,-,N,,,,,,,,,,Y,3,0,3,2,A,-,12,21453,A,N,D,C,A,A,H,-,A,A,0,,,,Y,Y,,F,26,0,1,2,0,0,0,0,0,0,"- ","- ",35.318000793457031,-119.10939025878906,KERN,BAKERSFIELD,-119.10946655273438,35.317691802978516
84910193,2025,2025-10-31,1502,2025-10-08,"443 ",1430,,3,5,6,1502,0,0,0,,0,,"PANAMA LN","ASHE RD",0.00,,Y,A,-,N,,,,,,,,,,N,4,0,1,2,A,-,09,21800,D,N,D,C,A,A,H,-,D,B,0,,,,,Y,,A,01,0,0,1,0,0,0,0,0,0,"- ","- ",35.296051025390625,-119.07479095458984,KERN,BAKERSFIELD,-119.07448577880859,35.296054840087891
84910215,2025,2025-10-31,1502,2025-10-17,"13  ",P99,,5,5,6,1502,0,0,0,,0,METRO,"18TH ST","F ST",0.00,,Y,A,-,N,,,,,,,,,,Y,2,0,3,2,A,-,01,23152,B,N,D,C,A,A,H,-,C,A,0,,,,,Y,Y,A,07,1,0,2,0,0,0,0,0,0,"- ","- ",35.375320434570312,-119.02301788330078,KERN,BAKERSFIELD,-119.02349090576172,35.375293731689453
84910219,2025,2025-10-31,1502,2025-10-18,1149,1451,,6,5,6,1502,0,0,0,,0,METRO,"CALIFORNIA AVE","OAK ST",0.00,,Y,A,-,N,,,,,,,,,,N,3,0,2,2,A,-,08,22107,,N,B,C,A,A,H,-,A,A,0,,,Y,,Y,,A,07,0,1,1,0,0,0,0,0,2,"- ","- ",35.368759155273438,-119.03830718994141,KERN,BAKERSFIELD,-119.03878021240234,35.368534088134766
84910221,2025,2025-10-31,1502,2025-10-24,1327,1485,,5,5,6,1502,0,0,0,,0,,"SEVENTH STANDARD RD","CALLOWAY DR",33.00,W,N,A,-,N,,,,,,,,,,N,4,0,5,4,A,-,08,22107,,N,C,C,A,A,H,-,A,A,0,,,,,Y,,A,01,0,0,5,0,0,0,0,0,0,"- ","- ",35.441379547119141,-119.10933685302734,KERN,BAKERSFIELD,-119.11003875732422,35.441299438476562
84910229,2025,2025-10-31,1502,2025-10-27,1535,1239,,1,5,6,1502,0,0,0,,0,METRO,"BRUNDAGE LN","HOUCHIN RD",0.00,,Y,A,-,N,,,,,,,,,,N,4,0,1,2,A,-,03,22350,,M,D,C,A,A,H,-,A,D,0,,,,,Y,,-,99,0,0,1,0,0,0,0,0,0,"- ","- ",35.353981018066406,-119.023193359375,KERN,BAKERSFIELD,-119.02336883544922,35.353981018066406
84910231,2025,2025-10-31,1502,2025-10-29,2129,P114,,3,5,6,1502,0,0,0,,0,VALLEY,"MONITOR ST","WHITE LN",0.00,,Y,A,-,N,,,,,,,,,,N,4,0,1,2,A,-,01,23152,A,N,D,D,A,A,H,-,C,A,0,,,,,Y,Y,A,01,0,0,1,0,0,0,0,0,0,"- ","- ",35.317588806152344,-119.01210784912109,KERN,BAKERSFIELD,-119.01187896728516,35.317611694335938
8491043,2017,2017-12-13,1502,2017-11-02,1822,1059,,4,5,6,1502,0,0,0,,0,CENTRA,"MING AV","ALLEN RD",0.00,,Y,B,-,N,,,,,,,,,,Y,4,0,3,2,A,-,12,22450,A,N,D,C,A,A,H,-,C,A,0,,,,,Y,,A,01,0,0,3,0,0,0,0,0,0,"- ","- ",35.340600000000002,-119.14523,KERN,BAKERSFIELD,-119.14541005,35.339880049999998
8491044,2017,2017-12-12,1507,2017-11-08,2223,249,100,3,5,3,1507,0,0,0,,0,,"DRIVER RD",BURBANK,0.00,,Y,A,-,N,,,,,,,,,,N,3,0,2,1,A,-,03,22350,,N,E,J,A,A,H,-,D,D,0,,,,,Y,,A,01,0,2,0,0,0,0,0,0,0,"- ","- ",,,KERN,SHAFTER,-119.20663998000001,35.470640080000003
84912542,2025,2025-11-05,1503,2025-11-02,2155,10172,,7,5,4,1503,0,0,0,,0,,"DOVER PL","7TH AVENUE",0.00,,Y,A,-,N,,,,,,,,,,N,4,0,1,2,A,-,09,21800,,N,D,C,A,A,H,-,C,D,0,,,,,Y,,A,01,0,0,1,0,0,0,0,0,0,"- ","- ",35.764129638671875,-119.25157928466797,KERN,DELANO,-119.25160980224609,35.764110565185547
84912729,2025,2025-11-05,1502,2025-09-23,2002,1632,,2,5,6,1502,0,0,0,,0,,"MING AVE","OLD RIVER RD",0.00,,Y,A,-,N,,,,,,,,,,Y,4,0,1,2,A,-,09,21800,D,N,D,C,A,A,D,-,E,B,0,,,,,Y,,-,"- ",0,0,1,0,0,0,0,0,0,"- ","- ",35.340171813964844,-119.11403656005859,KERN,BAKERSFIELD,-119.11441040039062,35.339698791503906
84912736,2025,2025-11-05,1502,2025-10-10,"723 ",1314,,5,5,6,1502,0,0,0,,0,NORTH,"REFINERY AVE","MOHAWK ST",22.00,E,N,A,-,N,,,,,,,,,,N,3,0,1,2,A,-,05,21650,1,N,D,G,A,A,H,-,A,A,0,,Y,,,Y,,L,04,0,1,0,0,0,0,1,0,0,"- ","- ",35.374320983886719,-119.06623077392578,KERN,BAKERSFIELD,-119.06591796875,35.37469482421875
84912746,2025,2025-11-05,1502,2025-10-15,1211,P45,,3,5,6,1502,0,0,0,,0,METRO,"TRUXTUN AVE","S ST",0.00,,Y,B,-,N,,,,,,,,,,Y,3,0,5,2,A,-,12,21453,A,N,D,C,A,A,H,-,A,A,0,,,,,Y,,-,"- ",0,2,3,0,0,0,0,0,0,"- ","- ",35.373191833496094,-119.00784301757812,KERN,BAKERSFIELD,-119.00830841064453,35.37322998046875
84912747,2025,2025-11-05,1502,2025-10-16,1658,1485,,4,5,6,1502,0,0,0,,0,,"BRIMHALL RD","COFFEE RD",100.00,E,N,A,-,N,,,,,,,,,,N,4,0,1,2,A,-,03,22350,,F,C,C,A,A,H,-,A,A,0,,,,,Y,,-,99,0,0,1,0,0,0,0,0,0,"- ","- ",35.368659973144531,-119.09264373779297,KERN,BAKERSFIELD,-119.09203338623047,35.368778228759766
84912748,2025,2025-11-05,1502,2025-10-23,"910 ",1451,,4,5,6,1502,0,0,0,,0,NORTH,"WESTSIDE PKWY","WESTSIDE PKWY E ON FROM COFFEE RD RAMP (W)",490.00,E,N,A,-,Y,KER,,58," ",R,48.541,H,,L,Y,4,0,1,3,A,-,08,22107,,N,B,C,A,A,H,-,A,D,0,,,,,Y,,A,01,0,0,1,0,0,0,0,0,0,"- ","- ",35.366950988769531,-119.09210968017578,KERN,BAKERSFIELD,-119.09220886230469,35.367046356201172
84912749,2025,2025-11-05,1502,2025-10-23,1344,1430,,4,5,6,1502,0,0,0,,0,,"CALLOWAY DR","SEABECK AVE",78.00,S,N,A,-,N,,,,,,,,,,N,4,0,1,2,A,-,07,21658,A,N,B,C,A,A,H,-,A,A,0,,,,,Y,,-,35,0,0,1,0,0,0,0,0,0,"- ","- ",35.387588500976562,-119.11006927490234,KERN,BAKERSFIELD,-119.11003875732422,35.387367248535156
84912752,2025,2025-11-05,1502,2025-10-27,"833 ",P17,,1,5,6,1502,0,0,0,,0,CENTRA,"FJORD DR","NEW STINE RD",341.00,E,N,A,-,N,,,,,,,,,,Y,3,0,1,2,A,-,08,22100,B,N,H,G,A,A,H,-,A,D,0,,Y,,,Y,,L,04,0,1,0,0,0,0,1,0,0,"- ","- ",35.341850280761719,-119.06083679199219,KERN,BAKERSFIELD,-119.05990600585938,35.341930389404297
84912753,2025,2025-11-05,1502,2025-10-27,2014,1520,,1,5,6,1502,0,0,0,,0,VALLEY,"TAFT HIGHWAY","SOUTH H STREET",231.00,W,N,A,-,N,,,,,,,,,,N,4,0,2,2,D,-,00,,,N,C,C,A,A,H,-,C,A,0,,,,,Y,,-,"- ",0,0,2,0,0,0,0,0,0,"- ","- ",,,KERN,BAKERSFIELD,-119.02204132080078,35.266864776611328
84912755,2025,2025-11-05,1502,2025-10-27,2144,P75,,1,5,6,1502,0,0,0,,0,METRO,"CALIFORNIA AVE","S ST",9.00,E,N,A,-,N,,,,,,,,,,Y,3,0,1,1,A,-,01,23152,A,N,E,I,A,A,H,-,C,D,0,,,,,Y,Y,A,01,0,1,0,0,0,0,0,0,0,"- ","- ",35.368339538574219,-119.00792694091797,KERN,BAKERSFIELD,-119.00830841064453,35.368381500244141
84912761,2025,2025-11-05,1502,2025-10-31,1652,1430,,5,5,6,1502,0,0,0,,0,,"MADISON ST","NINA ST",0.00,,Y,A,-,N,,,,,,,,,,N,3,0,2,2,A,-,09,21801,A,N,D,C,A,A,H,-,A,A,0,,,,,Y,,A,01,0,1,1,0,0,0,0,0,0,"- ","- ",35.336521148681641,-118.99423217773438,KERN,BAKERSFIELD,-118.99425506591797,35.336727142333984
84913945,2025,2025-11-06,1503,2025-09-29,"618 ",10218,,1,5,4,1503,0,0,0,,0,,"HIETT AV","COUNTYLINE ROAD",30.00,N,Y,A,-,N,,,,,,,,,,N,3,0,3,2,A,-,09,21801,A,N,B,C,A,A,H,-,A,A,0,,,,,Y,,A,01,0,1,2,0,0,0,0,0,0,"- ","- ",35.790409088134766,-119.26766967773438,KERN,DELANO,-117.63432312011719,34.793209075927734
84914569,2025,2025-11-06,1502,2025-10-25,"956 ",P45,,6,5,6,1502,0,0,0,,0,VALLEY,"WHITE LN","GORDON ST",0.00,,Y,B,-,N,,,,,,,,,,Y,4,0,2,2,A,-,09,21801,A,N,D,C,A,A,H,-,A,D,0,,,,,Y,,A,01,0,0,2,0,0,0,0,0,0,"- ","- ",35.317550659179688,-119.00602722167969,KERN,BAKERSFIELD,-119.00579071044922,35.317630767822266
84914570,2025,2025-11-06,1502,2025-10-28,"735 ",P88,,2,5,6,1502,0,0,0,,0,HILL,"23RD ST","K ST",8.00,E,N,A,-,N,,,,,,,,,,N,2,0,1,2,A,-,11,21954,A,N,G,B,D,A,H,-,A,D,0,Y,,,,Y,,N,60,1,0,0,0,1,0,0,0,0,"- ","- ",35.380008697509766,-119.01702117919922,KERN,BAKERSFIELD,-119.01753234863281,35.380050659179688
84914571,2025,2025-11-06,1502,2025-10-28,1840,1520,,2,5,6,1502,0,0,0,,0,CENTRA,"BUENA VISTA RD","CHAMBER BLVD",0.00,,Y,A,-,N,,,,,,,,,,Y,3,0,2,2,A,-,08,22107,,N,D,C,A,A,H,-,C,A,0,,,,,Y,,A,01,0,1,1,0,0,0,0,0,0,"- ","- ",35.331161499023438,-119.12886047363281,KERN,BAKERSFIELD,-119.12804412841797,35.330886840820312
84916551,2025,2025-11-07,1502,2025-10-14,1002,1396,,2,5,6,1502,0,0,0,,0,,"18TH ST","H ST",0.00,,Y,C,-,N,,,,,,,,,,N,3,0,1,2,A,-,12,21453,A,N,G,B,B,B,H,-,A,A,0,Y,,,,Y,,A,01,0,1,0,0,1,0,0,0,0,"- ","- ",35.375289916992188,-119.02069854736328,KERN,BAKERSFIELD,-119.02120208740234,35.375293731689453
84916555,2025,2025-11-07,1502,2025-10-26,1853,1398,,7,5,6,1502,0,0,0,,0,METRO,"CHESTER AVE","4TH ST",0.00,,Y,A,-,N,,,,,,,,,,N,3,0,1,2,A,-,11,21954,A,N,G,B,D,A,H,-,C,A,0,Y,,,,Y,,N,60,0,1,0,0,1,0,0,0,0,"- ","- ",35.36077880859375,-119.01856994628906,KERN,BAKERSFIELD,-119.01891326904297,35.360801696777344
84916560,2025,2025-11-07,1502,2025-10-31,"841 ",1360,,5,5,6,1502,0,0,0,,0,SOUTH,"DISTRICT BLVD","RIDE ST",810.00,E,N,A,-,N,,,,,,,,,,N,4,0,1,2,A,-,02,22400,A,N,C,C,A,A,H,-,A,D,0,,,,,Y,,A,01,0,0,1,0,0,0,0,0,0,"- ","- ",35.313308715820312,-119.09027099609375,KERN,BAKERSFIELD,-119.08747863769531,35.313156127929688
84916575,2025,2025-11-07,1502,2025-11-03,1744,1398,,1,5,6,1502,0,0,0,,0,NORTH,"CALLOWAY DR","RETAIL DR",29.00,N,N,A,-,N,,,,,,,,,,N,4,0,2,2,A,-,03,22350,,N,C,C,A,A,H,-,C,A,0,,,,,Y,,A,01,0,0,2,0,0,0,0,0,0,"- ","- ",35.384891510009766,-119.11009979248047,KERN,BAKERSFIELD,-119.10993957519531,35.384960174560547
8491684,2017,2017-12-05,1500,2017-11-03,0121,201596,WA02,5,5,3,1510,0,0,0,,0,4401,"1ST ST",BIRCH,57.00,W,N,B,-,N,,,,,,,,,,Y,4,0,1,1,B,-,22,,,N,E,I,A,A,H,-,C,A,0,,,,,Y,Y,-,,0,0,1,0,0,0,0,0,0,"- ","- ",,,KERN,WASCO,-119.34276154,35.600610860000003