CASE_ID,ACCIDENT_YEAR,PROC_DATE,JURIS,COLLISION_DATE,COLLISION_TIME,OFFICER_ID,REPORTING_DISTRICT,DAY_OF_WEEK,CHP_SHIFT,POPULATION,CNTY_CITY_LOC,SPECIAL_COND,BEAT_TYPE,CHP_BEAT_TYPE,CITY_DIVISION_LAPD,CHP_BEAT_CLASS,BEAT_NUMBER,PRIMARY_RD,SECONDARY_RD,DISTANCE,DIRECTION,INTERSECTION,WEATHER_1,WEATHER_2,STATE_HWY_IND,CALTRANS_COUNTY,CALTRANS_DISTRICT,STATE_ROUTE,ROUTE_SUFFIX,POSTMILE_PREFIX,POSTMILE,LOCATION_TYPE,RAMP_INTERSECTION,SIDE_OF_HWY,TOW_AWAY,COLLISION_SEVERITY,NUMBER_KILLED,NUMBER_INJURED,PARTY_COUNT,PRIMARY_COLL_FACTOR,PCF_CODE_OF_VIOL,PCF_VIOL_CATEGORY,PCF_VIOLATION,PCF_VIOL_SUBSECTION,HIT_AND_RUN,TYPE_OF_COLLISION,MVIW,PED_ACTION,ROAD_SURFACE,ROAD_COND_1,ROAD_COND_2,LIGHTING,CONTROL_DEVICE,CHP_ROAD_TYPE,PEDESTRIAN_ACCIDENT,BICYCLE_ACCIDENT,MOTORCYCLE_ACCIDENT,TRUCK_ACCIDENT,NOT_PRIVATE_PROPERTY,ALCOHOL_INVOLVED,STWD_VEHTYPE_AT_FAULT,CHP_VEHTYPE_AT_FAULT,COUNT_SEVERE_INJ,COUNT_VISIBLE_INJ,COUNT_COMPLAINT_PAIN,COUNT_PED_KILLED,COUNT_PED_INJURED,COUNT_BICYCLIST_KILLED,COUNT_BICYCLIST_INJURED,COUNT_MC_KILLED,COUNT_MC_INJURED,PRIMARY_RAMP,SECONDARY_RAMP,LATITUDE,LONGITUDE,COUNTY,CITY,POINT_X,POINT_Y
85001967,2025,2026-01-07,1502,2025-12-15,2043,1523,,1,5,6,1502,0,0,0,,0,,"GOSFORD RD","PACHECO RD",259.00,S,N,B,-,N,,,,,,,,,,Y,4,0,1,2,A,-,01,23152,A,N,D,C,A,A,H,-,C,A,0,,,,,Y,Y,A,01,0,0,1,0,0,0,0,0,0,"- ","- ",35.310070037841797,-119.09336090087891,KERN,BAKERSFIELD,-119.09226226806641,35.309528350830078
85001970,2025,2026-01-07,1502,2025-12-24,1435,1430,,3,5,6,1502,0,0,0,,0,,"MEANY AVE","COFFEE RD",219.00,E,N,A,-,N,,,,,,,,,,N,3,0,3,2,A,-,09,21804,A,N,D,C,A,A,H,-,A,A,0,,,,,Y,,A,01,0,2,1,0,0,0,0,0,0,"- ","- ",35.394069671630859,-119.09227752685547,KERN,BAKERSFIELD,-119.09140777587891,35.394199371337891
85001979,2025,2026-01-07,1502,2025-12-29,1241,P17,,1,5,6,1502,0,0,0,,0,SOUTH,"ASHE RD","TAFT HWY",0.00,,Y,A,-,N,,,,,,,,,,Y,4,0,2,2,A,-,09,21801,A,N,D,C,A,A,H,-,A,A,0,,,,,Y,,A,01,0,0,2,0,0,0,0,0,0,"- ","- ",35.266769409179688,-119.07614898681641,KERN,BAKERSFIELD,-119.07440185546875,35.267101287841797
85003819,2025,2026-01-08,1502,2025-12-31,1617,1528,,3,5,6,1502,0,0,0,,0,,"CHESTER AVE","27TH ST",0.00,,Y,B,-,N,,,,,,,,,,N,4,0,1,2,A,-,03,22350,,M,C,C,A,A,H,-,A,A,0,,,Y,,Y,,-,99,0,0,1,0,0,0,0,0,1,"- ","- ",35.383831024169922,-119.01817321777344,KERN,BAKERSFIELD,-119.01885223388672,35.38385009765625
85005143,2025,2026-01-08,1503,2025-12-16,1100,10218,,2,5,4,1503,0,0,0,,0,,"LEXINGTON ST","SCL PROLONGATION OF 12TH AVE",34.00,N,-,A,-,N,,,,,,,,,,N,3,0,2,2,A,-,12,22450,A,N,D,C,A,A,H,-,A,A,0,,,,,Y,,A,01,0,2,0,0,0,0,0,0,0,"- ","- ",35.772308349609375,-119.24227142333984,KERN,DELANO,-119.24230194091797,35.772380828857422
8500582,2017,2017-12-07,1506,2017-11-17,1500,3672,29,5,5,4,1506,0,0,0,,0,,"EAST FRENCH AV","E LAS FLORES AV",384.00,W,N,A,-,N,,,,,,,,,,Y,4,0,1,3,A,-,03,22350,A,N,C,C,A,A,H,-,A,D,0,,,,,Y,,D,22,0,0,1,0,0,0,0,0,0,"- ","- ",35.625140000000002,-117.68872,KERN,RIDGECREST,-117.66744854,35.626282519999997
8500655,2017,2017-12-12,1507,2017-11-06,0555,269,,1,5,3,1507,0,0,0,,0,100,"SANTA FE WY","BNSF RAILWAY CROSSING #928102K",148.00,S,N,A,-,N,,,,,,,,,,Y,2,0,2,3,A,-,03,22350,,N,C,C,A,A,H,-,B,A,0,,,,,Y,,D,22,1,0,1,0,0,0,0,0,0,"- ","- ",35.470680000000002,-119.2346,KERN,SHAFTER,,
85006988,2025,2026-01-09,1503,2025-12-24,1520,10209,,3,5,4,1503,0,0,0,,0,,"HIGH ST","9TH AV",121.00,S,Y,A,-,N,,,,,,,,,,N,4,0,3,2,A,-,08,22107,,N,B,C,A,A,H,-,A,D,0,,,,,Y,,A,01,0,0,3,0,0,0,0,0,0,"- ","- ",35.766510009765625,-119.24601745605469,KERN,DELANO,-119.24658966064453,35.767253875732422
85007497,2025,2026-01-12,1502,2025-12-25,2109,1347,,4,5,6,1502,0,0,0,,0,VALLEY,"WIBLE RD","MING AVE",0.00,,Y,B,C,N,,,,,,,,,,N,4,0,2,2,A,-,12,21453,A,N,D,D,A,B,H,-,C,A,0,,,,,Y,,D,22,0,0,2,0,0,0,0,0,0,"- ","- ",35.339618682861328,-119.03890228271484,KERN,BAKERSFIELD,-119.03902435302734,35.339542388916016
85007500,2025,2026-01-12,1502,2025-12-31,1502,1409,,3,5,6,1502,0,0,0,,0,VALLEY,"HUGHES LN","PLANZ RD",187.00,N,N,B,-,N,,,,,,,,,,N,4,0,2,3,A,-,03,22350,,M,C,C,A,A,H,-,A,D,0,,,,,Y,,-,99,0,0,2,0,0,0,0,0,0,"- ","- ",35.325008392333984,-119.03021240234375,KERN,BAKERSFIELD,-119.03007507324219,35.325454711914062
85007972,2025,2026-01-12,1502,2025-09-28,"740 ",1225,,7,5,6,1502,0,0,0,,0,VALLEY,"PANAMA LN","COTTONWOOD RD",3854.00,E,N,A,-,N,,,,,,,,,,Y,1,1,2,2,A,-,01,23152,B,N,C,C,A,A,H,-,A,D,0,,,,,Y,Y,A,01,1,1,0,0,0,0,0,0,0,"- ","- ",35.295631408691406,-118.98587036132812,KERN,BAKERSFIELD,-118.97245788574219,35.295967102050781
85008017,2025,2026-01-12,1502,2025-12-26,2131,1585,,5,5,6,1502,0,0,0,,0,,"WHITE LN","GOSFORD RD",0.00,,Y,A,-,N,,,,,,,,,,N,3,0,1,2,A,-,09,21453,B,F,G,B,B,A,H,-,B,A,0,Y,,,,Y,,-,"- ",0,1,0,0,1,0,0,0,0,"- ","- ",35.318408966064453,-119.0921630859375,KERN,BAKERSFIELD,-119.09228515625,35.318168640136719
85008018,2025,2026-01-12,1502,2025-12-30,2226,1520,,2,5,6,1502,0,0,0,,0,SOUTH,"GOSFORD RD","MC CUTCHEN RD",0.00,,Y,-,-,N,,,,,,,,,,Y,4,0,1,2,A,-,12,22450,A,N,D,C,A,A,C,-,C,D,0,,,,,Y,,-,"- ",0,0,1,0,0,0,0,0,0,"- ","- ",35.281520843505859,-119.09374237060547,KERN,BAKERSFIELD,-119.09215545654297,35.281612396240234
85008412,2025,2026-01-12,1502,2025-12-22,1849,1398,,1,5,6,1502,0,0,0,,0,VALLEY,"MING AVE","99 N ON FR MING RAMP",123.00,W,N,A,-,N,,,,,,,,,,N,4,0,1,3,A,-,08,22107,,N,C,C,A,A,H,-,C,A,0,,,,,Y,,A,01,0,0,1,0,0,0,0,0,0,"- ","- ",35.339599609375,-119.03704833984375,KERN,BAKERSFIELD,,
85010529,2025,2026-01-13,1502,2025-12-30,1814,1523,,2,5,6,1502,0,0,0,,0,,"STINE RD","DISTRICT BLVD",0.00,,Y,A,-,N,,,,,,,,,,Y,3,0,1,2,A,-,03,22350,,N,C,C,A,A,H,-,C,A,0,,,,,Y,,A,01,0,1,0,0,0,0,0,0,0,"- ","- ",35.312870025634766,-119.05674743652344,KERN,BAKERSFIELD,-119.05668640136719,35.313011169433594
85014573,2025,2026-01-15,1502,2025-12-23,2040,1398,,2,5,6,1502,0,0,0,,0,SOUTH,PRIVATE,"GOSFORD RD",798.00,W,N,A,-,N,,,,,,,,,,N,4,0,2,3,A,-,10,21950,A,F,G,B,C,A,H,-,C,D,0,Y,,,,Y,,A,01,0,0,2,0,2,0,0,0,0,"- ","- ",,,KERN,BAKERSFIELD,,
85014884,2025,2026-01-15,1503,2025-12-04,1805,10226,,4,5,4,1503,0,0,0,,0,,"ELLINGTON ST","10TH AV",61.00,N,Y,A,-,N,,,,,,,,,,N,3,0,1,2,A,-,08,22107,,N,A,C,A,A,H,-,C,D,0,,,,,Y,,A,01,0,1,0,0,0,0,0,0,0,"- ","- ",35.768230438232422,-119.25132751464844,KERN,DELANO,-119.25136566162109,35.768344879150391
85016609,2025,2026-01-16,1502,2025-12-25,1052,1430,,4,5,6,1502,0,0,0,,0,,"VILLA BELLA LN","VILLA SERENA LN",263.00,N,N,A,-,N,,,,,,,,,,N,3,0,1,3,A,-,03,22350,,N,A,E,A,A,H,-,A,D,0,,,,,Y,,A,01,0,1,0,0,0,0,0,0,0,"- ","- ",35.307281494140625,-119.12239074707031,KERN,BAKERSFIELD,-119.12014770507812,35.308376312255859
85016625,2025,2026-01-16,1502,2025-12-31,1438,1430,,3,5,6,1502,0,0,0,,0,,"MONITOR ST","CALCUTTA DR",0.00,,Y,A,C,N,,,,,,,,,,N,3,0,2,3,A,-,12,22450,A,N,D,C,A,B,H,-,A,A,0,,,,,Y,,A,01,0,1,1,0,0,0,0,0,0,"- ","- ",35.313961029052734,-119.01216125488281,KERN,BAKERSFIELD,-119.01187133789062,35.314018249511719
85021174,2025,2026-01-20,1503,2025-12-25,1813,10226,,4,5,4,1503,0,0,0,,0,,"POND RD","GARZOLI AV",30.80,N,Y,A,-,N,,,,,,,,,,N,3,0,4,2,A,-,09,21802,A,N,D,C,A,A,H,-,D,D,0,,,,,Y,,-,"- ",0,4,0,0,0,0,0,0,0,"- ","- ",35.717910766601562,-119.24082946777344,KERN,DELANO,-119.24074554443359,35.717926025390625
85029552,2025,2026-01-26,1503,2025-12-17,1840,10222,,3,5,4,1503,0,0,0,,0,,"20TH AV","SOUTH CURB LINE PROLONGATION OF 20TH AVENUE",10.00,N,-,A,-,N,,,,,,,,,,N,3,0,1,2,A,-,00,24950,A,N,D,C,A,A,H,-,C,A,0,,Y,,,Y,,D,73,0,1,0,0,0,0,1,0,0,"- ","- ",35.783149719238281,-119.25863647460938,KERN,DELANO,,
85031449,2025,2026-01-27,1503,2025-09-08,1412,10202,,1,5,4,1503,0,0,0,,0,,"800 BROWNING RD","9TH AV",642.00,S,-,A,-,N,,,,,,,,,,Y,2,0,1,1,A,-,03,22350,,N,E,I,A,A,H,-,A,D,0,,,,,Y,Y,A,01,1,0,0,0,0,0,0,0,0,"- ","- ",35.767250061035156,-119.22097778320312,KERN,DELANO,-119.22316741943359,35.766918182373047
85038531,2025,2026-02-02,1502,2025-12-04,2053,1585,,4,5,6,1502,0,0,0,,0,,"TRUXTUN AVE","TULARE ST",0.00,,Y,A,-,N,,,,,,,,,,Y,4,0,2,2,A,-,03,22350,,F,D,C,A,A,H,-,C,D,0,,,,,Y,,A,01,0,0,2,0,0,0,0,0,0,"- ","- ",35.373649597167969,-118.99767303466797,KERN,BAKERSFIELD,-118.99755859375,35.373184204101562
8504075,2017,2018-07-03,1508,2017-12-22,1535,33,2B,5,5,2,1508,0,0,0,,0,,"RT 33","CASCADE PL",0.00,,Y,A,-,Y,KER,6,33,-,-,19.287,I,5,N,N,2,0,2,2,A,-,09,21804,A,N,D,C,A,A,H,-,A,D,0,,,Y,,Y,,A,01,2,0,0,0,0,0,0,0,2,"- ","- ",35.145809999999997,-119.46786,KERN,TAFT,-119.46780006,35.145757860000003
8504078,2017,2018-07-09,1502,2017-12-15,1044,1195,,5,5,6,1502,0,0,0,,0,METRO,"UNION AV","BRUNDAGE LN",167.00,N,N,A,-,Y,KER,6,204,-,-,2.120,H,-,S,Y,4,0,1,3,A,-,03,22350,,M,C,C,A,A,H,-,A,A,0,,,,,Y,,-,99,0,0,1,0,0,0,0,0,0,"- ","- ",35.353679999999997,-119.00277,KERN,BAKERSFIELD,-119.00300444,35.354566820000002
8504247,2018,2018-10-05,1502,2018-01-09,1905,1249,,2,5,6,1502,0,0,0,,0,CENTRA,"CALIFORNIA AV","REAL RD",126.00,W,N,A,-,N,,,,,,,,,,N,3,0,1,2,A,-,15,26451,A,N,D,C,A,A,H,-,C,D,0,,,,,Y,,A,07,0,1,0,0,0,0,0,0,0,"- ","- ",35.368129730224609,-119.04299926757812,KERN,BAKERSFIELD,-119.04376220703125,35.367778778076172
8504251,2018,2018-07-06,1502,2018-01-18,1803,1185,,4,5,6,1502,0,0,0,,0,HILL,"30TH ST","GARCES CIR",32.00,E,N,A,-,N,,,,,,,,,,N,2,0,1,2,A,-,11,21954,A,N,G,B,D,A,H,-,C,D,0,Y,,,,Y,,N,60,1,0,0,0,1,0,0,0,0,"- ","- ",35.386680603027344,-119.01761627197266,KERN,BAKERSFIELD,-119.01753997802734,35.386680603027344
85042636,2025,2026-02-04,1502,2025-11-23,1228,1418,,7,5,6,1502,0,0,0,,0,CENTRA,"STOCKDALE HWY","BUENA VISTA RD",0.00,,Y,A,-,N,,,,,,,,,,N,3,0,1,3,A,-,09,21800,A,M,C,C,A,A,H,-,A,A,0,,,,,Y,,A,01,0,1,0,0,0,0,0,0,0,"- ","- ",35.34906005859375,-119.12796020507812,KERN,BAKERSFIELD,-119.12738037109375,35.348823547363281
8504455,2018,2018-08-06,1502,2018-01-07,2033,1283,,7,5,6,1502,0,0,0,,0,METRO,"UNION AV","CALIFORNIA AV",30.00,N,N,A,-,Y,KER,6,204,-,-,3.090,H,-,N,Y,3,0,1,2,A,-,01,23152,A,F,D,C,A,A,H,-,C,A,0,,,,,Y,Y,A,01,0,1,0,0,0,0,0,0,0,"- ","- ",35.368278503417969,-119.00253295898438,KERN,BAKERSFIELD,-119.00294494628906,35.368495941162109
8504481,2018,2018-08-07,1502,2018-01-04,1436,1265,,4,5,6,1502,0,0,0,,0,VALLEY,"CHESTER AV","LOUSTALOT LN",10.00,S,N,A,-,Y,KER,6,58,-,R,53.652,R,4,E,N,4,0,2,2,A,-,03,22350,,N,C,C,A,A,H,-,A,A,0,,,,,Y,,A,01,0,0,2,0,0,0,0,0,0,"- ","- ",35.352058410644531,-119.01872253417969,KERN,BAKERSFIELD,-119.01660919189453,35.352382659912109
8504567,2017,2018-07-09,1503,2017-12-04,0730,1098,1503,1,5,4,1503,0,0,0,,0,ALL,"GARCES HWY","LIGHT POLE 3353361E",150.00,E,N,B,-,Y,KER,6,155,-,R,0.910,H,-,E,N,3,0,1,2,A,-,17,21208,A,N,C,G,A,A,H,-,A,D,0,,Y,,,Y,,L,04,0,1,0,0,0,0,1,0,0,"- ","- ",,,KERN,DELANO,-119.23297341999999,35.76143476
8504578,2017,2018-06-08,1503,2017-12-08,2200,10105,1503,5,5,4,1503,0,0,0,,0,ALL,"KELLINGTON ST","1ST AV",0.00,,Y,A,-,N,,,,,,,,,,N,4,0,1,2,A,-,09,21802,A,N,D,C,A,A,H,-,C,A,0,,,,,Y,,A,01,0,0,1,0,0,0,0,0,0,"- ","- ",,,KERN,DELANO,-119.24893993000001,35.757730019999997
85046335,2025,2026-02-09,1502,2025-11-25,1800,P99,,2,5,6,1502,0,0,0,,0,VALLEY,"WIBLE RD","WILSON RD",30.00,S,N,A,-,N,,,,,,,,,,N,4,0,1,2,A,-,03,22350,,M,C,C,A,A,H,-,C,A,0,,,,,Y,,-,99,0,0,1,0,0,0,0,0,0,"- ","- ",35.332359313964844,-119.03898620605469,KERN,BAKERSFIELD,-119.03902435302734,35.332126617431641
85062618,2025,2026-02-19,1502,2025-05-09,2053,1225,,5,5,6,1502,0,0,0,,0,METRO,"CALIFORNIA AVE","BAKER ST",0.00,,Y,A,-,N,,,,,,,,,,N,1,1,0,3,A,-,11,21453,D,N,G,B,B,A,H,-,C,A,0,Y,,,,Y,Y,N,60,0,0,0,1,0,0,0,0,0,"- ","- ",35.368820190429688,-118.99609375,KERN,BAKERSFIELD,-118.99587249755859,35.368415832519531
85068562,2024,2026-02-24,1502,2024-12-26,1449,1450,,4,5,6,1502,0,0,0,,0,HILL,"24TH ST","OAK ST",0.00,,Y,A,-,N,,,,,,,,,,Y,1,1,2,2,A,-,12,21453,A,N,D,D,A,A,H,-,A,A,0,,,,,Y,,A,01,0,1,1,0,0,0,0,0,0,"- ","- ",35.381309509277344,-119.03804779052734,KERN,BAKERSFIELD,-119.03857421875,35.381187438964844
85070444,2025,2026-02-25,1502,2025-12-25,1912,1409,,4,5,6,1502,0,0,0,,0,HILL,"OSWELL ST","HARVARD DR",35.00,N,N,B,-,N,,,,,,,,,,N,4,0,1,2,A,-,08,22107,,N,C,E,A,A,H,-,C,D,0,,Y,,,Y,,L,04,0,0,1,0,0,0,1,0,0,"- ","- ",35.399818420410156,-118.95153045654297,KERN,BAKERSFIELD,-118.95163726806641,35.401206970214844
85073141,2025,2026-02-26,1502,2025-05-26,2303,1408,,1,5,6,1502,0,0,0,,0,CENTRA,"WILSON RD","BLADEN ST",0.00,,Y,A,-,N,,,,,,,,,,Y,1,1,0,2,A,-,09,21801,A,N,D,C,A,A,H,-,C,D,0,,,Y,,Y,,A,01,0,0,0,0,0,0,0,1,0,"- ","- ",35.331409454345703,-119.06095886230469,KERN,BAKERSFIELD,-119.06005096435547,35.331832885742188
85074956,2025,2026-02-27,1502,2025-10-12,"938 ",1409,,7,5,6,1502,0,0,0,,0,HILL,"178 HWY","COMANCHE DR (E)",796.00,E,N,A,-,N,,,,,,,,,,Y,2,0,3,2,A,-,08,22100,B,N,D,C,A,A,H,-,A,D,0,,,Y,,Y,,A,01,2,0,1,0,0,0,0,0,2,"- ","- ",35.406970977783203,-118.85941314697266,KERN,BAKERSFIELD,,
8508106,2017,2018-07-03,1508,2017-11-05,2302,112,6B,7,5,2,1508,0,0,0,,0,,"RT 33","WOOD ST",688.00,N,N,A,-,Y,KER,6,33,-,-,17.700,H,-,N,Y,3,0,1,1,A,-,00,21660,A,N,E,I,A,A,H,-,D,D,0,,,,,Y,,A,01,0,1,0,0,0,0,0,0,0,"- ","- ",35.136879999999998,-119.44737000000001,KERN,TAFT,-119.44678338,35.132898519999998
8512084,2017,2018-07-09,1502,2017-11-28,1035,1181,,2,5,6,1502,0,0,0,,0,HILL,"GOLDEN STATE AV","F ST",70.00,E,N,A,-,Y,KER,6,204,-,-,5.110,H,-,N,Y,3,0,3,3,A,-,03,22350,,N,C,C,A,A,H,-,A,A,0,,,,,Y,,A,01,0,1,2,0,0,0,0,0,0,"- ","- ",35.389589999999998,-119.02235,KERN,BAKERSFIELD,-119.02268718000001,35.389392729999997
8512088,2017,2018-01-11,1502,2017-11-28,1107,1213,,2,5,6,1502,0,0,0,,0,METRO,"CALIFORNIA AV","CAMPUS WY",23.00,E,N,A,-,N,,,,,,,,,,Y,4,0,1,2,A,-,03,22350,,N,C,C,A,A,H,-,A,D,0,,,,,Y,,A,01,0,0,1,0,0,0,0,0,0,"- ","- ",35.368639999999999,-119.02894999999999,KERN,BAKERSFIELD,-119.02928295,35.368650000000002
8512092,2017,2018-01-11,1502,2017-10-01,2215,1177,,7,5,6,1502,0,0,0,,0,HILL,"COLUMBUS ST","O ST",67.00,W,N,A,-,N,,,,,,,,,,Y,2,0,1,2,A,-,05,21650,1,N,H,G,A,A,H,-,D,D,0,,Y,,,Y,,L,04,1,0,0,0,0,0,1,0,0,"- ","- ",35.398620000000001,-119.01269000000001,KERN,BAKERSFIELD,-119.01305452,35.398111559999997
8512159,2017,2018-01-11,1502,2017-11-04,0247,1195,,6,5,6,1502,0,0,0,,0,CENTRA,"MING AV","CHESHIRE DR",158.00,E,N,B,-,N,,,,,,,,,,N,2,0,1,2,A,-,11,21954,A,N,G,B,D,A,H,-,E,D,0,Y,,,,Y,,N,60,1,0,0,0,1,0,0,0,0,"- ","- ",35.334780000000002,-119.07218,KERN,BAKERSFIELD,-119.07184407,35.334747280000002
8512280,2017,2017-12-29,1502,2017-11-22,2020,1185,,3,5,6,1502,0,0,0,,0,NORTH,"JET WY","ROSEDALE HWY",0.00,,Y,A,-,N,,,,,,,,,,Y,4,0,1,2,A,-,09,21453,C,N,D,C,A,A,H,-,C,A,0,,,,,Y,,D,22,0,0,1,0,0,0,0,0,0,"- ","- ",35.383220000000001,-119.0898,KERN,BAKERSFIELD,-119.08955005,35.383480120000002
8512284,2017,2017-12-28,1502,2017-11-02,0059,1261,,4,5,6,1502,0,0,0,,0,HIL,"FAIRFAX RD","NEWQUIST DR",126.00,S,N,B,-,N,,,,,,,,,,N,3,0,1,1,A,-,08,22107,,N,F,I,A,A,H,-,C,D,0,,,,,Y,,A,01,0,1,0,0,0,0,0,0,0,"- ","- ",35.3874,-118.92909,KERN,BAKERSFIELD,-118.92916532,35.387279880000001
8512288,2017,2017-12-28,1502,2017-11-28,1931,P82,,2,5,6,1502,0,0,0,,0,NORTH,"FROEHLICH ST","ROSEDALE HWY",0.00,,Y,A,-,N,,,,,,,,,,Y,3,0,1,2,A,-,05,21650,,M,A,C,A,A,H,-,C,A,0,,,,,Y,,-,99,0,1,0,0,0,0,0,0,0,"- ","- ",35.383870000000002,-119.14932,KERN,BAKERSFIELD,-119.14910003,35.383460030000002
8512292,2017,2017-12-29,1502,2017-11-30,1506,P18,,4,5,6,1502,0,0,0,,0,NORTH,"CLAY PATRICK FARR WY","ROSEDALE HWY",526.00,N,N,A,-,N,,,,,,,,,,Y,4,0,4,2,A,-,09,21804,A,N,D,C,A,A,H,-,A,A,0,,,,,Y,,A,01,0,0,4,0,0,0,0,0,0,"- ","- ",35.383369999999999,-119.10124999999999,KERN,BAKERSFIELD,-119.10102999999999,35.384993389999998
8512300,2017,2017-12-29,1502,2017-11-18,1816,1271,,6,5,6,1502,0,0,0,,0,HILL,"PANORAMA DR","RIVER BL",0.00,,Y,A,-,N,,,,,,,,,,Y,4,0,2,2,A,-,01,23152,A,N,D,C,A,A,H,-,A,A,0,,,,,Y,Y,D,22,0,0,2,0,0,0,0,0,0,"- ","- ",35.40934,-118.98508,KERN,BAKERSFIELD,-118.98533002000001,35.409060109999999
8512304,2017,2017-12-29,1502,2017-11-24,1346,1265,,5,5,6,1502,0,0,0,,0,VALLEY,"ANITA LN","HOLDEN WY",40.00,S,N,A,-,N,,,,,,,,,,Y,4,0,1,2,A,-,03,22350,,N,A,C,A,A,H,-,A,D,0,,,,,Y,,A,07,0,0,1,0,0,0,0,0,0,"- ","- ",35.33623,-119.02615,KERN,BAKERSFIELD,-119.02615852,35.336060250000003
8512308,2017,2017-12-28,1502,2017-11-30,1659,P45,,4,5,6,1502,0,0,0,,0,HILL,"GARCES CIR","CHESTER AV",0.00,,Y,A,-,N,,,,,,,,,,N,3,0,1,1,A,-,01,23152,A,N,H,A,A,A,H,-,A,A,0,,,Y,,Y,Y,C,02,0,1,0,0,0,0,0,0,1,"- ","- ",35.387340000000002,-119.0181,KERN,BAKERSFIELD,-119.01857167,35.387292619999997
8512322,2017,2018-01-11,1502,2017-12-06,1853,1275,,3,5,6,1502,0,0,0,,0,METRO,"OAK ST","VERDE ST",0.00,,Y,A,-,N,,,,,,,,,,Y,4,0,1,2,A,-,09,21804,A,N,D,C,A,A,H,-,C,D,0,,,Y,,Y,,A,01,0,0,1,0,0,0,0,0,1,"- ","- ",35.356209999999997,-119.03868,KERN,BAKERSFIELD,-119.03890011,35.356040020000002
8512326,2017,2018-01-11,1502,2017-12-08,1150,1149,,5,5,6,1502,0,0,0,,0,,"H ST","RADIANCE DR",0.00,,Y,A,-,N,,,,,,,,,,Y,4,0,2,2,A,-,09,21802,A,N,D,C,A,A,H,-,A,D,0,,,,,Y,,A,07,0,0,2,0,0,0,0,0,0,"- ","- ",35.342170000000003,-119.02110999999999,KERN,BAKERSFIELD,-119.02131006,35.342150009999997
8512327,2017,2018-01-09,1502,2017-12-02,1946,1282,,6,5,6,1502,0,0,0,,0,HILL,"PANORAMA DR ACC RD","UNION AV",69.00,N,N,A,-,N,,,,,,,,,,Y,4,0,1,1,A,-,03,22350,,N,E,I,A,A,H,-,D,D,0,,,,,Y,,A,01,0,0,1,0,0,0,0,0,0,"- ","- ",35.398150000000001,-119.00272,KERN,BAKERSFIELD,-119.00299609,35.398115269999998
8512330,2017,2018-01-11,1502,2017-12-07,1708,P40,,4,5,6,1502,0,0,0,,0,METRO,"BRUNDAGE LN","U ST",105.00,W,N,A,-,N,,,,,,,,,,N,4,0,2,2,A,-,03,22350,,N,C,C,A,A,H,-,B,D,0,,,,,Y,,A,01,0,0,2,0,0,0,0,0,0,"- ","- ",35.353789999999996,-119.00624000000001,KERN,BAKERSFIELD,-119.00679167,35.353911680000003
8512334,2017,2018-01-12,1502,2017-12-08,0130,1291,,5,5,6,1502,0,0,0,,0,HILL,"KERN CYN RD","VINELAND RD",651.00,N,N,A,-,N,,,,,,,,,,Y,3,0,1,1,A,-,08,22107,,N,E,I,A,A,H,-,D,D,0,,,,,Y,Y,D,22,0,1,0,0,0,0,0,0,0,"- ","- ",35.386839999999999,-118.89313,KERN,BAKERSFIELD,-118.89699697,35.384282949999999
8512338,2017,2018-01-12,1502,2017-12-01,1420,P17,,5,5,6,1502,0,0,0,,0,NORTH,"CALLOWAY DR","THE PLAZA SHOPPING CNTR",0.00,,Y,A,-,N,,,,,,,,,,Y,3,0,2,3,A,-,09,21453,C,N,D,C,A,A,H,-,A,A,0,,,,,Y,,A,01,0,1,1,0,0,0,0,0,0,"- ","- ",35.39808,-119.10997,KERN,BAKERSFIELD,-119.11002159,35.398931519999998
8512339,2017,2018-01-09,1502,2017-12-06,1635,1258,,3,5,6,1502,0,0,0,,0,SOUTH,"ASHE RD","HARRIS RD",43.00,N,N,A,-,N,,,,,,,,,,N,4,0,1,2,A,-,03,22350,,N,C,C,A,A,H,-,C,A,0,,,,,Y,,D,22,0,0,1,0,0,0,0,0,0,"- ","- ",35.303330000000003,-119.07465999999999,KERN,BAKERSFIELD,-119.07456738,35.303407980000003
8512342,2017,2018-01-12,1502,2017-12-05,1416,1211,,2,5,6,1502,0,0,0,,0,METRO,"EYE ST","18TH ST",3.00,S,N,A,-,N,,,,,,,,,,N,3,0,1,2,A,-,10,21950,A,N,G,B,B,A,H,-,A,A,0,Y,,,,Y,,D,22,0,1,0,0,1,0,0,0,0,"- ","- ",35.375279999999997,-119.01954000000001,KERN,BAKERSFIELD,-119.02003000000001,35.375281770000001
8512343,2017,2018-01-09,1502,2017-12-08,1339,1195,,5,5,6,1502,0,0,0,,0,VALLEY,"H ST","WILSON RD",264.00,N,N,A,-,N,,,,,,,,,,N,4,0,1,2,A,-,03,22350,,N,C,C,A,A,D,H,A,A,0,,,,,Y,,E,22,0,0,1,0,0,0,0,0,0,"- ","- ",35.332180000000001,-119.02124000000001,KERN,BAKERSFIELD,-119.02132,35.332894400000001
8512346,2017,2018-01-12,1502,2017-12-04,0754,1210,,1,5,6,1502,0,0,0,,0,HILL,"24TH ST","BEECH ST",0.00,,Y,A,-,N,,,,,,,,,,N,3,0,1,2,A,-,09,21801,A,N,D,C,A,A,H,-,A,B,0,,,,,Y,,A,01,0,1,0,0,0,0,0,0,0,"- ","- ",35.381169999999997,-119.03455,KERN,BAKERSFIELD,-119.03512004,35.381060060000003
8512347,2017,2018-01-09,1502,2017-12-06,1630,P45,,3,5,6,1502,0,0,0,,0,NORTH,"COFFEE RD","TRUXTUN AV",532.00,N,N,A,-,N,,,,,,,,,,N,4,0,1,4,A,-,01,23152,F,N,C,D,A,A,H,-,A,D,0,,,,,Y,,A,01,0,0,1,0,0,0,0,0,0,"- ","- ",35.36177,-119.09232,KERN,BAKERSFIELD,-119.09184863999999,35.363330050000002