CASE_ID,ACCIDENT_YEAR,PROC_DATE,JURIS,COLLISION_DATE,COLLISION_TIME,OFFICER_ID,REPORTING_DISTRICT,DAY_OF_WEEK,CHP_SHIFT,POPULATION,CNTY_CITY_LOC,SPECIAL_COND,BEAT_TYPE,CHP_BEAT_TYPE,CITY_DIVISION_LAPD,CHP_BEAT_CLASS,BEAT_NUMBER,PRIMARY_RD,SECONDARY_RD,DISTANCE,DIRECTION,INTERSECTION,WEATHER_1,WEATHER_2,STATE_HWY_IND,CALTRANS_COUNTY,CALTRANS_DISTRICT,STATE_ROUTE,ROUTE_SUFFIX,POSTMILE_PREFIX,POSTMILE,LOCATION_TYPE,RAMP_INTERSECTION,SIDE_OF_HWY,TOW_AWAY,COLLISION_SEVERITY,NUMBER_KILLED,NUMBER_INJURED,PARTY_COUNT,PRIMARY_COLL_FACTOR,PCF_CODE_OF_VIOL,PCF_VIOL_CATEGORY,PCF_VIOLATION,PCF_VIOL_SUBSECTION,HIT_AND_RUN,TYPE_OF_COLLISION,MVIW,PED_ACTION,ROAD_SURFACE,ROAD_COND_1,ROAD_COND_2,LIGHTING,CONTROL_DEVICE,CHP_ROAD_TYPE,PEDESTRIAN_ACCIDENT,BICYCLE_ACCIDENT,MOTORCYCLE_ACCIDENT,TRUCK_ACCIDENT,NOT_PRIVATE_PROPERTY,ALCOHOL_INVOLVED,STWD_VEHTYPE_AT_FAULT,CHP_VEHTYPE_AT_FAULT,COUNT_SEVERE_INJ,COUNT_VISIBLE_INJ,COUNT_COMPLAINT_PAIN,COUNT_PED_KILLED,COUNT_PED_INJURED,COUNT_BICYCLIST_KILLED,COUNT_BICYCLIST_INJURED,COUNT_MC_KILLED,COUNT_MC_INJURED,PRIMARY_RAMP,SECONDARY_RAMP,LATITUDE,LONGITUDE,COUNTY,CITY,POINT_X,POINT_Y
8578885,2018,2018-04-06,1502,2018-03-09,1427,1213,,5,5,6,1502,0,0,0,,0,METRO,"BRUNDAGE LN","HOLTBY RD",0.00,,Y,A,-,N,,,,,,,,,,Y,4,0,2,2,A,-,09,21802,A,N,D,C,A,A,H,-,A,A,0,,,,,Y,,A,01,0,0,2,0,0,0,0,0,0,"- ","- ",35.354038238525391,-119.02687835693359,KERN,BAKERSFIELD,-119.027099609375,35.354000091552734
8578889,2018,2018-03-30,1502,2018-03-19,0720,1177,,1,5,6,1502,0,0,0,,0,SOUTH,"HARRIS RD","OLD RIVER RD",30.00,W,N,A,-,N,,,,,,,,,,N,4,0,1,2,A,-,03,22350,,N,C,C,A,A,H,-,A,A,0,,,,,Y,,A,01,0,0,1,0,0,0,0,0,0,"- ","- ",35.303768157958984,-119.11009979248047,KERN,BAKERSFIELD,-119.11009979248047,35.303447723388672
8578891,2018,2018-04-06,1502,2018-03-21,1435,1211,,3,5,6,1502,0,0,0,,0,CENTRA,"PLANZ RD","AKERS RD",10.00,W,N,C,-,N,,,,,,,,,,N,4,0,2,2,A,-,03,22350,,M,C,C,A,B,H,-,A,A,0,,,,,Y,,-,99,0,0,2,0,0,0,0,0,0,"- ","- ",35.324790954589844,-119.04773712158203,KERN,BAKERSFIELD,-119.04784393310547,35.325008392333984
8578893,2018,2018-04-06,1502,2018-03-19,1416,P45,,1,5,6,1502,0,0,0,,0,SOUTH,"LABOROUGH DR","GOSFORD RD",567.00,W,N,B,-,N,,,,,,,,,,N,4,0,1,2,A,-,11,21954,A,N,G,B,D,A,H,-,A,D,0,Y,,,,Y,,N,60,0,0,1,0,1,0,0,0,0,"- ","- ",35.317451477050781,-119.09217834472656,KERN,BAKERSFIELD,-119.09417724609375,35.317287445068359
8578911,2018,2018-04-06,1502,2018-03-18,1725,P45,,7,5,6,1502,0,0,0,,0,VALLEY,"TRABUCO CANYON DR","COLIMA ST",26.00,E,N,B,-,N,,,,,,,,,,N,2,0,1,2,A,-,01,23152,A,M,C,C,A,A,H,-,A,D,0,,,,,Y,Y,A,01,1,0,0,0,0,0,0,0,0,"- ","- ",35.346469879150391,-118.94683074951172,KERN,BAKERSFIELD,-118.94627380371094,35.346450805664062
8578961,2018,2018-04-02,1502,2018-02-28,0037,1249,,3,5,6,1502,0,0,0,,0,METRO,"BAKER ST","JACKSON ST",0.00,,Y,A,-,N,,,,,,,,,,Y,4,0,2,2,A,-,01,23152,B,N,D,C,A,A,H,-,C,D,0,,,,,Y,Y,A,01,0,0,2,0,0,0,0,0,0,"- ","- ",35.378150939941406,-118.99263763427734,KERN,BAKERSFIELD,-118.99253845214844,35.377788543701172
8579073,2018,2018-07-31,1511,2018-02-25,1353,53069,,7,5,2,1511,0,0,0,,0,00A,"RT 58","CALIFORNIA CITY BL",0.00,,Y,A,-,Y,KER,6,58,-,-,105.900,H,-,E,Y,3,0,1,3,A,-,02,22400,,N,C,C,A,A,H,-,A,D,0,,,,Y,Y,,A,01,0,1,0,0,0,0,0,0,0,"- ","- ",,,KERN,"CALIFORNIA CITY",-118.23063659667969,35.115238189697266
8579121,2018,2018-07-06,1502,2018-03-02,0005,1268,,5,5,6,1502,0,0,0,,0,HILL,"UNION AV","NILES ST",0.00,,Y,A,-,N,,,,,,,,,,Y,4,0,1,2,A,-,12,21453,A,N,D,C,A,A,H,-,C,A,0,,,,,Y,,A,01,0,0,1,0,0,0,0,0,0,"- ","- ",35.384380340576172,-119.00287628173828,KERN,BAKERSFIELD,-119.00279998779297,35.383979797363281
8579146,2018,2018-08-06,1502,2018-03-02,1236,P89,,5,5,6,1502,0,0,0,,0,HILL,"GOLDEN STATE AV","F ST",730.00,E,N,A,-,Y,KER,6,204,-,-,5.280,H,-,N,Y,4,0,1,4,A,-,03,22350,,N,C,C,A,A,H,-,A,D,0,,,,,Y,,A,01,0,0,1,0,0,0,0,0,0,"- ","- ",35.389591217041016,-119.02234649658203,KERN,BAKERSFIELD,-119.02492523193359,35.391086578369141
8579150,2018,2018-06-28,1502,2018-03-01,0749,P75,,4,5,6,1502,0,0,0,,0,METRO,"23RD ST","H ST",0.00,,Y,B,-,N,,,,,,,,,,Y,4,0,2,2,A,-,12,21453,A,N,D,C,A,A,H,-,A,A,0,,,,,Y,,A,01,0,0,2,0,0,0,0,0,0,"- ","- ",35.380039215087891,-119.02060699462891,KERN,BAKERSFIELD,-119.02114868164062,35.380058288574219
8580769,2018,2018-03-22,1506,2018-02-21,0015,3248,19,3,5,4,1506,0,0,0,,0,,"NORTH DOWNS ST","WEST FELSPAR AV",529.00,S,N,A,-,N,,,,,,,,,,Y,3,0,1,1,A,-,07,21658,A,N,E,I,A,A,H,-,C,D,0,,,,,Y,Y,A,01,0,1,0,0,0,0,0,0,0,"- ","- ",35.633678436279297,-117.68759155273438,KERN,RIDGECREST,-117.68776702880859,35.632251739501953
8580777,2018,2018-07-31,1506,2018-02-28,1045,4013,4,3,5,4,1506,0,0,0,,0,,"WEST WARD AV","RT 178",174.00,W,N,A,-,Y,KER,6,178,-,-,101.100,I,6,E,Y,3,0,1,2,A,-,03,22350,A,N,C,C,A,A,H,-,A,D,0,,,,,Y,,A,01,0,1,0,0,0,0,0,0,0,"- ","- ",,,KERN,RIDGECREST,-117.66987609863281,35.644359588623047
8580817,2018,2018-03-23,1506,2018-03-04,0931,3673,19,7,5,4,1506,0,0,0,,0,,"N NORMA ST","WEST FELSPAR AV",101.00,S,N,A,-,N,,,,,,,,,,Y,3,0,1,1,A,-,07,21658,,N,E,I,A,A,H,-,A,D,0,,,,,Y,,A,01,0,1,0,0,0,0,0,0,0,"- ","- ",35.633159637451172,-117.67910766601562,KERN,RIDGECREST,-117.67877197265625,35.633193969726562
8581363,2018,2018-04-03,1502,2018-02-25,1826,1249,,7,5,6,1502,0,0,0,,0,NORTH,"CALLOWAY DR","SNOW RD",131.00,S,N,A,-,N,,,,,,,,,,N,3,0,2,2,A,-,08,22107,,F,B,C,A,A,H,-,D,D,0,,,Y,,Y,Y,-,,0,2,0,0,0,0,0,0,2,"- ","- ",35.427101135253906,-119.10961151123047,KERN,BAKERSFIELD,-119.11000061035156,35.426719665527344
8581386,2018,2018-03-30,1502,2018-03-09,1220,P24,,5,5,6,1502,0,0,0,,0,CENTRA,"MING AV","NEW STINE RD",30.00,E,N,A,-,N,,,,,,,,,,N,4,0,1,2,A,-,03,22350,,F,C,C,A,A,H,-,A,A,0,,,,,Y,,-,99,0,0,1,0,0,0,0,0,0,"- ","- ",35.338069915771484,-119.06059265136719,KERN,BAKERSFIELD,-119.06089019775391,35.338264465332031
8581390,2018,2018-03-30,1502,2018-03-11,1218,1211,,7,5,6,1502,0,0,0,,0,HILL,"34TH ST","UNION AV",636.00,W,N,B,-,N,,,,,,,,,,N,4,0,1,2,A,-,05,21650,,N,G,G,A,A,H,-,A,D,0,,Y,,,Y,,L,04,0,0,1,0,0,0,1,0,0,"- ","- ",35.390769958496094,-119.00279998779297,KERN,BAKERSFIELD,-119.00510406494141,35.390468597412109
8581394,2018,2018-03-30,1502,2018-03-13,1134,1211,,2,5,6,1502,0,0,0,,0,CENTRA,"WILSON RD","SAGE DR",0.00,,Y,A,-,N,,,,,,,,,,Y,4,0,1,2,A,-,03,22350,,N,C,C,A,A,H,-,A,D,0,,,,,Y,,A,08,0,0,1,0,0,0,0,0,0,"- ","- ",35.323150634765625,-119.06597900390625,KERN,BAKERSFIELD,-119.0660400390625,35.323268890380859
8581398,2018,2018-04-03,1502,2018-03-10,2039,1185,,6,5,6,1502,0,0,0,,0,NORTH,"CALLOWAY DR","NORRIS RD",0.00,,Y,C,-,N,,,,,,,,,,Y,4,0,2,2,A,-,12,21453,,N,D,C,A,B,H,-,C,A,0,,,,,Y,,A,01,0,0,2,0,0,0,0,0,0,"- ","- ",35.419830322265625,-119.10968780517578,KERN,BAKERSFIELD,-119.11002349853516,35.419841766357422
8581402,2018,2018-03-30,1502,2018-03-11,1603,1283,,7,5,6,1502,0,0,0,,0,SOUTH,"DISTRICT BL","SHEPARD ST",0.00,,Y,B,-,N,,,,,,,,,,N,4,0,2,1,A,-,03,22350,,N,E,I,A,A,H,-,A,D,0,,,,,Y,,A,01,0,0,2,0,0,0,0,0,0,"- ","- ",35.312900543212891,-119.05847930908203,KERN,BAKERSFIELD,-119.05841827392578,35.313018798828125
8581406,2018,2018-03-30,1502,2018-03-08,1913,1185,,4,5,6,1502,0,0,0,,0,HILL,"34TH ST","Q ST",171.00,W,N,A,-,N,,,,,,,,,,N,2,0,2,3,A,-,11,21954,A,N,G,B,D,A,H,-,C,D,0,Y,,,,Y,,N,60,1,0,1,0,2,0,0,0,0,"- ","- ",35.390979766845703,-119.01046752929688,KERN,BAKERSFIELD,-119.01111602783203,35.3905029296875
8581410,2018,2018-03-28,1502,2018-03-18,1646,P82,,7,5,6,1502,0,0,0,,0,VALLEY,"LAZY RIVER LN","STARGAZE DR",0.00,,Y,A,-,N,,,,,,,,,,N,4,0,1,2,A,-,09,21800,B,M,D,C,A,A,H,-,A,D,0,,,Y,,Y,,O,05,0,0,1,0,0,0,0,0,1,"- ","- ",35.286308288574219,-119.00985717773438,KERN,BAKERSFIELD,-119.00929260253906,35.286399841308594
8581414,2018,2018-03-28,1502,2018-03-18,2010,1249,,7,5,6,1502,0,0,0,,0,CENTRA,"PLANZ RD","STINE RD",0.00,,Y,A,-,N,,,,,,,,,,N,4,0,1,2,A,-,12,21453,A,N,D,D,A,A,H,-,C,A,0,,,,,Y,,A,01,0,0,1,0,0,0,0,0,0,"- ","- ",35.324920654296875,-119.05658721923828,KERN,BAKERSFIELD,-119.05677795410156,35.325050354003906
8581418,2018,2018-03-28,1502,2018-03-17,1109,1077,,6,5,6,1502,0,0,0,,0,VALLEY,"PLANZ RD","CHESTER AV",12.00,W,N,A,-,N,,,,,,,,,,N,4,0,1,2,A,-,03,22350,,M,C,C,A,A,H,-,A,A,0,,,,,Y,,-,99,0,0,1,0,0,0,0,0,0,"- ","- ",35.324840545654297,-119.00942230224609,KERN,BAKERSFIELD,-119.00939178466797,35.324901580810547
8581444,2018,2018-03-29,1502,2018-03-05,1725,1282,,1,5,6,1502,0,0,0,,0,HILL,"PANORAMA DR","ETON ST",0.00,,Y,A,-,N,,,,,,,,,,N,4,0,1,2,A,-,09,21801,A,N,D,C,A,A,H,-,A,A,0,,,Y,,Y,,A,01,0,0,1,0,0,0,0,0,1,"- ","- ",35.412498474121094,-118.96283721923828,KERN,BAKERSFIELD,-118.96315002441406,35.412448883056641
8581448,2018,2018-03-29,1502,2018-03-02,0453,1293,,5,5,6,1502,0,0,0,,0,NORTH,"WESTSIDE PKWY","COFFEE RD",1418.00,W,N,C,-,N,,,,,,,,,,Y,4,0,1,1,A,-,03,22350,,N,E,I,A,B,H,-,C,D,0,,,,,Y,,A,01,0,0,1,0,0,0,0,0,0,TO,"- ",35.362941741943359,-119.09645843505859,KERN,BAKERSFIELD,-119.09513092041016,35.364048004150391
8581452,2018,2018-03-29,1502,2018-03-09,1325,1271,,5,5,6,1502,0,0,0,,0,HILL,"UNIVERSITY AV","MOUNT VERNON AV",400.00,E,N,A,-,N,,,,,,,,,,N,4,0,1,2,A,-,21,22106,,N,D,E,A,A,H,-,A,D,0,,,,,Y,,A,01,0,0,1,0,0,0,0,0,0,"- ","- ",35.405101776123047,-118.96732330322266,KERN,BAKERSFIELD,-118.96628570556641,35.404964447021484
8581456,2018,2018-03-28,1502,2018-03-09,1736,1291,,5,5,6,1502,0,0,0,,0,HILL,"PANORAMA DR","IRONWOOD WY",0.00,,Y,A,-,N,,,,,,,,,,Y,4,0,1,2,A,-,09,21802,A,N,D,C,A,A,H,-,B,A,0,,,,,Y,,A,01,0,0,1,0,0,0,0,0,0,"- ","- ",35.408779144287109,-118.93953704833984,KERN,BAKERSFIELD,-118.93981170654297,35.408828735351562
8581477,2018,2018-04-12,1502,2018-03-08,2025,1059,,4,5,6,1502,0,0,0,,0,METRO,"MONTEREY ST","BROWN ST",186.00,E,N,A,-,N,,,,,,,,,,Y,4,0,1,2,A,-,01,23152,A,M,C,E,A,A,H,-,C,D,0,,,,,Y,Y,A,01,0,0,1,0,0,0,0,0,0,"- ","- ",35.378238677978516,-118.97914123535156,KERN,BAKERSFIELD,-118.97848510742188,35.377857208251953
8581602,2018,2018-03-29,1502,2018-03-18,1446,1195,,7,5,6,1502,0,0,0,,0,METRO,"CALIFORNIA AV","BROWN ST",0.00,,Y,B,-,N,,,,,,,,,,N,4,0,1,2,A,-,09,21802,A,M,D,C,A,A,H,-,A,A,0,,,,,Y,,-,99,0,0,1,0,0,0,0,0,0,"- ","- ",35.368759155273438,-118.98265075683594,KERN,BAKERSFIELD,-118.98239898681641,35.368579864501953
8581662,2018,2018-03-28,1502,2018-03-17,0732,1271,,6,5,6,1502,0,0,0,,0,VALLEY,"EL PORTERO LN","PLANZ RD",510.00,S,N,A,-,N,,,,,,,,,,Y,4,0,1,2,A,-,08,22107,,N,C,E,A,A,H,-,A,D,0,,,,,Y,,A,01,0,0,1,0,0,0,0,0,0,"- ","- ",,,KERN,BAKERSFIELD,-119.03144073486328,35.323524475097656
8581666,2018,2018-03-28,1502,2018-03-13,1209,1195,,2,5,6,1502,0,0,0,,0,SOUTH,"GRAND PRAIRIE DR","LONE GROVE WY",39.00,E,N,B,-,N,,,,,,,,,,N,4,0,1,2,A,-,06,21750,,N,B,C,A,A,H,-,A,D,0,,,,,Y,,A,01,0,0,1,0,0,0,0,0,0,"- ","- ",35.299968719482422,-119.12503051757812,KERN,BAKERSFIELD,-119.12464904785156,35.299507141113281
8581670,2018,2018-03-28,1502,2018-03-15,0618,1186,,4,5,6,1502,0,0,0,,0,VALELY,"MESA GRANDE ST","LOS CARNEROS PL",102.00,N,N,B,-,N,,,,,,,,,,N,3,0,1,2,A,-,11,21954,A,F,G,B,E,A,H,-,C,D,0,Y,,,,Y,,N,60,0,1,0,0,1,0,0,0,0,"- ","- ",35.318710327148438,-119.03472900390625,KERN,BAKERSFIELD,-119.03452301025391,35.318897247314453
8581674,2018,2018-03-28,1502,2018-03-16,2018,1059,,5,5,6,1502,0,0,0,,0,CENTRA,"REAL RD","WILSON RD",122.00,N,N,C,-,N,,,,,,,,,,N,4,0,1,2,A,-,03,22350,,M,C,C,A,B,H,-,C,D,0,,,,,Y,,-,99,0,0,1,0,0,0,0,0,0,"- ","- ",35.332431793212891,-119.04341888427734,KERN,BAKERSFIELD,-119.04337310791016,35.332572937011719
8581678,2018,2018-03-28,1502,2018-03-13,2046,1282,,2,5,6,1502,0,0,0,,0,CENTRA,"MING AV","COURTLEIGH DR",55.00,E,N,C,-,N,,,,,,,,,,N,3,0,1,2,A,-,11,21954,A,N,G,B,D,B,H,-,C,D,0,Y,,,,Y,,N,60,0,1,0,0,1,0,0,0,0,"- ","- ",35.227199554443359,-119.06304931640625,KERN,BAKERSFIELD,-119.06316375732422,35.337432861328125
8581727,2018,2018-03-29,1502,2018-02-06,1352,1172,,2,5,6,1502,0,0,0,,0,METRO,"19TH ST","A ST",0.00,,Y,A,-,N,,,,,,,,,,Y,4,0,2,2,A,-,09,21802,A,N,D,C,A,A,H,-,A,A,0,,,,,Y,,A,01,0,0,2,0,0,0,0,0,0,"- ","- ",35.376338958740234,-119.02881622314453,KERN,BAKERSFIELD,-119.02934265136719,35.376270294189453
8583300,2018,2018-08-06,1502,2018-03-16,1717,P65,,5,5,6,1502,0,0,0,,0,HILL,"GOLDEN STATE AV","F ST",1613.00,E,N,B,C,Y,KER,6,204,-,-,4.830,H,-,N,Y,4,0,2,3,A,-,03,22350,,N,C,C,A,B,H,-,A,A,0,,,,Y,Y,,F,26,0,0,2,0,0,0,0,0,0,"- ","- ",35.389591217041016,-119.02234649658203,KERN,BAKERSFIELD,-119.01870727539062,35.386886596679688
8583328,2018,2018-06-28,1502,2018-03-17,0143,1120,,6,5,6,1502,0,0,0,,0,HILL,"24TH ST","ELM ST",0.00,,Y,A,-,N,,,,,,,,,,Y,4,0,1,2,A,-,01,23152,A,N,D,C,A,A,H,-,C,A,0,,,,,Y,Y,D,22,0,0,1,0,0,0,0,0,0,"- ","- ",35.381179809570312,-119.03550720214844,KERN,BAKERSFIELD,-119.03627777099609,35.381069183349609
8583361,2018,2018-06-28,1502,2018-01-09,1113,1177,,2,5,6,1502,0,0,0,,0,METRO,"K ST","24TH ST",0.00,,Y,B,-,N,,,,,,,,,,Y,4,0,1,3,A,-,09,21802,A,N,D,D,A,A,H,-,A,A,0,,,,,Y,,A,01,0,0,1,0,0,0,0,0,0,"- ","- ",35.380958557128906,-119.01699829101562,KERN,BAKERSFIELD,-119.01754760742188,35.381000518798828
8583365,2018,2018-06-28,1502,2018-01-10,2039,1268,,3,5,6,1502,0,0,0,,0,METRO,"L ST","23RD ST",0.00,,Y,A,-,N,,,,,,,,,,Y,4,0,1,2,A,-,12,21453,A,N,D,C,A,A,H,-,C,A,0,,,,,Y,,A,01,0,0,1,0,0,0,0,0,0,"- ","- ",35.380001068115234,-119.01584625244141,KERN,BAKERSFIELD,-119.01640319824219,35.380039215087891
8583369,2018,2018-08-07,1502,2018-01-14,1953,P45,,7,5,6,1502,0,0,0,,0,NORTH,"ROSEDALE HWY","CAMINO DEL RIO CT",0.00,,Y,B,-,Y,KER,6,58,-,-,51.626,I,5,E,N,4,0,1,2,A,-,17,21451,A,N,D,C,A,A,H,-,C,A,0,,,Y,,Y,,C,02,0,0,1,0,0,0,0,0,0,"- ","- ",35.382671356201172,-119.04791259765625,KERN,BAKERSFIELD,-119.04771423339844,35.383220672607422
8583406,2018,2018-08-07,1502,2018-01-15,1737,1249,,1,5,6,1502,0,0,0,,0,VALLEY,"PANAMA LN","COLONY ST",186.00,W,N,A,-,Y,KER,6,99,-,-,19.659,R,4,N,N,3,0,1,2,A,-,09,21804,A,N,D,C,A,A,H,-,D,D,0,,,Y,,Y,,A,01,0,1,0,0,0,0,0,0,1,"- ","- ",35.295928955078125,-119.02774047851562,KERN,BAKERSFIELD,-119.03083801269531,35.29754638671875
8585800,2018,2018-04-20,1508,2018-03-27,1735,112,3B,2,5,2,1508,0,0,0,,0,,"4TH ST","NORTH ST",76.00,S,N,A,-,N,,,,,,,,,,N,3,0,1,2,A,-,21,22106,,N,B,C,A,A,H,-,A,D,0,,,Y,,Y,,D,22,0,1,0,0,0,0,0,0,1,"- ","- ",35.141349792480469,-119.45716094970703,KERN,TAFT,-119.45724487304688,35.141147613525391
8585879,2018,2018-04-11,1506,2018-03-14,1812,3248,18,3,5,4,1506,0,0,0,,0,,"N DOWNS ST","WEST FELSPAR AV",0.00,,Y,A,-,N,,,,,,,,,,Y,4,0,2,2,A,-,09,21802,A,N,D,C,A,A,H,-,A,A,0,,,,,Y,,A,01,0,0,2,0,0,0,0,0,0,"- ","- ",35.633678436279297,-117.68759155273438,KERN,RIDGECREST,-117.68775177001953,35.633701324462891
8587143,2017,2018-04-09,1502,2017-12-16,1224,1212,,6,5,6,1502,0,0,0,,0,HILL,"NILES ST","UNION AV",0.00,,Y,A,-,N,,,,,,,,,,Y,3,0,5,4,A,-,12,21453,A,N,D,C,F,A,H,-,A,A,0,Y,,,,Y,,J,48,0,2,3,0,2,0,0,0,0,"- ","- ",35.38438,-119.00288,KERN,BAKERSFIELD,-119.0028001,35.383980080000001
8588130,2018,2018-04-30,1502,2018-04-07,1645,P65,,6,5,6,1502,0,0,0,,0,CENTRA,"WHITE LN","WIBLE RD",0.00,,Y,B,-,N,,,,,,,,,,Y,4,0,3,3,A,-,09,21806,A,N,D,C,A,A,H,-,A,A,0,,,,,Y,,A,01,0,0,3,0,0,0,0,0,0,"- ","- ",35.317840576171875,-119.03917694091797,KERN,BAKERSFIELD,-119.03909301757812,35.317790985107422
8588603,2018,2018-04-04,1506,2018-03-04,1639,3673,KERN,7,5,4,1506,0,0,0,,0,028,"N NORMA ST","COSO AV",11.00,W,N,A,-,N,,,,,,,,,,Y,3,0,1,1,A,-,01,23152,,M,E,I,A,A,H,-,A,D,0,,,,,Y,,D,22,0,1,0,0,0,0,0,0,0,"- ","- ",,,KERN,RIDGECREST,-117.67881011962891,35.627979278564453
8588757,2018,2018-08-06,1502,2018-03-08,1346,P17,,4,5,6,1502,0,0,0,,0,HILL,"MORNING DR","RT 178",69.00,S,N,A,-,Y,KER,6,178,-,R,7.603,R,4,E,N,4,0,2,2,A,-,03,22350,,N,C,C,A,A,H,-,A,A,0,,,,,Y,,D,22,0,0,2,0,0,0,0,0,0,"- ",EF,35.395320892333984,-118.91306304931641,KERN,BAKERSFIELD,-118.91564178466797,35.396869659423828
8588761,2018,2018-08-07,1502,2018-03-08,1600,P65,,4,5,6,1502,0,0,0,,0,NORTH,"CAMINO DEL RIO CT","ROSEDALE HWY",158.00,S,N,A,-,Y,KER,6,58,-,-,51.626,I,6,E,N,4,0,1,2,A,-,03,22350,,N,C,C,A,A,H,-,A,A,0,,,,,Y,,A,01,0,0,1,0,0,0,0,0,0,"- ","- ",33.382671356201172,-119.04791259765625,KERN,BAKERSFIELD,-119.04771423339844,35.383220672607422
8588765,2018,2018-06-28,1502,2018-03-08,2308,1268,,4,5,6,1502,0,0,0,,0,NORTH,"ROSEDALE HWY","COFFEE RD",0.00,,Y,A,-,N,,,,,,,,,,Y,4,0,1,2,A,-,09,21453,C,N,D,C,A,A,H,-,C,A,0,,,,,Y,,A,01,0,0,1,0,0,0,0,0,0,"- ","- ",35.383258819580078,-119.09237670898438,KERN,BAKERSFIELD,-119.09227752685547,35.383510589599609
8588769,2018,2018-08-06,1502,2018-03-10,1801,1265,,6,5,6,1502,0,0,0,,0,METRO,"18TH ST","UNION AV",0.00,,Y,C,-,Y,KER,6,204,-,-,3.560,I,5,S,Y,4,0,1,2,A,-,09,21801,A,N,D,C,A,B,H,-,C,A,0,,,,,Y,,A,01,0,0,1,0,0,0,0,0,0,"- ","- ",35.375659942626953,-119.00301361083984,KERN,BAKERSFIELD,-119.00291442871094,35.375263214111328
8588773,2018,2018-04-06,1502,2018-03-15,2303,1293,,4,5,6,1502,0,0,0,,0,HILL,"AUBURN ST","FAIRFAX RD",10.00,W,N,A,-,N,,,,,,,,,,N,4,0,1,2,-,-,"- ",,,N,C,C,A,A,H,-,C,A,0,,,,,Y,,-,"- ",0,0,1,0,0,0,0,0,0,"- ","- ",35.397850036621094,-118.92984771728516,KERN,BAKERSFIELD,-118.93004608154297,35.397979736328125
8588777,2018,2018-08-06,1502,2018-03-13,2156,1225,,2,5,6,1502,0,0,0,,0,HILL,"24TH ST","BUCK OWENS BL",0.00,,Y,B,-,Y,KER,6,178,-,-,0.073,I,5,W,Y,4,0,2,2,A,-,09,21453,C,N,D,C,A,A,H,-,C,A,0,,,,,Y,,A,07,0,0,2,0,0,0,0,0,0,"- ","- ",35.383171081542969,-119.04257202148438,KERN,BAKERSFIELD,-119.04318237304688,35.383045196533203
8588780,2018,2018-08-06,1502,2018-03-14,1534,1195,,3,5,6,1502,0,0,0,,0,METRO,"UNION AV","18TH ST",35.00,S,N,B,C,Y,KER,6,204,-,-,3.550,H,-,N,N,4,0,1,3,A,-,03,22350,,M,C,C,A,B,H,-,A,A,0,,,,,Y,,-,99,0,0,1,0,0,0,0,0,0,"- ","- ",35.375659942626953,-119.00301361083984,KERN,BAKERSFIELD,-119.00291442871094,35.375118255615234
8588781,2018,2018-07-06,1502,2018-03-06,1810,1258,,2,5,6,1502,0,0,0,,0,HILL,"24TH ST","OAK ST",285.00,W,N,A,-,N,,,,,,,,,,N,4,0,1,2,A,-,03,22350,,N,C,C,A,A,H,-,C,A,0,,,,,Y,,A,01,0,0,1,0,0,0,0,0,0,"- ","- ",35.381309509277344,-119.03804779052734,KERN,BAKERSFIELD,-119.03856658935547,35.381160736083984
8588784,2018,2018-08-06,1502,2018-03-09,0713,1077,,5,5,6,1502,0,0,0,,0,METRO,"24TH ST","Q ST",0.00,,Y,A,-,Y,KER,6,178,-,S,1.959,I,5,E,N,4,0,3,2,A,-,12,21453,A,N,D,C,A,A,H,-,A,A,0,,,,,Y,,A,01,0,0,3,0,0,0,0,0,0,"- ","- ",35.380878448486328,-119.01001739501953,KERN,BAKERSFIELD,-119.01044464111328,35.3809814453125
8588788,2018,2018-07-06,1502,2018-03-14,0846,P75,,3,5,6,1502,0,0,0,,0,VALLEY,"UNION AV","PANAMA LN",0.00,,Y,B,-,N,,,,,,,,,,Y,3,0,2,2,A,-,12,21453,A,N,D,C,A,A,H,-,A,A,0,,,,,Y,,A,01,0,1,1,0,0,0,0,0,0,"- ","- ",35.295749664306641,-119.00354766845703,KERN,BAKERSFIELD,-119.00315093994141,35.295890808105469
8589023,2018,2018-04-06,1502,2018-03-21,1628,1213,,3,5,6,1502,0,0,0,,0,METRO,"KENTUCKY ST","HALEY ST",32.00,E,N,C,-,N,,,,,,,,,,Y,3,0,3,3,A,-,09,21802,,N,C,C,A,B,H,-,A,A,0,,,,,Y,,A,07,0,2,1,0,0,0,0,0,0,"- ","- ",35.376518249511719,-118.98146057128906,KERN,BAKERSFIELD,-118.9813232421875,35.376247406005859
8589027,2018,2018-04-06,1502,2018-03-23,0831,P75,,5,5,6,1502,0,0,0,,0,HILL,"MOUNT VERNON AV","RIDGE RD",102.00,S,N,A,-,N,,,,,,,,,,Y,3,0,3,3,A,-,03,22350,,N,C,C,A,A,H,-,A,A,0,,,,,Y,,A,07,0,1,2,0,0,0,0,0,0,"- ","- ",35.386760711669922,-118.96742248535156,KERN,BAKERSFIELD,-118.96754455566406,35.386371612548828
8589039,2018,2018-04-06,1502,2018-03-26,1318,1211,,1,5,6,1502,0,0,0,,0,METRO,"CALIFORNIA AV","OLEANDER AV",0.00,,Y,A,-,N,,,,,,,,,,Y,4,0,1,2,A,-,12,21453,A,N,D,C,A,A,H,-,A,A,0,,,,,Y,,A,01,0,0,1,0,0,0,0,0,0,"- ","- ",35.368568420410156,-119.02500915527344,KERN,BAKERSFIELD,-119.02539825439453,35.36859130859375