CASE_ID,ACCIDENT_YEAR,PROC_DATE,JURIS,COLLISION_DATE,COLLISION_TIME,OFFICER_ID,REPORTING_DISTRICT,DAY_OF_WEEK,CHP_SHIFT,POPULATION,CNTY_CITY_LOC,SPECIAL_COND,BEAT_TYPE,CHP_BEAT_TYPE,CITY_DIVISION_LAPD,CHP_BEAT_CLASS,BEAT_NUMBER,PRIMARY_RD,SECONDARY_RD,DISTANCE,DIRECTION,INTERSECTION,WEATHER_1,WEATHER_2,STATE_HWY_IND,CALTRANS_COUNTY,CALTRANS_DISTRICT,STATE_ROUTE,ROUTE_SUFFIX,POSTMILE_PREFIX,POSTMILE,LOCATION_TYPE,RAMP_INTERSECTION,SIDE_OF_HWY,TOW_AWAY,COLLISION_SEVERITY,NUMBER_KILLED,NUMBER_INJURED,PARTY_COUNT,PRIMARY_COLL_FACTOR,PCF_CODE_OF_VIOL,PCF_VIOL_CATEGORY,PCF_VIOLATION,PCF_VIOL_SUBSECTION,HIT_AND_RUN,TYPE_OF_COLLISION,MVIW,PED_ACTION,ROAD_SURFACE,ROAD_COND_1,ROAD_COND_2,LIGHTING,CONTROL_DEVICE,CHP_ROAD_TYPE,PEDESTRIAN_ACCIDENT,BICYCLE_ACCIDENT,MOTORCYCLE_ACCIDENT,TRUCK_ACCIDENT,NOT_PRIVATE_PROPERTY,ALCOHOL_INVOLVED,STWD_VEHTYPE_AT_FAULT,CHP_VEHTYPE_AT_FAULT,COUNT_SEVERE_INJ,COUNT_VISIBLE_INJ,COUNT_COMPLAINT_PAIN,COUNT_PED_KILLED,COUNT_PED_INJURED,COUNT_BICYCLIST_KILLED,COUNT_BICYCLIST_INJURED,COUNT_MC_KILLED,COUNT_MC_INJURED,PRIMARY_RAMP,SECONDARY_RAMP,LATITUDE,LONGITUDE,COUNTY,CITY,POINT_X,POINT_Y
8700527,2018,2018-09-20,1502,2018-09-03,1039,P63,,1,5,6,1502,0,0,0,,0,CENTRA,"STOCKDALE HWY","RIO BRAVO DR",0.00,,Y,A,-,N,,,,,,,,,,Y,3,0,2,3,A,-,12,21453,A,N,D,C,A,A,H,-,A,A,0,,,,,Y,,A,01,0,1,1,0,0,0,0,0,0,"- ","- ",35.354240417480469,-119.06880187988281,KERN,BAKERSFIELD,-119.06925964355469,35.354469299316406
8700581,2018,2018-09-26,1502,2018-09-16,1755,P63,,7,5,6,1502,0,0,0,,0,NORTH,"7TH STANDARD RD","ZERKER RD",0.00,,Y,A,-,N,,,,,,,,,,Y,4,0,4,2,A,-,12,21453,A,N,D,C,A,A,H,-,B,A,0,,,,,Y,,D,22,0,0,4,0,0,0,0,0,0,"- ","- ",35.442008972167969,-119.15367126464844,KERN,BAKERSFIELD,-119.15435791015625,35.441688537597656
8700609,2018,2018-11-15,1502,2018-09-11,1545,P63,,2,5,6,1502,0,0,0,,0,HILL,"BERNARD ST","UNION AV",0.00,,Y,A,-,N,,,,,,,,,,N,3,0,1,3,A,-,09,21804,A,N,H,G,A,A,H,-,A,A,0,,Y,,,Y,,L,04,0,1,0,0,0,0,1,0,0,"- ","- ",35.390640258789062,-119.02800750732422,KERN,BAKERSFIELD,-119.00279235839844,35.390308380126953
8700741,2018,2018-12-27,1507,2018-09-11,1549,271,18,2,5,3,1507,0,0,0,,0,,"CENTRAL VALLEY HWY","CENTRAL VALLEY HWY 600",0.00,,Y,A,-,Y,KER,6,43,-,-,16.240,H,-,S,Y,2,0,1,1,C,-,18,,,N,E,I,A,A,H,-,A,D,0,,,,,Y,,-,"- ",1,0,0,0,0,0,0,0,0,"- ","- ",35.490699768066406,-119.25908660888672,KERN,SHAFTER,-119.26640319824219,35.496669769287109
8701011,2018,2018-10-17,1502,2018-08-24,1848,1249,,5,5,6,1502,0,0,0,,0,VALLEY,"WHITE LN","HUGHES LN",0.00,,Y,A,-,N,,,,,,,,,,Y,4,0,1,2,A,-,12,21453,A,N,D,C,A,A,H,-,B,A,0,,,,,Y,,A,01,0,0,1,0,0,0,0,0,0,"- ","- ",35.3177490234375,-119.03029632568359,KERN,BAKERSFIELD,-119.03009033203125,35.317729949951172
8702428,2018,2018-10-02,1502,2018-07-21,0117,1167,,6,5,6,1502,0,0,0,,0,VALLEY,"PLANZ RD","H ST",345.00,E,N,A,-,N,,,,,,,,,,Y,2,0,1,1,A,-,01,23152,A,N,E,I,A,A,H,-,C,A,0,,,,,Y,Y,A,01,1,0,0,0,0,0,0,0,0,"- ","- ",35.324920654296875,-119.02133178710938,KERN,BAKERSFIELD,-119.02019500732422,35.324901580810547
8703956,2018,2018-10-09,1506,2018-09-05,1240,1712,44,3,5,4,1506,0,0,0,,0,,"S NORMA ST","DEWALT AV",0.00,,Y,A,-,N,,,,,,,,,,Y,4,0,1,2,A,-,09,21801,A,N,D,C,A,A,H,-,A,D,0,,,,,Y,,-,,0,0,1,0,0,0,0,0,0,"- ","- ",,,KERN,RIDGECREST,-117.67903137207031,35.612049102783203
8704082,2018,2018-10-08,1502,2018-09-14,2017,P53,,5,5,6,1502,0,0,0,,0,SOUTH,"HARRIS RD","SARA JANE ST",0.00,,Y,A,-,N,,,,,,,,,,Y,4,0,2,3,A,-,08,22107,,N,C,E,A,A,H,-,C,D,0,,,,,Y,,D,22,0,0,2,0,0,0,0,0,0,"- ","- ",35.302890777587891,-119.04149627685547,KERN,BAKERSFIELD,-119.04126739501953,35.303150177001953
8704086,2018,2018-11-06,1502,2018-09-15,1129,1211,,6,5,6,1502,0,0,0,,0,NORTH,"CALLOWAY DR","MEACHAM RD",50.00,N,N,A,-,N,,,,,,,,,,N,4,0,2,3,A,-,03,22350,,N,C,C,A,A,D,-,A,A,0,,,,,Y,,A,01,0,0,2,0,0,0,0,0,0,"- ","- ",35.390750885009766,-119.11003875732422,KERN,BAKERSFIELD,-119.11005401611328,35.390876770019531
8704098,2018,2018-10-08,1502,2018-09-19,1215,P65,,3,5,6,1502,0,0,0,,0,CENTRA,"MING AV","GREENSWARD WY",0.00,,Y,A,-,N,,,,,,,,,,Y,3,0,2,2,A,-,09,21801,A,N,D,C,A,A,H,-,A,D,0,,,,,Y,,D,22,0,1,1,0,0,0,0,0,0,"- ","- ",35.334781646728516,-119.07218170166016,KERN,BAKERSFIELD,-119.0723876953125,35.334869384765625
8704102,2018,2018-10-08,1502,2018-09-21,0849,P17,,5,5,6,1502,0,0,0,,0,CENTRA,"STOCKDALE HWY","EL RIO DR",115.00,E,N,A,-,N,,,,,,,,,,Y,3,0,1,1,A,-,03,22350,,N,E,I,A,A,H,-,A,A,0,,,,,Y,,D,22,0,1,0,0,0,0,0,0,0,"- ","- ",35.35443115234375,-119.08229064941406,KERN,BAKERSFIELD,-119.08243560791016,35.354301452636719
8704106,2018,2018-10-09,1502,2018-09-21,2007,1188,,5,5,6,1502,0,0,0,,0,,"S P ST","BELLE TERRACE",236.00,N,N,A,-,N,,,,,,,,,,N,3,0,3,5,A,-,08,22107,,N,G,B,E,A,H,-,D,D,0,Y,,,,Y,,A,07,0,3,0,0,3,0,0,0,0,"- ","- ",35.346630096435547,-119.01171875,KERN,BAKERSFIELD,-119.01185607910156,35.347335815429688
8704114,2018,2018-11-06,1502,2018-09-22,1106,1211,,6,5,6,1502,0,0,0,,0,SOUTH,"HARRIS RD","YOUNG ST",670.00,E,N,A,-,N,,,,,,,,,,Y,4,0,2,2,A,-,09,21804,A,N,D,C,A,A,H,-,A,D,0,,,,,Y,,D,22,0,0,2,0,0,0,0,0,0,"- ","- ",35.303638458251953,-119.09886932373047,KERN,BAKERSFIELD,-119.09642791748047,35.30340576171875
8704167,2018,2018-10-02,1502,2018-09-24,1550,P63,,1,5,6,1502,0,0,0,,0,METRO,"M ST","20TH ST",0.00,,Y,A,-,N,,,,,,,,,,Y,4,0,2,2,A,-,09,21801,A,N,D,C,A,A,H,-,A,A,0,,,,,Y,,A,01,0,0,2,0,0,0,0,0,0,"- ","- ",35.377128601074219,-119.01473999023438,KERN,BAKERSFIELD,-119.01526641845703,35.377170562744141
8704171,2018,2018-10-02,1502,2018-09-24,1031,1283,,1,5,6,1502,0,0,0,,0,METRO,"CHESTER AV","23RD ST",0.00,,Y,A,-,N,,,,,,,,,,Y,4,0,3,2,A,-,12,21453,A,N,D,C,A,A,H,-,A,A,0,,,,,Y,,A,01,0,0,3,0,0,0,0,0,0,"- ","- ",35.380020141601562,-119.01822662353516,KERN,BAKERSFIELD,-119.01886,35.380049999999997
8704175,2018,2018-10-02,1502,2018-09-22,0850,P82,,6,5,6,1502,0,0,0,,0,HILL,"CHESTER AV","36TH ST",182.00,N,N,A,-,N,,,,,,,,,,Y,4,0,1,2,A,-,06,21755,,N,B,C,A,A,H,-,A,D,0,,,,,Y,,A,07,0,0,1,0,0,0,0,0,0,"- ","- ",35.392978668212891,-119.01863861083984,KERN,BAKERSFIELD,-119.01866149902344,35.392898559570312
8704179,2018,2018-10-02,1502,2018-09-21,1827,1188,,5,5,6,1502,0,0,0,,0,METRO,"HALEY ST","TRUXTUN AV",0.00,,Y,A,-,N,,,,,,,,,,N,4,0,1,2,A,-,09,21802,A,N,D,C,A,A,H,-,A,A,0,,,,,Y,,A,01,0,0,1,0,0,0,0,0,0,"- ","- ",35.373489379882812,-118.98258209228516,KERN,BAKERSFIELD,-118.98239898681641,35.373218536376953
8704183,2018,2018-10-02,1502,2018-09-21,0815,1211,,5,5,6,1502,0,0,0,,0,HILL,"ALTA VISTA DR","NILES ST",0.00,,Y,A,-,N,,,,,,,,,,Y,4,0,2,2,A,-,12,21453,A,N,D,C,A,A,H,-,A,A,0,,,,,Y,,-,"- ",0,0,2,0,0,0,0,0,0,"- ","- ",35.384349822998047,-118.99707794189453,KERN,BAKERSFIELD,-118.99704742431641,35.383991241455078
8704187,2018,2018-10-02,1502,2018-09-20,1712,P53,,4,5,6,1502,0,0,0,,0,SOUTH,"HARRIS RD","YOUNG ST",680.00,E,N,A,-,N,,,,,,,,,,Y,4,0,3,2,A,-,09,21804,A,N,D,C,A,A,H,-,A,D,0,,,,,Y,,A,01,0,0,3,0,0,0,0,0,0,"- ","- ",35.303638458251953,-119.09886932373047,KERN,BAKERSFIELD,-119.09639739990234,35.30340576171875
8704191,2018,2018-10-02,1502,2018-09-19,2115,1185,,3,5,6,1502,0,0,0,,0,SOUTH,"PANAMA LN","WIBLE RD",425.00,W,N,A,-,N,,,,,,,,,,N,4,0,2,2,A,-,03,22350,,N,C,C,A,A,H,-,C,-,0,,,,,Y,,-,99,0,0,2,0,0,0,0,0,0,"- ","- ",35.295600891113281,-119.03926086425781,KERN,BAKERSFIELD,-119.04048919677734,35.295978546142578
8704195,2018,2018-10-02,1502,2018-09-19,1655,1185,,3,5,6,1502,0,0,0,,0,METRO,"BROWN ST","PACIFIC ST",0.00,,Y,A,-,N,,,,,,,,,,N,4,0,1,2,A,-,09,21800,B,N,D,D,A,A,H,-,A,D,0,,,,,Y,,A,01,0,0,1,0,0,0,0,0,0,"- ","- ",35.381401062011719,-118.97798156738281,KERN,BAKERSFIELD,-118.97792816162109,35.381168365478516
8704199,2018,2018-10-02,1502,2018-09-18,1529,P75,,2,5,6,1502,0,0,0,,0,HILL,"OSWELL ST","MALL VIEW RD",78.00,S,N,A,-,N,,,,,,,,,,N,3,0,1,1,A,-,03,22350,,N,F,I,A,A,H,-,A,D,0,,,Y,,Y,,C,02,0,1,0,0,0,0,0,0,1,"- ","- ",35.39385986328125,-118.94966888427734,KERN,BAKERSFIELD,-118.94989776611328,35.393646240234375
8704203,2018,2018-10-17,1502,2018-09-11,1345,1258,,2,5,6,1502,0,0,0,,0,METRO,"DR MARTIN LUTHER KING BL","VIRGINIA AV",0.00,,Y,A,-,N,,,,,,,,,,N,3,0,1,2,A,-,09,21802,A,N,H,G,A,A,H,-,A,A,0,,Y,,,Y,,-,"- ",0,1,0,0,0,0,1,0,0,"- ","- ",35.36151123046875,-118.98551940917969,KERN,BAKERSFIELD,-118.98523712158203,35.361198425292969
8704207,2018,2018-10-02,1502,2018-09-19,1721,P53,,3,5,6,1502,0,0,0,,0,,"PLANZ RD","CHUMLEY ST",152.00,W,N,A,-,N,,,,,,,,,,Y,4,0,1,2,A,-,03,22350,,N,C,C,A,A,H,-,A,A,0,,,,,Y,,A,01,0,0,1,0,0,0,0,0,0,"- ","- ",35.325119018554688,-119.04006195068359,KERN,BAKERSFIELD,-119.04043579101562,35.324966430664062
8704211,2018,2018-10-02,1502,2018-09-19,1147,P24,,3,5,6,1502,0,0,0,,0,METRO,"BRUNDAGE LN","U ST",0.00,,Y,A,-,N,,,,,,,,,,Y,4,0,2,2,A,-,09,21801,A,N,D,C,A,A,H,-,A,A,0,,,,,Y,,A,01,0,0,2,0,0,0,0,0,0,"- ","- ",35.353790283203125,-119.00624084472656,KERN,BAKERSFIELD,-119.00643920898438,35.353908538818359
8704215,2018,2018-10-02,1502,2018-09-19,0818,1211,,3,5,6,1502,0,0,0,,0,SOUTH,"AKERS RD","SERENE OAK DR",94.00,S,N,A,-,N,,,,,,,,,,Y,4,0,2,2,A,-,03,22350,,N,C,C,A,A,H,-,A,A,0,,,,,Y,,A,01,0,0,2,0,0,0,0,0,0,"- ","- ",35.287609100341797,-119.04823303222656,KERN,BAKERSFIELD,-119.0477294921875,35.287582397460938
8704219,2018,2018-10-02,1502,2018-09-18,1539,1149,,2,5,6,1502,0,0,0,,0,SOUTH,"HARRIS RD","DESERT VILLA WY",0.00,,Y,A,-,N,,,,,,,,,,N,3,0,1,2,A,-,09,21802,,N,H,G,A,A,H,-,A,A,0,,Y,,,Y,,L,04,0,1,0,0,0,0,1,0,0,"- ","- ",,,KERN,BAKERSFIELD,-119.12342071533203,35.303440093994141
8704223,2018,2018-10-02,1502,2018-09-18,1408,P63,,2,5,6,1502,0,0,0,,0,SOUTH,"DISTRICT BL","ASHE RD",1266.00,E,N,A,-,N,,,,,,,,,,Y,4,0,2,2,A,-,09,21801,A,N,D,C,A,A,H,-,A,D,0,,,,,Y,,A,01,0,0,2,0,0,0,0,0,0,"- ","- ",35.313129425048828,-119.07450866699219,KERN,BAKERSFIELD,-119.07021331787109,35.313091278076172
8704227,2018,2018-10-02,1502,2018-09-18,1043,P24,,2,5,6,1502,0,0,0,,0,NORTH,"MOHAWK ST","WESTSIDE PKWY",22.00,S,N,A,-,N,,,,,,,,,,Y,4,0,1,2,A,-,03,22350,,N,C,C,A,A,H,-,A,A,0,,,,,Y,,A,01,0,0,1,0,0,0,0,0,0,"- ","- ",35.369731903076172,-119.06630706787109,KERN,BAKERSFIELD,-119.06599426269531,35.371658325195312
8704231,2018,2018-10-02,1502,2018-09-18,1006,P45,,2,5,6,1502,0,0,0,,0,METRO,"TRUXTUN AV","BROWN ST",0.00,,Y,A,-,N,,,,,,,,,,N,3,0,2,2,A,-,09,21802,A,N,D,C,A,A,H,-,A,A,0,,,,,Y,,A,07,0,1,1,0,0,0,0,0,0,"- ","- ",35.373409271240234,-118.98092651367188,KERN,BAKERSFIELD,-118.98078918457031,35.373161315917969
8704235,2018,2018-10-15,1502,2018-09-18,0635,1077,,2,5,6,1502,0,0,0,,0,HILL,"GOLDEN STATE AV","M ST",0.00,,Y,A,-,N,,,204,,,,,,,Y,4,0,3,2,A,-,12,21453,A,N,D,C,A,A,H,-,A,A,0,,,,,Y,,-,"- ",0,0,3,0,0,0,0,0,0,"- ","- ",35.384750366210938,-119.01460266113281,KERN,BAKERSFIELD,-119.01473236083984,35.384521484375
8704239,2018,2018-10-02,1502,2018-09-15,1603,1258,,6,5,6,1502,0,0,0,,0,VALLEY,"LOTUS LN","CASA LOMA DR",230.00,S,N,A,-,N,,,,,,,,,,Y,4,0,1,2,A,-,09,21801,A,M,D,C,A,A,H,-,A,D,0,,,,,Y,,A,01,0,0,1,0,0,0,0,0,0,"- ","- ",35.339210510253906,-118.98982238769531,KERN,BAKERSFIELD,-118.98985290527344,35.338855743408203
8705188,2018,2018-10-09,1502,2018-09-15,0049,1213,,6,5,6,1502,0,0,0,,0,CENTRA,"STOCKDALE HWY","STINE RD",215.00,E,N,A,-,N,,,,,,,,,,N,4,0,2,2,A,-,03,22350,,M,C,C,A,A,H,-,A,D,0,,,,,Y,,-,99,0,0,2,0,0,0,0,0,0,"- ","- ",35.354400634765625,-119.04759979248047,KERN,BAKERSFIELD,-119.047119140625,35.354248046875
8705196,2018,2018-10-09,1502,2018-09-14,1448,1268,,5,5,6,1502,0,0,0,,0,CENTRA,"CORVALLIS LN","FRENCHGLEN CT",373.00,N,N,A,-,N,,,,,,,,,,N,4,0,1,2,A,-,01,23152,A,N,C,C,A,A,H,-,A,D,0,,,,,Y,,A,01,0,0,1,0,0,0,0,0,0,"- ","- ",35.325740814208984,-119.07511138916016,KERN,BAKERSFIELD,-119.0751953125,35.326732635498047
8705200,2018,2018-10-09,1502,2018-09-13,0837,P65,,4,5,6,1502,0,0,0,,0,CENTRA,"MING AV","STINE RD",0.00,,Y,A,-,N,,,,,,,,,,Y,2,0,2,2,A,-,12,21453,A,N,D,C,A,A,H,-,A,A,0,,,,,Y,,A,01,1,0,1,0,0,0,0,0,0,"- ","- ",35.339820861816406,-119.05039978027344,KERN,BAKERSFIELD,-119.05048370361328,35.339481353759766
8705201,2018,2018-10-08,1502,2018-09-13,0616,P65,,4,5,6,1502,0,0,0,,0,METRO,"21ST ST","K ST",33.00,N,N,A,-,N,,,,,,,,,,N,3,0,1,2,A,-,10,21950,A,N,G,B,B,A,H,-,C,D,0,Y,,,,Y,,A,01,0,1,0,0,1,0,0,0,0,"- ","- ",35.378108978271484,-119.01705169677734,KERN,BAKERSFIELD,-119.017578125,35.378108978271484
8705205,2018,2018-10-08,1502,2018-09-10,0817,1077,,1,5,6,1502,0,0,0,,0,VALLEY,"BRUNDAGE LN","QUANTICO AV",306.00,W,N,A,-,N,,,,,,,,,,Y,4,0,2,2,A,-,03,22350,,N,C,C,A,A,H,-,A,D,0,,,,,Y,,A,01,0,0,2,0,0,0,0,0,0,"- ","- ",35.354209899902344,-118.95902252197266,KERN,BAKERSFIELD,-118.95966339111328,35.354103088378906
8707397,2018,2018-10-15,1502,2018-09-28,1236,1195,,5,5,6,1502,0,0,0,,0,VALLEY,"COTTONWOOD RD","WHITE LN",0.00,,Y,A,-,N,,,,,,,,,,Y,4,0,3,2,A,-,05,21752,D,N,D,C,A,A,H,-,A,A,0,,,,,Y,,D,22,0,0,3,0,0,0,0,0,0,"- ","- ",35.317401885986328,-118.98565673828125,KERN,BAKERSFIELD,-118.98542785644531,35.317691802978516
8707401,2018,2018-10-15,1502,2018-09-18,1619,1213,,2,5,6,1502,0,0,0,,0,METRO,"GOLDEN STATE AV","24TH ST",11.00,E,N,A,-,N,,,,,,,,,,Y,3,0,1,1,A,-,08,22107,,M,E,I,A,A,H,-,A,D,0,,,,,Y,,D,22,0,1,0,0,0,0,0,0,0,"- ","- ",,,KERN,BAKERSFIELD,-119.00666046142578,35.380916595458984
8707405,2018,2018-10-15,1502,2018-09-20,1632,1265,,4,5,6,1502,0,0,0,,0,VALLEY,"PANAMA LN","SPARKS ST",120.00,W,N,A,-,N,,,,,,,,,,N,4,0,2,5,A,-,03,22350,,N,C,C,A,A,H,-,A,D,0,,,,,Y,,D,22,0,0,2,0,0,0,0,0,0,"- ","- ",35.295719146728516,-118.99935150146484,KERN,BAKERSFIELD,-118.99464416503906,35.295894622802734
8707443,2018,2018-10-16,1502,2018-09-25,1941,P63,,2,5,6,1502,0,0,0,,0,SOUTH,"GOSFORD RD","DISTRICT BL",0.00,,Y,A,-,N,,,,,,,,,,Y,4,0,1,3,A,-,03,22350,,M,C,C,A,A,H,-,C,A,0,,,,,Y,,A,07,0,0,1,0,0,0,0,0,0,"- ","- ",35.313331604003906,-119.09223175048828,KERN,BAKERSFIELD,-119.09226226806641,35.313140869140625
8707447,2018,2018-10-16,1502,2018-09-23,1521,P63,,7,5,6,1502,0,0,0,,0,SOUTH,"HARRIS RD","SUMMER SPRINGS DR",33.00,W,N,A,-,N,,,,,,,,,,Y,3,0,4,3,A,-,03,22350,,N,C,C,A,A,H,-,A,A,0,,,,,Y,,A,01,0,1,3,0,0,0,0,0,0,"- ","- ",35.303211212158203,-119.06578063964844,KERN,BAKERSFIELD,-119.065673828125,35.303249359130859
8707451,2018,2018-10-16,1502,2018-09-23,2240,1225,,7,5,6,1502,0,0,0,,0,VALLEY,"BELLE TERRACE","DAWN ST",163.00,W,N,A,-,N,,,,,,,,,,Y,4,0,1,2,A,-,09,21804,A,F,D,C,A,A,H,-,C,D,0,,,,,Y,,-,99,0,0,1,0,0,0,0,0,0,"- ","- ",35.346588134765625,-119.00678253173828,KERN,BAKERSFIELD,-119.00745391845703,35.346698760986328
8707455,2018,2018-11-06,1502,2018-09-24,1507,1213,,1,5,6,1502,0,0,0,,0,METRO,"24TH ST","F ST",0.00,,Y,A,-,N,,,,,,,,,,Y,4,0,1,2,A,-,12,21453,A,N,D,C,A,A,H,-,A,A,0,,,,,Y,,-,"- ",0,0,1,0,0,0,0,0,0,"- ","- ",35.381038665771484,-119.02291870117188,KERN,BAKERSFIELD,-119.02346038818359,35.381031036376953
8707459,2018,2018-10-16,1502,2018-09-25,1509,P75,,2,5,6,1502,0,0,0,,0,VALLEY,"MING AV","H ST",34.00,W,N,A,-,N,,,,,,,,,,N,4,0,1,2,A,-,03,22350,,N,C,C,A,A,H,-,A,A,0,,,,,Y,,A,08,0,0,1,0,0,0,0,0,0,"- ","- ",35.339450836181641,-119.02114105224609,KERN,BAKERSFIELD,-119.02142333984375,35.339439392089844
8707463,2018,2018-10-16,1502,2018-09-25,1655,1271,,2,5,6,1502,0,0,0,,0,METRO,"BRUNDAGE LN","L ST",37.00,W,N,A,-,N,,,,,,,,,,N,4,0,1,4,A,-,03,22350,,F,C,C,A,A,H,-,A,D,0,,,,,Y,,A,07,0,0,1,0,0,0,0,0,0,"- ","- ",35.353900909423828,-119.01631927490234,KERN,BAKERSFIELD,-119.01663970947266,35.353939056396484
8707487,2018,2018-10-16,1502,2018-09-28,1840,P53,,5,5,6,1502,0,0,0,,0,VALLEY,"WILSON RD","CALVIN ST",170.00,E,N,A,-,N,,,,,,,,,,N,4,0,1,3,A,-,03,22350,,N,C,C,A,A,H,-,B,A,0,,,,,Y,,A,01,0,0,1,0,0,0,0,0,0,"- ","- ",35.332298278808594,-119.03280639648438,KERN,BAKERSFIELD,-119.03223419189453,35.332183837890625
8707491,2018,2018-11-06,1502,2018-09-25,2020,1258,,2,5,6,1502,0,0,0,,0,VALLEY,"MING AV","HUGHES LN",0.00,,Y,A,-,N,,,,,,,,,,Y,4,0,1,2,A,-,12,21457,A,N,D,C,A,A,D,-,C,B,0,,,,,Y,,-,"- ",0,0,1,0,0,0,0,0,0,"- ","- ",35.339530944824219,-119.03002166748047,KERN,BAKERSFIELD,-119.03005981445312,35.33953857421875
8707495,2018,2018-10-16,1502,2018-09-29,1028,1195,,6,5,6,1502,0,0,0,,0,METRO,"KERN ST","MONTEREY ST",71.00,N,N,A,-,N,,,,,,,,,,N,2,0,1,2,A,-,21,22106,,F,G,B,E,A,H,-,A,D,0,Y,,,,Y,,-,99,1,0,0,0,1,0,0,0,0,"- ","- ",35.381690979003906,-118.99301910400391,KERN,BAKERSFIELD,-118.99290466308594,35.381507873535156
8707518,2018,2018-10-11,1502,2018-09-25,1802,P63,,2,5,6,1502,0,0,0,,0,METRO,"KING ST","KENTUCKY ST",0.00,,Y,A,-,N,,,,,,,,,,Y,3,0,1,2,A,-,09,21802,A,N,D,C,A,A,H,-,A,A,0,,,,,Y,,A,08,0,1,0,0,0,0,0,0,0,"- ","- ",37.378818511962891,-118.99070739746094,KERN,BAKERSFIELD,-118.99060821533203,35.378448486328125
8707684,2018,2018-10-16,1507,2018-10-02,0845,270,11,2,5,3,1507,0,0,0,,0,,"MARK AV","POTTER ST",80.00,W,N,A,-,N,,,,,,,,,,N,4,0,1,2,A,-,21,22106,,N,D,C,A,A,H,-,A,D,0,,,,,Y,,A,01,0,0,1,0,0,0,0,0,0,"- ","- ",35.503269195556641,-119.28842926025391,KERN,SHAFTER,-119.28831481933594,35.503482818603516
8707759,2018,2018-10-17,1507,2018-10-01,0946,256,200,1,5,3,1507,0,0,0,,0,,"ZERKER RD","SEVENTH STANDARD RD",11827.00,N,N,A,-,N,,,,,,,,,,N,4,0,1,2,A,-,03,22350,,N,C,C,A,A,H,-,A,D,0,,,,Y,Y,,A,01,0,0,1,0,0,0,0,0,0,"- ","- ",35.441669464111328,-119.15434265136719,KERN,SHAFTER,-119.15333557128906,35.474132537841797
8707889,2018,2018-12-17,1502,2018-09-14,0931,P17,,5,5,6,1502,0,0,0,,0,METRO,"23RD ST","L ST",0.00,,Y,A,-,N,,,,,,,,,,Y,3,0,1,2,A,-,08,22100,B,N,D,C,A,A,H,-,A,A,0,,,,,Y,,A,01,0,1,0,0,0,0,0,0,0,"- ","- ",35.380001068115234,-119.01584625244141,KERN,BAKERSFIELD,-119.01640319824219,35.380039215087891
8707893,2018,2018-12-27,1502,2018-09-20,0803,1211,,4,5,6,1502,0,0,0,,0,HILL,"MOUNT VERNON AV","RT 178",0.00,,Y,A,-,Y,KER,6,178,-,R,4.511,R,4,E,N,3,0,1,2,A,-,05,21650,1,N,H,G,A,A,H,-,A,A,0,,Y,,,Y,,L,04,0,1,0,0,0,0,1,0,0,"- ",EF,35.394168853759766,-118.96736907958984,KERN,BAKERSFIELD,-118.96941375732422,35.393886566162109
8708561,2018,2018-10-26,1502,2018-10-10,1516,P63,,3,5,6,1502,0,0,0,,0,HILL,"FLOWER ST","WEST DR",71.00,E,N,A,-,N,,,,,,,,,,N,4,0,1,2,A,-,05,21650,1,N,H,G,A,A,H,-,A,D,0,,Y,,,Y,,L,04,0,0,1,0,0,0,1,0,0,"- ","- ",35.382350921630859,-118.97257995605469,KERN,BAKERSFIELD,-118.97231292724609,35.382114410400391
8708604,2018,2018-10-29,1502,2018-09-08,1520,1195,,6,5,6,1502,0,0,0,,0,METRO,"MONTEREY ST","TULARE ST",24.00,W,N,A,-,N,,,,,,,,,,Y,4,0,1,5,A,-,09,21806,A,N,C,C,A,A,H,-,A,D,0,,,,,Y,,D,22,0,0,1,0,0,0,0,0,0,"- ","- ",35.382068634033203,-118.99455261230469,KERN,BAKERSFIELD,-118.99459075927734,35.381710052490234
8709770,2018,2018-10-30,1502,2018-09-28,1434,1268,,5,5,6,1502,0,0,0,,0,HILL,"ROSEDALE HWY","BUCK OWENS BL",104.00,W,N,A,-,Y,KER,6,178,-,-,0.060,H,-,E,N,4,0,1,2,A,-,03,22350,,N,C,C,A,A,H,-,A,A,0,,,,,Y,,D,22,0,0,1,0,0,0,0,0,0,"- ","- ",35.383171081542969,-119.04257202148438,KERN,BAKERSFIELD,-119.04339599609375,35.382915496826172
8709872,2018,2018-12-27,1502,2018-09-25,1958,P63,,2,5,6,1502,0,0,0,,0,NORTH,"GIBSON ST","ROSEDALE HWY",0.00,,Y,A,-,Y,KER,6,58,-,-,51.380,I,5,W,N,3,0,1,2,A,-,11,21954,A,N,G,B,D,A,H,-,C,A,0,Y,,,,Y,Y,N,60,0,1,0,0,1,0,0,0,0,"- ","- ",35.382778167724609,-119.05229949951172,KERN,BAKERSFIELD,-119.05211639404297,35.383285522460938
8709876,2018,2018-11-15,1502,2018-09-22,1104,1268,,6,5,6,1502,0,0,0,,0,METRO,"BRUNDAGE LN","MOUNT VERNON AV",973.00,E,N,A,-,N,,,,,,,,,,Y,4,0,2,2,A,-,08,22107,,N,D,C,A,A,H,-,A,D,0,,,,,Y,,D,22,0,0,2,0,0,0,0,0,0,"- ","- ",35.354228973388672,-118.96787261962891,KERN,BAKERSFIELD,-118.96434783935547,35.354076385498047