CASE_ID,ACCIDENT_YEAR,PROC_DATE,JURIS,COLLISION_DATE,COLLISION_TIME,OFFICER_ID,REPORTING_DISTRICT,DAY_OF_WEEK,CHP_SHIFT,POPULATION,CNTY_CITY_LOC,SPECIAL_COND,BEAT_TYPE,CHP_BEAT_TYPE,CITY_DIVISION_LAPD,CHP_BEAT_CLASS,BEAT_NUMBER,PRIMARY_RD,SECONDARY_RD,DISTANCE,DIRECTION,INTERSECTION,WEATHER_1,WEATHER_2,STATE_HWY_IND,CALTRANS_COUNTY,CALTRANS_DISTRICT,STATE_ROUTE,ROUTE_SUFFIX,POSTMILE_PREFIX,POSTMILE,LOCATION_TYPE,RAMP_INTERSECTION,SIDE_OF_HWY,TOW_AWAY,COLLISION_SEVERITY,NUMBER_KILLED,NUMBER_INJURED,PARTY_COUNT,PRIMARY_COLL_FACTOR,PCF_CODE_OF_VIOL,PCF_VIOL_CATEGORY,PCF_VIOLATION,PCF_VIOL_SUBSECTION,HIT_AND_RUN,TYPE_OF_COLLISION,MVIW,PED_ACTION,ROAD_SURFACE,ROAD_COND_1,ROAD_COND_2,LIGHTING,CONTROL_DEVICE,CHP_ROAD_TYPE,PEDESTRIAN_ACCIDENT,BICYCLE_ACCIDENT,MOTORCYCLE_ACCIDENT,TRUCK_ACCIDENT,NOT_PRIVATE_PROPERTY,ALCOHOL_INVOLVED,STWD_VEHTYPE_AT_FAULT,CHP_VEHTYPE_AT_FAULT,COUNT_SEVERE_INJ,COUNT_VISIBLE_INJ,COUNT_COMPLAINT_PAIN,COUNT_PED_KILLED,COUNT_PED_INJURED,COUNT_BICYCLIST_KILLED,COUNT_BICYCLIST_INJURED,COUNT_MC_KILLED,COUNT_MC_INJURED,PRIMARY_RAMP,SECONDARY_RAMP,LATITUDE,LONGITUDE,COUNTY,CITY,POINT_X,POINT_Y
8758439,2018,2019-01-24,1508,2018-11-26,1045,84,3B,1,5,2,1508,0,0,0,,0,,"10TH ST","CENTER ST",0.00,,Y,A,-,N,,,,,,,,,,N,3,0,1,2,A,-,09,21802,A,N,D,C,A,A,H,-,A,D,0,,,,,Y,,A,01,0,1,0,0,0,0,0,0,0,"- ","- ",35.143169403076172,-119.46498107910156,KERN,TAFT,-119.46514129638672,35.142841339111328
8758444,2018,2018-12-18,1502,2018-10-04,0714,1211,,4,5,6,1502,0,0,0,,0,SOUTH,"MC KEE RD","AKERS RD",23.00,E,N,A,-,N,,,,,,,,,,Y,2,0,1,2,A,-,03,22350,,N,G,B,B,A,H,-,A,A,0,Y,,,,Y,,A,01,1,0,0,0,1,0,0,0,0,"- ","- ",35.272998809814453,-119.04799652099609,KERN,BAKERSFIELD,-119.04774475097656,35.27423095703125
8758479,2018,2019-01-24,1508,2018-11-17,1811,110,4B,6,5,2,1508,0,0,0,,0,,"SAN EMIDIO ST","10TH ST",0.00,,Y,A,-,N,,,,,,,,,,N,3,0,1,2,A,-,10,21950,A,N,G,B,B,A,H,-,C,A,0,Y,,,,Y,,A,01,0,1,0,0,1,0,0,0,0,"- ","- ",35.146820068359375,-119.46515655517578,KERN,TAFT,-119.46514892578125,35.146808624267578
8758735,2018,2019-01-10,1502,2018-11-16,1740,1265,,5,5,6,1502,0,0,0,,0,VALLEY,"HUGHES LN","PATTI CT",80.00,N,N,A,-,N,,,,,,,,,,Y,3,0,1,2,A,-,09,21804,A,N,C,C,A,A,H,-,C,D,0,,,Y,,Y,,A,07,0,1,0,0,0,0,0,0,1,"- ","- ",35.319000244140625,-119.03019714355469,KERN,BAKERSFIELD,-119.03008270263672,35.319828033447266
8758739,2018,2019-01-10,1502,2018-11-24,0944,P17,,6,5,6,1502,0,0,0,,0,HILL,"FAIRFAX RD","COLLEGE AV",418.00,N,N,C,-,N,,,,,,,,,,Y,3,0,1,1,A,-,03,22350,,N,E,I,A,B,H,-,A,D,0,,,,,Y,,A,01,0,1,0,0,0,0,0,0,0,"- ","- ",35.382999420166016,-118.93019866943359,KERN,BAKERSFIELD,-118.93013763427734,35.384471893310547
8758743,2018,2019-01-10,1502,2018-11-29,1717,1185,,4,5,6,1502,0,0,0,,0,CENTRA,"TRUXTUN AV","TRUXTON PLZ",0.00,,Y,B,C,N,,,,,,,,,,N,4,0,1,2,A,-,12,21453,A,N,D,C,A,B,H,-,C,A,0,,,,,Y,,-,99,0,0,1,0,0,0,0,0,0,"- ","- ",35.36199951171875,-119.07199859619141,KERN,BAKERSFIELD,-119.07350158691406,35.362491607666016
8758747,2018,2019-01-10,1502,2018-11-29,1935,1185,,4,5,6,1502,0,0,0,,0,METRO,"BEALE AV","TRUXTUN AV",56.00,E,N,B,C,N,,,,,,,,,,N,4,0,1,3,A,-,03,22350,,N,C,C,A,B,H,-,C,A,0,,,,,Y,,-,99,0,0,1,0,0,0,0,0,0,"- ","- ",35.374000549316406,-118.99099731445312,KERN,BAKERSFIELD,-118.99123382568359,35.374092102050781
8758751,2018,2019-01-10,1502,2018-11-30,0939,P17,,5,5,6,1502,0,0,0,,0,HILL,"24TH ST","D ST",0.00,,Y,B,-,N,,,,,,,,,,Y,4,0,2,2,A,-,08,22100,B,N,D,C,A,A,D,-,A,A,0,,,,,Y,,A,07,0,0,2,0,0,0,0,0,0,"- ","- ",35.381000518798828,-119.02500152587891,KERN,BAKERSFIELD,-119.02578735351562,35.381031036376953
8758801,2018,2018-12-21,1502,2018-11-20,1618,P63,,2,5,6,1502,0,0,0,,0,METRO,"CHESTER AV","TRUXTON AV",50.00,S,N,A,-,N,,,,,,,,,,N,4,0,2,2,A,-,03,22350,,N,C,C,A,A,H,-,B,D,0,,,,,Y,,A,08,0,0,2,0,0,0,0,0,0,"- ","- ",35.373310089111328,-119.01834869384766,KERN,BAKERSFIELD,-119.01889801025391,35.373134613037109
8758805,2018,2018-12-21,1502,2018-11-20,1809,1181,,2,5,6,1502,0,0,0,,0,SOUTH,"WHITE LN","OLD RIVER RD",0.00,,Y,A,-,N,,,,,,,,,,N,3,0,1,2,A,-,09,21453,C,N,D,C,A,A,H,-,C,A,0,,,Y,,Y,,A,01,0,1,0,0,0,0,0,0,1,"- ","- ",35.325531005859375,-119.10923004150391,KERN,BAKERSFIELD,-119.10942840576172,35.325290679931641
8758809,2018,2018-12-21,1502,2018-11-21,1902,1258,,3,5,6,1502,0,0,0,,0,SOUTH,"HARRIS RD","WILDERNESS DR",0.00,,Y,A,-,N,,,,,,,,,,Y,3,0,2,2,A,-,09,21802,A,N,D,C,A,A,H,-,C,A,0,,,,,Y,,A,07,0,1,1,0,0,0,0,0,0,"- ","- ",35.303619384765625,-119.08952331542969,KERN,BAKERSFIELD,-119.08928680419922,35.303459167480469
8758813,2018,2018-12-21,1502,2018-11-23,1943,1265,,5,5,6,1502,0,0,0,,0,VALLEY,"WILSON RD","K ST",436.00,E,N,A,-,N,,,,,,,,,,Y,4,0,2,2,A,-,08,22107,,N,D,C,A,A,H,-,C,D,0,,,,,Y,,A,01,0,0,2,0,0,0,0,0,0,"- ","- ",35.332160949707031,-119.01757049560547,KERN,BAKERSFIELD,-119.01606750488281,35.332187652587891
8758841,2018,2018-12-21,1502,2018-11-30,2022,1265,,5,5,6,1502,0,0,0,,0,METRO,"HALEY ST","MONTEREY ST",0.00,,Y,A,-,N,,,,,,,,,,N,4,0,1,2,A,-,17,21451,A,M,D,C,A,A,H,-,C,A,0,,,,,Y,,-,99,0,0,1,0,0,0,0,0,0,"- ","- ",35.378620147705078,-118.98068237304688,KERN,BAKERSFIELD,-118.98062133789062,35.378379821777344
8758845,2018,2018-12-21,1502,2018-11-05,1927,1225,,1,5,6,1502,0,0,0,,0,METRO,"OAK ST","SUNSET AV",92.00,N,N,A,-,N,,,,,,,,,,N,3,0,1,2,A,-,11,21954,A,N,G,B,D,A,H,-,C,D,0,Y,,,,Y,Y,N,60,0,1,0,0,1,0,0,0,0,"- ","- ",35.366878509521484,-119.03839111328125,KERN,BAKERSFIELD,-119.03879547119141,35.366950988769531
8758849,2018,2018-12-21,1502,2018-11-09,0806,1212,,5,5,6,1502,0,0,0,,0,SOUTH,"HOSKING AV","GRANITE PEAK ST",25.00,W,N,A,-,N,,,,,,,,,,Y,4,0,1,2,A,-,09,21802,A,N,B,C,A,A,H,-,A,A,0,,,,,Y,,A,01,0,0,1,0,0,0,0,0,0,"- ","- ",35.281059265136719,-119.03520202636719,KERN,BAKERSFIELD,-119.03477478027344,35.2813720703125
8758853,2018,2018-12-21,1502,2018-11-16,2355,1153,,5,5,6,1502,0,0,0,,0,METRO,"2ND ST","V ST",0.00,,Y,A,-,N,,,,,,,,,,Y,3,0,2,2,A,-,01,23152,A,N,D,D,A,A,H,-,C,A,0,,,,,Y,Y,A,01,0,1,1,0,0,0,0,0,0,"- ","- ",35.356781005859375,-119.00467681884766,KERN,BAKERSFIELD,-119.00492095947266,35.356910705566406
8758857,2018,2018-12-21,1502,2018-11-19,1723,P63,,1,5,6,1502,0,0,0,,0,METRO,"H ST","10TH ST",10.00,S,N,A,-,N,,,,,,,,,,N,2,0,1,2,A,-,10,21950,A,N,G,B,B,A,D,-,C,A,0,Y,,,,Y,,A,01,1,0,0,0,1,0,0,0,0,"- ","- ",35.366508483886719,-119.02082824707031,KERN,BAKERSFIELD,-119.021240234375,35.366481781005859
8758863,2018,2018-12-19,1502,2018-10-25,2048,P82,,4,5,6,1502,0,0,0,,0,,"ROSEDALE HWY","JET WY",156.00,E,N,A,-,N,,,,,,,,,,Y,3,0,2,2,A,-,08,22100,A,N,B,C,A,A,H,-,C,D,0,,,,,Y,,A,01,0,1,1,0,0,0,0,0,0,"- ","- ",35.383220672607422,-119.08979797363281,KERN,BAKERSFIELD,-119.08902740478516,35.383480072021484
8758867,2018,2018-12-19,1502,2018-10-23,1136,1271,,2,5,6,1502,0,0,0,,0,CENTRA,"GOSFORD RD","KROLL WY",0.00,,Y,A,-,N,,,,,,,,,,N,4,0,1,2,A,-,12,21453,A,N,D,C,A,A,H,-,A,A,0,,,,,Y,,A,01,0,0,1,0,0,0,0,0,0,"- ","- ",35.349941253662109,-119.09181976318359,KERN,BAKERSFIELD,-119.09233093261719,35.349739074707031
8758991,2018,2019-01-30,1502,2018-12-04,1455,1213,,2,5,6,1502,0,0,0,,0,METRO,"ALTA VISTA DR","MONTEREY ST",35.00,N,N,A,-,N,,,,,,,,,,N,4,0,3,2,A,-,08,22107,,N,C,E,A,A,H,-,A,D,0,,,,,Y,,-,99,0,0,3,0,0,0,0,0,0,"- ","- ",,,KERN,BAKERSFIELD,-118.99756622314453,35.382522583007812
8758995,2018,2019-02-21,1502,2018-12-05,0632,1177,,3,5,6,1502,0,0,0,,0,NORTH,"WESTSIDE PKWY","ALLEN RD",1852.00,E,N,B,C,N,,,,,,,,,,N,4,0,1,1,A,-,08,22107,,N,E,I,A,B,H,-,B,D,0,,,,,Y,,A,01,0,0,1,0,0,0,0,0,0,"- ",FR,35.362129211425781,-119.13971710205078,KERN,BAKERSFIELD,-119.13941955566406,35.362083435058594
8759043,2018,2019-01-23,1502,2018-11-27,1147,P75,,2,5,6,1502,0,0,0,,0,CENTRA,"RIO BRAVO DR","STOCKDALE FRONTAGE RD",16.00,S,N,A,-,N,,,,,,,,,,N,4,0,1,2,A,-,21,22106,,N,C,C,A,A,H,-,A,A,0,,,,Y,Y,,F,26,0,0,1,0,0,0,0,0,0,"- ","- ",35.354480743408203,-119.06880187988281,KERN,BAKERSFIELD,-119.06925964355469,35.354427337646484
8759086,2018,2019-01-28,1502,2018-12-01,2011,1249,,6,5,6,1502,0,0,0,,0,CENTRA,"STOCKDALE HWY","GARNSEY AV",0.00,,Y,B,-,N,,,,,,,,,,Y,4,0,2,2,A,-,01,23152,F,N,A,C,A,B,H,-,C,D,0,,,,,Y,,D,22,0,0,2,0,0,0,0,0,0,"- ","- ",35.354381561279297,-119.04566955566406,KERN,BAKERSFIELD,-119.04589080810547,35.354240417480469
8759091,2018,2019-02-22,1502,2018-12-05,1442,P75,,3,5,6,1502,0,0,0,,0,METRO,"UNION AV","4TH ST",0.00,,Y,A,-,N,,,204,,,,,,,Y,4,0,2,4,A,-,12,21453,A,N,D,C,A,A,H,-,A,A,0,,,,,Y,,A,01,0,0,2,0,0,0,0,0,0,"- ","- ",35.360618591308594,-119.00264739990234,KERN,BAKERSFIELD,-119.00298309326172,35.360622406005859
8759094,2018,2019-01-28,1502,2018-12-04,2140,1177,,2,5,6,1502,0,0,0,,0,METRO,"H ST","17TH ST",0.00,,Y,B,-,N,,,,,,,,,,Y,4,0,2,2,A,-,12,21453,A,N,D,D,A,A,H,-,C,A,0,,,,,Y,,A,01,0,0,2,0,0,0,0,0,0,"- ","- ",35.374340057373047,-119.02071380615234,KERN,BAKERSFIELD,-119.02120208740234,35.37432861328125
8759095,2018,2018-12-27,1502,2018-08-15,1626,784,,3,5,6,1502,0,0,0,,0,NORTH,"ALLEN RD","NORIEGA RD",0.00,,Y,A,-,N,,,,,,,,,,Y,3,0,3,2,A,-,12,21453,A,N,D,C,A,A,H,-,A,A,0,,,,,Y,,D,22,0,1,2,0,0,0,0,0,0,"- ","- ",,,KERN,BAKERSFIELD,-119.14550018310547,35.405220031738281
8759104,2018,2018-12-19,1502,2018-11-21,1612,P63,,3,5,6,1502,0,0,0,,0,SOUTH,"PANAMA LN","STINE RD",492.00,W,N,A,-,N,,,,,,,,,,N,4,0,2,2,A,-,09,21453,C,N,D,C,A,A,H,-,C,A,0,,,,,Y,,A,01,0,0,2,0,0,0,0,0,0,"- ","- ",35.294998168945312,-119.05599975585938,KERN,BAKERSFIELD,-119.05832672119141,35.295848846435547
8759110,2018,2019-01-17,1502,2018-11-14,1628,P82,,3,5,6,1502,0,0,0,,0,HILL,"GOLDEN STATE AV","O ST",200.00,W,N,A,-,N,,,204,,,,,,,Y,3,0,2,2,A,-,07,21658,A,N,B,C,A,A,H,-,A,D,0,,,,,Y,,D,22,0,1,1,0,0,0,0,0,0,"- ","- ",35.383399963378906,-119.01229858398438,KERN,BAKERSFIELD,-119.01239776611328,35.383201599121094
8759334,2018,2018-12-18,1507,2018-11-30,0226,272,200,5,5,3,1507,0,0,0,,0,,"E RIVERSIDE AV","DRIVER RD",39.00,W,N,C,-,N,,,,,,,,,,Y,4,0,1,1,A,-,03,22350,,N,E,J,A,B,H,-,D,D,0,,,,,Y,,A,01,0,0,1,0,0,0,0,0,0,"- ","- ",35.485179901123047,-119.21060943603516,KERN,SHAFTER,-119.20637512207031,35.485153198242188
8759451,2018,2019-01-23,1506,2018-11-25,1750,0321,44,7,5,4,1506,0,0,0,,0,,"S CHINA LAKE BL","W UPJOHN AV",275.00,S,N,A,-,N,,,,,,,,,,N,4,0,1,2,A,-,03,22350,,N,H,G,A,A,H,-,D,D,0,,Y,,,Y,,A,01,0,0,1,0,0,0,1,0,0,"- ","- ",35.605060577392578,-117.66809844970703,KERN,RIDGECREST,-117.67010498046875,35.614517211914062
8760031,2018,2019-01-11,1502,2018-11-27,1759,1291,,2,5,6,1502,0,0,0,,0,VALLEY,"MING AV","WIBLE RD",79.00,E,N,A,-,N,,,99,,,,,,,N,2,0,1,2,A,-,11,21954,A,N,G,B,D,A,H,-,C,D,0,Y,,,,Y,,N,60,1,0,0,0,1,0,0,0,0,"- ","- ",35.339618682861328,-119.03890228271484,KERN,BAKERSFIELD,-119.03946685791016,35.339622497558594
8760035,2018,2019-01-16,1502,2018-11-28,1159,P24,,3,5,6,1502,0,0,0,,0,HILL,"MOUNT VERNON AV","RT 178",0.00,,Y,B,-,Y,KER,6,178,-,R,4.754,R,4,W,Y,4,0,2,2,A,-,12,21453,A,N,D,C,A,B,H,-,A,A,0,,,,,Y,,A,08,0,0,2,0,0,0,0,0,0,"- ",WF,35.395198822021484,-118.96736907958984,KERN,BAKERSFIELD,-118.96537017822266,35.395301818847656
8760039,2018,2019-01-16,1502,2018-11-29,1526,P53,,4,5,6,1502,0,0,0,,0,METRO,"UNION AV","4TH ST",22.00,S,N,C,-,Y,KER,6,204,-,-,2.530,H,-,S,Y,4,0,1,4,A,-,03,22350,,N,E,I,A,B,H,-,A,A,0,,,,,Y,,D,22,0,0,1,0,0,0,0,0,0,"- ","- ",35.360618591308594,-119.00264739990234,KERN,BAKERSFIELD,-119.00298309326172,35.360504150390625
8760043,2018,2019-01-16,1502,2018-11-30,1130,1195,,5,5,6,1502,0,0,0,,0,HILL,"BUCK OWENS BL","RIVERSIDE DR",0.00,,Y,B,-,Y,KER,6,178,-,-,0.073,I,6,W,Y,4,0,3,2,A,-,09,21802,A,N,D,C,A,A,H,-,A,A,0,,,,,Y,,A,07,0,0,3,0,0,0,0,0,0,"- ","- ",35.383708953857422,-119.04257202148438,KERN,BAKERSFIELD,-119.04318237304688,35.383045196533203
8760949,2018,2019-01-11,1502,2018-11-27,1732,1225,,2,5,6,1502,0,0,0,,0,CENTRA,"MING AV","BENTON ST",0.00,,Y,A,-,N,,,,,,,,,,Y,4,0,1,2,A,-,09,21803,A,N,D,C,A,A,H,-,C,A,0,,,,,Y,,A,07,0,0,1,0,0,0,0,0,0,"- ","- ",35.339511871337891,-119.02812194824219,KERN,BAKERSFIELD,-119.02816772460938,35.339431762695312
8761013,2018,2019-02-02,1502,2018-12-22,0026,1293,,6,5,6,1502,0,0,0,,0,NORTH,"SEAWARD DR","MOSSROCK DR",95.00,N,N,A,-,N,,,,,,,,,,N,3,0,1,2,A,-,08,22107,,F,G,B,E,A,H,-,C,D,0,Y,,,,Y,Y,A,01,0,1,0,0,1,0,0,0,0,"- ","- ",35.41107177734375,-119.09413146972656,KERN,BAKERSFIELD,-119.09434509277344,35.411468505859375
8761017,2018,2019-02-02,1502,2018-12-22,1553,1223,,6,5,6,1502,0,0,0,,0,NORTH,"DUCK POND LN","BRIDGET LEIGH WY",200.00,S,N,B,-,N,,,,,,,,,,N,3,0,1,2,A,-,11,21954,A,F,G,B,D,A,H,-,B,D,0,Y,,,,Y,,N,60,0,1,0,0,1,0,0,0,0,"- ","- ",35.419158935546875,-119.10468292236328,KERN,BAKERSFIELD,-119.10494232177734,35.418674468994141
8761025,2018,2019-02-02,1502,2018-12-07,1131,P65,,5,5,6,1502,0,0,0,,0,SOUTH,"GARDENWOOD LN","STARWOOD LN",200.00,E,N,B,-,N,,,,,,,,,,N,3,0,1,2,A,-,10,21952,,N,G,B,F,A,H,-,A,D,0,Y,,,,Y,,A,01,0,1,0,0,1,0,0,0,0,"- ","- ",35.318771362304688,-119.05339050292969,KERN,BAKERSFIELD,-119.05272674560547,35.318954467773438
8761029,2018,2019-02-02,1502,2018-12-20,1721,1326,,4,5,6,1502,0,0,0,,0,SOUTH,"ASHE RD","HARRIS RD",520.00,S,N,A,-,N,,,,,,,,,,Y,4,0,2,3,A,-,03,22350,,N,C,C,A,A,H,-,C,D,0,,,,,Y,,A,07,0,0,2,0,0,0,0,0,0,"- ","- ",35.303329467773438,-119.07466125488281,KERN,BAKERSFIELD,-119.07456970214844,35.301864624023438
8761033,2018,2019-02-25,1502,2018-12-19,2030,1225,,3,5,6,1502,0,0,0,,0,METRO,"CALIFORNIA AV","RT 99",0.00,,Y,A,-,Y,KER,6,99,-,-,24.437,R,4,S,Y,4,0,2,2,A,-,01,23152,A,N,D,C,A,A,H,-,C,A,0,,,,,Y,Y,A,07,0,0,2,0,0,0,0,0,0,"- ",NF,35.368709564208984,-119.03988647460938,KERN,BAKERSFIELD,-119.04090118408203,35.365943908691406
8761037,2018,2019-02-02,1502,2018-12-22,1750,1188,,6,5,6,1502,0,0,0,,0,HILL,"MOUNT VERNON AV","BERNARD ST",0.00,,Y,A,-,N,,,,,,,,,,N,4,0,1,2,A,-,12,21453,A,N,H,G,A,A,H,-,C,A,0,,Y,,,Y,,L,04,0,0,1,0,0,0,1,0,0,"- ","- ",35.390419006347656,-118.96739959716797,KERN,BAKERSFIELD,-118.96758270263672,35.390239715576172
8761044,2018,2019-01-30,1502,2018-12-23,1642,1258,,7,5,6,1502,0,0,0,,0,VALLEY,"HUGHES LN","NORMAN AV",0.00,,Y,A,-,N,,,,,,,,,,N,4,0,1,2,A,-,08,22107,,N,D,C,A,A,H,-,A,A,0,,,,,Y,,A,01,0,0,1,0,0,0,0,0,0,"- ","- ",35.335548400878906,-119.03006744384766,KERN,BAKERSFIELD,-119.03006744384766,35.33544921875
8761052,2018,2019-01-30,1502,2018-12-25,2202,1181,,2,5,6,1502,0,0,0,,0,CENTRA,"REAL RD","EISENHOWER AV",150.00,S,N,A,-,N,,,,,,,,,,Y,3,0,2,2,A,-,08,22107,,N,C,E,A,A,H,-,C,D,0,,,,,Y,,A,01,0,1,1,0,0,0,0,0,0,"- ","- ",35.326839447021484,-119.04348754882812,KERN,BAKERSFIELD,-119.04338836669922,35.326236724853516
8762201,2018,2019-01-14,1507,2018-12-12,0620,268,33,3,5,3,1507,0,0,0,,0,,"ZACHARY AV",EXPRESS,1575.00,N,N,A,-,N,,,,,,,,,,Y,4,0,1,2,A,-,03,22350,,N,C,C,A,A,H,-,C,D,0,,,,,Y,,D,22,0,0,1,0,0,0,0,0,0,"- ","- ",35.460350036621094,-119.19338989257812,KERN,SHAFTER,-119.18917846679688,35.460372924804688
8762740,2018,2018-12-28,1502,2018-12-04,1630,P63,,2,5,6,1502,0,0,0,,0,METRO,"ROBINSON ST","S LAKE ST",20.00,S,N,A,G,N,,,,,,,,,,N,2,0,1,1,A,-,03,22350,,N,F,A,A,A,H,-,B,D,0,,,Y,,Y,,C,02,1,0,0,0,0,0,0,0,1,"- ","- ",35.378261566162109,-118.98417663574219,KERN,BAKERSFIELD,-118.98410034179688,35.377918243408203
8763237,2018,2019-01-10,1502,2018-11-27,1755,1067,,2,5,6,1502,0,0,0,,0,METRO,"CALIFORNIA AV","BAKER ST",0.00,,Y,A,-,N,,,,,,,,,,Y,4,0,1,2,A,-,09,21800,D,N,D,C,A,A,H,-,E,B,0,,,,,Y,,A,01,0,0,1,0,0,0,0,0,0,"- ","- ",,,KERN,BAKERSFIELD,-118.99587249755859,35.368419647216797
8763241,2018,2019-02-21,1502,2018-12-15,0319,1153,,6,5,6,1502,0,0,0,,0,METRO,"BRUNDAGE LN","H ST",0.00,,Y,A,-,N,,,,,,,,,,Y,4,0,1,2,A,-,12,21453,A,N,D,C,A,A,H,-,C,A,0,,,,,Y,,-,"- ",0,0,1,0,0,0,0,0,0,"- ","- ",35.354000091552734,-119.02104949951172,KERN,BAKERSFIELD,-119.02130126953125,35.354000091552734
8763245,2018,2019-01-26,1502,2018-12-21,0801,P65,,5,5,6,1502,0,0,0,,0,CENTRA,"OLD RIVER RD","STOCKDALE HWY",205.00,S,N,B,E,N,,,,,,,,,,Y,4,0,2,4,A,-,03,22350,,N,C,C,A,A,H,-,B,A,0,,,,,Y,,A,08,0,0,2,0,0,0,0,0,0,"- ","- ",35.353328704833984,-119.11544036865234,KERN,BAKERSFIELD,-119.11473083496094,35.352649688720703
8764128,2018,2019-01-16,1502,2018-12-09,0055,1258,,7,5,6,1502,0,0,0,,0,METRO,"UNION AV","BRUNDAGE LN",25.00,N,N,A,-,Y,KER,6,204,-,-,2.090,H,-,N,Y,4,0,1,2,A,-,01,23152,A,N,C,C,A,A,H,-,C,A,0,,,,Y,Y,Y,A,01,0,0,1,0,0,0,0,0,0,"- ","- ",35.353679656982422,-119.00276947021484,KERN,BAKERSFIELD,-119.00300598144531,35.3541259765625
8764136,2018,2019-01-11,1502,2018-12-19,1728,1249,,3,5,6,1502,0,0,0,,0,NORTH,"ROSEDALE HWY","NW PROMENADE",0.00,,Y,A,-,N,,,,,,,,,,N,4,0,1,2,A,-,12,21453,A,N,D,C,A,A,H,-,C,A,0,,,,,Y,,-,"- ",0,0,1,0,0,0,0,0,0,"- ","- ",35.383369445800781,-119.10124969482422,KERN,BAKERSFIELD,-119.09613037109375,35.383529663085938
8764140,2018,2019-01-16,1502,2018-12-19,0525,1283,,3,5,6,1502,0,0,0,,0,HILL,"RT 178","RANCHERIA RD",8448.00,E,N,A,-,Y,KER,6,178,-,-,12.560,H,-,E,Y,3,0,1,1,A,-,08,22107,,N,E,I,A,A,H,-,D,D,0,,,,,Y,,A,01,0,1,0,0,0,0,0,0,0,"- ","- ",35.415748596191406,-118.83109283447266,KERN,BAKERSFIELD,-118.810791015625,35.432338714599609
8764781,2018,2019-02-04,1502,2018-12-21,1012,1195,,5,5,6,1502,0,0,0,,0,,"MANOR ST","DENISE AV",35.00,S,N,B,-,N,,,,,,,,,,Y,4,0,1,1,A,-,17,35250,,N,E,I,A,A,H,-,A,A,0,,,,Y,Y,,F,27,0,0,1,0,0,0,0,0,0,"- ","- ",35.404941558837891,-119.00676727294922,KERN,BAKERSFIELD,-119.00705718994141,35.404422760009766
8765095,2018,2019-01-16,1502,2018-11-18,0405,1153,,7,5,6,1502,0,0,0,,0,METRO,"GOLDEN STATE AV","P ST",7.00,W,N,A,-,Y,KER,6,204,-,-,4.360,H,-,S,N,3,0,1,2,A,-,11,21954,A,N,G,B,E,A,H,-,C,D,0,Y,,,,Y,,N,60,0,1,0,0,1,0,0,0,0,"- ","- ",35.383380889892578,-119.01175689697266,KERN,BAKERSFIELD,-119.01187133789062,35.382942199707031
8765099,2018,2019-02-01,1502,2018-11-20,1419,P63,,2,5,6,1502,0,0,0,,0,HILL,"MOUNT VERNON AV","RT 178",71.00,S,N,A,-,Y,KER,6,178,-,R,4.718,R,4,E,Y,4,0,2,2,A,-,03,22350,,N,C,C,A,A,H,-,A,D,0,,,,,Y,,A,01,0,0,2,0,0,0,0,0,0,"- ",EO,35.393791198730469,-118.96737670898438,KERN,BAKERSFIELD,-118.96595764160156,35.394828796386719
8765103,2018,2019-01-16,1502,2018-11-20,1817,P63,,2,5,6,1502,0,0,0,,0,METRO,"UNION AV","ALPINE ST",279.00,S,N,A,-,Y,KER,6,204,-,-,3.150,H,-,N,Y,3,0,6,2,A,-,07,21658,A,N,B,C,A,A,H,-,C,D,0,,,,,Y,,A,01,0,1,5,0,0,0,0,0,0,"- ","- ",35.369998931884766,-119.00250244140625,KERN,BAKERSFIELD,-119.00294494628906,35.369361877441406
8765107,2018,2019-01-11,1502,2018-11-22,1130,1195,,4,5,6,1502,0,0,0,,0,,"24TH ST","F ST",29.00,E,N,A,-,N,,,,,,,,,,N,4,0,3,2,A,-,03,22350,,M,C,C,A,A,H,-,A,B,0,,,,,Y,,A,01,0,0,3,0,0,0,0,0,0,"- ","- ",35.381038665771484,-119.02291870117188,KERN,BAKERSFIELD,-119.02336120605469,35.381027221679688
8765115,2018,2019-01-16,1502,2018-12-01,2025,1265,,6,5,6,1502,0,0,0,,0,METRO,"UNION AV","3RD ST",200.00,S,N,A,-,Y,KER,6,204,-,-,2.390,H,-,N,Y,4,0,1,2,A,-,03,22350,,M,C,C,A,A,H,-,C,D,0,,,,,Y,,A,01,0,0,1,0,0,0,0,0,0,"- ","- ",35.359050750732422,-119.00267791748047,KERN,BAKERSFIELD,-119.00299072265625,35.358493804931641
8765229,2018,2019-01-16,1508,2018-11-06,1203,65,2B,2,5,2,1508,0,0,0,,0,,"RT 33","10TH ST",368.00,W,N,A,-,Y,KER,6,33,-,-,19.210,H,-,N,Y,3,0,3,2,A,-,09,21804,A,N,D,C,A,A,H,-,A,D,0,,,,,Y,,A,01,0,3,0,0,0,0,0,0,0,"- ","- ",35.145538330078125,-119.46637725830078,KERN,TAFT,-119.46650695800781,35.145343780517578
8765230,2018,2019-01-14,1501,2018-08-15,1835,969,50,3,5,3,1501,0,0,0,,0,050,"COMANCHE DR","BEAR MOUNTAIN BL",0.00,,Y,A,-,Y,KER,6,223,-,R,20.013,H,-,E,N,4,0,1,2,A,-,08,22107,,N,C,C,A,A,H,-,A,A,0,,,,,Y,,D,22,0,0,1,0,0,0,0,0,0,"- ","- ",35.209091186523438,-118.84217834472656,KERN,ARVIN,-118.844482421875,35.209003448486328