CASE_ID,ACCIDENT_YEAR,PROC_DATE,JURIS,COLLISION_DATE,COLLISION_TIME,OFFICER_ID,REPORTING_DISTRICT,DAY_OF_WEEK,CHP_SHIFT,POPULATION,CNTY_CITY_LOC,SPECIAL_COND,BEAT_TYPE,CHP_BEAT_TYPE,CITY_DIVISION_LAPD,CHP_BEAT_CLASS,BEAT_NUMBER,PRIMARY_RD,SECONDARY_RD,DISTANCE,DIRECTION,INTERSECTION,WEATHER_1,WEATHER_2,STATE_HWY_IND,CALTRANS_COUNTY,CALTRANS_DISTRICT,STATE_ROUTE,ROUTE_SUFFIX,POSTMILE_PREFIX,POSTMILE,LOCATION_TYPE,RAMP_INTERSECTION,SIDE_OF_HWY,TOW_AWAY,COLLISION_SEVERITY,NUMBER_KILLED,NUMBER_INJURED,PARTY_COUNT,PRIMARY_COLL_FACTOR,PCF_CODE_OF_VIOL,PCF_VIOL_CATEGORY,PCF_VIOLATION,PCF_VIOL_SUBSECTION,HIT_AND_RUN,TYPE_OF_COLLISION,MVIW,PED_ACTION,ROAD_SURFACE,ROAD_COND_1,ROAD_COND_2,LIGHTING,CONTROL_DEVICE,CHP_ROAD_TYPE,PEDESTRIAN_ACCIDENT,BICYCLE_ACCIDENT,MOTORCYCLE_ACCIDENT,TRUCK_ACCIDENT,NOT_PRIVATE_PROPERTY,ALCOHOL_INVOLVED,STWD_VEHTYPE_AT_FAULT,CHP_VEHTYPE_AT_FAULT,COUNT_SEVERE_INJ,COUNT_VISIBLE_INJ,COUNT_COMPLAINT_PAIN,COUNT_PED_KILLED,COUNT_PED_INJURED,COUNT_BICYCLIST_KILLED,COUNT_BICYCLIST_INJURED,COUNT_MC_KILLED,COUNT_MC_INJURED,PRIMARY_RAMP,SECONDARY_RAMP,LATITUDE,LONGITUDE,COUNTY,CITY,POINT_X,POINT_Y
8888166,2019,2019-07-08,1502,2019-05-22,1911,1188,,3,5,6,1502,0,0,0,,0,METRO,"BRUNDAGE LN","TYREE TOLIVER ST",0.00,,Y,A,-,N,,,,,,,,,,N,4,0,1,2,A,-,05,21202,A,N,H,G,A,A,H,-,A,A,0,,Y,,,Y,,L,04,0,0,1,0,0,0,1,0,0,"- ","- ",35.352920532226562,-118.98921966552734,KERN,BAKERSFIELD,-118.98857879638672,35.353939056396484
8888167,2019,2019-07-08,1502,2019-05-22,1711,1265,,3,5,6,1502,0,0,0,,0,CENTRA,"WHITE LN","OLD RIVER RD",0.00,,Y,A,-,N,,,,,,,,,,Y,4,0,1,2,A,-,09,21453,C,N,D,C,A,A,H,-,A,A,0,,,,,Y,,A,07,0,0,1,0,0,0,0,0,0,"- ","- ",35.325531005859375,-119.10923004150391,KERN,BAKERSFIELD,-119.10942840576172,35.325290679931641
8888168,2019,2019-07-08,1502,2019-05-22,1300,P63,,3,5,6,1502,0,0,0,,0,METRO,"CALIFORNIA AV","BAKER ST",0.00,,Y,B,-,N,,,,,,,,,,Y,4,0,2,2,A,-,12,21453,A,N,D,C,A,A,H,-,A,A,0,,,,,Y,,A,01,0,0,2,0,0,0,0,0,0,"- ","- ",35.367481231689453,-118.99632263183594,KERN,BAKERSFIELD,-118.99587249755859,35.368419647216797
8888169,2019,2019-07-05,1502,2019-05-16,1150,1223,,4,5,6,1502,0,0,0,,0,METRO,"MONTEREY ST","HALEY ST",0.00,,Y,A,-,N,,,,,,,,,,Y,4,0,1,2,A,-,12,21453,A,M,D,C,A,A,H,-,A,A,0,,,,,Y,,A,01,0,0,1,0,0,0,0,0,0,"- ","- ",35.378620147705078,-118.98068237304688,KERN,BAKERSFIELD,-118.98062133789062,35.378379821777344
8888170,2019,2019-07-05,1502,2019-05-18,1917,1153,,6,5,6,1502,0,0,0,,0,CENTRA,"MING AV","NEW STINE RD",74.00,W,N,B,C,N,,,,,,,,,,Y,2,0,1,1,A,-,08,22107,,N,E,I,A,B,H,-,A,A,0,,,,,Y,,A,01,1,0,0,0,0,0,0,0,0,"- ","- ",35.337749481201172,-119.06166076660156,KERN,BAKERSFIELD,-119.06120300292969,35.338146209716797
8888171,2019,2019-07-05,1502,2019-05-17,1507,1186,,5,5,6,1502,0,0,0,,0,CENTRA,"STOCKDALE HWY","MCDONALD WY",0.00,,Y,A,-,N,,,,,,,,,,Y,3,0,2,2,A,-,12,21453,A,N,D,C,A,A,H,-,A,A,0,,,,,Y,,A,01,0,1,1,0,0,0,0,0,0,"- ","- ",35.354461669921875,-119.05204010009766,KERN,BAKERSFIELD,-119.05223846435547,35.354141235351562
8888172,2019,2019-07-08,1502,2019-05-20,0230,1188,,1,5,6,1502,0,0,0,,0,SOUTH,"HOSKING AV","WIBLE RD",0.00,,Y,A,-,N,,,,,,,,,,Y,2,0,1,1,A,-,01,23152,A,N,E,I,A,A,H,-,C,D,0,,,,,Y,Y,A,01,1,0,0,0,0,0,0,0,0,"- ","- ",35.280788421630859,-119.04055023193359,KERN,BAKERSFIELD,-119.03897857666016,35.281391143798828
8888335,2019,2019-07-09,1502,2019-03-28,0804,1283,,4,5,6,1502,0,0,0,,0,VALLEY,"ROSE MARIE DR","S H ST",0.00,,Y,C,-,N,,,,,,,,,,Y,4,0,5,2,A,-,09,21802,A,N,D,C,A,B,H,-,A,A,0,,,,,Y,,A,01,0,0,5,0,0,0,0,0,0,"- ","- ",35.343219757080078,-119.02189636230469,KERN,BAKERSFIELD,-119.02130126953125,35.343978881835938
8888644,2019,2019-07-29,1506,2019-06-11,0950,5293,KERN,2,5,4,1506,0,0,0,,0,038,"S SUNLAND ST","EAST UPJOHN AV",0.00,,Y,A,-,N,,,,,,,,,,Y,3,0,2,2,A,-,03,22350,,N,D,C,A,A,H,-,A,A,0,,,,,Y,,I,11,0,2,0,0,0,0,0,0,0,"- ","- ",35.615268707275391,-117.66120147705078,KERN,RIDGECREST,-117.66120147705078,35.615291595458984
8888648,2019,2019-07-19,1501,2019-05-24,1413,962,12,5,5,3,1501,0,0,0,,0,001,"MEYER ST","MEYER ST 100",0.00,,-,-,-,N,,,,,,,,,,N,3,0,2,2,A,-,12,21453,,N,-,-,A,-,-,-,-,-,0,,,,,Y,,-,"- ",0,2,0,0,0,0,0,0,0,"- ","- ",,,KERN,ARVIN,-118.833197,35.208995999999999
8890865,2019,2020-01-03,1508,2019-06-29,1130,130,3B,6,5,2,1508,0,0,0,,0,,"ADKISSON WY","E MAIN ST",24.00,S,N,A,-,Y,KER,6,33,-,-,17.960,H,-,N,N,3,0,1,1,A,-,"- ",,,N,F,A,A,A,H,-,A,A,0,,,Y,,Y,,C,03,0,1,0,0,0,0,0,0,1,"- ","- ",35.140281677246094,-119.45160675048828,KERN,TAFT,-119.44818115234375,35.136730194091797
8891435,2019,2019-07-18,1502,2019-05-19,1742,P63,,7,5,6,1502,0,0,0,,0,METRO,"MONTEREY ST","HALEY ST",346.00,E,N,B,C,N,,,,,,,,,,N,3,0,3,1,A,-,03,22350,,N,E,I,A,B,H,-,A,D,0,,,,,Y,,A,01,0,2,1,0,0,0,0,0,0,"- ","- ",,,KERN,BAKERSFIELD,-118.97953033447266,35.378067016601562
8891439,2019,2019-07-18,1502,2019-05-19,0216,1181,,7,5,6,1502,0,0,0,,0,METRO,"TRUXTON AV","ELM ST",9.00,W,N,B,C,N,,,,,,,,,,N,4,0,1,1,A,-,01,23152,A,N,E,I,A,B,H,-,C,D,0,,,,,Y,Y,A,01,0,0,1,0,0,0,0,0,0,"- ","- ",35.372760772705078,-119.03666687011719,KERN,BAKERSFIELD,-119.03633117675781,35.373458862304688
8892201,2019,2019-11-20,1508,2019-06-05,0516,107,5B,3,5,2,1508,0,0,0,,0,,"RT 119","2ND ST",0.00,,Y,A,-,Y,KER,6,119,-,-,0.830,I,5,W,N,3,0,2,2,A,-,09,21802,A,N,A,C,A,A,H,-,C,A,0,,,,,Y,,A,01,0,2,0,0,0,0,0,0,0,"- ","- ",35.147800445556641,-119.44760131835938,KERN,TAFT,-119.44764709472656,35.148044586181641
8892275,2019,2019-07-15,1508,2019-06-13,1755,112,5B,4,5,2,1508,0,0,0,,0,,"3RD ST","SAN EMIDIO ST",0.00,,Y,A,-,N,,,,,,,,,,Y,3,0,2,2,A,-,12,22450,A,N,D,C,A,D,H,-,A,A,0,,,,,Y,,A,01,0,1,1,0,0,0,0,0,0,"- ","- ",35.145401000976562,-119.46019744873047,KERN,TAFT,-119.45446014404297,35.143550872802734
8892287,2019,2019-07-15,1508,2019-06-21,1554,110,3B,5,5,2,1508,0,0,0,,0,,"10TH ST","CENTER ST",6.00,E,N,A,-,N,,,,,,,,,,N,3,0,1,2,A,-,09,21802,A,N,H,C,A,A,H,-,A,D,0,,,Y,,Y,,A,01,0,1,0,0,0,0,0,0,1,"- ","- ",,,KERN,TAFT,-119.46514129638672,35.142841339111328
8892291,2019,2019-07-15,1508,2019-06-20,1700,130,5B,4,5,2,1508,0,0,0,,0,,"E WOODROW ST","1ST ST",88.00,E,N,A,-,N,,,,,,,,,,Y,3,0,1,2,A,-,08,22107,,N,D,C,A,A,H,-,A,D,0,,,,,Y,,D,22,0,1,0,0,0,0,0,0,0,"- ","- ",35.143001556396484,-119.45099639892578,KERN,TAFT,-119.45160675048828,35.143783569335938
8898906,2019,2019-08-05,1501,2019-06-23,1741,947,50,7,5,3,1501,0,0,0,,0,050,"SYCAMORE RD","RANCHO DR",14.00,E,N,A,-,N,,,,,,,,,,Y,4,0,4,2,A,-,09,21801,A,N,-,C,A,A,H,-,A,A,0,,,,,Y,,A,01,0,0,4,0,0,0,0,0,0,"- ","- ",35.194419860839844,-118.85105133056641,KERN,ARVIN,-118.85100555419922,35.194400787353516
8898910,2019,2019-07-22,1501,2019-06-20,1947,988,15,4,5,3,1501,0,0,0,,0,002,"BEAR MOUNTAIN BL","WALNUT DR",0.00,,Y,A,-,N,,,223,,,,,,,N,3,0,1,2,A,-,09,21801,,M,D,C,A,A,H,-,B,D,0,,,,,Y,,A,01,0,1,0,0,0,0,0,0,0,"- ","- ",35.208980560302734,-118.83702850341797,KERN,ARVIN,-118.83702850341797,35.209060668945312
8899684,2019,2019-08-05,1501,2019-07-04,1706,962,15,4,5,3,1501,0,0,0,,0,002,MEYER,"HOOD ST",0.00,,-,A,-,N,,,,,,,,,,Y,3,0,1,1,A,-,08,22107,,N,C,E,A,A,H,-,A,D,0,,,,,Y,,D,72,0,1,0,0,0,0,0,0,0,"- ","- ",,,KERN,ARVIN,-118.8331298828125,35.203609466552734
8899755,2019,2019-08-05,1506,2019-07-19,1442,0321,2,5,5,4,1506,0,0,0,,0,,"W GRAAF AV","INYO ST",209.00,W,-,A,-,N,,,,,,,,,,Y,3,0,3,2,A,-,01,23153,F,N,B,C,A,A,H,-,A,D,0,,,,,Y,,A,01,0,2,1,0,0,0,0,0,0,"- ","- ",35.648429870605469,-117.69258880615234,KERN,RIDGECREST,-117.69286346435547,35.648059844970703
8902661,2019,2019-08-22,1509,2019-07-14,1225,949,E,7,5,3,1509,0,0,0,,0,,"DENNISON RD","EAST VALLEY BL",0.00,,Y,A,-,N,,,,,,,,,,Y,2,0,1,2,A,-,03,22350,,N,C,C,A,A,H,-,A,A,0,,,Y,,Y,,D,22,1,0,0,0,0,0,0,0,1,"- ","- ",35.124259948730469,-118.43211364746094,KERN,TEHACHAPI,-118.43215942382812,35.1243896484375
8903301,2019,2019-10-03,1509,2019-07-02,0550,58031,B,2,5,3,1509,0,0,0,,0,,"CUMBERLAND RD","SADDLEBACK DR",220.00,N,N,-,-,N,,,,,,,,,,N,3,0,1,1,C,-,18,,,N,H,H,A,-,-,-,-,-,0,,,Y,,Y,,-,"- ",0,1,0,0,0,0,0,0,1,"- ","- ",35.147270202636719,-118.57602691650391,KERN,TEHACHAPI,-118.63332366943359,35.151706695556641
8903328,2019,2019-08-26,1515,2019-07-05,1232,58031,B,5,5,1,1515,0,0,0,,0,,"BEAR VALLEY RD","DEERTRAIL DR",2042.00,E,N,A,-,N,,,,,,,,,,N,2,0,1,2,A,-,03,22350,,N,H,I,A,A,H,-,A,D,0,,,Y,,Y,,C,02,1,0,0,0,0,0,0,0,1,"- ","- ",35.147270202636719,-118.57602691650391,KERN,"BEAR VALLEY SPRINGS",-118.63687896728516,35.169570922851562
8903513,2019,2019-08-01,1506,2019-06-24,1914,1712,44,1,5,4,1506,0,0,0,,0,,"N NORMA ST","W DEWALT ST",0.00,,Y,A,-,N,,,,,,,,,,N,4,0,2,2,A,-,08,22107,,N,D,C,A,A,H,-,B,D,0,,,,,Y,,A,08,0,0,2,0,0,0,0,0,0,"- ","- ",35.612220764160156,-117.56788635253906,KERN,RIDGECREST,-117.67903137207031,35.612049102783203
8907180,2019,2019-08-21,1509,2019-07-20,1603,982,E,6,5,3,1509,0,0,0,,0,,"EAST TEHACHAPI BL","STEUBER RD",0.00,,Y,A,-,N,,,,,,,,,,N,4,0,1,2,A,-,08,22107,,N,B,C,A,A,H,-,A,A,0,,,,Y,Y,Y,F,75,0,0,1,0,0,0,0,0,0,"- ","- ",35.127689361572266,-118.41423797607422,KERN,TEHACHAPI,-118.41423034667969,35.127681732177734
8908278,2019,2020-01-03,1507,2019-07-22,1115,281,12,1,5,3,1507,0,0,0,,0,,"CENTRAL VALLEY HWY","CENTRAL AV",177.00,S,N,A,-,Y,KER,6,43,-,-,16.830,H,-,S,Y,3,0,3,2,A,-,09,21804,A,N,H,C,A,A,H,-,A,D,0,,,,,Y,,A,01,0,3,0,0,0,0,0,0,0,"- ","- ",35.502899169921875,-119.27440643310547,KERN,SHAFTER,-119.27415466308594,35.502628326416016
8908412,2019,2020-07-01,1501,2019-02-19,1936,914,12,2,5,3,1501,0,0,0,,0,001,"COMANCHE DR","BEAR MOUNTAIN BL",80.00,N,N,A,-,Y,KER,6,223,-,-,20.150,I,6,W,N,3,0,1,2,A,-,11,21954,A,N,B,B,D,A,H,-,C,A,0,Y,,,,Y,,N,60,0,1,0,0,1,0,0,0,0,"- ","- ",35.209510803222656,-118.84171295166016,KERN,ARVIN,-118.84207916259766,35.209003448486328
8908974,2019,2019-08-26,1506,2019-07-09,1345,0321,3,2,5,4,1506,0,0,0,,0,,"N SIERRA VIEW ST","W ALENE AV",124.00,S,N,A,-,N,,,,,,,,,,N,3,0,1,2,C,-,18,,,M,C,E,A,A,H,-,A,D,0,,,,,Y,,-,"- ",0,1,0,0,0,0,0,0,0,"- ","- ",35.649600982666016,-117.68697357177734,KERN,RIDGECREST,-117.68323516845703,35.649509429931641
8909095,2019,2019-08-16,1501,2019-06-16,2020,989,13,7,5,3,1501,0,0,0,,0,001,"BEAR MOUNTAIN BL","STOCKTON AV",21.00,S,N,A,-,N,,,223,,,,,,,Y,4,0,1,2,A,-,08,22107,,M,C,C,A,A,H,-,C,D,0,,,,,Y,,A,01,0,0,1,0,0,0,0,0,0,"- ","- ",35.209178924560547,-118.82578277587891,KERN,ARVIN,-118.82578277587891,35.209110260009766
8909358,2019,2020-01-27,1506,2019-07-03,1410,0321,4,3,5,4,1506,0,0,0,,0,,"N CHINA LAKE BL/SR 178","INYOKERN AV/SR178",0.00,,N,A,-,Y,KER,6,178,-,-,100.608,I,5,E,Y,3,0,1,3,A,-,12,21457,A,N,H,C,A,A,H,-,A,A,0,,,,,Y,,A,07,0,1,0,0,0,0,0,0,0,"- ","- ",35.651649475097656,-117.66985321044922,KERN,RIDGECREST,-117.67006683349609,35.651588439941406
8910881,2019,2020-04-03,1503,2019-11-07,1950,10159D,3010,4,5,4,1503,0,0,0,,0,004,"WEST CECIL AV","ALBANY ST",0.00,,Y,A,-,N,,,,,,,,,,Y,1,1,3,2,A,-,01,23152,A,N,D,C,A,A,H,-,C,A,0,,,,,Y,Y,A,01,0,3,0,0,0,0,0,0,0,"- ","- ",35.767860412597656,-119.25363922119141,KERN,DELANO,-119.25849914550781,35.775901794433594
8910940,2020,2020-04-13,1507,2020-02-21,1535,259,10,5,5,3,1507,0,0,0,,0,,"W TULARE AV","W TULARE AV 600",0.00,,N,A,-,N,,,,,,,,,,Y,1,1,3,1,C,-,18,,,N,E,J,A,A,H,-,A,D,0,,,,,Y,,-,"- ",1,1,1,0,0,0,0,0,0,"- ","- ",35.507129669189453,-119.29602813720703,KERN,SHAFTER,,
8911007,2019,2021-06-02,1511,2019-12-30,0830,53303,2,1,5,2,1511,0,0,0,,0,00A,"CALIFORNIA CITY BL","FRONTAGE RD",0.00,,N,B,-,N,,,,,,,,,,Y,1,1,0,2,A,-,08,22107,,F,C,C,E,B,H,-,A,D,0,Y,,,,Y,,A,01,0,0,0,1,0,0,0,0,0,"- ","- ",35.038299560546875,-118.00598907470703,KERN,"CALIFORNIA CITY",,
8911008,2019,2021-06-02,1511,2019-12-30,1628,53016,,1,5,2,1511,0,0,0,,0,,"LINCOLN BL","S COLUMBIA RD",0.00,,Y,A,-,N,,,,,,,,,,Y,1,1,1,2,A,-,09,21800,A,N,D,C,A,A,B,-,B,D,0,,,Y,,Y,Y,C,06,0,1,0,0,0,0,0,1,0,"- ","- ",,,KERN,"CALIFORNIA CITY",-117.79109191894531,35.184741973876953
8911083,2019,2021-05-25,1502,2019-02-05,1030,1149,,2,5,6,1502,0,0,0,,0,NORTH,"RT 58","CALLOWAY DR",10.00,W,N,A,-,N,,,58,,,,,,,N,1,1,0,2,A,-,10,21950,A,N,G,B,B,A,H,-,A,A,0,Y,,,,Y,,D,22,0,0,0,1,0,0,0,0,0,"- ","- ",35.383480072021484,-119.11012268066406,KERN,BAKERSFIELD,-119.11012268066406,35.383457183837891
8911084,2019,2021-05-25,1502,2019-04-25,2117,1033,,4,5,6,1502,0,0,0,,0,NORTH,"RT 58","DEAN AV",318.00,E,N,A,-,N,,,58,,,,,,,N,1,1,0,2,A,-,11,21954,A,N,G,B,D,A,H,-,C,A,0,Y,,,Y,Y,Y,N,60,0,0,0,1,0,0,0,0,0,"- ","- ",35.383548736572266,-119.11727142333984,KERN,BAKERSFIELD,-119.11727142333984,35.383476257324219
8911086,2019,2020-05-29,1502,2019-06-05,1510,1293,,3,5,6,1502,0,0,0,,0,SOUTH,"RT 119","MOUNTAIN RIDGE DR",410.00,E,N,A,-,Y,KER,6,119,-,-,28.920,H,-,E,Y,1,1,1,2,A,-,05,21651,A,N,A,C,A,A,H,-,A,D,0,,,,Y,Y,,A,01,0,0,1,0,0,0,0,0,0,"- ","- ",35.266979217529297,-119.06619262695312,KERN,BAKERSFIELD,-119.06381988525391,35.267032623291016
8911101,2019,2020-05-19,1502,2019-12-08,1516,1326,,7,5,6,1502,0,0,0,,0,SOUTH,"PANAMA LN","GIBBS DR",216.00,E,N,C,-,N,,,,,,,,,,Y,1,1,6,2,A,-,08,22107,,N,A,C,A,B,H,-,B,D,0,,,,,Y,,A,07,0,5,1,0,0,0,0,0,0,"- ","- ",35.295509338378906,-119.06417083740234,KERN,BAKERSFIELD,-119.06203460693359,35.295871734619141
8911105,2019,2020-06-04,1502,2019-02-01,1806,1212,,5,5,6,1502,0,0,0,,0,METRO,"H ST","CHERRY ST",10.00,N,N,C,-,N,,,,,,,,,,Y,1,1,0,2,A,-,11,21954,A,N,G,B,D,B,H,-,C,D,0,Y,,,,Y,Y,N,60,0,0,0,1,0,0,0,0,0,"- ","- ",35.364040374755859,-119.02088165283203,KERN,BAKERSFIELD,-119.02124786376953,35.364055633544922
8911174,2020,2020-06-16,1509,2020-05-19,1915,1005,E,2,5,3,1509,0,0,0,,0,,"EAST TEHACHAPI BL","RT 58",0.00,,Y,B,-,Y,KER,6,58,-,R,94.505,R,4,E,N,1,1,0,2,A,-,12,21453,A,N,G,B,B,A,H,-,B,A,0,Y,,,,Y,,M,47,0,0,0,1,0,0,0,0,0,"- ",EO,,,KERN,TEHACHAPI,-118.4083251953125,35.123569488525391
8911190,2019,2020-06-16,1502,2019-02-19,2022,1195,,2,5,6,1502,0,0,0,,0,HILL,"AUBURN ST","AUBURN CT",329.00,W,N,A,-,N,,,,,,,,,,N,1,1,0,2,A,-,11,21954,A,N,G,B,D,A,H,-,C,D,0,Y,,,,Y,,N,60,0,0,0,1,0,0,0,0,0,"- ","- ",35.397750854492188,-118.94473266601562,KERN,BAKERSFIELD,-118.94596862792969,35.397769927978516
8911191,2019,2020-06-16,1502,2019-04-04,0239,1223,,4,5,6,1502,0,0,0,,0,CENTRA,"MING AV","PINON SPRINGS CIR",75.00,W,N,A,-,N,,,,,,,,,,N,1,1,0,2,A,-,11,21954,A,F,G,B,D,A,H,-,C,D,0,Y,,,,Y,,N,60,0,0,0,1,0,0,0,0,0,"- ","- ",35.335601806640625,-119.06764221191406,KERN,BAKERSFIELD,-119.0699462890625,35.335186004638672
8911341,2020,2022-06-11,1511,2020-04-19,1641,53301,,7,5,2,1511,0,0,0,,0,00A,"RANDSBURG MOJAVE RD","140TH ST",61.00,S,-,A,-,N,,,,,,,,,,Y,1,1,0,2,A,-,09,21801,A,N,D,C,A,A,G,-,A,D,0,,,Y,,Y,,A,01,0,0,0,0,0,0,0,1,0,"- ","- ",35.183040618896484,-117.87843322753906,KERN,"CALIFORNIA CITY",-117.88003540039062,35.181282043457031
8911378,2020,2022-06-18,1509,2020-03-04,2145,1005,E,3,5,3,1509,0,0,0,,0,,"EAST TEHACHAPI BL","NORIA DR",0.00,,Y,A,-,N,,,,,,,,,,Y,1,1,0,2,A,-,03,22350,,N,D,C,A,A,H,-,D,A,0,,,Y,Y,Y,Y,C,02,0,0,0,0,0,0,0,1,0,"- ","- ",35.126178741455078,-118.40373992919922,KERN,TEHACHAPI,-118.40374755859375,35.126220703125
8911634,2020,2022-06-11,1511,2020-06-04,1755,53316,5,4,5,2,1511,0,0,0,,0,00A,"REDWOOD BL","98TH ST",0.00,,Y,A,-,N,,,,,,,,,,Y,1,1,0,2,A,-,08,22107,,N,D,C,A,A,H,-,A,D,0,,,,,Y,,-,,0,0,0,0,0,0,0,0,0,"- ","- ",35.111289978027344,-117.955322265625,KERN,"CALIFORNIA CITY",-117.953266,35.111330000000002
8911906,2019,2021-03-19,1502,2019-03-14,1026,1212,,4,5,6,1502,0,0,0,,0,METRO,"UNION AV","17TH ST",52.00,S,N,A,-,N,,,204,,,,,,,Y,1,1,0,2,A,-,09,21801,A,N,C,C,A,A,H,-,A,D,0,,,Y,,Y,,A,01,0,0,0,0,0,0,0,1,0,"- ","- ",35.374691009521484,-119.00302886962891,KERN,BAKERSFIELD,-119.00292205810547,35.374691009521484
8911993,2020,2022-06-11,1500,2020-12-15,2019,202050,WA-02,2,5,3,1510,0,0,0,,0,4401,"RT 46","SCOFIELD AV",824.00,E,N,A,-,Y,KER,6,46,-,-,47.180,H,-,E,Y,1,1,2,2,A,-,08,22107,,N,A,C,A,A,H,-,D,A,0,,,,,Y,Y,A,01,0,1,1,0,0,0,0,0,0,"- ","- ",,,KERN,WASCO,-119.39964294433594,35.601493835449219
8911999,2020,2022-06-18,1503,2020-05-17,1604,10159,,7,5,4,1503,0,0,0,,0,,"GARZOLI AV","UTILITY POLE 915679E",119.00,N,N,A,B,N,,,,,,,,,,Y,1,1,0,1,A,-,03,22350,,N,E,I,A,A,H,-,A,D,0,,,Y,,Y,,C,02,0,0,0,0,0,0,0,1,0,"- ","- ",35.732349395751953,-119.24057769775391,KERN,DELANO,,
8913423,2019,2020-01-27,1507,2019-07-29,2122,272,21,1,5,3,1507,0,0,0,,0,,"CENTRAL VALLEY HWY","BEECH AV",0.00,,Y,A,-,Y,KER,6,43,-,-,15.830,I,5,S,Y,4,0,1,3,A,-,12,22450,,N,D,D,A,A,H,-,D,D,0,,,,,Y,Y,A,01,0,0,1,0,0,0,0,0,0,"- ","- ",35.492210388183594,-119.26091766357422,KERN,SHAFTER,-119.26100921630859,35.492267608642578
8915633,2019,2019-08-15,1501,2019-03-16,1011,990,125,6,5,3,1501,0,0,0,,0,050,"BEAR MOUNTAIN BL","WALNUT DR",0.00,,Y,A,-,N,,,,,,,,,,Y,3,0,1,2,A,-,"- ",,,N,H,C,A,A,H,-,A,D,0,,,,,Y,,A,01,0,1,0,0,0,0,0,0,0,"- ","- ",,,KERN,ARVIN,-118.83768000000001,35.209000000000003
8916296,2019,2019-08-19,1501,2019-06-06,0730,962,1,4,5,3,1501,0,0,0,,0,001,"VARSITY RD","CAMPUS DR",384.00,W,N,A,-,N,,,,,,,,,,Y,4,0,2,2,A,-,08,22103,,F,B,C,A,A,H,-,A,D,0,,,,,Y,,A,01,0,0,2,0,0,0,0,0,0,"- ","- ",,,KERN,ARVIN,-118.83456420898438,35.216384887695312
8918541,2019,2019-09-06,1509,2019-08-03,1007,946,W,6,5,3,1509,0,0,0,,0,,"W TEHACHAPI BL","PAULEY ST",0.00,,Y,A,-,N,,,,,,,,,,N,4,0,1,2,A,-,09,21804,,N,D,D,A,A,H,-,A,-,0,,,,,Y,,A,07,0,0,1,0,0,0,0,0,0,"- ","- ",35.132549285888672,-118.45066833496094,KERN,TEHACHAPI,-118.45066070556641,35.132530212402344
8919561,2018,2019-08-20,1501,2018-11-02,1914,962,15,5,5,3,1501,0,0,0,,0,002,MEYER,"HAVEN DR",0.00,,Y,A,-,N,,,,,,,,,,N,3,0,1,2,A,-,10,21950,A,N,G,B,B,A,H,-,C,D,0,Y,,,,Y,,A,01,0,1,0,0,1,0,0,0,0,"- ","- ",35.205001831054688,-118.83316040039062,KERN,ARVIN,-118.83315277099609,35.205421447753906
8919864,2019,2019-08-26,1506,2019-08-05,1622,3830,45,1,5,4,1506,0,0,0,,0,,"SILVER RIDGE ST","S SILVER RIDGE ST 500",26.00,W,N,A,-,N,,,,,,,,,,N,3,0,1,2,A,-,08,22107,,N,H,G,A,A,H,-,A,D,0,,Y,,,Y,,J,48,0,1,0,0,0,0,1,0,0,"- ","- ",35.613170623779297,-117.66542053222656,KERN,RIDGECREST,,
8920230,2019,2019-09-06,1507,2019-08-06,1707,280,16,2,5,3,1507,0,0,0,,0,,"W LOS ANGELES AV","S REIKER ST",0.00,,Y,A,-,N,,,,,,,,,,N,3,0,2,2,A,-,09,21801,A,N,D,C,A,A,H,-,A,D,0,,,,,Y,,A,01,0,2,0,0,0,0,0,0,0,"- ","- ",35.492599487304688,-119.28505706787109,KERN,SHAFTER,-119.28507232666016,35.492630004882812
8920425,2019,2019-08-22,1506,2019-07-02,1730,5293,37,2,5,4,1506,0,0,0,,0,,"EAST CALIFORNIA AV","S GEMSTONE ST",0.00,,Y,A,-,N,,,,,,,,,,Y,3,0,2,2,A,-,03,22350,,N,D,C,A,A,H,-,A,A,0,,,,,Y,,A,01,0,2,0,0,0,0,0,0,0,"- ","- ",35.620700836181641,-117.66874694824219,KERN,RIDGECREST,-117.66777038574219,35.620700836181641
8920916,2019,2019-08-26,1501,2019-05-03,1854,990,16,5,5,3,1501,0,0,0,,0,001,"HAVEN DR","N HILL AV",216.00,W,N,A,-,N,,,,,,,,,,N,3,0,1,2,A,-,11,21950,B,N,G,B,D,A,H,-,A,D,0,Y,,,,Y,Y,N,60,0,1,0,0,1,0,0,0,0,"- ","- ",35.205711364746094,-118.83164215087891,KERN,ARVIN,-118.8316650390625,35.205425262451172
8923467,2019,2019-09-19,1507,2019-08-08,0520,282,100,4,5,3,1507,0,0,0,,0,,"SANTA FE WY","BURBANK ST",0.00,,Y,A,-,N,,,,,,,,,,Y,4,0,1,3,A,-,09,21801,A,N,C,C,A,A,H,-,D,D,0,,,,,Y,,A,01,0,0,1,0,0,0,0,0,0,"- ","- ",35.470680236816406,-119.23459625244141,KERN,SHAFTER,-119.23457336425781,35.470661163330078
8923471,2019,2019-08-29,1507,2019-08-09,0559,282,,5,5,3,1507,0,0,0,,0,,"EAST LERDO HWY","ZERKER RD",8.00,E,N,A,-,N,,,,,,,,,,N,4,0,1,2,A,-,04,21703,,N,C,C,A,A,H,-,B,A,0,,,Y,,Y,,D,22,0,0,1,0,0,0,0,0,1,"- ","- ",35.499801635742188,-119.17015838623047,KERN,SHAFTER,-119.170166015625,35.499801635742188