CASE_ID,ACCIDENT_YEAR,PROC_DATE,JURIS,COLLISION_DATE,COLLISION_TIME,OFFICER_ID,REPORTING_DISTRICT,DAY_OF_WEEK,CHP_SHIFT,POPULATION,CNTY_CITY_LOC,SPECIAL_COND,BEAT_TYPE,CHP_BEAT_TYPE,CITY_DIVISION_LAPD,CHP_BEAT_CLASS,BEAT_NUMBER,PRIMARY_RD,SECONDARY_RD,DISTANCE,DIRECTION,INTERSECTION,WEATHER_1,WEATHER_2,STATE_HWY_IND,CALTRANS_COUNTY,CALTRANS_DISTRICT,STATE_ROUTE,ROUTE_SUFFIX,POSTMILE_PREFIX,POSTMILE,LOCATION_TYPE,RAMP_INTERSECTION,SIDE_OF_HWY,TOW_AWAY,COLLISION_SEVERITY,NUMBER_KILLED,NUMBER_INJURED,PARTY_COUNT,PRIMARY_COLL_FACTOR,PCF_CODE_OF_VIOL,PCF_VIOL_CATEGORY,PCF_VIOLATION,PCF_VIOL_SUBSECTION,HIT_AND_RUN,TYPE_OF_COLLISION,MVIW,PED_ACTION,ROAD_SURFACE,ROAD_COND_1,ROAD_COND_2,LIGHTING,CONTROL_DEVICE,CHP_ROAD_TYPE,PEDESTRIAN_ACCIDENT,BICYCLE_ACCIDENT,MOTORCYCLE_ACCIDENT,TRUCK_ACCIDENT,NOT_PRIVATE_PROPERTY,ALCOHOL_INVOLVED,STWD_VEHTYPE_AT_FAULT,CHP_VEHTYPE_AT_FAULT,COUNT_SEVERE_INJ,COUNT_VISIBLE_INJ,COUNT_COMPLAINT_PAIN,COUNT_PED_KILLED,COUNT_PED_INJURED,COUNT_BICYCLIST_KILLED,COUNT_BICYCLIST_INJURED,COUNT_MC_KILLED,COUNT_MC_INJURED,PRIMARY_RAMP,SECONDARY_RAMP,LATITUDE,LONGITUDE,COUNTY,CITY,POINT_X,POINT_Y
8989504,2018,2019-11-27,1503,2018-09-07,1950,10160,2013,5,5,4,1503,0,0,0,,0,,"CECIL AV","BROWNING RD",32.00,W,N,A,-,N,,,,,,,,,,N,3,0,2,2,A,-,12,22450,A,N,C,C,A,A,H,-,C,A,0,,,,,Y,,D,22,0,2,0,0,0,0,0,0,0,"- ","- ",35.77587890625,-119.22319030761719,KERN,DELANO,-119.22329711914062,35.775848388671875
8989505,2018,2019-11-26,1503,2018-10-16,1216,10159,3011,2,5,4,1503,0,0,0,,0,,"14TH AV","KENSINGTON ST",0.00,,Y,A,-,N,,,,,,,,,,Y,3,0,1,2,A,-,09,21802,A,N,D,C,A,A,H,-,A,A,0,,,,,Y,,A,01,0,1,0,0,0,0,0,0,0,"- ","- ",,,KERN,DELANO,-119.24418640136719,35.774658203125
8989506,2018,2019-11-26,1503,2018-12-31,1627,10159,2011,1,5,4,1503,0,0,0,,0,,"HIGH ST","LIGHT POLE 2321302E",70.00,E,N,A,-,N,,,,,,,,,,Y,3,0,1,3,A,-,"- ",,,N,B,C,A,A,H,-,B,D,0,,,,,Y,,A,01,0,1,0,0,0,0,0,0,0,"- ","- ",35.777671813964844,-119.24864959716797,KERN,DELANO,,
8989509,2018,2019-11-26,1503,2018-11-07,1529,10159,3012,3,5,4,1503,0,0,0,,0,,"13TH AV","RANDOLPH ST",0.00,,Y,A,-,N,,,,,,,,,,Y,3,0,2,2,A,-,09,21802,A,N,D,C,A,A,H,-,A,A,0,,,,,Y,,A,01,0,1,1,0,0,0,0,0,0,"- ","- ",35.774028778076172,-119.23200988769531,KERN,DELANO,-119.23200225830078,35.774051666259766
8989510,2018,2019-11-26,1503,2018-12-29,1513,1164,5010,6,5,4,1503,0,0,0,,0,,"GARCES HWY","ALBANY ST",0.00,,Y,A,-,N,,,,,,,,,,Y,4,0,1,2,A,-,09,21802,A,N,D,D,A,A,H,-,A,A,0,,,,,Y,,A,01,0,0,1,0,0,0,0,0,0,"- ","- ",35.761379241943359,-119.25852966308594,KERN,DELANO,-119.25852203369141,35.761379241943359
8989513,2018,2019-11-26,1503,2018-10-26,2300,10159,,5,5,4,1503,0,0,0,,0,,"HIETT AV","FRANCISCAN PLAZA",700.00,N,N,A,-,N,,,,,,,,,,N,2,0,1,2,A,-,"- ",,,N,H,A,F,A,H,-,C,D,0,Y,,,,Y,,A,07,1,0,0,0,1,0,0,0,0,"- ","- ",35.772560119628906,-119.26873779296875,KERN,DELANO,-119.26741790771484,35.773830413818359
8989514,2018,2019-12-02,1503,2018-11-16,2006,10167,5010,5,5,4,1503,0,0,0,,0,,"BELMONT ST","1ST AVE",383.00,N,N,A,-,N,,,,,,,,,,N,4,0,1,2,A,-,08,22107,,N,C,E,A,A,H,-,C,D,0,,,,,Y,,A,01,0,0,1,0,0,0,0,0,0,"- ","- ",35.75775146484375,-119.25406646728516,KERN,DELANO,-119.25404357910156,35.757720947265625
8989517,2018,2019-11-26,1503,2018-08-09,1547,10151,3011,4,5,4,1503,0,0,0,,0,,"COUNTY LINE RD","SAN FELICE ST",227.00,E,N,A,-,N,,,,,,,,,,N,3,0,1,2,A,-,08,22107,,N,B,C,A,A,H,-,A,D,0,,,,,Y,,A,01,0,1,0,0,0,0,0,0,0,"- ","- ",,,KERN,DELANO,-119.21910858154297,35.790485382080078
8989518,2018,2019-12-02,1503,2018-12-07,1250,10146,3010,5,5,4,1503,0,0,0,,0,,"CECIL AV","HIGH ST",0.00,,Y,A,-,N,,,,,,,,,,N,4,0,1,2,A,-,00,22650,A,N,C,C,A,A,H,-,A,D,0,,,,,Y,,A,01,0,0,1,0,0,0,0,0,0,"- ","- ",35.775909423828125,-119.24928283691406,KERN,DELANO,-119.24932098388672,35.775909423828125
8989582,2018,2019-12-07,1503,2018-11-13,0832,10165,3009,2,5,4,1503,0,0,0,,0,,"11TH AV","ALMOND TREE WY",0.00,,Y,A,-,N,,,,,,,,,,N,4,0,1,2,A,-,09,21804,A,N,D,C,A,A,H,-,A,A,0,,,,,Y,,A,07,0,0,1,0,0,0,0,0,0,"- ","- ",35.768619537353516,-119.26548004150391,KERN,DELANO,-119.26551818847656,35.768630981445312
8989624,2018,2019-11-27,1503,2018-09-21,1400,10168,4011,5,5,4,1503,0,0,0,,0,,"MAIN ST","7TH AV",0.00,,-,A,-,N,,,,,,,,,,N,4,0,1,2,A,-,08,22108,,N,D,C,A,A,H,-,A,A,0,,,,,Y,,D,72,0,0,1,0,0,0,0,0,0,"- ","- ",35.765228271484375,-119.24472808837891,KERN,DELANO,-119.2447509765625,35.765171051025391
8989626,2018,2019-12-07,1503,2018-11-19,0952,10168,,1,5,4,1503,0,0,0,,0,,"MAIN ST","8TH AV",0.00,,Y,A,-,N,,,,,,,,,,N,4,0,4,2,A,-,12,22450,,N,B,C,A,A,H,-,A,A,0,,,,,Y,,A,01,0,0,4,0,0,0,0,0,0,"- ","- ",35.766510009765625,-119.24504852294922,KERN,DELANO,-119.24504852294922,35.766490936279297
8989655,2018,2019-11-27,1503,2018-12-07,1605,1098,2012,5,5,4,1503,0,0,0,,0,,"CECIL AV","NORWALK ST",0.00,E,-,A,B,N,,,,,,,,,,N,3,0,1,2,A,-,04,21703,,N,C,C,A,A,H,-,A,A,0,,,,,Y,Y,D,22,0,1,0,0,0,0,0,0,0,"- ","- ",35.775920867919922,-119.24588775634766,KERN,DELANO,-119.24099731445312,35.775909423828125
8989735,2018,2019-12-04,1503,2018-09-10,1445,10159,2014,1,5,4,1503,0,0,0,,0,,"BROWNING RD","20TH AV",0.00,,Y,A,-,N,,,,,,,,,,N,3,0,1,2,A,-,12,21453,A,N,D,C,A,A,H,-,A,A,0,,,,,Y,,A,07,0,1,0,0,0,0,0,0,0,"- ","- ",35.783210754394531,-119.22315216064453,KERN,DELANO,-119.22315979003906,35.783191680908203
8989743,2018,2019-12-20,1503,2018-10-09,1713,10165,5011,2,5,4,1503,0,0,0,,0,,"RT 99","WOOLLOMES AV",0.00,,Y,A,-,Y,KER,6,99,-,-,54.650,H,-,S,Y,4,0,2,3,A,-,04,21703,,N,C,C,A,A,H,-,A,D,0,,,,,Y,,A,01,0,0,2,0,0,0,0,0,0,"- ",WF,35.746860504150391,-119.24378967285156,KERN,DELANO,-119.24495697021484,35.749282836914062
8989747,2018,2019-12-20,1503,2018-11-30,1130,10160,4012,5,5,4,1503,0,0,0,,0,,"GARCES HWY","OXFORD ST",16.00,E,N,A,-,Y,KER,6,155,-,R,0.640,H,-,E,Y,3,0,2,3,A,-,09,21801,A,N,D,D,A,A,H,-,A,A,0,,,,,Y,,A,01,0,2,0,0,0,0,0,0,0,"- ","- ",35.761459350585938,-119.23784637451172,KERN,DELANO,-119.23778533935547,35.761417388916016
8990075,2019,2019-12-04,1501,2019-04-29,1123,914,18,1,5,3,1501,0,0,0,,0,002,"COMANCHE DR","MARK RD",0.00,,Y,A,-,N,,,,,,,,,,N,3,0,1,3,A,-,09,21804,,N,D,C,A,A,H,-,A,D,0,,,,,Y,,A,01,0,1,0,0,0,0,0,0,0,"- ","- ",,,KERN,ARVIN,-118.84210205078125,35.201328277587891
8991977,2019,2019-12-04,1501,2019-10-06,0301,988,12,7,5,3,1501,0,0,0,,0,001,"BEAR MOUNTAIN BL","CAMPUS DR",0.00,,Y,A,-,N,,,223,,,,,,,Y,3,0,2,2,A,-,12,21453,A,M,D,C,A,A,H,-,C,A,0,,,,,Y,Y,-,99,0,1,1,0,0,0,0,0,0,"- ","- ",35.209018707275391,-118.83319854736328,KERN,ARVIN,-118.83319854736328,35.209079742431641
8992213,2019,2020-01-18,1507,2019-11-09,1737,271,46,6,5,3,1507,0,0,0,,0,,"COMMUNITY DR","FLOWER TREE LN",0.00,,Y,A,-,N,,,,,,,,,,N,2,0,1,2,A,-,08,22107,,N,H,C,A,A,H,-,C,D,0,,,,,Y,,A,01,1,0,0,0,0,0,0,0,0,"- ","- ",35.441650390625,-119.22059631347656,KERN,SHAFTER,-119.10993000000001,35.445210000000003
8992636,2019,2020-03-26,1501,2019-11-17,0000,988,15,7,5,3,1501,0,0,0,,0,002,"GROVE ST","GROVE ST 600",0.00,,N,A,-,N,,,,,,,,,,Y,4,0,2,2,A,-,03,22350,,N,D,E,A,A,H,-,C,D,0,,,,,Y,Y,A,01,0,0,2,0,0,0,0,0,0,"- ","- ",35.20343017578125,-118.83405303955078,KERN,ARVIN,-118.83427500000001,35.203425000000003
8992653,2019,2019-12-19,1507,2019-11-10,1755,278,12,7,5,3,1507,0,0,0,,0,,"CENTRAL AV","JAMES ST",156.00,W,N,A,-,N,,,,,,,,,,N,3,0,2,3,A,-,11,21954,A,N,G,B,D,A,H,-,C,D,0,Y,,,,Y,,N,60,0,2,0,0,2,0,0,0,0,"- ","- ",35.501941680908203,-119.27597808837891,KERN,SHAFTER,-119.27596282958984,35.501628875732422
8993945,2019,2020-01-13,1507,2019-11-20,0647,281,200,3,5,3,1507,0,0,0,,0,,"ZERKER RD","RENFRO RD",63.00,N,N,C,-,N,,,,,,,,,,N,2,0,1,1,A,-,03,22350,,N,H,A,A,B,H,-,B,D,0,,,,,Y,,M,57,1,0,0,0,0,0,0,0,0,"- ","- ",35.441669464111328,-119.15434265136719,KERN,SHAFTER,-119.15390777587891,35.456192016601562
8993949,2019,2020-01-13,1507,2019-11-21,0110,285,27,4,5,3,1507,0,0,0,,0,,"LERDO HWY","CHERRY AV",4224.00,E,N,C,-,N,,,,,,,,,,Y,2,0,1,1,A,-,08,22107,,N,E,J,A,B,H,-,D,A,0,,,,,Y,,A,01,1,0,0,0,0,0,0,0,0,"- ","- ",35.499858856201172,-119.24275207519531,KERN,SHAFTER,-119.22857666015625,35.49981689453125
8994006,2019,2020-01-17,1507,2019-11-23,1923,272,20,6,5,3,1507,0,0,0,,0,,"SANTA FE HWY","RIVERSIDE AV",0.00,,Y,A,-,N,,,,,,,,,,Y,3,0,1,2,A,-,09,21801,A,N,D,D,A,A,H,-,D,D,0,,,,,Y,,A,01,0,1,0,0,0,0,0,0,0,"- ","- ",35.485260009765625,-119.25241851806641,KERN,SHAFTER,-119.25238037109375,35.485271453857422
8994010,2019,2020-01-17,1507,2019-11-27,0642,278,27,3,5,3,1507,0,0,0,,0,,"LERDO HWY",DRIVER,289.00,E,N,C,-,N,,,,,,,,,,Y,3,0,1,1,A,-,03,22350,,N,E,I,A,B,H,-,A,A,0,,,,,Y,,A,01,0,1,0,0,0,0,0,0,0,"- ","- ",35.499759674072266,-119.20577239990234,KERN,SHAFTER,-119.20480346679688,35.499778747558594
8998116,2019,2020-01-14,1506,2019-11-21,1240,1781,18,4,5,4,1506,0,0,0,,0,,"INYO ST","W EVELYN CT",0.00,,Y,B,-,N,,,,,,,,,,Y,3,0,2,2,A,-,08,22107,,N,A,C,A,A,H,-,A,A,0,,,,,Y,,A,01,0,2,0,0,0,0,0,0,0,"- ","- ",35.630279541015625,-117.69223022460938,KERN,RIDGECREST,-117.69216918945312,35.63037109375
9000402,2019,2020-01-06,1508,2019-11-23,2125,138,6B,6,5,2,1508,0,0,0,,0,,"GARDNER FIELD RD","DUVALL RD",3686.00,W,N,A,-,N,,,,,,,,,,Y,3,0,3,2,A,-,06,21751,,F,A,C,A,A,H,-,D,D,0,,,,,Y,,D,22,0,2,1,0,0,0,0,0,0,"- ","- ",35.136909484863281,-119.439697265625,KERN,TAFT,-119.38882446289062,35.130100250244141
9000727,2019,2020-02-11,1508,2019-11-25,0422,112,2B,1,5,2,1508,0,0,0,,0,,"A ST","LOMA VISTA AV",226.00,W,N,A,-,N,,,,,,,,,,Y,4,0,1,2,A,-,08,22107,,N,C,E,A,A,H,-,C,D,0,,,,,Y,,A,01,0,0,1,0,0,0,0,0,0,"- ","- ",35.136791229248047,-119.46993255615234,KERN,TAFT,-119.46982574462891,35.136760711669922
90007722,2015,2015-10-19,9426,2015-08-03,1720,018932,,1,2,9,1500,0,1,1,,2,502,"I-5 N/B",SR-46,3960.00,S,N,A,-,Y,,,5,,,,,,N,Y,4,0,1,3,A,-,03,22350,,N,C,C,A,A,D,-,A,D,0,,,,,Y,,A,01,0,0,1,0,0,0,0,0,0,"- ","- ",35.601399999999998,-119.64086,KERN,UNINCORPORATED,-119.64090373000001,35.60135812
90007832,2015,2015-10-19,9426,2015-08-10,0445,018853,,1,3,9,1500,0,1,3,,1,460,"SR-46 W/B","ALOMA STREET",140.00,E,N,A,-,Y,,,46,,,,,,W,Y,4,0,1,2,A,-,07,21658,A,N,B,C,A,A,H,-,C,D,0,,,,,Y,,A,01,0,0,1,0,0,0,0,0,0,"- ","- ",35.616219999999998,-119.6568,KERN,UNINCORPORATED,-119.65679969999999,35.616176869999997
90008034,2015,2015-11-19,9420,2015-08-09,1448,19185,,7,2,9,1500,0,1,3,,2,097,"SR-99 S/B","VALPREDO ROAD",1848.00,S,N,A,-,Y,,,99,,,,,,S,Y,4,0,1,3,A,-,07,21658,A,N,B,C,A,A,H,-,A,D,0,,,,,Y,,A,01,0,0,1,0,0,0,0,0,0,"- ","- ",35.071109999999997,-118.97253000000001,KERN,UNINCORPORATED,-118.97231789,35.071177130000002
90008205,2015,2015-10-19,9420,2015-08-11,1545,015119,,2,2,9,1500,0,1,3,,1,583,"SR-58 (ROSEDALE HIGHWAY)","FRUITVALE AVENUE",265.00,E,N,A,-,Y,,,58,,,,,,,Y,4,0,3,2,A,-,03,22350,,N,C,C,A,A,D,-,A,D,0,,,,,Y,,D,22,0,0,3,0,0,0,0,0,0,"- ","- ",35.383459999999999,-119.07308999999999,KERN,UNINCORPORATED,-119.07309032000001,35.383348890000001
90008344,2015,2015-10-19,9430,2015-08-05,1420,017187,,3,2,9,1500,0,1,3,,2,090,"SR-99 N/B",SR-166,5280.00,S,N,A,-,Y,,,99,,,,,,N,Y,4,0,1,2,A,-,03,22350,,N,C,C,A,A,H,-,A,A,0,,,,,Y,,D,22,0,0,1,0,0,0,0,0,0,"- ","- ",35.039960000000001,-118.96195,KERN,UNINCORPORATED,-118.96212676,35.039904200000002
90008435,2015,2015-10-19,9420,2015-08-06,1725,015896,,4,2,9,1500,0,2,4,,1,052,"ROBERTS LN","N. CHESTER AVE",100.00,E,N,A,-,N,,,,,,,,,,Y,4,0,1,1,A,-,03,22350,,N,E,I,A,A,A,-,A,D,0,,,,,Y,,A,01,0,0,1,0,0,0,0,0,0,"- ","- ",34.4086,-119.02030000000001,KERN,UNINCORPORATED,-119.02108,35.408639999999998
90008552,2015,2015-10-19,9420,2015-08-11,1500,017253,,2,2,9,1500,0,2,4,,1,052,"NORRIS ROAD","HOWARD AVENUE",265.00,E,N,A,-,N,,,,,,,,,,N,4,0,2,2,A,-,07,21658,A,N,B,C,A,A,H,-,A,D,0,,,,,Y,,A,01,0,0,2,0,0,0,0,0,0,"- ","- ",35.419440000000002,-119.02285000000001,KERN,UNINCORPORATED,-119.02249171,35.419510000000002
90008564,2015,2015-10-19,9420,2015-08-10,2110,019185,,1,2,9,1500,0,1,3,,2,096,"SR-99 N/B (GOLDEN STATE HWY)","SANDRINI ROAD",5280.00,S,N,A,-,Y,,,99,,,,,,N,Y,3,0,1,2,A,-,08,22107,,N,B,C,A,A,H,-,D,D,0,,,,,Y,,D,22,0,1,0,0,0,0,0,0,0,"- ","- ",35.109470000000002,-118.98383,KERN,UNINCORPORATED,-118.98408127,35.109389880000002
90008820,2015,2015-10-19,9426,2015-08-14,0555,016921,,5,3,9,1500,0,3,5,,2,087,"COPUS RD","OLD RIVER RD",565.00,E,N,A,-,N,,,,,,,,,,Y,4,0,4,3,A,-,03,22350,,N,C,C,A,A,H,-,B,D,0,,,,,Y,,D,22,0,0,4,0,0,0,0,0,0,"- ","- ",35.0946,-119.10796000000001,KERN,UNINCORPORATED,-119.10803387999999,35.094557610000003
90008830,2015,2015-10-19,9420,2015-08-12,2332,019723,,3,3,9,1500,0,1,3,,2,177,SR-178,"RANCHERIA RD",33792.00,E,N,A,-,Y,,,,,,,,,,Y,2,0,1,1,A,-,03,22350,,N,F,A,A,A,H,-,D,D,0,,,,,Y,,A,01,1,0,0,0,0,0,0,0,0,"- ","- ",35.473280000000003,-119.71786,KERN,UNINCORPORATED,,
90009077,2015,2015-10-19,9426,2015-08-11,1605,018932,,2,2,9,1500,0,1,3,,1,460,"SR-46 E/B","SAN LUIS OBISPO COUNTY LINE",2640.00,E,N,A,-,Y,,,46,,,,,,E,Y,3,0,5,1,A,-,08,22107,,N,F,A,A,A,H,-,A,D,0,,,,,Y,,E,22,0,2,3,0,0,0,0,0,0,"- ","- ",35.720300000000002,-120.18197000000001,KERN,UNINCORPORATED,-120.18195154,35.720334940000001
90009362,2015,2015-11-20,9426,2015-08-17,2025,015576,,1,2,9,1500,0,1,1,,2,500,"I-5 S/B",SR-46,1056.00,N,N,F,G,Y,,,5,,,,,,S,Y,4,0,4,2,A,-,03,22350,,N,C,C,A,A,D,-,D,A,0,,,,,Y,,A,01,0,0,4,0,0,0,0,0,0,"- ","- ",35.619770000000003,-119.65619,KERN,UNINCORPORATED,-119.65613178,35.619813649999998
90009364,2015,2015-10-19,9420,2015-08-08,2150,019442,,6,2,9,1500,0,3,5,,2,620,"HEATH RD.","JOHNSON RD.",0.00,,Y,A,-,N,,,,,,,,,,Y,3,0,1,2,A,-,01,23152,A,N,B,C,A,A,H,-,C,D,0,,,,,Y,Y,A,01,0,1,0,0,0,0,0,0,0,"- ","- ",35.36159,-119.18080999999999,KERN,UNINCORPORATED,-119.18099993,35.361660110000003
90009392,2015,2015-10-19,9420,2015-08-10,0500,019442,,1,3,9,1500,0,3,5,,2,520,"FAMOSO RD.","DRIVER RD.",3.00,W,N,A,-,N,,,,,,,,,,Y,3,0,1,2,A,-,09,21802,A,N,D,C,A,A,H,-,D,D,0,,,,,Y,,A,01,0,1,0,0,0,0,0,0,0,"- ","- ",35.601990000000001,-119.20447,KERN,UNINCORPORATED,-119.20434007999999,35.602049999999998
90009407,2015,2015-10-19,9420,2015-08-10,1110,019184,,1,1,9,1500,0,3,5,,2,510,SR-155,"ZERKER RD.",946.00,W,N,A,-,Y,,,155,,,,,,,Y,4,0,1,2,A,-,03,22350,,N,C,C,A,A,H,-,A,D,0,,,,,Y,,A,01,0,0,1,0,0,0,0,0,0,"- ","- ",35.761139999999997,-119.15505,KERN,UNINCORPORATED,-119.15504998,35.761491159999999
90009430,2015,2015-10-19,9426,2015-08-16,1440,017281,,7,2,9,1500,0,3,5,,2,082,"BRANDT RD","7TH STANDARD RD",4752.00,S,N,A,-,N,,,,,,,,,,Y,3,0,1,1,A,-,08,22107,,N,E,I,A,A,H,-,A,D,0,,,,,Y,,A,01,0,1,0,0,0,0,0,0,0,"- ","- ",35.43591,-119.37594,KERN,UNINCORPORATED,-119.37614440999999,35.429067940000003
90009678,2015,2015-10-19,9430,2015-08-10,1515,013402,,1,2,9,1500,0,1,1,,2,053,"I-5 S/B","#4 TURN THROUGH",15.00,S,N,A,-,Y,,,5,,,,,,S,Y,2,0,2,1,A,-,08,22107,,N,E,I,A,A,H,-,A,D,0,,,,,Y,,A,07,2,0,0,0,0,0,0,0,0,"- ","- ",34.902940000000001,-118.92319999999999,KERN,UNINCORPORATED,-118.9232794,34.90292161
90009761,2015,2015-10-19,9426,2015-08-11,1730,15896,,2,2,9,1500,0,2,S,,2,904,"SEVENTH STANDARD RD","WILDWOOD RD",0.00,,Y,A,-,N,,,,,,,,,,Y,3,0,1,2,A,-,09,21802,A,N,D,C,A,A,H,-,A,A,0,,,,,Y,,M,46,0,1,0,0,0,0,0,0,0,"- ","- ",35.442300000000003,-119.4387,KERN,UNINCORPORATED,-119.43945999,35.442310110000001
90009833,2015,2015-10-19,9420,2015-08-17,0655,016926,,1,1,9,1500,0,1,3,,2,093,"SR-99 S/B","NORRIS ROAD",1088.00,N,N,A,-,Y,,,99,,,,,,S,Y,3,0,1,2,A,-,03,22350,,N,C,C,A,A,H,-,A,D,0,,,,Y,Y,,E,22,0,1,0,0,0,0,0,0,0,"- ","- ",35.42709,-119.06795,KERN,UNINCORPORATED,-119.06789320999999,35.42719512
90009841,2015,2015-10-19,9420,2015-08-12,1820,015896,,3,2,9,1500,0,3,5,,2,060,"RENFRO RD","GREATEST PL",0.00,,Y,A,-,N,,,,,,,,,,Y,4,0,1,2,A,-,09,21801,A,N,A,C,A,A,H,-,A,A,0,,,,,Y,,A,01,0,0,1,0,0,0,0,0,0,"- ","- ",35.381799999999998,-119.1631,KERN,UNINCORPORATED,-119.16327995,35.381160059999999
90009990,2015,2015-10-19,9420,2015-08-13,0510,017972,,4,3,9,1500,0,1,3,,1,184,SR-184,"MONTAL ST",0.00,,Y,A,-,Y,,,184,,,,,,,Y,4,0,3,2,A,-,09,21802,A,N,D,C,A,A,H,-,B,D,0,,,,,Y,,D,22,0,0,3,0,0,0,0,0,0,"- ","- ",35.268720000000002,-118.91431,KERN,UNINCORPORATED,-118.9143996,35.268720199999997
90010046,2015,2015-10-19,9420,2015-08-14,1815,017253,,5,2,9,1500,0,3,5,,2,540,"FAMOSO PORTERVILLE HIGHWAY","WHISLER ROAD",193.00,S,N,A,-,N,,,,,,,,,,Y,4,0,1,1,A,-,03,22350,,N,F,A,A,A,H,-,A,D,0,,,,Y,Y,,G,25,0,0,1,0,0,0,0,0,0,"- ","- ",35.645569999999999,-119.19701999999999,KERN,UNINCORPORATED,-119.20106804,35.645108860000001
90010098,2015,2015-10-19,9420,2015-08-14,0555,016767,,5,3,9,1500,0,1,3,,2,430,SR-43,"POND ROAD",0.00,,Y,A,-,Y,,,43,,,,,,,Y,4,0,1,2,A,-,09,21802,A,N,D,C,A,A,H,-,B,A,0,,,,,Y,,A,01,0,0,1,0,0,0,0,0,0,"- ","- ",35.718170000000001,-119.3306,KERN,UNINCORPORATED,-119.33051654,35.718185679999998
90010103,2015,2015-10-19,9430,2015-08-18,1910,017241,,2,2,9,1500,0,1,1,,2,053,"I-5 SB","GRAPEVINE U/C",528.00,N,N,A,-,Y,,,5,,,,,,S,Y,4,0,3,2,A,-,07,21658,A,N,D,C,A,A,H,-,A,D,0,,,,,Y,,A,01,0,0,3,0,0,0,0,0,0,"- ","- ",34.941330000000001,-118.93107999999999,KERN,UNINCORPORATED,-118.93122993999999,34.941292830000002
90010211,2015,2015-10-19,9426,2015-08-14,1655,015633,,5,2,9,1500,0,1,3,,1,332,SR-33,"KLIPSTEIN CANYON RD",5808.00,S,N,A,-,Y,,,33,,,,,,,Y,4,0,1,2,A,-,03,22350,,N,C,C,A,A,H,-,A,D,0,,,,,Y,,A,01,0,0,1,0,0,0,0,0,0,"- ","- ",35.003140000000002,-119.42131999999999,KERN,UNINCORPORATED,-119.42118785,35.003102249999998
90010552,2015,2015-10-19,9420,2015-08-07,0244,019442,,5,3,9,1500,0,2,4,,1,051,"N. CHESTER AVE. N/B","ROBERTS LANE",68.00,N,N,A,-,N,,,,,,,,,,N,3,0,1,2,A,-,09,21804,A,N,D,C,A,A,H,-,C,D,0,,Y,,,Y,,L,04,0,1,0,0,0,0,1,0,0,"- ","- ",35.408909999999999,-119.02082,KERN,UNINCORPORATED,-119.02108333,35.408826570000002
90010595,2015,2015-10-19,9420,2015-08-13,1520,016969,,4,2,9,1500,0,1,3,,2,094,"SR-99 N/B","HOSKING RD. O/C",1584.00,S,N,A,-,Y,,,,,,,,,,Y,4,0,3,2,A,-,04,21703,,N,C,C,A,A,H,-,A,D,0,,,,,Y,,A,01,0,0,3,0,0,0,0,0,0,"- ","- ",35.276870000000002,-119.02551,KERN,UNINCORPORATED,-119.02655,35.281309999999998
90010602,2015,2015-10-19,9420,2015-08-14,0830,019184,,5,1,9,1500,0,1,3,,2,585,"SR-58 W/B","HUGHES LN.",1200.00,E,N,A,-,Y,,,58,,,,,,W,Y,4,0,1,2,A,-,03,22350,,N,C,C,A,D,G,-,A,D,0,,,,,Y,,A,01,0,0,1,0,0,0,0,0,0,"- ","- ",35.352670000000003,-119.02529,KERN,UNINCORPORATED,-119.02528973,35.352744739999999
90010604,2015,2015-10-19,9420,2015-08-14,1550,019963,,5,2,9,1500,0,2,4,,1,075,"S. UNION AVENUE","BELLE TERRACE",5.00,N,N,A,-,N,,,,,,,,,,N,4,0,1,2,A,-,12,21453,A,N,D,G,A,A,H,-,A,A,0,,Y,,,Y,,L,04,0,0,1,0,0,0,1,0,0,"- ","- ",35.346730000000001,-118.99374,KERN,UNINCORPORATED,-119.0031,35.346713719999997
90010616,2015,2015-10-19,9420,2015-08-15,0935,018307,,6,1,9,1500,0,2,4,,1,052,"NORRIS ROAD","DIANE DRIVE",150.00,W,N,A,-,N,,,,,,,,,,Y,3,0,1,2,A,-,21,22106,,N,D,C,A,A,H,-,A,D,0,,,,,Y,,D,22,0,1,0,0,0,0,0,0,0,"- ","- ",35.419589999999999,-119.03234999999999,KERN,UNINCORPORATED,-119.03213280999999,35.419531929999998
90010708,2015,2015-10-19,9426,2015-08-23,1050,014794,,7,1,9,1500,0,1,1,,2,506,"I-5 S/B","COPUS RD.",500.00,N,N,A,-,Y,,,,,,,,,,Y,3,0,1,1,A,-,08,22107,,N,F,A,A,A,H,-,A,D,0,,,,,Y,,A,01,0,1,0,0,0,0,0,0,0,"- ","- ",35.095649999999999,-119.03032,KERN,UNINCORPORATED,,
90010722,2015,2015-10-19,9420,2015-08-15,0810,019459,,6,1,9,1500,0,1,3,,1,176,"SR-178 W/B","BEALE AVE",300.00,W,N,A,-,Y,,,,,,,,,,Y,4,0,1,2,A,-,08,22107,,N,B,C,A,A,H,-,A,D,0,,,,,Y,,A,01,0,0,1,0,0,0,0,0,0,"- ","- ",35.385809999999999,-118.98837,KERN,UNINCORPORATED,-118.98716768,35.385974009999998