CASE_ID,ACCIDENT_YEAR,PROC_DATE,JURIS,COLLISION_DATE,COLLISION_TIME,OFFICER_ID,REPORTING_DISTRICT,DAY_OF_WEEK,CHP_SHIFT,POPULATION,CNTY_CITY_LOC,SPECIAL_COND,BEAT_TYPE,CHP_BEAT_TYPE,CITY_DIVISION_LAPD,CHP_BEAT_CLASS,BEAT_NUMBER,PRIMARY_RD,SECONDARY_RD,DISTANCE,DIRECTION,INTERSECTION,WEATHER_1,WEATHER_2,STATE_HWY_IND,CALTRANS_COUNTY,CALTRANS_DISTRICT,STATE_ROUTE,ROUTE_SUFFIX,POSTMILE_PREFIX,POSTMILE,LOCATION_TYPE,RAMP_INTERSECTION,SIDE_OF_HWY,TOW_AWAY,COLLISION_SEVERITY,NUMBER_KILLED,NUMBER_INJURED,PARTY_COUNT,PRIMARY_COLL_FACTOR,PCF_CODE_OF_VIOL,PCF_VIOL_CATEGORY,PCF_VIOLATION,PCF_VIOL_SUBSECTION,HIT_AND_RUN,TYPE_OF_COLLISION,MVIW,PED_ACTION,ROAD_SURFACE,ROAD_COND_1,ROAD_COND_2,LIGHTING,CONTROL_DEVICE,CHP_ROAD_TYPE,PEDESTRIAN_ACCIDENT,BICYCLE_ACCIDENT,MOTORCYCLE_ACCIDENT,TRUCK_ACCIDENT,NOT_PRIVATE_PROPERTY,ALCOHOL_INVOLVED,STWD_VEHTYPE_AT_FAULT,CHP_VEHTYPE_AT_FAULT,COUNT_SEVERE_INJ,COUNT_VISIBLE_INJ,COUNT_COMPLAINT_PAIN,COUNT_PED_KILLED,COUNT_PED_INJURED,COUNT_BICYCLIST_KILLED,COUNT_BICYCLIST_INJURED,COUNT_MC_KILLED,COUNT_MC_INJURED,PRIMARY_RAMP,SECONDARY_RAMP,LATITUDE,LONGITUDE,COUNTY,CITY,POINT_X,POINT_Y
90092189,2015,2016-01-11,9830,2015-12-25,0735,014774,,5,1,9,1500,0,1,3,,2,014,"SR-58 E/B","CACHE CREEK SCALES",1056.00,E,N,A,-,Y,,,58,,,,,,E,Y,4,0,2,1,A,-,03,22350,,N,E,I,A,C,H,-,A,D,0,,,,,Y,,A,01,0,0,2,0,0,0,0,0,0,"- ","- ",35.117310000000003,-118.22577,KERN,UNINCORPORATED,-118.22580038,35.117398979999997
90092307,2015,2016-01-11,9420,2015-12-31,0057,019442,,4,3,9,1500,0,1,3,,2,091,"SR-99 S/B",SR-46,4752.00,N,N,A,-,Y,,,99,,,,,,S,Y,2,0,1,2,A,-,03,22350,,N,C,C,A,A,H,-,D,D,0,,,,,Y,,A,01,1,0,0,0,0,0,0,0,0,"- ","- ",35.626890000000003,-119.21532000000001,KERN,UNINCORPORATED,-119.21534602,35.62688386
90092508,2016,2016-01-11,9830,2016-01-03,1656,021137,,7,2,9,1500,0,1,3,,1,040,"SR-14 S/B","BUSINESS 58 NORTH",32.00,E,N,A,-,N,,,14,,,,,,S,N,4,0,1,2,A,-,03,22350,,N,C,C,A,A,H,-,A,A,0,,,,,Y,,D,22,0,0,1,0,0,0,0,0,0,"- ","- ",35.066650000000003,-118.17794000000001,KERN,UNINCORPORATED,-118.17794910000001,35.066675230000001
90092548,2015,2016-01-11,9830,2015-12-30,1516,021137,,3,2,9,1500,0,1,3,,1,015,"SR-202 E/B","BANDUCCI RD",1954.00,E,N,A,-,Y,,,202,,,,,,E,Y,3,0,1,1,A,-,08,22107,,N,E,I,A,A,H,-,A,D,0,,,,,Y,,D,22,0,1,0,0,0,0,0,0,0,"- ","- ",35.111220000000003,-118.51578000000001,KERN,UNINCORPORATED,-118.51577021999999,35.111299789999997
90092568,2016,2016-01-11,9420,2016-01-03,1920,019185,,7,2,9,1500,0,1,3,,2,097,"SR-99 S/B","COPUS ROAD",670.00,S,N,B,-,Y,,,99,,,,,,S,Y,3,0,1,2,A,-,08,22107,,N,B,C,A,A,H,-,D,D,0,,,,,Y,,A,01,0,1,0,0,0,0,0,0,0,"- ","- ",35.092930000000003,-118.97915,KERN,UNINCORPORATED,-118.97920317000001,35.092913189999997
90092601,2016,2016-01-11,9420,2016-01-05,1820,019185,,2,2,9,1500,0,3,5,,2,070,"DORRANCE STREET","VIRGINIA AVENUE",10.00,S,N,B,C,N,,,,,,,,,,N,3,0,1,2,A,-,10,21950,A,F,G,B,B,B,H,-,D,A,0,Y,,,,Y,,-,99,0,1,0,0,1,0,0,0,0,"- ","- ",35.214089999999999,-118.57191,KERN,UNINCORPORATED,-118.95530634000001,35.361343060000003
90092706,2016,2016-01-11,9420,2016-01-04,1700,019891,,1,2,9,1500,0,2,4,,1,051,"MANOR ST.","ROBERTS LN.",500.00,S,N,B,-,N,,,,,,,,,,N,4,0,1,2,A,-,07,21658,A,N,B,C,A,A,H,-,B,D,0,,,,,Y,,A,01,0,0,1,0,0,0,0,0,0,"- ","- ",35.409019999999998,-119.01112000000001,KERN,UNINCORPORATED,-119.01153615,35.409393960000003
90093080,2015,2016-01-12,9430,2015-12-23,1435,018266,,3,2,9,1500,0,3,5,,2,004,"LAVAL RD","OUTLET DRIVE",3168.00,E,N,B,-,N,,,,,,,,,,Y,1,1,0,1,A,-,08,22107,,N,E,I,A,A,H,-,A,A,0,,,,,Y,,A,08,0,0,0,0,0,0,0,0,0,"- ","- ",34.98442,-118.92797,KERN,UNINCORPORATED,-118.92799616000001,34.984434700000001
90093121,2015,2016-01-12,9430,2015-12-24,1700,018397,,4,2,9,1500,0,1,1,,2,053,"I-5 NB","FORT TEJON O/C",4224.00,N,N,A,-,Y,,,,,,,,,,Y,3,0,2,3,A,-,03,22350,,N,C,C,A,A,H,-,D,D,0,,,,,Y,,A,01,0,1,1,0,0,0,0,0,0,"- ","- ",34.826509999999999,-118.01027000000001,KERN,UNINCORPORATED,,
90093464,2016,2016-01-12,9420,2016-01-08,1325,018643,,5,1,9,1500,0,1,3,,1,583,"SR-58 (ROSEDALE HIGHWAY)","JEWETTA AVENUE WEST",650.00,E,N,A,-,Y,,,58,,,,,,,N,3,0,1,1,A,-,03,22350,,N,F,A,A,A,H,-,A,D,0,,,Y,,Y,,C,02,0,1,0,0,0,0,0,0,1,"- ","- ",35.383450000000003,-119.12929,KERN,UNINCORPORATED,-119.12928982,35.383512449999998
90093652,2016,2016-01-12,9420,2016-01-04,1620,019891,,1,2,9,1500,0,2,4,,1,052,"ROBERTS LN.","TEAKWOOD DR",25.00,W,N,A,-,N,,,,,,,,,,Y,4,0,1,2,A,-,09,21804,A,N,D,C,A,A,H,-,A,D,0,,,,,Y,,D,22,0,0,1,0,0,0,0,0,0,"- ","- ",35.408580000000001,-119.03979,KERN,UNINCORPORATED,-119.03964379,35.408740000000002
90093662,2016,2016-01-12,9420,2016-01-08,1746,019686,,5,2,6,1502,0,1,3,,2,093,"SR-99 S/B","AIRPORT DR.",1300.00,S,N,A,-,Y,,,99,,,,,,S,N,4,0,1,3,A,-,03,22350,,N,C,C,A,A,H,-,C,D,0,,,,,Y,,D,22,0,0,1,0,0,0,0,0,0,"- ","- ",35.393219999999999,-119.04467,KERN,BAKERSFIELD,-119.04471959999999,35.393219590000001
90093751,2016,2016-01-12,9430,2016-01-04,1200,016388,,1,1,9,1500,0,1,3,,2,090,"SR-99 N/B","I-5 N/B O/C",620.00,S,N,B,-,Y,,,99,,,,,,N,Y,3,0,1,2,A,-,03,22350,,N,C,C,A,A,H,-,A,D,0,,,,,Y,,A,01,0,1,0,0,0,0,0,0,0,"- ","- ",35.016440000000003,-118.95477,KERN,UNINCORPORATED,-118.95469962,35.016462310000001
90094082,2016,2016-01-13,9830,2016-01-10,2155,019592,,7,2,9,1500,0,1,3,,2,014,"SR-58 W/B","BUSINESS ROUTE 58 NORTH",8448.00,W,N,B,-,Y,,,58,,,,,,W,Y,2,0,1,2,A,-,03,22350,,N,C,C,A,A,H,-,D,D,0,,,,Y,Y,,G,25,1,0,0,0,0,0,0,0,0,"- ","- ",35.117249999999999,-118.20762000000001,KERN,UNINCORPORATED,-118.20761804999999,35.117277860000002
90094310,2016,2016-01-13,9430,2016-01-01,1705,017187,,5,2,9,1500,0,1,3,,1,066,SR-166,"RT 5",1419.00,E,N,A,-,Y,,,166,,,,,,,Y,3,0,3,1,C,-,18,,,N,E,I,A,A,H,-,B,A,0,,,,,Y,,-,"- ",0,1,2,0,0,0,0,0,0,"- ","- ",35.059510000000003,-118.99366999999999,KERN,UNINCORPORATED,-118.99366922999999,35.0593334
90094649,2016,2016-01-13,9420,2016-01-07,1100,013475,,4,1,9,1500,0,3,5,,2,060,"HAGEMAN ROAD","ALLEN ROAD",0.00,,Y,A,-,N,,,,,,,,,,Y,4,0,2,2,A,-,12,21453,A,N,D,C,A,A,H,-,A,A,0,,,,,Y,,A,07,0,0,2,0,0,0,0,0,0,"- ","- ",35.399279999999997,-119.14561999999999,KERN,UNINCORPORATED,-119.14551007999999,35.399380049999998
90094666,2016,2016-01-13,9426,2016-01-03,1540,014794,,7,2,9,1500,0,1,1,,2,502,"I-5 S/B","MERCED AVE.",3168.00,N,N,B,-,Y,,,5,,,,,,S,Y,3,0,1,2,A,-,03,22350,,N,C,C,A,A,H,-,A,D,0,,,,,Y,,A,01,0,1,0,0,0,0,0,0,0,"- ","- ",35.534860000000002,-119.57295999999999,KERN,UNINCORPORATED,-119.57300058,35.534815850000001
90094679,2016,2016-01-13,9426,2016-01-03,1345,015472,,7,1,9,1500,0,1,1,,2,502,"I-5 N/B","MAIN DRAIN RD",2640.00,S,N,A,-,Y,,,,,,,,,,Y,4,0,1,4,A,-,03,22350,,N,C,C,A,A,D,H,A,A,0,,,,,Y,,A,01,0,0,1,0,0,0,0,0,0,"- ","- ",35.342700000000001,-119.3655,KERN,UNINCORPORATED,-119.61113788999999,35.57032564
90094692,2016,2016-01-13,9830,2016-01-05,1405,021137,,2,2,9,1500,0,3,5,,2,004,"CALIFORNIA CITY BLVD","JOSHUA BLVD",98.00,N,N,C,-,N,,,,,,,,,,Y,4,0,1,1,A,-,03,22350,,N,F,A,A,B,H,-,A,D,0,,,,,Y,,A,01,0,0,1,0,0,0,0,0,0,"- ","- ",35.073,-117.91734,KERN,UNINCORPORATED,-117.91742005,35.072938639999997
90094859,2016,2016-01-13,9830,2016-01-11,0732,019271,,1,1,9,1500,0,1,3,,2,010,"SR-58 W/B",SR-202,6864.00,W,N,A,-,Y,,,58,,,,,,W,Y,3,0,3,3,A,-,03,22350,,N,E,I,A,A,H,-,A,D,0,,,,,Y,,A,01,0,2,1,0,0,0,0,0,0,"- ","- ",35.157130000000002,-118.47378,KERN,UNINCORPORATED,-118.47375975999999,35.15713152
90095039,2016,2016-01-14,9830,2016-01-06,2142,019367,,3,2,9,1500,0,2,4,,1,034,"ROSAMOND BLVD","ALBERTA ST.",528.00,W,N,B,-,N,,,,,,,,,,N,2,0,1,2,A,-,11,21956,,N,B,B,E,A,H,-,D,D,0,Y,,,,Y,Y,N,60,1,0,0,0,1,0,0,0,0,"- ","- ",34.864539999999998,-118.15416,KERN,UNINCORPORATED,-118.15340996,34.864526120000001
90095044,2015,2016-01-14,9426,2015-12-25,0055,018633,,5,3,9,1500,0,1,3,,1,118,SR-119,"RT 5",528.00,W,N,A,-,Y,,,119,,,,,,,N,4,0,1,2,A,-,08,22107,,N,C,C,A,A,H,-,C,D,0,,,,Y,Y,,A,01,0,0,1,0,0,0,0,0,0,"- ","- ",35.267209999999999,-119.22772000000001,KERN,UNINCORPORATED,-119.22772021999999,35.267078529999999
90095100,2016,2016-01-14,9420,2016-01-09,1918,019185,,6,2,9,1500,0,3,5,,2,672,"HUDSON DRIVE","HUDSON PLACE",528.00,W,N,B,-,N,,,,,,,,,,N,3,0,2,3,A,-,03,22350,,F,G,B,E,A,H,-,D,D,0,Y,,,,Y,,D,22,0,2,0,0,2,0,0,0,0,"- ","- ",35.163310000000003,-119.02548,KERN,UNINCORPORATED,-119.00704672000001,35.275900040000003
90095418,2016,2016-01-14,9830,2016-01-08,1905,012724,,5,2,9,1500,0,1,3,,1,021,"SR-58 W/B","BUSINESS ROUTE 58 EAST",10560.00,W,N,A,-,Y,,,58,,,,,,W,Y,4,0,1,2,A,-,03,22350,,N,C,C,A,A,H,-,D,D,0,,,,,Y,,I,10,0,0,1,0,0,0,0,0,0,"- ","- ",35.071849999999998,-118.11296,KERN,UNINCORPORATED,-118.11305470000001,35.071834549999998
90095637,2015,2016-01-14,9420,2015-12-31,1030,014811,,4,1,9,1500,0,1,3,,2,223,SR-223,"DEERTRAIL DRIVE",1200.00,W,N,A,-,Y,,,,,,,,,,Y,4,0,1,1,A,-,08,22107,,N,F,A,A,A,H,-,A,D,0,,,,,Y,,A,01,0,0,1,0,0,0,0,0,0,"- ","- ",35.212110000000003,-118.74378,KERN,UNINCORPORATED,-118.74211293,35.210001099999999
90095705,2016,2016-01-14,9420,2016-01-06,1445,019353,,3,2,9,1500,0,2,4,,1,051,"AIRPORT DRIVE N/B","DAY AVENUE",0.00,,Y,B,C,N,,,,,,,,,,N,4,0,1,2,A,-,09,21802,A,N,D,C,A,B,H,-,A,D,0,,,,,Y,,A,01,0,0,1,0,0,0,0,0,0,"- ","- ",35.433999999999997,-119.039,KERN,UNINCORPORATED,-119.03899008,35.434130009999997
90095725,2015,2016-02-04,9420,2015-12-28,1320,018068,,1,1,6,1502,0,1,3,,2,584,"SR-58 E/B TO OSWELL ST","OSWELL ST",10.00,W,N,B,-,Y,,,58,,,,R,,E,N,4,0,1,2,A,-,03,22350,,M,C,C,A,A,H,-,A,A,0,,,,,Y,,A,01,0,0,1,0,0,0,0,0,0,"- ","- ",35.351300000000002,-118.95010000000001,KERN,BAKERSFIELD,-118.95010000000001,35.351300000000002
90095780,2015,2016-01-21,9420,2015-12-18,1145,014811,,5,1,9,1500,0,1,3,,1,184,SR-184,"MOUNTAIN VIEW ROAD",0.00,,Y,A,-,Y,,,,,,,,,,Y,2,0,1,2,A,-,12,21453,A,N,D,C,A,A,H,-,A,A,0,,,,Y,Y,,G,25,1,0,0,0,0,0,0,0,0,"- ","- ",35.165300000000002,-118.54518,KERN,UNINCORPORATED,,
90095972,2016,2016-01-15,9420,2016-01-06,2030,016978,,3,2,9,1500,0,2,4,,1,064,"OLIVE DR. (E/B)",SR-99,200.00,W,N,B,C,N,,,,,,,,,,N,4,0,1,3,A,-,03,22350,,F,C,C,A,B,H,-,C,D,0,,,Y,,Y,,-,99,0,0,1,0,0,0,0,0,1,"- ","- ",35.344520000000003,-119.45321,KERN,UNINCORPORATED,-119.05590037,35.412379999999999
90095977,2016,2016-01-15,9420,2016-01-12,0100,019140,,2,3,9,1500,0,1,3,,2,154,"STATE ROUTE 155","ZACHARY AVENUE",800.00,E,N,A,-,Y,,,155,,,,,,,Y,3,0,1,1,A,-,08,22107,,N,E,I,A,A,H,-,D,D,0,,,,,Y,,A,01,0,1,0,0,0,0,0,0,0,"- ","- ",35.761400000000002,-119.18411999999999,KERN,UNINCORPORATED,-119.18412035,35.761486470000001
90096551,2016,2016-01-15,9420,2016-01-07,1150,013672,,4,1,9,1500,0,1,3,,2,431,"SR-43 S/B","MCCOMBS RD.",680.00,S,N,A,-,Y,,,43,,,,,,S,Y,4,0,1,1,A,-,08,22107,,N,E,I,A,A,H,-,A,D,0,,,,,Y,,A,01,0,0,1,0,0,0,0,0,0,"- ","- ",35.613700000000001,-119.33137000000001,KERN,UNINCORPORATED,-119.33130697,35.61369938
90097422,2015,2016-01-19,9420,2015-12-31,2200,019895,,4,3,9,1500,0,3,5,,2,620,"CALLOWAY DRIVE","SLIKKER DRIVE",211.00,S,N,A,-,N,,,,,,,,,,Y,3,0,2,2,A,-,08,22107,,N,E,I,A,A,H,-,C,A,0,,,,,Y,,D,22,0,2,0,0,0,0,0,0,0,"- ","- ",35.373289999999997,-119.10987,KERN,UNINCORPORATED,-119.11006999999999,35.372712249999999
90097428,2016,2016-01-19,9420,2016-01-09,1759,019185,,6,2,9,1500,0,3,5,,2,671,"DIGIORGIO ROAD","EDISON ROAD",2006.00,E,N,B,-,N,,,,,,,,,,Y,3,0,3,2,A,-,01,23152,A,N,A,C,A,A,H,-,D,A,0,,,,,Y,Y,A,08,0,3,0,0,0,0,0,0,0,"- ","- ",35.252580000000002,-118.87275,KERN,UNINCORPORATED,-118.87168066,35.25260042
90097473,2016,2016-01-19,9420,2016-01-09,0441,019598,,6,3,9,1500,0,3,5,,2,530,"7TH STANDARD RD","BUSSELL RD",1056.00,E,N,B,-,N,,,,,,,,,,Y,4,0,2,1,A,-,08,22107,,N,E,I,A,B,H,-,D,D,0,,,,,Y,,A,01,0,0,2,0,0,0,0,0,0,"- ","- ",35.441780000000001,-119.30064,KERN,UNINCORPORATED,-119.30148852000001,35.441837769999999
90097609,2016,2016-01-19,9426,2016-01-10,1954,015576,,7,2,9,1500,0,1,3,,1,461,SR-46,"BUFORD WAY",2640.00,E,N,A,-,Y,,,46,,,,,,,N,4,0,2,2,A,-,05,21650,,M,B,C,A,A,H,-,D,D,0,,,,,Y,,D,22,0,0,2,0,0,0,0,0,0,"- ","- ",35.616219999999998,-119.64509,KERN,UNINCORPORATED,-119.64508939,35.616282689999998
90097626,2016,2016-01-19,9430,2016-01-12,1505,017241,,2,2,9,1500,0,2,4,,1,024,"MIL POTRERO HWY","CUDDY VALLEY RD",5280.00,W,N,A,-,N,,,,,,,,,,Y,4,0,1,1,A,-,03,22350,,N,E,I,A,C,H,-,A,D,0,,,,,Y,,A,07,0,0,1,0,0,0,0,0,0,"- ","- ",34.847830000000002,-119.09357,KERN,UNINCORPORATED,-119.09324984,34.847852349999997
90097808,2016,2016-01-19,9426,2016-01-18,2300,015576,,1,3,9,1500,0,1,1,,2,500,"I-5 S/B","LOST HILLS RD",1056.00,N,N,A,-,Y,,,5,,,,,,S,Y,3,0,1,2,A,-,03,22350,,N,C,C,A,A,H,-,D,D,0,,,,Y,Y,,A,01,0,1,0,0,0,0,0,0,0,"- ","- ",35.66818,-119.69217999999999,KERN,UNINCORPORATED,-119.69212324999999,35.668222460000003
90097997,2016,2016-01-19,9830,2016-01-10,1645,017834,,7,2,9,1500,0,3,5,,2,005,"LOS ANGELES AQUADUCT 1","SR-178 (WEST)",676.00,N,N,B,-,N,,,,,,,,,,Y,3,0,1,1,A,-,01,23152,A,N,E,I,A,A,H,-,A,D,0,,,,,Y,Y,D,22,0,1,0,0,0,0,0,0,0,"- ","- ",35.604390000000002,-117.91481,KERN,UNINCORPORATED,-117.91495264,35.604298829999998
90098469,2016,2016-01-20,9420,2016-01-04,1345,018805,,1,1,9,1500,0,1,3,,1,184,SR-184,"DIGIORGIO ROAD",0.00,,Y,B,-,Y,,,184,,,,,,,Y,4,0,1,2,A,-,12,21453,A,N,D,C,A,A,H,-,A,A,0,,,,,Y,,A,01,0,0,1,0,0,0,0,0,0,"- ","- ",35.252519999999997,-118.91473999999999,KERN,UNINCORPORATED,-118.91442275999999,35.25251797
90098572,2016,2016-01-20,9426,2016-01-18,1715,015472,,1,2,9,1500,0,1,1,,2,502,"I-5 N/B","LERDO HWY",6336.00,N,N,A,-,Y,,,,,,,,,,Y,4,0,4,2,A,-,03,22350,,N,C,C,A,A,H,-,B,B,0,,,,,Y,,D,22,0,0,4,0,0,0,0,0,0,"- ","- ",35.305599999999998,-119.33499999999999,KERN,UNINCORPORATED,-119.54911718,35.513344410000002
90098574,2016,2016-01-20,9830,2016-01-02,1300,019615,,6,1,9,1500,0,1,3,,2,010,"SR-58 W/B","BROOME RD",13200.00,E,N,B,-,Y,,,58,,,,,,W,Y,4,0,2,2,A,-,08,22107,,F,E,I,A,A,H,-,A,D,0,,,,,Y,,-,99,0,0,2,0,0,0,0,0,0,"- ","- ",35.179900000000004,-118.48677000000001,KERN,UNINCORPORATED,-118.48683791000001,35.179799780000003
90098674,2016,2016-01-20,9830,2016-01-14,1905,017645,,4,2,9,1500,0,1,3,,1,031,"SR-14 S/B","CAMELOT BLVD",0.00,,Y,A,-,Y,,,14,,,,,,S,Y,3,0,5,2,A,-,01,23152,A,F,D,C,A,A,H,-,D,D,0,,,,,Y,Y,A,07,0,4,1,0,0,0,0,0,0,"- ","- ",35.031979999999997,-118.16840999999999,KERN,UNINCORPORATED,-118.16840974,35.031980079999997
90099244,2015,2016-01-20,9426,2015-12-24,0010,017230,,4,3,9,1500,0,1,1,,2,504,"I-5 N/B",SR-119,528.00,N,N,A,-,Y,,,5,,,,,,N,Y,3,0,6,2,A,-,03,22350,,N,C,C,A,A,H,-,C,D,0,,,,,Y,,A,01,0,3,3,0,0,0,0,0,0,"- ","- ",35.268940000000001,-119.22620999999999,KERN,UNINCORPORATED,-119.22624682,35.26890023
90099304,2015,2016-01-20,9830,2015-12-31,1545,018758,,4,2,9,1500,0,1,3,,2,043,"SR-58 E/B",SR-14,4963.00,W,N,A,-,Y,,,58,,,,,,E,Y,2,0,3,2,A,-,01,23152,A,N,C,C,A,A,H,-,A,D,0,,,,,Y,Y,A,01,2,1,0,0,0,0,0,0,0,"- ","- ",35.102429999999998,-118.15268,KERN,UNINCORPORATED,-118.15267085000001,35.10244977
90099390,2015,2016-01-21,9420,2015-12-10,1715,019459,,4,2,9,1500,0,2,4,,1,071,"OSWELL STREET","VIRGINIA AVENUE",275.00,N,N,B,C,N,,,,,,,,,,N,1,1,0,2,A,-,11,21954,A,N,G,B,D,B,H,-,D,D,0,Y,,,,Y,Y,N,60,0,0,0,1,0,0,0,0,0,"- ","- ",35.361980000000003,-118.94972,KERN,UNINCORPORATED,-118.94987,35.362164540000002
90099393,2015,2016-01-21,9420,2015-12-26,1227,018307,,6,1,9,1500,0,3,5,,2,050,"MERLE HAGGARD DRIVE","PINE MEADOW DRIVE",284.00,W,N,A,-,N,,,,,,,,,,Y,1,1,1,3,A,-,05,21650,,N,B,C,A,A,H,-,A,D,0,,,,Y,Y,,A,07,0,0,1,0,0,0,0,0,0,"- ","- ",35.441200000000002,-119.0363,KERN,UNINCORPORATED,-119.03606951,35.44112037
90099409,2015,2016-01-21,9420,2015-12-25,1400,015977,,5,2,9,1500,0,2,4,,1,075,"S. UNION AVE.","BELLE TERRACE",0.00,,Y,A,-,N,,,,,,,,,,N,4,0,1,2,A,-,03,22350,,N,C,C,A,A,H,-,A,A,0,,,,,Y,,A,01,0,0,1,0,0,0,0,0,0,"- ","- ",35.346670000000003,-119.00302000000001,KERN,UNINCORPORATED,-119.00310002000001,35.346700060000003
90099415,2016,2016-01-21,9420,2016-01-06,0200,015977,,3,3,9,1500,0,1,3,,2,430,"SR-43 (CENTRAL VALLEY HIGHWAY)","WHISLER RD",0.00,,Y,E,-,Y,,,43,,,,,,,Y,4,0,2,1,A,-,12,22450,A,N,E,I,A,B,H,-,D,A,0,,,,,Y,,D,22,0,0,2,0,0,0,0,0,0,"- ","- ",35.645029999999998,-119.33098,KERN,UNINCORPORATED,-119.33099916,35.64503019
9009957,2019,2020-02-07,1506,2019-12-06,1502,1304,20,5,5,4,1506,0,0,0,,0,,"WEST LAS FLORES AV","N SANDERS ST",0.00,,Y,A,-,N,,,,,,,,,,Y,3,0,1,2,A,-,01,23153,A,N,D,C,A,A,H,-,A,A,0,,,,,Y,Y,A,01,0,1,0,0,0,0,0,0,0,"- ","- ",35.629798889160156,-117.672119140625,KERN,RIDGECREST,-117.672119140625,35.629798889160156
90099634,2016,2016-01-21,9420,2016-01-10,0220,018117,,7,3,9,1500,0,3,5,,2,050,"E. WARREN AVE","MOBILETOWN DR",32.00,W,N,A,-,N,,,,,,,,,,Y,3,0,1,3,A,-,01,23152,E,N,E,I,A,A,H,-,C,D,0,,,,,Y,,A,01,0,1,0,0,0,0,0,0,0,"- ","- ",,,KERN,UNINCORPORATED,-119.01581317,35.412404549999998
90100341,2016,2016-01-21,9426,2016-01-13,1455,016162,,3,2,9,1500,0,3,5,,2,085,"ALOMA ST",SR-46,12.00,S,N,A,-,N,,,,,,,,,,N,4,0,3,2,A,-,21,22106,,N,C,C,A,A,H,-,A,A,0,,,,,Y,,J,48,0,0,3,0,0,0,0,0,0,"- ","- ",35.615949999999998,-119.65746,KERN,UNINCORPORATED,-119.65752000000001,35.616097060000001
90100440,2016,2016-05-19,9420,2016-01-10,1649,019686,,7,2,9,1500,0,3,5,,2,510,"DRIVER RD.","CECIL AVE.",0.00,,Y,A,-,N,,,,,,,,,,Y,2,0,4,2,A,-,01,23152,A,N,D,C,A,A,H,-,B,A,0,,,,,Y,Y,D,22,2,0,2,0,0,0,0,0,0,"- ","- ",35.775869999999998,-119.20529000000001,KERN,UNINCORPORATED,-119.20529996,35.775850069999997
90100502,2016,2016-01-22,9420,2016-01-10,1039,018813,,7,1,9,1500,0,3,5,,2,070,"COUNTRY CLUB DR.","TAMERISK CT",102.00,E,N,B,-,N,,,,,,,,,,Y,3,0,1,2,A,-,08,22107,,N,C,E,A,A,H,-,A,D,0,,,,,Y,,A,01,0,1,0,0,0,0,0,0,0,"- ","- ",35.385820000000002,-118.94746000000001,KERN,UNINCORPORATED,-118.94750547,35.385789619999997
90100612,2016,2016-01-22,9420,2016-01-13,1638,019353,,3,2,6,1502,0,1,3,,2,093,"SR-99 S/B TO WHITE LANE","WHITE LANE",100.00,N,N,A,-,Y,,,99,,,,R,,S,N,4,0,2,2,A,-,07,21658,A,N,B,C,A,A,H,-,B,D,0,,,,,Y,Y,A,01,0,0,2,0,0,0,0,0,0,"- ","- ",35.317999999999998,-119.039,KERN,BAKERSFIELD,-119.039,35.317999999999998
90100631,2016,2016-01-22,9420,2016-01-14,0738,016767,,4,1,9,1500,0,2,4,,1,072,"NILES STREET","WEBSTER STREET",0.00,,Y,A,-,N,,,,,,,,,,N,3,0,1,2,A,-,10,21950,A,N,G,B,B,A,H,-,A,A,0,Y,,,,Y,,A,08,0,1,0,0,1,0,0,0,0,"- ","- ",35.375529999999998,-118.96308000000001,KERN,UNINCORPORATED,-118.96302000999999,35.37581007
90100886,2016,2016-01-22,9420,2016-01-14,1755,019723,,4,2,9,1500,0,1,3,,2,093,"SR-99 N/B","CALIFORNIA AVE",1056.00,S,N,A,-,Y,,,,,,,,,,N,4,0,1,3,A,-,03,22350,,N,C,C,A,A,H,-,E,D,0,,,,,Y,,A,01,0,0,1,0,0,0,0,0,0,"- ","- ",35.37538,-119.0445,KERN,UNINCORPORATED,-119.04168,35.368299999999998
90100909,2016,2016-01-22,9426,2016-01-16,1930,017321,,6,2,9,1500,0,1,3,,1,118,SR-119,"SUNRIDGE AVENUE",2112.00,W,N,A,-,Y,,,,,,,,,,Y,4,0,1,2,A,-,03,22350,,N,C,C,A,A,H,-,D,D,0,,,,,Y,,A,01,0,0,1,0,0,0,0,0,0,"- ","- ",35.219360000000002,-119.38894000000001,KERN,UNINCORPORATED,-119.38905677,35.220398500000002
90102161,2015,2016-01-25,9830,2015-11-29,0320,019977,,7,3,9,1500,0,1,3,,2,030,"STATE ROUTE 14 NORTHBOUND","ROSAMOND BLVD",3168.00,N,N,A,-,Y,,,14,,,,,,N,Y,1,1,0,1,A,-,08,22107,,N,E,I,A,A,H,-,D,D,0,,,,,Y,,A,01,0,0,0,0,0,0,0,0,0,"- ","- ",34.873849999999997,-118.16988000000001,KERN,UNINCORPORATED,-118.17022258,34.874122759999999
90102250,2015,2016-01-26,9420,2015-11-25,2343,017560,,3,3,9,1500,0,2,4,,1,075,"SOUTH UNION AVENUE","FAIRVIEW ROAD",273.00,N,N,A,-,Y,,,,,,,,,,N,1,1,0,2,A,-,11,21954,A,N,G,B,E,A,H,-,D,D,0,Y,,,,Y,Y,N,60,0,0,0,1,0,0,0,0,0,"- ","- ",35.306109999999997,-119.0033,KERN,UNINCORPORATED,-119.00313,35.303879090000002