CASE_ID,ACCIDENT_YEAR,PROC_DATE,JURIS,COLLISION_DATE,COLLISION_TIME,OFFICER_ID,REPORTING_DISTRICT,DAY_OF_WEEK,CHP_SHIFT,POPULATION,CNTY_CITY_LOC,SPECIAL_COND,BEAT_TYPE,CHP_BEAT_TYPE,CITY_DIVISION_LAPD,CHP_BEAT_CLASS,BEAT_NUMBER,PRIMARY_RD,SECONDARY_RD,DISTANCE,DIRECTION,INTERSECTION,WEATHER_1,WEATHER_2,STATE_HWY_IND,CALTRANS_COUNTY,CALTRANS_DISTRICT,STATE_ROUTE,ROUTE_SUFFIX,POSTMILE_PREFIX,POSTMILE,LOCATION_TYPE,RAMP_INTERSECTION,SIDE_OF_HWY,TOW_AWAY,COLLISION_SEVERITY,NUMBER_KILLED,NUMBER_INJURED,PARTY_COUNT,PRIMARY_COLL_FACTOR,PCF_CODE_OF_VIOL,PCF_VIOL_CATEGORY,PCF_VIOLATION,PCF_VIOL_SUBSECTION,HIT_AND_RUN,TYPE_OF_COLLISION,MVIW,PED_ACTION,ROAD_SURFACE,ROAD_COND_1,ROAD_COND_2,LIGHTING,CONTROL_DEVICE,CHP_ROAD_TYPE,PEDESTRIAN_ACCIDENT,BICYCLE_ACCIDENT,MOTORCYCLE_ACCIDENT,TRUCK_ACCIDENT,NOT_PRIVATE_PROPERTY,ALCOHOL_INVOLVED,STWD_VEHTYPE_AT_FAULT,CHP_VEHTYPE_AT_FAULT,COUNT_SEVERE_INJ,COUNT_VISIBLE_INJ,COUNT_COMPLAINT_PAIN,COUNT_PED_KILLED,COUNT_PED_INJURED,COUNT_BICYCLIST_KILLED,COUNT_BICYCLIST_INJURED,COUNT_MC_KILLED,COUNT_MC_INJURED,PRIMARY_RAMP,SECONDARY_RAMP,LATITUDE,LONGITUDE,COUNTY,CITY,POINT_X,POINT_Y
90102270,2016,2016-01-26,9420,2016-01-04,2230,019649,,1,3,9,1500,0,3,5,,2,070,"COLLEGE AVE.","MT VERNON AVE.",30.00,E,N,B,-,N,,,,,,,,,,N,4,0,1,2,A,-,08,22107,,M,G,B,F,A,H,-,C,D,0,Y,,,,Y,,D,22,0,0,1,0,1,0,0,0,0,"- ","- ",35.225859999999997,-118.58150999999999,KERN,UNINCORPORATED,-118.96728962,35.38303423
90102275,2016,2016-01-26,9420,2016-01-09,2125,019649,,6,2,9,1500,0,3,5,,2,610,"SOUTHGATE DR.","M ST.",0.00,,Y,B,-,N,,,,,,,,,,Y,4,0,1,2,A,-,12,22450,A,N,D,C,A,A,H,-,C,A,0,,,,,Y,,A,01,0,0,1,0,0,0,0,0,0,"- ","- ",35.209029999999998,-119.05482000000001,KERN,UNINCORPORATED,-119.01518005,35.33581006
90102281,2016,2016-01-26,9420,2016-01-10,1255,018626,,7,1,6,1502,0,1,3,,2,093,"SR-99 SOUTHBOUND","TRUXTUN AVENUE",200.00,S,N,B,-,Y,,,99,,,,,,S,Y,3,0,5,3,A,-,16,29003,A,N,B,C,A,A,H,-,A,D,0,,,,,Y,,E,22,0,1,4,0,0,0,0,0,0,"- ","- ",35.372700000000002,-119.04373,KERN,BAKERSFIELD,-119.04383240999999,35.372662390000002
90102284,2016,2016-01-26,9420,2016-01-11,0545,019903,,1,3,9,1500,0,3,5,,2,610,"HOUGHTON RD","WIBLE RD",1320.00,W,N,E,-,N,,,,,,,,,,Y,4,0,1,2,A,-,05,21650,,M,A,C,A,A,H,-,D,D,0,,,,,Y,Y,A,01,0,0,1,0,0,0,0,0,0,"- ","- ",35.237900000000003,-119.05682,KERN,UNINCORPORATED,-119.04348483,35.237910210000003
90102448,2016,2016-01-26,9426,2016-01-18,2235,016780,,1,3,9,1500,0,1,3,,1,332,SR-33,"PETROLEUM CLUB RD",110.00,S,N,A,-,Y,,,33,,,,,,,Y,3,0,2,1,A,-,08,22107,,N,E,I,A,A,H,-,D,D,0,,,,,Y,,A,08,0,2,0,0,0,0,0,0,0,"- ","- ",35.077100000000002,-119.4015,KERN,UNINCORPORATED,-119.40158841,35.077125610000003
90102471,2016,2016-01-26,9430,2016-01-16,0330,018631,,6,3,9,1500,0,2,4,,1,022,"MT. PINOS WAY","FRAIZER MTN. PARK RD.",0.00,,Y,A,-,N,,,,,,,,,,Y,3,0,1,1,A,-,08,22107,,N,E,I,A,A,H,-,D,A,0,,,,,Y,,D,22,0,1,0,0,0,0,0,0,0,"- ","- ",34.84498,-118.86660999999999,KERN,UNINCORPORATED,-118.96966999999999,34.82127011
90102495,2015,2016-01-26,9830,2015-11-15,1755,017834,,7,2,9,1500,0,3,5,,2,005,"GARLOCK ROAD",US-395,36960.00,W,N,C,G,N,,,,,,,,,,Y,1,1,0,1,A,-,08,22107,,N,F,A,A,B,H,-,D,D,0,,,,,Y,Y,D,22,0,0,0,0,0,0,0,0,0,"- ","- ",35.408389999999997,-117.78578,KERN,UNINCORPORATED,-117.78561834,35.408886260000003
90102529,2016,2016-01-26,9426,2016-01-15,1750,017321,,5,2,9,1500,0,1,3,,1,461,SR-46,"CORCORAN ROAD",1584.00,E,N,A,-,Y,,,46,,,,,,,Y,4,0,1,2,A,-,05,21460,A,N,B,C,A,A,H,-,D,D,0,,,,Y,Y,,D,22,0,0,1,0,0,0,0,0,0,"- ","- ",35.603169999999999,-119.5754,KERN,UNINCORPORATED,-119.57545721,35.603103240000003
90102640,2016,2016-01-26,9420,2016-01-13,0925,018068,,3,1,9,1500,0,2,4,,1,071,"MT. VERNON AVE","LAKE ST",260.00,N,N,A,-,N,,,,,,,,,,N,4,0,1,2,A,-,03,22350,,N,C,C,A,A,H,-,A,D,0,,,,,Y,,A,01,0,0,1,0,0,0,0,0,0,"- ","- ",35.374200000000002,-118.9676,KERN,UNINCORPORATED,-118.9675818,35.37473336
90102725,2016,2016-01-26,9420,2016-01-16,0330,019845,,6,3,4,1503,0,1,3,,2,090,"SR-99 N/B (GOLDEN STATE HWY)","WOOLLOMES AVENUE",329.00,S,N,B,-,Y,,,99,,,,,,N,Y,3,0,1,1,A,-,01,23152,A,N,E,I,A,A,H,-,C,D,0,,,,,Y,Y,A,01,0,1,0,0,0,0,0,0,0,"- ","- ",35.745809999999999,-119.24330999999999,KERN,DELANO,-119.24324013,35.745840059999999
90102821,2016,2016-01-26,9830,2016-01-24,1110,021137,,7,1,9,1500,0,3,5,,2,001,"TEHACHAPI BLVD","EUMATILLA ST",15840.00,E,N,A,-,N,,,,,,,,,,Y,4,0,6,2,A,-,08,22107,,N,D,C,A,A,H,-,A,D,0,,,,,Y,,D,22,0,0,6,0,0,0,0,0,0,"- ","- ",35.119010000000003,-118.34029,KERN,UNINCORPORATED,-118.32775105,35.11158811
90103494,2016,2016-01-27,9830,2016-01-19,1613,015116,,2,2,9,1500,0,1,3,,1,015,"STATE ROUTE 202","WOODFORD-TEHACHAPI RD",528.00,E,N,B,C,Y,,,202,,,,,,,Y,4,0,2,2,A,-,03,22350,,N,C,C,A,B,H,-,A,D,0,,,,,Y,,A,01,0,0,2,0,0,0,0,0,0,"- ","- ",35.124299999999998,-118.4932,KERN,UNINCORPORATED,-118.49319996,35.124281359999998
90103546,2016,2016-01-27,9426,2016-01-25,0355,016579,,1,3,9,1500,0,1,1,,2,504,"I-5 S/B",SR-223,7392.00,N,N,A,-,Y,,,5,,,,,,S,Y,3,0,1,2,A,-,07,21658,A,N,B,C,A,A,H,-,D,D,0,,,,Y,Y,,A,01,0,1,0,0,0,0,0,0,0,"- ","- ",35.225479999999997,-119.18057,KERN,UNINCORPORATED,-119.18055441,35.225496550000003
90103956,2016,2016-01-27,9420,2016-01-19,0630,015261,,2,1,9,1500,0,1,3,,2,090,"SR-99 N/B","MERLE HAGGARD DR.",2112.00,N,N,B,-,Y,,,99,,,,,,N,Y,2,0,3,3,A,-,07,21658,A,N,B,C,A,A,H,-,B,D,0,,,,Y,Y,,A,01,1,0,2,0,0,0,0,0,0,"- ","- ",35.445099999999996,-119.09107,KERN,UNINCORPORATED,-119.09109968,35.445039260000001
90103966,2016,2016-01-27,9420,2016-01-24,1835,019206,,7,2,9,1500,0,2,4,,2,031,"LAKE ISABELLA BLVD.","FUSSEL ST.",10.00,N,N,A,-,N,,,,,,,,,,N,3,0,1,1,A,-,01,23152,A,N,E,I,A,A,H,-,C,D,0,,,,,Y,Y,A,01,0,1,0,0,0,0,0,0,0,"- ","- ",35.591140000000003,-118.49432,KERN,UNINCORPORATED,-118.49431249,35.591035720000001
90104091,2016,2016-01-27,9430,2016-01-23,1425,014796,,6,2,9,1500,0,1,1,,2,053,"RT 5","GRAPEVINE U/C",3168.00,S,N,B,C,Y,,,5,,,,,,,Y,4,0,1,2,A,-,03,22350,,N,B,C,A,B,H,-,A,D,0,,,,,Y,,A,07,0,0,1,0,0,0,0,0,0,"- ","- ",34.93036,-118.9237,KERN,UNINCORPORATED,-118.92358788999999,34.930436399999998
90104113,2016,2016-01-27,9420,2016-01-26,0640,015261,,2,1,9,1500,0,1,3,,1,650,SR-65,"MERCED AVE.",4224.00,N,N,A,-,Y,,,65,,,,,,,Y,4,0,1,1,A,-,08,22107,,N,E,I,A,A,H,-,B,D,0,,,,,Y,,D,22,0,0,1,0,0,0,0,0,0,"- ","- ",35.543010000000002,-119.08601,KERN,UNINCORPORATED,-119.08587621,35.543039780000001
90104133,2016,2016-01-27,9420,2016-01-20,1530,016691,,3,2,9,1500,0,3,5,,2,060,"YOSEMITE DR","WOODROW AVE",40.00,N,N,A,-,N,,,,,,,,,,N,3,0,1,2,A,-,08,22107,,N,B,G,A,A,H,-,A,D,0,,Y,,,Y,,L,04,0,1,0,0,0,0,1,0,0,"- ","- ",35.416440000000001,-119.03225,KERN,UNINCORPORATED,-119.03223119,35.416489749999997
90104290,2016,2016-01-28,9420,2016-01-15,1650,017253,,5,2,9,1500,0,2,4,,1,052,"NORRIS ROAD","CALIFORNIA ST",0.00,,Y,A,-,N,,,,,,,,,,Y,4,0,1,3,A,-,09,21801,A,N,D,C,A,A,H,-,A,A,0,,,,,Y,,A,01,0,0,1,0,0,0,0,0,0,"- ","- ",35.241329999999998,-119.25530000000001,KERN,UNINCORPORATED,-119.02344004,35.419510039999999
90104470,2016,2016-01-28,9426,2016-01-25,1540,015633,,1,2,9,1500,0,3,5,,2,087,"COPUS ROAD","OLD RIVER ROAD",10032.00,W,N,A,-,N,,,,,,,,,,Y,4,0,1,4,A,-,06,21751,,N,B,C,A,A,H,-,A,D,0,,,,,Y,,A,07,0,0,1,0,0,0,0,0,0,"- ","- ",35.094369999999998,-119.14237,KERN,UNINCORPORATED,-119.14341441000001,35.094284860000002
90104617,2016,2016-01-28,9830,2016-01-14,1828,019367,,4,2,9,1500,0,1,3,,2,030,"SR-14 S/B","ROSAMOND BLVD",400.00,S,N,A,-,Y,,,14,,,,,,S,Y,4,0,1,3,A,-,02,22400,A,N,C,C,A,A,H,-,D,D,0,,,,,Y,,A,01,0,0,1,0,0,0,0,0,0,"- ","- ",34.863900000000001,-118.17204,KERN,UNINCORPORATED,-118.17196337999999,34.863897110000003
90104984,2016,2016-01-28,9420,2016-01-16,1640,020304,,6,2,9,1500,0,1,3,,2,178,"STATE ROUTE 178","CHINA GARDENS",1500.00,W,N,A,-,Y,,,178,,,,,,,Y,4,0,1,1,A,-,08,22107,,N,F,A,A,A,H,-,A,D,0,,,Y,,Y,,C,02,0,0,1,0,0,0,0,0,1,"- ","- ",35.527520000000003,-118.66194,KERN,UNINCORPORATED,-118.66193195,35.527511060000002
90104995,2016,2016-01-28,9420,2016-01-16,2250,020163,,6,3,9,1500,0,1,3,,2,093,"SR-99 S/B","PALM ST. OVER CROSS",1475.00,N,N,A,-,Y,,,,,,,,,,Y,3,0,2,2,A,-,03,22350,,N,B,C,A,A,H,-,C,D,0,,,,,Y,,A,01,0,1,1,0,0,0,0,0,0,"- ","- ",35.365070000000003,-119.04067999999999,KERN,UNINCORPORATED,,
90105495,2016,2016-01-29,9420,2016-01-12,0715,015259,,2,1,9,1500,0,3,5,,2,671,"HABECKER ROAD","CAMINO LA JOLLA",155.00,S,N,A,-,N,,,,,,,,,,N,1,1,0,2,A,-,11,21954,A,N,G,B,D,A,H,-,A,D,0,Y,,,,Y,,N,60,0,0,0,1,0,0,0,0,0,"- ","- ",35.258189999999999,-118.90522,KERN,UNINCORPORATED,-118.90525,35.258164729999997
90105593,2016,2016-01-29,9420,2016-01-18,1005,020040,,1,1,6,1502,0,1,3,,1,176,"SR-178 E/B","M STREET",630.00,E,N,B,C,Y,,,178,,,,,,E,Y,3,0,2,1,A,-,08,22107,,N,F,A,A,B,H,-,A,D,0,,,,,Y,,A,01,0,1,1,0,0,0,0,0,0,"- ","- ",35.380380000000002,-119.01339,KERN,BAKERSFIELD,-119.01342132000001,35.380465059999999
90105624,2016,2016-01-29,9420,2016-01-19,0948,013475,,2,1,9,1500,0,1,3,,2,091,"SR-99 S/B TO SR-46",SR-46,156.00,S,N,B,C,Y,,,99,,,,R,,S,Y,4,0,1,1,A,-,03,22350,,N,E,I,A,B,H,-,A,D,0,,,,,Y,,A,01,0,0,1,0,0,0,0,0,0,"- ","- ",35.601500000000001,-119.21169,KERN,UNINCORPORATED,-119.21169,35.601500000000001
90106121,2016,2016-02-01,9420,2016-01-03,1730,019896,,7,2,9,1500,0,3,5,,2,070,"FLOWER ST","HALEY ST",250.00,E,N,B,-,N,,,,,,,,,,Y,3,0,2,2,A,-,21,22106,,N,D,C,A,A,H,-,D,D,0,,,,,Y,,A,01,0,1,1,0,0,0,0,0,0,"- ","- ",35.383470000000003,-118.97785,KERN,UNINCORPORATED,-118.97793586,35.383448049999998
90106135,2016,2016-02-01,9420,2016-01-17,1250,018555,,7,1,9,1500,0,3,5,,2,060,"CASTLEMAINE AVENUE","LONGREACH DRIVE",134.00,W,N,A,-,N,,,,,,,,,,Y,4,0,1,2,A,-,08,22107,,N,A,E,A,A,H,-,A,D,0,,,,,Y,,A,01,0,0,1,0,0,0,0,0,0,"- ","- ",35.373010000000001,-119.15638,KERN,UNINCORPORATED,-119.15628895,35.372973160000001
90106625,2016,2016-02-01,9830,2016-01-26,0555,019271,,2,3,9,1500,0,2,4,,1,034,"GLENDOWER ST","ROSAMOND BLVD",0.00,,Y,A,-,N,,,,,,,,,,Y,4,0,1,2,A,-,09,21802,A,N,D,C,A,A,H,-,B,A,0,,,,,Y,,A,01,0,0,1,0,0,0,0,0,0,"- ","- ",34.515099999999997,-118.10080000000001,KERN,UNINCORPORATED,-118.16907006,34.864310080000003
90106639,2016,2016-02-01,9420,2016-01-20,1632,019353,,3,2,9,1500,0,2,4,,1,064,"OLIVE DRIVE W/B","STATE ROAD",200.00,E,N,A,-,N,,,,,,,,,,N,4,0,3,3,A,-,03,22350,,N,C,C,A,A,H,-,A,D,0,,,,,Y,,A,01,0,0,3,0,0,0,0,0,0,"- ","- ",35.411999999999999,-119.053,KERN,UNINCORPORATED,-119.05213981,35.412402579999998
90106687,2016,2016-02-01,9420,2016-01-20,1910,019461,,3,2,9,1500,0,2,4,,1,072,"NILES ST.","DESCANSO ST.",0.00,,Y,A,-,N,,,,,,,,,,Y,3,0,1,2,D,-,00,,,N,D,C,A,A,H,-,C,A,0,,,,,Y,,-,"- ",0,1,0,0,0,0,0,0,0,"- ","- ",35.375920000000001,-118.95408,KERN,UNINCORPORATED,-118.95412012,35.375860070000002
90106696,2016,2016-02-01,9426,2016-01-27,2335,018919,,3,3,9,1500,0,1,1,,2,502,"I-5 N/B","MAIN DRAIN ROAD",3168.00,S,N,A,-,Y,,,5,,,,,,N,Y,3,0,1,1,A,-,08,22107,,N,E,I,A,A,D,-,D,D,0,,,,,Y,,A,01,0,1,0,0,0,0,0,0,0,"- ","- ",35.569279999999999,-119.60984999999999,KERN,UNINCORPORATED,-119.60991609,35.569210589999997
90106757,2016,2016-02-01,9420,2016-01-20,1130,013672,,3,1,9,1500,0,3,5,,2,530,"GOLDEN STATE HWY.","7TH STANDARD RD.",0.00,,Y,A,B,N,,,,,,,,,,Y,4,0,2,1,A,-,15,26453,,N,E,J,A,A,H,-,A,A,0,,,,,Y,,A,01,0,0,2,0,0,0,0,0,0,"- ","- ",35.441400000000002,-119.08704,KERN,UNINCORPORATED,-119.08666009,35.4412801
90107019,2015,2016-02-02,9420,2015-12-17,1430,019459,,4,2,9,1500,0,2,4,,1,072,"EDISON HIGHWAY","EAST BRUNDAGE LANE",0.00,,Y,A,-,N,,,,,,,,,,Y,4,0,1,2,A,-,09,21801,A,N,D,C,A,A,H,-,A,D,0,,,,,Y,,A,01,0,0,1,0,0,0,0,0,0,"- ","- ",35.354460000000003,-118.8982,KERN,UNINCORPORATED,-118.89913009999999,35.354710009999998
90107120,2016,2016-02-02,9420,2016-01-22,1740,019895,,5,2,9,1500,0,1,3,,1,184,SR-184,"BRUNDAGE LN",500.00,N,N,A,-,Y,,,184,,,,,,,N,3,0,1,6,A,-,03,22350,,M,C,C,A,A,H,-,C,D,0,,,,,Y,,A,07,0,1,0,0,0,0,0,0,0,"- ","- ",35.354349999999997,-118.91426,KERN,UNINCORPORATED,-118.91419449999999,35.35434987
90107132,2016,2016-02-02,9830,2016-01-23,1155,019332,,6,1,9,1500,0,3,5,,2,002,"HOLT STREET","OAK CREEK RD",1595.00,N,N,B,-,N,,,,,,,,,,Y,3,0,2,2,A,-,05,21650,,N,A,C,A,A,H,-,A,D,0,,,,,Y,,A,01,0,1,1,0,0,0,0,0,0,"- ","- ",35.062390000000001,-118.18582000000001,KERN,UNINCORPORATED,-118.18576227,35.060117609999999
90107211,2016,2016-02-02,9420,2016-01-24,1755,019856,,7,2,9,1500,0,1,3,,1,184,SR-184,"PANAMA LANE",25.00,N,N,B,-,Y,,,184,,,,,,,Y,3,0,3,2,A,-,01,23152,A,M,C,C,A,A,H,-,D,A,0,,,,,Y,Y,D,22,0,3,0,0,0,0,0,0,0,"- ","- ",35.296259999999997,-118.91434,KERN,UNINCORPORATED,-118.91434519000001,35.296260009999997
90107251,2016,2016-02-04,9430,2016-01-20,2300,018481,,3,3,9,1500,0,3,5,,2,002,"LEBEC ROAD","LEBEC OAKS ROAD",1584.00,S,N,A,-,N,,,,,,,,,,Y,4,0,1,1,A,-,08,22107,,N,E,I,A,B,H,-,D,D,0,,,,,Y,,A,07,0,0,1,0,0,0,0,0,0,"- ","- ",34.856200000000001,-118.8785,KERN,UNINCORPORATED,-118.8785156,34.856198229999997
90107312,2016,2016-03-03,9420,2016-01-29,0023,019598,,5,3,6,1502,0,1,3,,2,093,"SR-99 SOUTHBOUND",SR-204,20.00,S,N,A,-,Y,,,99,,,,,,S,Y,4,0,1,2,A,-,07,21658,A,F,B,C,A,A,H,-,C,D,0,,,,,Y,,A,01,0,0,1,0,0,0,0,0,0,"- ","- ",35.402619999999999,-119.04546000000001,KERN,BAKERSFIELD,-119.04551993,35.402594610000001
90107335,2016,2016-02-02,9420,2016-01-21,0125,017972,,4,3,4,1503,0,1,3,,2,091,"SR-99 S/B",SR-155,50.00,S,N,E,-,Y,,,,,,,,,,N,4,0,1,2,A,-,03,22350,,N,C,D,A,A,H,-,E,D,0,,,,,Y,,A,01,0,0,1,0,0,0,0,0,0,"- ","- ",,,KERN,DELANO,-119.24912687,35.761265469999998
90107542,2016,2016-02-02,9426,2016-01-25,1920,017230,,1,2,9,1500,0,1,1,,2,504,"I-5 S/B","STOCKDALE HWY",2640.00,S,N,A,-,Y,,,5,,,,,,S,N,4,0,1,2,A,-,07,21658,A,N,B,C,A,A,H,-,D,D,0,,,,Y,Y,,A,01,0,0,1,0,0,0,0,0,0,"- ","- ",35.348460000000003,-119.32720999999999,KERN,UNINCORPORATED,-119.32718401,35.34849664
90107574,2016,2016-02-02,9420,2016-01-23,0620,016767,,6,1,9,1500,0,3,5,,2,510,"ZACHARY AVENUE","CECIL AVENUE",1584.00,N,N,B,-,N,,,,,,,,,,Y,4,0,1,2,A,-,03,22350,,N,C,C,A,A,H,-,D,D,0,,,,,Y,,D,22,0,0,1,0,0,0,0,0,0,"- ","- ",35.781080000000003,-119.18744,KERN,UNINCORPORATED,-119.18749198,35.780276710000003
90107619,2016,2016-02-02,9420,2016-01-23,1555,019895,,6,2,9,1500,0,2,4,,1,071,"OSWELL ST","CENTER ST",100.00,N,N,A,-,N,,,,,,,,,,N,4,0,1,2,A,-,11,21954,A,N,E,B,D,A,H,-,A,D,0,Y,,,,Y,,N,60,0,0,1,0,1,0,0,0,0,"- ","- ",35.37229,-118.94965999999999,KERN,UNINCORPORATED,-118.94981314,35.372544320000003
90107694,2016,2016-02-02,9420,2016-01-24,1200,018068,,7,1,9,1500,0,2,4,,1,075,"SOUTH UNION AVE","PACHECO RD",230.00,S,N,B,-,N,,,,,,,,,,N,4,0,2,3,A,-,03,22350,,N,C,C,A,A,H,-,A,A,0,,,,,Y,,A,07,0,0,2,0,0,0,0,0,0,"- ","- ",35.309699999999999,-119.003,KERN,UNINCORPORATED,-119.00313,35.309758899999999
90107852,2016,2016-02-02,9830,2016-01-31,1250,016971,,7,1,9,1500,0,1,3,,1,021,"SR-58 E/B","BUSINESS 58 EAST",500.00,E,N,C,G,Y,,,58,,,,,,E,Y,3,0,1,1,A,-,03,22350,,N,F,A,A,B,H,-,A,D,0,,,,,Y,,E,22,0,1,0,0,0,0,0,0,0,"- ","- ",35.03622,-118.10553,KERN,UNINCORPORATED,-118.10550148,35.036252619999999
90107855,2016,2016-02-02,9426,2016-01-31,1440,015472,,7,2,9,1500,0,3,5,,2,087,"COPUS RD","OLD RIVER RD",3696.00,W,N,B,C,N,,,,,,,,,,Y,4,0,1,1,A,-,03,22350,,N,E,I,A,B,F,-,A,A,0,,,,,Y,,A,01,0,0,1,0,0,0,0,0,0,"- ","- ",35.542000000000002,-119.7261,KERN,UNINCORPORATED,-119.12225986999999,35.094442239999999
90107934,2016,2016-02-03,9420,2016-01-10,2000,018805,,7,2,9,1500,0,3,5,,2,672,"CURNOW ROAD","SOUTH UNION AVENUE",2482.00,E,N,A,-,N,,,,,,,,,,Y,3,0,2,1,A,-,08,22107,,N,E,I,A,A,H,-,D,D,0,,,,,Y,,A,01,0,2,0,0,0,0,0,0,0,"- ","- ",35.259619999999998,-118.99424,KERN,UNINCORPORATED,-119.00314,35.259549999999997
90107943,2016,2016-02-03,9420,2016-01-25,1935,016978,,1,2,6,1502,0,1,3,,2,095,"SR-99 S/B","WHITE LANE",1800.00,N,N,B,-,Y,,,,,,,,,,Y,4,0,2,3,A,-,03,22350,,N,C,C,A,A,H,-,A,D,0,,,,,Y,,D,22,0,0,2,0,0,0,0,0,0,"- ","- ",35.318109999999997,-119.03841,KERN,BAKERSFIELD,-119.03760935,35.322559949999999
90108037,2016,2016-02-03,9426,2016-01-23,1310,014850,,6,1,9,1500,0,3,5,,2,086,"7TH STANDARD ROAD","MAGNOLIA AVENUE",99.00,E,N,A,-,N,,,,,,,,,,Y,4,0,1,1,A,-,03,22350,,N,F,A,A,A,H,-,A,A,0,,,,,Y,,M,46,0,0,1,0,0,0,0,0,0,"- ","- ",35.442030000000003,-119.36792,KERN,UNINCORPORATED,-119.36780797,35.442079999999997
90108099,2016,2016-02-03,9830,2016-01-26,1620,015116,,2,2,3,1509,0,1,3,,2,011,"STATE ROUTE 58 EASTBOUND","DENNISON RD",1050.00,W,N,A,-,Y,,,58,,,,,,E,Y,3,0,1,1,A,-,08,22107,,N,F,A,A,A,H,-,A,D,0,,,,,Y,,A,01,0,1,0,0,0,0,0,0,0,"- ","- ",35.139270000000003,-118.43416999999999,KERN,TEHACHAPI,-118.43415776000001,35.139316010000002
90108127,2016,2016-02-03,9830,2016-01-28,1833,017645,,4,2,9,1500,0,2,4,,1,026,"BUS 58 EAST","LESLIE STREET",20.00,E,N,A,-,N,,,,,,,,,,N,2,0,1,2,A,-,11,21954,A,N,G,B,D,A,H,-,C,D,0,Y,,,,Y,,N,60,1,0,0,0,1,0,0,0,0,"- ","- ",35.046250000000001,-118.16442000000001,KERN,UNINCORPORATED,-118.1647718,35.046196369999997
90108145,2016,2016-02-03,9830,2016-01-31,0050,019615,,7,3,9,1500,0,1,3,,2,030,"SR-14 N/B","ROSAMOND BLVD",1055.00,N,N,A,-,Y,,,14,,,,,,N,Y,3,0,2,1,A,-,08,22107,,N,E,I,A,A,H,-,D,D,0,,,,,Y,,A,01,0,2,0,0,0,0,0,0,0,"- ","- ",34.867330000000003,-118.17117,KERN,UNINCORPORATED,-118.17143856,34.867346580000003
90108420,2016,2016-02-03,9420,2016-01-26,1410,017256,,2,2,9,1500,0,2,4,,1,052,"ROBERTS LANE","OLIVE DR",600.00,E,N,A,-,N,,,,,,,,,,Y,4,0,1,2,A,-,09,21804,A,N,D,C,A,A,H,-,A,D,0,,,,,Y,,A,01,0,0,1,0,0,0,0,0,0,"- ","- ",35.411180000000002,-119.04706,KERN,UNINCORPORATED,-119.04727932,35.411169219999998
90108554,2016,2016-02-03,9420,2016-01-22,1650,019461,,5,2,9,1500,0,3,5,,2,060,"MEACHAM RD.","SAMANTHA ST.",150.00,E,N,A,-,N,,,,,,,,,,Y,4,0,3,2,A,-,21,22106,,N,D,C,A,A,H,-,A,D,0,,,,,Y,,A,01,0,0,3,0,0,0,0,0,0,"- ","- ",35.390810000000002,-119.11537,KERN,UNINCORPORATED,-119.11551906,35.3905131
90108598,2016,2016-02-03,9420,2016-01-27,1640,019868,,3,2,9,1500,0,2,4,,1,072,"NILES ST","ASH DR",50.00,E,N,A,-,N,,,,,,,,,,N,4,0,1,2,A,-,03,22350,,N,C,C,A,A,H,-,A,D,0,,,,,Y,,A,01,0,0,1,0,0,0,0,0,0,"- ","- ",35.376040000000003,-118.96619,KERN,UNINCORPORATED,-118.96618785,35.376085600000003
90108642,2016,2016-02-03,9420,2016-01-28,0630,015261,,4,1,9,1500,0,3,5,,2,540,"POND ROAD","JUMPER AVE.",20.00,W,N,E,-,N,,,,,,,,,,Y,3,0,1,2,A,-,09,21802,A,N,D,C,A,B,H,-,B,A,0,,,,Y,Y,,G,25,0,1,0,0,0,0,0,0,0,"- ","- ",35.717570000000002,-119.41921000000001,KERN,UNINCORPORATED,-119.41941731,35.717539930000001
90108681,2016,2016-02-03,9420,2016-01-28,0845,015261,,4,1,9,1500,0,3,5,,2,540,"GARCES HIGHWAY","ROWLEE RD.",3168.00,W,N,E,-,N,,,,,,,,,,Y,4,0,2,2,A,-,05,21650,,N,B,C,A,B,H,-,A,D,0,,,,,Y,,A,01,0,0,2,0,0,0,0,0,0,"- ","- ",35.76088,-119.48900999999999,KERN,UNINCORPORATED,-119.48820827999999,35.76094707
90108705,2016,2016-02-03,9420,2016-01-28,1115,016767,,4,1,9,1500,0,1,3,,1,176,"SR-178 W/B","ALTA VISTA DRIVE O/C",125.00,W,N,A,-,Y,,,,,,,,,,Y,3,0,1,2,A,-,07,21658,A,N,F,A,A,A,H,-,A,D,0,,,,,Y,,A,01,0,1,0,0,0,0,0,0,0,"- ","- ",35.383459999999999,-118.99715,KERN,UNINCORPORATED,-118.99758864,35.383680259999998
90108952,2016,2016-02-04,9420,2016-01-24,1545,017256,,7,2,9,1500,0,3,5,,2,060,"DOWNING AVE","PATTON WAY",20.00,E,N,B,-,N,,,,,,,,,,Y,4,0,1,2,A,-,06,21750,,N,B,C,A,A,H,-,A,D,0,,,Y,,Y,,A,01,0,0,1,0,0,0,0,0,1,"- ","- ",35.390540000000001,-119.08313,KERN,UNINCORPORATED,-119.08325298,35.390540199999997
90109003,2016,2016-02-04,9830,2016-01-26,1626,014986,,2,2,9,1500,0,2,4,,1,023,"TWENTY MULE TEAM ROAD","WESLEY ST.",600.00,W,N,A,-,N,,,,,,,,,,Y,3,0,1,3,A,-,03,22350,,N,C,C,A,A,H,-,A,D,0,,,,,Y,,E,22,0,1,0,0,0,0,0,0,0,"- ","- ",35.000140000000002,-117.66077,KERN,UNINCORPORATED,-117.66060407000001,35.000156580000002