CASE_ID,ACCIDENT_YEAR,PROC_DATE,JURIS,COLLISION_DATE,COLLISION_TIME,OFFICER_ID,REPORTING_DISTRICT,DAY_OF_WEEK,CHP_SHIFT,POPULATION,CNTY_CITY_LOC,SPECIAL_COND,BEAT_TYPE,CHP_BEAT_TYPE,CITY_DIVISION_LAPD,CHP_BEAT_CLASS,BEAT_NUMBER,PRIMARY_RD,SECONDARY_RD,DISTANCE,DIRECTION,INTERSECTION,WEATHER_1,WEATHER_2,STATE_HWY_IND,CALTRANS_COUNTY,CALTRANS_DISTRICT,STATE_ROUTE,ROUTE_SUFFIX,POSTMILE_PREFIX,POSTMILE,LOCATION_TYPE,RAMP_INTERSECTION,SIDE_OF_HWY,TOW_AWAY,COLLISION_SEVERITY,NUMBER_KILLED,NUMBER_INJURED,PARTY_COUNT,PRIMARY_COLL_FACTOR,PCF_CODE_OF_VIOL,PCF_VIOL_CATEGORY,PCF_VIOLATION,PCF_VIOL_SUBSECTION,HIT_AND_RUN,TYPE_OF_COLLISION,MVIW,PED_ACTION,ROAD_SURFACE,ROAD_COND_1,ROAD_COND_2,LIGHTING,CONTROL_DEVICE,CHP_ROAD_TYPE,PEDESTRIAN_ACCIDENT,BICYCLE_ACCIDENT,MOTORCYCLE_ACCIDENT,TRUCK_ACCIDENT,NOT_PRIVATE_PROPERTY,ALCOHOL_INVOLVED,STWD_VEHTYPE_AT_FAULT,CHP_VEHTYPE_AT_FAULT,COUNT_SEVERE_INJ,COUNT_VISIBLE_INJ,COUNT_COMPLAINT_PAIN,COUNT_PED_KILLED,COUNT_PED_INJURED,COUNT_BICYCLIST_KILLED,COUNT_BICYCLIST_INJURED,COUNT_MC_KILLED,COUNT_MC_INJURED,PRIMARY_RAMP,SECONDARY_RAMP,LATITUDE,LONGITUDE,COUNTY,CITY,POINT_X,POINT_Y
90113620,2016,2016-02-11,9420,2016-01-22,1745,019723,,5,2,9,1500,0,3,5,,2,672,"EAST PANAMA LANE","SOUTH FAIRFAX ROAD",850.00,W,N,A,-,N,,,,,,,,,,Y,1,1,0,2,A,-,11,21954,A,N,G,B,D,A,H,-,D,D,0,Y,,,,Y,Y,N,60,0,0,0,1,0,0,0,0,0,"- ","- ",35.296019999999999,-118.93644999999999,KERN,UNINCORPORATED,-118.93490464999999,35.296000249999999
90113777,2016,2016-02-11,9420,2016-02-09,1501,016973,,2,2,9,1500,0,2,4,,1,052,"ROBERTS LN.","AIRPORT DR.",0.00,,Y,A,-,N,,,,,,,,,,N,2,0,1,2,A,-,12,21453,A,N,D,G,A,A,H,-,A,A,0,,Y,,,Y,,L,04,1,0,0,0,0,0,1,0,0,"- ","- ",35.640529999999998,-119.21822,KERN,UNINCORPORATED,-119.03895002,35.408620040000002
90113814,2016,2016-02-11,9420,2016-02-07,2305,019901,,7,3,9,1500,0,3,5,,2,050,"MCCRAY ST.","MERLE HAGGARD DR.",28.00,N,N,A,-,N,,,,,,,,,,Y,3,0,1,1,A,-,01,23152,A,N,E,I,A,A,H,-,C,A,0,,,,,Y,Y,D,22,0,1,0,0,0,0,0,0,0,"- ","- ",35.441299999999998,-119.02997999999999,KERN,UNINCORPORATED,-119.02982175,35.441213599999998
90113835,2016,2016-02-11,9420,2016-02-10,0910,016767,,3,1,9,1500,0,1,3,,1,176,"SR-178 E/B","MOUNT VERNON AVENUE",1056.00,W,N,A,-,Y,,,178,,,,,,E,Y,4,0,2,3,A,-,03,22350,,N,C,C,A,A,H,-,A,D,0,,,,,Y,,A,01,0,0,2,0,0,0,0,0,0,"- ","- ",35.393219999999999,-118.97226999999999,KERN,UNINCORPORATED,-118.97224184,35.393116710000001
90113842,2016,2016-02-11,9830,2016-01-31,1513,015116,,7,2,9,1500,0,1,3,,2,010,"STATE ROUTE 58 W/B","KEENE RD U/C",5280.00,E,N,D,-,Y,,,58,,,,,,W,Y,3,0,3,3,A,-,03,22350,,N,A,E,E,B,H,-,A,D,0,Y,,,,Y,,D,22,0,2,1,0,1,0,0,0,0,"- ","- ",35.215899999999998,-118.5518,KERN,UNINCORPORATED,-118.55184882,35.215857540000002
90113862,2016,2016-02-11,9420,2016-02-10,2225,013475,,3,3,9,1500,0,2,4,,1,071,"MT. VERNON AVENUE","NILES STREET",0.00,,Y,A,-,N,,,,,,,,,,Y,4,0,1,1,A,-,08,22107,,N,E,I,A,A,H,-,C,A,0,,,,,Y,,A,01,0,0,1,0,0,0,0,0,0,"- ","- ",35.376300000000001,-118.96763,KERN,UNINCORPORATED,-118.96758011999999,35.376410049999997
90113914,2016,2016-02-11,9420,2016-02-05,0715,013672,,5,1,9,1500,0,1,3,,1,650,SR-65,"JAMES RD.",0.00,,Y,A,-,Y,,,65,,,,,,,N,4,0,1,2,A,-,09,21802,A,N,D,C,A,A,H,-,A,A,0,,,,Y,Y,,G,25,0,0,1,0,0,0,0,0,0,"- ","- ",35.474080000000001,-119.07473,KERN,UNINCORPORATED,-119.07467681,35.47408223
90114020,2016,2016-02-11,9830,2016-01-16,0735,018758,,6,1,9,1500,0,1,3,,2,030,"SR-14 S/B","ROSAMOND BLVD",7392.00,N,N,B,-,Y,,,14,,,,,,S,Y,3,0,1,1,C,-,18,,,N,F,I,A,A,H,-,A,D,0,,,,,Y,,-,"- ",0,1,0,0,0,0,0,0,0,"- ","- ",34.88214,-118.1665,KERN,UNINCORPORATED,-118.16666072,34.882152779999998
90114103,2016,2016-02-12,9420,2016-02-05,1545,019353,,5,2,6,1502,0,1,3,,2,092,"SR-99 N/B","MING AVENUE",500.00,S,N,A,-,Y,,,,,,,,,,Y,4,0,2,3,A,-,03,22350,,N,C,C,A,A,H,-,A,D,0,,,,,Y,,E,22,0,0,2,0,0,0,0,0,0,"- ","- ",35.340000000000003,-119.03700000000001,KERN,BAKERSFIELD,-119.03946999999999,35.339390000000002
90114108,2015,2016-02-12,9420,2015-12-26,2326,018445,,6,3,9,1500,0,1,3,,2,092,"SR-99 NORTHBOUND (GOLDEN STATE HIGHWAY)","BUCK OWENS BOULEVARD",1056.00,S,N,A,-,Y,,,99,,,,,,N,Y,1,1,0,1,A,-,01,23152,A,N,F,A,A,A,H,-,D,D,0,,,,,Y,Y,A,01,0,0,0,0,0,0,0,0,0,"- ","- ",35.394779999999997,-119.04452000000001,KERN,UNINCORPORATED,-119.04458495999999,35.394777980000001
90114126,2016,2016-02-12,9426,2016-01-15,0545,016828,,5,3,9,1500,0,1,3,,1,167,SR-166,"GOLDBERG RD",10.00,E,N,B,-,Y,,,166,,,,,,,Y,4,0,2,2,A,-,08,22107,,N,B,C,A,A,H,-,B,D,0,,,,Y,Y,,A,01,0,0,2,0,0,0,0,0,0,"- ","- ",35.058160000000001,-119.26099000000001,KERN,UNINCORPORATED,-119.2609892,35.058081639999997
90114136,2015,2016-02-12,9420,2015-12-30,1225,014811,,3,1,9,1500,0,3,5,,2,630,"GOSFORD ROAD","COBB ROAD",330.00,N,N,A,-,N,,,,,,,,,,Y,2,0,2,1,A,-,08,22107,,N,E,I,A,A,H,-,A,D,0,,,,,Y,,A,01,1,1,0,0,0,0,0,0,0,"- ","- ",35.244750000000003,-119.5291,KERN,UNINCORPORATED,-119.09214507999999,35.246175549999997
90114369,2016,2016-02-12,9420,2016-01-30,2320,019531,,6,3,9,1500,0,1,3,,2,588,"SR-58 EASTBOUND (E/B)",SR-223,5280.00,W,N,A,-,Y,,,58,,,,,,E,Y,3,0,2,3,A,-,01,23152,A,N,E,I,A,A,H,-,D,D,0,,,,Y,Y,Y,A,01,0,1,1,0,0,0,0,0,0,"- ","- ",35.266150000000003,-118.66655,KERN,UNINCORPORATED,-118.66654456000001,35.266167869999997
90114432,2016,2016-02-12,9430,2016-01-31,0424,018627,,7,3,9,1500,0,1,1,,2,053,"I-5 S/B (GOLDEN STATE FREEWAY)","GRAPEVINE ROAD",3696.00,S,N,B,-,Y,,,5,,,,,,S,Y,2,0,1,3,A,-,01,23152,A,N,B,C,A,A,H,-,D,D,0,,,,,Y,Y,A,01,1,0,0,0,0,0,0,0,0,"- ","- ",34.931280000000001,-118.93025,KERN,UNINCORPORATED,-118.93030290999999,34.931243539999997
90114482,2016,2016-02-12,9420,2016-02-09,1830,016973,,2,2,9,1500,0,2,4,,1,051,"AIRPORT DR.","ROBERTS LN.",200.00,S,N,A,-,N,,,,,,,,,,Y,3,0,1,3,A,-,01,23152,A,N,C,C,A,A,H,-,D,D,0,,,,,Y,Y,A,01,0,1,0,0,0,0,0,0,0,"- ","- ",35.407859999999999,-119.03883999999999,KERN,UNINCORPORATED,-119.03893857,35.408071290000002
90114556,2016,2016-02-12,9420,2016-02-05,1712,019353,,5,2,6,1502,0,1,3,,2,092,"SR-99 N/B","MING AVENUE",600.00,N,N,A,-,Y,,,99,,,,,,N,Y,4,0,1,2,A,-,03,22350,,N,F,A,A,A,H,-,B,D,0,,,Y,,Y,,C,02,0,0,1,0,0,0,0,0,1,"- ","- ",35.353000000000002,-119.039,KERN,BAKERSFIELD,-119.03940879,35.353001370000001
90114572,2016,2016-02-12,9420,2016-02-05,1100,016926,,5,1,9,1500,0,3,5,,2,060,"SNOW ROAD","CALLOWAY DRIVE",100.00,W,N,A,-,N,,,,,,,,,,Y,4,0,1,2,A,-,03,22350,,N,C,C,A,A,H,-,A,A,0,,,,Y,Y,,D,22,0,0,1,0,0,0,0,0,0,"- ","- ",35.427039999999998,-119.11037,KERN,UNINCORPORATED,-119.11033525000001,35.427077390000001
90114580,2016,2016-02-12,9420,2016-02-05,1653,016969,,5,2,9,1500,0,1,3,,1,184,"SR-184 (MAIN STREET)","SEGRUE RD.",0.00,,Y,A,-,Y,,,,,,,,,,N,3,0,1,2,A,-,10,21950,A,N,G,B,B,A,H,-,A,A,0,Y,,,,Y,,D,22,0,1,0,0,1,0,0,0,0,"- ","- ",,,KERN,UNINCORPORATED,,
90114593,2016,2016-02-12,9420,2016-02-07,1056,016926,,7,1,6,1502,0,1,3,,2,092,"SR-99 N/B","SR-58 (ROSEDALE HWY)",800.00,S,N,A,-,Y,,,99,,,,,,N,N,4,0,1,2,A,-,03,22350,,N,C,C,A,A,C,-,A,D,0,,,,,Y,,A,01,0,0,1,0,0,0,0,0,0,"- ","- ",35.37923,-119.04433,KERN,BAKERSFIELD,-119.04437409000001,35.379229680000002
90114612,2016,2016-02-12,9420,2016-02-11,0715,018030,,4,1,9,1500,0,3,5,,2,520,"POND RD","MAGNOLIA AVE",0.00,,Y,E,-,N,,,,,,,,,,Y,4,0,1,2,A,-,12,22450,A,N,D,C,A,A,H,-,A,A,0,,,,,Y,,A,08,0,0,1,0,0,0,0,0,0,"- ","- ",35.717860000000002,-119.36601,KERN,UNINCORPORATED,-119.36592988,35.717620019999998
90115439,2016,2016-02-24,9420,2016-02-11,1400,016691,,4,2,9,1500,0,3,5,,2,040,"RIVER BLVD","BERNARD ST",45.00,N,N,A,-,N,,,,,,,,,,Y,3,0,2,2,A,-,01,23152,E,N,A,C,A,A,H,-,A,A,0,,,,,Y,,A,01,0,2,0,0,0,0,0,0,0,"- ","- ",35.390639999999998,-118.98505,KERN,UNINCORPORATED,-118.9850253,35.390527769999998
90115467,2016,2016-02-16,9420,2016-02-07,0620,018813,,7,1,9,1500,0,3,5,,2,530,"ORANGE ST.","POPLAR ST.",1474.00,E,N,E,-,N,,,,,,,,,,Y,3,0,1,1,A,-,08,22107,,N,E,I,A,A,H,-,A,D,0,,,,,Y,,D,22,0,1,0,0,0,0,0,0,0,"- ","- ",35.478169999999999,-119.2914,KERN,UNINCORPORATED,-119.29142447,35.478097269999999
90115485,2016,2016-02-16,9420,2016-02-07,0107,019442,,7,3,9,1500,0,1,3,,2,430,SR-43,"WHISLER RD.",0.00,,Y,A,-,Y,,,43,,,,,,,Y,3,0,1,1,A,-,01,23152,A,N,E,I,A,A,H,-,C,A,0,,,,,Y,Y,A,01,0,1,0,0,0,0,0,0,0,"- ","- ",35.644829999999999,-119.33108,KERN,UNINCORPORATED,-119.33100113,35.644829229999999
90115547,2016,2016-02-16,9420,2016-01-31,1850,019868,,7,2,9,1500,0,2,4,,1,052,"NORRIS RD","DIANE DR",20.00,W,N,B,C,N,,,,,,,,,,Y,4,0,2,2,A,-,03,22350,,N,C,C,A,B,H,-,C,D,0,,,,,Y,,D,22,0,0,2,0,0,0,0,0,0,"- ","- ",35.419580000000003,-119.03197,KERN,UNINCORPORATED,-119.03169704,35.419530260000002
90115590,2016,2016-02-16,9430,2016-02-08,1539,018416,,1,2,9,1500,0,1,1,,2,054,"I-5 N/B (GOLDEN STATE FWY.)","LAVAL RD",3168.00,N,N,A,-,Y,,,,,,,,,,Y,4,0,1,2,A,-,03,22350,,N,C,C,A,A,H,-,A,D,0,,,,Y,Y,,A,07,0,0,1,0,0,0,0,0,0,"- ","- ",35.050939999999997,-118.26545,KERN,UNINCORPORATED,,
90115598,2016,2016-02-16,9830,2016-01-31,0255,019400,,7,3,9,1500,0,3,5,,2,005,"N. JACKS RANCH ROAD","W. FELSPAR AVENUE",265.00,N,N,A,-,N,,,,,,,,,,Y,3,0,2,1,A,-,08,22107,,F,F,A,A,A,H,-,D,D,0,,,,,Y,Y,D,22,0,2,0,0,0,0,0,0,0,"- ","- ",35.63458,-117.72308,KERN,UNINCORPORATED,-117.72301,35.634266230000001
90115680,2016,2016-02-16,9830,2016-02-06,1250,015252,,6,1,9,1500,0,1,3,,1,051,"STATE ROUTE 178","PINE HOLLOW ROAD",12144.00,E,N,A,-,Y,,,178,,,,,,,Y,3,0,1,1,A,-,08,22107,,N,F,A,A,A,H,-,A,D,0,,,Y,,Y,,C,02,0,1,0,0,0,0,0,0,1,"- ","- ",35.659779999999998,-118.01832,KERN,UNINCORPORATED,-118.01831887,35.659786740000001
90115695,2016,2016-02-16,9420,2016-02-14,0520,019531,,7,3,9,1500,0,3,5,,2,040,"RIVER BOULEVARD","HEIGHT STREET",10.00,N,N,A,-,N,,,,,,,,,,Y,3,0,1,1,A,-,08,22107,,M,E,I,A,A,H,-,D,D,0,,,,,Y,Y,A,07,0,1,0,0,0,0,0,0,0,"- ","- ",35.393790000000003,-118.9854,KERN,UNINCORPORATED,-118.9851695,35.393917440000003
90115696,2016,2016-02-16,9830,2016-02-04,2300,018758,,4,3,9,1500,0,3,5,,2,001,"LOWER CUMMINGS VALLEY RD",SR-202,627.00,E,N,A,-,N,,,,,,,,,,Y,3,0,1,1,A,-,08,22107,,N,F,A,A,A,H,-,D,D,0,,,,,Y,,D,22,0,1,0,0,0,0,0,0,0,"- ","- ",35.131070000000001,-118.56708999999999,KERN,UNINCORPORATED,-118.56609106000001,35.131114310000001
90115727,2016,2016-02-16,9830,2016-02-07,2018,019883,,7,2,9,1500,0,1,3,,1,052,SR-178,"COMET RD.",186.00,W,N,A,-,Y,,,,,,,,,,N,2,0,1,2,A,-,11,21956,A,N,G,B,E,A,H,-,D,D,0,Y,,,,Y,,N,60,1,0,0,0,1,0,0,0,0,"- ","- ",35.391280000000002,-117.47582,KERN,UNINCORPORATED,,
90115761,2016,2016-02-16,9426,2016-02-09,0608,016921,,2,1,9,1500,0,3,5,,2,081,"BASIC SCHOOL ROAD","GARDNER FIELD ROAD",82.00,N,N,A,-,N,,,,,,,,,,Y,4,0,1,1,A,-,03,22350,,N,E,I,A,A,H,-,D,D,0,,,,,Y,,A,01,0,0,1,0,0,0,0,0,0,"- ","- ",35.10125,-119.31407,KERN,UNINCORPORATED,-119.31406438,35.101417640000001
90115808,2016,2016-02-16,9420,2016-02-14,1605,019868,,7,2,9,1500,0,3,5,,2,070,"PESANTE RD","PIONEER DR",30.00,N,N,A,-,N,,,,,,,,,,N,4,0,1,2,A,-,08,22107,,M,B,E,A,A,H,-,A,D,0,,,,,Y,,A,01,0,0,1,0,0,0,0,0,0,"- ","- ",35.368819999999999,-118.94298999999999,KERN,UNINCORPORATED,-118.94307911,35.368752309999998
90115932,2016,2016-02-16,9420,2016-02-07,0940,015259,,7,1,9,1500,0,1,3,,1,184,"STATE ROUTE-184 (MAIN STREET)","HALL ROAD",0.00,,Y,A,-,Y,,,184,,,,,,,N,4,0,1,2,A,-,10,21950,A,N,G,B,B,A,H,-,A,A,0,Y,,,,Y,,A,08,0,0,1,0,1,0,0,0,0,"- ","- ",35.259540000000001,-118.91467,KERN,UNINCORPORATED,-118.91441361,35.259539680000003
90115982,2016,2016-02-16,9830,2016-02-10,0319,019762,,3,3,9,1500,0,3,5,,2,003,"60TH ST. WEST","WILLOW AVE.",51.00,S,N,A,-,N,,,,,,,,,,Y,3,0,1,1,A,-,08,22107,,N,F,A,A,A,H,-,D,D,0,,,,,Y,,A,01,0,1,0,0,0,0,0,0,0,"- ","- ",34.841900000000003,-118.23773,KERN,UNINCORPORATED,-118.23786942,34.841860150000002
90116005,2016,2016-02-16,9420,2016-02-09,1635,017256,,2,2,9,1500,0,1,3,,1,583,"SR-58 E/B (ROSEDALE HWY.)","FAIRHAVEN DR",255.00,W,N,A,-,Y,,,58,,,,,,E,Y,4,0,1,2,A,-,08,22100,A,N,B,C,A,A,D,-,A,D,0,,,,,Y,,A,01,0,0,1,0,0,0,0,0,0,"- ","- ",35.383240000000001,-119.05544999999999,KERN,UNINCORPORATED,-119.05544985,35.383294030000002
90116086,2016,2016-02-16,9420,2016-02-10,2330,015977,,3,3,9,1500,0,1,3,,2,090,"SR-99 N/B","POND RD",5280.00,S,N,A,-,Y,,,99,,,,,,N,Y,3,0,1,1,A,-,08,22107,,N,E,I,A,A,H,-,D,D,0,,,,,Y,,A,01,0,1,0,0,0,0,0,0,0,"- ","- ",35.696689999999997,-119.23148,KERN,UNINCORPORATED,-119.23139097000001,35.696710770000003
90116162,2016,2016-02-16,9420,2016-02-13,0830,018643,,6,1,9,1500,0,1,3,,2,430,SR-43,"SHERWOOD AVENUE",61.00,N,N,B,-,Y,,,43,,,,,,,Y,2,0,3,1,A,-,01,23152,A,N,E,I,A,A,H,-,A,D,0,,,,,Y,Y,A,01,1,2,0,0,0,0,0,0,0,"- ","- ",35.674680000000002,-119.32997,KERN,UNINCORPORATED,-119.33015983,35.67471991
90116185,2016,2016-02-24,9426,2016-02-06,1412,017321,,6,2,9,1500,0,3,5,,2,081,"D STREET","5 TH STREET",0.00,,Y,A,-,N,,,,,,,,,,Y,4,0,2,2,A,-,09,21800,A,N,D,C,A,A,H,-,A,D,0,,,,,Y,,A,01,0,0,2,0,0,0,0,0,0,"- ","- ",35.134270000000001,-119.47107,KERN,UNINCORPORATED,-119.33642988,35.596910029999997
90116262,2016,2016-02-16,9420,2016-02-14,1615,020163,,7,2,6,1502,0,2,4,,1,071,"MT. VERNON AVENUE","LARCUS AVENUE",200.00,S,N,A,-,N,,,,,,,,,,Y,4,0,2,2,A,-,03,22350,,N,C,C,A,A,H,-,A,A,0,,,,,Y,,A,08,0,0,2,0,0,0,0,0,0,"- ","- ",35.36598,-118.96759,KERN,BAKERSFIELD,-118.96759,35.366691299999999
90116282,2016,2016-02-16,9426,2016-02-15,0455,015576,,1,3,9,1500,0,1,3,,1,167,SR-166,"BASIC SCHOOL RD",15840.00,E,N,A,-,Y,,,166,,,,,,,N,4,0,1,2,A,-,03,22350,,N,C,C,A,A,H,-,D,D,0,,,Y,,Y,,C,02,0,0,1,0,0,0,0,0,1,"- ","- ",35.058219999999999,-119.25999,KERN,UNINCORPORATED,-119.25998869,35.058091900000001
90116299,2016,2016-02-16,9830,2016-02-12,1650,019332,,5,2,9,1500,0,2,4,,1,034,"ROSAMOND BLVD","GLENDOWER ST",165.00,E,N,A,-,N,,,,,,,,,,Y,4,0,3,3,A,-,03,22350,,N,C,C,A,A,H,-,A,D,0,,,,,Y,,A,07,0,0,3,0,0,0,0,0,0,"- ","- ",34.868819999999999,-118.7129,KERN,UNINCORPORATED,-118.16852119000001,34.864318580000003
90116303,2016,2016-02-16,9420,2016-02-15,1640,019868,,1,2,9,1500,0,2,4,,1,075,"S UNION AVE","PACHECO RD",0.00,,Y,A,-,N,,,,,,,,,,Y,4,0,1,2,A,-,12,21453,A,N,D,C,A,A,H,-,A,A,0,,,,,Y,,A,01,0,0,1,0,0,0,0,0,0,"- ","- ",35.310339999999997,-119.00309,KERN,UNINCORPORATED,-119.00313002,35.310390120000001
90116309,2016,2016-02-16,9420,2016-02-04,0530,016767,,4,3,9,1500,0,3,5,,2,070,"MILLER STREET","LINCOLN STREET",0.00,,Y,A,-,N,,,,,,,,,,Y,4,0,1,2,A,-,03,22350,,N,D,C,A,A,H,-,C,D,0,,,,,Y,,A,01,0,0,1,0,0,0,0,0,0,"- ","- ",35.385159999999999,-118.97982,KERN,UNINCORPORATED,-118.97992001,35.385070050000003
90116380,2016,2016-02-16,9420,2016-02-15,1235,020304,,1,1,9,1500,0,1,3,,2,178,"STATE ROUTE 178","LARSEN ROAD",170.00,E,N,A,-,Y,,,178,,,,,,,Y,4,0,1,1,A,-,08,22107,,N,E,I,A,A,H,-,A,D,0,,,,,Y,,A,01,0,0,1,0,0,0,0,0,0,"- ","- ",35.645470000000003,-118.36418,KERN,UNINCORPORATED,-118.36421953,35.645533389999997
90116431,2016,2016-02-16,9830,2016-02-11,1800,018857,,4,2,9,1500,0,1,3,,2,010,"SR 58 W/B","RT 202",6336.00,W,N,A,-,Y,,,,,,,,,,Y,3,0,1,1,A,-,08,22107,,N,F,A,A,A,H,-,D,D,0,,,,,Y,,D,22,0,1,0,0,0,0,0,0,0,"- ","- ",,,KERN,UNINCORPORATED,-118.47376215,35.157238229999997
90116438,2016,2016-02-16,9430,2016-02-10,2032,018416,,3,2,9,1500,0,2,4,,1,021,"FRAZIER MOUNTAIN PARK RD","LEBEC RD",344.00,W,N,A,-,N,,,,,,,,,,N,4,0,1,1,A,-,13,22515,A,N,E,I,A,A,H,-,D,D,0,,,,,Y,,A,01,0,0,1,0,0,0,0,0,0,"- ","- ",34.817839999999997,-118.88612999999999,KERN,UNINCORPORATED,-118.88586647,34.817929999999997
90116687,2016,2016-02-17,9430,2016-02-15,1000,016662,,1,1,9,1500,0,1,1,,2,053,"I-5 N/B","FRAZIER MTN PARK ROAD",700.00,N,N,A,-,Y,,,5,,,,,,N,Y,3,0,1,1,A,-,03,22350,,N,F,A,A,A,H,-,A,D,0,,,Y,,Y,,C,02,0,1,0,0,0,0,0,0,1,"- ","- ",34.825940000000003,-118.87302,KERN,UNINCORPORATED,-118.87307353,34.825995949999999
90116865,2016,2016-02-17,9420,2016-02-11,1430,016973,,4,2,9,1500,0,3,5,,2,060,"CALLOWAY DR.","SNOW RD.",10.00,N,N,A,-,N,,,,,,,,,,Y,4,0,1,2,A,-,08,22107,,N,A,C,A,A,H,-,A,A,0,,,,,Y,,A,01,0,0,1,0,0,0,0,0,0,"- ","- ",35.427190000000003,-119.11001,KERN,UNINCORPORATED,-119.10999984999999,35.42710744
90116914,2016,2016-02-17,9420,2016-02-14,0955,015259,,7,1,9,1500,0,3,5,,2,671,"SEGRUE ROAD","SANTA BARBARA STREET",0.00,,Y,A,-,N,,,,,,,,,,Y,4,0,1,2,A,-,09,21800,A,N,D,C,A,A,H,-,A,D,0,,,,,Y,,D,22,0,0,1,0,0,0,0,0,0,"- ","- ",35.256050000000002,-118.91646,KERN,UNINCORPORATED,-118.91659006,35.256060089999998
90116961,2016,2016-02-17,9420,2016-02-15,0715,015259,,1,1,9,1500,0,1,3,,2,097,"STATE ROUTE-99 SOUTHBOUND","STATE ROUTE-223 (BEAR MOUNTAIN BLVD.)",2435.00,N,N,A,-,Y,,,99,,,,,,S,Y,4,0,2,2,A,-,08,22107,,N,B,C,A,A,H,-,A,D,0,,,,Y,Y,,A,07,0,0,2,0,0,0,0,0,0,"- ","- ",35.217759999999998,-119.01182,KERN,UNINCORPORATED,-119.01194284,35.217740509999999
90116965,2016,2016-02-17,9830,2016-02-09,2313,019883,,2,3,9,1500,0,1,3,,1,050,SR-14,"SR-178 W/B",39600.00,S,N,A,-,Y,,,,,,,,,,Y,4,0,1,1,A,-,08,22107,,N,F,A,A,A,H,-,D,D,0,,,,,Y,,A,01,0,0,1,0,0,0,0,0,0,"- ","- ",35.299340000000001,-117.56992,KERN,UNINCORPORATED,,
90117025,2016,2016-02-17,9830,2016-02-06,1651,021137,,6,2,9,1500,0,3,5,,2,005,"LELITER RD","HAWK ST",20.00,E,N,A,-,N,,,,,,,,,,Y,2,0,3,2,A,-,09,21804,A,N,C,C,A,A,H,-,A,D,0,,,,,Y,,A,01,1,1,1,0,0,0,0,0,0,"- ","- ",35.710549999999998,-117.83905,KERN,UNINCORPORATED,-117.83918279,35.710509999999999
9011818,2018,2019-12-27,1500,2018-05-31,1938,202354,WA02,4,5,3,1510,0,0,0,,0,4401,"F ST","6TH ST",0.00,,Y,A,-,N,,,,,,,,,,N,3,0,1,2,A,-,09,21804,A,F,D,C,A,A,G,-,A,A,0,,,,,Y,,A,01,0,1,0,0,0,0,0,0,0,"- ","- ",,,KERN,WASCO,-119.33376312255859,35.595569610595703
90118205,2016,2016-02-18,9420,2016-02-10,1913,017560,,3,2,9,1500,0,1,3,,1,176,"SR-178 E/B","NILES ST OVER-CROSSING",43.00,W,N,A,-,Y,,,,,,,,,,Y,4,0,1,1,A,-,08,22107,,N,E,I,A,A,H,-,D,D,0,,,,,Y,,A,01,0,0,1,0,0,0,0,0,0,"- ","- ",35.38344,-118.99639000000001,KERN,UNINCORPORATED,,
90118221,2016,2016-02-18,9420,2016-02-14,1702,017560,,7,2,9,1500,0,3,5,,2,630,"HOUGHTON RD.","EBERLE RD.",247.00,W,N,A,-,N,,,,,,,,,,Y,4,0,2,2,A,-,21,22106,,N,C,C,A,A,H,-,A,D,0,,,,,Y,,A,01,0,0,2,0,0,0,0,0,0,"- ","- ",35.238100000000003,-119.08421,KERN,UNINCORPORATED,-119.08414612999999,35.237992820000002
90118309,2016,2016-02-18,9426,2016-02-13,1900,017321,,6,2,9,1500,0,1,1,,2,500,"I-5 S/B","TWISSELMAN RD",528.00,N,N,A,-,Y,,,5,,,,,,S,Y,4,0,1,2,A,-,08,22107,,N,B,C,A,A,H,-,D,D,0,,,,,Y,,-,99,0,0,1,0,0,0,0,0,0,"- ","- ",35.736499999999999,-119.74303999999999,KERN,UNINCORPORATED,-119.74300196999999,35.736528630000002
90118385,2016,2016-02-18,9420,2016-02-10,1745,015466,,3,2,9,1500,0,1,3,,2,178,SR-178,"SOUTH FORK LANE",243.00,E,N,A,-,Y,,,178,,,,,,,N,4,0,1,1,A,-,08,22107,,N,E,I,A,A,H,-,B,D,0,,,,,Y,,A,07,0,0,1,0,0,0,0,0,0,"- ","- ",35.678139999999999,-118.25314,KERN,UNINCORPORATED,-118.25310413,35.678097340000001
90118399,2016,2016-02-18,9420,2016-02-10,1530,015466,,3,2,9,1500,0,1,3,,2,177,SR-178,"DEMOCRAT ROAD",19536.00,W,N,A,-,Y,,,178,,,,,,,N,4,0,1,1,A,-,08,22107,,N,E,I,A,A,H,-,A,D,0,,,,,Y,,A,01,0,0,1,0,0,0,0,0,0,"- ","- ",35.493229999999997,-118.69871999999999,KERN,UNINCORPORATED,-118.69877511999999,35.493332180000003
90118419,2016,2016-02-18,9420,2016-02-12,1810,016691,,5,2,9,1500,0,2,4,,1,072,"NILES ST",PALM,75.00,E,N,A,-,N,,,,,,,,,,N,4,0,1,2,A,-,11,21954,A,N,G,B,D,A,H,-,D,D,0,Y,,,,Y,,N,60,0,0,1,0,1,0,0,0,0,"- ","- ",35.377200000000002,-118.9709,KERN,UNINCORPORATED,-118.97070873,35.377152549999998
90118442,2016,2016-02-18,9420,2016-02-14,1245,018068,,7,1,6,1502,0,1,3,,2,584,"SR-58 E/B","COTTONWOOD RD",528.00,E,N,A,-,Y,,,58,,,,,,E,N,4,0,1,3,A,-,07,21658,A,M,D,C,A,A,H,-,A,D,0,,,,,Y,,A,01,0,0,1,0,0,0,0,0,0,"- ","- ",35.351999999999997,-118.982,KERN,BAKERSFIELD,-118.98200263,35.352292810000002
90118521,2016,2016-02-18,9420,2016-02-17,1515,017256,,3,2,9,1500,0,1,3,,2,587,"SR-58 W/B","BEALVILLE RD",1320.00,E,N,B,C,Y,,,58,,,,,,W,Y,3,0,1,1,A,-,03,22350,,N,E,I,A,B,H,-,A,D,0,,,,,Y,,A,01,0,1,0,0,0,0,0,0,0,"- ","- ",35.26397,-118.62871,KERN,UNINCORPORATED,-118.62870957,35.263850429999998