CASE_ID,ACCIDENT_YEAR,PROC_DATE,JURIS,COLLISION_DATE,COLLISION_TIME,OFFICER_ID,REPORTING_DISTRICT,DAY_OF_WEEK,CHP_SHIFT,POPULATION,CNTY_CITY_LOC,SPECIAL_COND,BEAT_TYPE,CHP_BEAT_TYPE,CITY_DIVISION_LAPD,CHP_BEAT_CLASS,BEAT_NUMBER,PRIMARY_RD,SECONDARY_RD,DISTANCE,DIRECTION,INTERSECTION,WEATHER_1,WEATHER_2,STATE_HWY_IND,CALTRANS_COUNTY,CALTRANS_DISTRICT,STATE_ROUTE,ROUTE_SUFFIX,POSTMILE_PREFIX,POSTMILE,LOCATION_TYPE,RAMP_INTERSECTION,SIDE_OF_HWY,TOW_AWAY,COLLISION_SEVERITY,NUMBER_KILLED,NUMBER_INJURED,PARTY_COUNT,PRIMARY_COLL_FACTOR,PCF_CODE_OF_VIOL,PCF_VIOL_CATEGORY,PCF_VIOLATION,PCF_VIOL_SUBSECTION,HIT_AND_RUN,TYPE_OF_COLLISION,MVIW,PED_ACTION,ROAD_SURFACE,ROAD_COND_1,ROAD_COND_2,LIGHTING,CONTROL_DEVICE,CHP_ROAD_TYPE,PEDESTRIAN_ACCIDENT,BICYCLE_ACCIDENT,MOTORCYCLE_ACCIDENT,TRUCK_ACCIDENT,NOT_PRIVATE_PROPERTY,ALCOHOL_INVOLVED,STWD_VEHTYPE_AT_FAULT,CHP_VEHTYPE_AT_FAULT,COUNT_SEVERE_INJ,COUNT_VISIBLE_INJ,COUNT_COMPLAINT_PAIN,COUNT_PED_KILLED,COUNT_PED_INJURED,COUNT_BICYCLIST_KILLED,COUNT_BICYCLIST_INJURED,COUNT_MC_KILLED,COUNT_MC_INJURED,PRIMARY_RAMP,SECONDARY_RAMP,LATITUDE,LONGITUDE,COUNTY,CITY,POINT_X,POINT_Y
90118572,2016,2016-02-18,9426,2016-02-10,1754,018610,,3,2,9,1500,0,3,5,,2,086,"STOCKDALE HWY","TRASK ST",14.00,W,N,A,-,N,,,,,,,,,,Y,4,0,1,2,A,-,09,21802,A,N,D,C,A,A,H,-,C,A,0,,,,Y,Y,,F,26,0,0,1,0,0,0,0,0,0,"- ","- ",35.354900000000001,-119.3322,KERN,UNINCORPORATED,-119.33230690000001,35.354860000000002
90118590,2016,2016-02-18,9420,2016-02-14,0245,017146,,7,3,9,1500,0,2,4,,2,021,"SIERRA WAY S/B","HANNING FLAT",2640.00,N,N,A,-,N,,,,,,,,,,Y,3,0,1,1,A,-,08,22107,,M,E,I,A,A,H,-,D,D,0,,,,,Y,Y,D,22,0,1,0,0,0,0,0,0,0,"- ","- ",35.68186,-118.37966,KERN,UNINCORPORATED,-118.37862637000001,35.681683640000003
90118667,2016,2016-02-18,9830,2016-02-16,1350,018857,,2,1,9,1500,0,3,5,,2,001,"BANDUCCI RD","ALPS DR",654.00,W,N,A,-,N,,,,,,,,,,Y,3,0,2,1,A,-,08,22107,,N,E,I,A,A,H,-,A,D,0,,,,,Y,,A,01,0,1,1,0,0,0,0,0,0,"- ","- ",35.094839999999998,-118.55124000000001,KERN,UNINCORPORATED,-118.55128533,35.094784619999999
90118744,2016,2016-02-18,9420,2016-02-15,1805,016978,,1,2,6,1502,0,1,3,,2,094,"SR-99 N/B","MING AVE.",1000.00,N,N,A,-,Y,,,,,,,,,,Y,4,0,3,5,A,-,03,22350,,N,C,C,A,A,H,-,C,D,0,,,,,Y,,A,01,0,0,3,0,0,0,0,0,0,"- ","- ",35.223140000000001,-119.43221,KERN,BAKERSFIELD,-119.03945828000001,35.342283950000002
9011883,2018,2019-12-21,1500,2018-09-30,1155,202354,WA02,7,5,3,1510,0,0,0,,0,4401,"POPLAR AV","11TH ST",0.00,,Y,A,-,N,,,,,,,,,,N,4,0,2,2,A,-,09,21802,A,N,D,C,A,A,H,-,A,A,0,,,,,Y,,A,01,0,0,2,0,0,0,0,0,0,"- ","- ",,,KERN,WASCO,-119.34490966796875,35.588821411132812
9011890,2018,2019-12-21,1500,2018-02-17,2105,202354,WA02,6,5,3,1510,0,0,0,,0,4401,"BIRCH AV","3RD ST",104.00,N,N,A,-,N,,,,,,,,,,Y,3,0,1,2,A,-,01,23152,A,N,C,E,A,A,H,-,C,A,0,,,,,Y,,A,07,0,1,0,0,0,0,0,0,0,"- ","- ",,,KERN,WASCO,-119.34257507324219,35.599075317382812
9011898,2018,2019-12-23,1500,2018-02-22,1704,202302,WA02,4,5,3,1510,0,0,0,,0,4401,"FILBURN AV","RT 43",14.00,E,N,A,-,N,,,,,,,,,,Y,3,0,1,1,A,-,08,22107,,N,E,I,A,A,H,-,A,A,0,,,,,Y,,A,01,0,1,0,0,0,0,0,0,0,"- ","- ",,,KERN,WASCO,-119.33412933349609,35.579730987548828
90119135,2016,2016-02-18,9430,2016-02-11,1620,017153,,4,2,9,1500,0,3,5,,2,004,"WHEELER RIDGE ROAD","I-5 N/B",255.00,N,N,A,-,N,,,,,,,,,,Y,3,0,2,1,A,-,03,22350,,N,F,A,A,A,H,-,A,D,0,,,Y,,Y,,C,02,0,2,0,0,0,0,0,0,2,"- ","- ",34.988239999999998,-118.94383000000001,KERN,UNINCORPORATED,-118.94476890999999,34.98698675
90119154,2016,2016-02-18,9426,2016-02-11,1210,016828,,4,1,9,1500,0,3,5,,2,081,"MIDWAY ROAD","LINCOLN STREET",10560.00,W,N,A,-,N,,,,,,,,,,Y,4,0,1,1,A,-,08,22107,,N,F,A,A,A,H,-,A,D,0,,,,,Y,,A,01,0,0,1,0,0,0,0,0,0,"- ","- ",35.180590000000002,-119.48557,KERN,UNINCORPORATED,-119.50078494,35.180499730000001
9011921,2018,2019-12-21,1500,2018-09-18,0745,202354,WA02,2,5,3,1510,0,0,0,,0,4401,"PLUM AV","PECAN ST",67.00,S,N,A,-,N,,,,,,,,,,N,3,0,2,3,A,-,10,21950,A,N,G,B,D,A,H,-,A,A,0,Y,,,,Y,,A,01,0,1,1,0,2,0,0,0,0,"- ","- ",,,KERN,WASCO,-119.33872985839844,35.605796813964844
9011931,2018,2019-12-21,1500,2018-05-13,0202,201596,WA02,7,5,3,1510,0,0,0,,0,4401,"F ST","POSO DR",0.00,,Y,A,-,N,,,,,,,,,,Y,4,0,4,2,A,-,01,23152,A,N,C,C,A,A,H,-,C,A,0,,,,,Y,Y,A,01,0,0,4,0,0,0,0,0,0,"- ","- ",,,KERN,WASCO,-119.33390045166016,35.587020874023438
90119402,2016,2016-02-22,9420,2016-02-14,1155,018813,,7,1,9,1500,0,1,3,,2,178,"SR-178 E/B","CALL BOX 2",15840.00,E,N,A,-,Y,,,178,,,,,,E,Y,2,0,1,1,A,-,03,22350,,N,F,A,A,A,H,-,A,D,0,,,Y,,Y,,C,02,1,0,0,0,0,0,0,0,1,"- ","- ",35.472540000000002,-118.714,KERN,UNINCORPORATED,-118.71401759,35.472570740000002
90119423,2016,2016-02-22,9426,2016-02-14,0004,018633,,7,3,9,1500,0,1,1,,2,502,"I-5 N/B",SR-46,5280.00,S,N,A,-,Y,,,5,,,,,,N,N,4,0,1,2,A,-,03,22350,,N,D,C,A,A,D,E,D,D,0,,,,,Y,,A,07,0,0,1,0,0,0,0,0,0,"- ","- ",35.600709999999999,-119.6404,KERN,UNINCORPORATED,-119.640339,35.600768420000001
90119479,2016,2016-03-03,9420,2016-02-12,0215,019316,,5,3,9,1500,0,1,3,,2,584,"SR-58 E/B",SR-184,185.00,W,N,A,-,Y,,,58,,,,,,E,N,1,1,0,2,A,-,11,21954,A,N,G,B,D,A,H,-,D,D,0,Y,,,Y,Y,,N,60,0,0,0,1,0,0,0,0,0,"- ","- ",35.352139999999999,-118.91459999999999,KERN,UNINCORPORATED,-118.9145989,35.352164799999997
90119627,2016,2016-02-22,9426,2016-02-17,1800,017321,,3,2,9,1500,0,1,3,,2,432,SR-43,"PANAMA LANE",200.00,S,N,B,G,Y,,,43,,,,,,,Y,3,0,3,2,A,-,09,21801,A,N,D,C,A,A,H,-,C,D,0,,,,,Y,,A,01,0,2,1,0,0,0,0,0,0,"- ","- ",35.295009999999998,-119.25247,KERN,UNINCORPORATED,-119.25249331000001,35.295010329999997
90119683,2016,2016-02-22,9420,2016-02-12,0730,016926,,5,1,6,1502,0,1,3,,2,204,"SR-204 S/B","F STREET",1000.00,N,N,A,-,Y,,,204,,,,,,S,Y,4,0,4,2,A,-,03,22350,,N,C,C,A,A,H,-,A,A,0,,,,,Y,,D,22,0,0,4,0,0,0,0,0,0,"- ","- ",35.392719999999997,-119.02749,KERN,BAKERSFIELD,-119.02734344,35.392913810000003
90119737,2016,2016-02-22,9420,2016-02-18,1014,013475,,4,1,6,1502,0,1,S,,2,901,"SR-58 (ROSEDALE HIGHWAY)","GIBSON STREET",678.00,E,N,A,-,Y,,,58,,,,,,,Y,4,0,1,2,A,-,05,21651,B,M,A,C,A,A,H,-,A,A,0,,,,,Y,,A,01,0,0,1,0,0,0,0,0,0,"- ","- ",35.383209999999998,-119.04978,KERN,BAKERSFIELD,-119.04977940000001,35.383251270000002
90120246,2016,2016-02-26,9420,2016-02-09,2347,019649,,2,3,9,1500,0,3,5,,2,070,"QUANTICO AVE","BUDDY DR.",73.00,S,N,A,-,N,,,,,,,,,,Y,4,0,1,2,A,-,08,22107,,F,C,E,A,A,H,-,C,D,0,,,,Y,Y,,A,01,0,0,1,0,0,0,0,0,0,"- ","- ",35.214649999999999,-118.57313000000001,KERN,UNINCORPORATED,-118.95860782,35.362979709999998
90120418,2016,2016-02-22,9420,2016-02-11,1620,016973,,4,2,9,1500,0,1,3,,2,093,"SR-99 S/B","SR-58 (ROSEDALE HWY.)",20.00,N,N,A,-,Y,,,99,,,,,,S,Y,4,0,1,2,A,-,08,22107,,M,B,C,A,A,H,-,A,A,0,,,,,Y,,D,22,0,0,1,0,0,0,0,0,0,"- ","- ",35.383420000000001,-119.04455,KERN,UNINCORPORATED,-119.04466832,35.383420510000001
90120549,2016,2016-02-22,9420,2016-02-13,0420,019098,,6,3,9,1500,0,3,5,,2,672,"REDBANK ROAD","S. EDISON ROAD",1584.00,W,N,A,-,N,,,,,,,,,,Y,3,0,1,5,A,-,01,23152,A,M,E,I,A,A,H,-,C,D,0,,,,,Y,Y,A,07,0,1,0,0,0,0,0,0,0,"- ","- ",35.339970000000001,-118.88314,KERN,UNINCORPORATED,-118.88395379000001,35.339923859999999
90120782,2016,2016-02-22,9420,2016-02-15,2133,019686,,1,2,9,1500,0,2,4,,1,075,"S. UNION AVENUE","MING AVENUE",35.00,N,N,A,-,N,,,,,,,,,,N,4,0,1,3,A,-,01,23152,A,M,C,C,A,A,H,-,C,A,0,,,,,Y,Y,A,07,0,0,1,0,0,0,0,0,0,"- ","- ",35.339660000000002,-119.00301,KERN,UNINCORPORATED,-119.00311000000001,35.33958604
90120810,2016,2016-02-22,9420,2016-02-16,2200,017243,,2,3,9,1500,0,3,5,,2,672,"BUENA VISTA BLVD.",SR-184,1584.00,E,N,A,-,N,,,,,,,,,,Y,3,0,1,1,A,-,01,23152,A,M,E,I,A,A,H,-,D,D,0,,,,,Y,Y,A,01,0,1,0,0,0,0,0,0,0,"- ","- ",35.237900000000003,-119.90433,KERN,UNINCORPORATED,-118.90914291,35.237853319999999
90120884,2016,2016-02-22,9420,2016-02-19,0900,018807,,5,1,9,1500,0,1,3,,2,093,"SR-99 (SOUTHBOUND)","MERLE HAGGARD DRIVE",188.00,S,N,A,-,Y,,,99,,,,,,,Y,4,0,1,2,A,-,07,21658,A,F,F,A,A,A,H,-,A,D,0,,,,,Y,,-,99,0,0,1,0,0,0,0,0,0,"- ","- ",35.440899999999999,-119.0839,KERN,UNINCORPORATED,-119.08388084000001,35.440923699999999
90121010,2016,2016-02-22,9420,2016-02-08,1905,019868,,1,2,9,1500,0,3,5,,2,672,"WIBLE RD","BELLE TERRACE",0.00,,Y,A,-,N,,,,,,,,,,N,4,0,1,2,A,-,12,21453,A,N,D,C,A,A,H,-,C,A,0,,,,,Y,,A,08,0,0,1,0,0,0,0,0,0,"- ","- ",35.346769999999999,-119.03896,KERN,UNINCORPORATED,-119.03903010000001,35.346720040000001
90121016,2016,2016-02-22,9420,2016-02-08,1110,017576,,1,1,9,1500,0,1,3,,2,094,"SR-99 NB","PANAMA LANE",3168.00,N,N,A,-,Y,,,,,,,,,,Y,4,0,1,2,A,-,03,22350,,N,C,C,A,A,H,-,A,D,0,,,,Y,Y,,A,01,0,0,1,0,0,0,0,0,0,"- ","- ",35.306069999999998,-119.03295,KERN,UNINCORPORATED,-119.0325948,35.304459370000004
90121025,2016,2016-02-22,9420,2016-02-09,1725,019868,,2,2,6,1502,0,1,3,,2,585,"SR-58 W/B","WIBLE RD",500.00,E,N,A,-,Y,,,58,,,,,,W,Y,4,0,1,2,A,-,03,22350,,N,C,C,A,A,H,-,A,D,0,,,,,Y,,A,01,0,0,1,0,0,0,0,0,0,"- ","- ",35.35277,-119.03236,KERN,BAKERSFIELD,-119.03236,35.352771089999997
90121031,2016,2016-02-22,9420,2016-02-15,1710,019868,,1,2,9,1500,0,1,3,,2,586,"SR-58 E/B","TOWERLINE RD",7920.00,E,N,A,-,Y,,,58,,,,,,E,Y,4,0,1,1,A,-,08,22107,,N,E,I,A,A,H,-,A,D,0,,,,,Y,,A,08,0,0,1,0,0,0,0,0,0,"- ","- ",35.316180000000003,-118.78816999999999,KERN,UNINCORPORATED,-118.78821547,35.316128089999999
90121041,2016,2016-02-22,9420,2016-02-13,1405,019185,,6,2,9,1500,0,3,5,,2,672,"EAST PANAMA LANE","COMANCHE ROAD",0.00,,Y,A,-,N,,,,,,,,,,Y,3,0,1,2,A,-,09,21802,A,N,D,C,A,A,H,-,A,A,0,,,,,Y,,E,22,0,1,0,0,0,0,0,0,0,"- ","- ",35.174709999999997,-118.50346,KERN,UNINCORPORATED,-118.84293008,35.296420019999999
90121071,2016,2016-02-22,9420,2016-02-13,1010,017576,,6,1,9,1500,0,1,3,,1,184,"SR-184 (MAIN STREET)","SEGRUE ROAD",0.00,,Y,A,-,Y,,,184,,,,,,,Y,4,0,2,2,A,-,12,21453,A,N,D,C,A,A,H,-,A,D,0,,,,,Y,,D,22,0,0,2,0,0,0,0,0,0,"- ","- ",35.256050000000002,-118.91446000000001,KERN,UNINCORPORATED,-118.91441842,35.256049959999999
90121135,2016,2016-02-22,9420,2016-02-16,1055,015259,,2,1,9,1500,0,1,3,,2,585,"STATE ROUTE-58 WESTBOUND","STATE ROUTE-99 U/C",10.00,E,N,A,-,Y,,,58,,,,,,W,Y,4,0,2,2,A,-,07,21658,A,N,B,C,A,A,H,-,A,D,0,,,,,Y,,D,22,0,0,2,0,0,0,0,0,0,"- ","- ",35.352870000000003,-119.04109,KERN,UNINCORPORATED,-119.04109035,35.352805359999998
90121392,2016,2016-02-23,9420,2016-02-05,2155,019311,,5,2,9,1500,0,3,5,,2,672,"MCNEW CT","COTTONWOOD RD",350.00,W,N,A,-,N,,,,,,,,,,Y,3,0,1,2,A,-,01,23152,,N,E,I,A,A,H,-,D,D,0,,,,,Y,Y,A,01,0,1,0,0,0,0,0,0,0,"- ","- ",35.20581,-118.59116,KERN,UNINCORPORATED,-118.98659215000001,35.349424599999999
90121411,2016,2016-02-23,9420,2016-02-16,1545,018805,,2,2,9,1500,0,2,4,,1,071,"OSWELL STREET","VIRGINIA AVENUE",350.00,S,N,A,-,N,,,,,,,,,,Y,4,0,1,2,A,-,03,22350,,N,C,C,A,A,H,-,A,D,0,,,,,Y,,A,01,0,0,1,0,0,0,0,0,0,"- ","- ",35.360349999999997,-118.94976,KERN,UNINCORPORATED,-118.94987999999999,35.360449750000001
90121480,2016,2016-02-23,9830,2016-02-20,1740,019592,,6,2,9,1500,0,1,3,,2,012,"SR 58 E/B","SAND CANYON ROAD",5280.00,W,N,B,-,Y,,,58,,,,,,E,Y,4,0,3,1,A,-,08,22107,,N,F,I,A,A,D,-,D,D,0,,,,,Y,,A,01,0,0,3,0,0,0,0,0,0,"- ","- ",35.110309999999998,-118.34571,KERN,UNINCORPORATED,-118.34571,35.110265830000003
90121484,2016,2016-02-23,9426,2016-02-14,0002,018919,,7,3,9,1500,0,1,1,,2,502,"I-5 N/B","KERN RIVER FLOOD CANAL",36.00,N,N,A,-,Y,,,5,,,,,,N,Y,4,0,1,1,A,-,08,22107,,N,E,I,A,A,D,E,D,D,0,,,,,Y,,A,08,0,0,1,0,0,0,0,0,0,"- ","- ",35.600709999999999,-119.6404,KERN,UNINCORPORATED,-119.640339,35.600768420000001
90121488,2015,2016-02-23,9426,2015-11-26,0355,016780,,4,3,9,1500,0,1,1,,2,502,"I-5 N/B",SR-46,6864.00,S,N,A,-,Y,,,5,,,,,,N,Y,1,2,6,5,A,-,03,22350,,N,C,C,A,A,D,-,D,D,0,,,,,Y,,A,01,0,2,4,0,0,0,0,0,0,"- ","- ",35.600290000000001,-119.63988000000001,KERN,UNINCORPORATED,-119.63988044,35.600289580000002
90121502,2016,2016-02-23,9420,2016-02-13,2355,019649,,6,3,6,1502,0,1,3,,2,586,"SR-58 E/B","TOWERLINE RD",1056.00,W,N,A,-,Y,,,,,,,,,,Y,2,0,6,1,A,-,03,22350,,N,E,J,A,A,H,-,C,D,0,,,,,Y,,A,07,2,1,3,0,0,0,0,0,0,"- ","- ",35.194929999999999,-118.48390000000001,KERN,BAKERSFIELD,,
90121517,2016,2016-02-23,9420,2016-02-14,1545,017560,,7,2,9,1500,0,1,3,,2,223,"SR-223 E/B","S. EDISON RD.",1100.00,E,N,A,-,Y,,,223,,,,,,E,Y,4,0,2,1,A,-,08,22107,,N,E,I,A,A,H,-,A,D,0,,,,,Y,,A,01,0,0,2,0,0,0,0,0,0,"- ","- ",35.208820000000003,-118.87430999999999,KERN,UNINCORPORATED,-118.87431015999999,35.208843979999997
90121602,2016,2016-02-23,9420,2016-02-18,0720,015255,,4,1,6,1502,0,1,3,,2,585,"SR58 W/B","COTTONWOOD ROAD",60.00,E,N,B,-,Y,,,,,,,,,,Y,4,0,2,2,A,-,08,22107,,N,C,C,A,B,H,-,A,D,0,,,,,Y,,A,07,0,0,2,0,0,0,0,0,0,"- ","- ",35.210999999999999,-118.592,KERN,BAKERSFIELD,,
90121623,2016,2016-02-23,9420,2016-02-18,0830,015255,,4,1,6,1502,0,1,3,,2,177,SR178,"UPPER RICHBAR CAMPGROUND",3168.00,W,N,A,-,Y,,,,,,,,,,Y,4,0,1,1,A,-,08,22107,,N,F,A,A,B,H,-,A,D,0,,,,,Y,,A,01,0,0,1,0,0,0,0,0,0,"- ","- ",35.461579999999998,-118.76317,KERN,BAKERSFIELD,,
90121760,2016,2016-02-23,9420,2016-02-19,1600,019856,,5,2,6,1502,0,1,3,,2,585,"SR-58 W/B","COTTONWOOD ROAD",180.00,E,N,A,-,Y,,,58,,,,,,W,Y,4,0,1,2,A,-,03,22350,,N,C,C,A,A,H,-,A,D,0,,,,Y,Y,,A,01,0,0,1,0,0,0,0,0,0,"- ","- ",35.352510000000002,-118.98018,KERN,BAKERSFIELD,-118.98017978,35.352570630000002
90121956,2016,2017-02-22,9420,2016-01-12,0640,019963,,2,1,9,1500,0,1,3,,1,176,"STATE ROUTE 178 (WESTBOUND)","BERNARD STREET",239.00,E,N,A,-,Y,,,,,,,,,,Y,1,1,0,1,A,-,08,22107,,N,E,I,A,A,H,-,B,D,0,,,,,Y,,D,22,0,0,0,0,0,0,0,0,0,"- ","- ",35.3825,-118.97028,KERN,UNINCORPORATED,-118.98044280000001,35.390367009999999
90122043,2016,2016-02-23,9420,2016-02-21,2225,019845,,7,3,4,1503,0,1,3,,2,090,"SR-99 N/B (GOLDEN STATE HWY)",SR-155,1056.00,S,N,A,-,Y,,,99,,,,,,N,Y,4,0,1,2,A,-,03,22350,,N,C,C,A,A,H,-,C,D,0,,,,,Y,,A,01,0,0,1,0,0,0,0,0,0,"- ","- ",35.759569999999997,-119.24848,KERN,DELANO,-119.2485464,35.759554469999998
90122157,2016,2016-03-28,9420,2016-02-17,0755,016767,,3,1,9,1500,0,3,5,,2,070,"HALEY STREET","GRACE STREET",0.00,,Y,A,-,N,,,,,,,,,,Y,4,0,1,2,A,-,08,22107,,N,A,C,A,A,H,-,A,A,0,,,,,Y,,A,01,0,0,1,0,0,0,0,0,0,"- ","- ",35.386719999999997,-118.97732000000001,KERN,UNINCORPORATED,-118.97761011999999,35.38682008
90122238,2016,2016-02-23,9426,2016-02-14,1515,015633,,7,2,9,1500,0,1,3,,2,432,SR-43,"I-5 S/B TO SR-43",39.00,N,N,A,-,Y,,,43,,,,,,,Y,2,0,1,2,A,-,12,22450,A,N,F,A,A,A,H,-,A,A,0,,,Y,,Y,,M,47,1,0,0,0,0,0,0,0,1,"- ","- ",35.291409999999999,-119.25279,KERN,UNINCORPORATED,-119.2525399,35.291405269999998
90122270,2016,2016-02-23,9426,2016-02-18,1300,016828,,4,1,9,1500,0,1,1,,2,502,"I-5 N/B","7TH STANDARD ROAD",5280.00,N,N,A,-,Y,,,5,,,,,,N,Y,2,0,3,1,A,-,08,22107,,N,F,I,A,A,H,-,A,D,0,,,,,Y,,A,01,1,1,1,0,0,0,0,0,0,"- ","- ",35.450060000000001,-119.46633,KERN,UNINCORPORATED,-119.46663493,35.449640449999997
90122271,2016,2016-02-23,9430,2016-02-18,0833,017105,,4,1,9,1500,0,1,3,,2,090,"SR-99 S/B","I-5 OVERCROSSING",3215.00,N,N,A,-,Y,,,99,,,,,,S,Y,2,0,1,2,A,-,03,22350,,N,C,C,A,A,H,-,A,D,0,,,,Y,Y,,A,01,1,0,0,0,0,0,0,0,0,"- ","- ",35.028419999999997,-118.95868,KERN,UNINCORPORATED,-118.95876207000001,35.028393989999998
90122505,2016,2016-02-24,9420,2016-01-17,0200,020163,,7,3,9,1500,0,3,5,,2,540,"FAMOSO PORTERVILLE HIGHWAY","CECIL AVENUE",1233.00,N,N,A,-,N,,,,,,,,,,Y,1,1,1,1,A,-,01,23152,E,N,E,I,A,A,H,-,D,D,0,,,,,Y,,A,01,1,0,0,0,0,0,0,0,0,"- ","- ",37.77919,-119.12175000000001,KERN,UNINCORPORATED,-119.12183425000001,35.779202499999997
90122688,2016,2016-02-24,9426,2016-02-23,1035,015100,,2,1,9,1500,0,3,5,,2,087,"COPUS RD","OLD RIVER RD",20592.00,W,N,A,-,N,,,,,,,,,,Y,4,0,1,1,A,-,08,22107,,N,E,I,A,A,H,-,A,D,0,,,,,Y,,A,08,0,0,1,0,0,0,0,0,0,"- ","- ",35.09404,-119.17795,KERN,UNINCORPORATED,-119.17867368,35.094117160000003
90122897,2016,2016-02-24,9426,2016-02-21,0740,015548,,7,1,9,1500,0,1,1,,2,504,"I-5 S/B",SR-223,5280.00,S,N,B,-,Y,,,5,,,,,,S,Y,2,0,2,1,A,-,08,22107,,N,F,A,A,A,H,-,A,D,0,,,,,Y,,A,01,1,1,0,0,0,0,0,0,0,"- ","- ",35.198039999999999,-119.15142,KERN,UNINCORPORATED,-119.15137846,35.19808553
90123075,2016,2016-02-24,9420,2016-02-17,1540,018805,,3,2,9,1500,0,2,4,,1,051,"AIRPORT DRIVE S/B","STATE ROAD",525.00,N,N,B,C,N,,,,,,,,,,N,4,0,4,4,A,-,03,22350,,F,C,C,A,B,H,-,A,D,0,,,,,Y,,A,01,0,0,4,0,0,0,0,0,0,"- ","- ",35.40448,-119.03995,KERN,UNINCORPORATED,-119.04004635,35.404378600000001
90123118,2016,2016-02-24,9420,2016-02-22,1950,016978,,1,2,9,1500,0,3,5,,2,510,"FAMOSO-PORTERVILLE HWY.","WOOLLOMES AVE.",368.00,S,N,A,-,N,,,,,,,,,,Y,3,0,1,1,A,-,08,22107,,N,E,I,A,A,H,-,D,D,0,,,,,Y,,D,22,0,1,0,0,0,0,0,0,0,"- ","- ",35.546610000000001,-119.02334,KERN,UNINCORPORATED,-119.1419602,35.746085430000001
90123222,2016,2016-02-24,9420,2016-02-24,1230,015259,,3,1,9,1500,0,1,3,,2,585,"STATE ROUTE-58 WESTBOUND","OSWELL STREET U/C",2112.00,W,N,A,-,Y,,,,,,,,,,Y,4,0,1,1,A,-,08,22107,,N,E,I,A,A,H,-,A,D,0,,,,,Y,,A,01,0,0,1,0,0,0,0,0,0,"- ","- ",35.352620000000002,-118.95665,KERN,UNINCORPORATED,,
90123321,2016,2016-02-25,9426,2016-02-14,0320,018633,,7,3,9,1500,0,1,3,,2,331,SR-33,"LOST HILLS RD",162.00,S,N,A,-,Y,,,33,,,,,,,Y,4,0,1,1,A,-,01,23152,A,N,E,I,A,A,H,-,C,D,0,,,,,Y,Y,A,01,0,0,1,0,0,0,0,0,0,"- ","- ",35.436920000000001,-119.68915,KERN,UNINCORPORATED,-119.68909994000001,35.436950510000003
9012372,2018,2020-05-27,1509,2018-04-28,0242,58030,B,6,5,3,1509,0,0,0,,0,00B,"RT 202","CUMMINGS VALLEY RD",3696.00,E,N,A,-,Y,KER,6,202,-,R,2.860,H,-,W,Y,3,0,1,1,A,-,08,22107,,N,F,A,A,A,H,-,D,-,0,,,,,Y,,A,01,0,1,0,0,0,0,0,0,0,"- ","- ",,,KERN,TEHACHAPI,-118.55805969238281,35.134506225585938
90124300,2016,2016-02-26,9420,2016-02-18,1232,016153,,4,1,9,1500,0,2,4,,1,075,"S. UNION AVE.","HOUGHTON RD.",0.00,,Y,A,-,Y,,,,,,,,,,Y,3,0,3,2,A,-,12,22450,A,N,D,C,A,A,H,-,A,A,0,,,,Y,Y,,A,01,0,1,2,0,0,0,0,0,0,"- ","- ",35.237690000000001,-119.00304,KERN,UNINCORPORATED,-119.00320007000001,35.237730120000002
9012437,2019,2019-12-28,1501,2019-05-09,1446,914,16,4,5,3,1501,0,0,0,,0,001,"S HILLS","RT 223",126.00,S,N,A,-,N,,,,,,,,,,N,4,0,1,2,A,-,11,21956,A,N,G,B,D,A,H,-,A,D,0,Y,,,,Y,,A,01,0,0,1,0,1,0,0,0,0,"- ","- ",35.209030151367188,-118.83096313476562,KERN,ARVIN,-118.83096313476562,35.208675384521484
90124447,2016,2016-02-26,9420,2016-02-24,1610,016973,,3,2,6,1502,0,1,3,,2,093,"SR-99 S/B","CALIFORNIA AVE.",400.00,S,N,A,-,Y,,,99,,,,,,S,N,4,0,1,2,A,-,04,21703,,N,C,C,A,A,H,-,A,D,0,,,,Y,Y,,F,26,0,0,1,0,0,0,0,0,0,"- ","- ",35.366900000000001,-119.04139000000001,KERN,BAKERSFIELD,-119.04133269,35.366925340000002
9012456,2019,2019-12-28,1500,2019-05-18,0810,1416,,6,5,3,1510,0,0,0,,0,,"POPLAR AV","PRAIRIE ROSE WY",0.00,,-,A,-,N,,,,,,,,,,Y,3,0,2,2,A,-,09,21801,A,N,D,C,A,A,H,-,A,D,0,,,,,Y,,-,"- ",0,1,1,0,0,0,0,0,0,"- ","- ",,,KERN,WASCO,-119.34493255615234,35.580829620361328
9012460,2019,2019-12-28,1500,2019-05-15,1856,202315,1500,3,5,3,1510,0,0,0,,0,4401,"WOODSIDE DR","WOODSIDE DR 533",0.00,,-,A,-,N,,,,,,,,,,N,3,0,1,2,A,-,08,22107,,N,B,E,A,A,H,-,A,D,0,,,,,Y,,-,"- ",0,1,0,0,0,0,0,0,0,"- ","- ",,,KERN,WASCO,-119.35751,35.596716000000001
90125663,2016,2016-02-29,9830,2016-02-21,0200,019592,,7,3,9,1500,0,3,5,,2,001,"SAGE LANE","CHERRY LANE",115.00,S,N,B,-,N,,,,,,,,,,Y,4,0,1,1,A,-,01,23152,A,N,B,I,A,A,H,-,D,D,0,,,,,Y,Y,D,22,0,0,1,0,0,0,0,0,0,"- ","- ",35.120269999999998,-118.47874,KERN,UNINCORPORATED,-118.47882,35.120264589999998