CASE_ID,ACCIDENT_YEAR,PROC_DATE,JURIS,COLLISION_DATE,COLLISION_TIME,OFFICER_ID,REPORTING_DISTRICT,DAY_OF_WEEK,CHP_SHIFT,POPULATION,CNTY_CITY_LOC,SPECIAL_COND,BEAT_TYPE,CHP_BEAT_TYPE,CITY_DIVISION_LAPD,CHP_BEAT_CLASS,BEAT_NUMBER,PRIMARY_RD,SECONDARY_RD,DISTANCE,DIRECTION,INTERSECTION,WEATHER_1,WEATHER_2,STATE_HWY_IND,CALTRANS_COUNTY,CALTRANS_DISTRICT,STATE_ROUTE,ROUTE_SUFFIX,POSTMILE_PREFIX,POSTMILE,LOCATION_TYPE,RAMP_INTERSECTION,SIDE_OF_HWY,TOW_AWAY,COLLISION_SEVERITY,NUMBER_KILLED,NUMBER_INJURED,PARTY_COUNT,PRIMARY_COLL_FACTOR,PCF_CODE_OF_VIOL,PCF_VIOL_CATEGORY,PCF_VIOLATION,PCF_VIOL_SUBSECTION,HIT_AND_RUN,TYPE_OF_COLLISION,MVIW,PED_ACTION,ROAD_SURFACE,ROAD_COND_1,ROAD_COND_2,LIGHTING,CONTROL_DEVICE,CHP_ROAD_TYPE,PEDESTRIAN_ACCIDENT,BICYCLE_ACCIDENT,MOTORCYCLE_ACCIDENT,TRUCK_ACCIDENT,NOT_PRIVATE_PROPERTY,ALCOHOL_INVOLVED,STWD_VEHTYPE_AT_FAULT,CHP_VEHTYPE_AT_FAULT,COUNT_SEVERE_INJ,COUNT_VISIBLE_INJ,COUNT_COMPLAINT_PAIN,COUNT_PED_KILLED,COUNT_PED_INJURED,COUNT_BICYCLIST_KILLED,COUNT_BICYCLIST_INJURED,COUNT_MC_KILLED,COUNT_MC_INJURED,PRIMARY_RAMP,SECONDARY_RAMP,LATITUDE,LONGITUDE,COUNTY,CITY,POINT_X,POINT_Y
90158682,2016,2016-04-15,9420,2016-04-13,0805,015259,,3,1,6,1502,0,1,3,,2,094,"STATE ROUTE-99 NORTHBOUND","MING AVENUE O/C",200.00,N,N,B,-,Y,,,99,,,,,,N,N,4,0,2,2,A,-,03,22350,,N,C,C,A,A,D,-,A,D,0,,,,,Y,,A,07,0,0,2,0,0,0,0,0,0,"- ","- ",35.340179999999997,-119.03936,KERN,BAKERSFIELD,-119.03946173999999,35.340180580000002
90158690,2016,2016-04-15,9420,2016-04-13,1500,015896,,3,2,9,1500,0,3,5,,2,060,"ALLEN RD S/B","SR-58(ROSEDALE HWY)",250.00,S,N,A,-,N,,,,,,,,,,N,4,0,1,2,A,-,07,21658,A,N,B,C,A,A,H,-,A,D,0,,,,,Y,,A,08,0,0,1,0,0,0,0,0,0,"- ","- ",35.383200000000002,-119.1455,KERN,UNINCORPORATED,-119.14557338,35.382814889999999
90158752,2016,2016-04-15,9420,2016-04-07,1935,019185,,4,2,9,1500,0,1,3,,2,223,SR-223,"OLD RIVER ROAD",0.00,,Y,B,C,Y,,,223,,,,,,,Y,3,0,1,2,A,-,12,22450,A,N,D,C,A,B,H,-,D,A,0,,,,Y,Y,,G,25,0,1,0,0,0,0,0,0,0,"- ","- ",35.208869999999997,-119.10993999999999,KERN,UNINCORPORATED,-119.10993999999999,35.208862259999997
90158815,2016,2016-04-15,9420,2016-04-14,1615,016973,,4,2,6,1502,0,1,3,,2,585,"SR-58 W/B","COTTONWOOD RD.",400.00,W,N,A,-,Y,,,58,,,,,,W,Y,4,0,1,2,A,-,03,22350,,N,C,C,A,A,H,-,A,D,0,,,,,Y,,A,01,0,0,1,0,0,0,0,0,0,"- ","- ",35.352620000000002,-118.98697,KERN,BAKERSFIELD,-118.98697012,35.352566179999997
90158829,2016,2016-04-15,9420,2016-04-14,1010,019466,,4,1,9,1500,0,1,3,,2,179,SR-178,"SCODIE ROAD",1584.00,E,N,A,G,Y,,,178,,,,,,,Y,4,0,1,1,A,-,08,22107,,N,E,I,A,A,H,-,A,D,0,,,Y,,Y,,C,02,0,0,1,0,0,0,0,0,1,"- ","- ",35.69585,-118.21624,KERN,UNINCORPORATED,-118.21619979,35.69576489
90158916,2016,2016-04-15,9420,2016-04-08,1515,018068,,5,2,6,1502,0,1,3,,2,095,"SR-99 S/B","MING AVE",528.00,S,N,C,-,Y,,,99,,,,,,S,Y,3,0,1,2,A,-,07,21658,A,N,B,C,A,B,D,-,A,D,0,,,,Y,Y,,A,01,0,1,0,0,0,0,0,0,0,"- ","- ",35.336399999999998,-119.0398,KERN,BAKERSFIELD,-119.03974058999999,35.336399669999999
90159348,2016,2016-04-18,9420,2016-04-11,1630,019459,,1,2,9,1500,0,2,4,,1,051,"N. CHESTER AVENUE (S/B)","WARREN AVENUE",0.00,,Y,A,-,N,,,,,,,,,,N,4,0,1,2,A,-,08,22107,,F,D,G,A,A,H,-,A,D,0,,Y,,,Y,,-,99,0,0,1,0,0,0,1,0,0,"- ","- ",35.412309999999998,-119.02114,KERN,UNINCORPORATED,-119.02113006,35.412270100000001
90159425,2016,2016-04-18,9830,2016-04-10,1645,017834,,7,2,9,1500,0,3,5,,2,005,"JACKS RANCH ROAD","LAS FLORES BOULEVARD",0.00,,Y,A,-,N,,,,,,,,,,Y,3,0,1,2,A,-,01,23152,A,N,D,C,A,A,H,-,A,D,0,,,,,Y,Y,A,01,0,1,0,0,0,0,0,0,0,"- ","- ",35.629719999999999,-117.72295,KERN,UNINCORPORATED,-117.72300007,35.629790059999998
90159464,2016,2016-04-18,9830,2016-04-07,2313,021137,,4,3,9,1500,0,1,3,,1,050,"SR-14 N/B",SR-178,380.00,N,N,B,-,Y,,,14,,,,,,N,Y,4,0,1,1,A,-,01,23152,A,N,E,I,A,B,H,-,D,D,0,,,,,Y,Y,A,01,0,0,1,0,0,0,0,0,0,"- ","- ",35.602649999999997,-117.90236,KERN,UNINCORPORATED,-117.90248049,35.602713029999997
90159507,2016,2016-04-18,9420,2016-04-06,2017,018805,,3,2,9,1500,0,1,3,,1,176,"SR-178 EB TO UNION AVENUE","UNION AVENUE",1000.00,W,N,A,-,Y,,,,,,,,,,Y,3,0,2,2,A,-,08,22107,,N,E,I,A,A,H,-,C,D,0,,,,,Y,,A,01,0,1,1,0,0,0,0,0,0,"- ","- ",35.382910000000003,-119.00572,KERN,UNINCORPORATED,-119.00633304999999,35.383306509999997
90159617,2016,2016-04-18,9426,2016-04-08,1635,018610,,5,2,9,1500,0,1,3,,1,332,SR-33,"KLIPSTEIN CANYON RD",12672.00,W,N,C,-,Y,,,33,,,,,,,Y,3,0,2,1,A,-,03,22350,,N,F,A,A,B,G,-,A,D,0,,,,,Y,,A,01,0,2,0,0,0,0,0,0,0,"- ","- ",34.992049999999999,-119.43058000000001,KERN,UNINCORPORATED,-119.43068074999999,34.992090050000002
90159618,2016,2016-04-18,9420,2016-04-02,1038,018445,,6,1,9,1500,0,1,3,,2,204,"SR-204 N/B","AIRPORT DRIVE",10.00,N,N,A,-,Y,,,204,,,,,,N,Y,4,0,1,7,A,-,03,22350,,N,B,C,A,A,H,-,A,D,0,,,,,Y,,D,22,0,0,1,0,0,0,0,0,0,"- ","- ",35.402380000000001,-119.04173,KERN,UNINCORPORATED,-119.04177539,35.402277390000002
90159813,2016,2016-04-18,9420,2016-04-02,1310,018486,,6,1,9,1500,0,1,3,,2,585,"SR-58 W/B","HUGHES LANE",1156.00,W,N,A,-,Y,,,58,,,,,,W,Y,2,0,3,2,A,-,08,22107,,N,D,C,A,A,D,-,A,D,0,,,,,Y,,A,01,1,2,0,0,0,0,0,0,0,"- ","- ",35.352820000000001,-119.03399,KERN,UNINCORPORATED,-119.03399016,35.352777189999998
90159899,2016,2016-04-18,9420,2016-03-29,1600,016973,,2,2,9,1500,0,3,5,,2,620,"ALLEN RD.","SANTA FE WAY",65.00,S,N,A,-,N,,,,,,,,,,Y,2,0,5,2,A,-,08,22107,,N,A,C,A,A,H,-,A,A,0,,,,,Y,,A,07,1,4,0,0,0,0,0,0,0,"- ","- ",35.39725,-119.14572,KERN,UNINCORPORATED,-119.14593187,35.396391889999997
90159922,2016,2016-04-18,9420,2016-04-04,1235,018486,,1,1,9,1500,0,1,3,,2,091,"SR-99 S/B","KIMBERLINA ROAD",1384.00,N,N,A,-,Y,,,99,,,,,,S,Y,4,0,1,1,A,-,08,22107,,N,E,I,A,A,H,-,A,D,0,,,,,Y,,A,01,0,0,1,0,0,0,0,0,0,"- ","- ",35.562350000000002,-119.19891,KERN,UNINCORPORATED,-119.19900441,35.5623121
90159969,2016,2016-04-18,9420,2016-04-07,1635,019316,,4,2,9,1500,0,3,5,,2,040,"RIVER BOULEVARD","IRENE STREET",10.00,N,N,B,-,N,,,,,,,,,,Y,4,0,1,2,A,-,09,21802,A,N,D,C,A,A,H,-,A,A,0,,,,,Y,,A,01,0,0,1,0,0,0,0,0,0,"- ","- ",35.3964,-118.97663,KERN,UNINCORPORATED,-118.98516058,35.393447430000002
90159973,2016,2016-04-18,9420,2016-04-08,1500,019316,,5,2,9,1500,0,3,5,,2,070,"VALENCIA DRIVE","AZALEA AVENUE",10.00,S,N,B,-,N,,,,,,,,,,Y,4,0,2,2,A,-,09,21801,A,N,A,C,A,A,H,-,A,D,0,,,,,Y,,A,01,0,0,2,0,0,0,0,0,0,"- ","- ",35.381219999999999,-118.9247,KERN,UNINCORPORATED,-118.92565,35.380122559999997
90159992,2016,2016-04-18,9420,2016-04-08,2045,019316,,5,2,6,1502,0,1,3,,1,176,"SR-178 E/B","M STREET",550.00,E,N,C,-,Y,,,,,,,,,,Y,4,0,1,1,A,-,08,22107,,N,E,I,A,B,H,-,C,D,0,,,,,Y,,D,22,0,0,1,0,0,0,0,0,0,"- ","- ",,,KERN,BAKERSFIELD,,
90160055,2016,2016-04-18,9420,2016-04-10,0145,020782,,7,3,9,1500,0,1,3,,2,090,"SR-99 N/B","POND RD",8448.00,S,N,C,-,Y,,,99,,,,,,N,Y,2,0,2,2,A,-,01,23152,A,N,C,C,A,B,H,-,D,D,0,,,,Y,Y,Y,A,01,1,0,1,0,0,0,0,0,0,"- ","- ",35.709310000000002,-119.23402,KERN,UNINCORPORATED,-119.23431676,35.709240629999996
90160066,2016,2016-04-18,9420,2016-04-08,1500,019901,,5,2,9,1500,0,1,3,,2,585,"SR-58 W/B",SR-184,15.00,W,N,B,C,Y,,,58,,,,,,W,Y,4,0,1,1,A,-,03,22350,,N,E,I,A,B,H,-,A,D,0,,,,,Y,,D,22,0,0,1,0,0,0,0,0,0,"- ","- ",35.352370000000001,-118.91413,KERN,UNINCORPORATED,-118.91412556,35.35244574
90160816,2016,2016-04-19,9830,2016-04-17,0250,019762,,7,3,9,1500,0,1,3,,2,012,"SR-58 E/B","CAMERON RD.",3168.00,W,N,A,-,Y,,,58,,,,,,E,Y,3,0,1,1,A,-,08,22107,,N,F,A,A,A,H,-,D,D,0,,,,,Y,,A,07,0,1,0,0,0,0,0,0,0,"- ","- ",35.097209999999997,-118.30518000000001,KERN,UNINCORPORATED,-118.30515495,35.097299739999997
90160900,2016,2016-04-19,9426,2016-04-10,0215,017230,,7,3,9,1500,0,1,3,,2,331,SR-33,"MIDWAY RD",2500.00,S,N,B,-,Y,,,33,,,,,,,Y,4,0,1,1,A,-,08,22107,,N,E,I,A,D,H,-,D,D,0,,,,,Y,,A,08,0,0,1,0,0,0,0,0,0,"- ","- ",35.175600000000003,-119.52101,KERN,UNINCORPORATED,-119.52096702,35.175661679999997
90160960,2016,2016-04-21,9420,2016-04-12,1350,016973,,2,1,6,1502,0,1,3,,2,093,"SR-99 S/B","CALIFORNIA AVE.",350.00,N,N,B,-,Y,,,99,,,,,,S,Y,3,0,6,5,A,-,03,22350,,N,C,C,A,A,H,-,A,D,0,,,,Y,Y,,D,22,0,2,4,0,0,0,0,0,0,"- ","- ",35.370170000000002,-119.04284,KERN,BAKERSFIELD,-119.04277358,35.370199249999999
90160973,2016,2016-04-19,9426,2016-04-17,1815,015633,,7,2,9,1500,0,3,5,,2,081,"GOLF COURSE ROAD",SR-119,400.00,E,N,A,-,N,,,,,,,,,,Y,4,0,1,1,A,-,08,22107,,N,E,I,A,A,H,-,A,D,0,,,,,Y,,A,01,0,0,1,0,0,0,0,0,0,"- ","- ",35.232140000000001,-119.36947000000001,KERN,UNINCORPORATED,-119.37010714,35.232031290000002
90161025,2016,2016-04-19,9420,2016-04-10,1035,018626,,7,1,9,1500,0,3,5,,2,050,"ANN ARBOR DRIVE","DIANE DRIVE",55.00,E,N,B,-,N,,,,,,,,,,N,4,0,1,2,D,-,00,,,N,D,C,A,A,H,-,A,D,0,,,,,Y,,-,"- ",0,0,1,0,0,0,0,0,0,"- ","- ",35.420470000000002,-119.03131,KERN,UNINCORPORATED,-119.03143564,35.420461189999997
90161167,2016,2016-04-19,9420,2016-03-27,0947,017576,,7,1,9,1500,0,1,3,,2,096,"STATE ROUTE 99, NORTHBOUND","HOUGHTON ROAD",1056.00,N,N,A,-,Y,,,,,,,,,,Y,1,1,0,1,A,-,08,22107,,N,E,I,A,A,H,-,A,D,0,,,,,Y,,A,01,0,0,0,0,0,0,0,0,0,"- ","- ",35.310609999999997,-119.03437,KERN,UNINCORPORATED,-119.01585064,35.240393109999999
90161430,2016,2016-04-20,9420,2016-04-13,2145,020163,,3,2,9,1500,0,1,3,,2,095,SR-99,"WHITE LANE",1360.00,S,N,A,-,Y,,,,,,,,,,Y,4,0,2,1,A,-,03,22350,,N,E,J,A,A,H,-,D,D,0,,,,,Y,,A,07,0,0,2,0,0,0,0,0,0,"- ","- ",35.313859999999998,-119.03527,KERN,UNINCORPORATED,-119.03631,35.317630000000001
90161640,2016,2016-04-20,9420,2016-04-02,2350,019311,,6,3,9,1500,0,1,3,,2,585,"SR-58 W/B","HUGHES LN",200.00,W,N,A,-,Y,,,,,,,,,,Y,4,0,1,2,A,-,03,22350,,N,A,C,A,A,D,-,D,D,0,,,,,Y,,A,01,0,0,1,0,0,0,0,0,0,"- ","- ",35.219619999999999,-119.14904,KERN,UNINCORPORATED,,
90161854,2016,2016-04-20,9420,2016-04-14,1525,019185,,4,2,9,1500,0,1,3,,2,585,"SR-58 W/B","HUGHES LANE",30.00,W,N,A,-,Y,,,58,,,,,,W,Y,2,0,1,1,A,-,08,22107,,N,E,I,A,A,H,-,A,A,0,,,,,Y,,A,01,1,0,0,0,0,0,0,0,0,"- ","- ",35.352699999999999,-119.02996,KERN,UNINCORPORATED,-119.02995974,35.35276142
90162358,2016,2016-04-21,9420,2016-04-12,1240,013475,,2,1,6,1502,0,1,3,,2,093,"SR-99 S/B","CALIFORNIA AVENUE",125.00,S,N,A,-,Y,,,99,,,,,,S,N,4,0,2,2,A,-,03,22350,,N,C,C,A,A,H,-,A,D,0,,,,,Y,,D,22,0,0,2,0,0,0,0,0,0,"- ","- ",35.367339999999999,-119.04179000000001,KERN,BAKERSFIELD,-119.04156078,35.367441329999998
90162554,2016,2016-04-21,9420,2016-04-17,1328,015466,,7,1,9,1500,0,2,4,,2,031,"LAKE ISABELLA BLVD.","CHAIN AVE.",34.00,S,N,A,-,N,,,,,,,,,,Y,3,0,2,2,A,-,09,21802,A,N,D,C,A,A,H,-,A,D,0,,,Y,,Y,,A,01,0,1,1,0,0,0,0,0,1,"- ","- ",35.602760000000004,-118.48596000000001,KERN,UNINCORPORATED,-118.48602880999999,35.602818030000002
90162567,2016,2016-04-21,9420,2016-04-17,1745,015466,,7,2,9,1500,0,3,5,,2,030,"CALIENTE CREEK RD","PIUTE MOUNTAIN ROAD",48.00,E,N,A,-,N,,,,,,,,,,Y,3,0,1,1,A,-,03,22350,,N,F,A,A,A,H,-,A,D,0,,,Y,,Y,,C,02,0,1,0,0,0,0,0,0,1,"- ","- ",35.382489999999997,-118.41145,KERN,UNINCORPORATED,-118.41135328999999,35.382516959999997
90162646,2016,2016-04-21,9420,2016-04-18,0855,015259,,1,1,9,1500,0,3,5,,2,060,"NORRIS ROAD","BRATCHER STREET",12.00,W,N,A,-,N,,,,,,,,,,N,4,0,1,2,A,-,03,22350,,N,D,C,A,A,H,-,A,D,0,,,Y,,Y,,C,02,0,0,1,0,0,0,0,0,1,"- ","- ",35.41977,-119.10590000000001,KERN,UNINCORPORATED,-119.10562023,35.419820180000002
90162755,2016,2016-04-21,9420,2016-04-15,1725,020093,,5,2,9,1500,0,3,5,,2,610,"FAIRVIEW RD","SPARKS ST",230.00,E,N,A,-,N,,,,,,,,,,Y,3,0,2,2,A,-,21,22106,,F,D,C,A,A,H,-,A,D,0,,,,,Y,,A,01,0,2,0,0,0,0,0,0,0,"- ","- ",35.303199999999997,-118.9935,KERN,UNINCORPORATED,-118.99346018999999,35.303146040000001
90162779,2016,2016-04-21,9420,2016-04-18,0745,013851,,1,1,9,1500,0,1,3,,2,204,"SR-204 (S/B)","KERN RIVER",314.00,S,N,A,-,Y,,,,,,,,,,Y,4,0,2,5,A,-,03,22350,,N,C,C,A,A,H,-,A,D,0,,,,,Y,,D,22,0,0,2,0,0,0,0,0,0,"- ","- ",35.395049999999998,-119.03025,KERN,UNINCORPORATED,,
90162797,2016,2016-04-21,9420,2016-04-18,1215,018626,,1,1,9,1500,0,2,4,,1,052,"NORRIS ROAD","VICTOR STREET",226.00,W,N,A,-,N,,,,,,,,,,Y,3,0,2,2,A,-,08,22107,,N,C,E,A,A,H,-,A,D,0,,,,,Y,,A,01,0,1,1,0,0,0,0,0,0,"- ","- ",35.418950000000002,-119.06268,KERN,UNINCORPORATED,-119.06228674,35.418671770000003
90163032,2016,2016-04-21,9426,2016-04-20,0025,015576,,3,3,9,1500,0,1,1,,2,500,"I-5 S/B",SR-46,7920.00,N,N,A,-,Y,,,5,,,,,,S,Y,4,0,1,2,A,-,03,22350,,N,C,C,A,A,H,-,D,D,0,,,,Y,Y,,A,01,0,0,1,0,0,0,0,0,0,"- ","- ",35.635570000000001,-119.66789,KERN,UNINCORPORATED,-119.66786678,35.635587270000002
90163092,2016,2016-04-21,9830,2016-04-14,1305,021137,,4,1,9,1500,0,1,3,,1,050,"SR-14 N/B","HORSE CANYON RD",5280.00,S,N,A,G,Y,,,14,,,,,,N,Y,3,0,2,1,A,-,08,22107,,N,F,A,A,A,H,-,A,D,0,,,,,Y,,D,22,0,2,0,0,0,0,0,0,0,"- ","- ",35.470370000000003,-117.96275,KERN,UNINCORPORATED,-117.96268221,35.47033905
90163231,2016,2016-04-22,9420,2016-03-22,2048,019856,,2,2,9,1500,0,3,5,,2,610,"SOUTH CHESTER AVENUE","DORIAN DRIVE",81.00,N,N,A,-,N,,,,,,,,,,Y,1,1,0,2,A,-,11,21954,A,N,G,B,D,A,H,-,D,D,0,Y,,,,Y,,N,60,0,0,0,1,0,0,0,0,0,"- ","- ",35.33126,-119.01336999999999,KERN,UNINCORPORATED,-119.01343842,35.331135760000002
90163234,2016,2016-04-22,9420,2016-04-09,2350,020501,,6,3,9,1500,0,3,5,,2,671,"DI GIORGIO RD","EASTSIDE CANAL",600.00,W,N,B,C,N,,,,,,,,,,Y,3,0,1,2,A,-,03,22350,,N,C,C,A,B,H,-,D,D,0,,,,,Y,,A,01,0,1,0,0,0,0,0,0,0,"- ","- ",35.252429999999997,-118.90053,KERN,UNINCORPORATED,-118.90050709,35.25244301
90163579,2016,2016-04-22,9420,2016-04-21,1613,020093,,4,2,9,1500,0,1,3,,1,583,"SR-58 (ROSEDALE HIGHWAY)","PACINI ST",130.00,W,N,A,-,Y,,,58,,,,,,,Y,3,0,2,2,A,-,09,21801,A,N,D,C,A,A,H,-,A,D,0,,,,,Y,,A,01,0,1,1,0,0,0,0,0,0,"- ","- ",35.383499999999998,-119.19459999999999,KERN,UNINCORPORATED,-119.19459996000001,35.3834868
90163600,2016,2016-04-22,9420,2016-04-10,2005,019901,,7,2,9,1500,0,3,5,,2,050,"OILDALE DR.","MC CORD AVE",0.00,,Y,A,-,N,,,,,,,,,,N,4,0,1,2,A,-,12,22450,A,N,H,G,A,A,H,-,C,A,0,,Y,,,Y,,L,04,0,0,1,0,0,0,1,0,0,"- ","- ",35.40681,-119.02999,KERN,UNINCORPORATED,-119.02996004000001,35.40679008
90163721,2016,2016-04-22,9420,2016-04-12,1837,016969,,2,2,9,1500,0,1,3,,1,119,"SR-119 (TAFT HWY)","OLD RIVER RD.",0.00,,Y,B,-,Y,,,119,,,,,,,Y,3,0,3,2,A,-,09,21802,A,N,D,C,A,A,H,-,A,A,0,,,,,Y,,A,01,0,1,2,0,0,0,0,0,0,"- ","- ",35.267159999999997,-119.10961,KERN,UNINCORPORATED,-119.10960994,35.267181860000001
90163741,2016,2016-04-22,9420,2016-04-20,1645,016691,,3,2,9,1500,0,3,5,,2,040,"GRANITE RD","POSO FLAT RD",2640.00,N,N,A,-,N,,,,,,,,,,Y,4,0,1,1,A,-,03,22350,,N,F,A,A,A,H,-,A,D,0,,,Y,,Y,,C,02,0,0,1,0,0,0,0,0,1,"- ","- ",35.67221,-118.74065,KERN,UNINCORPORATED,-118.80072456000001,35.637630710000003
90163794,2016,2016-04-22,9420,2016-04-21,1555,016973,,4,2,9,1500,0,1,3,,2,090,"SR-99 N/B","LERDO HWY.",6600.00,S,N,A,-,Y,,,,,,,,,,Y,3,0,5,1,A,-,08,22107,,N,H,J,A,A,H,-,A,D,0,,,,,Y,,A,01,0,4,1,0,0,0,0,0,0,"- ","- ",,,KERN,UNINCORPORATED,-119.16323,35.499650000000003
90164364,2016,2016-04-25,9420,2016-04-09,0500,019351,,6,3,9,1500,0,1,3,,1,176,SR-178,"OSWELL ST.",1711.00,E,N,A,-,Y,,,178,,,,,,,Y,3,0,1,1,A,-,08,22107,,N,F,A,A,B,H,-,D,D,0,,,,,Y,,A,01,0,1,0,0,0,0,0,0,0,"- ","- ",35.396880000000003,-118.9423,KERN,UNINCORPORATED,-118.94229901,35.39660567
90164394,2016,2016-04-25,9420,2016-04-15,1853,020782,,5,2,9,1500,0,1,3,,2,586,"SR-58 E/B","EDISON RD",75.00,W,N,A,-,Y,,,58,,,,,,E,Y,3,0,1,2,C,-,18,,,N,D,C,A,A,H,-,A,D,0,,,,Y,Y,,-,"- ",0,1,0,0,0,0,0,0,0,"- ","- ",35.34552,-118.87958,KERN,UNINCORPORATED,-118.87956299,35.345607049999998
90164397,2016,2016-04-25,9420,2016-04-16,1840,019459,,6,2,9,1500,0,3,5,,2,620,"RENFRO ROAD","PALM AVENUE",0.00,,Y,A,-,N,,,,,,,,,,Y,4,0,2,3,A,-,09,21801,A,N,D,C,A,A,H,-,A,D,0,,,,,Y,,A,01,0,0,2,0,0,0,0,0,0,"- ","- ",35.37623,-119.16336,KERN,UNINCORPORATED,-119.16332988000001,35.376230069999998
90164433,2016,2016-04-25,9420,2016-04-16,0130,019903,,6,3,9,1500,0,1,3,,2,094,"SR-99 N/B","WHITE LANE",350.00,S,N,A,-,Y,,,,,,,,,,Y,2,0,2,2,A,-,08,22107,,N,B,C,A,A,H,-,D,D,0,,,,,Y,,A,07,1,1,0,0,0,0,0,0,0,"- ","- ",35.31561,-119.03537,KERN,UNINCORPORATED,-119.03606000000001,35.317619999999998
90164436,2016,2016-04-25,9420,2016-04-18,1619,019353,,1,2,9,1500,0,2,4,,1,064,"OLIVE DRIVE W/B","KNUDSEN DRIVE",600.00,E,N,A,-,N,,,,,,,,,,N,4,0,1,3,A,-,03,22350,,N,C,C,A,A,H,-,A,D,0,,,,,Y,,A,01,0,0,1,0,0,0,0,0,0,"- ","- ",34.442,-119.059,KERN,UNINCORPORATED,-119.05676923999999,35.412387840000001
90164447,2016,2016-04-25,9420,2016-04-20,1420,018805,,3,2,9,1500,0,3,5,,2,040,"POPLAR AVENUE","NORTH INYO STREET",0.00,,Y,A,-,N,,,,,,,,,,N,4,0,2,2,A,-,09,21800,B,N,D,C,A,A,H,-,A,D,0,,,,,Y,,D,22,0,0,2,0,0,0,0,0,0,"- ","- ",35.298479999999998,-118.99218999999999,KERN,UNINCORPORATED,-118.99216002999999,35.398530000000001
90164638,2016,2016-04-25,9830,2016-04-14,0020,018857,,4,3,9,1500,0,3,5,,2,001,"AROSA ST.","AROSA RD",105.00,W,N,A,-,N,,,,,,,,,,N,4,0,1,1,A,-,01,23152,A,N,E,I,A,A,H,-,C,D,0,,,,,Y,Y,A,07,0,0,1,0,0,0,0,0,0,"- ","- ",35.087000000000003,-118.52115000000001,KERN,UNINCORPORATED,-118.52112078,35.086964160000001
90164882,2016,2016-04-25,9420,2016-03-17,0010,019903,,4,3,9,1500,0,2,4,,1,075,"SOUTH UNION AVENUE","REXLAND DRIVE",117.00,N,N,A,-,N,,,,,,,,,,Y,1,1,0,2,A,-,08,22107,,N,D,E,A,A,H,-,C,D,0,,,Y,,Y,,C,02,0,0,0,0,0,0,0,1,0,"- ","- ",35.309010000000001,-119.00293000000001,KERN,UNINCORPORATED,-119.00313,35.308931039999997
90164927,2016,2016-04-25,9830,2016-04-15,2110,019615,,5,2,9,1500,0,3,5,,2,003,"20TH ST  W","OAK ST",24.00,N,N,A,-,N,,,,,,,,,,Y,3,0,1,2,A,-,08,22107,,N,D,C,A,A,H,-,E,D,0,,,Y,,Y,Y,A,07,0,1,0,0,0,0,0,0,1,"- ","- ",34.858739999999997,-118.1671,KERN,UNINCORPORATED,-118.16711067999999,34.85880581
90165645,2016,2016-07-28,9420,2016-04-15,0810,018307,,5,1,9,1500,0,3,5,,2,050,"FERGUSON AVENUE","N. CHESTER AVENUE",0.00,,Y,A,-,N,,,,,,,,,,N,3,0,1,2,A,-,21,22106,,F,D,G,A,A,H,-,A,A,0,,Y,,,Y,,-,99,0,1,0,0,0,0,1,0,0,"- ","- ",35.415550000000003,-119.02108,KERN,UNINCORPORATED,-119.02122006,35.415610030000003
90165684,2016,2016-04-26,9830,2016-04-09,2247,021137,,6,3,9,1500,0,1,3,,1,052,"SR-178 W/B","JACKS RANCH RD",0.00,,Y,A,-,Y,,,178,,,,,,W,Y,3,0,2,2,A,-,12,22450,A,F,D,C,A,A,H,-,C,A,0,,,,,Y,,D,22,0,1,1,0,0,0,0,0,0,"- ","- ",35.651910000000001,-117.72317,KERN,UNINCORPORATED,-117.72317,35.651902239999998
90165686,2016,2016-04-26,9420,2016-04-20,0738,015259,,3,1,6,1502,0,1,3,,2,094,"STATE ROUTE-99 NORTHBOUND","PACHECO ROAD U/C",311.00,S,N,A,-,Y,,,99,,,,,,N,Y,3,0,2,3,A,-,07,21658,A,F,D,C,A,A,H,-,A,D,0,,,,,Y,,-,99,0,2,0,0,0,0,0,0,0,"- ","- ",35.31147,-119.03457,KERN,BAKERSFIELD,-119.03448102999999,35.31149327
90166081,2016,2016-04-26,9420,2016-04-15,2040,019098,,5,2,9,1500,0,3,5,,2,671,"E. PANAMA ROAD","VINELAND ROAD",1056.00,E,N,A,-,N,,,,,,,,,,Y,4,0,1,2,A,-,21,22106,,N,D,C,A,A,H,-,D,D,0,,,,,Y,,A,07,0,0,1,0,0,0,0,0,0,"- ","- ",35.266970000000001,-118.89263,KERN,UNINCORPORATED,-118.89282754,35.267069999999997
90166097,2016,2016-04-26,9420,2016-04-16,0530,017243,,6,3,9,1500,0,1,3,,1,184,"SR-184 (WEEDPATCH HWY.)","HAROLD ST.",15.00,N,N,A,-,Y,,,,,,,,,,N,4,0,3,2,A,-,03,22350,,N,C,C,A,A,H,-,B,D,0,,,,,Y,,A,07,0,0,3,0,0,0,0,0,0,"- ","- ",35.14293,-118.51934,KERN,UNINCORPORATED,,
90166135,2016,2016-04-26,9420,2016-04-18,1439,019901,,1,2,9,1500,0,2,4,,1,072,"NILES ST.","ISABELL RD.",75.00,W,N,A,-,N,,,,,,,,,,N,4,0,1,2,A,-,03,22350,,N,C,C,A,A,H,-,A,D,0,,,,,Y,,A,07,0,0,1,0,0,0,0,0,0,"- ","- ",35.375979999999998,-118.94558000000001,KERN,UNINCORPORATED,-118.94550124,35.375947760000003
90166159,2016,2016-05-03,9420,2016-04-19,1110,016767,,2,1,9,1500,0,3,5,,2,530,"MERLE HAGGARD DRIVE","NB SR-99 TO MERLE HAGGARD DRIVE",0.00,,Y,A,-,Y,,,,,,,,,,Y,4,0,2,2,A,-,12,21453,A,N,D,C,A,A,H,-,A,A,0,,,,,Y,,A,01,0,0,2,0,0,0,0,0,0,"- ","- ",35.441339999999997,-119.0818,KERN,UNINCORPORATED,,