CASE_ID,ACCIDENT_YEAR,PROC_DATE,JURIS,COLLISION_DATE,COLLISION_TIME,OFFICER_ID,REPORTING_DISTRICT,DAY_OF_WEEK,CHP_SHIFT,POPULATION,CNTY_CITY_LOC,SPECIAL_COND,BEAT_TYPE,CHP_BEAT_TYPE,CITY_DIVISION_LAPD,CHP_BEAT_CLASS,BEAT_NUMBER,PRIMARY_RD,SECONDARY_RD,DISTANCE,DIRECTION,INTERSECTION,WEATHER_1,WEATHER_2,STATE_HWY_IND,CALTRANS_COUNTY,CALTRANS_DISTRICT,STATE_ROUTE,ROUTE_SUFFIX,POSTMILE_PREFIX,POSTMILE,LOCATION_TYPE,RAMP_INTERSECTION,SIDE_OF_HWY,TOW_AWAY,COLLISION_SEVERITY,NUMBER_KILLED,NUMBER_INJURED,PARTY_COUNT,PRIMARY_COLL_FACTOR,PCF_CODE_OF_VIOL,PCF_VIOL_CATEGORY,PCF_VIOLATION,PCF_VIOL_SUBSECTION,HIT_AND_RUN,TYPE_OF_COLLISION,MVIW,PED_ACTION,ROAD_SURFACE,ROAD_COND_1,ROAD_COND_2,LIGHTING,CONTROL_DEVICE,CHP_ROAD_TYPE,PEDESTRIAN_ACCIDENT,BICYCLE_ACCIDENT,MOTORCYCLE_ACCIDENT,TRUCK_ACCIDENT,NOT_PRIVATE_PROPERTY,ALCOHOL_INVOLVED,STWD_VEHTYPE_AT_FAULT,CHP_VEHTYPE_AT_FAULT,COUNT_SEVERE_INJ,COUNT_VISIBLE_INJ,COUNT_COMPLAINT_PAIN,COUNT_PED_KILLED,COUNT_PED_INJURED,COUNT_BICYCLIST_KILLED,COUNT_BICYCLIST_INJURED,COUNT_MC_KILLED,COUNT_MC_INJURED,PRIMARY_RAMP,SECONDARY_RAMP,LATITUDE,LONGITUDE,COUNTY,CITY,POINT_X,POINT_Y
90179880,2016,2016-05-16,9830,2016-05-12,2045,016971,,4,2,9,1500,0,2,4,,1,034,"ROSAMOND BLVD","40TH ST  W",0.00,,Y,A,-,N,,,,,,,,,,Y,3,0,2,2,A,-,09,21802,A,N,D,C,A,A,H,-,C,A,0,,,,,Y,,A,01,0,2,0,0,0,0,0,0,0,"- ","- ",34.863669999999999,-118.20267,KERN,UNINCORPORATED,-118.20258002,34.86371003
90179907,2016,2016-05-16,9420,2016-05-06,1312,016969,,5,1,6,1502,0,1,3,,2,095,"SR-99 S/B","HOSKING AVE. O/C",1056.00,N,N,B,C,Y,,,99,,,,,,S,Y,4,0,1,3,A,-,03,22350,,N,B,C,A,B,H,-,A,D,0,,,,,Y,,A,01,0,0,1,0,0,0,0,0,0,"- ","- ",35.284779999999998,-119.02773999999999,KERN,BAKERSFIELD,-119.02770889,35.284788130000003
90180216,2016,2016-05-16,9420,2016-05-07,1045,018486,,6,1,9,1500,0,1,3,,1,184,"SR-184  (MAIN STREET)","SUNSET BLVD",0.00,,Y,A,-,Y,,,184,,,,,,,Y,4,0,1,2,A,-,09,21802,A,N,D,C,A,A,H,-,A,A,0,,,,Y,Y,,D,22,0,0,1,0,0,0,0,0,0,"- ","- ",35.22381,-118.91437999999999,KERN,UNINCORPORATED,-118.91447533,35.223810239999999
90180274,2016,2016-05-16,9420,2016-05-09,0440,018607,,1,3,9,1500,0,3,5,,2,630,"OLD RIVER RD. (18000 BLOCK)","MILLUX RD.",5280.00,N,N,A,-,N,,,,,,,,,,Y,4,0,1,2,A,-,05,21650,,M,B,C,A,A,H,-,D,D,0,,,,,Y,,A,01,0,0,1,0,0,0,0,0,0,"- ","- ",35.113889999999998,-119.63603000000001,KERN,UNINCORPORATED,-119.10998504,35.195109279999997
90180354,2016,2016-05-16,9420,2016-05-09,1620,016978,,1,2,9,1500,0,1,3,,2,096,"SR-99 N/B","HOUGHTON ROAD",2640.00,S,N,A,-,Y,,,99,,,,,,N,Y,3,0,1,2,A,-,03,22350,,N,C,C,A,A,H,-,A,D,0,,,,Y,Y,,A,07,0,1,0,0,0,0,0,0,0,"- ","- ",35.229900000000001,-119.01363000000001,KERN,UNINCORPORATED,-119.01352666,35.229916369999998
90180397,2016,2016-05-16,9420,2016-05-10,1445,019185,,2,2,9,1500,0,3,5,,2,630,"CALLOWAY DRIVE","SLIKKER DRIVE",280.00,S,N,A,-,N,,,,,,,,,,Y,4,0,1,2,A,-,03,22350,,N,C,C,A,A,H,-,A,A,0,,,,,Y,,A,07,0,0,1,0,0,0,0,0,0,"- ","- ",35.372430000000001,-119.10986,KERN,UNINCORPORATED,-119.11006999999999,35.3725229
90180423,2016,2016-05-16,9420,2016-05-10,0510,014811,,2,3,9,1500,0,1,3,,2,096,"SR-99 N/B","VALPREDO ROAD",1198.00,N,N,A,-,Y,,,,,,,,,,Y,3,0,2,2,A,-,03,22350,,N,C,C,A,A,H,-,A,D,0,,,,,Y,,A,01,0,2,0,0,0,0,0,0,0,"- ","- ",35.448340000000002,-118.85272999999999,KERN,UNINCORPORATED,,
90180450,2016,2016-05-16,9426,2016-05-04,1325,015472,,3,1,9,1500,0,3,5,,2,086,"ROWLEE RD",SR-46,188.00,S,N,A,-,N,,,,,,,,,,Y,3,0,1,2,A,-,01,23152,A,M,C,C,A,A,H,-,A,A,0,,,,Y,Y,Y,A,01,0,1,0,0,0,0,0,0,0,"- ","- ",35.362000000000002,-119.2825,KERN,UNINCORPORATED,-119.47349287999999,35.600604089999997
90180462,2016,2016-05-16,9420,2016-05-12,0720,018030,,4,1,9,1500,0,3,5,,2,672,"SUNSET BLVD","COMANCHE DR",995.00,W,N,A,-,N,,,,,,,,,,Y,4,0,1,2,A,-,03,22350,,N,C,C,A,A,H,-,A,D,0,,,,,Y,,A,01,0,0,1,0,0,0,0,0,0,"- ","- ",35.223619999999997,-118.84569,KERN,UNINCORPORATED,-118.84567666,35.223552890000001
90180490,2016,2016-05-16,9420,2016-05-11,2140,018932,,3,2,6,1502,0,1,3,,2,584,"SR-58 E/B","UNION AVENUE",100.00,E,N,A,-,Y,,,58,,,,,,E,Y,4,0,1,2,A,-,03,22350,,N,B,D,A,A,D,-,D,D,0,,,,,Y,,A,01,0,0,1,0,0,0,0,0,0,"- ","- ",35.352310000000003,-119.00158999999999,KERN,BAKERSFIELD,-119.0015902,35.35228395
90180499,2016,2016-05-16,9420,2016-05-14,1430,020093,,6,2,9,1500,0,2,4,,1,051,"OILDALE DR","DECATUR ST",220.00,S,N,A,-,N,,,,,,,,,,N,4,0,1,1,A,-,08,22107,,N,E,I,A,A,H,-,A,D,0,,,,,Y,,A,01,0,0,1,0,0,0,0,0,0,"- ","- ",35.412700000000001,-119.0299,KERN,UNINCORPORATED,-119.02997999999999,35.413056390000001
90180554,2016,2016-05-16,9426,2016-05-02,1353,014794,,1,1,9,1500,0,1,1,,2,506,"I-5 N/B",SR-223,3168.00,S,N,A,-,Y,,,,,,,,,,Y,2,0,4,1,A,-,08,22107,,N,F,A,A,A,H,-,A,D,0,,,,,Y,,A,08,1,1,2,0,0,0,0,0,0,"- ","- ",35.127000000000002,-119.92,KERN,UNINCORPORATED,,
90180745,2016,2016-05-17,9426,2016-05-06,1615,019206,,5,2,9,1500,0,1,1,,2,500,"I-5 S/B","TWISSELMAN RD.",13200.00,N,N,B,-,Y,,,,,,,,,,Y,3,0,2,2,A,-,03,22350,,N,C,C,A,A,H,-,A,D,0,,,,,Y,,D,22,0,2,0,0,0,0,0,0,0,"- ","- ",35.763809999999999,-119.75121,KERN,UNINCORPORATED,,
90180780,2016,2016-05-17,9420,2016-05-09,2020,020163,,1,2,9,1500,0,2,4,,1,071,"N/B OSWELL ST.","OSWELL FRONTAGE ROAD SE",0.00,,Y,A,-,N,,,,,,,,,,N,3,0,1,2,A,-,05,21650,,N,D,C,A,A,H,-,D,D,0,,Y,,,Y,,L,04,0,1,0,0,0,0,1,0,0,"- ","- ",35.364989999999999,-118.94972,KERN,UNINCORPORATED,-118.94977391,35.36490439
90180831,2016,2016-05-17,9420,2016-05-12,0530,014811,,4,3,9,1500,0,3,5,,2,672,"DAVID ROAD","EDISON ROAD",124.00,W,N,A,-,Y,,,,,,,,,,Y,4,0,1,2,A,-,06,21750,,N,B,C,A,A,H,-,B,D,0,,,,,Y,,D,22,0,0,1,0,0,0,0,0,0,"- ","- ",35.535400000000003,-118.53400000000001,KERN,UNINCORPORATED,-118.87817393,35.092818039999997
90180863,2016,2016-05-17,9420,2016-05-12,1245,016767,,4,1,2,1505,0,2,S,,2,901,"GARZOLI AVENUE","ELMO HIGHWAY",0.00,,Y,A,-,N,,,,,,,,,,Y,3,0,2,3,A,-,09,21802,A,N,D,C,A,A,H,-,A,A,0,,,,,Y,,A,01,0,2,0,0,0,0,0,0,0,"- ","- ",35.688870000000001,-119.24055,KERN,MCFARLAND,-119.24086986,35.68882
90180881,2016,2016-05-17,9420,2016-05-13,1555,019845,,5,2,6,1502,0,1,3,,2,093,"SR-99 SOUTHBOUND","SR-58 (ROSEDALE HWY.)",250.00,S,N,A,-,Y,,,99,,,,,,S,Y,4,0,1,3,A,-,03,22350,,N,C,C,A,A,H,-,A,D,0,,,,,Y,,A,01,0,0,1,0,0,0,0,0,0,"- ","- ",35.381279999999997,-119.04447999999999,KERN,BAKERSFIELD,-119.04464541999999,35.381277900000001
90180994,2016,2016-05-17,9426,2016-05-10,1535,015472,,2,2,9,1500,0,1,3,,2,432,SR-43,"PANAMA LN",120.00,N,N,A,-,Y,,,,,,,,,,Y,4,0,1,2,A,-,03,22350,,N,C,C,A,A,H,-,A,A,0,,,,,Y,,D,22,0,0,1,0,0,0,0,0,0,"- ","- ",35.174900000000001,-119.15900000000001,KERN,UNINCORPORATED,,
90181097,2016,2016-05-17,9426,2016-05-13,0420,018919,,5,3,9,1500,0,1,1,,2,504,"I-5 S/B","BUENA VISTA ROAD O/C",1056.00,S,N,A,-,Y,,,5,,,,,,S,Y,3,0,1,1,A,-,08,22107,,N,E,I,A,A,H,-,D,D,0,,,,,Y,,A,01,0,1,0,0,0,0,0,0,0,"- ","- ",35.23263,-119.18821,KERN,UNINCORPORATED,-119.18817136,35.232671019999998
90181108,2016,2016-05-17,9426,2016-05-15,1425,017321,,7,2,9,1500,0,1,1,,2,506,"I-5 S/B","MILLUX ROAD",505.00,S,N,A,-,Y,,,5,,,,,,S,Y,4,0,2,1,A,-,08,22107,,N,F,A,A,A,H,-,A,D,0,,,,,Y,,A,01,0,0,2,0,0,0,0,0,0,"- ","- ",35.180120000000002,-119.13145,KERN,UNINCORPORATED,-119.13147735,35.180089670000001
90181350,2016,2016-05-17,9426,2016-05-16,0630,014794,,1,1,9,1500,0,1,3,,2,581,SR-58,SR-33,3168.00,E,N,A,-,Y,,,,,,,,,,Y,4,0,1,2,A,-,05,21460,A,N,A,C,A,A,H,-,A,D,0,,,,Y,Y,,D,22,0,0,1,0,0,0,0,0,0,"- ","- ",35.192999999999998,-119.3719,KERN,UNINCORPORATED,-119.62703999999999,35.291319999999999
90181377,2016,2016-05-17,9420,2016-05-05,1700,018805,,4,2,4,1503,0,1,3,,2,090,"SR-99 N/B","8TH STREET",297.00,S,N,B,-,Y,,,99,,,,,,N,Y,2,0,3,2,A,-,01,23152,A,N,C,C,A,A,H,-,A,D,0,,,,,Y,Y,D,22,1,2,0,0,0,0,0,0,0,"- ","- ",35.764679999999998,-119.2497,KERN,DELANO,-119.24974309,35.764669920000003
9018141,2019,2020-02-12,1500,2019-08-13,0342,202381,WA-02,2,5,3,1510,0,0,0,,0,4401,"MAPLE AV","3RD ST",0.00,,Y,A,-,N,,,,,,,,,,Y,3,0,3,5,A,-,12,22450,A,N,D,C,A,A,H,-,C,D,0,,,,,Y,,A,01,0,2,1,0,0,0,0,0,0,"- ","- ",,,KERN,WASCO,-119.34703063964844,35.598800659179688
90181601,2016,2016-05-17,9420,2016-05-09,1930,017256,,1,2,9,1500,0,2,4,,1,051,"OILDALE DR","MCCORD AVE",0.00,,Y,A,-,N,,,,,,,,,,N,3,0,1,2,A,-,12,22450,A,N,D,G,A,A,H,-,A,A,0,,Y,,,Y,,L,04,0,1,0,0,0,0,1,0,0,"- ","- ",35.406779999999998,-119.02961999999999,KERN,UNINCORPORATED,-119.02996004000001,35.40679008
90181878,2016,2016-05-18,9420,2016-05-09,0043,018117,,1,3,9,1500,0,3,5,,2,050,"DECATUR STREET","BRYCE STREET",31.00,W,N,A,-,N,,,,,,,,,,Y,4,0,1,1,A,-,08,22107,,N,E,I,A,A,H,-,C,D,0,,,,,Y,,A,07,0,0,1,0,0,0,0,0,0,"- ","- ",35.412329999999997,-119.03789999999999,KERN,UNINCORPORATED,-119.03789311,35.412329509999999
90181904,2016,2016-05-18,9830,2016-05-13,1645,018758,,5,2,9,1500,0,1,3,,2,030,"SR-14 N/B","BACKUS RD",2112.00,N,N,A,-,Y,,,14,,,,,,N,Y,3,0,1,1,A,-,08,22107,,N,F,A,A,A,H,-,A,D,0,,,Y,,Y,,C,02,0,1,0,0,0,0,0,0,1,"- ","- ",34.958669999999998,-118.16027,KERN,UNINCORPORATED,-118.16045081,34.958683809999997
90182061,2016,2016-05-18,9420,2016-05-11,1345,018643,,3,1,9,1500,0,3,5,,2,070,"PICO AVENUE","ADLER STREET",0.00,,Y,A,-,N,,,,,,,,,,N,4,0,1,2,A,-,08,22107,,N,H,G,A,A,H,-,A,D,0,,Y,,,Y,,L,04,0,0,1,0,0,0,1,0,0,"- ","- ",35.390450000000001,-118.95362,KERN,UNINCORPORATED,-118.95359012,35.390400040000003
90182107,2016,2016-05-18,9426,2016-02-20,0054,018023,,6,3,9,1500,0,1,1,,2,504,"I-5 N/B",SR-119,5544.00,N,N,A,-,Y,,,5,,,,,,N,Y,2,0,1,2,A,-,03,22350,,N,B,C,A,A,H,-,D,D,0,,,,,Y,,A,01,1,0,0,0,0,0,0,0,0,"- ","- ",35.278599999999997,-119.23663000000001,KERN,UNINCORPORATED,-119.23660843,35.278622939999998
90182174,2016,2016-05-18,9420,2016-05-13,1540,016973,,5,2,6,1502,0,1,3,,2,094,"SR-99 N/B","MING AVE.",1320.00,S,N,A,-,Y,,,,,,,,,,Y,4,0,2,4,A,-,03,22350,,N,C,C,A,A,H,-,A,D,0,,,,,Y,,A,01,0,0,2,0,0,0,0,0,0,"- ","- ",,,KERN,BAKERSFIELD,-119.03946999999999,35.339390000000002
90182222,2016,2016-05-18,9420,2016-05-15,1114,017576,,7,1,9,1500,0,3,5,,2,630,"SR-99, S/B TO HOUGHTON RD.","HOUGHTON ROAD",0.00,,Y,A,-,Y,,,99,,,,R,,S,Y,3,0,2,2,A,-,09,21802,A,N,D,C,A,A,H,-,A,A,0,,,,Y,Y,,A,01,0,2,0,0,0,0,0,0,0,"- ","- ",35.23753,-119.01501,KERN,UNINCORPORATED,-119.01501,35.23753
90182260,2016,2016-05-18,9426,2016-05-14,0020,019896,,6,3,9,1500,0,1,1,,2,502,"I-5 S/B",SR-46,8448.00,S,N,A,-,Y,,,,,,,,,,Y,3,0,2,2,A,-,03,22350,,N,C,C,A,A,D,-,D,D,0,,,,Y,Y,,A,07,0,2,0,0,0,0,0,0,0,"- ","- ",35.587499999999999,-119.3745,KERN,UNINCORPORATED,,
90182292,2016,2016-05-18,9420,2016-05-13,1020,018068,,5,1,9,1500,0,3,5,,2,672,"S. CHESTER AVE","S. M ST",5.00,N,N,A,-,N,,,,,,,,,,N,2,0,1,2,A,-,10,21950,A,N,G,B,B,A,H,-,A,A,0,Y,,,,Y,,A,01,1,0,0,0,1,0,0,0,0,"- ","- ",35.335439999999998,-119.01631,KERN,UNINCORPORATED,-119.01545781999999,35.33442213
90182342,2016,2016-05-18,9426,2016-05-09,2035,017321,,1,2,9,1500,0,3,5,,2,081,"PHILIPPINE STREET","2ND STREET",133.00,W,N,A,-,N,,,,,,,,,,Y,3,0,1,2,A,-,01,23152,A,N,C,C,A,A,H,-,D,D,0,,,,,Y,Y,D,22,0,1,0,0,0,0,0,0,0,"- ","- ",35.135159999999999,-119.46587,KERN,UNINCORPORATED,-119.46619436,35.135114160000001
90182413,2016,2016-05-18,9420,2016-05-11,1555,019513,,3,2,9,1500,0,1,3,,2,178,"STATE ROUTE 178","MOBILE DRIVE",1584.00,W,N,A,-,Y,,,178,,,,,,,Y,3,0,1,1,A,-,08,22107,,N,E,I,A,A,H,-,A,D,0,,,,,Y,,A,01,0,1,0,0,0,0,0,0,0,"- ","- ",35.64573,-118.41781,KERN,UNINCORPORATED,-118.41780779,35.645734709999999
90182440,2016,2016-05-18,9420,2016-05-16,1650,015255,,1,2,9,1500,0,3,5,,2,530,"SANTA FE WAY","LORAINE LANE",90.00,N,N,A,-,N,,,,,,,,,,Y,4,0,1,3,A,-,03,22350,,N,C,C,A,A,H,-,A,D,0,,,,,Y,,A,01,0,0,1,0,0,0,0,0,0,"- ","- ",35.263800000000003,-119.127,KERN,UNINCORPORATED,-119.20186018,35.443867249999997
90182486,2016,2016-05-18,9420,2016-05-17,1454,019903,,2,2,9,1500,0,3,5,,2,070,"EDISON HWY","EXCHANGE ST",0.00,,Y,A,-,N,,,,,,,,,,Y,3,0,1,2,A,-,09,21802,A,N,A,C,A,A,H,-,A,A,0,,,,,Y,,D,22,0,1,0,0,0,0,0,0,0,"- ","- ",35.370449999999998,-118.96512,KERN,UNINCORPORATED,-118.96511004,35.370510099999997
90182620,2016,2016-05-18,9830,2016-05-18,0907,015116,,3,1,9,1500,0,2,4,,1,026,"BUSINESS 58 EAST","MYER ST",263.00,E,N,A,-,N,,,,,,,,,,N,4,0,2,2,A,-,03,22350,,N,C,C,A,A,H,-,A,A,0,,,,,Y,,A,08,0,0,2,0,0,0,0,0,0,"- ","- ",35.046500000000002,-118.1662,KERN,UNINCORPORATED,-119.28666169,35.398227239999997
90182827,2016,2016-05-19,9420,2016-05-16,2000,017256,,1,2,9,1500,0,3,5,,2,050,"PETROL RD","AIRPORT DR",2640.00,W,N,A,-,N,,,,,,,,,,Y,3,0,2,1,A,-,03,22350,,N,E,I,A,A,H,-,D,D,0,,,,,Y,,D,22,0,1,1,0,0,0,0,0,0,"- ","- ",35.44849,-119.04797000000001,KERN,UNINCORPORATED,-119.04679,35.448549999999997
90182837,2016,2016-05-19,9420,2016-05-16,0955,014811,,1,1,9,1500,0,2,4,,1,075,"S. UNION AVENUE","HUDSON DRIVE",469.00,N,N,A,-,N,,,,,,,,,,Y,4,0,1,2,A,-,09,21801,A,N,D,C,A,A,H,-,A,D,0,,,,,Y,,A,08,0,0,1,0,0,0,0,0,0,"- ","- ",35.280999999999999,-119.00045,KERN,UNINCORPORATED,-119.00315000000001,35.277206900000003
90182846,2016,2016-05-19,9420,2016-05-15,2222,017190,,7,3,9,1500,0,2,S,,2,822,"LAKE ISABELLA BOULEVARD","ERSKINE CREEK ROAD",842.00,E,N,A,-,N,,,,,,,,,,N,4,0,1,2,A,-,09,21804,A,M,D,C,A,A,H,-,D,D,0,,,,,Y,,D,22,0,0,1,0,0,0,0,0,0,"- ","- ",35.618699999999997,-118.47689,KERN,UNINCORPORATED,-118.47722387,35.618544819999997
90182870,2016,2016-05-19,9420,2016-05-06,1415,018643,,5,2,9,1500,0,3,5,,2,060,"QUAIL CREEK ROAD","SNOW ROAD",0.00,,Y,A,-,N,,,,,,,,,,Y,4,0,1,2,A,-,09,21802,A,F,D,C,A,A,H,-,A,D,0,,,,,Y,,A,01,0,0,1,0,0,0,0,0,0,"- ","- ",35.427079999999997,-119.10122,KERN,UNINCORPORATED,-119.10114004,35.427010039999999
90183152,2016,2016-05-19,9830,2016-05-13,2000,016971,,5,2,9,1500,0,1,3,,1,022,"SR-58 E/B","BORAX RD",1584.00,E,N,A,-,Y,,,58,,,,,,E,Y,3,0,3,1,A,-,08,22107,,N,F,A,A,A,H,-,D,D,0,,,,,Y,,D,22,0,3,0,0,0,0,0,0,0,"- ","- ",35.006540000000001,-117.69745,KERN,UNINCORPORATED,-117.69744985,35.006613100000003
90183216,2016,2016-05-19,9420,2016-05-16,1050,013475,,1,1,9,1500,0,3,5,,2,060,"DOWNING AVENUE","FRUITVALE AVENUE",5.00,W,N,A,-,N,,,,,,,,,,Y,4,0,2,3,A,-,09,21801,A,N,A,C,A,A,D,-,A,D,0,,,,,Y,,D,22,0,0,2,0,0,0,0,0,0,"- ","- ",35.391190000000002,-119.07593,KERN,UNINCORPORATED,-119.07437675,35.390520000000002
90183259,2016,2016-05-19,9426,2016-05-11,1405,018023,,3,2,9,1500,0,1,1,,2,502,"I-5 S/B","LERDO HWY",624.00,N,N,A,-,Y,,,5,,,,,,S,Y,3,0,2,1,A,-,08,22107,,N,F,A,A,A,H,-,A,D,0,,,,,Y,,A,07,0,1,1,0,0,0,0,0,0,"- ","- ",35.500880000000002,-119.53616,KERN,UNINCORPORATED,-119.53610328000001,35.500942330000001
90183373,2016,2016-05-19,9426,2016-05-14,0555,017281,,6,3,9,1500,0,3,5,,2,080,"GOLF COURSE RD.","MIFFLIN LN.",1056.00,W,N,A,-,N,,,,,,,,,,Y,4,0,1,1,A,-,01,23152,A,N,F,A,A,A,H,-,A,D,0,,,,,Y,Y,A,01,0,0,1,0,0,0,0,0,0,"- ","- ",35.234610000000004,-119.32835,KERN,UNINCORPORATED,-119.33177571,35.234243020000001
90183593,2016,2016-05-20,9420,2016-05-15,0455,020040,,7,3,9,1500,0,2,4,,1,071,"MOUNT VERNON AVENUE","VIRGINIA AVENUE",0.00,,Y,B,-,N,,,,,,,,,,Y,2,0,3,2,A,-,01,23152,A,N,D,C,A,A,H,-,C,A,0,,,,,Y,Y,A,01,1,2,0,0,0,0,0,0,0,"- ","- ",35.361400000000003,-118.96747000000001,KERN,UNINCORPORATED,-118.96760011000001,35.361320030000002
90183602,2016,2016-05-20,9420,2016-05-11,2125,019649,,3,2,9,1500,0,1,3,,1,583,"SR-58 E/B (ROSEDALE HWY)","GIBSON ST.",500.00,W,N,A,-,N,,,,,,,,,,N,4,0,1,2,A,-,08,22107,,N,B,C,A,A,D,-,C,A,0,,,,,Y,,D,22,0,0,1,0,0,0,0,0,0,"- ","- ",35.225949999999997,-119.31596999999999,KERN,UNINCORPORATED,-119.05376673000001,35.383192469999997
90183609,2016,2016-05-20,9420,2016-05-12,2225,018932,,4,3,9,1500,0,1,3,,2,091,"SR-99 S/B","POND RD",5808.00,N,N,A,-,Y,,,,,,,,,,Y,4,0,4,2,A,-,03,22350,,N,C,C,A,A,H,-,D,D,0,,,,,Y,,A,07,0,0,4,0,0,0,0,0,0,"- ","- ",35.737139999999997,-119.2411,KERN,UNINCORPORATED,,
90183631,2016,2016-05-20,9420,2016-05-14,2008,020782,,6,2,9,1500,0,1,3,,2,585,"SR-58 W/B","OSWELL ST.",528.00,E,N,A,-,Y,,,58,,,,,,W,Y,4,0,1,1,A,-,08,22107,,N,E,I,A,A,H,-,B,D,0,,,,,Y,,A,01,0,0,1,0,0,0,0,0,0,"- ","- ",35.352460000000001,-118.94441999999999,KERN,UNINCORPORATED,-118.94441974,35.352410540000001
90183638,2016,2016-05-20,9830,2016-05-12,2335,019615,,4,3,9,1500,0,1,3,,1,050,SR-14,"COW HEAVEN CANYON RD",400.00,S,N,A,-,Y,,,14,,,,,,,Y,3,0,1,1,A,-,03,22350,,N,E,J,A,A,H,-,D,D,0,,,,,Y,,A,01,0,1,0,0,0,0,0,0,0,"- ","- ",35.546700000000001,-117.92827,KERN,UNINCORPORATED,-117.92822963,35.546681499999998
90183647,2016,2016-05-20,9420,2016-05-15,2020,020782,,7,2,9,1500,0,3,5,,2,672,"CASA LOMA DR","MADISON ST.",475.00,W,N,A,-,N,,,,,,,,,,Y,3,0,1,2,A,-,03,22350,,F,C,C,A,A,H,-,C,D,0,,,,,Y,,A,01,0,1,0,0,0,0,0,0,0,"- ","- ",35.339709999999997,-118.99629,KERN,UNINCORPORATED,-118.99585061000001,35.339449999999999
90183855,2016,2016-06-03,9420,2016-05-19,2140,020040,,4,2,9,1500,0,3,5,,2,620,"KRATZMEYER ROAD","CHERRY AVENUE",101.00,W,N,A,-,N,,,,,,,,,,Y,2,0,1,1,C,-,18,,,N,H,H,A,A,H,-,D,D,0,,,,,Y,,-,"- ",1,0,0,0,0,0,0,0,0,"- ","- ",35.419930000000001,-119.24467,KERN,UNINCORPORATED,-119.24350862,35.419880650000003
90183861,2016,2016-05-20,9420,2016-05-18,1115,016767,,3,1,9,1500,0,3,5,,2,520,"GARZOLI AVENUE","PETERSON ROAD",0.00,,Y,A,-,N,,,,,,,,,,N,4,0,2,2,A,-,09,21802,A,N,D,C,A,A,H,-,A,A,0,,,,,Y,,A,01,0,0,2,0,0,0,0,0,0,"- ","- ",35.703420000000001,-119.24065,KERN,UNINCORPORATED,-119.24083992,35.703320009999999
90184027,2016,2016-05-20,9420,2016-05-14,1708,019098,,6,2,9,1500,0,1,3,,2,096,"SR-99 N/B FROM HERRING ROAD","SR-99 N/B",250.00,E,N,A,-,Y,,,99,,,,R,,N,Y,4,0,2,1,A,-,08,22107,,N,E,I,A,A,H,-,A,D,0,,,,,Y,,A,01,0,0,2,0,0,0,0,0,0,"- ","- ",35.14817,-118.99534,KERN,UNINCORPORATED,-118.99534,35.14817
90184050,2016,2016-05-20,9420,2016-05-18,1455,016973,,3,2,9,1500,0,1,3,,1,583,"SR-58 (ROSEDALE HWY.)","GIBSON ST.",150.00,E,N,A,-,Y,,,,,,,,,,N,4,0,3,3,A,-,03,22350,,N,C,C,A,A,H,-,A,D,0,,,,,Y,,A,01,0,0,3,0,0,0,0,0,0,"- ","- ",,,KERN,UNINCORPORATED,,
90184066,2016,2016-05-20,9420,2016-05-18,1610,019185,,3,2,9,1500,0,1,3,,1,184,"SR-184 S/B","EUCALYPTUS DRIVE",80.00,N,N,A,-,Y,,,184,,,,,,S,Y,4,0,1,3,A,-,03,22350,,N,C,C,A,A,H,-,A,D,0,,,,,Y,,D,22,0,0,1,0,0,0,0,0,0,"- ","- ",35.365560000000002,-118.91427,KERN,UNINCORPORATED,-118.91424614,35.36555997
90184078,2016,2016-05-20,9420,2016-05-20,0515,019466,,5,3,9,1500,0,1,3,,2,179,SR-178,"CANEBRAKE ROAD",12144.00,E,N,A,-,Y,,,178,,,,,,,Y,4,0,1,1,C,-,18,,,N,E,J,A,A,H,-,B,D,0,,,,,Y,,-,"- ",0,0,1,0,0,0,0,0,0,"- ","- ",35.742539999999998,-118.08165,KERN,UNINCORPORATED,-118.08161351,35.74253453
90184158,2016,2016-05-20,9426,2016-05-19,1240,016162,,4,1,9,1500,0,1,1,,2,502,"I-5 N/B",SR-46,13200.00,S,N,A,-,Y,,,5,,,,,,N,Y,4,0,1,2,A,-,07,21658,A,N,B,C,A,A,H,-,A,D,0,,,,,Y,,A,01,0,0,1,0,0,0,0,0,0,"- ","- ",35.595219999999998,-119.63540999999999,KERN,UNINCORPORATED,-119.63520947000001,35.595412039999999
90184823,2016,2016-05-23,9830,2016-05-13,0025,019716,,5,3,9,1500,0,1,3,,2,030,"SR-14 N/B","DAWN RD",3696.00,N,N,A,-,Y,,,14,,,,,,N,Y,3,0,2,1,A,-,08,22107,,N,F,A,A,A,H,-,D,D,0,,,,,Y,,A,07,0,2,0,0,0,0,0,0,0,"- ","- ",34.918889999999998,-118.16334999999999,KERN,UNINCORPORATED,-118.16345291,34.918897889999997
90184861,2016,2016-05-23,9830,2016-05-16,0250,019716,,1,3,9,1500,0,1,3,,1,022,"SR-58 E/B","GEPHART RD",2059.00,E,N,A,-,Y,,,58,,,,,,E,Y,3,0,1,1,A,-,01,23152,A,N,F,A,A,A,H,-,D,D,0,,,,,Y,Y,A,01,0,1,0,0,0,0,0,0,0,"- ","- ",35.006419999999999,-117.73242,KERN,UNINCORPORATED,-117.73241929,35.006712010000001
90184878,2016,2016-05-23,9830,2016-05-17,1115,019271,,2,1,9,1500,0,1,3,,1,040,"SR-14 S/B","SR-58 E/B",0.00,,Y,A,-,Y,,,,,,,,,,Y,3,0,3,2,A,-,09,21802,A,N,D,C,A,A,H,-,A,A,0,,,,,Y,,A,07,0,1,2,0,0,0,0,0,0,"- ","- ",,,KERN,UNINCORPORATED,,