CASE_ID,ACCIDENT_YEAR,PROC_DATE,JURIS,COLLISION_DATE,COLLISION_TIME,OFFICER_ID,REPORTING_DISTRICT,DAY_OF_WEEK,CHP_SHIFT,POPULATION,CNTY_CITY_LOC,SPECIAL_COND,BEAT_TYPE,CHP_BEAT_TYPE,CITY_DIVISION_LAPD,CHP_BEAT_CLASS,BEAT_NUMBER,PRIMARY_RD,SECONDARY_RD,DISTANCE,DIRECTION,INTERSECTION,WEATHER_1,WEATHER_2,STATE_HWY_IND,CALTRANS_COUNTY,CALTRANS_DISTRICT,STATE_ROUTE,ROUTE_SUFFIX,POSTMILE_PREFIX,POSTMILE,LOCATION_TYPE,RAMP_INTERSECTION,SIDE_OF_HWY,TOW_AWAY,COLLISION_SEVERITY,NUMBER_KILLED,NUMBER_INJURED,PARTY_COUNT,PRIMARY_COLL_FACTOR,PCF_CODE_OF_VIOL,PCF_VIOL_CATEGORY,PCF_VIOLATION,PCF_VIOL_SUBSECTION,HIT_AND_RUN,TYPE_OF_COLLISION,MVIW,PED_ACTION,ROAD_SURFACE,ROAD_COND_1,ROAD_COND_2,LIGHTING,CONTROL_DEVICE,CHP_ROAD_TYPE,PEDESTRIAN_ACCIDENT,BICYCLE_ACCIDENT,MOTORCYCLE_ACCIDENT,TRUCK_ACCIDENT,NOT_PRIVATE_PROPERTY,ALCOHOL_INVOLVED,STWD_VEHTYPE_AT_FAULT,CHP_VEHTYPE_AT_FAULT,COUNT_SEVERE_INJ,COUNT_VISIBLE_INJ,COUNT_COMPLAINT_PAIN,COUNT_PED_KILLED,COUNT_PED_INJURED,COUNT_BICYCLIST_KILLED,COUNT_BICYCLIST_INJURED,COUNT_MC_KILLED,COUNT_MC_INJURED,PRIMARY_RAMP,SECONDARY_RAMP,LATITUDE,LONGITUDE,COUNTY,CITY,POINT_X,POINT_Y
90207417,2016,2016-06-22,9426,2016-06-20,1325,015548,,1,1,9,1500,0,1,1,,2,506,"I-5 S/B","HERRING ROAD",425.00,N,N,A,-,Y,,,5,,,,,,S,Y,3,0,3,1,A,-,08,22107,,N,E,I,A,A,H,-,A,D,0,,,,,Y,,A,07,0,2,1,0,0,0,0,0,0,"- ","- ",35.152549999999998,-119.10101,KERN,UNINCORPORATED,-119.10101276,35.152546950000001
90207518,2016,2016-06-22,9420,2016-06-17,2310,019901,,5,3,9,1500,0,3,5,,2,530,"7TH STANDARD RD","SCARONI AVE",58.00,E,N,A,-,N,,,,,,,,,,Y,4,0,1,1,A,-,01,23152,A,N,E,I,A,A,H,-,D,D,0,,,,,Y,Y,A,01,0,0,1,0,0,0,0,0,0,"- ","- ",35.441960000000002,-119.31421,KERN,UNINCORPORATED,-119.31430548,35.441879999999998
90207569,2016,2016-06-22,9420,2016-06-19,1440,020784,,7,2,9,1500,0,2,4,,1,071,"OSWELL ST.","VIRGINA AVE",15.00,S,N,A,-,N,,,,,,,,,,Y,4,0,2,3,A,-,03,22350,,N,C,C,A,A,H,-,A,A,0,,,,,Y,,A,01,0,0,2,0,0,0,0,0,0,"- ","- ",35.361319999999999,-118.94969,KERN,UNINCORPORATED,-118.94987079000001,35.361368849999998
90207574,2016,2016-06-22,9420,2016-06-15,1200,015259,,3,1,9,1500,0,3,5,,2,620,"SUPERIOR ROAD","KRATZMEYER ROAD",0.00,,Y,A,-,N,,,,,,,,,,Y,4,0,3,2,A,-,09,21802,A,N,D,C,A,A,H,-,A,A,0,,,,,Y,,A,07,0,0,3,0,0,0,0,0,0,"- ","- ",35.419730000000001,-119.23417999999999,KERN,UNINCORPORATED,-119.23418993999999,35.419830109999999
90207584,2016,2016-06-22,9420,2016-06-16,0608,015259,,4,1,9,1500,0,3,5,,2,610,"TRINITY AVENUE","DAWN STREET",0.00,,Y,A,-,N,,,,,,,,,,N,4,0,1,2,A,-,09,21800,A,N,D,C,A,A,H,-,A,D,0,,,,,Y,,A,07,0,0,1,0,0,0,0,0,0,"- ","- ",35.344839999999998,-119.00699,KERN,UNINCORPORATED,-119.00691,35.344830109999997
90207874,2016,2016-06-23,9420,2016-06-15,1330,018030,,3,1,9,1500,0,3,5,,2,070,"FLOWER ST","GAGE ST",129.00,W,N,A,-,N,,,,,,,,,,N,3,0,1,2,A,-,08,22107,,N,C,G,A,A,H,-,A,D,0,,Y,,,Y,,L,04,0,1,0,0,0,0,1,0,0,"- ","- ",35.385759999999998,-118.98008,KERN,UNINCORPORATED,-118.98377338,35.384833350000001
90207882,2016,2016-06-23,9420,2016-06-17,1048,015259,,5,1,9,1500,0,3,5,,2,671,"SEGRUE ROAD","HABECKER ROAD",323.00,W,N,A,-,N,,,,,,,,,,Y,4,0,1,2,A,-,09,21801,A,N,D,C,A,A,H,-,A,D,0,,,,,Y,,A,08,0,0,1,0,0,0,0,0,0,"- ","- ",35.256070000000001,-118.90666,KERN,UNINCORPORATED,-118.90637040999999,35.256095219999999
90208034,2016,2016-06-23,9420,2016-06-21,1805,019353,,2,2,6,1502,0,1,3,,2,092,"SR-99 N/B","PALM STREET",200.00,N,N,A,-,Y,,,99,,,,,,N,Y,4,0,1,1,A,-,08,22107,,N,E,I,A,A,H,-,A,D,0,,,,,Y,,A,01,0,0,1,0,0,0,0,0,0,"- ","- ",35.363500000000002,-119.03964999999999,KERN,BAKERSFIELD,-119.03978899000001,35.363458680000001
90208043,2016,2016-06-23,9420,2016-06-21,1440,019184,,2,2,9,1500,0,1,3,,2,093,"SR-99 S/B","WHITE LN.",1000.00,N,N,A,-,Y,,,,,,,,,,Y,4,0,1,2,A,-,03,22350,,N,C,C,A,A,H,-,A,D,0,,,,,Y,,D,22,0,0,1,0,0,0,0,0,0,"- ","- ",35.320509999999999,-119.03728,KERN,UNINCORPORATED,,
90208059,2016,2016-06-23,9420,2016-06-21,1840,019184,,2,2,6,1502,0,1,3,,2,092,"SR-99 N/B","STOCKDALE HWY.",965.00,N,N,A,-,Y,,,99,,,,,,N,Y,4,0,1,2,A,-,03,22350,,N,C,C,A,A,H,-,A,D,0,,,,,Y,,A,01,0,0,1,0,0,0,0,0,0,"- ","- ",35.361609999999999,-119.03959999999999,KERN,BAKERSFIELD,-119.03942757999999,35.361624589999998
9020808,2019,2020-08-19,1500,2019-01-10,0228,200939,WA02,4,5,3,1510,0,0,0,,0,4401,"RT 46","GRIFFITH AV",0.00,,Y,E,-,Y,KER,6,46,-,-,50.530,H,-,W,Y,4,0,1,1,B,-,22,,,N,E,I,A,B,H,-,C,A,0,,,,,Y,,A,01,0,0,1,0,0,0,0,0,0,"- ","- ",,,KERN,WASCO,-119.34029388427734,35.601539611816406
90208094,2016,2016-06-23,9420,2016-06-22,0850,015255,,3,1,6,1502,0,1,3,,2,093,"SR-99 S/B TO KNUDSEN DRIVE","KNUDSEN DRIVE",0.00,,Y,A,-,Y,,,,,,,,,,Y,4,0,1,2,A,-,09,21802,A,N,D,C,A,A,H,-,A,A,0,,,,,Y,,A,07,0,0,1,0,0,0,0,0,0,"- ","- ",35.252800000000001,-119.346,KERN,BAKERSFIELD,,
90208310,2016,2016-07-26,9420,2016-06-05,0135,019829,,7,3,9,1500,0,3,5,,2,630,"WIBLE ROAD","HERRING ROAD",0.00,,Y,A,-,N,,,,,,,,,,Y,1,1,4,1,A,-,03,22350,,N,E,I,A,A,H,-,D,A,0,,,,,Y,,A,07,0,3,1,0,0,0,0,0,0,"- ","- ",35.151339999999998,-119.03962,KERN,UNINCORPORATED,-119.03920011,35.151370049999997
90208379,2016,2016-06-23,9426,2016-06-20,2255,016780,,1,3,9,1500,0,1,1,,2,504,"I-5 N/B",SR-119,25.00,N,N,A,-,Y,,,5,,,,,,N,Y,3,0,3,1,A,-,08,22107,,N,F,A,A,A,H,-,D,D,0,,,,,Y,,A,07,0,2,1,0,0,0,0,0,0,"- ","- ",35.267380000000003,-119.22463,KERN,UNINCORPORATED,-119.22461964999999,35.267391089999997
90208430,2016,2016-06-23,9420,2016-06-21,1655,019185,,2,2,9,1500,0,1,3,,2,097,"SR-99 S/B","HERRING ROAD",550.00,S,N,A,-,Y,,,99,,,,,,S,Y,3,0,1,2,A,-,03,22350,,N,C,C,A,A,H,-,A,D,0,,,,,Y,,A,01,0,1,0,0,0,0,0,0,0,"- ","- ",35.148200000000003,-118.99661999999999,KERN,UNINCORPORATED,-118.99670018,35.148174500000003
90208446,2016,2016-06-23,9420,2016-06-22,1710,019184,,3,2,9,1500,0,1,3,,2,092,"AIRPORT DR S/B TO SR-99 S/B","SR-99 N/B",835.00,S,N,A,-,Y,,,,,,,,,,N,3,0,1,3,A,-,03,22350,,M,C,C,A,A,H,-,A,D,0,,,,,Y,,A,01,0,1,0,0,0,0,0,0,0,"- ","- ",35.396619999999999,-119.04513,KERN,UNINCORPORATED,,
90208573,2016,2016-06-23,9430,2016-06-20,1925,017241,,1,2,9,1500,0,1,1,,2,053,"I-5 S/B","#4 TURN THROUGH",1056.00,S,N,A,-,Y,,,5,,,,,,S,Y,4,0,1,1,A,-,08,22107,,N,E,I,A,A,H,-,A,D,0,,,,,Y,,A,07,0,0,1,0,0,0,0,0,0,"- ","- ",34.909970000000001,-118.92398,KERN,UNINCORPORATED,-118.92410507,34.910001379999997
90208783,2016,2016-06-24,9420,2016-06-19,0540,019351,,7,3,9,1500,0,3,5,,2,070,"KENTUCKY ST.","WILLIAMS ST.",1630.00,E,N,A,-,N,,,,,,,,,,Y,2,0,1,2,A,-,01,23152,A,N,C,C,A,A,H,-,A,D,0,,,,,Y,Y,A,01,1,0,0,0,0,0,0,0,0,"- ","- ",35.374220000000001,-118.97324,KERN,UNINCORPORATED,-118.97303149,35.374258429999998
90208812,2016,2016-06-24,9420,2016-06-21,0902,018608,,2,1,9,1500,0,2,4,,1,077,"FAIRFAX ROAD","ROSEWOOD AVENUE",185.00,S,N,A,-,N,,,,,,,,,,Y,3,0,1,2,A,-,03,22350,,N,F,A,A,A,H,-,A,D,0,,,Y,,Y,,C,02,0,1,0,0,0,0,0,0,1,"- ","- ",35.371650000000002,-118.93210000000001,KERN,UNINCORPORATED,-118.93195779,35.371922509999997
90208819,2016,2016-06-24,9420,2016-06-21,1256,018608,,2,1,9,1500,0,2,4,,1,071,"MT. VERNON AVE.","KENTUCKY STREET",15.00,S,N,A,-,N,,,,,,,,,,Y,4,0,1,2,A,-,09,21802,A,N,B,C,A,A,H,-,A,A,0,,,,,Y,,D,22,0,0,1,0,0,0,0,0,0,"- ","- ",35.372959999999999,-118.96751999999999,KERN,UNINCORPORATED,-118.96758,35.37303884
90208858,2016,2016-06-24,9426,2016-06-17,0400,019723,,5,3,9,1500,0,1,1,,2,506,"I-5 N/B","OLD RIVER RD",1056.00,N,N,A,-,Y,,,5,,,,,,N,Y,3,0,1,2,A,-,05,21651,B,N,B,C,A,A,H,-,D,D,0,,,,Y,Y,,A,01,0,1,0,0,0,0,0,0,0,"- ","- ",35.162080000000003,-119.11096999999999,KERN,UNINCORPORATED,-119.11101137999999,35.162033999999998
9020889,2019,2020-07-01,1500,2019-09-23,2038,202297,WA02,1,5,3,1510,0,0,0,,0,4401,"RT 46","POPLAR AV",0.00,,Y,A,-,Y,KER,6,46,-,-,50.270,I,5,W,Y,2,0,1,2,A,-,11,21950,B,N,G,B,D,A,H,-,C,D,0,Y,,,,Y,,N,60,1,0,0,0,1,0,0,0,0,"- ","- ",,,KERN,WASCO,-119.34487915039062,35.601551055908203
90209443,2016,2016-06-27,9430,2016-06-10,0550,018397,,5,3,9,1500,0,1,3,,1,066,SR-166,"I-5 N/B",3168.00,E,N,A,-,Y,,,166,,,,,,,Y,3,0,9,2,A,-,05,21752,D,N,D,C,A,A,H,-,A,D,0,,,,,Y,,A,07,0,1,8,0,0,0,0,0,0,"- ","- ",35.059310000000004,-118.98933,KERN,UNINCORPORATED,-118.98933019,35.059352449999999
90209768,2016,2016-06-27,9420,2016-06-20,1515,018643,,1,2,9,1500,0,3,5,,2,530,"7TH STANDARD ROAD","SHAFTER AVENUE",10.00,W,N,A,-,N,,,,,,,,,,Y,3,0,1,2,A,-,03,22350,,N,C,C,A,A,H,-,A,D,0,,,,,Y,,A,07,0,1,0,0,0,0,0,0,0,"- ","- ",35.441740000000003,-119.27905,KERN,UNINCORPORATED,-119.27898354,35.441750120000002
90209773,2016,2016-06-27,9420,2016-06-25,0400,018555,,6,3,9,1500,0,3,5,,2,050,"JAMES ROAD","AIRPORT DR",808.00,E,N,A,-,N,,,,,,,,,,Y,4,0,2,1,A,-,08,22107,,N,E,I,A,A,H,-,D,D,0,,,,,Y,,A,01,0,0,2,0,0,0,0,0,0,"- ","- ",35.451439999999998,-119.03574999999999,KERN,UNINCORPORATED,-119.03553469000001,35.451427260000003
90209784,2016,2016-06-27,9420,2016-06-20,1610,019856,,1,2,9,1500,0,1,3,,2,585,"SR-58 W/B","SOUTH CHESTER AVENUE",100.00,W,N,A,-,Y,,,,,,,,,,N,4,0,1,2,A,-,03,22350,,N,C,C,A,A,H,-,A,D,0,,,,,Y,,A,01,0,0,1,0,0,0,0,0,0,"- ","- ",35.352649999999997,-119.0194,KERN,UNINCORPORATED,,
90209969,2016,2016-06-27,9420,2016-06-20,0840,018068,,1,1,6,1502,0,1,3,,2,095,"SR-99 S/B","PANAMA LN",528.00,S,N,A,-,Y,,,99,,,,,,S,N,4,0,3,2,A,-,07,21658,A,N,B,C,A,A,H,-,A,D,0,,,,Y,Y,,F,25,0,0,3,0,0,0,0,0,0,"- ","- ",35.281100000000002,-119.0271,KERN,BAKERSFIELD,-119.02676843,35.281183460000001
90210006,2016,2016-06-27,9420,2016-06-23,1120,015259,,4,1,9,1500,0,2,4,,1,075,"SOUTH UNION AVENUE NORTHBOUND","PACHECO ROAD",1320.00,N,N,A,-,N,,,,,,,,,,N,4,0,1,2,A,-,03,22350,,N,C,C,A,A,H,-,A,D,0,,,,,Y,,A,07,0,0,1,0,0,0,0,0,0,"- ","- ",35.314349999999997,-119.00293000000001,KERN,UNINCORPORATED,-119.00312919,35.314011839999999
90210030,2016,2016-06-27,9420,2016-06-23,1405,016691,,4,2,9,1500,0,2,4,,1,051,"N. CHESTER AVE","BEARDSLEY AVE",0.00,,Y,A,-,N,,,,,,,,,,N,4,0,1,2,A,-,09,21453,C,N,D,G,A,A,H,-,A,A,0,,Y,,,Y,,L,04,0,0,1,0,0,0,1,0,0,"- ","- ",35.404960000000003,-119.02106999999999,KERN,UNINCORPORATED,-119.02103012000001,35.40495009
90210112,2016,2016-06-27,9420,2016-06-24,2000,020304,,5,2,9,1500,0,1,3,,2,155,"STATE ROUTE 155","FRENCH GULCH MARINA",800.00,W,N,A,-,Y,,,155,,,,,,,Y,4,0,1,1,A,-,08,22107,,N,E,I,A,A,H,-,D,D,0,,,,,Y,,A,01,0,0,1,0,0,0,0,0,0,"- ","- ",35.654910000000001,-118.48466999999999,KERN,UNINCORPORATED,-118.48463759000001,35.654899929999999
90210323,2016,2016-06-27,9420,2016-06-25,1525,020093,,6,2,6,1502,0,1,3,,2,093,"SR-99 S/B","AIRPORT DR",1056.00,N,N,A,-,Y,,,99,,,,,,S,Y,4,0,1,2,A,-,08,22107,,N,B,C,A,A,H,-,A,D,0,,,,,Y,,D,22,0,0,1,0,0,0,0,0,0,"- ","- ",35.399900000000002,-119.045,KERN,BAKERSFIELD,-119.04500111,35.39989997
90210413,2016,2016-06-27,9420,2016-06-27,1140,017146,,1,1,9,1500,0,3,5,,2,320,"YANKEE CYN RD.",SR-178,1056.00,S,N,A,-,N,,,,,,,,,,Y,3,0,1,1,A,-,08,22107,,N,F,A,A,A,H,-,A,D,0,,,Y,,Y,,C,03,0,1,0,0,0,0,0,0,1,"- ","- ",35.654670000000003,-118.43792000000001,KERN,UNINCORPORATED,-118.43807719,35.654741819999998
90210421,2016,2016-06-27,9420,2016-06-18,1230,018805,,6,1,9,1500,0,2,4,,1,071,"MOUNT VERNON AVENUE","QUINCY STREET",0.00,,Y,A,-,N,,,,,,,,,,Y,3,0,2,2,A,-,12,21453,A,N,D,C,A,A,H,-,A,A,0,,,,,Y,,A,01,0,2,0,0,0,0,0,0,0,"- ","- ",35.379779999999997,-118.96738000000001,KERN,UNINCORPORATED,-118.96755012,35.379820090000003
90210450,2016,2016-06-27,9420,2016-06-19,2040,020784,,7,2,9,1500,0,3,5,,2,672,"COMANCHE DR.",SR-178,250.00,S,N,A,-,N,,,,,,,,,,Y,3,0,2,2,A,-,03,22350,,N,C,C,A,A,H,-,C,D,0,,,,,Y,,A,01,0,1,1,0,0,0,0,0,0,"- ","- ",34.407629999999997,-118.85954,KERN,UNINCORPORATED,-118.86160076,35.406318200000001
90210466,2016,2016-06-27,9420,2016-06-19,1225,018805,,7,1,9,1500,0,3,5,,2,672,"E. PANAMA LANE","S. COMANCHE DRIVE",0.00,,Y,A,-,N,,,,,,,,,,Y,4,0,1,2,A,-,09,21802,A,F,D,C,A,A,H,-,A,D,0,,,,,Y,,A,08,0,0,1,0,0,0,0,0,0,"- ","- ",35.296410000000002,-118.84295,KERN,UNINCORPORATED,-118.84293008,35.296420019999999
90210493,2016,2016-06-27,9420,2016-06-25,1405,020784,,6,2,9,1500,0,2,4,,1,071,"MT. VERNON AVE","KENTUCKY ST.",0.00,,Y,A,-,N,,,,,,,,,,Y,4,0,1,2,A,-,09,21802,A,N,B,C,A,A,H,-,A,A,0,,,,,Y,Y,A,01,0,0,1,0,0,0,0,0,0,"- ","- ",35.373130000000003,-118.96753,KERN,UNINCORPORATED,-118.96758011999999,35.373080039999998
90210731,2016,2016-06-28,9420,2016-06-20,2110,019903,,1,2,6,1502,0,3,5,,2,060,"FRUITVALE AVENUE","KREBS ROAD",0.00,,Y,A,-,N,,,,,,,,,,Y,4,0,2,2,A,-,12,22450,A,N,D,C,A,A,H,-,D,A,0,,,,,Y,,A,01,0,0,2,0,0,0,0,0,0,"- ","- ",35.397779999999997,-119.07432,KERN,BAKERSFIELD,-119.07439006,35.397750039999998
90210755,2016,2016-06-28,9420,2016-06-23,0607,015261,,4,1,9,1500,0,1,3,,2,090,"SR-99 N/B","SHERWOOD AVE.",750.00,S,N,A,-,Y,,,,,,,,,,Y,4,0,1,1,A,-,08,22107,,N,E,I,A,A,H,-,A,D,0,,,,,Y,,A,01,0,0,1,0,0,0,0,0,0,"- ","- ",35.672170000000001,-119.22578,KERN,UNINCORPORATED,-119.22554869,35.67124621
90210777,2016,2016-06-28,9420,2016-06-24,1540,020304,,5,2,9,1500,0,3,5,,2,310,"BURLANDO ROAD","PLATER ROAD",500.00,N,N,A,-,N,,,,,,,,,,Y,3,0,2,1,A,-,08,22107,,N,E,I,A,A,H,-,A,D,0,,,,,Y,,A,01,0,1,1,0,0,0,0,0,0,"- ","- ",,,KERN,UNINCORPORATED,-118.42699269000001,35.737957450000003
90210981,2016,2016-06-28,9830,2016-06-26,1427,019367,,7,2,9,1500,0,3,5,,2,002,"BARSTOW RD","LESLIE ST",0.00,,Y,A,-,N,,,,,,,,,,N,3,0,1,2,A,-,09,21800,A,N,D,G,A,A,H,-,A,A,0,,Y,,,Y,,A,01,0,1,0,0,0,0,1,0,0,"- ","- ",35.04598,-118.16485,KERN,UNINCORPORATED,-118.16481013000001,35.046000059999997
90211474,2016,2016-06-28,9426,2016-06-26,2155,015576,,7,2,9,1500,0,1,1,,2,502,"I-5 N/B","MERCED AVE",4224.00,N,N,A,-,Y,,,5,,,,,,N,N,3,0,1,3,A,-,03,22350,,N,C,C,A,A,D,-,D,D,0,,,,,Y,,A,01,0,1,0,0,0,0,0,0,0,"- ","- ",35.53886,-119.57671000000001,KERN,UNINCORPORATED,-119.57677717999999,35.538786790000003
90211518,2016,2016-06-28,9830,2016-06-27,0800,019332,,1,1,9,1500,0,1,3,,2,014,"SR-58 WB","CACHE CREEK",890.00,E,N,A,-,Y,,,58,,,,,,W,Y,4,0,2,2,A,-,07,21658,A,M,F,A,A,A,H,-,A,D,0,,,,Y,Y,,G,25,0,0,2,0,0,0,0,0,0,"- ","- ",35.110660000000003,-118.24044000000001,KERN,UNINCORPORATED,-118.24050842,35.110808800000001
90211708,2016,2016-06-29,9420,2016-06-20,1240,019098,,1,1,9,1500,0,3,5,,2,070,"PIONEER DRIVE","TATE STREET",0.00,,Y,A,-,N,,,,,,,,,,Y,4,0,2,2,A,-,06,21755,,N,D,C,A,A,H,-,A,D,0,,,,,Y,,A,01,0,0,2,0,0,0,0,0,0,"- ","- ",35.36871,-118.94754,KERN,UNINCORPORATED,-118.94751002,35.36866002
90211731,2016,2016-06-29,9420,2016-06-24,1515,020304,,5,2,9,1500,0,1,3,,2,155,"STATE ROUTE 155","KEYSVILLE ROAD",600.00,W,N,A,-,Y,,,155,,,,,,,Y,4,0,1,2,A,-,08,22107,,N,E,I,A,A,H,-,A,D,0,,,,,Y,,A,01,0,0,1,0,0,0,0,0,0,"- ","- ",35.64331,-118.4866,KERN,UNINCORPORATED,-118.48666912,35.64328579
90211816,2016,2016-06-29,9420,2016-06-28,1855,020093,,2,2,9,1500,0,1,3,,1,184,SR-184,"EUCALYPTUS DR",20.00,N,N,A,-,Y,,,184,,,,,,,Y,4,0,3,2,A,-,03,22350,,N,C,C,A,A,H,-,A,D,0,,,,,Y,,D,22,0,0,3,0,0,0,0,0,0,"- ","- ",35.365000000000002,-118.9144,KERN,UNINCORPORATED,-118.91424699,35.364999779999998
90211895,2016,2016-06-29,9830,2016-06-23,1650,018758,,4,2,9,1500,0,1,3,,2,010,"SR-58 W/B","WOODFORD-TEHACHAPI RD U/C",4224.00,E,N,A,-,Y,,,,,,,,,,Y,3,0,1,1,A,-,03,22350,,N,E,I,A,A,H,-,A,D,0,,,,,Y,,A,01,0,1,0,0,0,0,0,0,0,"- ","- ",35.128439999999998,-118.54695,KERN,UNINCORPORATED,-118.55732999999999,35.220779999999998
90212460,2016,2016-06-29,9426,2016-06-28,1125,014794,,2,1,9,1500,0,1,3,,1,118,"I-5 S/B TO SR-119",SR-119,0.00,,Y,A,-,Y,,,,,,,,,,Y,4,0,1,2,A,-,09,21802,B,N,D,C,A,A,H,-,A,A,0,,,,,Y,,A,07,0,0,1,0,0,0,0,0,0,"- ","- ",35.266919999999999,-119.22986,KERN,UNINCORPORATED,,
90212694,2016,2016-06-30,9420,2016-06-20,0802,017972,,1,1,9,1500,0,2,4,,1,052,"NORRIS RD","MCCRAY ST",0.00,,Y,A,-,N,,,,,,,,,,Y,4,0,3,2,A,-,12,21457,A,N,D,C,A,A,D,-,A,A,0,,,,,Y,,A,01,0,0,3,0,0,0,0,0,0,"- ","- ",35.419550000000001,-119.03001,KERN,UNINCORPORATED,-119.0300601,35.419550059999999
90212756,2016,2016-06-30,9420,2016-06-24,1345,019184,,5,1,6,1502,0,1,3,,2,585,"SR-58 WB",SR-99,300.00,E,N,A,-,Y,,,58,,,,,,W,N,4,0,1,2,A,-,03,22350,,N,C,C,A,A,H,-,A,D,0,,,,,Y,,A,08,0,0,1,0,0,0,0,0,0,"- ","- ",35.353319999999997,-119.03937000000001,KERN,BAKERSFIELD,-119.03937283,35.352796069999997
90213299,2016,2016-06-30,9830,2016-06-24,2350,012724,,5,3,9,1500,0,1,3,,1,050,"SR-14 N/B","SR-178 WEST",35376.00,S,N,A,-,Y,,,,,,,,,,Y,4,0,1,1,A,-,01,23152,,N,E,I,A,A,H,-,D,D,0,,,,,Y,,A,01,0,0,1,0,0,0,0,0,0,"- ","- ",35.303800000000003,-117.5638,KERN,UNINCORPORATED,,
90213334,2016,2016-06-30,9830,2016-06-25,0420,017645,,6,3,9,1500,0,2,4,,1,026,"BUSINESS 58 EAST","E PROTEUS ROAD",5280.00,W,N,A,-,N,,,,,,,,,,N,4,0,1,1,A,-,08,22107,,N,E,I,A,A,H,-,C,D,0,,,,,Y,,A,01,0,0,1,0,0,0,0,0,0,"- ","- ",36.210999999999999,-118.723,KERN,UNINCORPORATED,-118.12834829000001,35.03772489
90214495,2016,2016-07-01,9420,2016-06-21,2155,019649,,2,2,9,1500,0,3,5,,2,040,"RIVER RD","LILY DRIVE",50.00,E,N,A,-,N,,,,,,,,,,Y,3,0,1,1,A,-,01,23152,A,N,E,I,A,A,H,-,D,D,0,,,Y,,Y,Y,C,02,0,1,0,0,0,0,0,0,1,"- ","- ",35.264609999999998,-118.55181,KERN,UNINCORPORATED,-118.92175376,35.445977980000002
90214497,2016,2016-07-01,9420,2016-06-23,1708,020501,,4,2,9,1500,0,2,4,,1,071,"FAIRFAX RD, 700 BLOCK","PIONEER DR",339.00,N,N,A,-,N,,,,,,,,,,N,3,0,1,2,A,-,11,21954,A,N,G,B,D,A,H,-,A,A,0,Y,,,,Y,,N,60,0,1,0,0,1,0,0,0,0,"- ","- ",35.36983,-118.93199,KERN,UNINCORPORATED,-118.93194,35.369700119999997
90214502,2016,2016-07-01,9420,2016-06-23,0100,019649,,4,3,9,1500,0,3,5,,2,672,"CALIENTE BODFISH RD.","CALIENTE CREEK RD.",16896.00,N,N,A,-,N,,,,,,,,,,Y,2,0,1,1,A,-,08,22107,,N,F,A,A,A,H,-,D,D,0,,,,,Y,,A,01,1,0,0,0,0,0,0,0,0,"- ","- ",35.330449999999999,-118.58677,KERN,UNINCORPORATED,-118.58681384,35.331317669999997
90214666,2016,2016-07-01,9420,2016-06-17,1516,019353,,5,2,6,1502,0,1,3,,2,092,"SR-99 N/B","WHITE LANE O/C",350.00,N,N,A,-,Y,,,99,,,,,,N,Y,3,0,4,3,A,-,03,22350,,F,C,C,A,A,H,-,A,D,0,,,,Y,Y,,F,26,0,1,3,0,0,0,0,0,0,"- ","- ",35.314,-119.035,KERN,BAKERSFIELD,-119.03512777,35.31396659
90214731,2016,2016-07-01,9426,2016-06-22,1855,017230,,3,2,9,1500,0,1,3,,2,330,SR-33,SR-46,10560.00,N,N,A,-,Y,,,33,,,,,,,Y,4,0,1,1,A,-,08,22107,,N,F,A,A,A,H,-,A,D,0,,,,,Y,,D,22,0,0,1,0,0,0,0,0,0,"- ","- ",35.640070000000001,-119.88486,KERN,UNINCORPORATED,-119.88492339,35.640025919999999
90214833,2016,2016-07-01,9426,2016-06-17,0226,018633,,5,3,9,1500,0,1,1,,2,500,"I-5 S/B","KINGS COUNTY LINE",2640.00,S,N,A,-,Y,,,5,,,,,,S,Y,3,0,1,2,A,-,07,21658,A,N,C,C,A,A,H,-,D,D,0,,,,,Y,,A,01,0,1,0,0,0,0,0,0,0,"- ","- ",35.780470000000001,-119.77562,KERN,UNINCORPORATED,-119.77572152,35.780394100000002
90214846,2016,2016-08-03,9420,2016-06-19,0800,019098,,7,1,9,1500,0,3,5,,2,510,"STRADLEY AVENUE","POND ROAD",0.00,,Y,A,-,N,,,,,,,,,,Y,3,0,3,2,A,-,09,21802,A,N,D,C,A,A,H,-,A,D,0,,,,,Y,,A,01,0,3,0,0,0,0,0,0,0,"- ","- ",35.717700000000001,-119.25866000000001,KERN,UNINCORPORATED,-119.25862999,35.717770010000002
90214902,2016,2016-07-01,9420,2016-06-26,1705,020501,,7,2,9,1500,0,1,3,,2,585,"SR-58 W/B","S. CHESTER AVE",500.00,W,N,A,-,Y,,,58,,,,,,W,Y,2,0,2,1,A,-,08,22107,,N,E,I,A,A,H,-,A,D,0,,,,,Y,,A,01,1,1,0,0,0,0,0,0,0,"- ","- ",35.352820000000001,-119.02615,KERN,UNINCORPORATED,-119.02615025999999,35.352747839999999
90214920,2016,2016-07-01,9420,2016-06-26,1200,018068,,7,1,9,1500,0,3,5,,2,672,"CALIENTE BODFISH RD","BEALVILLE RD",4224.00,W,N,A,-,N,,,,,,,,,,N,3,0,1,2,A,-,05,21460,A,N,B,C,A,A,H,-,A,D,0,,,Y,,Y,,D,22,0,1,0,0,0,0,0,0,1,"- ","- ",35.290799999999997,-118.6403,KERN,UNINCORPORATED,-118.61790670000001,35.293330779999998
90214946,2016,2017-05-03,9420,2016-06-29,0800,019466,,3,1,9,1500,0,3,5,,2,310,"BURLANDO ROAD","BIG BLUE MINE ROAD",1584.00,N,N,A,-,N,,,,,,,,,,Y,4,0,1,1,A,-,08,22107,,N,E,I,A,A,H,-,A,D,0,,,,,Y,,A,01,0,0,1,0,0,0,0,0,0,"- ","- ",35.72983,-118.42973000000001,KERN,UNINCORPORATED,-118.42940211,35.730217170000003