CASE_ID,ACCIDENT_YEAR,PROC_DATE,JURIS,COLLISION_DATE,COLLISION_TIME,OFFICER_ID,REPORTING_DISTRICT,DAY_OF_WEEK,CHP_SHIFT,POPULATION,CNTY_CITY_LOC,SPECIAL_COND,BEAT_TYPE,CHP_BEAT_TYPE,CITY_DIVISION_LAPD,CHP_BEAT_CLASS,BEAT_NUMBER,PRIMARY_RD,SECONDARY_RD,DISTANCE,DIRECTION,INTERSECTION,WEATHER_1,WEATHER_2,STATE_HWY_IND,CALTRANS_COUNTY,CALTRANS_DISTRICT,STATE_ROUTE,ROUTE_SUFFIX,POSTMILE_PREFIX,POSTMILE,LOCATION_TYPE,RAMP_INTERSECTION,SIDE_OF_HWY,TOW_AWAY,COLLISION_SEVERITY,NUMBER_KILLED,NUMBER_INJURED,PARTY_COUNT,PRIMARY_COLL_FACTOR,PCF_CODE_OF_VIOL,PCF_VIOL_CATEGORY,PCF_VIOLATION,PCF_VIOL_SUBSECTION,HIT_AND_RUN,TYPE_OF_COLLISION,MVIW,PED_ACTION,ROAD_SURFACE,ROAD_COND_1,ROAD_COND_2,LIGHTING,CONTROL_DEVICE,CHP_ROAD_TYPE,PEDESTRIAN_ACCIDENT,BICYCLE_ACCIDENT,MOTORCYCLE_ACCIDENT,TRUCK_ACCIDENT,NOT_PRIVATE_PROPERTY,ALCOHOL_INVOLVED,STWD_VEHTYPE_AT_FAULT,CHP_VEHTYPE_AT_FAULT,COUNT_SEVERE_INJ,COUNT_VISIBLE_INJ,COUNT_COMPLAINT_PAIN,COUNT_PED_KILLED,COUNT_PED_INJURED,COUNT_BICYCLIST_KILLED,COUNT_BICYCLIST_INJURED,COUNT_MC_KILLED,COUNT_MC_INJURED,PRIMARY_RAMP,SECONDARY_RAMP,LATITUDE,LONGITUDE,COUNTY,CITY,POINT_X,POINT_Y
90279535,2016,2016-09-29,9420,2016-09-28,0620,015259,,3,1,9,1500,0,3,5,,2,672,"SOUTH COMANCHE DRIVE","MULLER ROAD",550.00,S,N,B,-,N,,,,,,,,,,Y,4,0,3,2,A,-,06,21751,,N,B,C,A,A,H,-,B,D,0,,,,,Y,,A,01,0,0,3,0,0,0,0,0,0,"- ","- ",35.323720000000002,-118.84426999999999,KERN,UNINCORPORATED,-118.84309012,35.324031079999997
90279552,2016,2016-09-29,9420,2016-09-29,0710,014811,,4,1,9,1500,0,3,5,,2,671,"MALAGA ROAD","MOUNTAIN VIEW ROAD",672.00,S,N,A,-,N,,,,,,,,,,Y,4,0,1,1,A,-,03,22350,,N,E,I,A,A,H,-,A,D,0,,,,,Y,,A,07,0,0,1,0,0,0,0,0,0,"- ","- ",35.285890000000002,-118.86207,KERN,UNINCORPORATED,-118.86067367,35.279936309999997
90280755,2016,2016-09-30,9420,2016-09-23,1450,019316,,5,2,9,1500,0,3,5,,2,550,"WILDWOOD ROAD","KIMBERLINA ROAD",0.00,,Y,A,-,N,,,,,,,,,,Y,2,0,1,2,A,-,12,22450,A,N,D,C,A,A,H,-,A,A,0,,,,Y,Y,,G,26,1,0,0,0,0,0,0,0,0,"- ","- ",35.559350000000002,-119.38284,KERN,UNINCORPORATED,-119.43869995999999,35.557780059999999
90280941,2016,2016-09-30,9420,2016-09-23,1015,018643,,5,1,9,1500,0,2,4,,1,051,"NORTH CHESTER AVENUE","JUSTINE STREET",110.00,S,N,A,-,N,,,,,,,,,,N,4,0,1,2,A,-,08,22100,A,N,B,C,A,A,H,-,A,D,0,,,,,Y,,D,22,0,0,1,0,0,0,0,0,0,"- ","- ",35.420090000000002,-119.02132,KERN,UNINCORPORATED,-119.02126,35.420128290000001
90280993,2016,2016-09-30,9420,2016-09-29,0750,015259,,4,1,9,1500,0,1,3,,2,585,"STATE ROUTE-58 WESTBOUND","STATE ROUTE-99",475.00,W,N,A,-,Y,,,58,,,,,,W,Y,4,0,3,3,A,-,03,22350,,N,C,C,A,A,H,-,A,D,0,,,,,Y,,D,22,0,0,3,0,0,0,0,0,0,"- ","- ",35.35284,-119.0412,KERN,UNINCORPORATED,-119.04120018,35.352805949999997
90281204,2016,2016-09-30,9426,2016-09-24,1430,019206,,6,2,9,1500,0,1,1,,2,506,"INTERSTATE 5 S/B","HERRING RD",3696.00,S,N,A,-,Y,,,5,,,,,,S,Y,3,0,1,1,A,-,08,22107,,N,F,I,A,A,H,-,A,D,0,,,,,Y,,A,01,0,1,0,0,0,0,0,0,0,"- ","- ",35.142740000000003,-119.09010000000001,KERN,UNINCORPORATED,-119.09011906000001,35.142718909999999
90281218,2016,2016-09-30,9426,2016-09-28,1645,019206,,3,2,9,1500,0,1,3,,1,118,"STATE ROUTE 119","SUNRIDGE AVE",0.00,,Y,A,-,Y,,,119,,,,,,,Y,4,0,1,2,A,-,03,22350,,N,C,C,A,A,H,-,A,D,0,,,,,Y,,A,01,0,0,1,0,0,0,0,0,0,"- ","- ",35.224229999999999,-119.38326000000001,KERN,UNINCORPORATED,-119.38328679999999,35.22427012
90281298,2016,2016-09-30,9420,2016-09-27,1516,017560,,2,2,9,1500,0,1,3,,1,176,"SR-178 E/B","OSWELL ST.",545.00,W,N,A,-,Y,,,,,,,,,,Y,4,0,1,1,A,-,08,22107,,N,E,I,A,A,H,-,A,D,0,,,,,Y,,D,22,0,0,1,0,0,0,0,0,0,"- ","- ",35.396129999999999,-118.95538000000001,KERN,UNINCORPORATED,-118.95173585000001,35.396220970000002
90281850,2016,2016-10-03,9420,2016-09-22,1140,015261,,4,1,9,1500,0,3,5,,2,530,"MERCED AVENUE","SHAFTER AVE.",349.00,E,N,A,-,N,,,,,,,,,,Y,4,0,1,1,A,-,01,23152,A,N,F,A,A,A,H,-,A,D,0,,,,,Y,Y,A,01,0,0,1,0,0,0,0,0,0,"- ","- ",35.529130000000002,-119.27598999999999,KERN,UNINCORPORATED,-119.27667833,35.529155269999997
90281876,2016,2016-10-03,9420,2016-09-25,0200,020501,,7,3,9,1500,0,3,5,,2,671,"BUENA VISTA BLVD","S. VINELAND RD",1285.00,W,N,A,-,N,,,,,,,,,,Y,3,0,1,1,A,-,01,23152,A,N,F,A,A,A,H,-,D,D,0,,,,,Y,Y,A,07,0,1,0,0,0,0,0,0,0,"- ","- ",35.2378,-118.90058000000001,KERN,UNINCORPORATED,-118.90049724000001,35.23789369
90282459,2016,2016-10-03,9420,2016-09-20,1605,019531,,2,2,9,1500,0,2,4,,1,075,"SOUTH UNION AVENUE","BELLE TERRACE",300.00,S,N,A,-,N,,,,,,,,,,N,3,0,1,2,A,-,05,21202,A,M,D,G,A,A,H,-,A,D,0,,Y,,,Y,Y,L,04,0,1,0,0,0,0,1,0,0,"- ","- ",35.344940000000001,-119.00274,KERN,UNINCORPORATED,-119.00311000000001,35.345876920000002
90282569,2016,2016-10-03,9420,2016-09-24,0650,018307,,6,1,9,1500,0,3,5,,2,520,"DRIVER ROAD","SHERWOOD AVENUE",0.00,,Y,A,-,N,,,,,,,,,,N,4,0,1,2,A,-,09,21802,A,N,D,C,A,A,H,-,A,A,0,,,,,Y,,A,01,0,0,1,0,0,0,0,0,0,"- ","- ",35.674579999999999,-119.20469,KERN,UNINCORPORATED,-119.20471996000001,35.674600099999999
90282638,2016,2016-10-03,9420,2016-09-26,1930,019531,,1,2,9,1500,0,2,4,,1,071,"MOUNT VERNON AVENUE","FLOWER STREET",30.00,S,N,A,-,N,,,,,,,,,,Y,4,0,1,3,A,-,03,22350,,N,C,C,A,A,H,-,C,A,0,,,,,Y,,D,22,0,0,1,0,0,0,0,0,0,"- ","- ",35.381,-118.96753,KERN,UNINCORPORATED,-118.96754,35.380887690000002
90282650,2016,2016-10-03,9420,2016-09-27,1703,017560,,2,2,9,1500,0,2,4,,1,071,"OSWELL STREET","VIRGINA AVE.",500.00,N,N,A,-,N,,,,,,,,,,N,4,0,3,3,A,-,03,22350,,N,C,C,A,A,H,-,A,A,0,,,,,Y,,D,22,0,0,3,0,0,0,0,0,0,"- ","- ",35.363039999999998,-118.94983000000001,KERN,UNINCORPORATED,-118.94986641,35.362781859999998
90282692,2016,2016-10-03,9420,2016-09-27,1005,015261,,2,1,9,1500,0,1,3,,1,462,SR-46,"BEECH AVE.",150.00,E,N,A,-,Y,,,46,,,,,,,Y,4,0,3,3,A,-,03,22350,,N,C,C,A,A,H,-,A,D,0,,,,Y,Y,,A,01,0,0,3,0,0,0,0,0,0,"- ","- ",35.601849999999999,-119.25839000000001,KERN,UNINCORPORATED,-119.25838988,35.601820359999998
90282953,2016,2016-10-04,9420,2016-09-20,2000,019531,,2,2,9,1500,0,3,5,,2,672,"WHITE LANE","SOUTH UNION AVENUE",200.00,W,N,A,-,N,,,,,,,,,,Y,3,0,1,2,A,-,09,21804,A,F,C,C,A,A,H,-,D,D,0,,,Y,,Y,,A,01,0,1,0,0,0,0,0,0,1,"- ","- ",35.317900000000002,-119.00564,KERN,UNINCORPORATED,-119.00379956,35.317749999999997
90282954,2016,2016-10-04,9420,2016-09-22,2500,017560,,4,4,9,1500,0,3,5,,2,070,"JADE AVE.","CASTLE DR",55.00,N,N,A,-,N,,,,,,,,,,N,3,0,1,2,A,-,21,22106,,F,G,B,E,A,H,-,A,D,0,Y,,,,Y,,-,99,0,1,0,0,1,0,0,0,0,"- ","- ",35.387070000000001,-118.95372999999999,KERN,UNINCORPORATED,-118.95376023999999,35.38714676
90283054,2016,2016-10-04,9420,2016-09-29,0825,014770,,4,1,9,1500,0,3,5,,2,530,"ORANGE ST.","POPLAR AVE.",0.00,,Y,A,-,N,,,,,,,,,,Y,3,0,1,2,A,-,09,21802,A,N,D,C,A,A,H,-,A,A,0,,,,,Y,,A,01,0,1,0,0,0,0,0,0,0,"- ","- ",35.284109999999998,-119.1747,KERN,UNINCORPORATED,-119.29636992,35.478110020000003
90283065,2016,2016-10-04,9420,2016-09-28,1620,015896,,3,2,9,1500,0,1,3,,2,094,"SR-99 N/B","PANAMA LN",5280.00,S,N,F,G,Y,,,,,,,,,,Y,4,0,1,3,A,-,03,22350,,N,C,C,A,A,H,-,A,D,0,,,,,Y,,A,01,0,0,1,0,0,0,0,0,0,"- ","- ",35.292000000000002,-119.0294,KERN,UNINCORPORATED,-119.03033000000001,35.295830000000002
90283077,2016,2016-10-04,9420,2016-09-28,1615,015896,,3,2,9,1500,0,1,3,,2,094,"SR-99 N/B","PANAMA LN",5280.00,S,N,F,G,Y,,,,,,,,,,Y,4,0,3,4,A,-,03,22350,,N,C,C,A,A,H,-,A,D,0,,,,,Y,,D,22,0,0,3,0,0,0,0,0,0,"- ","- ",35.292000000000002,-119.0294,KERN,UNINCORPORATED,-119.03033000000001,35.295830000000002
90283238,2016,2016-10-04,9420,2016-09-24,0910,018643,,6,1,9,1500,0,3,5,,2,070,"WEBSTER STREET","CENTER STREET",0.00,,Y,A,-,N,,,,,,,,,,N,4,0,1,2,A,-,09,21802,A,N,D,C,A,A,H,-,A,D,0,,,,,Y,,D,22,0,0,1,0,0,0,0,0,0,"- ","- ",35.372199999999999,-118.9631,KERN,UNINCORPORATED,-118.96305002,35.372200040000003
90283341,2016,2017-04-17,9430,2016-09-07,1540,018397,,3,2,9,1500,0,2,4,,1,024,"MIL POTRERO HWY","WARD DRIVE",1584.00,W,N,A,-,N,,,,,,,,,,Y,1,1,1,2,A,-,03,22350,,N,A,C,A,A,H,-,A,D,0,,,,,Y,,D,22,0,0,1,0,0,0,0,0,0,"- ","- ",34.851460000000003,-119.14333000000001,KERN,UNINCORPORATED,-119.14359238,34.8512263
90283356,2016,2016-11-07,9420,2016-09-05,0102,019442,,1,3,9,1500,0,3,5,,2,530,"POPLAR AVENUE","SAN DIEGO STREET",364.00,S,N,A,-,N,,,,,,,,,,Y,1,1,0,1,A,-,01,23152,A,N,F,A,A,A,H,-,D,D,0,,,,,Y,Y,D,22,0,0,0,0,0,0,0,0,0,"- ","- ",35.461590000000001,-119.29649000000001,KERN,UNINCORPORATED,-119.29653809,35.462601030000002
90283362,2016,2016-10-04,9420,2016-09-19,2333,018117,,1,3,9,1500,0,3,5,,2,050,"ANN ARBOR ST","FRANCIS ST",11.00,W,N,A,-,N,,,,,,,,,,N,3,0,1,2,A,-,21,22106,,N,G,B,E,A,H,-,C,D,0,Y,,,,Y,,D,22,0,1,0,0,1,0,0,0,0,"- ","- ",,,KERN,UNINCORPORATED,-119.03638591000001,35.422281470000001
90283482,2016,2016-10-04,9426,2016-09-24,0400,018633,,6,3,9,1500,0,1,3,,1,460,"SR-46 E/B","BITTERWATER VALLEY RD",1056.00,E,N,A,-,Y,,,46,,,,,,E,Y,2,0,3,1,A,-,08,22107,,N,F,A,A,A,H,-,D,D,0,,,,,Y,,A,07,1,2,0,0,0,0,0,0,0,"- ","- ",35.614429999999999,-119.9179,KERN,UNINCORPORATED,-119.91790161999999,35.614711409999998
90283556,2016,2016-10-04,9420,2016-09-28,0755,014811,,3,1,9,1500,0,3,5,,2,671,"HALL ROAD","SAN DIEGO STREET",5.00,E,N,A,-,N,,,,,,,,,,N,3,0,2,3,A,-,17,2815,,N,G,B,B,A,H,-,A,A,0,Y,,,,Y,,A,01,0,1,1,0,2,0,0,0,0,"- ","- ",35.261339999999997,-118.91825,KERN,UNINCORPORATED,-118.91879328,35.259640150000003
90283786,2016,2016-10-04,9426,2016-09-20,0630,017321,,2,1,9,1500,0,1,1,,2,502,"I-5 S/B","7TH STANDARD RD",1056.00,S,N,A,-,Y,,,5,,,,,,S,Y,3,0,1,1,A,-,08,22107,,N,F,A,A,A,H,-,A,D,0,,,,,Y,,A,01,0,1,0,0,0,0,0,0,0,"- ","- ",35.439660000000003,-119.45277,KERN,UNINCORPORATED,-119.45301421000001,35.439322079999997
90283820,2016,2016-10-04,9420,2016-09-28,1340,015261,,3,1,9,1500,0,3,5,,2,510,"MELCHER ROAD","SCHUSTER RD.",0.00,,Y,A,-,N,,,,,,,,,,Y,4,0,3,2,A,-,12,22450,A,N,D,C,A,A,H,-,A,A,0,,,,Y,Y,,F,26,0,0,3,0,0,0,0,0,0,"- ","- ",35.731909999999999,-119.27615,KERN,UNINCORPORATED,-119.27624999,35.732290050000003
90283841,2016,2016-10-04,9426,2016-09-26,1403,015472,,1,2,9,1500,0,3,5,,2,080,"TUPMAN RD",SR-119,4752.00,N,N,A,-,N,,,,,,,,,,Y,3,0,1,2,A,-,09,21801,A,N,D,C,A,A,H,-,A,A,0,,,,,Y,,M,44,0,1,0,0,0,0,0,0,0,"- ","- ",35.275500000000001,-119.3214,KERN,UNINCORPORATED,-119.32102413,35.275022120000003
90284451,2016,2016-10-05,9420,2016-10-02,0325,018307,,7,3,6,1502,0,1,3,,2,093,"SR-99 SOUTHBOUND","CALIFORNIA AVENUE",600.00,N,N,A,-,Y,,,99,,,,,,S,Y,4,0,1,2,A,-,01,23152,A,N,C,C,A,A,H,-,D,D,0,,,,Y,Y,Y,A,01,0,0,1,0,0,0,0,0,0,"- ","- ",35.366579999999999,-119.04125999999999,KERN,BAKERSFIELD,-119.04119310999999,35.366609570000001
90284515,2016,2016-10-05,9830,2016-10-01,0935,019332,,6,1,9,1500,0,3,5,,2,003,"65TH STREET WEST","FELSITE AVE",0.00,,Y,A,-,N,,,,,,,,,,N,4,0,1,2,B,-,22,,,N,D,C,A,A,A,H,A,D,0,,,Y,,Y,,C,02,0,0,1,0,0,0,0,0,1,"- ","- ",34.878419999999998,-118.24697,KERN,UNINCORPORATED,-118.24701369,34.871107619999997
90284637,2016,2016-10-05,9420,2016-10-03,0615,014770,,1,1,9,1500,0,2,4,,2,074,"PANAMA RD.","S. FAIRFAX RD.",0.00,,Y,A,-,N,,,,,,,,,,Y,3,0,3,2,A,-,12,22450,A,N,D,C,A,A,H,-,B,A,0,,,,,Y,,A,08,0,2,1,0,0,0,0,0,0,"- ","- ",35.16075,-118.5556,KERN,UNINCORPORATED,-118.93213009,35.266970090000001
90284892,2016,2016-10-05,9420,2016-09-28,1605,019316,,3,2,9,1500,0,2,4,,1,077,"SOUTH FAIRFAX ROAD","HERMOSA ROAD",1320.00,S,N,B,F,N,,,,,,,,,,Y,2,0,3,3,A,-,03,22350,,N,C,C,A,A,H,-,A,D,0,,,,,Y,,A,08,1,1,1,0,0,0,0,0,0,"- ","- ",35.309609999999999,-118.91249000000001,KERN,UNINCORPORATED,-118.93206005,35.30696829
90285280,2016,2016-10-06,9426,2016-09-22,0505,018919,,4,3,9,1500,0,1,3,,1,461,SR-46,"GUN CLUB RD",1056.00,E,N,A,-,Y,,,46,,,,,,,Y,3,0,1,3,A,-,08,22107,,N,B,C,A,A,H,-,D,D,0,,,,Y,Y,,A,01,0,1,0,0,0,0,0,0,0,"- ","- ",35.601080000000003,-119.50515,KERN,UNINCORPORATED,-119.50514977,35.601051290000001
90285476,2016,2016-10-17,9430,2016-09-23,2300,018721,,5,3,9,1500,0,1,1,,2,053,"I-5 N/B (GOLDEN STATE FREEWAY)","GRAPEVINE RD",14256.00,S,N,A,-,Y,,,5,,,,,,N,Y,4,0,1,2,A,-,03,22350,,N,C,C,A,A,H,-,D,D,0,,,,Y,Y,,G,25,0,0,1,0,0,0,0,0,0,"- ","- ",34.905769999999997,-118.92337999999999,KERN,UNINCORPORATED,-118.92350254999999,34.905752200000002
90285586,2016,2016-10-06,9426,2016-09-22,1355,014850,,4,1,9,1500,0,1,3,,1,461,SR-46,"MCCOMBS ROAD",1056.00,E,N,A,-,Y,,,46,,,,,,,Y,3,0,1,1,A,-,08,22107,,N,E,I,A,A,H,-,A,D,0,,,,,Y,,A,01,0,1,0,0,0,0,0,0,0,"- ","- ",35.614370000000001,-119.58915,KERN,UNINCORPORATED,-119.58907508,35.614509920000003
90285604,2016,2016-10-06,9426,2016-09-28,1640,015472,,3,2,9,1500,0,1,1,,2,504,"I-5 S/B",SR-119,1200.00,N,N,F,G,Y,,,5,,,,,,S,Y,4,0,3,3,C,-,18,,,N,C,C,A,A,H,-,A,A,0,,,,,Y,,-,"- ",0,0,3,0,0,0,0,0,0,"- ","- ",35.270099999999999,-119.22799999999999,KERN,UNINCORPORATED,-119.22801837,35.270080350000001
90285737,2016,2016-10-06,9426,2016-09-29,1925,018023,,4,2,9,1500,0,1,1,,2,504,"I-5 N/B","STATION RD",1416.00,N,N,A,-,Y,,,5,,,,,,N,Y,4,0,2,2,A,-,08,22107,,N,C,C,A,A,H,-,D,D,0,,,,Y,Y,,A,01,0,0,2,0,0,0,0,0,0,"- ","- ",35.33417,-119.30701000000001,KERN,UNINCORPORATED,-119.30680787,35.334454940000001
90285806,2016,2016-10-06,9426,2016-10-01,0820,016804,,6,1,9,1500,0,1,3,,2,581,SR-58,"LOKERN RD.",35904.00,W,N,A,-,Y,,,58,,,,,,,Y,3,0,1,1,A,-,03,22350,,N,F,A,A,A,H,-,A,A,0,,,Y,,Y,,C,02,0,1,0,0,0,0,0,0,1,"- ","- ",35.325699999999998,-119.6152,KERN,UNINCORPORATED,-119.61524231,35.325833119999999
90286032,2016,2016-10-06,9426,2016-10-02,1225,016921,,7,1,9,1500,0,1,1,,2,500,"I-5 S/B","TWISSELMAN RD",7392.00,S,N,A,-,Y,,,5,,,,,,S,Y,4,0,2,1,A,-,08,22107,,N,F,A,A,A,H,-,A,D,0,,,,,Y,,A,07,0,0,2,0,0,0,0,0,0,"- ","- ",35.714210000000001,-119.72659,KERN,UNINCORPORATED,-119.72645194,35.714312790000001
90286112,2016,2016-10-06,9430,2016-10-05,2500,018721,,3,4,9,1500,0,2,4,,1,024,"HUDSON RANCH ROAD","CERRO NOROESTE RD",34320.00,W,N,A,-,N,,,,,,,,,,Y,4,0,1,1,A,-,08,22107,,N,E,I,A,A,H,-,D,D,0,,,,,Y,Y,A,07,0,0,1,0,0,0,0,0,0,"- ","- ",34.871389999999998,-118.30582,KERN,UNINCORPORATED,-119.3059811,34.87131961
90286296,2016,2016-10-07,9420,2016-09-28,1305,016767,,3,1,9,1500,0,1,3,,2,177,SR-178,"MOUTH OF CANYON",21120.00,E,N,A,-,Y,,,178,,,,,,,Y,4,0,1,1,A,-,08,22107,,N,F,A,A,A,H,-,A,D,0,,,Y,,Y,,C,02,0,0,1,0,0,0,0,0,1,"- ","- ",35.477260000000001,-118.75206,KERN,UNINCORPORATED,-118.75199259,35.477216939999998
90286353,2016,2016-10-07,9420,2016-09-28,0545,016828,,3,3,9,1500,0,1,3,,1,650,SR-65,"LERDO HIGHWAY",0.00,,Y,A,-,Y,,,65,,,,,,,Y,4,0,2,3,A,-,09,21801,A,N,D,C,A,A,H,-,B,A,0,,,,,Y,,A,07,0,0,2,0,0,0,0,0,0,"- ","- ",35.499200000000002,-119.0767,KERN,UNINCORPORATED,-119.07661533,35.499207140000003
90286481,2016,2016-10-07,9420,2016-09-30,0620,014811,,5,1,9,1500,0,3,5,,2,630,"OLD RIVER ROAD","MILLUX ROAD",0.00,,Y,A,-,N,,,,,,,,,,Y,3,0,2,2,A,-,05,21752,D,N,D,C,A,A,H,-,A,A,0,,,,,Y,,D,22,0,1,1,0,0,0,0,0,0,"- ","- ",35.18432,-119.11171,KERN,UNINCORPORATED,-119.11001002,35.180620019999999
90286487,2016,2016-10-07,9420,2016-09-30,1320,016613,,5,1,9,1500,0,3,5,,2,530,"7TH STANDARD ROAD","WASCO AVENUE",1584.00,W,N,A,-,N,,,,,,,,,,Y,3,0,1,1,A,-,01,23152,A,N,E,I,A,A,H,-,A,D,0,,,,,Y,Y,D,22,0,1,0,0,0,0,0,0,0,"- ","- ",35.442059999999998,-119.33763999999999,KERN,UNINCORPORATED,-119.33792237999999,35.441973590000003
90286514,2016,2016-10-07,9420,2016-09-30,0510,018932,,5,3,9,1500,0,1,3,,1,650,SR-65,SR-155,5280.00,N,N,A,-,Y,,,65,,,,,,,Y,2,0,4,1,A,-,08,22107,,N,F,A,A,A,H,-,D,D,0,,,,,Y,,A,07,1,1,2,0,0,0,0,0,0,"- ","- ",35.778970000000001,-119.05341,KERN,UNINCORPORATED,-119.05335943999999,35.778970319999999
90286529,2016,2016-10-07,9420,2016-09-30,0645,018030,,5,1,9,1500,0,1,3,,1,650,SR-65,SR-155,2640.00,N,N,A,-,Y,,,65,,,,,,,Y,4,0,1,2,A,-,03,22350,,N,C,C,A,A,H,-,A,D,0,,,,,Y,,A,07,0,0,1,0,0,0,0,0,0,"- ","- ",35.77028,-119.05324,KERN,UNINCORPORATED,-119.05329772,35.770279629999997
90286576,2016,2016-10-07,9420,2016-09-30,1305,018030,,5,1,9,1500,0,2,4,,1,052,"ROBERTS LN","NORTH CHESTER AVE",252.00,W,N,A,-,N,,,,,,,,,,Y,4,0,4,2,A,-,09,21804,A,N,A,C,A,A,H,-,A,D,0,,,,,Y,,A,01,0,0,4,0,0,0,0,0,0,"- ","- ",35.408659999999998,-119.02217,KERN,UNINCORPORATED,-119.02192460000001,35.408639999999998
90286766,2016,2016-10-07,9420,2016-10-01,0850,020163,,6,1,9,1500,0,3,5,,2,040,"RIVER BLVD.","COLUMBUS ST.",0.00,,Y,A,-,N,,,,,,,,,,Y,4,0,1,2,A,-,08,22107,,N,B,C,A,A,H,-,A,D,0,,,,,Y,,D,22,0,0,1,0,0,0,0,0,0,"- ","- ",35.397129999999997,-118.9854,KERN,UNINCORPORATED,-118.98518004,35.397520100000001
90286869,2016,2016-10-17,9420,2016-10-01,1850,019829,,6,2,9,1500,0,1,3,,2,584,"SR-58 E/B","S. UNION AVENUE",500.00,W,N,A,-,Y,,,,,,,,,,N,4,0,1,3,A,-,03,22350,,N,C,C,A,A,H,-,C,D,0,,,,,Y,,A,01,0,0,1,0,0,0,0,0,0,"- ","- ",35.352289999999996,-119.0068,KERN,UNINCORPORATED,,
90287403,2016,2016-10-10,9420,2016-09-28,1525,018626,,3,2,6,1502,0,1,3,,2,093,"SR-99 SOUTHBOUND","SR- 58 (ROSEDALE HWY)",1056.00,S,N,A,-,Y,,,99,,,,,,S,Y,4,0,2,5,A,-,03,22350,,N,C,C,A,A,H,-,A,D,0,,,,,Y,,D,22,0,0,2,0,0,0,0,0,0,"- ","- ",35.377549999999999,-119.04458,KERN,BAKERSFIELD,-119.04457604,35.377550120000002
90287422,2016,2016-10-10,9420,2016-10-01,1525,020304,,6,2,9,1500,0,1,3,,2,178,"STATE ROUTE 178","DELONEGHA RECREATIONAL AREA",600.00,W,N,A,-,Y,,,178,,,,,,,Y,4,0,2,1,C,-,18,,,N,F,A,A,A,H,-,A,D,0,,,Y,,Y,,-,"- ",0,0,2,0,0,0,0,0,2,"- ","- ",35.558860000000003,-118.60941,KERN,UNINCORPORATED,-118.60942811,35.559053319999997
90287429,2016,2016-10-10,9420,2016-10-01,1515,020501,,6,2,9,1500,0,2,4,,1,071,"FAIRFAX RD","PIONEER DR",150.00,S,N,A,-,N,,,,,,,,,,Y,3,0,1,2,A,-,09,21804,A,N,A,C,A,A,H,-,A,D,0,,,,,Y,,A,01,0,1,0,0,0,0,0,0,0,"- ","- ",35.368319999999997,-118.93195,KERN,UNINCORPORATED,-118.93195,35.368358530000002
90287438,2016,2016-10-10,9420,2016-10-01,1905,020501,,6,2,9,1500,0,3,5,,2,070,"VIRGINIA AVE","QUANTICO AVE",60.00,E,N,A,-,N,,,,,,,,,,N,3,0,1,2,A,-,11,21954,A,N,G,B,D,A,H,-,D,D,0,Y,,,,Y,,N,60,0,1,0,0,1,0,0,0,0,"- ","- ",35.361339999999998,-118.95838999999999,KERN,UNINCORPORATED,-118.95840908,35.361353690000001
90287476,2016,2016-10-10,9830,2016-09-28,1443,015116,,3,2,9,1500,0,1,3,,2,012,"STATE ROUTE 58 E/B","TEHACHAPI WILLOW SPRINGS RD",195.00,E,N,B,-,Y,,,58,,,,,,E,Y,3,0,3,2,A,-,03,22350,,N,C,C,A,A,H,-,A,D,0,,,,,Y,,E,22,0,2,1,0,0,0,0,0,0,"- ","- ",35.119900000000001,-118.39570000000001,KERN,UNINCORPORATED,-118.39570055999999,35.119897880000003
90287564,2016,2016-10-10,9420,2016-10-01,1810,019184,,6,2,9,1500,0,1,3,,2,584,"SR-58 E/B","UNION AVE.",1200.00,W,N,A,-,Y,,,,,,,,,,N,4,0,1,3,A,-,03,22350,,N,C,C,A,A,H,-,B,D,0,,,,,Y,,A,01,0,0,1,0,0,0,0,0,0,"- ","- ",35.352330000000002,-119.0072,KERN,UNINCORPORATED,,
90287861,2016,2016-10-10,9420,2016-09-02,0700,019856,,5,1,9,1500,0,2,4,,1,052,"NORRIS ROAD (1500 BLOCK)","MELODY LANE",90.00,W,N,A,-,N,,,,,,,,,,Y,1,1,0,2,A,-,09,21801,A,N,D,C,A,A,H,-,B,D,0,,,Y,Y,Y,,C,02,0,0,0,0,0,0,0,1,0,"- ","- ",35.419600000000003,-119.05202,KERN,UNINCORPORATED,-119.05221169000001,35.419611119999999
90288077,2016,2016-10-10,9420,2016-10-01,0805,018068,,6,1,9,1500,0,1,3,,2,096,"SR-99 N/B","DAVID RD",920.00,S,N,A,-,Y,,,99,,,,,,N,Y,3,0,2,2,A,-,03,22350,,N,C,C,A,A,H,-,A,D,0,,,,Y,Y,,F,26,0,2,0,0,0,0,0,0,0,"- ","- ",35.091900000000003,-118.9785,KERN,UNINCORPORATED,-118.97853024,35.091890790000001
90288099,2016,2017-01-03,9420,2016-09-30,2241,019442,,5,3,9,1500,0,1,3,,2,093,"SR-99 S/B","SR-58 (ROSEDALE HWY.)",528.00,S,N,A,-,Y,,,,,,,,,,N,4,0,2,2,A,-,07,21658,A,N,C,C,A,A,H,-,C,D,0,,,,,Y,,A,07,0,0,2,0,0,0,0,0,0,"- ","- ",35.378489999999999,-119.04464,KERN,UNINCORPORATED,,
90288134,2016,2016-10-10,9420,2016-10-01,2312,019686,,6,3,9,1500,0,2,4,,1,071,"FAIRFAX ROAD","NILES STREET",0.00,,Y,A,-,N,,,,,,,,,,Y,3,0,1,2,A,-,12,21453,A,N,D,C,A,A,H,-,C,A,0,,,,,Y,,D,22,0,1,0,0,0,0,0,0,0,"- ","- ",35.375779999999999,-118.93174999999999,KERN,UNINCORPORATED,-118.93204007999999,35.376240009999997