CASE_ID,ACCIDENT_YEAR,PROC_DATE,JURIS,COLLISION_DATE,COLLISION_TIME,OFFICER_ID,REPORTING_DISTRICT,DAY_OF_WEEK,CHP_SHIFT,POPULATION,CNTY_CITY_LOC,SPECIAL_COND,BEAT_TYPE,CHP_BEAT_TYPE,CITY_DIVISION_LAPD,CHP_BEAT_CLASS,BEAT_NUMBER,PRIMARY_RD,SECONDARY_RD,DISTANCE,DIRECTION,INTERSECTION,WEATHER_1,WEATHER_2,STATE_HWY_IND,CALTRANS_COUNTY,CALTRANS_DISTRICT,STATE_ROUTE,ROUTE_SUFFIX,POSTMILE_PREFIX,POSTMILE,LOCATION_TYPE,RAMP_INTERSECTION,SIDE_OF_HWY,TOW_AWAY,COLLISION_SEVERITY,NUMBER_KILLED,NUMBER_INJURED,PARTY_COUNT,PRIMARY_COLL_FACTOR,PCF_CODE_OF_VIOL,PCF_VIOL_CATEGORY,PCF_VIOLATION,PCF_VIOL_SUBSECTION,HIT_AND_RUN,TYPE_OF_COLLISION,MVIW,PED_ACTION,ROAD_SURFACE,ROAD_COND_1,ROAD_COND_2,LIGHTING,CONTROL_DEVICE,CHP_ROAD_TYPE,PEDESTRIAN_ACCIDENT,BICYCLE_ACCIDENT,MOTORCYCLE_ACCIDENT,TRUCK_ACCIDENT,NOT_PRIVATE_PROPERTY,ALCOHOL_INVOLVED,STWD_VEHTYPE_AT_FAULT,CHP_VEHTYPE_AT_FAULT,COUNT_SEVERE_INJ,COUNT_VISIBLE_INJ,COUNT_COMPLAINT_PAIN,COUNT_PED_KILLED,COUNT_PED_INJURED,COUNT_BICYCLIST_KILLED,COUNT_BICYCLIST_INJURED,COUNT_MC_KILLED,COUNT_MC_INJURED,PRIMARY_RAMP,SECONDARY_RAMP,LATITUDE,LONGITUDE,COUNTY,CITY,POINT_X,POINT_Y
90314578,2016,2016-11-08,9426,2016-11-07,1550,016804,,1,2,9,1500,0,1,3,,1,460,"SR-46 W/B","I-5 S/B",120.00,W,N,A,-,Y,,,46,,,,,,W,N,4,0,1,2,A,-,03,22350,,F,C,C,A,A,H,-,A,A,0,,,,,Y,,-,99,0,0,1,0,0,0,0,0,0,"- ","- ",35.616219999999998,-119.65514,KERN,UNINCORPORATED,-119.65513946999999,35.616202989999998
90314793,2016,2016-11-09,9420,2016-10-28,2223,018524,,5,3,9,1500,0,2,4,,1,072,"NILES STREET","CAMINO PRIMAVERA",0.00,,N,A,-,N,,,,,,,,,,Y,3,0,2,3,A,-,01,23152,A,F,C,E,A,A,H,-,C,D,0,,,,,Y,Y,A,01,0,1,1,0,0,0,0,0,0,"- ","- ",35.375770000000003,-118.96510000000001,KERN,UNINCORPORATED,-118.96302000999999,35.37581007
90314882,2016,2016-11-09,9830,2016-11-01,0730,019872,,2,1,9,1500,0,1,3,,1,015,SR-202,"SANTA LUCIA ST",0.00,,Y,B,-,Y,,,202,,,,,,,N,4,0,1,2,A,-,09,21802,A,N,D,C,A,A,H,-,A,A,0,,,,,Y,,A,01,0,0,1,0,0,0,0,0,0,"- ","- ",35.124299999999998,-118.49047,KERN,UNINCORPORATED,-118.49047,35.124283579999997
90315138,2016,2016-11-09,9830,2016-11-01,0135,019977,,2,3,9,1500,0,3,5,,2,003,"SILVER QUEEN RD","HOLT ST",5280.00,E,N,A,-,N,,,,,,,,,,Y,4,0,1,1,A,-,08,22107,,N,E,I,A,A,H,-,D,D,0,,,,,Y,,A,01,0,0,1,0,0,0,0,0,0,"- ","- ",34.495069999999998,-118.17771999999999,KERN,UNINCORPORATED,-118.16841771,34.995206719999999
90315251,2016,2016-11-09,9420,2016-11-03,1702,019856,,4,2,9,1500,0,2,4,,1,072,"NILES STREET","LYNWOOD STREET",0.00,,Y,A,-,N,,,,,,,,,,Y,4,0,2,2,A,-,09,21802,A,N,A,C,A,A,H,-,A,A,0,,,,,Y,,A,07,0,0,2,0,0,0,0,0,0,"- ","- ",35.376089999999998,-118.929,KERN,UNINCORPORATED,-118.92899014,35.376260029999997
90315362,2016,2016-11-09,9830,2016-11-06,1730,014565,,7,2,9,1500,0,1,3,,1,040,"SR-14 N/B","PROTEUS RD & MINARD TRAIL",0.00,,Y,A,-,Y,,,14,,,,,,N,Y,2,0,2,2,A,-,08,22107,,N,D,C,A,A,H,-,D,A,0,,,,,Y,,A,01,2,0,0,0,0,0,0,0,0,"- ","- ",35.076839999999997,-118.16631,KERN,UNINCORPORATED,-118.16627815,35.076804379999999
90315499,2016,2016-11-09,9420,2016-11-08,1240,017146,,2,1,9,1500,0,2,4,,2,031,"LAKE ISABELLA BLVD.","YOUNG AVE.",0.00,,Y,A,-,N,,,,,,,,,,Y,4,0,2,2,A,-,03,22350,,N,C,C,A,A,H,-,A,D,0,,,,,Y,,A,01,0,0,2,0,0,0,0,0,0,"- ","- ",35.604170000000003,-118.48621,KERN,UNINCORPORATED,-118.48607001000001,35.60456009
90315502,2016,2016-11-09,9420,2016-11-03,1215,014770,,4,1,9,1500,0,2,4,,1,077,"S. FAIRFAX RD.","MORRO DR.",100.00,N,N,A,-,N,,,,,,,,,,N,4,0,1,2,A,-,03,22350,,N,C,C,A,A,H,-,A,D,0,,,,,Y,,A,01,0,0,1,0,0,0,0,0,0,"- ","- ",35.205849999999998,-118.55546,KERN,UNINCORPORATED,-118.93205,35.349124179999997
90315550,2016,2016-11-09,9420,2016-10-28,1850,019856,,5,2,9,1500,0,1,3,,2,584,"SR-58 E/B TO COTTONWOOD ROAD","COTTONWOOD ROAD",75.00,W,N,B,-,Y,,,58,,,,R,,E,Y,3,0,4,3,A,-,03,22350,,M,C,C,A,A,H,-,C,A,0,,,,,Y,,A,08,0,1,3,0,0,0,0,0,0,"- ","- ",35.351970000000001,-118.98586,KERN,UNINCORPORATED,-118.98586,35.351970000000001
90315585,2016,2016-11-09,9420,2016-11-08,1725,019829,,2,2,9,1500,0,2,4,,1,071,"OSWELL STREET","POTOMAC AVENUE",500.00,S,N,A,-,N,,,,,,,,,,N,4,0,2,2,A,-,03,22350,,N,C,C,A,A,H,-,C,D,0,,,,,Y,,A,08,0,0,2,0,0,0,0,0,0,"- ","- ",35.363050000000001,-118.94987,KERN,UNINCORPORATED,-118.94986568,35.363608829999997
90315902,2016,2016-11-10,9420,2016-10-25,0623,012768,,2,1,9,1500,0,3,5,,2,540,"WHISLER ROAD","SR-99 N/B",1584.00,E,N,A,-,N,,,,,,,,,,Y,3,0,2,2,A,-,09,21801,A,N,B,C,A,A,H,-,B,D,0,,,,,Y,,D,22,0,1,1,0,0,0,0,0,0,"- ","- ",35.390360000000001,-119.0124,KERN,UNINCORPORATED,-119.21483963999999,35.645474610000001
90315906,2016,2016-11-10,9830,2016-11-04,2335,017645,,5,3,9,1500,0,1,3,,1,022,"SR-58 E/B","TWENTY MULE TEAM RD",7920.00,W,N,A,-,Y,,,58,,,,,,E,Y,4,0,1,1,A,-,17,21711,,N,E,I,A,A,H,-,D,D,0,,,,,Y,,E,22,0,0,1,0,0,0,0,0,0,"- ","- ",35.003129999999999,-117.7901,KERN,UNINCORPORATED,-117.79009449,35.00321142
90315934,2016,2016-11-10,9420,2016-11-03,0820,018030,,4,1,9,1500,0,2,4,,1,064,"OLIVE DR","ROBERTS LN",0.00,,Y,A,-,N,,,,,,,,,,Y,3,0,2,2,A,-,12,21453,A,N,D,C,A,A,H,-,A,A,0,,,,,Y,,A,01,0,1,1,0,0,0,0,0,0,"- ","- ",35.283279999999998,-119.6651,KERN,UNINCORPORATED,-119.04860013,35.412400050000002
90316540,2016,2017-01-12,9420,2016-11-07,1510,015896,,1,2,9,1500,0,1,3,,2,431,"SR-43 (ENOS LN)","SEVENTH STANDARD RD",0.00,,Y,A,-,Y,,,43,,,,,,,Y,1,1,2,2,A,-,01,23152,A,N,D,C,A,A,H,-,A,A,0,,,,,Y,Y,A,01,0,1,1,0,0,0,0,0,0,"- ","- ",35.441600000000001,-119.2518,KERN,UNINCORPORATED,-119.25182488999999,35.441600139999998
90316597,2016,2016-11-10,9420,2016-11-09,1555,016969,,3,2,9,1500,0,1,3,,1,119,"SR-119 (TAFT HWY)","OLD RIVER RD",152.00,E,N,A,-,Y,,,119,,,,,,,Y,4,0,2,2,A,-,09,21801,A,N,D,C,A,A,H,-,A,D,0,,,,,Y,,A,07,0,0,2,0,0,0,0,0,0,"- ","- ",35.267209999999999,-119.10912,KERN,UNINCORPORATED,-119.10912009,35.267180789999998
90316631,2016,2016-11-10,9420,2016-11-08,1330,016973,,2,1,9,1500,0,1,3,,2,431,SR-43,SR-58,0.00,,Y,A,-,Y,,,43,,,,,,,Y,4,0,1,2,A,-,09,21800,A,N,D,C,A,A,H,-,A,A,0,,,,,Y,,A,01,0,0,1,0,0,0,0,0,0,"- ","- ",35.397860000000001,-119.25193,KERN,UNINCORPORATED,-119.25206509,35.397860389999998
90318158,2016,2016-11-14,9420,2016-11-01,0001,019901,,2,3,9,1500,0,3,5,,2,050,"WASHINGTON AVE (1200 BLK)","SHELDON DR.",300.00,E,N,A,-,N,,,,,,,,,,N,4,0,1,2,A,-,11,21954,A,M,G,B,E,A,H,-,D,D,0,Y,,,,Y,Y,N,60,0,0,1,0,1,0,0,0,0,"- ","- ",35.415520000000001,-119.0485,KERN,UNINCORPORATED,-119.04850451,35.415488709999998
90318331,2016,2016-11-14,9830,2016-11-06,0050,019762,,7,3,9,1500,0,2,4,,1,034,"ROSAMOND BLVD.","ELBERTA ST",371.00,W,N,A,-,N,,,,,,,,,,Y,3,0,1,1,A,-,08,22107,,N,E,I,A,A,H,-,D,D,0,,,,,Y,,A,07,0,1,0,0,0,0,0,0,0,"- ","- ",34.515259999999998,-118.91039000000001,KERN,UNINCORPORATED,-118.15287352999999,34.864546670000003
90318486,2016,2017-03-29,9430,2016-10-21,0342,018721,,5,3,9,1500,0,1,1,,2,054,"I-5 S/B (GOLDEN STATE FREEWAY)","LAVAL ROAD OVERCROSSING",450.00,S,N,A,-,Y,,,5,,,,,,S,N,1,1,0,2,A,-,11,21954,A,N,G,B,E,A,H,-,C,D,0,Y,,,Y,Y,,N,60,0,0,0,1,0,0,0,0,0,"- ","- ",34.984250000000003,-118.94486999999999,KERN,UNINCORPORATED,-118.94478282999999,34.984280730000002
90318587,2016,2016-11-14,9830,2016-11-05,0208,017645,,6,3,9,1500,0,1,3,,2,030,"S/B SR-14","DAWN RD",2112.00,N,N,A,-,Y,,,14,,,,,,,Y,2,0,1,1,A,-,01,23152,A,N,F,A,A,A,H,-,D,D,0,,,,,Y,Y,A,07,1,0,0,0,0,0,0,0,0,"- ","- ",34.914700000000003,-118.16421,KERN,UNINCORPORATED,-118.16418989,34.914698569999999
90318896,2016,2016-11-14,9420,2016-11-07,1300,014770,,1,1,9,1500,0,1,3,,2,097,"SR-99 S/B","HOUGHTON RD.",288.00,N,N,A,-,Y,,,99,,,,,,S,Y,4,0,1,1,A,-,08,22107,,N,E,I,A,A,H,-,A,D,0,,,,,Y,,A,01,0,0,1,0,0,0,0,0,0,"- ","- ",35.238199999999999,-119.01573999999999,KERN,UNINCORPORATED,-119.01559426,35.238234550000001
90319071,2016,2016-11-14,9420,2016-11-10,0830,015259,,4,1,9,1500,0,3,5,,2,530,"WASCO AVENUE","LERDO HIGHWAY",0.00,,Y,A,-,N,,,,,,,,,,Y,4,0,1,2,A,-,09,21802,A,N,D,C,A,A,H,-,A,A,0,,,,,Y,,D,22,0,0,1,0,0,0,0,0,0,"- ","- ",35.50029,-119.33237,KERN,UNINCORPORATED,-119.33230997,35.499990050000001
90319394,2016,2016-11-15,9420,2016-10-08,0110,019686,,6,3,9,1500,0,2,4,,1,075,"SOUTH UNION AVENUE","GRAY COURT",629.00,S,N,A,-,N,,,,,,,,,,Y,1,1,2,1,A,-,08,22107,,N,E,I,A,A,H,-,D,D,0,,,,,Y,,A,01,0,1,1,0,0,0,0,0,0,"- ","- ",35.200090000000003,-119.00319,KERN,UNINCORPORATED,-119.00337312000001,35.200288280000002
90319410,2016,2016-11-16,9420,2016-11-08,1955,019459,,2,2,9,1500,0,3,5,,2,050,"DAY AVENUE","BIG CREEK WAY",0.00,,Y,A,-,N,,,,,,,,,,Y,4,0,1,3,A,-,01,23152,A,N,D,C,A,A,H,-,C,D,0,,,,,Y,Y,D,22,0,0,1,0,0,0,0,0,0,"- ","- ",35.435279999999999,-119.02656,KERN,UNINCORPORATED,-119.02651003,35.435180090000003
90319412,2016,2016-11-15,9420,2016-11-08,0045,020784,,2,3,9,1500,0,2,4,,1,071,"LAKE AVE.","DESCANSO AVE.",256.00,E,N,A,-,N,,,,,,,,,,Y,2,0,1,2,A,-,08,22107,,N,B,J,A,A,H,-,D,D,0,,,Y,,Y,,C,02,1,0,0,0,0,0,0,0,1,"- ","- ",35.374119999999998,-118.95355000000001,KERN,UNINCORPORATED,-118.95328241,35.374070000000003
90319428,2016,2016-11-15,9420,2016-10-31,0528,020784,,1,3,9,1500,0,2,4,,1,072,"EDISON HWY","QUANTICO AVE.",185.00,W,N,A,-,Y,,,,,,,,,,N,2,0,1,2,A,-,11,21954,A,N,G,B,E,A,H,-,E,D,0,Y,,,,Y,,N,60,1,0,0,0,1,0,0,0,0,"- ","- ",35.369100000000003,-118.95935,KERN,UNINCORPORATED,-118.95920532,35.369090999999997
90319503,2016,2016-11-15,9420,2016-11-10,1735,017256,,4,2,6,1502,0,1,3,,2,093,"SR-99 S/B","AIRPORT DR",1500.00,S,N,A,-,Y,,,,,,,,,,N,4,0,1,3,A,-,03,22350,,N,C,C,A,A,H,-,D,D,0,,,,,Y,,A,07,0,0,1,0,0,0,0,0,0,"- ","- ",35.384619999999998,-119.04584,KERN,BAKERSFIELD,,
90319584,2016,2016-11-15,9420,2016-11-10,1105,013475,,4,1,9,1500,0,2,4,,1,064,"KNUDSEN DRIVE","OLIVE DRIVE",0.00,,Y,A,-,N,,,,,,,,,,N,4,0,1,2,A,-,17,21461,A,N,B,C,A,A,H,-,A,A,0,,,,,Y,,A,01,0,0,1,0,0,0,0,0,0,"- ","- ",35.412230000000001,-119.95869,KERN,UNINCORPORATED,-119.05878006,35.412410039999997
90319632,2016,2016-11-15,9420,2016-11-11,0540,014811,,5,3,9,1500,0,3,5,,2,672,"HERRING ROAD","N. RANCHO ROAD",0.00,,Y,A,-,N,,,,,,,,,,Y,3,0,3,2,A,-,09,21802,A,N,D,C,A,A,H,-,D,A,0,,,,,Y,,A,01,0,1,2,0,0,0,0,0,0,"- ","- ",35.105499999999999,-118.51143,KERN,UNINCORPORATED,-118.85083009,35.15089004
90319649,2016,2016-11-15,9420,2016-11-14,0535,020784,,1,3,9,1500,0,1,3,,1,184,SR-184,"BENGSTON AVE.",2.00,S,N,A,-,Y,,,184,,,,,,,Y,4,0,1,1,A,-,08,22107,,N,E,I,A,A,H,-,C,D,0,,,,,Y,,A,01,0,0,1,0,0,0,0,0,0,"- ","- ",35.336269999999999,-118.91439,KERN,UNINCORPORATED,-118.9142895,35.336269770000001
90319681,2016,2016-11-15,9420,2016-11-11,1140,015259,,5,1,9,1500,0,3,5,,2,672,"GARBER WAY","GARDEN DRIVE",0.00,,Y,A,-,N,,,,,,,,,,N,4,0,2,2,A,-,09,21800,B,N,D,C,A,A,H,-,A,D,0,,,,,Y,,A,01,0,0,2,0,0,0,0,0,0,"- ","- ",35.305759999999999,-118.99863000000001,KERN,UNINCORPORATED,-118.99863001,35.305880039999998
90319713,2016,2016-11-15,9420,2016-11-11,1445,020782,,5,2,9,1500,0,1,3,,1,184,SR-184,"EDISON HWY",515.00,S,N,A,-,Y,,,184,,,,,,,Y,4,0,1,2,A,-,03,22350,,N,C,C,A,A,H,-,A,D,0,,,,,Y,,A,01,0,0,1,0,0,0,0,0,0,"- ","- ",35.356679999999997,-118.91401999999999,KERN,UNINCORPORATED,-118.91423063000001,35.356676659999998
90319764,2016,2016-11-15,9420,2016-11-12,2049,019442,,6,2,9,1500,0,1,3,,2,090,"WHISLER RD.","SR-99 N/B TO WHISLER RD.",22.00,W,N,A,-,N,,,,,,,,,,Y,3,0,3,2,A,-,09,21802,A,N,D,C,A,A,H,-,C,D,0,,,,,Y,,A,01,0,2,1,0,0,0,0,0,0,"- ","- ",35.645580000000002,-119.21961,KERN,UNINCORPORATED,-119.21976685,35.645653350000003
90319839,2016,2016-11-15,9420,2016-11-13,0905,018807,,7,1,6,1502,0,1,3,,2,584,"S/B SR-99 TO SR-58 E/B",SR-99,1584.00,E,N,A,-,Y,,,,,,,,,,Y,4,0,1,1,A,-,08,22107,,N,E,I,A,A,D,H,A,D,0,,,,,Y,,A,01,0,0,1,0,0,0,0,0,0,"- ","- ",35.352699999999999,-119.03319999999999,KERN,BAKERSFIELD,,
90319888,2016,2016-11-15,9420,2016-11-14,0540,016767,,1,3,9,1500,0,3,5,,2,520,"PETERSON ROAD","CASEY AVENUE",2112.00,E,N,A,-,N,,,,,,,,,,Y,4,0,1,2,A,-,03,22350,,N,C,C,A,A,H,-,D,D,0,,,,,Y,,D,22,0,0,1,0,0,0,0,0,0,"- ","- ",35.70317,-119.28773,KERN,UNINCORPORATED,-119.28701401000001,35.703228369999998
90319955,2016,2016-11-15,9426,2016-11-08,0610,018023,,2,1,9,1500,0,1,1,,2,504,"I-5 N/B","STOCKDALE HWY",0.10,N,N,A,-,Y,,,5,,,,,,N,Y,4,0,1,2,A,-,03,22350,,N,B,C,A,A,H,-,B,D,0,,,,Y,Y,,G,25,0,0,1,0,0,0,0,0,0,"- ","- ",35.357619999999997,-119.33935,KERN,UNINCORPORATED,-119.33938824000001,35.357566210000002
90319983,2016,2016-11-15,9420,2016-11-10,1405,018608,,4,2,9,1500,0,3,5,,2,040,"BERNARD STREET","INYO STREET",70.00,W,N,A,-,N,,,,,,,,,,Y,4,0,4,2,A,-,03,22350,,N,C,C,A,A,H,-,A,D,0,,,,,Y,,D,22,0,0,4,0,0,0,0,0,0,"- ","- ",35.390270000000001,-118.99363,KERN,UNINCORPORATED,-118.9933845,35.390234210000003
90320028,2016,2016-11-15,9426,2016-11-13,1012,016921,,7,1,9,1500,0,1,1,,2,500,"I-5 S/B TO SR-46",SR-46,272.00,N,N,A,-,Y,,,5,,,,R,,S,Y,3,0,1,1,A,-,08,22107,,N,F,A,A,A,H,-,A,D,0,,,Y,,Y,,C,02,0,1,0,0,0,0,0,0,1,"- ","- ",35.616869999999999,-119.65535,KERN,UNINCORPORATED,-119.65535,35.616869999999999
90320043,2016,2016-11-15,9426,2016-11-14,0518,015576,,1,3,9,1500,0,1,3,,1,461,SR-46,"MC COY AVE",1584.00,E,N,A,-,Y,,,46,,,,,,,Y,4,0,2,2,A,-,06,21751,,N,A,C,A,A,H,-,D,D,0,,,,,Y,,A,01,0,0,2,0,0,0,0,0,0,"- ","- ",35.60098,-119.52196000000001,KERN,UNINCORPORATED,-119.52196004,35.601078350000002
90320213,2016,2016-11-15,9420,2016-11-09,1155,014811,,3,1,9,1500,0,2,4,,1,075,"S. UNION AVENUE",SR-99,2149.00,N,N,A,-,N,,,,,,,,,,Y,4,0,1,1,A,-,08,22107,,N,E,I,A,A,H,-,A,D,0,,,,,Y,,A,07,0,0,1,0,0,0,0,0,0,"- ","- ",35.177149999999997,-119.00109,KERN,UNINCORPORATED,-119.00325178999999,35.17733372
90320219,2016,2016-11-15,9420,2016-11-09,1850,019513,,3,2,9,1500,0,1,3,,2,155,"STATE ROUTE 155","BOULDER GULCH",528.00,S,N,A,-,Y,,,155,,,,,,,Y,3,0,1,1,A,-,01,23152,A,N,E,I,A,A,H,-,D,D,0,,,,,Y,Y,A,01,0,1,0,0,0,0,0,0,0,"- ","- ",35.668669999999999,-118.47013,KERN,UNINCORPORATED,-118.47012792,35.668668959999998
90320534,2016,2016-11-16,9420,2016-11-09,1330,019513,,3,1,9,1500,0,1,3,,2,155,"STATE ROUTE 155","PALA DRIVE",75.00,S,N,A,-,Y,,,155,,,,,,,Y,4,0,1,1,A,-,08,22107,,N,E,I,A,A,H,-,A,D,0,,,,,Y,,A,01,0,0,1,0,0,0,0,0,0,"- ","- ",35.715800000000002,-118.49121,KERN,UNINCORPORATED,-118.49115802999999,35.71588697
9032058,2019,2020-01-27,1500,2019-09-04,1202,201846,WA02,3,5,3,1510,0,0,0,,0,4401,"CENTRAL AV","FILBURN AV",507.00,N,N,A,-,N,,,,,,,,,,N,3,0,1,1,A,-,08,22107,,N,E,I,A,A,H,-,A,A,0,,,,,Y,,A,07,0,1,0,0,0,0,0,0,0,"- ","- ",,,KERN,WASCO,-119.35829162597656,35.581123352050781
90320637,2016,2016-11-16,9830,2016-10-19,2330,018857,,3,3,9,1500,0,1,3,,2,012,"STATE ROUTE 58 WESTBOUND","TEHACHAPI WILLOW SPRINGS ROAD",6336.00,E,N,A,-,Y,,,58,,,,,,W,Y,1,1,0,2,A,-,08,22107,,N,A,C,A,A,H,-,D,D,0,,,,Y,Y,,A,01,0,0,0,0,0,0,0,0,0,"- ","- ",35.11533,-118.37569999999999,KERN,UNINCORPORATED,-118.37569951,35.115344980000003
90320710,2016,2016-11-16,9420,2016-11-15,1255,019513,,2,1,9,1500,0,1,3,,2,178,"STATE ROUTE 178","SOUTH FORK LANE",6.00,W,N,A,-,Y,,,178,,,,,,,Y,3,0,1,2,A,-,05,21460,C,N,D,C,A,A,H,-,A,D,0,,,Y,,Y,,C,02,0,1,0,0,0,0,0,0,1,"- ","- ",35.669870000000003,-118.26272,KERN,UNINCORPORATED,-118.26279794,35.669955629999997
90320763,2016,2016-11-16,9420,2016-11-15,0700,016153,,2,1,6,1502,0,1,3,,2,093,"SR-99 S/B FROM SR-58 (ROSEDALE HWY)W/B","SR-58(ROSEDALE HWY)W/B",50.00,N,N,A,-,Y,,,99,,,,R,,S,Y,4,0,1,2,A,-,08,22107,,N,E,I,A,A,H,-,A,D,0,,,,,Y,,A,01,0,0,1,0,0,0,0,0,0,"- ","- ",35.383459999999999,-119.04599,KERN,BAKERSFIELD,-119.04599,35.383459999999999
90321685,2016,2016-11-17,9420,2016-11-08,1330,015261,,2,1,9,1500,0,3,5,,2,510,"CECIL AVENUE","BROWNING RD.",284.00,E,N,A,-,N,,,,,,,,,,Y,3,0,1,1,A,-,08,22107,,N,E,I,A,A,H,-,A,D,0,,,,,Y,,D,22,0,1,0,0,0,0,0,0,0,"- ","- ",35.775820000000003,-119.22228,KERN,UNINCORPORATED,-119.22223363000001,35.775849999999998
90321796,2016,2016-11-17,9420,2016-10-27,1903,016969,,4,2,9,1500,0,3,5,,2,672,"RANCHO RD","HERRING RD",6864.00,S,N,A,-,N,,,,,,,,,,Y,2,0,1,3,A,-,03,22350,,N,C,C,A,A,H,-,D,D,0,,,,,Y,,A,01,1,0,0,0,0,0,0,0,0,"- ","- ",35.130690000000001,-118.85068,KERN,UNINCORPORATED,-118.85067377999999,35.132058280000003
90321808,2016,2016-11-17,9420,2016-11-01,1115,014770,,2,1,9,1500,0,1,3,,2,586,"SR-58 E/B","MALAGA RD.",822.00,W,N,A,-,Y,,,,,,,,,,Y,4,0,2,3,A,-,03,22350,,N,C,C,A,A,H,-,A,D,0,,,,Y,Y,,G,25,0,0,2,0,0,0,0,0,0,"- ","- ",35.203510000000001,-118.51493000000001,KERN,UNINCORPORATED,,
90321972,2016,2016-11-17,9420,2016-11-15,1250,014770,,2,1,9,1500,0,2,4,,1,064,"OLIVE DR.","KNUDSEN DR.",150.00,E,N,A,-,N,,,,,,,,,,N,4,0,1,2,A,-,07,21658,A,N,B,C,A,A,H,-,A,D,0,,,,Y,Y,,F,26,0,0,1,0,0,0,0,0,0,"- ","- ",35.412140000000001,-119.05795000000001,KERN,UNINCORPORATED,-119.05827733,35.412401330000002
90321994,2016,2016-11-17,9420,2016-11-16,0735,015255,,3,1,9,1500,0,1,3,,1,184,SR-184,"SMITH ROAD",190.00,S,N,B,-,Y,,,,,,,,,,Y,4,0,2,1,A,-,08,22107,,N,E,J,A,A,H,-,A,D,0,,,,,Y,,A,01,0,0,2,0,0,0,0,0,0,"- ","- ",35.203099999999999,-118.54519999999999,KERN,UNINCORPORATED,,
90322161,2016,2017-02-10,9426,2016-11-16,0615,018023,,3,1,9,1500,0,3,5,,2,085,"TWISSELMAN RD","HOLLOWAY RD",3696.00,E,N,A,-,N,,,,,,,,,,Y,4,0,1,1,A,-,08,22107,,N,F,A,A,A,H,-,B,D,0,,,,,Y,,A,01,0,0,1,0,0,0,0,0,0,"- ","- ",35.731180000000002,-119.84087,KERN,UNINCORPORATED,-119.84027587,35.731151949999997
90322363,2016,2016-11-17,9420,2016-11-10,0708,015259,,4,1,9,1500,0,1,3,,2,090,"STATE ROUTE-99 NORTHBOUND","KIMBERLINA ROAD O/C",345.00,S,N,F,-,Y,,,99,,,,,,N,Y,3,0,2,3,A,-,07,21658,A,N,B,C,A,A,H,-,A,D,0,,,,Y,Y,,D,22,0,1,1,0,0,0,0,0,0,"- ","- ",35.558070000000001,-119.19687,KERN,UNINCORPORATED,-119.19711128,35.55801099
90324728,2016,2016-11-18,9420,2016-11-16,1725,016973,,3,2,9,1500,0,1,3,,2,092,"SR-99 N/B","OLIVE DR.",1320.00,S,N,A,-,Y,,,99,,,,,,N,Y,4,0,3,4,A,-,03,22350,,N,C,C,A,A,H,-,C,D,0,,,,,Y,,A,01,0,0,3,0,0,0,0,0,0,"- ","- ",35.411879999999996,-119.05415000000001,KERN,UNINCORPORATED,-119.05419007,35.41183539
90324741,2016,2016-11-18,9420,2016-11-16,1815,016973,,3,2,9,1500,0,3,5,,2,050,"NORRIS RD.","ROBERTS LN.",15.00,E,N,A,-,N,,,,,,,,,,N,4,0,1,2,A,-,04,21703,,N,C,C,A,A,H,-,C,D,0,,,,Y,Y,,F,55,0,0,1,0,0,0,0,0,0,"- ","- ",,,KERN,UNINCORPORATED,-119.05860391,35.420413539999998
90324776,2016,2016-11-18,9426,2016-11-10,0800,016162,,4,1,9,1500,0,1,3,,1,460,SR-46,"HOLLOWAY RD",4752.00,E,N,A,-,Y,,,46,,,,,,,Y,4,0,1,2,A,-,08,22107,,N,B,C,A,A,H,-,A,D,0,,,,Y,Y,,F,21,0,0,1,0,0,0,0,0,0,"- ","- ",35.615929999999999,-119.72563,KERN,UNINCORPORATED,-119.72562957,35.615862419999999
90324777,2016,2016-11-18,9420,2016-11-17,1710,016973,,4,2,9,1500,0,1,3,,2,092,"SR-99 N/B","OLIVE DR.",2640.00,S,N,A,-,Y,,,99,,,,,,N,Y,4,0,1,3,A,-,03,22350,,N,C,C,A,A,H,-,D,D,0,,,,,Y,,A,01,0,0,1,0,0,0,0,0,0,"- ","- ",35.41075,-119.05293,KERN,UNINCORPORATED,-119.05295294,35.410724459999997
90324791,2016,2016-11-18,9426,2016-11-12,0300,016953,,6,3,9,1500,0,3,5,,2,081,"AIRPORT ROAD",SR-119,5280.00,S,N,A,-,N,,,,,,,,,,Y,3,0,1,1,A,-,08,22107,,M,E,I,A,A,H,-,D,D,0,,,,,Y,,A,01,0,1,0,0,0,0,0,0,0,"- ","- ",35.179220000000001,-119.42909,KERN,UNINCORPORATED,-119.42906000000001,35.179167810000003
90325024,2016,2016-11-18,9420,2016-11-16,0850,019466,,3,1,9,1500,0,3,5,,2,410,"JACK RANCH ROAD","WHITE RIVER ROAD",21648.00,N,N,B,C,N,,,,,,,,,,Y,4,0,1,1,A,-,08,22107,,N,E,I,A,B,H,-,A,D,0,,,,,Y,,A,07,0,0,1,0,0,0,0,0,0,"- ","- ",35.735480000000003,-118.66197,KERN,UNINCORPORATED,-118.70472327,35.786684170000001
90325063,2016,2016-11-18,9420,2016-11-17,0715,019466,,4,1,9,1500,0,1,3,,2,178,"SR-178 EASTBOUND","DELONIGA ROAD",10560.00,E,N,A,-,Y,,,178,,,,,,E,Y,3,0,1,2,A,-,03,22350,,N,C,C,A,A,H,-,A,D,0,,,,Y,Y,,A,01,0,1,0,0,0,0,0,0,0,"- ","- ",35.583410000000001,-118.53152,KERN,UNINCORPORATED,-118.53150863,35.583326589999999