CASE_ID,ACCIDENT_YEAR,PROC_DATE,JURIS,COLLISION_DATE,COLLISION_TIME,OFFICER_ID,REPORTING_DISTRICT,DAY_OF_WEEK,CHP_SHIFT,POPULATION,CNTY_CITY_LOC,SPECIAL_COND,BEAT_TYPE,CHP_BEAT_TYPE,CITY_DIVISION_LAPD,CHP_BEAT_CLASS,BEAT_NUMBER,PRIMARY_RD,SECONDARY_RD,DISTANCE,DIRECTION,INTERSECTION,WEATHER_1,WEATHER_2,STATE_HWY_IND,CALTRANS_COUNTY,CALTRANS_DISTRICT,STATE_ROUTE,ROUTE_SUFFIX,POSTMILE_PREFIX,POSTMILE,LOCATION_TYPE,RAMP_INTERSECTION,SIDE_OF_HWY,TOW_AWAY,COLLISION_SEVERITY,NUMBER_KILLED,NUMBER_INJURED,PARTY_COUNT,PRIMARY_COLL_FACTOR,PCF_CODE_OF_VIOL,PCF_VIOL_CATEGORY,PCF_VIOLATION,PCF_VIOL_SUBSECTION,HIT_AND_RUN,TYPE_OF_COLLISION,MVIW,PED_ACTION,ROAD_SURFACE,ROAD_COND_1,ROAD_COND_2,LIGHTING,CONTROL_DEVICE,CHP_ROAD_TYPE,PEDESTRIAN_ACCIDENT,BICYCLE_ACCIDENT,MOTORCYCLE_ACCIDENT,TRUCK_ACCIDENT,NOT_PRIVATE_PROPERTY,ALCOHOL_INVOLVED,STWD_VEHTYPE_AT_FAULT,CHP_VEHTYPE_AT_FAULT,COUNT_SEVERE_INJ,COUNT_VISIBLE_INJ,COUNT_COMPLAINT_PAIN,COUNT_PED_KILLED,COUNT_PED_INJURED,COUNT_BICYCLIST_KILLED,COUNT_BICYCLIST_INJURED,COUNT_MC_KILLED,COUNT_MC_INJURED,PRIMARY_RAMP,SECONDARY_RAMP,LATITUDE,LONGITUDE,COUNTY,CITY,POINT_X,POINT_Y
90369720,2017,2017-01-16,9420,2017-01-07,1640,020585,,6,2,6,1502,0,1,3,,2,585,"SR-58 W/B","UNION AVE.",900.00,E,N,C,-,Y,,,58,,,,,,W,Y,3,0,1,2,A,-,07,21658,A,N,B,C,A,B,H,-,A,D,0,,,,,Y,,D,22,0,1,0,0,0,0,0,0,0,"- ","- ",35.352620000000002,-119.00073999999999,KERN,BAKERSFIELD,-119.00074019,35.352577920000002
90369771,2017,2017-01-16,9420,2017-01-08,1955,019353,,7,2,6,1502,0,1,3,,2,093,"SR-99 S/B","WIBLE ROAD O/C",200.00,N,N,A,-,Y,,,99,,,,,,S,Y,4,0,2,2,A,-,01,23152,A,N,B,C,A,A,H,-,D,D,0,,,,Y,Y,Y,A,01,0,0,2,0,0,0,0,0,0,"- ","- ",35.331339999999997,-119.03975,KERN,BAKERSFIELD,-119.03973216999999,35.331342460000002
90369778,2017,2017-04-03,9830,2017-01-05,1930,019367,,4,2,9,1500,0,1,3,,1,040,"STATE ROUTE 14","STATE ROUTE 58",528.00,N,N,C,-,Y,,,14,,,,,,,Y,2,0,1,2,A,-,03,22350,,N,C,C,A,B,H,-,D,D,0,,,,,Y,,A,01,1,0,0,0,0,0,0,0,0,"- ","- ",35.1008,-118.1427,KERN,UNINCORPORATED,-118.14281210999999,35.100889600000002
90369814,2017,2017-02-24,9420,2017-01-09,0015,020782,,1,3,9,1500,0,1,3,,2,096,"SR-99 N/B","HOUGHTON RD.",1320.00,S,N,C,-,Y,,,,,,,,,,Y,4,0,1,1,A,-,03,22350,,N,F,I,A,B,H,-,C,D,0,,,,,Y,,A,01,0,0,1,0,0,0,0,0,0,"- ","- ",35.230620000000002,-119.01129,KERN,UNINCORPORATED,-119.01422599,35.234011940000002
90369859,2017,2017-02-16,9830,2017-01-07,1540,019716,,6,2,9,1500,0,1,3,,2,030,"SR-14 N/B","ROSAMOND BLVD",8976.00,N,N,B,-,Y,,,14,,,,,,N,Y,4,0,2,1,A,-,08,22107,,N,E,I,A,B,H,-,A,D,0,,,,,Y,,A,01,0,0,2,0,0,0,0,0,0,"- ","- ",34.888019999999997,-118.16567000000001,KERN,UNINCORPORATED,-118.16580824,34.888029510000003
90369906,2017,2017-01-16,9830,2017-01-07,1050,019872,,6,1,9,1500,0,1,3,,1,040,"SR-14 FROM CALIFORNIA CITY BLVD.","CALIFORNIA CITY BLVD",30.00,N,N,B,-,Y,,,14,,,,R,,,Y,4,0,2,1,A,-,08,22107,,N,F,A,A,B,H,-,A,D,0,,,,,Y,,A,07,0,0,2,0,0,0,0,0,0,"- ","- ",35.125790000000002,-118.12397,KERN,UNINCORPORATED,-118.12397,35.125790000000002
90369948,2017,2017-01-16,9420,2017-01-10,1540,019185,,2,2,9,1500,0,1,3,,2,223,SR-223,"EDISON ROAD",0.00,,Y,B,-,Y,,,223,,,,,,,Y,4,0,2,2,A,-,03,22350,,N,C,C,A,A,H,-,A,D,0,,,,,Y,,A,01,0,0,2,0,0,0,0,0,0,"- ","- ",35.20881,-118.87813,KERN,UNINCORPORATED,-118.87813006,35.208818559999997
90370240,2017,2017-01-17,9420,2017-01-16,1810,019184,,1,2,9,1500,0,1,3,,2,585,"SR-58 W/B",SR-99,1584.00,E,N,A,-,Y,,,58,,,,,,W,Y,4,0,2,2,A,-,08,22107,,M,B,C,A,A,H,-,C,D,0,,,,,Y,,D,22,0,0,2,0,0,0,0,0,0,"- ","- ",35.352719999999998,-119.03143,KERN,UNINCORPORATED,-119.03142982,35.352767620000002
90370374,2017,2017-01-17,9430,2017-01-11,0015,018681,,3,3,9,1500,0,1,1,,2,054,"I-5 N/B (GOLDEN STATE FREEWAY)","LAVAL ROAD OVERCROSS",3696.00,N,N,A,-,Y,,,5,,,,,,N,Y,3,0,1,2,A,-,03,22350,,N,C,C,A,A,H,-,D,D,0,,,,,Y,,D,22,0,1,0,0,0,0,0,0,0,"- ","- ",34.997329999999998,-118.94856,KERN,UNINCORPORATED,-118.94861817,34.997311840000002
90370464,2017,2017-02-24,9420,2017-01-12,0810,015255,,4,1,6,1502,0,1,3,,2,093,"SR-99 S/B","CALIFORNIA AVENUE",528.00,S,N,B,C,Y,,,99,,,,,,S,Y,4,0,1,2,A,-,08,22107,,N,D,C,A,B,H,-,A,D,0,,,,Y,Y,,F,27,0,0,1,0,0,0,0,0,0,"- ","- ",35.368020000000001,-119.04181,KERN,BAKERSFIELD,-119.04181493,35.368017850000001
90370546,2017,2017-04-03,9830,2017-01-13,2327,021137,,5,3,9,1500,0,3,5,,2,005,"GARLOCK RD","REDROCK RANDSBURG RD",10032.00,E,N,A,-,N,,,,,,,,,,Y,2,0,1,1,A,-,08,22107,,N,F,A,A,A,H,-,D,D,0,,,,,Y,,A,01,1,0,0,0,0,0,0,0,0,"- ","- ",35.41384,-117.77679000000001,KERN,UNINCORPORATED,-117.77816187000001,35.412784379999998
90370589,2017,2017-01-17,9830,2017-01-13,1635,016971,,5,2,9,1500,0,3,5,,2,001,"BAILEY RD","GIRAUDO RD",0.00,,Y,C,E,N,,,,,,,,,,Y,4,0,2,1,A,-,03,22350,,N,E,I,A,B,H,-,D,D,0,,,,,Y,,D,22,0,0,2,0,0,0,0,0,0,"- ","- ",35.123399999999997,-118.59283000000001,KERN,UNINCORPORATED,-118.59282013000001,35.123480110000003
90370732,2017,2017-01-17,9420,2017-01-13,0740,016767,,5,1,9,1500,0,3,5,,2,040,"ROUND MOUNTAIN ROAD","CHINA GRADE LOOP",21120.00,E,N,B,-,N,,,,,,,,,,Y,4,0,1,1,A,-,03,22350,,N,E,I,A,B,H,-,A,D,0,,,,,Y,,A,08,0,0,1,0,0,0,0,0,0,"- ","- ",35.450969999999998,-118.91652000000001,KERN,UNINCORPORATED,-118.92195807,35.448951749999999
90370758,2017,2017-01-17,9420,2017-01-13,1000,018030,,5,1,9,1500,0,1,3,,1,184,"SR-184 (MAIN ST) NORTHBOUND","ALICANTE AVE",120.00,S,N,B,-,Y,,,184,,,,,,N,Y,4,0,1,2,A,-,03,22350,,N,C,C,A,A,H,-,A,D,0,,,,,Y,,D,22,0,0,1,0,0,0,0,0,0,"- ","- ",35.261240000000001,-118.91437999999999,KERN,UNINCORPORATED,-118.91440855,35.261240090000001
90370819,2017,2017-01-17,9420,2017-01-14,1300,018030,,6,1,9,1500,0,2,4,,1,064,"OLIVE DR EASTBOUND","FRUITVALE AVE",100.00,W,N,B,-,N,,,,,,,,,,N,4,0,1,2,A,-,03,22350,,N,C,C,A,A,H,-,A,A,0,,,,,Y,,D,22,0,0,1,0,0,0,0,0,0,"- ","- ",35.413179999999997,-119.0749,KERN,UNINCORPORATED,-119.07494518999999,35.412469999999999
90370844,2017,2017-01-17,9426,2017-01-12,1455,018610,,4,2,9,1500,0,3,5,,2,081,"HARRISON ST","CEDAR ST",0.00,,Y,B,-,N,,,,,,,,,,Y,4,0,1,2,A,-,09,21802,A,N,D,C,A,A,H,-,A,A,0,,,,,Y,,A,01,0,0,1,0,0,0,0,0,0,"- ","- ",35.154499999999999,-119.45622,KERN,UNINCORPORATED,-119.45631994,35.154560009999997
90370884,2017,2017-01-17,9420,2017-01-15,1915,019184,,7,2,9,1500,0,3,5,,2,610,"BELLE TERRACE","STINE RD",25.00,E,N,A,-,N,,,,,,,,,,N,4,0,1,2,A,-,03,22350,,N,C,C,A,A,H,-,C,D,0,,,,,Y,,A,01,0,0,1,0,0,0,0,0,0,"- ","- ",35.46808,-119.04792,KERN,UNINCORPORATED,-119.04785627,35.346780000000003
90370951,2017,2017-01-17,9420,2017-01-16,1335,019459,,1,1,9,1500,0,2,4,,1,051,"N. CHESTER AVE.","ROBERTS LANE",47.00,S,N,A,-,N,,,,,,,,,,Y,4,0,2,2,A,-,03,22350,,N,C,C,A,A,H,-,A,D,0,,,,,Y,,A,01,0,0,2,0,0,0,0,0,0,"- ","- ",35.408329999999999,-119.02106999999999,KERN,UNINCORPORATED,-119.02107753999999,35.408511050000001
90370960,2017,2017-01-17,9420,2017-01-03,1955,018805,,2,2,9,1500,0,3,5,,2,070,"EDISON HIGHWAY","OSWELL STREET",1690.00,E,N,B,-,N,,,,,,,,,,Y,3,0,3,2,A,-,01,23152,A,N,A,C,A,A,H,-,D,D,0,,,,,Y,Y,A,01,0,1,2,0,0,0,0,0,0,"- ","- ",35.365560000000002,-118.94417,KERN,UNINCORPORATED,-118.95005999999999,35.366970000000002
90371115,2017,2017-01-17,9430,2017-01-15,1138,016388,,7,1,9,1500,0,2,4,,1,022,"FRAZIER MOUNTAIN PARK RD","MT PINOS WAY",0.00,,Y,A,-,N,,,,,,,,,,Y,4,0,1,2,A,-,03,22350,,N,C,C,A,A,H,-,A,D,0,,,,,Y,,A,01,0,0,1,0,0,0,0,0,0,"- ","- ",34.819870000000002,-118.93415,KERN,UNINCORPORATED,-118.96966999999999,34.82127011
90371126,2017,2017-01-17,9420,2017-01-11,0740,015261,,3,1,9,1500,0,2,4,,1,051,"N. CHESTER AVENUE","WASHINGTON AVE.",0.00,,Y,B,-,N,,,,,,,,,,N,4,0,1,2,A,-,21,22106,,M,G,B,B,B,H,-,A,A,0,Y,,,,Y,,A,01,0,0,1,0,1,0,0,0,0,"- ","- ",35.415349999999997,-119.02101999999999,KERN,UNINCORPORATED,-119.02122009,35.415470040000002
90371396,2017,2017-01-18,9426,2017-01-16,0251,015576,,1,3,9,1500,0,1,1,,2,502,"I-5 S/B TO LERDO HWY.","LERDO HWY",784.00,N,N,A,-,Y,,,,,,,,,,Y,4,0,1,1,A,-,03,22350,,N,E,I,A,A,H,-,D,D,0,,,,,Y,,A,01,0,0,1,0,0,0,0,0,0,"- ","- ",35.537619999999997,-119.53762,KERN,UNINCORPORATED,,
90371543,2017,2017-02-14,9420,2017-01-12,0640,015261,,4,1,9,1500,0,3,5,,2,630,"COSTAJO STREET","SHAFTER RD.",1584.00,S,N,B,C,N,,,,,,,,,,Y,4,0,1,2,A,-,03,22350,,N,C,C,A,B,H,-,D,D,0,,,,,Y,,A,01,0,0,1,0,0,0,0,0,0,"- ","- ",35.219700000000003,-119.01251999999999,KERN,UNINCORPORATED,-119.01232838999999,35.218849120000002
90371585,2017,2017-01-18,9420,2017-01-16,2045,019649,,1,2,9,1500,0,3,5,,2,672,"N. RANCHO DR.","MILLUX RD",590.00,S,N,A,-,N,,,,,,,,,,Y,2,0,1,1,A,-,03,22350,,N,E,J,A,B,F,-,D,D,0,,,,,Y,,A,07,1,0,0,0,0,0,0,0,0,"- ","- ",35.17821,-118.85093000000001,KERN,UNINCORPORATED,-118.8510175,35.178221309999998
90371652,2017,2017-01-18,9426,2017-01-08,1743,014716,,7,2,9,1500,0,1,3,,1,461,SR-46,"KURT RD.",1056.00,W,N,B,-,Y,,,46,,,,,,,Y,3,0,2,4,A,-,05,21460,A,N,A,C,A,A,H,-,D,D,0,,,,Y,Y,,A,07,0,1,1,0,0,0,0,0,0,"- ","- ",35.602060000000002,-119.57380000000001,KERN,UNINCORPORATED,-119.57378668,35.602088610000003
9037166,2019,2020-02-20,1511,2019-12-11,1915,53068,,3,5,2,1511,0,0,0,,0,,"NEURALIA RD","EDISON POLE 2110532E",48.00,S,N,A,-,N,,,,,,,,,,Y,2,0,1,3,A,-,05,21650,,N,B,C,A,A,H,-,D,D,0,,,,,Y,,D,23,1,0,0,0,0,0,0,0,0,"- ","- ",35.175498962402344,-117.98580169677734,KERN,"CALIFORNIA CITY",,
9037178,2020,2020-03-04,1511,2020-01-07,0600,53323,9,2,5,2,1511,0,0,0,,0,DIRT,"TWENTY MULE TEAM PKWY","140TH ST",1056.00,W,N,A,-,N,,,,,,,,,,Y,2,0,1,2,A,-,05,21460,A,N,D,C,A,A,G,-,D,D,0,,,,,Y,,A,01,1,0,0,0,0,0,0,0,0,"- ","- ",35.155910491943359,-117.88313293457031,KERN,"CALIFORNIA CITY",-117.88289642333984,35.155979156494141
90371921,2017,2017-01-24,9426,2017-01-16,0830,017581,,1,1,9,1500,0,1,1,,2,500,"I-5 N/B",SR-46,8448.00,S,N,A,B,Y,,,5,,,,,,N,Y,3,0,1,1,A,-,08,22107,,N,E,I,A,A,H,-,A,D,0,,,,,Y,,A,01,0,1,0,0,0,0,0,0,0,"- ","- ",35.59619,-119.63634999999999,KERN,UNINCORPORATED,-119.63614369,35.596387569999997
90371954,2017,2017-01-24,9426,2017-01-16,1030,017581,,1,1,9,1500,0,3,5,,2,085,"TULARE ST","ORLANDO AVE",0.00,,Y,A,B,N,,,,,,,,,,Y,4,0,1,2,A,-,09,21800,B,N,D,C,A,A,H,-,A,D,0,,,,,Y,,A,01,0,0,1,0,0,0,0,0,0,"- ","- ",35.613979999999998,-119.68686,KERN,UNINCORPORATED,-119.68696988000001,35.614010010000001
90372237,2017,2017-01-18,9420,2017-01-06,1225,014770,,5,1,9,1500,0,3,5,,2,610,"FRAZIER AVE.","MARSHA AVE.",0.00,,Y,A,-,N,,,,,,,,,,Y,3,0,2,3,D,-,00,,,N,D,C,A,A,H,-,A,D,0,,,,,Y,,-,"- ",0,1,1,0,0,0,0,0,0,"- ","- ",35.351869999999998,-119.05477,KERN,UNINCORPORATED,-119.0547301,35.351850030000001
90372514,2017,2017-05-03,9830,2017-01-12,1030,019872,,4,1,9,1500,0,2,4,,1,034,"ROSAMOND BLVD","35TH ST  W",0.00,,Y,B,-,N,,,,,,,,,,Y,4,0,1,2,A,-,12,21453,A,N,D,C,A,A,H,-,A,A,0,,,,,Y,,D,22,0,0,1,0,0,0,0,0,0,"- ","- ",34.514989999999997,-118.11371,KERN,UNINCORPORATED,-118.19367,34.863900090000001
90372648,2017,2017-01-19,9420,2017-01-18,0800,014770,,3,1,6,1502,0,1,3,,2,094,"SR-99 N/B","WIBLE RD.",50.00,S,N,B,-,Y,,,99,,,,,,N,Y,4,0,1,2,A,-,03,22350,,N,C,C,A,A,H,-,A,D,0,,,,,Y,,A,01,0,0,1,0,0,0,0,0,0,"- ","- ",35.336080000000003,-119.03967,KERN,BAKERSFIELD,-119.03948527,35.33607894
90372985,2017,2017-01-19,9420,2017-01-11,0550,019466,,3,3,9,1500,0,2,4,,2,031,"LAKE ISABELLA BLVD.","NUGGET AVENUE",20.00,S,N,B,C,N,,,,,,,,,,N,2,0,1,2,A,-,11,21954,A,N,G,B,D,B,H,-,C,D,0,Y,,,,Y,,N,60,1,0,0,0,1,0,0,0,0,"- ","- ",35.626539999999999,-118.47445,KERN,UNINCORPORATED,-118.47406556,35.626616640000002
90373319,2016,2017-01-19,9430,2016-12-31,0847,017153,,6,1,9,1500,0,1,1,,2,055,"I-5 S/B","SABODAN RD",2640.00,S,N,B,E,Y,,,5,,,,,,S,Y,3,0,4,8,A,-,03,22350,,N,C,C,E,B,H,-,A,D,0,Y,,,Y,Y,,M,47,0,1,3,0,2,0,0,0,0,"- ","- ",35.030760000000001,-118.9709,KERN,UNINCORPORATED,-118.97087753,35.030786939999999
90373550,2017,2017-01-20,9426,2017-01-14,1055,015548,,6,1,9,1500,0,1,3,,2,581,SR-58,"LOKERN ROAD",32736.00,W,N,B,-,Y,,,58,,,,,,,Y,3,0,1,1,A,-,03,22350,,N,F,A,A,A,H,-,A,A,0,,,Y,,Y,,C,02,0,1,0,0,0,0,0,0,1,"- ","- ",35.32564,-119.61583,KERN,UNINCORPORATED,-119.61579664,35.325585480000001
90373613,2017,2017-01-20,9420,2017-01-12,2200,021547,,4,3,9,1500,0,2,4,,1,052,"CHINA GRADE LOOP","ALFRED HARRELL HWY",607.00,W,N,B,-,N,,,,,,,,,,Y,3,0,1,1,A,-,08,22107,,N,E,I,A,A,H,-,D,D,0,,,,,Y,,D,22,0,1,0,0,0,0,0,0,0,"- ","- ",35.419159999999998,-118.96434000000001,KERN,UNINCORPORATED,-118.96498509,35.419139399999999
90374547,2017,2017-01-23,9420,2017-01-10,1300,019098,,2,1,9,1500,0,3,5,,2,040,"GRANITE ROAD",SR-155,775.00,S,N,A,-,N,,,,,,,,,,N,3,0,1,1,A,-,03,22350,,N,F,A,A,A,H,-,A,D,0,,,Y,,Y,,C,02,0,1,0,0,0,0,0,0,1,"- ","- ",35.714129999999997,-118.27246,KERN,UNINCORPORATED,-118.72789238999999,35.713980650000003
90374558,2016,2017-01-23,9420,2016-12-30,1610,020163,,5,2,9,1500,0,3,5,,2,672,"E. CALIFORNIA AVE.","CHAMBERLAIN AVE.",0.00,,Y,C,-,N,,,,,,,,,,N,4,0,1,2,A,-,12,21453,A,N,D,C,A,B,H,-,A,A,0,,,,,Y,,A,01,0,0,1,0,0,0,0,0,0,"- ","- ",35.36871,-118.97136999999999,KERN,UNINCORPORATED,-118.97031002,35.368640030000002
90374654,2017,2017-04-03,9830,2017-01-10,1820,019332,,2,2,9,1500,0,1,3,,2,030,"AVENUE A","SR-14 NORTHBOUND ON RAMP",0.00,,Y,A,-,Y,,,,,,,,,,Y,4,0,3,2,A,-,09,21801,A,N,D,C,A,A,H,-,B,D,0,,,,,Y,,A,01,0,0,3,0,0,0,0,0,0,"- ","- ",34.820540000000001,-118.16904,KERN,UNINCORPORATED,,
90374725,2017,2017-01-23,9420,2017-01-12,2153,018932,,4,2,9,1500,0,3,5,,2,050,"STATE ROAD","AIRPORT DR",1584.00,W,N,C,-,N,,,,,,,,,,Y,4,0,1,2,A,-,09,21804,A,F,D,C,A,B,H,-,D,D,0,,,,,Y,,D,22,0,0,1,0,0,0,0,0,0,"- ","- ",35.40569,-119.04536,KERN,UNINCORPORATED,-119.04517473999999,35.40566218
90375354,2017,2017-01-23,9420,2017-01-18,1710,017560,,3,2,9,1500,0,1,3,,1,176,"SR-178 E/B","MIRADOR DR",20.00,E,N,B,C,Y,,,178,,,,,,E,Y,4,0,2,2,A,-,03,22350,,N,C,C,A,A,H,-,D,D,0,,,,,Y,,A,01,0,0,2,0,0,0,0,0,0,"- ","- ",35.393529999999998,-118.97063,KERN,UNINCORPORATED,-118.97063661999999,35.393554270000003
90375357,2017,2017-01-23,9420,2017-01-14,1040,019466,,6,1,9,1500,0,1,3,,2,178,SR-178,"DOYLE RANCH ROAD",0.00,,Y,A,-,Y,,,178,,,,,,,Y,4,0,1,2,A,-,05,21752,D,N,D,C,A,A,H,-,A,D,0,,,Y,,Y,,C,02,0,0,1,0,0,0,0,0,1,"- ","- ",35.68965,-118.23347,KERN,UNINCORPORATED,-118.23343094000001,35.6895849
90375419,2017,2017-01-23,9420,2017-01-18,1735,017560,,3,2,9,1500,0,1,3,,1,176,"SR-178 E/B","ALTA VISTA DR.",180.00,W,N,B,C,Y,,,,,,,,,,Y,4,0,1,3,A,-,03,22350,,F,B,C,A,B,H,-,D,D,0,,,,,Y,,A,07,0,0,1,0,0,0,0,0,0,"- ","- ",35.38335,-118.998,KERN,UNINCORPORATED,-118.99786271000001,35.383439860000003
90375438,2017,2017-02-24,9420,2017-01-18,0725,018307,,3,1,9,1500,0,3,5,,2,070,"EUCALYPTUS DRIVE","DENISON LANE",75.00,W,N,A,-,N,,,,,,,,,,N,4,0,2,2,A,-,21,22106,,N,D,C,A,A,H,-,A,D,0,,,,,Y,,A,01,0,0,2,0,0,0,0,0,0,"- ","- ",35.365270000000002,-118.92196,KERN,UNINCORPORATED,-118.9217412,35.365247529999998
90375467,2017,2017-01-23,9420,2017-01-19,0905,018030,,4,1,6,1502,0,1,3,,2,092,"SR-99 NORTHBOUND","AIRPORT DR",1056.00,S,N,B,-,Y,,,99,,,,,,N,Y,4,0,1,1,A,-,08,22107,,N,E,I,A,B,H,-,A,D,0,,,,,Y,,A,01,0,0,1,0,0,0,0,0,0,"- ","- ",35.392560000000003,-119.04461000000001,KERN,BAKERSFIELD,-119.04453012,35.392561049999998
90375537,2017,2017-01-24,9420,2017-01-23,0700,013475,,1,1,6,1502,0,1,3,,2,095,"SR-99 S/B","PACHECO ROAD",125.00,N,N,B,C,Y,,,99,,,,,,S,N,4,0,1,3,A,-,08,22107,,N,B,C,A,B,H,-,A,D,0,,,,,Y,,A,01,0,0,1,0,0,0,0,0,0,"- ","- ",35.310920000000003,-119.03456,KERN,BAKERSFIELD,-119.03461221000001,35.310906320000001
90375753,2017,2017-01-24,9420,2017-01-23,1755,019184,,1,2,6,1502,0,1,3,,2,093,"SR-99 SB","PALM ST.",150.00,N,N,C,-,Y,,,99,,,,,,S,Y,3,0,3,3,A,-,01,23152,A,N,D,C,A,B,H,-,A,D,0,,,,Y,Y,Y,A,01,0,3,0,0,0,0,0,0,0,"- ","- ",35.361609999999999,-119.03968999999999,KERN,BAKERSFIELD,-119.03964541000001,35.361615049999997
90375775,2017,2017-01-24,9420,2017-01-10,1620,018643,,2,2,9,1500,0,3,5,,2,610,"STINE ROAD","WOOD LANE",130.00,N,N,A,-,N,,,,,,,,,,N,4,0,1,2,A,-,05,21650,,N,D,G,A,A,H,-,A,D,0,,Y,,,Y,,L,04,0,0,1,0,0,0,1,0,0,"- ","- ",35.345559999999999,-119.04848,KERN,UNINCORPORATED,-119.04832958,35.345475059999998
90375848,2017,2017-01-24,9420,2017-01-19,0640,014770,,4,1,9,1500,0,1,3,,2,223,SR-223,SR-99,290.00,E,N,E,-,Y,,,,,,,,,,Y,4,0,3,2,A,-,09,21802,A,N,D,C,A,A,H,-,A,A,0,,,,,Y,,A,07,0,0,3,0,0,0,0,0,0,"- ","- ",35.123069999999998,-119.03274,KERN,UNINCORPORATED,,
90376469,2017,2017-01-24,9426,2017-01-22,1650,019206,,7,2,9,1500,0,3,5,,2,081,"MIDWAY RD","STATE ROUTE 33",16896.00,E,N,B,-,N,,,,,,,,,,Y,3,0,2,1,A,-,01,23152,A,N,F,A,A,A,H,-,A,D,0,,,,,Y,Y,A,01,0,2,0,0,0,0,0,0,0,"- ","- ",35.180540000000001,-119.47351,KERN,UNINCORPORATED,-119.47091923000001,35.180591380000003
90376488,2017,2017-02-24,9420,2017-01-23,0640,018807,,1,1,9,1500,0,3,5,,2,672,"BUENA VISTA ROAD","E. VINELAND ROAD",145.00,W,N,B,C,N,,,,,,,,,,Y,4,0,1,2,A,-,12,22450,A,F,E,I,A,B,H,-,B,A,0,,,,,Y,,-,99,0,0,1,0,0,0,0,0,0,"- ","- ",35.237900000000003,-118.8961,KERN,UNINCORPORATED,-118.8966849,35.237908169999997
90376547,2017,2017-01-24,9420,2017-01-20,1250,016767,,5,1,9,1500,0,2,4,,1,052,"BEDFORD WAY","CHINA GRADE LOOP",0.00,,Y,B,C,N,,,,,,,,,,Y,4,0,1,2,A,-,09,21802,A,N,D,C,A,B,H,-,A,A,0,,,,,Y,,D,22,0,0,1,0,0,0,0,0,0,"- ","- ",35.426630000000003,-119.01869000000001,KERN,UNINCORPORATED,-119.01832002,35.42697004
90376562,2017,2017-01-24,9420,2017-01-20,0615,014770,,5,1,9,1500,0,1,3,,1,583,"SR-58 (ROSEDALE HIGHWAY)","HEATH AVE.",37.00,W,N,B,-,Y,,,,,,,,,,Y,4,0,1,1,A,-,08,22107,,N,E,I,A,B,H,-,C,A,0,,,,,Y,,A,07,0,0,1,0,0,0,0,0,0,"- ","- ",35.230789999999999,-119.10521,KERN,UNINCORPORATED,,
90376653,2017,2017-01-24,9420,2017-01-23,1748,019963,,1,2,9,1500,0,1,3,,2,584,"SR-58 E/B TO FAIRFAX ROAD","FAIRFAX ROAD",25.00,W,N,C,-,Y,,,58,,,,R,,E,N,4,0,1,2,A,-,03,22350,,N,C,C,A,B,H,-,B,A,0,,,,,Y,,A,01,0,0,1,0,0,0,0,0,0,"- ","- ",35.350079999999998,-118.93214,KERN,UNINCORPORATED,-118.93214,35.350079999999998
90376703,2017,2017-01-24,9430,2017-01-20,1155,017152,,5,1,9,1500,0,1,1,,2,052,"I-5 N/B","LEBEC O/C",200.00,S,N,B,C,Y,,,5,,,,,,N,Y,3,0,1,1,A,-,03,22350,,N,E,I,A,B,H,-,A,D,0,,,,,Y,,A,07,0,1,0,0,0,0,0,0,0,"- ","- ",34.834609999999998,-118.86395,KERN,UNINCORPORATED,-118.86406452,34.834714349999999
9037732,2019,2020-02-07,1511,2019-12-11,0921,53323,2,3,5,2,1511,0,0,0,,0,00A,"POPPY BL","ISABELLA BL",0.00,,Y,A,-,N,,,,,,,,,,N,4,0,1,2,A,-,06,21750,A,N,H,C,A,A,H,-,A,D,0,,,,,Y,,A,01,0,0,1,0,0,0,0,0,0,"- ","- ",35.132980346679688,-117.99472045898438,KERN,"CALIFORNIA CITY",-117.99468994140625,35.133010864257812
90377516,2017,2017-01-25,9830,2017-01-23,0742,015116,,1,1,9,1500,0,3,5,,2,002,"CALIFORNIA CITY BLVD","REDWOOD BLVD",6864.00,S,N,B,C,N,,,,,,,,,,Y,4,0,1,1,A,-,03,22350,,N,F,A,A,B,H,-,A,D,0,,,,,Y,,A,01,0,0,1,0,0,0,0,0,0,"- ","- ",35.103099999999998,-117.91930000000001,KERN,UNINCORPORATED,-117.93582000000001,35.116399999999999
90377770,2017,2017-02-23,9430,2017-01-22,1254,017153,,7,1,9,1500,0,1,1,,2,052,"I-5 N/B","LEBEC RD",1102.00,S,N,B,C,Y,,,5,,,,,,N,Y,3,0,2,2,A,-,03,22350,,N,C,C,A,B,F,H,A,D,0,,,,,Y,,A,01,0,1,1,0,0,0,0,0,0,"- ","- ",34.864339999999999,-118.88128,KERN,UNINCORPORATED,-118.88131519,34.864301500000003
90378168,2017,2017-01-26,9420,2017-01-13,2500,018932,,5,4,6,1502,0,2,S,,2,901,UNKNOWN,"MING AVE",0.00,,N,A,-,N,,,,,,,,,,N,4,0,1,2,A,-,03,22350,,M,C,C,A,A,H,-,C,D,0,,,,,Y,,-,99,0,0,1,0,0,0,0,0,0,"- ","- ",,,KERN,BAKERSFIELD,,
90378267,2017,2017-01-26,9420,2017-01-18,2315,016828,,3,3,9,1500,0,1,3,,2,090,"SR-99 N/B","LERDO HIGHWAY",900.00,S,N,C,-,Y,,,99,,,,,,N,Y,4,0,2,2,A,-,17,21658,,N,C,C,A,B,H,-,D,D,0,,,,,Y,,A,01,0,0,2,0,0,0,0,0,0,"- ","- ",35.496229999999997,-119.15958999999999,KERN,UNINCORPORATED,-119.15961857000001,35.4962017