CASE_ID,ACCIDENT_YEAR,PROC_DATE,JURIS,COLLISION_DATE,COLLISION_TIME,OFFICER_ID,REPORTING_DISTRICT,DAY_OF_WEEK,CHP_SHIFT,POPULATION,CNTY_CITY_LOC,SPECIAL_COND,BEAT_TYPE,CHP_BEAT_TYPE,CITY_DIVISION_LAPD,CHP_BEAT_CLASS,BEAT_NUMBER,PRIMARY_RD,SECONDARY_RD,DISTANCE,DIRECTION,INTERSECTION,WEATHER_1,WEATHER_2,STATE_HWY_IND,CALTRANS_COUNTY,CALTRANS_DISTRICT,STATE_ROUTE,ROUTE_SUFFIX,POSTMILE_PREFIX,POSTMILE,LOCATION_TYPE,RAMP_INTERSECTION,SIDE_OF_HWY,TOW_AWAY,COLLISION_SEVERITY,NUMBER_KILLED,NUMBER_INJURED,PARTY_COUNT,PRIMARY_COLL_FACTOR,PCF_CODE_OF_VIOL,PCF_VIOL_CATEGORY,PCF_VIOLATION,PCF_VIOL_SUBSECTION,HIT_AND_RUN,TYPE_OF_COLLISION,MVIW,PED_ACTION,ROAD_SURFACE,ROAD_COND_1,ROAD_COND_2,LIGHTING,CONTROL_DEVICE,CHP_ROAD_TYPE,PEDESTRIAN_ACCIDENT,BICYCLE_ACCIDENT,MOTORCYCLE_ACCIDENT,TRUCK_ACCIDENT,NOT_PRIVATE_PROPERTY,ALCOHOL_INVOLVED,STWD_VEHTYPE_AT_FAULT,CHP_VEHTYPE_AT_FAULT,COUNT_SEVERE_INJ,COUNT_VISIBLE_INJ,COUNT_COMPLAINT_PAIN,COUNT_PED_KILLED,COUNT_PED_INJURED,COUNT_BICYCLIST_KILLED,COUNT_BICYCLIST_INJURED,COUNT_MC_KILLED,COUNT_MC_INJURED,PRIMARY_RAMP,SECONDARY_RAMP,LATITUDE,LONGITUDE,COUNTY,CITY,POINT_X,POINT_Y
90403408,2017,2017-03-01,9830,2017-02-24,1420,019762,,5,2,9,1500,0,3,5,,2,003,"TEHACHAPI WILLOW SPRINGS RD","BACKUS RD.",0.00,,Y,A,-,N,,,,,,,,,,Y,4,0,6,2,A,-,09,21802,A,N,D,C,A,A,H,-,A,A,0,,,,,Y,,A,07,0,0,6,0,0,0,0,0,0,"- ","- ",34.57311,-118.17303,KERN,UNINCORPORATED,-118.29173991,34.950880060000003
90403522,2017,2017-03-01,9426,2017-02-20,1400,019723,,1,2,9,1500,0,3,5,,2,080,"MAPLE STREET","ORANGE AVE",0.00,,N,B,-,N,,,,,,,,,,N,3,0,2,1,A,-,08,22107,,N,F,A,A,B,H,-,A,D,0,,,Y,,Y,,C,06,0,2,0,0,0,0,0,0,2,"- ","- ",35.206949999999999,-119.40566,KERN,UNINCORPORATED,-119.40690986,35.20609005
90403648,2017,2017-03-01,9830,2017-02-23,0700,019872,,4,1,9,1500,0,3,5,,2,001,"HIGHLINE RD","TURF ST",250.00,W,N,B,-,N,,,,,,,,,,Y,4,0,1,1,A,-,03,22350,,N,F,A,A,C,H,-,A,D,0,,,,,Y,,A,07,0,0,1,0,0,0,0,0,0,"- ","- ",35.109679999999997,-118.4324,KERN,UNINCORPORATED,-118.42440437,35.109717209999999
90403827,2017,2017-03-01,9830,2017-01-12,1105,019762,,4,1,9,1500,0,3,5,,2,002,"STATE ROUTE 14 SOUTHBOUND","BUSINESS ROUTE 58 EAST",528.00,S,N,B,C,Y,,,14,,,,,,S,Y,1,1,1,1,A,-,08,22107,,N,E,I,A,B,H,-,A,D,0,,,,,Y,,A,07,1,0,0,0,0,0,0,0,0,"- ","- ",35.044159999999998,-118.17102,KERN,UNINCORPORATED,-118.17109327999999,35.044136340000001
90403976,2017,2017-03-01,9420,2017-02-24,0750,018068,,5,1,9,1500,0,1,3,,1,184,SR-184,"MULLER RD",0.00,,Y,A,-,Y,,,184,,,,,,,Y,3,0,3,3,A,-,09,21802,A,N,D,C,A,A,H,-,A,A,0,,,,,Y,,A,01,0,1,2,0,0,0,0,0,0,"- ","- ",35.325400000000002,-118.9143,KERN,UNINCORPORATED,-118.9143107,35.325400010000003
90403987,2017,2017-03-03,9426,2017-01-02,1259,019723,,1,1,9,1500,0,1,3,,1,332,"STATE ROUTE 33","HUDSON RANCH ROAD",0.00,,Y,B,-,Y,,,33,,,,,,,Y,1,1,2,2,A,-,09,21802,A,N,D,C,A,A,H,-,A,D,0,,,,,Y,,A,07,2,0,0,0,0,0,0,0,0,"- ","- ",34.960970000000003,-119.44758,KERN,UNINCORPORATED,-119.44754631000001,34.960948870000003
90403999,2017,2017-03-01,9420,2017-02-24,0406,019686,,5,3,6,1502,0,1,3,,2,094,"SR-99 N/B","WHITE LANE",750.00,S,N,A,-,Y,,,,,,,,,,Y,4,0,1,2,A,-,07,21658,A,N,C,C,A,A,H,-,C,D,0,,,,,Y,,A,01,0,0,1,0,0,0,0,0,0,"- ","- ",35.320279999999997,-119.03367,KERN,BAKERSFIELD,-119.03606000000001,35.317619999999998
90404689,2017,2017-03-02,9420,2017-02-27,1125,013475,,1,1,9,1500,0,1,3,,1,583,"SR-58 (ROSEDALE HIGHWAY)","MOHAWK STREET",69.00,E,N,B,-,Y,,,58,,,,,,,Y,4,0,1,2,A,-,01,23152,A,F,C,C,A,A,H,-,A,A,0,,,,,Y,Y,D,22,0,0,1,0,0,0,0,0,0,"- ","- ",35.383380000000002,-119.06513,KERN,UNINCORPORATED,-119.0651302,35.383325360000001
90405080,2017,2017-03-03,9420,2017-02-17,1550,020585,,5,2,9,1500,0,1,3,,2,223,SR-223,SR-58,26400.00,W,N,C,G,Y,,,223,,,,,,,Y,3,0,1,1,C,-,18,,,N,F,A,A,B,H,-,A,D,0,,,,Y,Y,,-,"- ",0,1,0,0,0,0,0,0,0,"- ","- ",35.224420000000002,-118.70865999999999,KERN,UNINCORPORATED,-118.70862442000001,35.224392160000001
90405091,2017,2017-03-03,9420,2017-02-25,2040,020784,,6,2,9,1500,0,3,5,,2,610,"GARBER WAY","REXLAND DR.",650.00,S,N,A,-,N,,,,,,,,,,N,4,0,1,2,A,-,03,22350,,M,G,B,E,A,H,-,D,D,0,Y,,,,Y,,-,99,0,0,1,0,1,0,0,0,0,"- ","- ",35.307760000000002,-118.99862,KERN,UNINCORPORATED,-118.99863999999999,35.306806469999998
90405132,2017,2017-03-03,9420,2017-02-27,1740,017146,,1,2,9,1500,0,3,5,,2,320,"KELSO CREEK RD.","COTTONTAIL RD.",100.00,S,N,A,-,N,,,,,,,,,,N,3,0,1,1,A,-,03,22350,,N,F,A,A,A,H,-,A,D,0,,,Y,,Y,,C,02,0,1,0,0,0,0,0,0,1,"- ","- ",35.630319999999998,-118.2433,KERN,UNINCORPORATED,-118.24340252,35.630619850000002
90405261,2017,2017-03-03,9420,2017-02-28,1550,019184,,2,2,6,1502,0,1,3,,2,092,"SR-99 N/B","SR-58 (ROSEDALE HWY.)",1200.00,S,N,A,-,Y,,,99,,,,,,N,N,4,0,1,2,A,-,03,22350,,N,C,C,A,A,H,-,A,D,0,,,,,Y,,D,22,0,0,1,0,0,0,0,0,0,"- ","- ",35.37811,-119.04428,KERN,BAKERSFIELD,-119.04436593,35.378109369999997
90405276,2017,2017-03-03,9420,2017-02-28,1610,019185,,2,2,9,1500,0,3,5,,2,030,"CALIENTE BODFISH ROAD","CALIENTE CREEK RD",23654.00,N,N,A,-,N,,,,,,,,,,N,3,0,1,1,A,-,03,22350,,N,F,A,A,A,H,-,A,D,0,,,Y,,Y,,C,02,0,1,0,0,0,0,0,0,1,"- ","- ",35.337479999999999,-118.57764,KERN,UNINCORPORATED,-118.57778906,35.33809411
90405300,2017,2017-03-03,9420,2017-02-28,0950,017576,,2,1,9,1500,0,3,5,,2,610,"BELLE TERRACE","BALDWIN ROAD",26.00,W,N,A,-,N,,,,,,,,,,N,4,0,1,2,A,-,03,22350,,N,C,C,A,A,H,-,A,D,0,,,,,Y,,A,08,0,0,1,0,0,0,0,0,0,"- ","- ",35.346690000000002,-119.0291,KERN,UNINCORPORATED,-119.02901706999999,35.346699569999998
90405303,2017,2017-03-03,9420,2017-03-01,0935,019466,,3,1,9,1500,0,3,5,,2,320,"BODFISH CANYON ROAD","LAKE ISABELLA BLVD.",1584.00,E,N,A,-,N,,,,,,,,,,Y,3,0,1,1,A,-,08,22107,,N,E,I,A,A,H,-,A,D,0,,,,,Y,,A,01,0,1,0,0,0,0,0,0,0,"- ","- ",35.594940000000001,-118.48963000000001,KERN,UNINCORPORATED,-118.48830203,35.593336809999997
90405473,2017,2017-03-03,9420,2017-02-28,1630,021547,,2,2,9,1500,0,1,3,,2,097,"SR-99 SOUTHBOUND","HERRING ROAD",1000.00,S,N,A,-,Y,,,99,,,,,,S,Y,3,0,1,2,A,-,01,23152,F,N,E,I,A,A,H,-,A,D,0,,,,Y,Y,,A,01,0,1,0,0,0,0,0,0,0,"- ","- ",35.147939999999998,-118.99632,KERN,UNINCORPORATED,-118.99659751999999,35.147851729999999
90405508,2017,2017-03-03,9420,2017-03-01,1640,016973,,3,2,9,1500,0,3,5,,2,620,"HEATH RD.","BLACKHAWK AVE.",120.00,N,N,A,-,N,,,,,,,,,,Y,3,0,1,2,A,-,05,21460,A,N,A,C,A,A,H,-,A,A,0,,,,,Y,,A,07,0,1,0,0,0,0,0,0,0,"- ","- ",35.359270000000002,-119.18102,KERN,UNINCORPORATED,-119.18099201,35.359299309999997
90405573,2017,2017-03-03,9420,2017-03-02,0640,014770,,4,1,9,1500,0,2,4,,1,075,"S. UNION AVE.","BARTON ST.",0.00,,Y,A,-,N,,,,,,,,,,Y,4,0,2,2,A,-,09,21802,A,N,D,C,A,A,H,-,A,D,0,,,,,Y,,A,01,0,0,2,0,0,0,0,0,0,"- ","- ",35.27037,-119.00306,KERN,UNINCORPORATED,-119.00314013000001,35.2704801
90405591,2017,2017-03-03,9420,2017-02-25,0441,019903,,6,3,9,1500,0,1,3,,2,095,"SR-99 S/B",SR-119,2420.00,N,N,A,-,Y,,,,,,,,,,Y,4,0,1,3,A,-,01,23152,A,N,F,A,A,A,H,-,C,D,0,,,,,Y,Y,E,22,0,0,1,0,0,0,0,0,0,"- ","- ",35.2804,-119.02930000000001,KERN,UNINCORPORATED,,
90405608,2017,2017-03-03,9420,2017-02-20,1120,018486,,1,1,9,1500,0,3,5,,2,672,"MADISON STREET","CASA LOMA DRIVE",50.00,N,N,B,-,N,,,,,,,,,,Y,4,0,3,2,A,-,03,22350,,N,C,C,A,A,H,-,A,D,0,,,,,Y,,A,01,0,0,3,0,0,0,0,0,0,"- ","- ",35.340600000000002,-118.99460000000001,KERN,UNINCORPORATED,-118.99425841999999,35.339587190000003
90405616,2017,2017-03-03,9420,2017-03-02,1008,015259,,4,1,9,1500,0,1,3,,1,184,"STATE ROUTE-184 S/B (WEEDPATCH HIGHWAY)","STATE ROUTE-58 O/C",276.00,N,N,A,-,Y,,,184,,,,,,S,Y,4,0,2,2,A,-,07,21658,A,N,D,C,A,A,H,-,A,D,0,,,,,Y,,D,22,0,0,2,0,0,0,0,0,0,"- ","- ",35.353349999999999,-118.91435,KERN,UNINCORPORATED,-118.91419641,35.353349999999999
90405963,2017,2017-03-06,9420,2017-02-27,1126,013475,,1,1,9,1500,0,1,3,,1,583,"SR-58 (ROSEDALE HIGHWAY)","FRUITVALE AVENUE",18.00,W,N,B,-,Y,,,58,,,,,,,Y,3,0,2,4,A,-,01,23152,A,F,A,C,A,A,H,-,A,A,0,,,,,Y,Y,D,22,0,1,1,0,0,0,0,0,0,"- ","- ",35.383339999999997,-119.07442,KERN,UNINCORPORATED,-119.07441996,35.383352760000001
90405992,2017,2017-03-06,9420,2017-02-21,0836,019598,,2,1,9,1500,0,3,5,,2,310,"BODFISH CANYON ROAD","615 BODFISH CYN RD.",15.00,W,N,B,-,N,,,,,,,,,,Y,4,0,1,1,A,-,08,22107,,N,E,I,A,A,H,-,A,D,0,,,,,Y,,A,01,0,0,1,0,0,0,0,0,0,"- ","- ",35.590679999999999,-118.48495,KERN,UNINCORPORATED,,
90406137,2017,2017-03-06,9426,2017-02-24,1558,018023,,5,2,9,1500,0,1,1,,2,506,"STOCKDALE HWY",SR-43,2640.00,W,N,A,-,N,,,,,,,,,,Y,3,0,1,4,A,-,03,22350,,N,C,C,A,A,H,-,A,D,0,,,,,Y,,D,22,0,1,0,0,0,0,0,0,0,"- ","- ",35.35436,-119.26106,KERN,UNINCORPORATED,-119.26101744,35.354417089999998
90406162,2017,2017-03-06,9426,2017-02-27,1242,016804,,1,1,9,1500,0,3,5,,2,085,"CORCORAN RD","MCCOMBS RD",15840.00,N,N,A,-,N,,,,,,,,,,Y,3,0,1,1,A,-,08,22107,,N,E,I,A,A,H,-,A,D,0,,,,Y,Y,,F,27,0,1,0,0,0,0,0,0,0,"- ","- ",35.640549999999998,-119.57974,KERN,UNINCORPORATED,-119.58000054999999,35.659189329999997
90406275,2017,2017-03-06,9426,2017-03-03,1430,019206,,5,2,9,1500,0,1,3,,1,118,"STATE ROUTE 119","TAMARISK RD",90.00,W,N,A,-,Y,,,119,,,,,,,Y,4,0,1,3,A,-,03,22350,,N,C,C,A,A,H,-,A,D,0,,,,Y,Y,,D,22,0,0,1,0,0,0,0,0,0,"- ","- ",35.212629999999997,-119.40051,KERN,UNINCORPORATED,-119.40055081,35.21269084
90406302,2017,2017-03-06,9420,2017-02-24,2225,020093,,5,3,9,1500,0,1,3,,2,096,"SR-99 N/B","SANDRINI RD",2640.00,N,N,B,-,Y,,,99,,,,,,N,Y,2,0,1,1,A,-,08,22107,,N,F,A,A,A,H,-,C,D,0,,,,,Y,,A,01,1,0,0,0,0,0,0,0,0,"- ","- ",35.1295,-118.99039999999999,KERN,UNINCORPORATED,-118.99046244,35.1294805
90406326,2017,2017-03-06,9420,2017-02-25,1230,019098,,6,1,9,1500,0,2,4,,1,071,"OSWELL STREET","VIRGINIA AVENUE",90.00,S,N,A,-,N,,,,,,,,,,N,4,0,2,3,A,-,21,22106,,N,C,C,A,A,H,-,A,D,0,,,,,Y,,D,22,0,0,2,0,0,0,0,0,0,"- ","- ",35.361400000000003,-118.94982,KERN,UNINCORPORATED,-118.94987475000001,35.361163089999998
90406421,2017,2017-03-06,9430,2017-03-03,1330,018631,,5,1,9,1500,0,3,5,,2,004,"WHEELER RIDGE RD. (SR-184)","SANTA ELENA DR.",1011.00,N,N,A,-,N,,,,,,,,,,Y,3,0,2,2,A,-,09,21801,A,N,D,C,A,A,D,H,A,D,0,,,Y,,Y,,E,22,0,2,0,0,0,0,0,0,2,"- ","- ",34.99859,-118.94307999999999,KERN,UNINCORPORATED,-118.94302150999999,34.998342880000003
90406497,2017,2017-03-06,9420,2017-02-25,1845,019184,,6,2,6,1502,0,1,3,,2,094,"SR-99 NB FROM MING AVE.","MING AVE.",670.00,N,N,B,-,Y,,,99,,,,R,,N,Y,2,0,1,1,A,-,03,22350,,N,F,A,A,A,B,-,D,D,0,,,Y,,Y,,C,02,1,0,0,0,0,0,0,0,1,"- ","- ",35.3414,-119.03926,KERN,BAKERSFIELD,-119.03926,35.3414
90406538,2017,2017-03-06,9420,2017-02-25,1540,019829,,6,2,9,1500,0,3,5,,2,510,"PETERSON ROAD","DRIVER ROAD",1950.00,E,N,A,-,N,,,,,,,,,,Y,3,0,5,2,A,-,21,22106,,N,D,C,A,A,H,-,A,D,0,,,,,Y,,D,22,0,2,3,0,0,0,0,0,0,"- ","- ",35.703420000000001,-119.19781,KERN,UNINCORPORATED,-119.19837948,35.703362179999999
90406567,2017,2017-03-06,9430,2017-03-04,1450,018567,,6,2,9,1500,0,1,1,,2,052,"I-5 N/B (GOLDEN STATE FWY.)","LEBEC RD. OVERCROSSING",5092.00,S,N,A,-,Y,,,5,,,,,,N,Y,4,0,2,2,A,-,07,21658,A,N,B,C,A,A,H,-,A,D,0,,,,Y,Y,,G,25,0,0,2,0,0,0,0,0,0,"- ","- ",34.855580000000003,-118.87435000000001,KERN,UNINCORPORATED,-118.87441846999999,34.855530770000001
90407049,2017,2017-03-07,9426,2017-03-01,1715,015472,,3,2,9,1500,0,1,1,,2,504,"I-5 S/B",SR-119,1584.00,S,N,A,-,Y,,,5,,,,,,S,Y,4,0,1,1,A,-,08,22107,,N,F,I,A,A,H,-,A,A,0,,,,Y,Y,,F,26,0,0,1,0,0,0,0,0,0,"- ","- ",35.262300000000003,-119.2196,KERN,UNINCORPORATED,-119.21966146,35.2622347
90407156,2017,2017-03-07,9420,2017-02-27,0205,020093,,1,3,9,1500,0,1,3,,1,650,"SR-65 N/B","MERCED AVE",4752.00,N,N,B,-,Y,,,65,,,,,,N,Y,3,0,2,1,A,-,08,22107,,N,F,A,A,A,H,-,D,D,0,,,,,Y,,A,01,0,1,1,0,0,0,0,0,0,"- ","- ",35.5426,-119.0857,KERN,UNINCORPORATED,-119.08576982,35.54258446
90407242,2017,2017-03-07,9420,2017-02-28,0005,018524,,2,3,9,1500,0,3,5,,2,672,"SOUTH P STREET","MING AVENUE",15.00,S,N,A,-,N,,,,,,,,,,N,3,0,1,2,A,-,08,22107,,F,G,B,F,A,H,-,C,D,0,Y,,,,Y,,-,99,0,1,0,0,1,0,0,0,0,"- ","- ",35.339329999999997,-119.01188999999999,KERN,UNINCORPORATED,-119.01186,35.33943884
90407251,2017,2017-03-07,9420,2017-03-01,1714,019185,,3,2,9,1500,0,2,4,,1,075,"SOUTH UNION AVENUE","WHITE LANE",12.00,N,N,A,-,N,,,,,,,,,,N,3,0,1,2,A,-,21,22106,,N,H,G,A,A,H,-,A,A,0,,Y,,,Y,,A,01,0,1,0,0,0,0,1,0,0,"- ","- ",35.317839999999997,-119.00320000000001,KERN,UNINCORPORATED,-119.00313,35.31778293
90407271,2017,2017-03-07,9420,2017-03-01,0820,018030,,3,1,9,1500,0,3,5,,2,672,"S CHESTER AVE","DORIAN DR",0.00,,Y,A,-,N,,,,,,,,,,Y,4,0,2,2,A,-,09,21802,A,N,D,C,A,A,H,-,A,A,0,,,,,Y,,A,01,0,0,2,0,0,0,0,0,0,"- ","- ",35.330950000000001,-119.0136,KERN,UNINCORPORATED,-119.01331009,35.330940030000001
90407460,2017,2017-03-07,9420,2017-02-22,0610,012768,,3,1,4,1503,0,1,3,,2,091,"SR-99 S/B","COUNTY LINE ROAD",1100.00,S,N,A,-,Y,,,99,,,,,,S,Y,4,0,2,2,A,-,08,22107,,N,B,C,A,A,H,-,A,D,0,,,,Y,Y,,A,07,0,0,2,0,0,0,0,0,0,"- ","- ",35.790089999999999,-119.25109999999999,KERN,DELANO,-119.25082421,35.790223679999997
90407468,2017,2017-03-07,9420,2017-02-23,1630,016969,,4,2,9,1500,0,3,5,,2,672,"PANAMA RD","COTTONWOOD RD",555.00,W,N,A,-,N,,,,,,,,,,Y,4,0,3,3,A,-,03,22350,,N,C,C,A,A,H,-,A,D,0,,,,,Y,,A,01,0,0,3,0,0,0,0,0,0,"- ","- ",35.266849999999998,-118.98714,KERN,UNINCORPORATED,-118.98718672,35.266869999999997
90407728,2017,2017-03-07,9830,2017-01-30,1905,014565,,1,2,9,1500,0,1,3,,1,040,"STATE ROUTE 14 SOUTHBOUND","BUSINESS 58 NORTH",457.00,N,N,A,-,Y,,,,,,,,,,N,1,1,1,3,A,-,11,21954,A,N,G,B,D,A,H,-,D,D,0,Y,,,,Y,,N,60,1,0,0,1,1,0,0,0,0,"- ","- ",34.067329999999998,-118.17682000000001,KERN,UNINCORPORATED,,
90408087,2017,2017-03-08,9420,2017-03-03,1511,016969,,5,2,9,1500,0,3,5,,2,671,"HALL RD","ELMCO AVE",129.00,E,N,A,-,N,,,,,,,,,,N,4,0,1,2,A,-,03,22350,,N,C,C,A,A,H,-,A,D,0,,,,,Y,,D,22,0,0,1,0,0,0,0,0,0,"- ","- ",35.259709999999998,-118.91175,KERN,UNINCORPORATED,-118.91175848,35.259700000000002
90408464,2017,2017-03-08,9420,2017-03-04,1245,018608,,6,1,9,1500,0,3,5,,2,671,"MYTLE AVENUE","SEGRUE ROAD",20.00,S,N,A,-,N,,,,,,,,,,Y,3,0,1,2,A,-,01,23152,A,M,C,C,A,A,H,-,A,A,0,,,,,Y,Y,A,07,0,1,0,0,0,0,0,0,0,"- ","- ",35.256010000000003,-118.90980999999999,KERN,UNINCORPORATED,-118.90980999999999,35.256025129999998
90408606,2017,2017-03-08,9420,2017-03-02,1055,019903,,4,1,9,1500,0,3,5,,2,050,"WILSON AVE","WELLS AVE",93.00,W,N,A,-,N,,,,,,,,,,Y,4,0,1,2,A,-,08,22107,,N,C,E,A,A,H,-,A,D,0,,,,,Y,,D,22,0,0,1,0,0,0,0,0,0,"- ","- ",35.417319999999997,-119.02594000000001,KERN,UNINCORPORATED,-119.02593173,35.417301430000002
90408649,2017,2017-03-08,9420,2017-03-05,0715,016153,,7,1,9,1500,0,2,4,,1,064,"OLIVE DR.","OAKHAVEN ST.",47.00,E,N,B,-,N,,,,,,,,,,Y,3,0,3,2,A,-,03,22350,,N,C,C,A,A,H,-,A,D,0,,,,,Y,,A,01,0,2,1,0,0,0,0,0,0,"- ","- ",35.41245,-119.06986000000001,KERN,UNINCORPORATED,-119.06990245999999,35.412439460000002
90408814,2017,2017-04-05,9420,2017-02-24,2245,019351,,5,3,9,1500,0,3,5,,2,040,"N. BAKER STREET","KNOTTS ST.",10.00,S,N,A,-,N,,,,,,,,,,N,3,0,1,2,A,-,10,21950,A,F,G,B,B,A,H,-,D,D,0,Y,,,,Y,,A,07,0,1,0,0,1,0,0,0,0,"- ","- ",35.019210000000001,-118.02912999999999,KERN,UNINCORPORATED,-118.98756973,35.391262560000001
90409134,2017,2017-03-09,9420,2017-03-04,0844,016767,,6,1,9,1500,0,1,3,,2,091,"SR-99 S/B","ELMO HIGHWAY O/C",2640.00,N,N,A,-,Y,,,99,,,,,,S,Y,2,0,1,1,A,-,01,23152,A,N,E,I,A,A,H,-,A,D,0,,,,,Y,Y,A,01,1,0,0,0,0,0,0,0,0,"- ","- ",35.696179999999998,-119.23174,KERN,UNINCORPORATED,-119.23151771000001,35.6962318
90409190,2017,2017-03-09,9420,2017-03-05,1105,018807,,7,1,6,1502,0,1,3,,2,093,SR-99(SOUTHBOUND),"SR-58(ROSEDALE HWY)",46.00,N,N,B,C,Y,,,99,,,,,,,Y,4,0,1,2,A,-,03,22350,,N,E,I,A,B,H,-,A,D,0,,,,,Y,,D,22,0,0,1,0,0,0,0,0,0,"- ","- ",35.382899999999999,-119.0445,KERN,BAKERSFIELD,-119.04440473,35.382900810000002
90409235,2017,2017-03-09,9420,2017-03-05,1700,019856,,7,2,9,1500,0,3,5,,2,672,"CALIENTE CREEK ROAD (23300 BLOCK)","CAL BODFISH ROAD",7920.00,E,N,C,-,N,,,,,,,,,,Y,4,0,2,1,C,-,18,,,N,E,J,A,B,H,-,D,D,0,,,,,Y,,-,"- ",0,0,2,0,0,0,0,0,0,"- ","- ",35.312130000000003,-118.56045,KERN,UNINCORPORATED,,
90409363,2017,2017-03-09,9426,2017-03-05,1640,015472,,7,2,9,1500,0,1,3,,1,332,SR-33,"ELKHORN GRADE RD",1056.00,S,N,A,G,Y,,,,,,,,,,Y,3,0,2,2,A,-,01,23152,A,N,B,C,A,A,H,-,A,A,0,,,,,Y,Y,A,01,0,1,1,0,0,0,0,0,0,"- ","- ",35.039999999999999,-119.4263,KERN,UNINCORPORATED,-119.42068981,35.039397520000001
90409723,2017,2017-03-10,9420,2017-03-06,0808,018807,,1,1,6,1502,0,1,3,,2,584,"E/B SR-58 TO COTTONWOOD ROAD","COTTONWOOD ROAD",50.00,W,N,A,-,Y,,,58,,,,R,,,N,4,0,1,2,A,-,03,22350,,M,C,C,A,A,H,-,A,A,0,,,,,Y,,A,01,0,0,1,0,0,0,0,0,0,"- ","- ",35.351900000000001,-118.98560000000001,KERN,BAKERSFIELD,-118.98560000000001,35.351900000000001
90410849,2017,2017-03-13,9420,2017-01-19,1307,018030,,4,1,6,1502,0,1,3,,2,093,"STATE ROUTE-99 SOUTHBOUND","STATE ROUTE-58 (ROSEDALE HWY)",0.00,,Y,B,-,Y,,,99,,,,,,S,Y,1,1,1,3,A,-,03,22350,,N,C,C,A,B,H,-,A,D,0,,,,Y,Y,,A,01,0,1,0,0,0,0,0,0,0,"- ","- ",35.383189999999999,-119.04443000000001,KERN,BAKERSFIELD,-119.0446693,35.383191029999999
90410867,2017,2017-04-05,9420,2017-02-09,0200,012768,,4,3,9,1500,0,3,5,,2,040,"ROUND MOUNTAIN ROAD","GRANITE ROAD",13728.00,E,N,B,-,N,,,,,,,,,,Y,1,1,1,1,A,-,01,23152,F,N,E,I,A,A,H,-,D,D,0,,,,,Y,,D,22,0,1,0,0,0,0,0,0,0,"- ","- ",35.305959999999999,-118.55244999999999,KERN,UNINCORPORATED,-118.92650346000001,35.516848080000003
90410896,2017,2017-03-13,9420,2017-03-01,1830,017560,,3,2,9,1500,0,3,5,,2,070,"HALEY ST.","PEARL ST.",0.00,,Y,A,-,N,,,,,,,,,,N,4,0,1,2,A,-,08,22107,,F,G,B,E,A,H,-,D,D,0,Y,,,,Y,,-,99,0,0,1,0,1,0,0,0,0,"- ","- ",35.387900000000002,-118.97711,KERN,UNINCORPORATED,-118.97723007,35.387880109999998
9041093,2020,2020-03-11,1509,2020-01-21,1614,1006,W,2,5,3,1509,0,0,0,,0,,"N MILL ST","SOUTH CURB OF PARKING LOT",350.00,N,N,A,-,N,,,,,,,,,,N,3,0,1,2,A,-,21,22106,,F,G,B,F,A,H,-,A,D,0,Y,,,,Y,,-,,0,1,0,0,1,0,0,0,0,"- ","- ",,,KERN,TEHACHAPI,,
90410994,2017,2017-03-13,9420,2017-03-02,1940,015896,,4,2,2,1505,0,1,3,,2,090,"SR-99 N/B FROM PERKINS AVE","PERKINS AVE",300.00,N,N,A,-,Y,,,99,,,,R,,N,N,4,0,1,2,A,-,03,22350,,N,C,C,A,A,H,-,D,D,0,,,,,Y,,A,01,0,0,1,0,0,0,0,0,0,"- ","- ",35.683999999999997,-119.22839999999999,KERN,MCFARLAND,-119.22839999999999,35.683999999999997
90411213,2017,2017-03-13,9420,2017-03-10,1446,019686,,5,2,9,1500,0,2,4,,1,071,"FAIRFAX ROAD","EUCALYPTUS DR.",600.00,S,N,A,-,N,,,,,,,,,,Y,4,0,1,2,A,-,08,22107,,N,A,C,A,A,H,-,A,D,0,,,,,Y,,D,22,0,0,1,0,0,0,0,0,0,"- ","- ",35.362929999999999,-118.93167,KERN,UNINCORPORATED,-118.93201535,35.363547099999998
90411265,2017,2017-03-13,9420,2017-03-09,2017,019686,,4,2,9,1500,0,2,4,,1,071,"MT. VERNON AVENUE","CALIFORNIA AVENUE",150.00,N,N,A,-,N,,,,,,,,,,Y,3,0,4,3,A,-,03,22350,,F,C,C,A,A,H,-,C,D,0,,,,,Y,,A,01,0,1,3,0,0,0,0,0,0,"- ","- ",35.369,-118.96760999999999,KERN,UNINCORPORATED,-118.96762,35.369091470000001
90411382,2017,2017-03-13,9420,2017-02-22,0945,012768,,3,1,9,1500,0,1,3,,2,431,SR-43,"GARCES HWY.",0.00,,Y,A,-,Y,,,43,,,,,,,Y,3,0,2,2,A,-,09,21802,A,N,D,C,A,A,H,-,A,A,0,,,,,Y,,A,07,0,1,1,0,0,0,0,0,0,"- ","- ",35.761980000000001,-119.34478,KERN,UNINCORPORATED,-119.34471889,35.76200987
90411523,2017,2017-03-13,9830,2017-03-05,2330,020167,,7,3,9,1500,0,1,3,,2,012,"SR-58 W/B","SAND CANYON RD",9029.00,W,N,A,-,Y,,,58,,,,,,W,Y,4,0,1,1,A,-,08,22107,,N,F,A,A,A,H,-,D,D,0,,,,,Y,,A,01,0,0,1,0,0,0,0,0,0,"- ","- ",35.110779999999998,-118.35144,KERN,UNINCORPORATED,-118.35144751999999,35.110732980000002
90411812,2017,2017-03-14,9420,2017-03-12,1923,019442,,7,2,9,1500,0,1,3,,2,204,"SR-204 S/B","F"" STREET""",55.00,N,N,A,-,Y,,,,,,,,,,Y,3,0,2,4,A,-,01,23152,A,F,C,C,A,A,H,-,C,A,0,,,,,Y,Y,A,01,0,2,0,0,0,0,0,0,0,"- ","- ",35.389609999999998,-119.02314,KERN,UNINCORPORATED,,