CASE_ID,ACCIDENT_YEAR,PROC_DATE,JURIS,COLLISION_DATE,COLLISION_TIME,OFFICER_ID,REPORTING_DISTRICT,DAY_OF_WEEK,CHP_SHIFT,POPULATION,CNTY_CITY_LOC,SPECIAL_COND,BEAT_TYPE,CHP_BEAT_TYPE,CITY_DIVISION_LAPD,CHP_BEAT_CLASS,BEAT_NUMBER,PRIMARY_RD,SECONDARY_RD,DISTANCE,DIRECTION,INTERSECTION,WEATHER_1,WEATHER_2,STATE_HWY_IND,CALTRANS_COUNTY,CALTRANS_DISTRICT,STATE_ROUTE,ROUTE_SUFFIX,POSTMILE_PREFIX,POSTMILE,LOCATION_TYPE,RAMP_INTERSECTION,SIDE_OF_HWY,TOW_AWAY,COLLISION_SEVERITY,NUMBER_KILLED,NUMBER_INJURED,PARTY_COUNT,PRIMARY_COLL_FACTOR,PCF_CODE_OF_VIOL,PCF_VIOL_CATEGORY,PCF_VIOLATION,PCF_VIOL_SUBSECTION,HIT_AND_RUN,TYPE_OF_COLLISION,MVIW,PED_ACTION,ROAD_SURFACE,ROAD_COND_1,ROAD_COND_2,LIGHTING,CONTROL_DEVICE,CHP_ROAD_TYPE,PEDESTRIAN_ACCIDENT,BICYCLE_ACCIDENT,MOTORCYCLE_ACCIDENT,TRUCK_ACCIDENT,NOT_PRIVATE_PROPERTY,ALCOHOL_INVOLVED,STWD_VEHTYPE_AT_FAULT,CHP_VEHTYPE_AT_FAULT,COUNT_SEVERE_INJ,COUNT_VISIBLE_INJ,COUNT_COMPLAINT_PAIN,COUNT_PED_KILLED,COUNT_PED_INJURED,COUNT_BICYCLIST_KILLED,COUNT_BICYCLIST_INJURED,COUNT_MC_KILLED,COUNT_MC_INJURED,PRIMARY_RAMP,SECONDARY_RAMP,LATITUDE,LONGITUDE,COUNTY,CITY,POINT_X,POINT_Y
90439683,2017,2017-04-21,9420,2017-04-14,1714,019856,,5,2,9,1500,0,3,5,,2,050,"OLYMPIC DR (2700 BLOCK)","CHARLESTON DR",139.00,S,N,A,-,N,,,,,,,,,,N,2,0,1,2,A,-,03,22350,,N,F,A,A,A,H,-,A,D,0,,,Y,,Y,,C,02,1,0,0,0,0,0,0,0,1,"- ","- ",35.431069999999998,-119.01784000000001,KERN,UNINCORPORATED,-119.01788207,35.431015600000002
90439684,2017,2017-04-21,9426,2017-04-08,0130,019723,,6,3,9,1500,0,3,5,,2,082,"BUTTONWILLOW DR","BRITE RD",42.00,S,N,A,-,N,,,,,,,,,,Y,4,0,1,1,A,-,03,22350,,N,E,I,A,A,H,-,D,D,0,,,,,Y,,A,07,0,0,1,0,0,0,0,0,0,"- ","- ",35.369019999999999,-119.4746,KERN,UNINCORPORATED,-119.47418181,35.368891560000002
90439749,2017,2017-04-21,9426,2017-04-20,0549,016953,,4,3,9,1500,0,1,3,,1,167,SR-166,"OLD RIVER RD",10560.00,W,N,A,-,Y,,,166,,,,,,,Y,4,0,1,2,A,-,03,22350,,N,B,C,A,A,H,-,A,D,0,,,,Y,Y,,D,22,0,0,1,0,0,0,0,0,0,"- ","- ",35.058590000000002,-119.17541,KERN,UNINCORPORATED,-119.17540990000001,35.058552319999997
90439751,2017,2017-04-21,9420,2017-04-14,2050,019649,,5,2,9,1500,0,3,5,,2,672,"CALIENTE CREEK RD","INDIAN CREEK RD",2640.00,E,N,A,-,N,,,,,,,,,,Y,4,0,1,1,A,-,08,22107,,N,E,J,A,A,H,-,D,D,0,,,,,Y,,D,22,0,0,1,0,0,0,0,0,0,"- ","- ",35.306330000000003,-118.43106,KERN,UNINCORPORATED,-118.43055732000001,35.306779579999997
90439760,2017,2017-04-21,9420,2017-04-15,0949,015259,,6,1,9,1500,0,3,5,,2,610,"SHANNON DRIVE","MCKEE ROAD",0.00,,Y,A,-,N,,,,,,,,,,Y,4,0,1,2,A,-,09,21802,A,N,D,C,A,A,H,-,A,A,0,,,,,Y,,A,01,0,0,1,0,0,0,0,0,0,"- ","- ",35.274189999999997,-119.01202000000001,KERN,UNINCORPORATED,-119.01199011999999,35.274060009999999
90439769,2017,2017-04-21,9420,2017-04-09,0915,019353,,7,1,9,1500,0,1,3,,2,584,"BENA ROAD","SR-58 W/B",26928.00,N,N,A,-,N,,,,,,,,,,Y,4,0,1,1,A,-,08,22107,,N,E,J,A,A,H,-,A,D,0,,,Y,,Y,,C,02,0,0,1,0,0,0,0,0,1,"- ","- ",35.300980000000003,-118.69335,KERN,UNINCORPORATED,-118.69318843000001,35.300937169999997
90440328,2017,2017-04-24,9420,2017-04-12,2202,017243,,3,3,9,1500,0,1,3,,2,204,"SR-204 N/B","AIRPORT DR.",1009.00,S,N,A,-,Y,,,204,,,,,,N,Y,2,0,1,3,C,-,18,,,N,G,B,E,A,H,-,D,D,0,Y,,,,Y,,-,"- ",1,0,0,0,1,0,0,0,0,"- ","- ",35.40063,-119.03839000000001,KERN,UNINCORPORATED,-119.03836812,35.400674129999999
90440388,2017,2017-04-24,9830,2017-04-14,0735,014774,,5,1,9,1500,0,2,4,,1,034,"ROSAMOND BLVD.","SIERRA HWY",60.00,E,N,A,-,N,,,,,,,,,,N,4,0,1,2,A,-,11,21954,A,N,G,B,E,A,H,-,A,D,0,Y,,,,Y,,N,60,0,0,1,0,1,0,0,0,0,"- ","- ",34.864069999999998,-118.16273,KERN,UNINCORPORATED,-118.16311181,34.864399540000001
90440402,2017,2017-04-24,9830,2017-04-08,1822,021137,,6,2,9,1500,0,3,5,,2,005,"UNNAMED DIRT TRAIL","GARLOCK ROAD",5280.00,S,N,A,G,N,,,,,,,,,,N,4,0,1,1,A,-,01,23152,A,N,F,A,A,A,H,-,A,D,0,,,Y,,Y,Y,C,02,0,0,1,0,0,0,0,0,1,"- ","- ",35.418599999999998,-117.67265999999999,KERN,UNINCORPORATED,-117.73530364,35.413946119999999
90440406,2017,2017-04-24,9830,2017-04-15,1540,014774,,6,2,9,1500,0,3,5,,2,003,"TEHACHAPI WILLOW SPRINGS RD","TRUMAN RD",2112.00,N,N,A,-,N,,,,,,,,,,Y,4,0,1,1,A,-,03,22350,,N,F,A,A,A,H,-,A,D,0,,,Y,,Y,,C,02,0,0,1,0,0,0,0,0,1,"- ","- ",34.879570000000001,-118.29366,KERN,UNINCORPORATED,-118.29362690000001,34.879798030000003
90440426,2017,2017-04-24,9830,2017-04-15,1150,019883,,6,1,9,1500,0,1,3,,1,050,SR-14,"SR-178 WEST",0.00,,Y,A,-,Y,,,,,,,,,,Y,4,0,4,2,A,-,09,21802,A,N,D,C,A,A,H,-,A,A,0,,,,,Y,,A,07,0,0,4,0,0,0,0,0,0,"- ","- ",35.360930000000003,-117.54170000000001,KERN,UNINCORPORATED,,
90440677,2017,2017-06-06,9420,2017-04-14,1830,019856,,5,2,9,1500,0,3,5,,2,050,"JAMES ROAD (900 BLOCK)","PETROL ROAD",0.00,,Y,A,-,N,,,,,,,,,,N,4,0,1,2,A,-,09,21802,A,N,D,A,A,A,H,-,A,A,0,,,,,Y,,A,01,0,0,1,0,0,0,0,0,0,"- ","- ",35.448590000000003,-119.03091000000001,KERN,UNINCORPORATED,-119.03094004,35.448540100000002
90440867,2017,2017-04-24,9420,2017-04-16,1235,017576,,7,1,9,1500,0,1,3,,1,184,SR-184,"DIGIORGIO ROAD",0.00,,Y,A,-,Y,,,184,,,,,,,Y,4,0,3,2,D,-,00,,,N,D,C,A,A,H,-,A,A,0,,,,,Y,,-,"- ",0,0,3,0,0,0,0,0,0,"- ","- ",35.252279999999999,-118.91442000000001,KERN,UNINCORPORATED,-118.91442358,35.25228001
90441511,2017,2017-04-25,9420,2017-04-17,2008,020585,,1,2,9,1500,0,1,3,,1,184,SR-184,"EUCALYPTUS DR.",35.00,N,N,A,-,Y,,,184,,,,,,,N,4,0,2,2,A,-,03,22350,,M,C,C,A,A,H,-,C,D,0,,,,,Y,,A,01,0,0,2,0,0,0,0,0,0,"- ","- ",35.365409999999997,-118.91439,KERN,UNINCORPORATED,-118.91424641,35.365409800000002
90441525,2017,2017-04-25,9420,2017-04-17,0830,015466,,1,1,9,1500,0,1,3,,2,179,SR-178,"CANEBRAKE ROAD",16368.00,E,N,A,-,Y,,,178,,,,,,,Y,4,0,1,1,A,-,03,22350,,N,E,I,A,A,H,-,A,D,0,,,,,Y,,A,01,0,0,1,0,0,0,0,0,0,"- ","- ",35.726799999999997,-118.07714,KERN,UNINCORPORATED,-118.07718633,35.726808669999997
90441530,2017,2017-04-25,9420,2017-04-17,1940,020501,,1,2,9,1500,0,2,4,,1,052,"NORRIS RD","BEDFORD WAY",0.00,,Y,A,-,N,,,,,,,,,,Y,3,0,1,2,A,-,09,21801,A,F,F,A,A,A,H,-,D,D,0,,,Y,,Y,,A,01,0,1,0,0,0,0,0,0,1,"- ","- ",35.419690000000003,-119.01869000000001,KERN,UNINCORPORATED,-119.01872002,35.419750059999998
90441549,2017,2017-04-25,9420,2017-04-18,0920,018807,,2,1,9,1500,0,2,4,,1,052,"ROBERTS LANE","N. CHESTER AVENUE",306.00,W,N,C,-,N,,,,,,,,,,N,4,0,1,2,A,-,09,21804,A,N,D,C,A,B,H,-,A,D,0,,,,,Y,,D,22,0,0,1,0,0,0,0,0,0,"- ","- ",35.408499999999997,-119.0219,KERN,UNINCORPORATED,-119.02210559,35.408639999999998
90441653,2017,2017-04-25,9426,2017-04-15,2100,018633,,6,2,9,1500,0,1,1,,2,504,"I-5 S/B",SR-43,1415.00,N,N,A,-,Y,,,,,,,,,,Y,4,0,3,1,A,-,08,22107,,N,F,A,A,A,H,-,D,D,0,,,,,Y,,A,01,0,0,3,0,0,0,0,0,0,"- ","- ",35.300089999999997,-119.25892,KERN,UNINCORPORATED,,
90442211,2017,2017-04-26,9420,2017-04-15,2254,019311,,6,3,9,1500,0,1,3,,2,223,SR-223,"ASHE RD",0.00,,Y,A,-,Y,,,,,,,,,,Y,2,0,3,2,A,-,01,23152,A,N,D,C,A,A,H,-,D,A,0,,,,Y,Y,Y,A,01,2,1,0,0,0,0,0,0,0,"- ","- ",35.123190000000001,-119.53231,KERN,UNINCORPORATED,,
90442219,2017,2017-04-26,9420,2017-04-17,1315,018626,,1,1,6,1502,0,1,3,,2,584,"SR-58 EASTBOUND","HUGHES LANE",550.00,W,N,B,-,Y,,,58,,,,,,E,Y,4,0,1,2,A,-,03,22350,,N,C,C,A,A,D,-,A,D,0,,,,,Y,,A,01,0,0,1,0,0,0,0,0,0,"- ","- ",35.35257,-119.03214,KERN,BAKERSFIELD,-119.03214113999999,35.35248326
90442241,2017,2017-04-26,9426,2017-04-17,0125,016579,,1,3,9,1500,0,1,1,,2,502,"I-5 S/B","7TH STANDARD RD",8976.00,S,N,A,-,Y,,,5,,,,,,S,Y,2,0,12,4,A,-,08,22107,,N,C,E,E,A,H,-,D,D,0,Y,,,,Y,,A,01,2,1,9,0,2,0,0,0,0,"- ","- ",35.425559999999997,-119.43414,KERN,UNINCORPORATED,-119.43411826000001,35.425589909999999
90442285,2017,2017-04-26,9420,2017-04-18,0800,018807,,2,1,9,1500,0,3,5,,2,610,"BELLE TERRACE","CASTRO LANE",100.00,E,N,C,-,N,,,,,,,,,,N,4,0,1,3,A,-,03,22350,,N,C,C,A,B,H,-,A,A,0,,,,,Y,,A,01,0,0,1,0,0,0,0,0,0,"- ","- ",35.346600000000002,-119.03400000000001,KERN,UNINCORPORATED,-119.03413510999999,35.346696960000003
90442312,2017,2017-04-27,9420,2017-04-18,0545,019351,,2,3,9,1500,0,3,5,,2,060,"NORD RD.","BRIMHALL RD.",0.00,,Y,A,-,N,,,,,,,,,,Y,3,0,2,2,A,-,12,22450,A,N,D,C,A,B,H,-,B,A,0,,,,,Y,,D,22,0,1,1,0,0,0,0,0,0,"- ","- ",35.368960000000001,-119.19880000000001,KERN,UNINCORPORATED,-119.19878998999999,35.368910020000001
90442359,2017,2017-04-26,9420,2017-04-19,0730,016767,,3,1,9,1500,0,3,5,,2,070,"DEACON AVENUE","STERLING ROAD",0.00,,Y,A,-,N,,,,,,,,,,Y,4,0,2,3,A,-,09,21802,A,N,D,C,A,A,H,-,A,A,0,,,,,Y,,D,22,0,0,2,0,0,0,0,0,0,"- ","- ",35.361530000000002,-118.94067,KERN,UNINCORPORATED,-118.94090005,35.361460110000003
90442466,2017,2017-04-26,9420,2017-04-20,1348,016767,,4,1,9,1500,0,2,4,,1,071,"FAIRFAX ROAD","PIONEER DRIVE",150.00,N,N,A,-,N,,,,,,,,,,Y,4,0,1,2,A,-,03,22350,,N,C,C,A,A,H,-,A,D,0,,,,,Y,,A,01,0,0,1,0,0,0,0,0,0,"- ","- ",35.369210000000002,-118.93195,KERN,UNINCORPORATED,-118.93194,35.369181560000001
90442473,2017,2017-04-26,9420,2017-04-19,1735,018932,,3,2,9,1500,0,3,5,,2,672,"CASA LOMA DR","MADISON ST",0.00,,Y,A,-,N,,,,,,,,,,Y,2,0,1,4,A,-,01,23152,A,M,D,C,A,A,H,-,A,A,0,,,,,Y,Y,D,22,1,0,0,0,0,0,0,0,0,"- ","- ",35.339440000000003,-118.99419,KERN,UNINCORPORATED,-118.99426011,35.339450030000002
90442505,2017,2017-04-26,9420,2017-04-21,0715,019829,,5,1,9,1500,0,2,4,,1,052,"NORRIS ROAD","MCCRAY STREET",0.00,,Y,A,-,N,,,,,,,,,,Y,3,0,1,2,A,-,12,21453,A,N,D,C,A,A,H,-,A,A,0,,,,,Y,,A,01,0,1,0,0,0,0,0,0,0,"- ","- ",35.419550000000001,-119.03008,KERN,UNINCORPORATED,-119.0300601,35.419550059999999
90442602,2017,2017-04-26,9420,2017-04-20,1530,016973,,4,2,9,1500,0,3,5,,2,050,"MCCRAY ST.","CHINA GRADE LP.",100.00,N,N,A,-,N,,,,,,,,,,N,4,0,1,2,A,-,21,22106,,N,C,C,A,A,H,-,A,D,0,,,,,Y,,A,01,0,0,1,0,0,0,0,0,0,"- ","- ",35.427509999999998,-119.03619,KERN,UNINCORPORATED,-119.03012578000001,35.427384349999997
90442768,2017,2017-04-26,9420,2017-04-14,0130,015977,,5,3,9,1500,0,3,5,,2,030,"WALKER BASIN ROAD","BASIN ST",528.00,E,N,A,-,N,,,,,,,,,,Y,4,0,1,1,A,-,08,22107,,N,E,I,A,A,H,-,D,D,0,,,,,Y,,D,22,0,0,1,0,0,0,0,0,0,"- ","- ",35.403100000000002,-118.50828,KERN,UNINCORPORATED,-118.50850774,35.402920700000003
9044303,2020,2020-02-24,1501,2020-01-21,1944,989,1,2,5,3,1501,0,0,0,,0,001,"COMANCHE DR","VARSITY RD",20.00,N,N,A,-,N,,,,,,,,,,Y,4,0,3,2,A,-,09,21801,,N,D,C,A,A,H,-,C,D,0,,,,,Y,,I,12,0,0,3,0,0,0,0,0,0,"- ","- ",35.217128753662109,-118.83583831787109,KERN,ARVIN,-118.84226226806641,35.216346740722656
90443164,2017,2017-04-27,9420,2017-04-18,0852,018643,,2,1,9,1500,0,1,3,,2,091,"SR-99 SOUTHBOUND","KIMBERLINA ROAD",800.00,N,N,B,C,Y,,,99,,,,,,S,Y,4,0,1,4,A,-,03,22350,,N,C,C,A,B,H,-,A,D,0,,,,Y,Y,,A,01,0,0,1,0,0,0,0,0,0,"- ","- ",35.560850000000002,-119.19828,KERN,UNINCORPORATED,-119.19831655,35.560830920000001
90443223,2017,2017-04-27,9830,2017-04-21,1050,014518,,5,1,9,1500,0,3,5,,2,001,"PARK ROAD","GOLDEN HILLS BLVD",55.00,W,N,A,-,N,,,,,,,,,,Y,4,0,1,1,A,-,08,22107,,N,E,I,A,A,H,-,A,D,0,,,,,Y,,D,22,0,0,1,0,0,0,0,0,0,"- ","- ",35.128790000000002,-118.48621,KERN,UNINCORPORATED,-118.48616208999999,35.128710599999998
90443257,2017,2017-04-27,9420,2017-04-22,1305,020501,,6,1,9,1500,0,2,4,,1,051,"AIRPORT DR","DECATUR ST",0.00,,Y,A,-,N,,,,,,,,,,Y,4,0,2,4,A,-,12,21453,A,N,D,C,A,A,H,-,A,A,0,,,,,Y,,D,22,0,0,2,0,0,0,0,0,0,"- ","- ",35.412269999999999,-119.03888999999999,KERN,UNINCORPORATED,-119.03892014,35.412270069999998
90443318,2017,2017-04-27,9420,2017-04-21,1350,017242,,5,1,9,1500,0,1,3,,2,585,"SR-58 W/B","HUGHES LANE",215.00,W,N,A,-,Y,,,58,,,,,,W,Y,4,0,1,1,A,-,03,22350,,N,E,I,A,A,H,-,A,D,0,,,,,Y,,A,01,0,0,1,0,0,0,0,0,0,"- ","- ",35.352789999999999,-119.03052,KERN,UNINCORPORATED,-119.03052011,35.35276382
90443412,2017,2017-04-27,9420,2017-04-22,2055,019868,,6,2,9,1500,0,3,5,,2,620,"JENKINS RD","PALM AVE",420.00,N,N,A,-,N,,,,,,,,,,Y,4,0,1,4,A,-,08,22107,,N,C,E,A,A,H,-,C,D,0,,,,,Y,,A,01,0,0,1,0,0,0,0,0,0,"- ","- ",35.377499999999998,-119.15452999999999,KERN,UNINCORPORATED,-119.15443999999999,35.377372569999999
90443474,2017,2017-04-27,9420,2017-04-24,1500,019868,,1,2,9,1500,0,2,4,,1,051,"N CHESTER AVE","CHINA GRADE LOOP",20.00,S,N,A,-,N,,,,,,,,,,N,4,0,1,2,A,-,03,22350,,N,C,C,A,A,H,-,A,A,0,,,,Y,Y,,F,27,0,0,1,0,0,0,0,0,0,"- ","- ",35.426519999999996,-119.02117,KERN,UNINCORPORATED,-119.02118,35.426665120000003
90443483,2017,2017-04-27,9420,2017-04-25,1610,019868,,2,2,9,1500,0,2,4,,1,052,"E ROBERTS LN","HART ST",10.00,W,N,A,-,N,,,,,,,,,,N,4,0,2,2,A,-,03,22350,,N,C,C,A,A,H,-,A,D,0,,,,,Y,,A,01,0,0,2,0,0,0,0,0,0,"- ","- ",35.408380000000001,-119.01885,KERN,UNINCORPORATED,-119.01881351999999,35.408639999999998
90443502,2017,2017-04-27,9830,2017-04-25,0630,019332,,2,1,9,1500,0,1,3,,1,022,"SR-58 W/B",SR-14,14784.00,E,N,G,-,Y,,,58,,,,,,W,Y,3,0,1,2,A,-,01,23152,E,N,C,C,A,A,H,-,A,D,0,,,,Y,Y,,A,08,0,1,0,0,0,0,0,0,0,"- ","- ",35.083950000000002,-118.1193,KERN,UNINCORPORATED,-118.11898849000001,35.084222449999999
90443597,2017,2017-04-27,9420,2017-04-26,1600,016973,,3,2,6,1502,0,1,3,,2,093,"SR-99 S/B","CALIFORNIA AVE.",830.00,N,N,A,-,Y,,,,,,,,,,Y,4,0,1,1,A,-,08,22107,,N,H,J,A,A,H,-,A,D,0,,,,,Y,,A,07,0,0,1,0,0,0,0,0,0,"- ","- ",,,KERN,BAKERSFIELD,-119.04291528,35.370498849999997
90443608,2017,2017-04-27,9420,2017-03-27,2106,015896,,1,2,6,1502,0,1,3,,2,093,"SR-99 S/B","CALIFORNIA AVE",1056.00,N,N,A,-,Y,,,99,,,,,,S,Y,3,0,1,3,A,-,08,22107,,N,C,E,E,A,H,-,D,D,0,Y,,,,Y,,D,22,0,1,0,0,1,0,0,0,0,"- ","- ",35.372399999999999,-119.04389999999999,KERN,BAKERSFIELD,-119.04375553,35.372453049999997
90443633,2017,2017-04-27,9426,2017-04-21,1635,017321,,5,2,9,1500,0,1,1,,2,502,"I-5 S/B",SR-46,5280.00,S,N,A,-,Y,,,5,,,,,,S,Y,3,0,1,1,A,-,08,22107,,N,F,A,A,A,H,-,A,D,0,,,Y,,Y,,C,02,0,1,0,0,0,0,0,0,1,"- ","- ",35.606400000000001,-119.6459,KERN,UNINCORPORATED,-119.64601958999999,35.606297040000001
90443716,2017,2017-04-27,9830,2017-04-24,1040,019400,,1,1,9,1500,0,1,3,,2,012,"SR-58 W/B TO TEHACHAPI BLVD","TEHACHAPI BLVD",890.00,E,N,A,G,Y,,,,,,,,,,N,4,0,1,1,A,-,08,22107,,N,E,I,A,A,H,-,A,D,0,,,,,Y,,A,01,0,0,1,0,0,0,0,0,0,"- ","- ",35.072949999999999,-118.24334,KERN,UNINCORPORATED,,
90443728,2017,2017-04-27,9830,2017-04-19,0916,015116,,3,1,9,1500,0,1,3,,2,012,"STATE ROUTE 58 E/B","SAND CANYON RD",587.00,E,N,A,-,Y,,,58,,,,,,E,Y,2,0,1,1,A,-,08,22107,,N,E,I,A,A,H,-,A,D,0,,,,,Y,,A,07,1,0,0,0,0,0,0,0,0,"- ","- ",35.109400000000001,-118.3206,KERN,UNINCORPORATED,-118.32072133,35.109176609999999
90443759,2017,2017-04-27,9830,2017-02-01,1215,019872,,3,1,9,1500,0,3,5,,2,003,"ASTORIA AVENUE","45TH STREET WEST",0.00,,Y,A,-,N,,,,,,,,,,Y,1,1,1,1,B,-,22,,,N,E,I,A,A,H,-,A,D,0,,,,,Y,,A,42,0,1,0,0,0,0,0,0,0,"- ","- ",34.8551,-118.2111,KERN,UNINCORPORATED,-118.21152001,34.856460009999999
9044440,2019,2020-02-21,1503,2019-12-29,0208,1098,3011,7,5,4,1503,0,0,0,,0,,"HIGH ST","CECIL AV",78.00,S,N,A,-,N,,,,,,,,,,Y,3,0,1,1,A,-,01,23152,A,N,E,I,A,A,H,-,C,A,0,,,,,Y,Y,A,01,0,1,0,0,0,0,0,0,0,"- ","- ",35.775909423828125,-119.24928283691406,KERN,DELANO,-119.24932098388672,35.775909423828125
90445022,2017,2017-04-28,9420,2017-03-22,1450,016969,,3,2,9,1500,0,1,3,,2,096,"SR-99 N/B FROM COPUS RD","COPUS RD. OVER-CROSSING",577.00,S,N,B,C,Y,,,99,,,,R,,N,Y,4,0,1,1,A,-,03,22350,,N,F,I,A,B,H,-,A,D,0,,,,,Y,,A,07,0,0,1,0,0,0,0,0,0,"- ","- ",35.092840000000002,-118.97862000000001,KERN,UNINCORPORATED,-118.97862000000001,35.092840000000002
90445039,2017,2017-04-28,9420,2017-04-22,0055,017243,,6,3,9,1500,0,1,3,,2,090,"SR-99 N/B","7TH STANDARD RD",1584.00,N,N,A,-,Y,,,99,,,,,,N,Y,4,0,1,2,A,-,01,23152,A,N,C,C,A,A,H,-,C,D,0,,,,,Y,Y,D,22,0,0,1,0,0,0,0,0,0,"- ","- ",35.457940000000001,-119.10890999999999,KERN,UNINCORPORATED,-119.10890424,35.457947650000001
90445100,2017,2017-04-28,9420,2017-04-21,1435,016691,,5,2,9,1500,0,3,5,,2,050,"FRANCIS ST","DIANE DR",26.00,N,N,A,-,N,,,,,,,,,,N,3,0,1,1,A,-,21,22106,,N,H,A,A,A,H,-,A,D,0,,,,,Y,,A,07,0,1,0,0,0,0,0,0,0,"- ","- ",35.42398,-119.03421,KERN,UNINCORPORATED,-119.03429892,35.423930900000002
90445117,2017,2017-04-28,9420,2017-04-26,1440,016969,,3,2,9,1500,0,1,3,,1,119,"SR-119 (TAFT HWY)","BUENA VISTA RD",3168.00,W,N,A,-,Y,,,119,,,,,,,Y,4,0,1,3,A,-,06,21751,,N,B,C,A,A,H,-,A,D,0,,,,,Y,,A,01,0,0,1,0,0,0,0,0,0,"- ","- ",35.267220000000002,-119.12838000000001,KERN,UNINCORPORATED,-119.12838004,35.267235839999998
90445279,2017,2017-04-28,9420,2017-04-18,1005,018626,,2,1,9,1500,0,1,3,,2,090,"SR-99 N/B","7TH STANDARD RD",125.00,N,N,B,C,Y,,,99,,,,,,N,Y,4,0,2,2,A,-,03,22350,,N,B,C,A,B,H,-,A,D,0,,,,,Y,,D,22,0,0,2,0,0,0,0,0,0,"- ","- ",35.441589999999998,-119.08435,KERN,UNINCORPORATED,-119.0842914,35.441669660000002
90446036,2017,2017-05-01,9420,2017-04-19,1545,017560,,3,2,9,1500,0,1,3,,2,092,"SR-99 N/B","NORRIS RD.",600.00,N,N,A,-,Y,,,99,,,,,,N,N,4,0,1,2,A,-,03,22350,,N,C,C,A,A,H,-,A,D,0,,,,,Y,,A,01,0,0,1,0,0,0,0,0,0,"- ","- ",35.42069,-119.06074,KERN,UNINCORPORATED,-119.06063655,35.420718139999998
90446058,2017,2017-05-01,9420,2017-04-13,2135,019140,,4,2,6,1502,0,1,3,,2,091,"STATE ROUTE 99 N/B","7TH STANDARD O/C",6864.00,N,N,A,-,Y,,,,,,,,,,Y,2,0,1,1,A,-,03,22350,,N,F,A,A,A,H,-,D,D,0,,,,,Y,,A,01,1,0,0,0,0,0,0,0,0,"- ","- ",35.453060000000001,-119.10218999999999,KERN,BAKERSFIELD,,
90446075,2017,2017-05-01,9420,2017-04-25,0015,020784,,2,3,6,1502,0,1,3,,2,584,"SR-58 E/B","COTTONWOOD RD.",600.00,W,N,A,-,Y,,,58,,,,,,E,N,3,0,1,1,C,-,18,,,F,H,A,A,A,H,-,C,D,0,,,,,Y,,-,"- ",0,1,0,0,0,0,0,0,0,"- ","- ",35.352200000000003,-118.9881,KERN,BAKERSFIELD,-118.98810037,35.352269239999998
90446103,2017,2017-05-01,9420,2017-04-19,1500,017560,,3,2,9,1500,0,1,3,,2,094,"SR-99 N/B","MING AVE.",800.00,N,N,A,-,Y,,,99,,,,,,N,N,4,0,2,2,A,-,03,22350,,N,C,C,A,A,H,-,A,D,0,,,,,Y,,A,01,0,0,2,0,0,0,0,0,0,"- ","- ",35.341520000000003,-119.03935,KERN,UNINCORPORATED,-119.03945406,35.341520600000003
90446204,2017,2017-05-01,9420,2017-04-23,1125,018626,,7,1,6,1502,0,1,3,,2,094,"SR-99 NORTHBOUND","PLANZ ROAD",800.00,N,N,A,-,Y,,,99,,,,,,N,Y,4,0,2,2,A,-,03,22350,,N,E,J,A,A,H,-,A,D,0,,,,,Y,,A,07,0,0,2,0,0,0,0,0,0,"- ","- ",35.328310000000002,-119.03877,KERN,BAKERSFIELD,-119.03886104999999,35.328286300000002
90446229,2017,2017-05-01,9420,2017-04-23,2032,017560,,7,2,9,1500,0,3,5,,2,672,"RANCHO RD.","DAVID RD.",0.00,,Y,A,-,N,,,,,,,,,,Y,3,0,1,1,A,-,08,22107,,N,E,I,A,A,H,-,D,D,0,,,,,Y,,A,01,0,1,0,0,0,0,0,0,0,"- ","- ",35.092759999999998,-118.84658,KERN,UNINCORPORATED,-118.84653004,35.092750039999999
90446491,2017,2017-05-01,9830,2017-04-22,1323,015116,,6,1,9,1500,0,3,5,,2,003,"LEONA LN","55TH STREET WEST",313.00,W,N,A,-,N,,,,,,,,,,N,2,0,1,1,A,-,01,23152,A,N,F,A,A,A,H,-,A,A,0,,,Y,,Y,Y,C,06,1,0,0,0,0,0,0,0,1,"- ","- ",34.858199999999997,-118.2302,KERN,UNINCORPORATED,-118.23014125,34.858289999999997
90447017,2017,2017-05-02,9420,2017-04-30,2010,018805,,7,2,9,1500,0,1,3,,1,184,SR-184,"MOUNTAIN VIEW ROAD",915.00,N,N,A,-,Y,,,184,,,,,,,N,3,0,2,2,A,-,01,23152,A,N,C,C,A,A,H,-,C,D,0,,,,,Y,Y,D,22,0,2,0,0,0,0,0,0,0,"- ","- ",35.284120000000001,-118.9144,KERN,UNINCORPORATED,-118.91436854,35.284119949999997
90447462,2017,2017-05-02,9830,2017-04-29,0035,019900,,6,3,9,1500,0,1,2,,1,054,"US 395 N/B","NEAL RANCH RD.",2165.00,S,N,A,-,Y,,,,,,,,,,Y,4,0,1,1,A,-,08,22107,,N,E,J,A,A,H,-,D,D,0,,,,,Y,,A,01,0,0,1,0,0,0,0,0,0,"- ","- ",35.71942,-117.86861,KERN,UNINCORPORATED,-117.86850552999999,35.71919123
90447467,2017,2017-05-02,9420,2017-04-30,0154,019963,,7,3,9,1500,0,2,4,,1,072,"EDISON HIGHWAY","MOUNT VERNON AVENUE",100.00,E,N,A,-,N,,,,,,,,,,Y,4,0,1,2,A,-,01,23152,A,M,D,C,A,A,H,-,C,D,0,,,,,Y,Y,D,22,0,0,1,0,0,0,0,0,0,"- ","- ",35.370429999999999,-118.96599000000001,KERN,UNINCORPORATED,-118.96726842,35.371023200000003