CASE_ID,ACCIDENT_YEAR,PROC_DATE,JURIS,COLLISION_DATE,COLLISION_TIME,OFFICER_ID,REPORTING_DISTRICT,DAY_OF_WEEK,CHP_SHIFT,POPULATION,CNTY_CITY_LOC,SPECIAL_COND,BEAT_TYPE,CHP_BEAT_TYPE,CITY_DIVISION_LAPD,CHP_BEAT_CLASS,BEAT_NUMBER,PRIMARY_RD,SECONDARY_RD,DISTANCE,DIRECTION,INTERSECTION,WEATHER_1,WEATHER_2,STATE_HWY_IND,CALTRANS_COUNTY,CALTRANS_DISTRICT,STATE_ROUTE,ROUTE_SUFFIX,POSTMILE_PREFIX,POSTMILE,LOCATION_TYPE,RAMP_INTERSECTION,SIDE_OF_HWY,TOW_AWAY,COLLISION_SEVERITY,NUMBER_KILLED,NUMBER_INJURED,PARTY_COUNT,PRIMARY_COLL_FACTOR,PCF_CODE_OF_VIOL,PCF_VIOL_CATEGORY,PCF_VIOLATION,PCF_VIOL_SUBSECTION,HIT_AND_RUN,TYPE_OF_COLLISION,MVIW,PED_ACTION,ROAD_SURFACE,ROAD_COND_1,ROAD_COND_2,LIGHTING,CONTROL_DEVICE,CHP_ROAD_TYPE,PEDESTRIAN_ACCIDENT,BICYCLE_ACCIDENT,MOTORCYCLE_ACCIDENT,TRUCK_ACCIDENT,NOT_PRIVATE_PROPERTY,ALCOHOL_INVOLVED,STWD_VEHTYPE_AT_FAULT,CHP_VEHTYPE_AT_FAULT,COUNT_SEVERE_INJ,COUNT_VISIBLE_INJ,COUNT_COMPLAINT_PAIN,COUNT_PED_KILLED,COUNT_PED_INJURED,COUNT_BICYCLIST_KILLED,COUNT_BICYCLIST_INJURED,COUNT_MC_KILLED,COUNT_MC_INJURED,PRIMARY_RAMP,SECONDARY_RAMP,LATITUDE,LONGITUDE,COUNTY,CITY,POINT_X,POINT_Y
90461650,2017,2017-05-23,9430,2017-05-22,0520,016388,,1,3,9,1500,0,2,4,,1,023,"CUDDY VALLEY ROAD","WHITE ROCK ROAD",250.00,E,N,A,-,N,,,,,,,,,,Y,3,0,1,1,C,-,18,,,N,H,H,A,A,H,-,B,D,0,,,Y,,Y,,-,"- ",0,1,0,0,0,0,0,0,1,"- ","- ",34.840969999999999,-119.06018,KERN,UNINCORPORATED,-119.06250719000001,34.841896069999997
90461931,2017,2017-05-23,9420,2017-05-17,0315,019649,,3,3,9,1500,0,1,3,,2,096,"SR-99 N/B","VALPREDO  AVE",2112.00,S,N,A,-,Y,,,99,,,,,,N,Y,3,0,1,2,A,-,03,22350,,N,C,C,A,A,H,-,D,D,0,,,,,Y,,D,22,0,1,0,0,0,0,0,0,0,"- ","- ",35.070680000000003,-118.97172,KERN,UNINCORPORATED,-118.97183483000001,35.070643699999998
90461950,2017,2017-05-23,9420,2017-05-16,1845,018805,,2,2,9,1500,0,3,5,,2,070,"KENTUCKY STREET","BARLOW STREET",250.00,E,N,A,-,N,,,,,,,,,,N,4,0,1,2,A,-,08,22107,,N,H,G,A,A,H,-,B,D,0,,Y,,,Y,,L,04,0,0,1,0,0,0,1,0,0,"- ","- ",35.373150000000003,-118.96135,KERN,UNINCORPORATED,-118.95774294,35.373133269999997
90461958,2017,2017-05-23,9420,2017-05-16,1620,018805,,2,2,9,1500,0,3,5,,2,070,"MESA DRIVE","ISABELL ROAD",0.00,,Y,A,-,N,,,,,,,,,,N,3,0,1,2,A,-,09,21800,A,N,D,G,A,A,H,-,A,D,0,,Y,,,Y,,L,04,0,1,0,0,0,0,1,0,0,"- ","- ",35.371420000000001,-118.94529,KERN,UNINCORPORATED,-118.94527008,35.371410079999997
90462013,2017,2017-05-23,9420,2017-05-19,0622,018030,,5,1,9,1500,0,3,5,,2,672,"DAVID RD","RANCHO RD",0.00,,Y,A,-,N,,,,,,,,,,Y,3,0,4,2,A,-,09,21802,A,N,A,C,A,A,H,-,A,A,0,,,,,Y,,A,01,0,1,3,0,0,0,0,0,0,"- ","- ",35.092770000000002,-118.85052,KERN,UNINCORPORATED,-118.84653004,35.092750039999999
90462059,2017,2017-05-23,9420,2017-05-19,0725,016767,,5,1,9,1500,0,1,3,,1,184,"SR-184 (MORNING DRIVE)","PIONEER DRIVE",0.00,,Y,A,-,Y,,,184,,,,,,,N,3,0,1,2,A,-,10,21950,A,N,G,B,B,A,H,-,A,A,0,Y,,,,Y,,A,01,0,1,0,0,1,0,0,0,0,"- ","- ",35.369160000000001,-118.91403,KERN,UNINCORPORATED,-118.91424118,35.369160229999999
90462082,2017,2017-05-23,9420,2017-05-16,2032,016969,,2,2,9,1500,0,3,5,,2,671,"PANAMA RD","HABECKER RD",0.00,,Y,A,-,N,,,,,,,,,,N,4,0,2,2,A,-,03,22350,,N,C,C,A,A,H,-,C,D,0,,,,,Y,,A,07,0,0,2,0,0,0,0,0,0,"- ","- ",35.267009999999999,-118.90533000000001,KERN,UNINCORPORATED,-118.90528009000001,35.267010050000003
90462140,2017,2017-05-23,9420,2017-05-19,1500,019868,,5,2,9,1500,0,3,5,,2,520,"GARZOLI AVE","ELMO HWY",1000.00,N,N,A,-,N,,,,,,,,,,Y,4,0,1,2,A,-,08,22107,,N,B,C,A,A,H,-,A,D,0,,,,Y,Y,,A,01,0,0,1,0,0,0,0,0,0,"- ","- ",35.692070000000001,-119.24088999999999,KERN,UNINCORPORATED,-119.24084505,35.691564210000003
90462154,2017,2017-05-23,9430,2017-05-18,1140,017187,,4,1,9,1500,0,1,1,,2,053,"I-5 N/B","FORT TEJON O/C",2640.00,N,N,A,-,Y,,,5,,,,,,N,Y,4,0,1,1,A,-,08,22107,,N,E,I,A,A,H,-,A,A,0,,,,,Y,,A,01,0,0,1,0,0,0,0,0,0,"- ","- ",34.842199999999998,-118.8647,KERN,UNINCORPORATED,-118.86473118000001,34.842177909999997
90462336,2017,2017-08-01,9420,2017-05-09,0525,020093,,2,3,6,1502,0,1,3,,2,097,"SR-99 S/B",SR-119,1584.00,S,N,A,-,Y,,,99,,,,,,S,Y,3,0,6,4,A,-,03,22350,,N,C,C,A,A,H,-,A,D,0,,,,,Y,,A,08,0,2,4,0,0,0,0,0,0,"- ","- ",35.261000000000003,-119.0215,KERN,BAKERSFIELD,-119.02148596000001,35.261003670000001
90462353,2017,2017-05-24,9420,2017-05-17,1345,019185,,3,1,9,1500,0,3,5,,2,020,"CALIENTE BODFISH ROAD","WALKER BASIN ROAD",7762.00,S,N,B,-,N,,,,,,,,,,Y,3,0,2,2,A,-,05,21460,A,N,A,C,A,A,H,-,A,D,0,,,,,Y,,D,22,0,1,1,0,0,0,0,0,0,"- ","- ",35.362389999999998,-118.55291,KERN,UNINCORPORATED,-118.55646453999999,35.365729999999999
90462451,2017,2017-05-24,9430,2017-03-01,2258,016388,,3,3,9,1500,0,1,1,,2,054,"I-5 S/B (GOLDEN STATE FREEWAY)","WHEELER RIDGE O/C",1258.00,N,N,A,-,Y,,,5,,,,,,S,Y,1,1,0,1,A,-,01,23152,A,N,E,I,A,A,H,-,D,D,0,,,,,Y,Y,D,22,0,0,0,0,0,0,0,0,0,"- ","- ",34.989649999999997,-118.94655,KERN,UNINCORPORATED,-118.94651601,34.989660389999997
90462453,2017,2017-05-24,9830,2017-05-14,2359,019900,,7,3,9,1500,0,1,3,,2,010,"SR-58 E/B",SR-202,14203.00,W,N,A,-,Y,,,58,,,,,,E,Y,4,0,1,1,A,-,08,22107,,N,E,I,A,A,H,-,D,D,0,,,,,Y,,A,01,0,0,1,0,0,0,0,0,0,"- ","- ",35.176650000000002,-118.48139999999999,KERN,UNINCORPORATED,-118.48132619,35.176721030000003
90462467,2017,2017-05-24,9830,2017-05-18,1510,019762,,4,2,9,1500,0,3,5,,2,001,"HIGHLINE RD.","APACHE ST.",0.00,,Y,A,-,N,,,,,,,,,,N,4,0,1,2,A,-,03,22350,,N,C,C,A,A,H,-,A,D,0,,,,,Y,,D,22,0,0,1,0,0,0,0,0,0,"- ","- ",35.634239999999998,-118.27329,KERN,UNINCORPORATED,-118.45913003,35.109510110000002
90462653,2017,2017-05-24,9420,2017-05-20,0705,018030,,6,1,9,1500,0,3,5,,2,060,"VERDUGO LN","PAUL AVE",0.00,,Y,A,-,N,,,,,,,,,,Y,4,0,1,2,A,-,09,21801,A,N,D,C,A,A,H,-,A,D,0,,,,,Y,,D,22,0,0,1,0,0,0,0,0,0,"- ","- ",35.394660000000002,-119.11902000000001,KERN,UNINCORPORATED,-119.11891009,35.394850089999998
90462723,2017,2017-05-24,9420,2017-05-20,1330,020782,,6,1,9,1500,0,2,4,,1,077,"FAIRFAX ROAD","MULLER ROAD",1285.00,N,N,A,-,N,,,,,,,,,,Y,3,0,2,2,A,-,09,21804,A,N,D,C,A,A,H,-,A,D,0,,,,,Y,,A,01,0,2,0,0,0,0,0,0,0,"- ","- ",35.326000000000001,-118.93203,KERN,UNINCORPORATED,-118.93205019,35.328715590000002
90462732,2017,2017-05-24,9420,2017-05-20,0153,019901,,6,3,9,1500,0,3,5,,2,040,"RIVER BLVD.","BERNARD ST",30.00,N,N,A,-,Y,,,,,,,,,,Y,4,0,1,1,A,-,08,22107,,N,E,J,A,A,H,-,C,D,0,,,,,Y,,A,01,0,0,1,0,0,0,0,0,0,"- ","- ",35.390639999999998,-118.98520000000001,KERN,UNINCORPORATED,-118.9850102,35.390488509999997
9046294,2020,2020-05-29,1507,2020-02-04,0715,267,12,2,5,3,1507,0,0,0,,0,,"EAST LERDO HWY","CENTRAL VALLEY HWY",42.00,W,N,A,-,N,,,,,,,,,,Y,3,0,1,2,A,-,08,22107,,N,C,C,A,A,H,-,A,A,0,,,,,Y,,A,01,0,1,0,0,0,0,0,0,0,"- ","- ",35.499530792236328,-119.27185821533203,KERN,SHAFTER,-119.27055358886719,35.499820709228516
9046298,2020,2020-05-29,1507,2020-02-03,0725,285,12,1,5,3,1507,0,0,0,,0,,"NORTH SHAFTER AV","MUNZER ST",0.00,,Y,A,-,N,,,,,,,,,,N,3,0,1,2,A,-,03,22350,,N,C,C,A,A,H,-,A,D,0,,,,,Y,,A,01,0,1,0,0,0,0,0,0,0,"- ","- ",35.502269744873047,-119.27828979492188,KERN,SHAFTER,-119.27829742431641,35.50225830078125
90463016,2017,2017-05-24,9830,2017-05-24,0825,014518,,3,1,9,1500,0,1,3,,2,030,"SR-14 N/B","AVENUE A",4752.00,N,N,A,-,Y,,,14,,,,,,N,Y,4,0,2,1,A,-,08,22107,,N,E,I,A,A,H,-,A,D,0,,,,,Y,,A,01,0,0,2,0,0,0,0,0,0,"- ","- ",34.835169999999998,-118.17018,KERN,UNINCORPORATED,-118.17032947,34.835159449999999
90463866,2017,2017-05-25,9420,2017-05-19,1040,017576,,5,1,9,1500,0,1,3,,2,093,"SR-99 S/B","OLIVE DRIVE",250.00,S,N,A,-,Y,,,99,,,,,,S,Y,4,0,1,1,A,-,08,22107,,N,E,I,A,A,H,-,A,D,0,,,,,Y,,A,01,0,0,1,0,0,0,0,0,0,"- ","- ",35.41142,-119.05414,KERN,UNINCORPORATED,-119.05417045,35.411385510000002
90463930,2017,2017-05-25,9420,2017-05-20,0850,016767,,6,1,9,1500,0,2,4,,1,071,"AVONDALE DRIVE","FAIRFAX ROAD",0.00,,Y,A,-,N,,,,,,,,,,Y,3,0,2,2,A,-,09,21802,A,N,D,C,A,A,H,-,A,A,0,,,,,Y,,A,01,0,1,1,0,0,0,0,0,0,"- ","- ",35.378610000000002,-118.93201000000001,KERN,UNINCORPORATED,-118.93204,35.378420089999999
90463957,2017,2017-05-25,9830,2017-05-23,1605,019762,,2,2,9,1500,0,2,4,,1,032,"SIERRA HIGHWAY","BELSHAW ST.",0.00,,Y,A,-,N,,,,,,,,,,N,4,0,2,2,A,-,09,21802,A,N,D,C,A,A,H,-,A,A,0,,,,,Y,,A,01,0,0,2,0,0,0,0,0,0,"- ","- ",35.31756,-118.10278,KERN,UNINCORPORATED,-118.17445991,35.05488003
90463988,2017,2017-05-25,9426,2017-05-19,2103,019723,,5,2,9,1500,0,1,1,,2,502,"I-5 S/B","LERDO HWY",1584.00,N,N,A,-,Y,,,5,,,,,,S,Y,4,0,1,2,A,-,03,22350,,N,C,C,A,A,H,-,D,D,0,,,,,Y,,D,22,0,0,1,0,0,0,0,0,0,"- ","- ",35.524709999999999,-119.56216000000001,KERN,UNINCORPORATED,-119.56206948000001,35.524808479999997
90463998,2017,2017-05-25,9426,2017-05-19,1430,017581,,5,2,9,1500,0,3,5,,2,085,"MAIN DRAIN RD",SR-46,15840.00,S,N,A,-,N,,,,,,,,,,Y,4,0,1,1,A,-,08,22107,,N,E,I,A,A,H,-,A,D,0,,,,,Y,,E,22,0,0,1,0,0,0,0,0,0,"- ","- ",35.586559999999999,-119.61801,KERN,UNINCORPORATED,-119.61667,35.575989999999997
90464008,2017,2017-05-25,9830,2017-05-12,1052,014774,,5,1,9,1500,0,1,3,,2,012,"SR-58 W/B","CAMERON CANYON RD",1584.00,W,N,B,-,Y,,,,,,,,,,Y,3,0,2,3,A,-,07,21658,A,N,B,C,A,A,H,-,A,D,0,,,,,Y,,A,01,0,1,1,0,0,0,0,0,0,"- ","- ",38.097760000000001,-118.29977,KERN,UNINCORPORATED,,
90464011,2017,2017-05-25,9426,2017-05-21,2040,017281,,7,2,9,1500,0,3,5,,2,081,"WOOD ST.","EASTERN AVE.",102.00,W,N,A,-,N,,,,,,,,,,Y,4,0,1,2,A,-,03,22350,,N,C,C,A,A,H,-,C,D,0,,,,,Y,,A,01,0,0,1,0,0,0,0,0,0,"- ","- ",35.133110000000002,-119.45057,KERN,UNINCORPORATED,-119.45535080000001,35.13318718
90465619,2017,2017-05-26,9420,2017-05-24,0605,016767,,3,1,9,1500,0,1,3,,2,090,"SR-99 N/B","SR-46 O/C",528.00,N,N,A,-,Y,,,99,,,,,,N,Y,4,0,1,1,A,-,08,22107,,N,F,I,A,A,H,-,A,D,0,,,,,Y,,D,22,0,0,1,0,0,0,0,0,0,"- ","- ",35.604610000000001,-119.21154,KERN,UNINCORPORATED,-119.21160546999999,35.60460449
90466617,2017,2017-05-30,9420,2017-05-26,1612,020585,,5,2,9,1500,0,2,4,,1,072,"NILES ST.","BRENTWOOD DR.",460.00,E,N,A,-,N,,,,,,,,,,Y,3,0,1,2,A,-,01,23152,A,N,C,E,A,A,H,-,A,D,0,,,,,Y,Y,D,22,0,1,0,0,0,0,0,0,0,"- ","- ",35.376100000000001,-118.92155,KERN,UNINCORPORATED,-118.92155911,35.376240000000003
90466669,2017,2017-05-30,9420,2017-05-09,0556,018643,,2,3,9,1500,0,3,5,,2,550,"WILDWOOD ROAD","PROSPECT AVENUE",1162.00,N,N,A,-,N,,,,,,,,,,Y,4,0,2,2,A,-,08,22107,,N,A,C,A,A,H,-,B,D,0,,,,,Y,,A,01,0,0,2,0,0,0,0,0,0,"- ","- ",35.568300000000001,-119.43853,KERN,UNINCORPORATED,-119.43855565,35.568279169999997
90466677,2017,2017-05-30,9420,2017-05-19,1840,019459,,5,2,9,1500,0,1,3,,1,583,SR-58,"NORD AVENUE",0.00,,Y,A,-,Y,,,58,,,,,,,Y,4,0,1,2,A,-,12,22450,A,N,D,C,A,A,H,-,A,D,0,,,,,Y,,A,01,0,0,1,0,0,0,0,0,0,"- ","- ",35.383429999999997,-119.19922,KERN,UNINCORPORATED,-119.19921998,35.383474120000002
90466682,2017,2017-05-30,9420,2017-05-19,2015,016691,,5,2,9,1500,0,1,3,,2,177,SR-178,"DEMOCRAT RD",21120.00,W,N,A,-,Y,,,178,,,,,,,Y,3,0,1,1,A,-,08,22107,,N,E,I,A,A,H,-,D,D,0,,,,,Y,,D,22,0,1,0,0,0,0,0,0,0,"- ","- ",35.528669999999998,-118.65667000000001,KERN,UNINCORPORATED,-118.65666569,35.52867638
90466699,2017,2017-07-24,9420,2017-05-20,1420,020585,,6,2,9,1500,0,2,4,,1,072,"NILES ST.","SHALIMAR DR.",265.00,E,N,A,-,N,,,,,,,,,,Y,3,0,3,2,D,-,00,,,N,B,C,A,A,H,-,A,D,0,,,,,Y,,-,"- ",0,1,2,0,0,0,0,0,0,"- ","- ",35.375860000000003,-118.93556,KERN,UNINCORPORATED,-118.93550248,35.376089999999998
90466735,2017,2017-05-30,9420,2017-05-23,2200,019649,,2,3,9,1500,0,3,5,,2,050,"MERLE HAGGARD DR.","WINGS WAY",2293.00,W,N,A,-,N,,,,,,,,,,Y,3,0,1,1,A,-,01,23152,A,N,E,I,A,A,H,-,D,D,0,,,,,Y,Y,A,01,0,1,0,0,0,0,0,0,0,"- ","- ",35.442999999999998,-119.05889000000001,KERN,UNINCORPORATED,-119.05954957,35.443143859999999
90466755,2017,2017-05-30,9420,2017-05-25,2320,019466,,4,3,9,1500,0,1,3,,2,178,SR-178,"DEMOCRAT ROAD",528.00,W,N,A,-,Y,,,178,,,,,,,Y,3,0,1,1,A,-,08,22107,,N,E,I,A,A,H,-,D,D,0,,,,,Y,,A,01,0,1,0,0,0,0,0,0,0,"- ","- ",35.528550000000003,-118.65918000000001,KERN,UNINCORPORATED,-118.65917379,35.528506200000002
90466762,2017,2017-05-30,9830,2017-05-23,1230,019332,,2,1,9,1500,0,1,3,,2,030,"TEHACHAPI WILLOW SPRINGS RD","HAMILTON RD",1056.00,N,N,A,-,N,,,,,,,,,,Y,4,0,1,1,A,-,03,22350,,N,E,J,A,A,H,-,A,D,0,,,,,Y,,A,01,0,0,1,0,0,0,0,0,0,"- ","- ",34.892789999999998,-118.29125000000001,KERN,UNINCORPORATED,-118.29114853999999,34.895630300000001
90466765,2017,2017-05-30,9420,2017-05-16,0950,015259,,2,1,9,1500,0,2,4,,1,075,"SOUTH UNION AVENUE","ADAMS STREET",0.00,,Y,B,-,N,,,,,,,,,,Y,4,0,1,2,A,-,09,21801,A,N,D,C,A,A,H,-,A,D,0,,,,,Y,,A,07,0,0,1,0,0,0,0,0,0,"- ","- ",35.34487,-119.00536,KERN,UNINCORPORATED,-119.00311000000001,35.343610089999999
90466791,2017,2017-05-30,9420,2017-05-15,1125,015259,,1,1,9,1500,0,1,3,,1,184,"STATE ROUTE-184 S/B (WEEDPATCH HWY.)","EAST BRUNDAGE LANE",103.00,N,N,B,-,Y,,,184,,,,,,S,Y,4,0,1,2,A,-,07,21658,A,M,D,C,A,A,H,-,A,D,0,,,,,Y,,A,01,0,0,1,0,0,0,0,0,0,"- ","- ",35.354959999999998,-118.91421,KERN,UNINCORPORATED,-118.91420341,35.35496011
90467012,2017,2017-05-30,9830,2017-05-23,1335,014565,,2,1,9,1500,0,2,4,,1,042,"BUSINESS 58 NORTH","ARROYO AVE.",211.00,S,N,A,-,Y,,,,,,,,,,Y,2,0,3,1,A,-,08,22107,,N,E,I,A,A,H,-,A,D,0,,,,,Y,,A,01,1,2,0,0,0,0,0,0,0,"- ","- ",35.067480000000003,-118.17838,KERN,UNINCORPORATED,,
90467059,2017,2017-05-30,9420,2017-05-18,2250,020163,,4,3,9,1500,0,3,5,,2,530,"KIMBERLINA ROAD","POPLAR AVENUE",2798.00,W,N,A,-,N,,,,,,,,,,Y,2,0,1,1,A,-,08,22107,,N,F,I,A,A,H,-,D,D,0,,,,,Y,,A,01,1,0,0,0,0,0,0,0,0,"- ","- ",35.558129999999998,-119.30549999999999,KERN,UNINCORPORATED,-119.30466701,35.558088499999997
90467191,2017,2017-05-30,9420,2017-05-29,1530,020782,,1,2,9,1500,0,1,3,,2,430,SR-43,"WHISLER ROAD",15.00,N,N,A,-,Y,,,,,,,,,,N,4,0,1,2,A,-,03,22350,,M,C,C,A,A,H,-,A,D,0,,,,,Y,,A,01,0,0,1,0,0,0,0,0,0,"- ","- ",35.629280000000001,-119.33238,KERN,UNINCORPORATED,-119.33101947999999,35.645101160000003
90467266,2017,2017-06-26,9830,2017-05-28,1723,017064,,7,2,9,1500,0,1,3,,2,043,"SR-58 WB","EXIT 165",2640.00,E,N,A,-,Y,,,58,,,,,,W,Y,3,0,2,2,A,-,08,22107,,N,B,C,A,A,H,-,A,D,0,,,,Y,Y,,A,01,0,1,1,0,0,0,0,0,0,"- ","- ",35.110610000000001,-118.16964,KERN,UNINCORPORATED,-118.16963266,35.110627190000002
90467306,2017,2017-05-30,9420,2017-05-20,1019,018608,,6,1,9,1500,0,1,3,,2,094,"SR-99 N/B","MING AVENUE",580.00,N,N,A,-,Y,,,99,,,,,,N,Y,4,0,1,2,A,-,03,22350,,N,C,C,A,A,D,-,A,D,0,,,,,Y,,A,07,0,0,1,0,0,0,0,0,0,"- ","- ",35.34111,-119.03937000000001,KERN,UNINCORPORATED,-119.03945641,35.341110499999999
90467360,2017,2017-05-30,9426,2017-05-21,0100,015548,,7,3,9,1500,0,1,3,,2,432,"STATE ROUTE 43","PANAMA LANE",0.00,,Y,A,-,N,,,43,,,,,,,Y,3,0,1,1,A,-,01,23152,A,N,E,I,A,A,H,-,C,A,0,,,,,Y,Y,D,22,0,1,0,0,0,0,0,0,0,"- ","- ",35.296169999999996,-119.25252999999999,KERN,UNINCORPORATED,-119.25247673,35.296169239999998
90467420,2017,2017-05-30,9426,2017-05-24,0445,015576,,3,3,9,1500,0,1,1,,2,504,"I-5 N/B","BUENA VISTA CANAL",3168.00,N,N,A,-,Y,,,5,,,,,,N,Y,3,0,3,1,A,-,08,22107,,N,F,A,A,A,H,-,D,D,0,,,,,Y,,A,07,0,2,1,0,0,0,0,0,0,"- ","- ",35.244590000000002,-119.20049,KERN,UNINCORPORATED,-119.20044138999999,35.244641590000001
90467508,2017,2017-05-30,9830,2017-05-23,1535,017834,,2,2,9,1500,0,3,5,,2,005,"BOWMAN ROAD","BROWN ROAD",3696.00,E,N,A,-,N,,,,,,,,,,Y,2,0,2,1,A,-,03,22350,,N,F,A,A,A,H,-,A,D,0,,,,,Y,,A,01,1,1,0,0,0,0,0,0,0,"- ","- ",35.60765,-117.79965,KERN,UNINCORPORATED,-117.78731601,35.607643199999998
90467527,2017,2017-05-30,9830,2017-05-25,0630,019883,,4,1,9,1500,0,1,3,,1,052,"SR-178 E/B","BRADY ST",0.00,,Y,A,-,Y,,,,,,,,,,Y,3,0,1,2,A,-,09,21801,A,N,D,C,A,A,H,-,A,D,0,,,Y,,Y,,A,01,0,1,0,0,0,0,0,0,1,"- ","- ",35.390940000000001,-117.42339,KERN,UNINCORPORATED,,
90467530,2017,2017-05-30,9426,2017-05-25,1140,016162,,4,1,9,1500,0,3,5,,2,086,"MAGNOLIA AVE","LERDO HWY",0.00,,Y,A,-,N,,,,,,,,,,Y,4,0,2,2,A,-,09,21802,A,N,D,C,A,A,H,-,A,A,0,,,,,Y,,D,22,0,0,2,0,0,0,0,0,0,"- ","- ",35.500599999999999,-119.36751,KERN,UNINCORPORATED,-119.36797998999999,35.500120070000001
90467745,2017,2017-05-31,9420,2017-05-28,2138,018524,,7,2,9,1500,0,2,4,,1,051,"MANOR STREET","DAY AVENUE",624.00,N,N,A,-,N,,,,,,,,,,Y,3,0,1,1,A,-,01,23152,A,N,F,A,A,A,H,-,D,D,0,,,,,Y,Y,A,07,0,1,0,0,0,0,0,0,0,"- ","- ",34.436700000000002,-119.01260000000001,KERN,UNINCORPORATED,-119.01293029,35.436901020000001
90467780,2017,2017-05-31,9420,2017-05-19,2230,018932,,5,3,9,1500,0,2,4,,1,064,"OLIVE DRIVE","PATTON WAY",150.00,E,N,A,-,N,,,,,,,,,,N,4,0,1,2,A,-,17,22517,,N,H,G,A,A,H,-,D,D,0,,Y,,,Y,,A,07,0,0,1,0,0,0,1,0,0,"- ","- ",35.412320000000001,-119.08242,KERN,UNINCORPORATED,-119.08287721000001,35.412469999999999
90467829,2017,2017-05-31,9426,2017-05-29,1942,015472,,1,2,9,1500,0,1,1,,2,504,"I-5 S/B",SR-119,2640.00,N,N,A,-,Y,,,5,,,,,,S,N,4,0,3,3,A,-,03,22350,,N,C,C,A,A,H,-,A,A,0,,,,Y,Y,,G,75,0,0,3,0,0,0,0,0,0,"- ","- ",35.2742,-119.2325,KERN,UNINCORPORATED,-119.23245794,35.274244789999997
90467971,2017,2017-05-31,9420,2017-04-26,1658,017256,,3,2,9,1500,0,1,3,,1,650,"STATE ROUTE 65","MERCED AVE",1056.00,S,N,A,-,Y,,,65,,,,,,,Y,1,1,6,3,A,-,08,22107,,N,A,C,A,A,H,-,A,D,0,,,,,Y,,A,01,5,1,0,0,0,0,0,0,0,"- ","- ",35.526150000000001,-119.08159999999999,KERN,UNINCORPORATED,-119.08161242,35.526147260000002
90467984,2017,2017-05-31,9830,2017-05-29,2300,020167,,1,3,9,1500,0,1,3,,1,051,"SR-178 E/B","LOS ANGELES AQUEDUCT RD",1531.00,W,N,A,-,N,,,178,,,,,,E,Y,3,0,2,1,A,-,08,22107,,N,F,A,A,A,H,-,D,D,0,,,,,Y,Y,D,22,0,1,1,0,0,0,0,0,0,"- ","- ",35.603160000000003,-117.92137,KERN,UNINCORPORATED,-117.92136015,35.603192010000001
90468032,2017,2017-05-31,9420,2017-05-21,0600,018116,,7,1,9,1500,0,1,3,,2,092,"SR-99 N/B","NORRIS ROAD",1584.00,S,N,A,-,Y,,,99,,,,,,N,N,4,0,1,1,A,-,03,22350,,N,E,I,A,A,H,-,B,D,0,,,,,Y,,A,01,0,0,1,0,0,0,0,0,0,"- ","- ",35.416460000000001,-119.05924,KERN,UNINCORPORATED,-119.05911282,35.416543410000003
90468055,2017,2017-05-31,9420,2017-05-22,0833,015259,,1,1,9,1500,0,2,4,,1,071,"MOUNT VERNON AVENUE SOUTHBOUND","EAST CALIFORNIA AVENUE",80.00,N,N,A,-,N,,,,,,,,,,N,4,0,1,2,A,-,21,22106,,N,C,C,A,A,H,-,A,A,0,,,,,Y,,A,01,0,0,1,0,0,0,0,0,0,"- ","- ",35.369070000000001,-118.96767,KERN,UNINCORPORATED,-118.96762314,35.368899429999999
90468110,2017,2017-05-31,9420,2017-05-22,1555,015896,,1,2,9,1500,0,3,5,,2,530,"KIMBERLINA RD","POPLAR AVE",0.00,,Y,A,-,N,,,,,,,,,,Y,2,0,2,2,A,-,09,21802,A,N,D,C,A,A,H,-,A,A,0,,,,,Y,,A,01,1,0,1,0,0,0,0,0,0,"- ","- ",35.558,-119.29519999999999,KERN,UNINCORPORATED,-119.29526992,35.558140100000003
90468151,2017,2017-05-31,9420,2017-05-23,1010,015259,,2,1,9,1500,0,3,5,,2,672,"DI GIORGIO ROAD","SOUTH FAIRFAX ROAD",32.00,W,N,A,-,N,,,,,,,,,,Y,4,0,8,2,A,-,03,22350,,N,C,C,A,A,H,-,A,A,0,,,,,Y,,A,01,0,0,8,0,0,0,0,0,0,"- ","- ",35.25235,-118.93241,KERN,UNINCORPORATED,-118.93223704,35.252400010000002
90468177,2017,2017-05-31,9420,2017-05-24,0610,014811,,3,1,9,1500,0,1,3,,2,096,"SR-99 N/B","HOSKING AVENUE",2492.00,N,N,A,-,Y,,,,,,,,,,Y,4,0,2,2,A,-,07,21658,A,N,C,C,A,A,H,-,A,D,0,,,,Y,Y,,D,22,0,0,2,0,0,0,0,0,0,"- ","- ",35.177889999999998,-119.13907,KERN,UNINCORPORATED,-119.02832956,35.288127500000002
90468179,2017,2017-06-19,9420,2017-05-23,1215,015259,,2,1,9,1500,0,1,3,,2,223,"STATE ROUTE-223","WHEELER RIDGE ROAD",0.00,,Y,A,-,Y,,,223,,,,,,,N,4,0,1,2,D,-,00,,,N,D,C,A,A,H,-,A,A,0,,,,,Y,,-,"- ",0,0,1,0,0,0,0,0,0,"- ","- ",35.208799999999997,-118.91422,KERN,UNINCORPORATED,-118.91421969,35.208714039999997
90468417,2017,2017-05-31,9420,2017-05-26,2235,020093,,5,3,9,1500,0,3,5,,2,070,"MONTICELLO AVE","VIRGINIA AVE",125.00,N,N,A,-,N,,,,,,,,,,Y,4,0,1,1,A,-,08,22107,,N,E,I,A,A,H,-,D,D,0,,,,,Y,,A,01,0,0,1,0,0,0,0,0,0,"- ","- ",35.361400000000003,-118.9789,KERN,UNINCORPORATED,-118.97859441,35.361572950000003