CASE_ID,ACCIDENT_YEAR,PROC_DATE,JURIS,COLLISION_DATE,COLLISION_TIME,OFFICER_ID,REPORTING_DISTRICT,DAY_OF_WEEK,CHP_SHIFT,POPULATION,CNTY_CITY_LOC,SPECIAL_COND,BEAT_TYPE,CHP_BEAT_TYPE,CITY_DIVISION_LAPD,CHP_BEAT_CLASS,BEAT_NUMBER,PRIMARY_RD,SECONDARY_RD,DISTANCE,DIRECTION,INTERSECTION,WEATHER_1,WEATHER_2,STATE_HWY_IND,CALTRANS_COUNTY,CALTRANS_DISTRICT,STATE_ROUTE,ROUTE_SUFFIX,POSTMILE_PREFIX,POSTMILE,LOCATION_TYPE,RAMP_INTERSECTION,SIDE_OF_HWY,TOW_AWAY,COLLISION_SEVERITY,NUMBER_KILLED,NUMBER_INJURED,PARTY_COUNT,PRIMARY_COLL_FACTOR,PCF_CODE_OF_VIOL,PCF_VIOL_CATEGORY,PCF_VIOLATION,PCF_VIOL_SUBSECTION,HIT_AND_RUN,TYPE_OF_COLLISION,MVIW,PED_ACTION,ROAD_SURFACE,ROAD_COND_1,ROAD_COND_2,LIGHTING,CONTROL_DEVICE,CHP_ROAD_TYPE,PEDESTRIAN_ACCIDENT,BICYCLE_ACCIDENT,MOTORCYCLE_ACCIDENT,TRUCK_ACCIDENT,NOT_PRIVATE_PROPERTY,ALCOHOL_INVOLVED,STWD_VEHTYPE_AT_FAULT,CHP_VEHTYPE_AT_FAULT,COUNT_SEVERE_INJ,COUNT_VISIBLE_INJ,COUNT_COMPLAINT_PAIN,COUNT_PED_KILLED,COUNT_PED_INJURED,COUNT_BICYCLIST_KILLED,COUNT_BICYCLIST_INJURED,COUNT_MC_KILLED,COUNT_MC_INJURED,PRIMARY_RAMP,SECONDARY_RAMP,LATITUDE,LONGITUDE,COUNTY,CITY,POINT_X,POINT_Y
90587777,2017,2017-11-06,9420,2017-10-21,1701,019353,,6,2,9,1500,0,2,4,,1,071,"MOUNT VERNON AVENUE N/B","FLOWER STREET",30.00,S,N,A,-,N,,,,,,,,,,N,3,0,2,2,A,-,03,22350,,M,C,C,A,A,H,-,A,D,0,,,,,Y,,-,99,0,2,0,0,0,0,0,0,0,"- ","- ",35.381,-118.967,KERN,UNINCORPORATED,-118.96754,35.380887690000002
90588299,2017,2017-11-06,9426,2017-10-26,0625,016162,,4,1,9,1500,0,1,1,,2,502,"I-5 S/B","ROWLEE RD",528.00,S,N,A,-,Y,,,,,,,,,,N,3,0,1,2,A,-,03,22350,,M,C,C,A,A,H,-,D,D,0,,,,,Y,,-,99,0,1,0,0,0,0,0,0,0,"- ","- ",35.402769999999997,-119.4003,KERN,UNINCORPORATED,,
90588896,2017,2017-11-07,9420,2017-10-27,1928,015896,,5,2,9,1500,0,3,5,,2,060,"MEACHAM RD","JEWETTA AVE",0.00,,Y,A,-,N,,,,,,,,,,Y,4,0,1,2,A,-,12,22450,A,M,D,C,A,A,H,-,D,A,0,,,Y,,Y,,C,02,0,0,1,0,0,0,0,0,1,"- ","- ",35.390700000000002,-119.1279,KERN,UNINCORPORATED,-119.12787002,35.390700109999997
90588916,2017,2017-11-07,9420,2017-10-27,0645,014811,,5,1,9,1500,0,1,3,,2,223,SR-223,SR-184,304.00,E,N,A,-,Y,,,223,,,,,,,Y,4,0,2,3,A,-,09,21801,A,M,D,C,A,A,H,-,A,D,0,,,,Y,Y,,D,22,0,0,2,0,0,0,0,0,0,"- ","- ",35.208739999999999,-118.91633,KERN,UNINCORPORATED,-118.91632996,35.208710289999999
90588968,2017,2017-11-07,9420,2017-10-16,1016,018117,,1,1,9,1500,0,1,3,,1,650,SR-65,"FAMOSO RD",1503.00,S,N,A,-,Y,,,65,,,,,,,Y,3,0,1,1,A,-,08,22107,,N,E,I,A,A,H,-,A,D,0,,,,,Y,,A,01,0,1,0,0,0,0,0,0,0,"- ","- ",35.598410000000001,-119.08875,KERN,UNINCORPORATED,-119.088667,35.598388010000001
90588995,2017,2017-11-07,9420,2017-10-24,0735,015261,,2,1,9,1500,0,3,5,,2,530,"SANTA FE WAY","CHERRY AVE.",0.00,,Y,A,-,N,,,,,,,,,,Y,4,0,2,2,A,-,09,21802,A,N,D,C,A,A,H,-,A,A,0,,,,,Y,,E,22,0,0,2,0,0,0,0,0,0,"- ","- ",35.977919999999997,-119.24298,KERN,UNINCORPORATED,-119.24305995,35.477610050000003
90589022,2017,2017-11-07,9830,2017-10-24,0640,021907,,2,1,9,1500,0,3,5,,2,001,"PELLISIER RD","GIRAUDO RD",6.00,S,N,A,-,N,,,,,,,,,,Y,4,0,1,2,A,-,09,21801,A,N,D,C,A,A,H,-,A,D,0,,,,,Y,,A,08,0,0,1,0,0,0,0,0,0,"- ","- ",35.072400000000002,-118.3605,KERN,UNINCORPORATED,-118.60168032,35.123443539999997
90589066,2017,2017-11-07,9420,2017-10-27,2250,020484,,5,3,9,1500,0,1,3,,2,223,SR-223,"COMANCHE DRIVE",602.00,W,N,A,-,Y,,,223,,,,,,,Y,3,0,1,2,A,-,03,22350,,N,C,C,A,A,H,-,D,D,0,,,,,Y,,A,01,0,1,0,0,0,0,0,0,0,"- ","- ",35.208979999999997,-118.84413000000001,KERN,UNINCORPORATED,-118.84413013,35.209003549999998
90589102,2017,2017-11-07,9426,2017-10-31,1725,017230,,2,2,9,1500,0,1,1,,2,506,"I-5 S/B","OLD RIVER RD",1584.00,S,N,A,-,Y,,,5,,,,,,S,Y,3,0,1,2,A,-,07,21658,A,N,C,C,A,A,H,-,A,D,0,,,,Y,Y,,A,01,0,1,0,0,0,0,0,0,0,"- ","- ",35.158290000000001,-119.10744,KERN,UNINCORPORATED,-119.10740288,35.158331029999999
90589174,2017,2017-11-07,9420,2017-10-26,1225,018486,,4,1,6,1502,1,4,S,,2,901,"BEDFORD GREEN DRIVE",SR-178,5.00,S,N,A,-,Y,,,,,,,,,,N,4,0,1,1,C,-,18,,,N,H,A,A,A,H,-,A,A,0,,,,,Y,,-,"- ",0,0,1,0,0,0,0,0,0,"- ","- ",35.398330000000001,-118.88976,KERN,BAKERSFIELD,-118.88970943,35.39803629
90589342,2017,2017-11-07,9420,2017-10-29,1325,019442,,7,1,9,1500,0,2,4,,1,051,"AIRPORT DR.","NADINE LN.",1207.00,N,N,A,-,N,,,,,,,,,,Y,3,0,1,1,A,-,01,23152,A,N,E,I,A,A,H,-,A,D,0,,,,,Y,Y,D,22,0,1,0,0,0,0,0,0,0,"- ","- ",35.405079999999998,-119.03942000000001,KERN,UNINCORPORATED,-119.03879367,35.406605220000003
90589364,2017,2017-11-07,9420,2017-10-30,0811,018608,,1,1,9,1500,0,3,5,,2,671,"MALAGA ROAD","REDBANK ROAD",3696.00,S,N,A,-,N,,,,,,,,,,Y,4,0,1,1,A,-,08,22107,,N,F,I,A,A,H,-,A,D,0,,,,,Y,,A,01,0,0,1,0,0,0,0,0,0,"- ","- ",35.32987,-118.86075,KERN,UNINCORPORATED,-118.86083824000001,35.329879810000001
90589416,2017,2017-11-07,9426,2017-11-06,0430,017230,,1,3,9,1500,0,3,5,,2,082,"WASCO WAY","7TH STANDARD RD",5808.00,S,N,A,-,N,,,,,,,,,,Y,2,0,1,1,A,-,08,22107,,N,F,A,A,A,H,-,D,D,0,,,,,Y,,A,07,1,0,0,0,0,0,0,0,0,"- ","- ",35.432789999999997,-119.44692999999999,KERN,UNINCORPORATED,-119.44698,35.433088890000001
90589450,2017,2017-11-07,9430,2017-10-30,2000,020304,,1,2,9,1500,0,1,3,,2,090,"STATE ROUTE 99 S/B","STATE ROUTE 166",1600.00,S,N,A,-,Y,,,,,,,,,,Y,4,0,2,1,A,-,08,22107,,N,E,I,A,A,H,-,D,D,0,,,,,Y,,A,01,0,0,2,0,0,0,0,0,0,"- ","- ",35.031350000000003,-118.58009,KERN,UNINCORPORATED,,
90589455,2017,2017-11-07,9420,2017-10-31,1650,016973,,2,2,9,1500,0,3,5,,2,060,"COFFEE RD.","NORRIS RD.",400.00,N,N,A,-,N,,,,,,,,,,Y,3,0,1,3,A,-,03,22350,,N,C,C,A,A,H,-,A,D,0,,,,,Y,,A,01,0,1,0,0,0,0,0,0,0,"- ","- ",35.421610000000001,-119.09218,KERN,UNINCORPORATED,-119.09217,35.420784300000001
90589553,2017,2017-11-07,9420,2017-10-31,1205,018807,,2,1,9,1500,0,1,3,,1,583,"SR-58(ROSEDALE HIGHWAY)","JENKINS ROAD",0.00,,Y,A,-,Y,,,58,,,,,,,Y,2,0,2,2,A,-,12,21453,A,N,D,C,A,A,H,-,A,A,0,,,,,Y,,A,01,1,1,0,0,0,0,0,0,0,"- ","- ",35.383499999999998,-119.1544,KERN,UNINCORPORATED,-119.15440001,35.383508550000002
90589579,2017,2017-11-07,9420,2017-10-31,1700,019185,,2,2,9,1500,0,1,3,,2,585,"SR-58 W/B","WIBLE ROAD",460.00,E,N,A,-,Y,,,58,,,,,,W,N,3,0,1,2,A,-,07,21658,A,N,B,C,A,A,H,-,A,D,0,,,Y,,Y,,A,01,0,1,0,0,0,0,0,0,1,"- ","- ",35.352789999999999,-119.03724,KERN,UNINCORPORATED,-119.03724,35.35278881
90589987,2017,2017-11-08,9420,2017-10-27,0630,015977,,5,1,9,1500,0,3,5,,2,320,"SOUTH KELSO VALLEY RD","KELSO CREEK RD",10560.00,S,N,A,-,N,,,,,,,,,,Y,4,0,1,1,A,-,08,22107,,N,F,A,A,A,H,-,B,D,0,,,,,Y,,A,01,0,0,1,0,0,0,0,0,0,"- ","- ",35.573639999999997,-118.25104,KERN,UNINCORPORATED,-118.24547058,35.5837869
90590059,2017,2017-11-08,9420,2017-10-23,1650,019353,,1,2,6,1502,0,1,3,,2,093,"SR-99 S/B","CALIFORNIA AVENUE U/C",900.00,N,N,A,-,Y,,,,,,,,,,N,3,0,1,2,A,-,07,21658,A,M,B,C,A,A,H,-,A,D,0,,,,,Y,,D,22,0,1,0,0,0,0,0,0,0,"- ","- ",35.368000000000002,-119.04300000000001,KERN,BAKERSFIELD,-119.04299664,35.370679000000003
90590091,2017,2017-11-08,9420,2017-11-01,0945,014811,,3,1,9,1500,0,2,4,,1,077,"FAIRFAX ROAD","MOUNTAIN VIEW ROAD",0.00,,Y,A,-,N,,,,,,,,,,Y,3,0,3,2,A,-,05,21752,D,N,D,C,A,A,H,-,A,D,0,,,,,Y,,A,01,0,3,0,0,0,0,0,0,0,"- ","- ",35.284410000000001,-118.93137,KERN,UNINCORPORATED,-118.93210007,35.281500039999997
90590244,2017,2017-11-08,9420,2017-11-02,0635,017576,,4,1,9,1500,0,1,3,,2,092,"SR-99 N/B","AIRPORT  DRIVE",528.00,S,N,A,-,Y,,,99,,,,,,N,Y,4,0,3,3,A,-,03,22350,,N,C,C,A,A,H,-,D,D,0,,,,,Y,,A,01,0,0,3,0,0,0,0,0,0,"- ","- ",35.393369999999997,-119.04456,KERN,UNINCORPORATED,-119.04454111,35.393370590000004
90590261,2017,2017-11-08,9420,2017-11-02,0810,014770,,4,1,9,1500,0,1,3,,1,583,SR-58,"RENFRO RD.",1187.00,E,N,B,-,Y,,,,,,,,,,Y,4,0,1,3,A,-,03,22350,,N,C,C,A,A,H,-,A,D,0,,,,,Y,,D,22,0,0,1,0,0,0,0,0,0,"- ","- ",35.230710000000002,-119.93331999999999,KERN,UNINCORPORATED,,
90590514,2017,2017-11-08,9420,2017-11-03,1450,019353,,5,2,6,1502,0,1,3,,2,093,"SR-99 S/B","CALIFORNIA AVENUE U/C",800.00,N,N,A,-,Y,,,99,,,,,,S,Y,3,0,1,2,A,-,03,22350,,N,C,C,A,A,H,-,A,D,0,,,,,Y,,A,07,0,1,0,0,0,0,0,0,0,"- ","- ",35.377189999999999,-119.0446,KERN,BAKERSFIELD,-119.04456552000001,35.377191009999997
90590517,2017,2017-11-08,9420,2017-11-03,1820,019353,,5,2,6,1502,0,1,3,,2,093,"SR-99 S/B","PALM STREET O/C",600.00,N,N,A,-,Y,,,99,,,,,,S,N,3,0,1,2,A,-,03,22350,,N,C,C,A,A,H,-,D,D,0,,,,,Y,,A,01,0,1,0,0,0,0,0,0,0,"- ","- ",35.363399999999999,-119.03997,KERN,BAKERSFIELD,-119.03997033,35.363399909999998
90590677,2017,2017-12-04,9420,2017-11-04,0720,018116,,6,1,9,1500,0,3,5,,2,040,"GRANITE ROAD","GARCIA ROAD",0.77,S,N,A,-,N,,,,,,,,,,Y,4,0,1,1,C,-,18,,,N,F,A,A,D,F,-,A,D,0,,,,,Y,,-,"- ",0,0,1,0,0,0,0,0,0,"- ","- ",35.577570000000001,-118.96048,KERN,UNINCORPORATED,-118.96053895999999,35.588278070000001
90591023,2017,2017-11-09,9420,2017-10-28,1910,021547,,6,2,9,1500,0,1,3,,2,178,"SR-178 E/B","KELSO CREEK ROAD",0.00,,Y,A,-,Y,,,178,,,,,,E,Y,2,0,2,2,A,-,09,21802,A,N,D,C,A,A,H,-,D,D,0,,,Y,,Y,,A,01,1,0,1,0,0,0,0,0,1,"- ","- ",35.66713,-118.26748000000001,KERN,UNINCORPORATED,-118.26750070999999,35.667228989999998
90591033,2017,2017-11-09,9420,2017-10-28,1820,021547,,6,2,9,1500,0,3,5,,2,320,"PIUTE STREET","BALSAM DRIVE",20.00,S,N,A,-,N,,,,,,,,,,Y,4,0,1,1,A,-,08,22107,,N,E,I,A,A,H,-,D,D,0,,,Y,,Y,,C,02,0,0,1,0,0,0,0,0,1,"- ","- ",35.590040000000002,-118.46301,KERN,UNINCORPORATED,-118.46322592999999,35.590217469999999
90591062,2017,2017-11-09,9420,2017-11-03,1325,019856,,5,1,9,1500,0,2,4,,1,075,"SOUTH UNION AVENUE (1000 BLOCK)","EAST BELLE TERRACE",455.00,S,N,A,-,N,,,,,,,,,,N,2,0,1,2,A,-,05,21650,,N,D,G,A,A,H,-,A,D,0,,Y,,,Y,,L,04,1,0,0,0,0,0,1,0,0,"- ","- ",35.344999999999999,-119.00305,KERN,UNINCORPORATED,-119.00293808000001,35.34545155
90591101,2017,2017-11-09,9830,2017-11-03,1130,016971,,5,1,9,1500,0,2,4,,1,034,"ROSAMOND BLVD","GLENDOWER ST",0.00,,Y,A,-,N,,,,,,,,,,Y,4,0,1,2,A,-,07,21658,A,N,B,C,A,A,H,-,A,D,0,,,,,Y,,A,01,0,0,1,0,0,0,0,0,0,"- ","- ",34.515169999999998,-118.10086,KERN,UNINCORPORATED,-118.16907006,34.864310080000003
90591142,2017,2017-11-09,9830,2017-08-26,1425,016971,,6,2,9,1500,0,1,3,,2,012,"STATE ROUTE 58","TEHACHAPI BLVD",214.00,N,N,A,-,Y,,,,,,,,,,Y,1,1,0,1,A,-,08,22107,,N,E,I,A,A,H,-,A,D,0,,,,Y,Y,,G,25,0,0,0,0,0,0,0,0,0,"- ","- ",35.073970000000003,-118.24419,KERN,UNINCORPORATED,,
90591152,2017,2017-11-09,9420,2017-11-05,0640,018626,,7,1,6,1502,0,1,3,,2,093,"SR-99 S/B FROM SR-58 W/B (ROSEDALE HWY)","SR-58 (ROSEDALE HWY)",100.00,N,N,B,C,Y,,,99,,,,R,,S,N,3,0,1,1,A,-,03,22350,,N,E,I,A,B,H,-,A,D,0,,,,,Y,,A,01,0,1,0,0,0,0,0,0,0,"- ","- ",35.38353,-119.04479000000001,KERN,BAKERSFIELD,-119.04479000000001,35.38353
90591197,2017,2017-11-09,9420,2017-11-05,1410,016691,,7,2,9,1500,0,3,5,,2,040,"GRANITE RD","ROUND MT RD",14784.00,E,N,A,-,N,,,,,,,,,,Y,3,0,1,1,A,-,03,22350,,N,F,A,A,A,H,-,A,D,0,,,Y,,Y,,C,02,0,1,0,0,0,0,0,0,1,"- ","- ",35.580710000000003,-118.95925,KERN,UNINCORPORATED,-118.95801933,35.568988650000001
90591262,2017,2017-11-09,9420,2017-11-06,1551,015896,,1,2,9,1500,0,1,3,,1,583,"SR-58 E/B (ROSEDALE HWY)","MOHAWK ST",400.00,W,N,A,-,Y,,,58,,,,,,E,Y,4,0,2,3,A,-,03,22350,,N,C,C,A,A,H,-,A,A,0,,,,,Y,,A,01,0,0,2,0,0,0,0,0,0,"- ","- ",35.383200000000002,-119.06740000000001,KERN,UNINCORPORATED,-119.06739961,35.383332320000001
90591274,2017,2017-11-09,9420,2017-11-07,0545,013851,,2,3,9,1500,0,1,3,,2,092,"SR-99 (N/B)","OLIVE DRIVE",750.00,N,N,A,-,Y,,,99,,,,,,,N,4,0,1,3,A,-,03,22350,,N,C,C,A,A,H,-,C,D,0,,,,Y,Y,,F,26,0,0,1,0,0,0,0,0,0,"- ","- ",35.414589999999997,-119.05737000000001,KERN,UNINCORPORATED,-119.05731977000001,35.41464594
90591302,2017,2017-11-09,9420,2017-11-07,1456,016969,,2,2,9,1500,0,2,4,,2,074,"PANAMA RD","FAIRFAX RD",1584.00,W,N,A,-,N,,,,,,,,,,Y,3,0,3,2,A,-,05,21460,A,N,A,C,A,A,H,-,A,D,0,,,,,Y,,D,22,0,2,1,0,0,0,0,0,0,"- ","- ",35.266979999999997,-118.93622000000001,KERN,UNINCORPORATED,-118.93742915,35.266959999999997
90591403,2017,2017-11-09,9830,2017-11-03,1318,014774,,5,1,9,1500,0,1,3,,2,030,"SR-14 S/B","ROSAMOMD BLVD.",1584.00,S,N,A,-,Y,,,14,,,,,,S,Y,2,0,1,2,A,-,07,21658,A,N,F,A,A,A,H,-,A,D,0,,,,,Y,,A,01,1,0,0,0,0,0,0,0,0,"- ","- ",34.859900000000003,-118.17167000000001,KERN,UNINCORPORATED,-118.17212748999999,34.859916769999998
90591551,2017,2017-11-09,9830,2017-11-07,1430,017146,,2,2,9,1500,0,3,5,,2,006,"GARLOCK RD.","GOLER RD",21120.00,W,N,A,-,N,,,,,,,,,,Y,2,0,2,1,A,-,08,22107,,N,F,A,A,A,H,-,A,D,0,,,,,Y,,D,22,2,0,0,0,0,0,0,0,0,"- ","- ",35.41827,-117.75954,KERN,UNINCORPORATED,-117.75904257000001,35.41824819
90591589,2017,2017-11-09,9420,2017-10-31,1537,019184,,2,2,6,1502,0,1,3,,2,094,"SR-99 N/B","MING AVE.",960.00,S,N,A,-,Y,,,99,,,,,,N,Y,4,0,1,2,A,-,08,22107,,N,B,C,A,A,H,-,A,D,0,,,,,Y,,A,01,0,0,1,0,0,0,0,0,0,"- ","- ",35.337339999999998,-119.03946000000001,KERN,BAKERSFIELD,-119.03947804000001,35.337340099999999
90591651,2017,2017-11-09,9420,2017-11-08,1205,015255,,3,1,9,1500,0,2,4,,1,075,"S. UNION AVENUE","REXLAND DRIVE",180.00,S,N,A,-,N,,,,,,,,,,Y,3,0,1,2,A,-,03,22350,,N,C,C,A,A,H,-,A,D,0,,,,,Y,,A,01,0,1,0,0,0,0,0,0,0,"- ","- ",35.182600000000001,-119.011,KERN,UNINCORPORATED,-119.00313,35.308116099999999
90591724,2017,2017-11-09,9420,2017-11-07,0550,014770,,2,3,9,1500,0,2,4,,2,074,"PANAMA RD.","S. UNION AVE.",455.00,E,N,A,-,N,,,,,,,,,,Y,4,0,1,3,A,-,03,22350,,N,C,C,A,A,H,-,B,D,0,,,,,Y,,D,22,0,0,1,0,0,0,0,0,0,"- ","- ",35.160670000000003,-119.05,KERN,UNINCORPORATED,-119.00145772,35.266849999999998
90591742,2017,2017-11-09,9420,2017-11-08,1115,016153,,3,1,9,1500,0,2,4,,1,051,"AIRPORT DR.","EL TEJON AVE.",42.00,N,N,A,-,N,,,,,,,,,,N,4,0,1,2,A,-,03,22350,,N,C,C,A,A,H,-,A,D,0,,,,,Y,,D,22,0,0,1,0,0,0,0,0,0,"- ","- ",35.418190000000003,-118.03913,KERN,UNINCORPORATED,-119.03916,35.418185250000001
90591784,2017,2017-11-09,9420,2017-11-03,1215,016767,,5,1,9,1500,0,1,3,,1,650,SR-65,"SHERWOOD AVENUE",0.00,,Y,A,-,Y,,,65,,,,,,,Y,3,0,1,2,A,-,05,21752,D,N,B,C,A,A,H,-,A,D,0,,,,,Y,,A,08,0,1,0,0,0,0,0,0,0,"- ","- ",35.659570000000002,-119.07758,KERN,UNINCORPORATED,-119.0775017,35.659545970000003
90591796,2017,2017-11-09,9426,2017-11-07,1530,015472,,2,2,9,1500,0,3,5,,2,081,"HARRISON ST.","CEDAR ST.",0.00,,Y,A,-,N,,,,,,,,,,N,4,0,1,2,A,-,09,21800,A,N,D,C,A,A,H,-,C,A,0,,,,,Y,,A,07,0,0,1,0,0,0,0,0,0,"- ","- ",35.154299999999999,-119.4563,KERN,UNINCORPORATED,-119.45631994,35.154560009999997
90591804,2017,2017-11-09,9426,2017-11-03,1800,018023,,5,2,9,1500,0,1,3,,2,331,"OLD SR-33",SR-33,430.00,E,N,A,-,N,,,33,,,,,,,Y,3,0,2,2,A,-,05,21460,A,N,A,C,A,A,H,-,D,D,0,,,,,Y,,A,01,0,2,0,0,0,0,0,0,0,"- ","- ",35.610799999999998,-119.86279,KERN,UNINCORPORATED,-119.86279403,35.610795019999998
90591826,2017,2017-11-09,9420,2017-11-08,1735,019184,,3,2,6,1502,0,1,3,,2,092,"SR-99 N/B","CALIFORNIA AVE.",700.00,N,N,A,-,Y,,,99,,,,,,N,Y,4,0,1,2,A,-,03,22350,,N,C,C,A,A,H,-,D,D,0,,,,,Y,,D,22,0,0,1,0,0,0,0,0,0,"- ","- ",35.372,-119.04325,KERN,BAKERSFIELD,-119.04336089,35.371950759999997
90592657,2017,2017-11-13,9420,2017-11-04,2500,019513,,6,4,9,1500,0,1,3,,2,155,"STATE ROUTE 155","SAWMILL ROAD",543.00,W,N,A,-,Y,,,155,,,,,,,Y,3,0,1,1,A,-,08,22107,,N,E,J,A,A,H,-,A,D,0,,,,,Y,,A,01,0,1,0,0,0,0,0,0,0,"- ","- ",35.681750000000001,-118.46988,KERN,UNINCORPORATED,-118.47011208000001,35.681743709999999
90592674,2017,2017-11-13,9830,2017-11-05,1910,019400,,7,2,9,1500,0,3,5,,2,001,"HIGHLINE ROAD","CASEY LANE",474.00,E,N,A,-,N,,,,,,,,,,Y,3,0,3,1,A,-,01,23152,A,F,E,I,A,A,H,-,D,D,0,,,,,Y,Y,A,01,0,3,0,0,0,0,0,0,0,"- ","- ",35.10962,-118.45714,KERN,UNINCORPORATED,-118.45754826,35.109494750000003
90592741,2017,2017-11-13,9420,2017-10-31,0640,018608,,2,1,9,1500,0,2,4,,1,072,"EDISON HIGHWAY","FAIRFAX ROAD NORTH",530.00,E,N,A,-,N,,,,,,,,,,Y,3,0,1,2,A,-,08,22107,,M,B,C,A,A,H,-,B,D,0,,,,Y,Y,,A,07,0,1,0,0,0,0,0,0,0,"- ","- ",35.36204,-118.92949,KERN,UNINCORPORATED,-118.92989753000001,35.362058150000003
90592831,2017,2017-11-13,9420,2017-09-13,0635,015261,,3,1,9,1500,0,3,5,,2,520,"POND ROAD","DRIVER ROAD",0.00,,Y,A,-,N,,,,,,,,,,Y,1,1,2,2,A,-,09,21802,A,N,D,C,A,A,H,-,A,A,0,,,,Y,Y,,A,01,1,0,1,0,0,0,0,0,0,"- ","- ",35.717790000000001,-119.20508,KERN,UNINCORPORATED,-119.20505994,35.717820099999997
90592847,2017,2017-11-13,9420,2017-11-04,1743,019442,,6,2,9,1500,0,2,4,,1,064,"OLIVE DR.","ROBERTS LN.",83.00,W,N,A,-,N,,,,,,,,,,N,4,0,1,3,A,-,03,22350,,M,C,C,A,A,H,-,A,D,0,,,,,Y,,D,22,0,0,1,0,0,0,0,0,0,"- ","- ",35.412570000000002,-119.04928,KERN,UNINCORPORATED,-119.04887223,35.412353060000001
90592942,2017,2017-11-13,9420,2017-11-09,0520,018524,,4,3,9,1500,0,1,3,,2,177,SR-178,POWERHOUSE,5280.00,E,N,A,-,Y,,,178,,,,,,,Y,3,0,2,1,A,-,01,23152,A,N,E,I,A,A,H,-,B,D,0,,,,,Y,Y,A,01,0,2,0,0,0,0,0,0,0,"- ","- ",35.463299999999997,-118.7606,KERN,UNINCORPORATED,-118.76070314,35.46333379
90593080,2017,2017-11-13,9420,2017-11-01,2200,018932,,3,3,9,1500,0,1,3,,2,091,"SR-99 S/B","LERDO HWY",5280.00,N,N,A,-,Y,,,99,,,,,,S,Y,4,0,1,2,A,-,03,22350,,N,C,C,A,A,H,-,D,D,0,,,,,Y,,A,01,0,0,1,0,0,0,0,0,0,"- ","- ",35.506709999999998,-119.17364000000001,KERN,UNINCORPORATED,-119.17361027,35.506742930000001
90593243,2017,2017-11-13,9420,2017-11-09,2045,019856,,4,2,6,1502,0,2,4,,1,076,"COTTONWOOD ROAD","SR-58 E/B TO COTTONWOOD ROAD",0.00,,Y,A,-,N,,,,,,,,,,Y,4,0,1,2,A,-,12,21453,A,M,D,C,A,A,H,-,C,A,0,,,,,Y,,A,01,0,0,1,0,0,0,0,0,0,"- ","- ",35.351930000000003,-118.98533999999999,KERN,BAKERSFIELD,-118.98538649,35.351888940000002
90593289,2017,2017-11-13,9420,2017-11-05,0915,018608,,7,1,9,1500,0,1,3,,1,184,SR-184,SR-58,238.00,N,N,B,-,Y,,,184,,,,,,,Y,3,0,2,1,A,-,08,22107,,N,E,I,A,B,H,-,A,D,0,,,,,Y,,D,22,0,2,0,0,0,0,0,0,0,"- ","- ",35.353200000000001,-118.91431,KERN,UNINCORPORATED,-118.91419655999999,35.353199910000001
90593369,2017,2017-11-13,9830,2017-11-03,1720,019762,,5,2,9,1500,0,3,5,,2,002,"JUNIPER AVE.","MIRAGE ST.",152.00,E,N,A,-,N,,,,,,,,,,N,2,0,1,2,C,-,18,,,N,E,I,A,A,H,-,A,D,0,,,,,Y,,-,"- ",1,0,0,0,0,0,0,0,0,"- ","- ",35.022039999999997,-117.41513,KERN,UNINCORPORATED,-117.69769013,35.006263760000003
90593381,2017,2017-11-13,9420,2017-10-23,0640,018117,,1,1,9,1500,0,1,3,,2,430,"SR-43 N/B","RIVERSIDE ST",0.00,,Y,A,-,Y,,,43,,,,,,N,Y,4,0,1,2,A,-,09,21802,A,N,D,C,A,A,H,-,D,A,0,,,,,Y,,A,01,0,0,1,0,0,0,0,0,0,"- ","- ",35.485280000000003,-119.2607,KERN,UNINCORPORATED,-119.26072545,35.485280340000003
90593659,2017,2017-12-15,9420,2017-10-08,0227,019686,,7,3,9,1500,0,1,3,,1,462,"STATE ROUTE 46","ROWLEE ROAD",1175.00,E,N,A,-,Y,,,46,,,,,,,Y,1,1,2,2,A,-,01,23152,A,N,C,C,A,A,H,-,D,D,0,,,,,Y,Y,A,01,0,1,1,0,0,0,0,0,0,"- ","- ",35.601179999999999,-119.46991,KERN,UNINCORPORATED,-119.4699097,35.601126899999997
90593694,2017,2017-11-14,9420,2017-10-30,0650,018117,,1,1,9,1500,0,3,5,,2,510,"COUNTY LINE RD","REED RD",483.00,E,N,A,-,N,,,,,,,,,,Y,4,0,1,2,A,-,16,29004,B,N,A,C,A,A,H,-,B,D,0,,,,,Y,,E,22,0,0,1,0,0,0,0,0,0,"- ","- ",35.790590000000002,-119.15900000000001,KERN,UNINCORPORATED,-119.15915327,35.790643770000003
90593706,2017,2017-11-14,9420,2017-11-03,1640,017256,,5,2,9,1500,0,1,3,,2,091,"SR-99 S/B","FRIANT-KERN CANAL",755.00,N,N,B,-,Y,,,99,,,,,,S,Y,4,0,1,3,A,-,03,22350,,M,C,C,A,A,H,-,A,D,0,,,,,Y,,A,01,0,0,1,0,0,0,0,0,0,"- ","- ",35.632950000000001,-119.21691,KERN,UNINCORPORATED,-119.21677390000001,35.632981280000003
90593708,2017,2017-11-14,9420,2017-11-04,1340,019459,,6,1,9,1500,0,1,3,,2,090,"SR-99 N/B","SHERWOOD AVE",250.00,S,N,A,-,Y,,,,,,,,,,Y,4,0,2,3,A,-,03,22350,,N,C,C,A,A,H,-,A,D,0,,,,,Y,,D,22,0,0,2,0,0,0,0,0,0,"- ","- ",35.672429999999999,-119.22601,KERN,UNINCORPORATED,-119.22600536,35.672566740000001