CASE_ID,ACCIDENT_YEAR,PROC_DATE,JURIS,COLLISION_DATE,COLLISION_TIME,OFFICER_ID,REPORTING_DISTRICT,DAY_OF_WEEK,CHP_SHIFT,POPULATION,CNTY_CITY_LOC,SPECIAL_COND,BEAT_TYPE,CHP_BEAT_TYPE,CITY_DIVISION_LAPD,CHP_BEAT_CLASS,BEAT_NUMBER,PRIMARY_RD,SECONDARY_RD,DISTANCE,DIRECTION,INTERSECTION,WEATHER_1,WEATHER_2,STATE_HWY_IND,CALTRANS_COUNTY,CALTRANS_DISTRICT,STATE_ROUTE,ROUTE_SUFFIX,POSTMILE_PREFIX,POSTMILE,LOCATION_TYPE,RAMP_INTERSECTION,SIDE_OF_HWY,TOW_AWAY,COLLISION_SEVERITY,NUMBER_KILLED,NUMBER_INJURED,PARTY_COUNT,PRIMARY_COLL_FACTOR,PCF_CODE_OF_VIOL,PCF_VIOL_CATEGORY,PCF_VIOLATION,PCF_VIOL_SUBSECTION,HIT_AND_RUN,TYPE_OF_COLLISION,MVIW,PED_ACTION,ROAD_SURFACE,ROAD_COND_1,ROAD_COND_2,LIGHTING,CONTROL_DEVICE,CHP_ROAD_TYPE,PEDESTRIAN_ACCIDENT,BICYCLE_ACCIDENT,MOTORCYCLE_ACCIDENT,TRUCK_ACCIDENT,NOT_PRIVATE_PROPERTY,ALCOHOL_INVOLVED,STWD_VEHTYPE_AT_FAULT,CHP_VEHTYPE_AT_FAULT,COUNT_SEVERE_INJ,COUNT_VISIBLE_INJ,COUNT_COMPLAINT_PAIN,COUNT_PED_KILLED,COUNT_PED_INJURED,COUNT_BICYCLIST_KILLED,COUNT_BICYCLIST_INJURED,COUNT_MC_KILLED,COUNT_MC_INJURED,PRIMARY_RAMP,SECONDARY_RAMP,LATITUDE,LONGITUDE,COUNTY,CITY,POINT_X,POINT_Y
90629515,2017,2017-12-29,9420,2017-12-20,0605,017256,,3,1,9,1500,0,3,5,,2,510,"DRIVER RD","CECIL AVE",0.00,,Y,B,-,N,,,,,,,,,,Y,4,0,1,2,A,-,09,21802,A,N,D,C,A,A,H,-,D,A,0,,,,,Y,,D,22,0,0,1,0,0,0,0,0,0,"- ","- ",35.775829999999999,-119.20559,KERN,UNINCORPORATED,-119.20529996,35.775850069999997
90629551,2017,2018-01-03,9426,2017-10-14,1545,017321,,6,2,9,1500,0,3,5,,2,087,"OLD RIVER ROAD","COPUS ROAD",8448.00,N,N,A,-,N,,,,,,,,,,Y,1,1,2,1,A,-,08,22107,,N,F,A,A,A,H,-,A,D,0,,,,,Y,,A,07,1,1,0,0,0,0,0,0,0,"- ","- ",35.119700000000002,-119.10980000000001,KERN,UNINCORPORATED,-119.10970931999999,35.117705299999997
90629614,2017,2017-12-29,9420,2017-12-28,1605,019184,,4,2,6,1502,0,1,3,,2,093,"SR-99 SB","CALIFORNIA AVE",800.00,N,N,A,-,Y,,,,,,,,,,N,4,0,1,2,A,-,03,22350,,N,C,C,A,A,H,-,A,D,0,,,,,Y,,A,01,0,0,1,0,0,0,0,0,0,"- ","- ",35.37321,-119.43988,KERN,BAKERSFIELD,-119.04288042,35.370421640000004
90629685,2017,2017-12-29,9420,2017-12-27,1315,013475,,3,1,6,1502,0,1,3,,2,093,"SR-99 S/B","SR-58 (ROSEDALE HWY.)",225.00,S,N,A,-,Y,,,99,,,,,,S,N,4,0,2,2,A,-,03,22350,,N,C,C,A,A,H,-,A,D,0,,,,Y,Y,,G,25,0,0,2,0,0,0,0,0,0,"- ","- ",35.381590000000003,-119.04468,KERN,BAKERSFIELD,-119.04464938,35.38159039
90629778,2017,2017-12-29,9426,2017-12-22,2240,018633,,5,3,9,1500,0,1,1,,2,502,"I-5 S/B","MERCED AVE",1056.00,S,N,A,-,Y,,,5,,,,,,S,Y,4,0,7,2,A,-,03,22350,,N,C,C,A,A,H,-,D,D,0,,,,,Y,,A,01,0,0,7,0,0,0,0,0,0,"- ","- ",35.526490000000003,-119.56345,KERN,UNINCORPORATED,-119.56365552,35.526266419999999
90629789,2017,2017-12-29,9426,2017-12-22,2132,018919,,5,2,9,1500,0,1,1,,2,504,"I-5 S/B","STATION ROAD",2640.00,N,N,A,-,Y,,,5,,,,,,S,Y,4,0,2,2,A,-,03,22350,,N,C,C,A,A,H,-,D,D,0,,,,,Y,,A,01,0,0,2,0,0,0,0,0,0,"- ","- ",35.336750000000002,-119.31074,KERN,UNINCORPORATED,-119.31070271,35.33680262
90630605,2017,2018-01-02,9420,2017-12-15,1348,019531,,5,1,9,1500,0,1,3,,2,585,"SR-58 WESTBOUND (W/B)",SR-99,200.00,E,N,A,-,Y,,,58,,,,,,W,Y,3,0,3,3,A,-,03,22350,,N,C,C,A,A,H,-,A,D,0,,,,Y,Y,,G,25,0,2,1,0,0,0,0,0,0,"- ","- ",35.352710000000002,-119.03668999999999,KERN,UNINCORPORATED,-119.03668974,35.352786940000001
90630627,2017,2018-01-02,9420,2017-12-17,1959,020672,,7,2,9,1500,0,2,4,,1,051,"NORTH CHESTER AVE. S/B","WASHINGTON AVE.",70.00,S,N,A,-,N,,,,,,,,,,Y,4,0,1,1,A,-,01,23152,A,N,E,I,A,A,H,-,C,B,0,,,,,Y,Y,A,07,0,0,1,0,0,0,0,0,0,"- ","- ",35.415260000000004,-119.021,KERN,UNINCORPORATED,-119.02122,35.415277930000002
90630684,2017,2018-01-02,9420,2017-12-18,1740,020634,,1,2,9,1500,0,2,4,,1,072,"EDISON ROAD","E. PANAMA LANE",2112.00,N,N,A,-,N,,,,,,,,,,Y,4,0,2,2,A,-,03,22350,,N,E,C,A,A,H,-,B,D,0,,,,Y,Y,,D,22,0,0,2,0,0,0,0,0,0,"- ","- ",35.302900000000001,-118.8785,KERN,UNINCORPORATED,-118.87853799,35.302064540000003
90630782,2017,2018-01-02,9420,2017-12-21,0025,020040,,4,3,6,1502,0,1,3,,2,093,"SR-99 S/B","SR-58 (ROSEDALE HWY.)",1056.00,N,N,A,-,Y,,,99,,,,,,S,Y,2,0,1,2,A,-,03,22350,,N,C,C,A,A,H,-,C,D,0,,,Y,,Y,,A,01,1,0,0,0,0,0,0,0,1,"- ","- ",35.385649999999998,-119.04473,KERN,BAKERSFIELD,-119.04465872999999,35.385649690000001
9063094,2020,2020-10-13,1509,2020-04-03,0740,58030,B,5,5,3,1509,0,0,0,,0,,"28700 BLOCK OF DEERTRAIL DR","28703 DEERTRAIL DR",147.00,W,N,A,-,N,,,,,,,,,,Y,3,0,1,1,A,-,03,22350,,N,F,I,A,A,H,-,A,D,0,,,,Y,Y,,F,27,0,1,0,0,0,0,0,0,0,"- ","- ",,,KERN,TEHACHAPI,,
90631108,2017,2018-01-02,9426,2017-12-25,2500,015576,,1,4,9,1500,0,3,5,,2,087,"COLES LEVEE RD","PIERI RD",35.00,S,N,A,-,N,,,,,,,,,,Y,3,0,1,1,A,-,03,22350,,N,E,I,A,A,H,-,D,D,0,,,,,Y,,A,01,0,1,0,0,0,0,0,0,0,"- ","- ",35.194400000000002,-119.23277,KERN,UNINCORPORATED,-119.23277,35.19455
90631145,2017,2018-01-02,9426,2017-12-20,1620,019723,,3,2,9,1500,0,3,5,,2,081,"ELM ST","JACKSON ST",0.00,,Y,B,-,N,,,,,,,,,,Y,4,0,1,2,A,-,09,21800,A,N,D,C,A,A,H,-,A,D,0,,,,,Y,,A,08,0,0,1,0,0,0,0,0,0,"- ","- ",35.157600000000002,-119.45372,KERN,UNINCORPORATED,-119.45380994999999,35.157600070000001
90631166,2017,2018-01-02,9426,2017-12-22,2205,018633,,5,3,9,1500,0,1,1,,2,502,"I-5 S/B","LERDO HWY",1056.00,S,N,A,-,Y,,,5,,,,,,S,Y,4,0,1,2,A,-,07,21658,A,N,C,C,A,A,H,-,C,D,0,,,,,Y,,A,08,0,0,1,0,0,0,0,0,0,"- ","- ",35.497120000000002,-119.53207999999999,KERN,UNINCORPORATED,-119.53203163000001,35.497170220000001
90631205,2017,2018-01-02,9420,2017-12-23,1735,019185,,6,2,9,1500,0,1,3,,2,097,"SR-99 S/B",SR-119,1848.00,S,N,A,-,Y,,,99,,,,,,S,Y,3,0,4,4,A,-,03,22350,,F,C,C,A,A,H,-,D,A,0,,,,Y,Y,,A,01,0,1,3,0,0,0,0,0,0,"- ","- ",35.261809999999997,-119.02168,KERN,UNINCORPORATED,-119.02169579,35.261805819999999
90631244,2017,2018-01-02,9420,2017-12-23,0249,020484,,6,3,6,1502,0,1,3,,2,095,"SR-99 S/B TO PANAMA LANE","PANAMA LANE",400.00,N,N,A,-,Y,,,99,,,,R,,S,Y,3,0,1,1,A,-,01,23152,A,N,E,I,A,A,H,-,C,D,0,,,,,Y,Y,A,07,0,1,0,0,0,0,0,0,0,"- ","- ",35.29683,-119.03147,KERN,BAKERSFIELD,-119.03147,35.29683
90631253,2017,2018-01-02,9420,2017-12-23,0237,020782,,6,3,9,1500,0,2,4,,1,075,"S. UNION AVE.","WATTS DR.",300.00,S,N,A,-,N,,,,,,,,,,Y,3,0,1,2,A,-,01,23152,A,N,C,E,A,A,H,-,C,D,0,,,,,Y,Y,A,01,0,1,0,0,0,0,0,0,0,"- ","- ",35.330849999999998,-119.00291,KERN,UNINCORPORATED,-119.00297999999999,35.331356829999997
90631264,2017,2018-01-02,9420,2017-12-23,1928,020409,,6,2,9,1500,0,1,3,,2,588,"SR-58 EASTBOUND","BENA ROAD",3168.00,E,N,A,-,Y,,,58,,,,,,E,Y,4,0,1,1,A,-,08,22107,,N,E,I,A,A,H,-,D,D,0,,,,,Y,,A,01,0,0,1,0,0,0,0,0,0,"- ","- ",35.268059999999998,-118.67274,KERN,UNINCORPORATED,-118.67275552,35.268007660000002
90631348,2017,2018-01-02,9830,2017-12-27,1420,021870,,3,2,9,1500,0,1,3,,2,010,"SR-58 E/B","BROOME RD",1690.00,W,N,A,-,Y,,,58,,,,,,E,Y,2,0,1,1,A,-,01,23152,A,N,E,I,A,A,H,-,A,D,0,,,,,Y,Y,A,07,1,0,0,0,0,0,0,0,0,"- ","- ",35.202530000000003,-118.52809999999999,KERN,UNINCORPORATED,-118.52806022,35.202621479999998
90631349,2017,2018-01-02,9420,2017-12-24,0445,019903,,7,3,9,1500,0,2,4,,1,071,"FAIRFAX RD S/B","AZALEA AVE",85.00,N,N,A,-,N,,,,,,,,,,Y,4,0,1,1,A,-,08,22107,,N,E,I,A,A,H,-,C,D,0,,,,,Y,,A,01,0,0,1,0,0,0,0,0,0,"- ","- ",35.380899999999997,-118.93204,KERN,UNINCORPORATED,-118.93205,35.380313219999998
90631380,2017,2018-01-02,9420,2017-12-25,1850,020634,,1,2,9,1500,0,2,4,,1,051,"N. CHESTER AVE","CHINA GRADE LOOP",325.00,N,N,A,-,N,,,,,,,,,,N,2,0,1,1,A,-,03,22350,,N,F,A,A,A,H,-,C,D,0,,,Y,,Y,,C,02,1,0,0,0,0,0,0,0,1,"- ","- ",35.427689999999998,-119.02136,KERN,UNINCORPORATED,-119.02119433,35.427611679999998
90631438,2017,2018-01-02,9426,2017-12-28,1430,018023,,4,2,9,1500,0,1,3,,2,432,"I-5 S/B TO SR-43","SR-43 S/B",0.00,,Y,A,-,Y,,,5,,,,R,,S,Y,3,0,1,2,A,-,09,21802,A,N,B,C,A,A,H,-,A,A,0,,,,,Y,,A,01,0,1,0,0,0,0,0,0,0,"- ","- ",35.291060000000002,-119.25265,KERN,UNINCORPORATED,-119.25265,35.291060000000002
90631461,2017,2018-01-02,9420,2017-12-22,1230,016926,,5,1,9,1500,0,1,3,,1,184,SR-184,"WILSON ROAD",0.00,,Y,A,-,N,,,184,,,,,,,Y,2,0,4,2,A,-,09,21802,A,N,D,C,A,A,H,-,A,A,0,,,,,Y,,A,01,1,2,1,0,0,0,0,0,0,"- ","- ",35.332450000000001,-118.91437000000001,KERN,UNINCORPORATED,-118.91429862,35.332449840000002
90631501,2018,2018-01-02,9426,2018-01-01,1640,015472,,1,2,9,1500,0,1,1,,2,502,"I-5 S/B","ROWLEE RD",6336.00,N,N,A,-,Y,,,5,,,,,,S,Y,4,0,1,2,A,-,03,22350,,N,C,C,A,A,H,-,B,A,0,,,,,Y,,A,01,0,0,1,0,0,0,0,0,0,"- ","- ",35.467700958251953,-119.49220275878906,KERN,UNINCORPORATED,-119.49216461181641,35.467750549316406
90631511,2017,2018-01-02,9830,2017-12-18,1645,014565,,1,2,9,1500,0,2,4,,1,034,"ROSAMOND BLVD","GLENDOWER ST.",240.00,E,N,A,-,N,,,,,,,,,,N,4,0,2,4,A,-,03,22350,,N,C,C,A,A,H,-,B,A,0,,,,,Y,,A,01,0,0,2,0,0,0,0,0,0,"- ","- ",34.864420000000003,-118.16819,KERN,UNINCORPORATED,-118.16827173,34.864322479999998
90631520,2017,2018-01-02,9830,2017-12-26,1815,014565,,2,2,9,1500,0,1,3,,1,020,"SR-14 (SIERRA HWY)","MONO ST.",170.00,N,N,A,-,Y,,,14,,,,,,,Y,3,0,2,2,D,-,00,,,N,C,C,A,A,H,-,D,D,0,,,,,Y,,-,"- ",0,1,1,0,0,0,0,0,0,"- ","- ",35.057929999999999,-118.17534999999999,KERN,UNINCORPORATED,-118.17538659,35.0579185
90631792,2017,2018-01-03,9830,2017-12-25,0420,021907,,1,3,9,1500,0,1,3,,1,031,"SR-14 S/B","SILVER QUEEN RD",4752.00,N,N,A,-,Y,,,14,,,,,,S,Y,3,0,1,1,A,-,08,22107,,N,F,A,A,A,H,-,D,D,0,,,,,Y,,A,07,0,1,0,0,0,0,0,0,0,"- ","- ",35.006369999999997,-118.16045,KERN,UNINCORPORATED,-118.16061995,35.006351000000002
90631823,2017,2018-01-03,9426,2017-12-26,1915,014850,,2,2,9,1500,0,1,1,,2,502,"I-5 S/B",SR-58,528.00,N,N,A,-,Y,,,5,,,,,,S,Y,3,0,6,7,A,-,03,22350,,N,C,C,A,A,H,-,C,D,0,,,,Y,Y,,G,25,0,3,3,0,0,0,0,0,0,"- ","- ",35.399700000000003,-119.3984,KERN,UNINCORPORATED,-119.39851075999999,35.399547030000001
90631832,2017,2018-01-03,9420,2017-12-27,1220,016153,,3,1,9,1500,0,2,4,,1,064,"OLIVE DR.","KNUDSEN DR.",126.00,W,N,A,-,N,,,,,,,,,,N,3,0,3,2,A,-,03,22350,,M,C,C,A,A,H,-,A,D,0,,,,,Y,,A,01,0,1,2,0,0,0,0,0,0,"- ","- ",35.412289999999999,-119.05929,KERN,UNINCORPORATED,-119.05920209999999,35.412418700000003
90631845,2017,2018-01-03,9830,2017-12-26,0520,021907,,2,3,9,1500,0,1,3,,2,010,"SR-58 W/B",SR-202,13200.00,W,N,A,-,Y,,,58,,,,,,W,Y,3,0,1,1,A,-,08,22107,,N,E,I,A,A,H,-,D,D,0,,,,,Y,,A,01,0,1,0,0,0,0,0,0,0,"- ","- ",35.170169999999999,-118.47533,KERN,UNINCORPORATED,-118.47534815,35.170152299999998
90631847,2018,2018-01-03,9426,2018-01-01,1935,015472,,1,2,9,1500,0,1,1,,2,504,"I-5 S/B",SR-58,5280.00,S,N,A,-,Y,,,5,,,,,,S,Y,4,0,1,1,A,-,08,22107,,N,E,I,A,A,H,-,D,A,0,,,,,Y,,A,08,0,0,1,0,0,0,0,0,0,"- ","- ",35.388999938964844,-119.38420104980469,KERN,UNINCORPORATED,-119.38413238525391,35.389095306396484
90631887,2017,2018-01-03,9830,2017-12-30,1810,019400,,6,2,9,1500,0,3,5,,2,001,"SANTA MARIA DRIVE","SANTA BARBARA DRIVE",250.00,N,N,A,-,N,,,,,,,,,,Y,3,0,3,2,A,-,01,23152,A,N,E,I,A,A,H,-,D,D,0,,,,,Y,Y,A,07,0,1,2,0,0,0,0,0,0,"- ","- ",35.07338,-118.29136,KERN,UNINCORPORATED,-118.49045,35.131300000000003
90631912,2017,2018-01-03,9830,2017-12-21,0156,012724,,4,3,9,1500,0,3,5,,2,004,"NEURALIA RD","PHILLIPS RD",1056.00,N,N,A,-,N,,,,,,,,,,Y,2,0,1,1,A,-,01,23152,A,N,F,A,A,A,H,-,D,D,0,,,,,Y,Y,D,22,1,0,0,0,0,0,0,0,0,"- ","- ",35.203940000000003,-117.98581,KERN,UNINCORPORATED,-117.98583537,35.201664860000001
90631952,2017,2018-01-03,9420,2017-12-28,1330,019353,,4,1,9,1500,0,1,3,,1,176,"BERNARD STREET","SOLANO DRIVE",0.00,,Y,A,-,N,,,,,,,,,,N,4,0,3,2,A,-,09,21801,A,N,D,C,A,A,H,-,A,D,0,,,,,Y,,A,01,0,0,3,0,0,0,0,0,0,"- ","- ",35.232300000000002,-118.58320000000001,KERN,UNINCORPORATED,-118.97526009000001,35.389630089999997
90632004,2017,2018-01-03,9420,2017-12-29,1510,019184,,5,2,6,1502,0,1,3,,2,093,"SR-99 SB","KERN RIVER",500.00,S,N,A,-,Y,,,99,,,,,,S,N,4,0,1,3,A,-,03,22350,,N,C,C,A,A,H,-,A,D,0,,,,,Y,,A,07,0,0,1,0,0,0,0,0,0,"- ","- ",35.377029999999998,-119.04468,KERN,BAKERSFIELD,-119.04456089999999,35.377033490000002
90632163,2017,2018-01-03,9430,2017-12-13,0727,016825,,3,1,9,1500,0,1,1,,2,053,"I-5 N/B","#4 TURN THROUGH",507.00,N,N,A,-,Y,,,5,,,,,,N,Y,4,0,1,1,A,-,08,22107,,N,F,A,A,A,H,-,A,A,0,,,,,Y,,A,01,0,0,1,0,0,0,0,0,0,"- ","- ",34.913780000000003,-118.92305,KERN,UNINCORPORATED,-118.92338647,34.913710539999997
90632198,2017,2019-07-08,9830,2017-09-22,0515,014774,,5,3,9,1500,0,3,5,,2,001,"TEHACHAPI WILLOW SPRINGS ROAD","OAK CREEK ROAD",384.00,N,N,A,-,N,,,,,,,,,,Y,1,1,1,2,A,-,05,21460,A,N,A,C,A,A,H,-,D,D,0,,,,,Y,,A,01,1,0,0,0,0,0,0,0,0,"- ","- ",35.050170000000001,-118.35507,KERN,UNINCORPORATED,-118.36060980000001,35.052690699999999
90632631,2017,2018-01-04,9420,2017-12-20,1835,018805,,3,2,9,1500,0,1,3,,2,586,"SR-58 E/B","GENERAL BEALE ROAD",7920.00,W,N,B,-,Y,,,58,,,,,,E,Y,3,0,4,2,A,-,01,23152,A,N,A,C,A,A,H,-,D,D,0,,,,,Y,Y,A,01,0,4,0,0,0,0,0,0,0,"- ","- ",35.303829999999998,-118.77404,KERN,UNINCORPORATED,-118.77403114000001,35.303840219999998
90632726,2017,2018-01-04,9420,2017-12-24,0515,019649,,7,3,9,1500,0,2,4,,1,064,"OLIVE DR","FRUITVALE AVE.",0.00,,Y,A,-,N,,,,,,,,,,Y,3,0,1,2,D,-,00,,,N,D,C,A,A,H,-,C,A,0,,,,,Y,,-,"- ",0,1,0,0,0,0,0,0,0,"- ","- ",35.412439999999997,-119.07452000000001,KERN,UNINCORPORATED,-119.07461010999999,35.41247001
90632765,2017,2018-01-04,9830,2017-12-24,1230,017146,,7,1,9,1500,0,1,3,,1,052,"SR-178 E/B (INYOKERN RD.)","BROWN RD.",0.00,,Y,A,-,Y,,,178,,,,,,E,Y,4,0,2,2,A,-,03,22350,,N,D,C,A,A,H,-,A,A,0,,,,,Y,,A,01,0,0,2,0,0,0,0,0,0,"- ","- ",35.646909999999998,-117.81264,KERN,UNINCORPORATED,-117.81264014999999,35.6469667
90633038,2017,2018-01-04,9430,2017-12-22,1730,017153,,5,2,9,1500,0,1,1,,2,052,"I-5 S/B","LEBEC SERVICE ROAD",310.00,S,N,A,-,Y,,,,,,,,,,Y,4,0,1,2,A,-,03,22350,,N,C,C,A,A,H,-,C,D,0,,,,,Y,,A,01,0,0,1,0,0,0,0,0,0,"- ","- ",34.505980000000001,-118.51509,KERN,UNINCORPORATED,,
90633128,2017,2018-01-04,9420,2017-12-28,2120,019901,,4,2,9,1500,0,1,3,,1,650,"SR-65 N/B","ORANGE GROVE AVE.",3062.00,S,N,A,-,Y,,,65,,,,,,N,Y,4,0,1,1,A,-,08,22107,,N,E,I,A,A,H,-,D,D,0,,,,Y,Y,,G,25,0,0,1,0,0,0,0,0,0,"- ","- ",35.689019999999999,-119.06659999999999,KERN,UNINCORPORATED,-119.06666717,35.689038480000001
90633140,2017,2018-01-04,9420,2017-12-29,1715,016973,,5,2,6,1502,0,1,3,,2,092,"SR-99 N/B","CALIFORNIA AVE.",200.00,N,N,A,-,Y,,,99,,,,,,N,Y,3,0,1,4,A,-,03,22350,,N,C,C,A,A,H,-,C,D,0,,,,Y,Y,,D,22,0,1,0,0,0,0,0,0,0,"- ","- ",35.370100000000001,-119.0424,KERN,BAKERSFIELD,-119.04252090999999,35.370046969999997
90633141,2017,2018-01-04,9420,2017-12-29,1255,015261,,5,1,9,1500,0,1,3,,2,091,"SR-99 S/B","LERDO HWY.",1056.00,N,N,A,-,Y,,,99,,,,,,S,Y,4,0,1,1,A,-,08,22107,,N,E,I,A,A,H,-,A,D,0,,,,,Y,,A,01,0,0,1,0,0,0,0,0,0,"- ","- ",35.507489999999997,-119.17386999999999,KERN,UNINCORPORATED,-119.17412496,35.507207559999998
90633165,2017,2018-01-04,9420,2017-12-29,0928,015259,,5,1,9,1500,0,3,5,,2,672,"BUENA VISTA BOULEVARD","ADOBE ROAD",462.00,E,N,A,-,N,,,,,,,,,,Y,3,0,2,2,A,-,09,21801,A,N,D,C,A,A,H,-,A,D,0,,,,,Y,,A,01,0,1,1,0,0,0,0,0,0,"- ","- ",35.237830000000002,-118.96607,KERN,UNINCORPORATED,-118.9661249,35.237800020000002
90633186,2017,2018-01-04,9420,2017-12-29,1427,019353,,5,2,6,1502,0,1,3,,2,093,"SR-99 S/B","SR-58 (ROSEDALE HIGHWAY)",200.00,N,N,A,-,Y,,,,,,,,,,N,4,0,6,2,A,-,03,22350,,N,C,C,A,A,H,-,A,D,0,,,,,Y,,A,07,0,0,6,0,0,0,0,0,0,"- ","- ",35.222900000000003,-119.23699999999999,KERN,BAKERSFIELD,,
90633229,2017,2018-01-04,9420,2017-12-23,1640,019531,,6,2,9,1500,0,2,4,,1,071,"FAIRFAX ROAD","ALFRED HARRELL HWY",1000.00,S,N,A,-,N,,,,,,,,,,Y,3,0,1,1,A,-,08,22107,,N,E,I,A,A,H,-,B,D,0,,,,,Y,,A,01,0,1,0,0,0,0,0,0,0,"- ","- ",35.41742,-118.93881,KERN,UNINCORPORATED,-118.94896,35.421810000000001
90633232,2017,2018-01-04,9830,2017-12-29,0825,014774,,5,1,9,1500,0,1,3,,2,010,"SR-58 E/B","BROOME RD",4752.00,E,N,A,-,Y,,,58,,,,,,E,N,4,0,1,2,A,-,03,22350,,N,C,C,A,A,H,-,A,D,0,,,,,Y,,A,01,0,0,1,0,0,0,0,0,0,"- ","- ",35.190989999999999,-118.50808000000001,KERN,UNINCORPORATED,-118.50805269,35.1910308
90633237,2018,2018-01-04,9420,2018-01-01,1650,019098,,1,2,9,1500,0,3,5,,2,630,"LAVERNE AVENUE","S. REAL ROAD",295.00,E,N,A,-,N,,,,,,,,,,N,4,0,1,1,A,-,08,22107,,N,E,I,A,A,H,-,B,D,0,,,Y,,Y,,C,02,0,0,1,0,0,0,0,0,1,"- ","- ",35.3426513671875,-119.04234313964844,KERN,UNINCORPORATED,-119.04238891601562,35.342723846435547
90633400,2018,2018-01-04,9420,2018-01-03,1145,016767,,3,1,9,1500,0,2,4,,1,052,"ROBERTS LANE","N. CHESTER AVENUE",140.00,E,N,A,-,N,,,,,,,,,,Y,4,0,1,2,A,-,09,21804,A,N,D,D,A,A,H,-,A,A,0,,,,,Y,,A,07,0,0,1,0,0,0,0,0,0,"- ","- ",35.408439636230469,-119.02044677734375,KERN,UNINCORPORATED,-119.02108001708984,35.408641815185547
90633638,2017,2018-01-05,9420,2017-12-25,2058,020409,,1,2,9,1500,0,3,5,,2,060,"KNUDSEN DRIVE","OLIVE DRIVE",135.00,N,N,A,-,N,,,,,,,,,,Y,4,0,2,2,A,-,03,22350,,N,C,C,A,A,H,-,C,D,0,,,,,Y,,A,01,0,0,2,0,0,0,0,0,0,"- ","- ",35.4129,-119.05868,KERN,UNINCORPORATED,-119.05877117999999,35.41278037
90633707,2017,2018-01-05,9420,2017-12-19,1817,015896,,2,2,9,1500,0,3,5,,2,060,"MEACHAM RD","VERDUGO LN",0.00,,Y,A,-,N,,,,,,,,,,Y,3,0,1,2,A,-,12,22450,A,N,D,C,A,A,H,-,C,A,0,,,,,Y,,A,07,0,1,0,0,0,0,0,0,0,"- ","- ",35.390700000000002,-119.119,KERN,UNINCORPORATED,-119.11897005,35.390710120000001
90633749,2017,2018-01-05,9426,2017-12-28,1550,018023,,4,2,9,1500,0,1,3,,1,167,"SR-166 W/B","SHORT RD",1060.00,E,N,A,-,Y,,,166,,,,,,W,Y,4,0,1,1,A,-,08,22107,,N,F,A,A,A,H,-,A,D,0,,,,,Y,,A,01,0,0,1,0,0,0,0,0,0,"- ","- ",35.058230000000002,-119.3691,KERN,UNINCORPORATED,-119.36909996999999,35.058236800000003
90633827,2018,2018-01-05,9420,2018-01-03,1745,016978,,3,2,6,1502,0,1,3,,2,093,"SR-99 (S/B)","KERN RIVER",500.00,S,N,B,-,Y,,,99,,,,,,,Y,4,0,4,3,A,-,07,21658,A,F,B,C,A,A,H,-,D,D,0,,,,,Y,,-,99,0,0,4,0,0,0,0,0,0,"- ","- ",35.377910614013672,-119.04488372802734,KERN,BAKERSFIELD,-119.04458618164062,35.377918243408203
90634154,2018,2018-01-05,9420,2018-01-01,1520,019459,,1,2,9,1500,0,1,3,,1,650,SR-65,"FAMOSO ROAD",4224.00,S,N,A,-,Y,,,65,,,,,,,Y,4,0,1,1,A,-,08,22107,,N,E,I,A,A,H,-,A,D,0,,,,,Y,,A,01,0,0,1,0,0,0,0,0,0,"- ","- ",35.590950012207031,-119.08975219726562,KERN,UNINCORPORATED,-119.08969879150391,35.590946197509766
90634288,2017,2018-01-05,9430,2017-12-23,2115,018681,,6,2,9,1500,0,2,4,,1,024,"MIL POTRERO HWY","WOODLAND DR.",422.00,E,N,A,-,N,,,,,,,,,,Y,3,0,1,1,A,-,01,23152,A,N,E,I,A,A,H,-,D,D,0,,,,,Y,Y,A,01,0,1,0,0,0,0,0,0,0,"- ","- ",34.85295,-119.15858,KERN,UNINCORPORATED,-119.15849,34.852984820000003
90634794,2017,2018-01-08,9420,2017-12-30,1320,020409,,6,1,9,1500,0,1,3,,2,177,SR-178,"LIVE OAK PICNIC AREA",2112.00,E,N,A,-,Y,,,178,,,,,,,Y,4,0,1,1,A,-,01,23152,A,N,E,I,A,A,H,-,A,D,0,,,,,Y,Y,D,22,0,0,1,0,0,0,0,0,0,"- ","- ",35.474429999999998,-118.73054,KERN,UNINCORPORATED,-118.73053131,35.474449669999998
90634826,2017,2018-01-08,9420,2017-12-31,1750,020409,,7,2,9,1500,0,2,4,,1,072,"CALIFORNIA AVE WESTBOUND","MT. VERNON AVE",30.00,E,N,A,-,N,,,,,,,,,,Y,3,0,4,3,A,-,01,23152,A,N,C,C,A,A,H,-,C,A,0,,,,,Y,Y,A,01,0,1,3,0,0,0,0,0,0,"- ","- ",35.368690000000001,-118.96714,KERN,UNINCORPORATED,-118.96752951000001,35.368679999999998
90634827,2017,2018-01-08,9830,2017-12-29,1215,014518,,5,1,9,1500,0,1,3,,1,040,"SR-14 N/B","MINARD TRAIL",1056.00,N,N,A,-,Y,,,14,,,,,,N,Y,2,0,1,1,A,-,08,22107,,N,F,A,A,A,H,-,A,D,0,,,,,Y,,A,07,1,0,0,0,0,0,0,0,0,"- ","- ",35.078420000000001,-118.16434,KERN,UNINCORPORATED,-118.16442816,35.078516639999997