CASE_ID,ACCIDENT_YEAR,PROC_DATE,JURIS,COLLISION_DATE,COLLISION_TIME,OFFICER_ID,REPORTING_DISTRICT,DAY_OF_WEEK,CHP_SHIFT,POPULATION,CNTY_CITY_LOC,SPECIAL_COND,BEAT_TYPE,CHP_BEAT_TYPE,CITY_DIVISION_LAPD,CHP_BEAT_CLASS,BEAT_NUMBER,PRIMARY_RD,SECONDARY_RD,DISTANCE,DIRECTION,INTERSECTION,WEATHER_1,WEATHER_2,STATE_HWY_IND,CALTRANS_COUNTY,CALTRANS_DISTRICT,STATE_ROUTE,ROUTE_SUFFIX,POSTMILE_PREFIX,POSTMILE,LOCATION_TYPE,RAMP_INTERSECTION,SIDE_OF_HWY,TOW_AWAY,COLLISION_SEVERITY,NUMBER_KILLED,NUMBER_INJURED,PARTY_COUNT,PRIMARY_COLL_FACTOR,PCF_CODE_OF_VIOL,PCF_VIOL_CATEGORY,PCF_VIOLATION,PCF_VIOL_SUBSECTION,HIT_AND_RUN,TYPE_OF_COLLISION,MVIW,PED_ACTION,ROAD_SURFACE,ROAD_COND_1,ROAD_COND_2,LIGHTING,CONTROL_DEVICE,CHP_ROAD_TYPE,PEDESTRIAN_ACCIDENT,BICYCLE_ACCIDENT,MOTORCYCLE_ACCIDENT,TRUCK_ACCIDENT,NOT_PRIVATE_PROPERTY,ALCOHOL_INVOLVED,STWD_VEHTYPE_AT_FAULT,CHP_VEHTYPE_AT_FAULT,COUNT_SEVERE_INJ,COUNT_VISIBLE_INJ,COUNT_COMPLAINT_PAIN,COUNT_PED_KILLED,COUNT_PED_INJURED,COUNT_BICYCLIST_KILLED,COUNT_BICYCLIST_INJURED,COUNT_MC_KILLED,COUNT_MC_INJURED,PRIMARY_RAMP,SECONDARY_RAMP,LATITUDE,LONGITUDE,COUNTY,CITY,POINT_X,POINT_Y
90656010,2018,2018-02-06,9420,2018-02-05,1645,020501,,1,2,9,1500,0,2,4,,1,072,"NILES ST","WEST DR",0.00,,Y,A,-,N,,,,,,,,,,N,4,0,1,2,A,-,09,21802,A,N,D,C,A,A,H,-,A,D,0,,,,,Y,,D,22,0,0,1,0,0,0,0,0,0,"- ","- ",35.378181457519531,-118.97408294677734,KERN,UNINCORPORATED,-118.97403717041016,35.377948760986328
90656045,2018,2018-02-06,9426,2018-02-04,2310,017581,,7,3,9,1500,0,1,1,,2,504,"I-5 S/B","BUENA VISTA CANAL",5280.00,S,N,A,-,Y,,,5,,,,,,S,Y,4,0,2,2,A,-,03,22350,,N,C,C,A,A,H,-,D,D,0,,,,,Y,,J,48,0,0,2,0,0,0,0,0,0,"- ","- ",35.227470397949219,-119.18229675292969,KERN,UNINCORPORATED,-119.18246459960938,35.227294921875
90656087,2018,2018-02-06,9426,2018-01-29,1755,014850,,1,2,9,1500,0,1,3,,1,167,SR-166,"RT 5",10560.00,W,N,A,-,Y,,,166,,,,,,,Y,4,0,1,1,A,-,08,22107,,N,F,I,A,A,H,-,D,D,0,,,,Y,Y,,G,25,0,0,1,0,0,0,0,0,0,"- ","- ",35.059360504150391,-119.03562927246094,KERN,UNINCORPORATED,-119.03562927246094,35.059177398681641
90656199,2018,2018-02-06,9420,2018-02-02,1926,019442,,5,2,9,1500,0,2,4,,1,052,"ROBERTS LN.","LOCUST ST.",100.00,E,N,A,-,N,,,,,,,,,,N,4,0,1,2,A,-,03,22350,,M,C,C,A,A,H,-,D,D,0,,,,,Y,,A,01,0,0,1,0,0,0,0,0,0,"- ","- ",35.408611297607422,-119.02671051025391,KERN,UNINCORPORATED,-119.02852630615234,35.40863037109375
90656311,2018,2018-02-06,9420,2018-02-03,1100,017301,,6,1,9,1500,0,2,4,,1,064,"OLIVE DRIVE","CRESTMORE STREET",232.00,W,N,A,-,N,,,,,,,,,,Y,4,0,1,2,A,-,08,22107,,N,E,C,A,A,H,-,A,D,0,,,,,Y,,A,01,0,0,1,0,0,0,0,0,0,"- ","- ",35.412509918212891,-119.07894897460938,KERN,UNINCORPORATED,-119.07911682128906,35.412361145019531
90656534,2018,2018-02-07,9830,2018-01-28,1815,014565,,7,2,9,1500,0,2,4,,1,032,"SIERRA HWY","ORANGE ST.",443.00,S,N,A,-,N,,,,,,,,,,Y,2,0,1,2,A,-,09,21801,A,N,D,C,A,A,H,-,D,D,0,,,Y,,Y,,A,01,1,0,0,0,0,0,0,0,1,"- ","- ",34.856071472167969,-118.16201782226562,KERN,UNINCORPORATED,-118.16201019287109,34.856086730957031
90656540,2018,2018-02-07,9830,2018-02-02,0645,016971,,5,1,9,1500,0,3,5,,2,002,"CALIFORNIA CITY BLVD","REDWOOD BLVD",5808.00,S,N,A,-,N,,,,,,,,,,Y,4,0,2,1,A,-,08,22107,,N,F,A,A,A,H,-,A,A,0,,,,,Y,,A,01,0,0,2,0,0,0,0,0,0,"- ","- ",35.060539245605469,-117.55033111572266,KERN,UNINCORPORATED,-117.93582153320312,35.116401672363281
90656707,2018,2018-02-07,9830,2018-02-02,1745,019615,,5,2,9,1500,0,1,3,,2,010,"SR-58 E/B",SR-202,15312.00,W,N,A,-,Y,,,58,,,,,,E,Y,4,0,1,2,A,-,03,22350,,N,C,C,A,A,H,-,D,D,0,,,,,Y,,A,01,0,0,1,0,0,0,0,0,0,"- ","- ",35.178760528564453,-118.48497772216797,KERN,UNINCORPORATED,-118.48497772216797,35.178764343261719
9065683,2020,2020-10-30,1507,2020-05-23,1545,278,100,6,5,3,1507,0,0,0,,0,,"SANTA FE WY","BNSF X SING",24.00,N,N,A,-,N,,,,,,,,,,N,4,0,1,2,A,-,06,21760,C,F,H,G,A,A,H,-,A,D,0,,Y,,,Y,,A,01,0,0,1,0,0,0,1,0,0,"- ","- ",35.467479705810547,-119.23047637939453,KERN,SHAFTER,-119.23062133789062,35.4674072265625
90657137,2018,2018-02-08,9420,2018-01-31,0830,016767,,3,1,9,1500,0,1,3,,1,650,SR-65,"SR-155 (GARCES HIGHWAY)",8448.00,S,N,A,-,Y,,,65,,,,,,,Y,3,0,4,6,A,-,03,22350,,N,C,C,A,A,H,-,A,D,0,,,,,Y,,A,01,0,4,0,0,0,0,0,0,0,"- ","- ",35.740558624267578,-119.05741119384766,KERN,UNINCORPORATED,-119.05735015869141,35.740524291992188
90657373,2018,2018-02-08,9420,2018-02-03,1355,018445,,6,1,9,1500,0,3,5,,2,040,"GRANITE ROAD","POSO FLAT ROAD",5808.00,N,N,A,-,N,,,,,,,,,,Y,2,0,1,1,A,-,03,22350,,N,F,A,A,A,H,-,A,D,0,,,Y,,Y,,C,02,1,0,0,0,0,0,0,0,1,"- ","- ",35.638690948486328,-118.78558349609375,KERN,UNINCORPORATED,-118.79598236083984,35.64459228515625
90657425,2018,2018-02-08,9420,2018-01-31,1837,016969,,3,2,9,1500,0,3,5,,2,671,"LILLY ST","COLLISON ST",141.00,N,N,A,-,N,,,,,,,,,,N,4,0,1,2,A,-,21,22106,,N,E,I,A,A,H,-,D,D,0,,,Y,,Y,,C,02,0,0,1,0,0,0,0,0,1,"- ","- ",35.271049499511719,-118.91085052490234,KERN,UNINCORPORATED,-118.91081237792969,35.271038055419922
90657434,2018,2018-02-08,9830,2018-02-05,1530,014565,,1,2,9,1500,0,3,5,,2,003,"20TH ST. WEST","MARKEY WAY",145.00,S,N,A,-,N,,,,,,,,,,Y,3,0,3,2,A,-,03,22350,,N,C,C,A,A,H,-,A,D,0,,,,,Y,,D,22,0,2,1,0,0,0,0,0,0,"- ","- ",34.843551635742188,-118.16703033447266,KERN,UNINCORPORATED,-118.16703033447266,34.843914031982422
90657475,2018,2018-02-08,9420,2018-02-07,0620,015255,,3,1,6,1502,0,1,3,,2,092,"SR-99 N/B","OLIVE DRIVE",528.00,N,N,A,-,Y,,,99,,,,,,N,Y,4,0,1,2,A,-,03,22350,,M,C,C,A,A,H,-,A,D,0,,,,,Y,,A,07,0,0,1,0,0,0,0,0,0,"- ","- ",35.413410186767578,-119.05600738525391,KERN,BAKERSFIELD,-119.05597686767578,35.413444519042969
90657528,2018,2018-03-08,9420,2018-02-07,0638,015255,,3,1,9,1500,0,1,3,,2,092,"SR-99 N/B",SR-204,2112.00,N,N,A,-,Y,,,,,,,,,,Y,4,0,1,2,A,-,03,22350,,N,C,C,A,A,H,-,A,D,0,,,,,Y,,A,08,0,0,1,0,0,0,0,0,0,"- ","- ",35.403968811035156,-119.04492950439453,KERN,UNINCORPORATED,,
90657537,2018,2018-02-08,9420,2018-02-07,0840,016767,,3,1,9,1500,0,1,3,,1,650,SR-65,"SHERWOOD AVENUE",19008.00,N,N,A,-,Y,,,65,,,,,,,Y,3,0,1,2,A,-,08,22107,,N,B,C,A,A,H,-,A,D,0,,,,,Y,,A,01,0,1,0,0,0,0,0,0,0,"- ","- ",35.711349487304688,-119.06407165527344,KERN,UNINCORPORATED,-119.06430816650391,35.711296081542969
90657697,2018,2018-09-19,9420,2018-01-22,1955,019868,,1,2,9,1500,0,3,5,,2,520,"BROWNING ROAD","ELMO HIGHWAY",1786.00,N,N,A,-,N,,,,,,,,,,Y,1,1,0,1,A,-,08,22107,,N,F,A,A,A,H,-,D,D,0,,,,,Y,,A,01,0,0,0,0,0,0,0,0,0,"- ","- ",35.694591522216797,-119.22322082519531,KERN,UNINCORPORATED,-119.22306060791016,35.693840026855469
90657702,2017,2018-02-08,9420,2017-11-22,2240,018932,,3,3,9,1500,0,2,4,,1,051,"MANOR STREET S/B FROM EAST ROBERTS LANE","EAST ROBERTS LANE",107.00,S,N,A,-,N,,,,,,,,,,Y,1,1,1,1,A,-,01,23152,A,N,E,I,A,A,H,-,D,D,0,,,,,Y,Y,A,01,1,0,0,0,0,0,0,0,0,"- ","- ",35.409799999999997,-119.012,KERN,UNINCORPORATED,-119.01226588999999,35.410289740000003
90657986,2018,2018-02-08,9830,2018-02-02,0630,014518,,5,1,9,1500,0,3,5,,2,002,"CALIFORNIA CITY BLVD",SR-58,5808.00,N,N,A,-,N,,,,,,,,,,Y,3,0,5,2,A,-,08,22107,,N,A,C,A,A,H,-,A,D,0,,,,,Y,,A,07,0,4,1,0,0,0,0,0,0,"- ","- ",35.028629302978516,-117.91728210449219,KERN,UNINCORPORATED,-117.91722106933594,35.028308868408203
90658105,2018,2018-02-09,9420,2018-02-01,2155,021788,,4,2,9,1500,0,1,3,,2,155,SR-155,"KEYSVILLE ROAD",1436.00,E,N,A,-,Y,,,155,,,,,,,Y,2,0,1,1,A,-,01,23152,A,N,E,J,A,A,H,-,D,D,0,,,,,Y,Y,D,22,1,0,0,0,0,0,0,0,0,"- ","- ",35.642971038818359,-118.48645782470703,KERN,UNINCORPORATED,-118.48650360107422,35.6429443359375
90658117,2018,2018-02-09,9420,2018-02-02,2055,021788,,5,2,9,1500,0,1,3,,2,155,SR-155,"AIRFORCE WAY",2400.00,E,N,A,-,Y,,,155,,,,,,,Y,2,0,1,1,A,-,08,22107,,N,E,J,A,A,H,-,D,D,0,,,,,Y,,D,22,1,0,0,0,0,0,0,0,0,"- ","- ",35.667041778564453,-118.47116851806641,KERN,UNINCORPORATED,-118.47138214111328,35.667129516601562
90658120,2018,2018-02-09,9420,2018-02-02,2114,019901,,5,2,9,1500,0,2,4,,1,076,"COTTONWOOD RD.","REESE AVE.",0.00,,Y,A,-,N,,,,,,,,,,Y,4,0,1,2,A,-,09,21801,A,N,D,C,A,A,H,-,C,D,0,,,,,Y,,A,01,0,0,1,0,0,0,0,0,0,"- ","- ",35.341541290283203,-118.98545837402344,KERN,UNINCORPORATED,-118.98544311523438,35.341709136962891
90658123,2018,2018-02-09,9420,2018-02-03,0226,019686,,6,3,9,1500,0,1,3,,2,095,"SR-99 S/B TO PANAMA LANE","PANAMA LN.",300.00,N,N,A,-,Y,,,99,,,,R,,S,Y,4,0,1,1,A,-,08,22107,,N,E,I,A,A,H,-,D,D,0,,,,,Y,,A,01,0,0,1,0,0,0,0,0,0,"- ","- ",35.296878814697266,-119.03191375732422,KERN,UNINCORPORATED,-119.03191375732422,35.296878814697266
90658131,2018,2018-02-09,9430,2018-01-31,2130,018481,,3,2,9,1500,0,1,1,,2,053,"I-5 N/B","#4 TURN THROUGH",140.00,S,N,A,-,Y,,,5,,,,,,N,Y,3,0,3,2,A,-,08,22107,,N,C,C,A,A,H,-,C,D,0,,,,Y,Y,,A,01,0,1,2,0,0,0,0,0,0,"- ","- ",34.913780212402344,-118.92356109619141,KERN,UNINCORPORATED,-118.92340850830078,34.913810729980469
90658138,2018,2018-02-09,9420,2018-02-02,1425,019442,,5,2,6,1502,0,2,S,,2,901,"ALLEN RD.","SABLE POINT DR.",134.00,N,N,A,-,N,,,,,,,,,,Y,4,0,1,2,A,-,03,22350,,N,C,C,A,A,H,-,A,A,0,,,,,Y,,A,01,0,0,1,0,0,0,0,0,0,"- ","- ",35.424919128417969,-119.14555358886719,KERN,BAKERSFIELD,-119.14543914794922,35.424816131591797
90658205,2018,2018-02-09,9426,2018-02-02,2230,018919,,5,3,9,1500,0,3,5,,2,081,"HARRISON STREET","FIR STREET",56.00,S,N,A,-,N,,,,,,,,,,Y,4,0,2,3,A,-,08,22107,,M,C,C,A,A,H,-,C,D,0,,,,,Y,Y,A,01,0,0,2,0,0,0,0,0,0,"- ","- ",35.158611297607422,-119.45632934570312,KERN,UNINCORPORATED,-119.45635986328125,35.159088134765625
90658218,2018,2018-02-09,9426,2018-01-19,1347,016921,,5,1,9,1500,0,1,3,,1,332,"STATE ROUTE 33","ELKHORN GRADE ROAD",6336.00,S,N,B,-,Y,,,33,,,,,,,Y,1,1,1,3,A,-,06,21751,,N,A,C,A,B,H,-,A,D,0,,,,,Y,,A,01,0,0,1,0,0,0,0,0,0,"- ","- ",35.025749206542969,-119.41782379150391,KERN,UNINCORPORATED,-119.41777038574219,35.025764465332031
90658233,2018,2018-02-09,9420,2018-02-05,1225,015259,,1,1,9,1500,0,2,4,,1,075,"SOUTH UNION AVENUE NORTHBOUND","PACHECO ROAD",395.00,S,N,A,-,N,,,,,,,,,,N,4,0,1,2,A,-,21,22106,,N,C,C,A,A,D,-,A,A,0,,,,,Y,,D,22,0,0,1,0,0,0,0,0,0,"- ","- ",35.309310913085938,-119.00299072265625,KERN,UNINCORPORATED,-119.00312805175781,35.309307098388672
90658377,2018,2018-02-09,9420,2018-02-07,0635,016767,,3,1,9,1500,0,3,5,,2,520,"DRIVER ROAD","SHERWOOD AVENUE",0.00,,Y,A,-,N,,,,,,,,,,Y,3,0,3,2,A,-,09,21802,A,N,D,C,A,A,H,-,B,A,0,,,,,Y,,A,01,0,2,1,0,0,0,0,0,0,"- ","- ",35.674518585205078,-119.20443725585938,KERN,UNINCORPORATED,-119.20471954345703,35.674598693847656
90658394,2018,2018-02-09,9420,2018-02-09,0720,017576,,5,1,9,1500,0,2,4,,1,071,"FAIRFAX ROAD","DEACON AVENUE",1056.00,S,N,A,-,N,,,,,,,,,,Y,4,0,2,2,A,-,03,22350,,N,C,C,A,A,H,-,A,D,0,,,,,Y,,A,01,0,0,2,0,0,0,0,0,0,"- ","- ",35.357410430908203,-118.93203735351562,KERN,UNINCORPORATED,-118.93145751953125,35.361148834228516
90658530,2018,2018-02-09,9420,2018-02-03,1329,020585,,6,1,9,1500,0,2,4,,1,075,"S. UNION AVE. NB","ADAMS AVE",277.00,S,N,A,-,N,,,,,,,,,,Y,4,0,2,3,A,-,03,22350,,N,C,C,A,A,H,-,A,D,0,,,,,Y,,A,07,0,0,2,0,0,0,0,0,0,"- ","- ",35.343318939208984,-119.00295257568359,KERN,UNINCORPORATED,-119.00311279296875,35.342849731445312
90658651,2018,2018-02-09,9420,2018-02-03,0812,018607,,6,1,6,1502,0,1,3,,1,176,"SR-178 W/B","MT. VERNON AVE",22176.00,E,N,A,-,Y,,,178,,,,,,W,Y,4,0,1,1,A,-,08,22107,,N,E,I,A,A,H,-,A,D,0,,,,,Y,,A,01,0,0,1,0,0,0,0,0,0,"- ","- ",35.39630126953125,-118.96080017089844,KERN,BAKERSFIELD,-118.96080017089844,35.396305084228516
90658658,2018,2018-02-09,9420,2018-02-07,0645,014770,,3,1,9,1500,0,3,5,,2,672,"N. RANCHO DR.","MILLUX RD.",3168.00,S,N,A,-,N,,,,,,,,,,Y,4,0,2,1,A,-,08,22107,,N,F,A,A,A,H,-,A,D,0,,,,,Y,,A,01,0,0,2,0,0,0,0,0,0,"- ","- ",35.101470947265625,-118.51410675048828,KERN,UNINCORPORATED,-118.85095977783203,35.171150207519531
90658680,2018,2018-02-09,9426,2018-02-02,1634,018023,,5,2,9,1500,0,1,1,,2,504,"I-5 N/B","BUENA VISTA CANAL",562.00,N,N,A,-,Y,,,5,,,,,,N,Y,2,0,5,2,A,-,01,23152,F,N,C,C,A,A,H,-,A,D,0,,,,Y,Y,,D,22,2,3,0,0,0,0,0,0,0,"- ","- ",35.239189147949219,-119.19455718994141,KERN,UNINCORPORATED,-119.19458770751953,35.239162445068359
90659065,2018,2018-02-12,9420,2018-01-30,1745,019353,,2,2,9,1500,0,3,5,,2,070,"E. BRUNDAGE LANE","STERLING ROAD",0.00,,Y,A,-,N,,,,,,,,,,Y,4,0,2,2,C,-,18,,,N,D,C,A,A,D,-,D,B,0,,,,,Y,,-,"- ",0,0,2,0,0,0,0,0,0,"- ","- ",35.354221343994141,-118.94080352783203,KERN,UNINCORPORATED,-118.94091033935547,35.354228973388672
90659069,2018,2018-02-12,9420,2018-01-30,2018,019353,,2,2,9,1500,0,1,3,,1,184,SR-184,"E. BRUNDAGE LANE",0.00,,Y,A,-,Y,,,,,,,,,,Y,4,0,2,2,A,-,17,21451,A,N,A,C,A,A,H,-,C,D,0,,,,Y,Y,,A,07,0,0,2,0,0,0,0,0,0,"- ","- ",35.211601257324219,-118.54519653320312,KERN,UNINCORPORATED,,
90659107,2018,2018-02-12,9830,2018-02-04,0058,019900,,7,3,9,1500,0,1,3,,2,010,"SR-58 W/B","BROOME RD",8976.00,E,N,A,-,Y,,,58,,,,,,W,Y,4,0,1,1,A,-,08,22107,,N,E,I,A,A,H,-,D,D,0,,,,,Y,,A,01,0,0,1,0,0,0,0,0,0,"- ","- ",35.181659698486328,-118.49082183837891,KERN,UNINCORPORATED,-118.49082946777344,35.181594848632812
90659129,2018,2018-02-12,9420,2018-02-04,2130,019901,,7,2,9,1500,0,2,4,,1,051,"MANOR STREET","CHINA GRADE LOOP",110.00,S,N,A,-,N,,,,,,,,,,Y,2,0,2,1,A,-,03,22350,,N,F,A,A,A,H,-,D,D,0,,,Y,,Y,Y,C,02,1,0,1,0,0,0,0,0,2,"- ","- ",35.426090240478516,-119.01230621337891,KERN,UNINCORPORATED,-119.01243591308594,35.426460266113281
90659333,2018,2018-02-12,9420,2018-02-05,1825,019868,,1,2,9,1500,0,3,5,,2,672,"WHEELER RIDGE RD","MILLUX RD",1290.00,N,N,A,-,N,,,,,,,,,,Y,3,0,1,1,A,-,01,23152,A,N,F,A,A,A,H,-,D,D,0,,,,,Y,Y,A,07,0,1,0,0,0,0,0,0,0,"- ","- ",35.183151245117188,-118.91464996337891,KERN,UNINCORPORATED,-118.91457366943359,35.183071136474609
90659360,2018,2018-02-12,9830,2018-02-06,0945,015252,,2,1,9,1500,0,1,3,,1,052,"STATE ROUTE 178 EASTBOUND","CALVERT BOULEVARD",0.00,,Y,A,-,Y,,,178,,,,,,E,Y,2,0,5,2,A,-,09,21801,A,N,A,C,A,A,H,-,A,D,0,,,,,Y,,A,08,1,2,2,0,0,0,0,0,0,"- ","- ",35.651870727539062,-117.75865936279297,KERN,UNINCORPORATED,-117.75865936279297,35.651870727539062
90659366,2018,2018-02-12,9420,2018-02-06,1820,019353,,2,2,6,1502,0,1,3,,2,093,"SR-99 S/B","SR-58 (ROSEDALE HIGHWAY)",500.00,S,N,A,-,Y,,,99,,,,,,S,N,4,0,1,2,A,-,03,22350,,N,C,C,A,A,H,-,D,D,0,,,,,Y,,A,07,0,0,1,0,0,0,0,0,0,"- ","- ",35.379398345947266,-119.04440307617188,KERN,BAKERSFIELD,-119.04462432861328,35.379398345947266
90659532,2018,2018-02-12,9420,2018-02-05,1428,020585,,1,2,9,1500,0,2,4,,1,072,"NILES ST.","PALM DR.",144.00,W,N,A,-,N,,,,,,,,,,N,3,0,1,1,A,-,08,22107,,N,E,I,A,A,H,-,A,D,0,,,,,Y,,A,01,0,1,0,0,0,0,0,0,0,"- ","- ",35.377399444580078,-118.97145843505859,KERN,UNINCORPORATED,-118.97141265869141,35.377315521240234
90659572,2018,2018-02-12,9420,2018-02-07,1245,015259,,3,1,9,1500,0,1,3,,2,588,"STATE ROUTE-58 EASTBOUND","BENA ROAD U/C",2481.00,E,N,A,-,Y,,,58,,,,,,E,Y,3,0,2,2,A,-,03,22350,,N,C,C,A,A,H,-,A,D,0,,,,Y,Y,,D,22,0,1,1,0,0,0,0,0,0,"- ","- ",35.268569946289062,-118.67488861083984,KERN,UNINCORPORATED,-118.67487335205078,35.268627166748047
90660197,2017,2018-02-13,9420,2017-11-19,1725,019856,,7,2,9,1500,0,2,4,,1,076,"COTTONWOOD ROAD","REESE AVENUE",0.00,,Y,A,-,N,,,,,,,,,,N,1,1,0,2,A,-,17,24250,,N,D,C,A,A,H,-,C,D,0,,,Y,,Y,,C,03,0,0,0,0,0,0,0,1,0,"- ","- ",35.341709999999999,-118.98545,KERN,UNINCORPORATED,-118.98544004999999,35.341710079999999
90660304,2018,2018-02-13,9420,2018-02-06,1920,018643,,2,2,9,1500,0,1,3,,2,585,"SR-58 WESTBOUND","MADISON STREET",500.00,E,N,A,-,Y,,,58,,,,,,W,Y,4,0,1,1,A,-,08,22107,,N,E,I,A,A,H,-,C,D,0,,,,,Y,,A,01,0,0,1,0,0,0,0,0,0,"- ","- ",35.352531433105469,-118.992431640625,KERN,UNINCORPORATED,-118.992431640625,35.352554321289062
90660341,2018,2018-02-13,9420,2018-02-06,1745,019353,,2,2,6,1502,0,1,3,,2,093,"SR-99 S/B","PALM STREET O/C",400.00,S,N,A,-,Y,,,,,,,,,,Y,4,0,2,2,A,-,03,22350,,N,C,C,A,A,H,-,D,D,0,,,,,Y,,A,01,0,0,2,0,0,0,0,0,0,"- ","- ",35.211299896240234,-119.23100280761719,KERN,BAKERSFIELD,-119.03958129882812,35.360221862792969
90660357,2018,2018-02-13,9420,2018-02-07,1537,018643,,3,2,9,1500,0,2,4,,1,075,"SOUTH UNION AVENUE","HOSKING AVENUE",1190.00,S,N,A,-,Y,,,,,,,,,,Y,4,0,1,2,A,-,07,21658,A,N,C,C,A,A,D,-,A,D,0,,,,,Y,,A,07,0,0,1,0,0,0,0,0,0,"- ","- ",35.278091430664062,-119.00312805175781,KERN,UNINCORPORATED,-119.00301361083984,35.278106689453125
90660530,2018,2018-02-13,9420,2018-02-09,1700,019184,,5,2,6,1502,0,1,3,,2,093,"SR-99 SB","SR-58 (ROSEDALE HWY)",800.00,S,N,A,-,Y,,,,,,,,,,Y,4,0,3,2,A,-,03,22350,,N,C,C,A,A,H,-,A,D,0,,,,,Y,,D,22,0,0,3,0,0,0,0,0,0,"- ","- ",35.378501892089844,-118.04440307617188,KERN,BAKERSFIELD,,
90660708,2018,2018-02-13,9420,2018-02-09,1540,020501,,5,2,9,1500,0,2,4,,1,077,"S. FAIRFAX RD","MULLER RD",0.00,,Y,A,-,N,,,,,,,,,,Y,4,0,1,2,A,-,09,21802,A,N,D,C,A,A,H,-,A,D,0,,,,,Y,,D,22,0,0,1,0,0,0,0,0,0,"- ","- ",35.325359344482422,-118.93208312988281,KERN,UNINCORPORATED,-118.93205261230469,35.325191497802734
90660795,2018,2018-02-13,9420,2018-02-07,1730,015896,,3,2,9,1500,0,3,5,,2,060,"ALLEN RD","SR-58(ROSEDALE HWY)",120.00,N,N,A,-,N,,,,,,,,,,N,4,0,1,2,A,-,21,22106,,N,C,C,A,A,H,-,B,A,0,,,,,Y,,A,01,0,0,1,0,0,0,0,0,0,"- ","- ",35.384300231933594,-119.14559936523438,KERN,UNINCORPORATED,-119.14557647705078,35.383953094482422
90661226,2018,2018-02-14,9420,2018-02-07,2150,017243,,3,2,9,1500,0,3,5,,2,672,"TEJON HWY.","LANDERS RD.",200.00,N,N,A,-,N,,,,,,,,,,Y,3,0,1,1,A,-,08,22107,,N,E,I,A,A,H,-,C,D,0,,,,,Y,Y,A,01,0,1,0,0,0,0,0,0,0,"- ","- ",35.220401763916016,-118.82420349121094,KERN,UNINCORPORATED,-118.82436370849609,35.220550537109375
90661289,2018,2018-02-14,9420,2018-02-06,1620,018445,,2,2,9,1500,0,3,5,,2,040,"GRANITE ROAD","POSO FLAT ROAD",14784.00,N,N,A,-,N,,,,,,,,,,Y,2,0,2,1,A,-,01,23152,A,N,E,I,A,A,H,-,A,D,0,,,,,Y,Y,A,07,1,1,0,0,0,0,0,0,0,"- ","- ",35.390850067138672,-118.46112823486328,KERN,UNINCORPORATED,-118.77079010009766,35.651668548583984
90661297,2018,2018-02-14,9420,2018-02-07,2214,017972,,3,3,9,1500,0,3,5,,2,672,"CURNOW RD","S. UNION AVE",500.00,E,N,A,-,N,,,,,,,,,,Y,3,0,1,1,A,-,01,23152,A,N,E,I,A,A,H,-,C,D,0,,,,,Y,Y,A,01,0,1,0,0,0,0,0,0,0,"- ","- ",35.259628295898438,-119.00070190429688,KERN,UNINCORPORATED,-119.00314331054688,35.259548187255859
90661355,2018,2018-02-14,9420,2018-02-10,1336,019353,,6,1,6,1502,0,1,3,,2,092,"SR-99 N/B","MING AVENUE O/C",900.00,N,N,A,-,Y,,,,,,,,,,Y,3,0,2,2,A,-,03,22350,,N,C,C,A,A,H,-,A,D,0,,,,,Y,,A,01,0,1,1,0,0,0,0,0,0,"- ","- ",35.368400573730469,-119.03919982910156,KERN,BAKERSFIELD,-119.03945922851562,35.342010498046875
90661595,2018,2018-02-14,9420,2018-02-10,1535,019868,,6,2,9,1500,0,1,3,,2,223,SR-223,"S EDISON RD",1500.00,E,N,A,-,Y,,,223,,,,,,,Y,3,0,1,1,A,-,08,22107,,N,F,A,A,A,H,-,A,D,0,,,,,Y,,A,01,0,1,0,0,0,0,0,0,0,"- ","- ",35.208969116210938,-118.87399291992188,KERN,UNINCORPORATED,-118.87399291992188,35.208847045898438
90662143,2018,2018-02-15,9420,2018-02-10,0712,016153,,6,1,6,1502,0,1,3,,2,095,"SR-99 S/B","PACHECO RD. U/C",2215.00,S,N,A,-,Y,,,99,,,,,,S,Y,4,0,1,4,A,-,03,22350,,N,C,C,A,A,H,-,A,D,0,,,,,Y,,A,07,0,0,1,0,0,0,0,0,0,"- ","- ",35.3043212890625,-119.03304290771484,KERN,BAKERSFIELD,-119.03289794921875,35.304355621337891
90662191,2018,2018-02-15,9420,2018-02-12,1135,015259,,1,1,9,1500,0,2,4,,1,075,"SOUTH UNION AVENUE SOUTHBOUND","PACHECO ROAD",38.00,N,N,B,-,N,,,,,,,,,,N,4,0,1,2,A,-,21,22106,,M,C,C,A,A,H,-,A,A,0,,,,,Y,,A,07,0,0,1,0,0,0,0,0,0,"- ","- ",35.310260772705078,-119.00296783447266,KERN,UNINCORPORATED,-119.00312805175781,35.310493469238281