CASE_ID,ACCIDENT_YEAR,PROC_DATE,JURIS,COLLISION_DATE,COLLISION_TIME,OFFICER_ID,REPORTING_DISTRICT,DAY_OF_WEEK,CHP_SHIFT,POPULATION,CNTY_CITY_LOC,SPECIAL_COND,BEAT_TYPE,CHP_BEAT_TYPE,CITY_DIVISION_LAPD,CHP_BEAT_CLASS,BEAT_NUMBER,PRIMARY_RD,SECONDARY_RD,DISTANCE,DIRECTION,INTERSECTION,WEATHER_1,WEATHER_2,STATE_HWY_IND,CALTRANS_COUNTY,CALTRANS_DISTRICT,STATE_ROUTE,ROUTE_SUFFIX,POSTMILE_PREFIX,POSTMILE,LOCATION_TYPE,RAMP_INTERSECTION,SIDE_OF_HWY,TOW_AWAY,COLLISION_SEVERITY,NUMBER_KILLED,NUMBER_INJURED,PARTY_COUNT,PRIMARY_COLL_FACTOR,PCF_CODE_OF_VIOL,PCF_VIOL_CATEGORY,PCF_VIOLATION,PCF_VIOL_SUBSECTION,HIT_AND_RUN,TYPE_OF_COLLISION,MVIW,PED_ACTION,ROAD_SURFACE,ROAD_COND_1,ROAD_COND_2,LIGHTING,CONTROL_DEVICE,CHP_ROAD_TYPE,PEDESTRIAN_ACCIDENT,BICYCLE_ACCIDENT,MOTORCYCLE_ACCIDENT,TRUCK_ACCIDENT,NOT_PRIVATE_PROPERTY,ALCOHOL_INVOLVED,STWD_VEHTYPE_AT_FAULT,CHP_VEHTYPE_AT_FAULT,COUNT_SEVERE_INJ,COUNT_VISIBLE_INJ,COUNT_COMPLAINT_PAIN,COUNT_PED_KILLED,COUNT_PED_INJURED,COUNT_BICYCLIST_KILLED,COUNT_BICYCLIST_INJURED,COUNT_MC_KILLED,COUNT_MC_INJURED,PRIMARY_RAMP,SECONDARY_RAMP,LATITUDE,LONGITUDE,COUNTY,CITY,POINT_X,POINT_Y
90705873,2018,2018-04-16,9420,2018-04-10,0030,019598,,2,3,9,1500,0,1,3,,1,184,SR-184,"ALICANTE AVENUE",0.00,,Y,A,-,N,,,184,,,,,,,Y,3,0,1,2,A,-,01,23152,A,N,D,C,A,A,H,-,C,D,0,,,,Y,Y,Y,A,07,0,1,0,0,0,0,0,0,0,"- ","- ",35.261379241943359,-118.91452026367188,KERN,UNINCORPORATED,-118.91440582275391,35.261379241943359
90705875,2018,2018-05-03,9420,2018-04-01,0336,020093,,7,3,9,1500,0,3,5,,2,040,"GRANITE RD","N CHESTER AVE",8033.00,N,N,B,-,N,,,,,,,,,,Y,3,0,1,2,A,-,08,22107,,M,B,C,A,A,H,-,D,D,0,,,,Y,Y,,A,01,0,1,0,0,0,0,0,0,0,"- ","- ",35.478500366210938,-119.01679992675781,KERN,UNINCORPORATED,-119.03769683837891,35.4527587890625
90706004,2018,2018-04-16,9420,2018-04-09,0910,018626,,1,1,9,1500,0,3,5,,2,610,"BELLE TERRACE","LOCH LOMOND DR",0.00,,Y,A,-,N,,,,,,,,,,Y,4,0,1,2,A,-,09,21801,A,N,D,C,A,A,H,-,A,D,0,,,,,Y,,D,22,0,0,1,0,0,0,0,0,0,"- ","- ",35.346691131591797,-119.03343200683594,KERN,UNINCORPORATED,-119.03337097167969,35.346691131591797
90706106,2018,2018-04-16,9495,2018-04-04,1215,019015,,3,1,9,1500,0,1,3,,1,011,"STATE ROUTE 41 SOUTHBOUND","SAN LUIS COUNTY LINE",6864.00,N,N,A,-,Y,,,41,,,,,,S,Y,2,0,2,1,C,-,18,,,N,F,A,A,A,H,-,A,D,0,,,Y,,Y,,-,"- ",1,1,0,0,0,0,0,0,2,"- ","- ",35.772659301757812,-120.17243957519531,KERN,UNINCORPORATED,-120.17243957519531,35.772701263427734
90706191,2018,2018-04-16,9830,2018-04-09,1610,019367,,1,2,9,1500,0,3,5,,2,001,"WOODFORD TEHACHAPI RD","COUNTRY CLUB DR",0.00,,Y,A,-,N,,,,,,,,,,Y,3,0,2,2,A,-,09,21801,A,N,D,C,A,A,H,-,A,D,0,,,,,Y,,A,07,0,2,0,0,0,0,0,0,0,"- ","- ",35.148540496826172,-118.49479675292969,KERN,UNINCORPORATED,-118.49478912353516,35.1485595703125
90706232,2018,2018-04-16,9830,2018-04-10,1630,017237,,2,2,9,1500,0,1,3,,2,010,"SR-58 WESTBOUND",SR-202,6600.00,W,N,A,-,Y,,,58,,,,,,W,Y,4,0,1,1,A,-,08,22107,,N,E,I,A,A,H,-,A,D,0,,,,,Y,,A,01,0,0,1,0,0,0,0,0,0,"- ","- ",35.157100677490234,-118.47364807128906,KERN,UNINCORPORATED,-118.4737548828125,35.157093048095703
90706801,2018,2018-04-17,9420,2018-04-12,2255,020672,,4,3,9,1500,0,1,3,,2,090,"SR-99 N/B","WHISLER RD.",1800.00,S,N,A,-,Y,,,99,,,,,,N,Y,4,0,1,2,A,-,01,23152,A,N,C,C,A,A,H,-,C,D,0,,,,,Y,Y,A,01,0,0,1,0,0,0,0,0,0,"- ","- ",35.640800476074219,-119.21833801269531,KERN,UNINCORPORATED,-119.21832275390625,35.640804290771484
90707077,2018,2018-04-17,9420,2018-04-11,1640,019184,,3,2,9,1500,0,1,3,,2,092,"SR-99 N/B","OLIVE DR.",600.00,S,N,A,-,Y,,,99,,,,,,N,Y,3,0,3,3,A,-,03,22350,,N,C,C,A,A,H,-,A,D,0,,,,,Y,,D,22,0,2,1,0,0,0,0,0,0,"- ","- ",35.410598754882812,-119.05280303955078,KERN,UNINCORPORATED,-119.05280303955078,35.410591125488281
90707096,2018,2018-04-17,9420,2018-04-15,1615,020529,,7,2,9,1500,0,3,5,,2,520,"BENNER ST.","PETERSON RD.",2360.00,N,N,B,-,N,,,,,,,,,,N,2,0,2,1,C,-,18,,,N,H,A,A,A,H,-,A,D,0,,,,,Y,,-,"- ",1,1,0,0,0,0,0,0,0,"- ","- ",35.709739685058594,-119.31183624267578,KERN,UNINCORPORATED,-119.31189727783203,35.70965576171875
90707116,2018,2018-04-17,9420,2018-04-11,0020,019598,,3,3,9,1500,0,1,3,,2,091,"SR-99 SOUTHBOUND","POND ROAD",5280.00,N,N,A,-,Y,,,,,,,,,,Y,3,0,1,1,A,-,08,22107,,N,E,I,A,A,H,-,D,D,0,,,,,Y,,A,01,0,1,0,0,0,0,0,0,0,"- ","- ",35.737949371337891,-119.24130249023438,KERN,UNINCORPORATED,,
90707130,2018,2018-04-17,9420,2018-04-11,1612,018643,,3,2,6,1502,0,2,S,,2,901,"THOREAU AVENUE","OLD RIVER ROAD",94.00,E,N,A,-,N,,,,,,,,,,N,3,0,1,1,A,-,08,22107,,N,F,A,A,A,H,-,A,D,0,,,Y,,Y,,C,02,0,1,0,0,0,0,0,0,1,"- ","- ",35.321060180664062,-119.10890197753906,KERN,BAKERSFIELD,-119.10916137695312,35.321037292480469
90707150,2018,2018-05-24,9430,2018-04-07,1550,018631,,6,2,9,1500,0,1,1,,2,054,"I-5 S/B","LAVAL RD.",2198.00,S,N,C,-,Y,,,5,,,,,,S,Y,3,0,1,2,A,-,03,22350,,N,D,C,A,B,H,-,A,D,0,,,,,Y,,A,01,0,1,0,0,0,0,0,0,0,"- ","- ",34.980331420898438,-118.94373321533203,KERN,UNINCORPORATED,-118.94355773925781,34.980384826660156
90707211,2017,2018-05-21,9830,2017-09-05,1700,019592,,2,2,9,1500,0,1,3,,2,012,"STATE ROUTE 58 WESTBOUND","SAND CANYON ROAD",6336.00,W,N,A,-,Y,,,58,,,,,,W,Y,1,1,1,1,A,-,08,22107,,N,E,I,A,A,D,-,A,D,0,,,,,Y,,D,22,0,1,0,0,0,0,0,0,0,"- ","- ",35.110500000000002,-118.34437,KERN,UNINCORPORATED,-118.34436995999999,35.11046271
90707260,2017,2018-04-17,9830,2017-10-27,1700,016971,,5,2,9,1500,0,1,3,,1,040,"STATE ROUTE 14 NORTHBOUND","STATE ROUTE 58 WESTBOUND",0.00,,Y,A,-,Y,,,14,,,,,,N,Y,1,1,0,2,A,-,12,22450,A,F,D,C,A,A,H,-,A,A,0,,,,Y,Y,,G,25,0,0,0,0,0,0,0,0,0,"- ","- ",35.100479999999997,-118.14295,KERN,UNINCORPORATED,-118.14306560999999,35.100572390000004
90707291,2018,2018-04-17,9830,2018-04-06,1650,014774,,5,2,9,1500,0,1,3,,2,010,"SR-58 W/B","KEENE CT",5808.00,E,N,B,C,Y,,,58,,,,,,W,Y,4,0,1,2,A,-,03,22350,,N,E,I,A,B,H,-,A,D,0,,,,,Y,,A,01,0,0,1,0,0,0,0,0,0,"- ","- ",35.214771270751953,-118.55059814453125,KERN,UNINCORPORATED,-118.55059051513672,35.214786529541016
90707324,2018,2018-04-17,9420,2018-04-12,0609,015261,,4,1,9,1500,0,1,3,,1,650,SR-65,"JAMES RD.",1584.00,S,N,B,-,Y,,,65,,,,,,,Y,3,0,3,2,A,-,03,22350,,N,C,C,A,A,H,-,A,D,0,,,,,Y,,D,22,0,3,0,0,0,0,0,0,0,"- ","- ",35.469329833984375,-119.07472229003906,KERN,UNINCORPORATED,-119.07466125488281,35.469329833984375
90707331,2018,2018-04-17,9420,2018-04-10,2010,018643,,2,2,6,1502,0,1,3,,2,095,"SR-99 SOUTHBOUND","PLANZ ROAD",360.00,N,N,A,-,Y,,,99,,,,,,S,N,2,0,1,2,A,-,11,21956,,N,G,B,E,A,H,-,D,D,0,Y,,,,Y,Y,N,60,1,0,0,0,1,0,0,0,0,"- ","- ",35.326030731201172,-119.03858184814453,KERN,BAKERSFIELD,-119.03855895996094,35.326034545898438
90707403,2018,2018-04-17,9426,2018-04-11,0725,018610,,3,1,9,1500,0,3,5,,2,087,"OLD RIVER RD","HERRING RD",4224.00,S,N,A,-,N,,,,,,,,,,Y,3,0,1,1,A,-,08,22107,,N,F,A,A,A,H,-,A,D,0,,,,,Y,,A,01,0,1,0,0,0,0,0,0,0,"- ","- ",35.140830993652344,-119.1097412109375,KERN,UNINCORPORATED,-119.10980224609375,35.140357971191406
90707454,2018,2018-04-17,9420,2018-04-10,0805,016978,,2,1,9,1500,0,2,4,,1,072,"NILES STREET","PESANTE ROAD",0.00,,Y,A,-,N,,,,,,,,,,Y,3,0,1,2,A,-,09,21802,A,F,D,C,A,A,H,-,A,A,0,,,Y,,Y,,A,01,0,1,0,0,0,0,0,0,1,"- ","- ",35.375930786132812,-118.94304656982422,KERN,UNINCORPORATED,-118.94303894042969,35.375991821289062
90707580,2018,2018-04-17,9830,2018-04-10,1210,019367,,2,1,9,1500,0,2,4,,1,032,"SIERRA HWY","PATTERSON RD",107.00,N,N,A,-,N,,,,,,,,,,Y,3,0,1,2,A,-,08,22107,,N,H,C,A,A,H,-,A,D,0,,,,,Y,,A,01,0,1,0,0,0,0,0,0,0,"- ","- ",34.834911346435547,-118.15811920166016,KERN,UNINCORPORATED,-118.15845489501953,34.835620880126953
90708469,2018,2018-04-18,9420,2018-04-11,1400,020163,,3,2,9,1500,0,3,5,,2,672,"ISABELL RD.","MONTEREY ST.",0.00,,Y,B,-,N,,,,,,,,,,N,3,0,1,2,A,-,09,21802,A,N,D,C,A,A,H,-,A,A,0,,,,,Y,,A,01,0,1,0,0,0,0,0,0,0,"- ","- ",35.374759674072266,-118.94442749023438,KERN,UNINCORPORATED,-118.94525909423828,35.375019073486328
90708489,2018,2018-04-18,9426,2018-04-16,1049,016804,,1,1,9,1500,0,1,1,,2,502,"I-5 N/B",SR-58,6864.00,N,N,A,-,Y,,,,,,,,,,Y,3,0,2,1,A,-,08,22107,,N,E,I,A,A,H,-,A,D,0,,,,,Y,,A,01,0,1,1,0,0,0,0,0,0,"- ","- ",35.4151611328125,-119.41581726074219,KERN,UNINCORPORATED,-119.41429901123047,35.411502838134766
90708512,2018,2018-04-18,9420,2018-04-11,1405,015896,,3,2,9,1500,0,2,4,,1,051,"MANOR ST N/B","DEVORE AVE",0.00,,Y,A,-,N,,,,,,,,,,Y,4,0,1,2,A,-,09,21802,A,N,D,C,A,A,H,-,A,A,0,,,,,Y,,A,07,0,0,1,0,0,0,0,0,0,"- ","- ",35.433101654052734,-119.01219940185547,KERN,UNINCORPORATED,-119.01244354248047,35.433128356933594
90708537,2018,2018-04-18,9420,2018-04-13,1220,016828,,5,1,9,1500,0,2,4,,1,051,"AIRPORT DRIVE","WOODROW AVENUE",0.00,,Y,A,-,N,,,,,,,,,,N,3,0,1,1,A,-,08,22107,,N,F,A,A,A,H,-,A,A,0,,,Y,,Y,,C,02,0,1,0,0,0,0,0,0,1,"- ","- ",35.416408538818359,-119.03894805908203,KERN,UNINCORPORATED,-119.03913879394531,35.416358947753906
90708560,2018,2018-04-18,9430,2018-04-07,1635,018627,,6,2,9,1500,0,3,5,,2,002,"LAKEWOOD DR","LOWRY PL",265.00,E,N,B,-,N,,,,,,,,,,N,2,0,1,1,A,-,03,22350,,N,F,A,A,B,H,-,A,D,0,,,Y,,Y,,C,02,1,0,0,0,0,0,0,0,1,"- ","- ",34.816570281982422,-118.99545288085938,KERN,UNINCORPORATED,-118.99754333496094,34.817138671875
90708778,2018,2018-04-19,9420,2018-04-10,1425,018643,,2,2,6,1502,0,1,3,,2,095,"SR-99 SOUTHBOUND","BELLE TERRACE",804.00,N,N,A,-,Y,,,99,,,,,,S,Y,3,0,1,1,A,-,01,23152,A,N,E,I,A,A,H,-,A,D,0,,,,,Y,Y,A,07,0,1,0,0,0,0,0,0,0,"- ","- ",35.348411560058594,-119.03970336914062,KERN,BAKERSFIELD,-119.03965759277344,35.348411560058594
90708800,2018,2018-04-19,9420,2018-04-11,0357,019311,,3,3,9,1500,0,1,3,,2,093,"SR-99 S/B",SR-65,110.00,S,N,A,-,Y,,,99,,,,,,S,Y,4,0,2,2,A,-,08,22107,,N,B,C,A,A,H,-,D,D,0,,,,Y,Y,,G,25,0,0,2,0,0,0,0,0,0,"- ","- ",35.434238433837891,-119.07559204101562,KERN,UNINCORPORATED,-119.07557678222656,35.434257507324219
90708860,2018,2018-04-19,9420,2018-04-12,2315,019649,,4,3,9,1500,0,2,4,,1,052,"NORRIS RD","FRUITVALE AVE.",755.00,W,N,A,-,N,,,,,,,,,,Y,3,0,1,2,A,-,01,23152,A,N,C,E,A,A,H,-,C,D,0,,,,,Y,Y,A,07,0,1,0,0,0,0,0,0,0,"- ","- ",35.419601440429688,-119.07726287841797,KERN,UNINCORPORATED,-119.07707214355469,35.419681549072266
90708920,2018,2018-04-19,9420,2018-04-11,0015,017972,,3,3,6,1502,0,1,3,,2,585,"SR-58 W/B","SOUTH 'P' ST",100.00,W,N,B,-,Y,,,58,,,,,,W,Y,3,0,1,1,A,-,08,22107,,F,E,I,A,A,H,-,C,D,0,,,,,Y,,A,07,0,1,0,0,0,0,0,0,0,"- ","- ",35.3526611328125,-119.01239013671875,KERN,BAKERSFIELD,-119.01239013671875,35.352653503417969
90708981,2018,2018-04-19,9420,2018-04-13,2003,016691,,5,2,9,1500,0,3,5,,2,050,"W. DAY AVE","MCCRAY ST",15.00,E,N,A,-,N,,,,,,,,,,N,4,0,1,2,A,-,10,21950,A,N,G,B,B,A,H,-,C,A,0,Y,,,,Y,,D,22,0,0,1,0,1,0,0,0,0,"- ","- ",35.435310363769531,-119.02999877929688,KERN,UNINCORPORATED,-119.03009796142578,35.435199737548828
90709024,2018,2018-04-19,9420,2018-04-14,1645,020501,,6,2,9,1500,0,2,4,,1,075,"S. UNION AVE","DI GIORGIO RD",0.00,,Y,A,-,N,,,,,,,,,,Y,4,0,3,2,A,-,12,22450,A,N,D,C,A,A,H,-,A,A,0,,,,,Y,,A,07,0,0,3,0,0,0,0,0,0,"- ","- ",35.252170562744141,-119.00302886962891,KERN,UNINCORPORATED,-119.00312805175781,35.252269744873047
90709026,2018,2018-04-19,9420,2018-04-17,2058,019901,,2,2,9,1500,0,2,4,,1,051,"NORTH CHESTER AVENUE","NORRIS ROAD",20.00,S,N,A,-,N,,,,,,,,,,Y,4,0,2,2,A,-,01,23152,A,M,C,C,A,A,H,-,C,D,0,,,,,Y,Y,A,01,0,0,2,0,0,0,0,0,0,"- ","- ",35.419479370117188,-119.02108001708984,KERN,UNINCORPORATED,-119.02126312255859,35.4195556640625
90709033,2018,2018-04-19,9830,2018-04-16,0505,020167,,1,3,9,1500,0,1,3,,1,022,"SR-58 W/B","BORON AVE",1795.00,E,N,A,-,Y,,,58,,,,,,W,Y,3,0,1,2,A,-,03,22350,,N,C,C,A,A,H,-,D,A,0,,,,Y,Y,,A,07,0,1,0,0,0,0,0,0,0,"- ","- ",35.010421752929688,-117.64366912841797,KERN,UNINCORPORATED,-117.64366912841797,35.010402679443359
90709286,2018,2018-04-19,9420,2018-04-11,1515,015896,,3,2,9,1500,0,3,5,,2,620,"MOHAWK ST",SR-58,400.00,S,N,A,-,N,,,,,,,,,,Y,4,0,3,2,A,-,09,21801,A,N,D,C,A,A,H,-,A,D,0,,,,,Y,,D,22,0,0,3,0,0,0,0,0,0,"- ","- ",35.381599426269531,-119.06529998779297,KERN,UNINCORPORATED,-119.06557464599609,35.38214111328125
90709310,2018,2018-04-19,9420,2018-04-16,1740,021002,,1,2,9,1500,0,3,5,,2,610,"WIBLE RD.","BELLE TERRACE",45.00,S,N,B,-,N,,,,,,,,,,N,4,0,2,2,A,-,03,22350,,N,C,C,A,A,H,-,A,A,0,,,,,Y,,A,01,0,0,2,0,0,0,0,0,0,"- ","- ",35.346988677978516,-119.03903198242188,KERN,UNINCORPORATED,-119.03903198242188,35.346595764160156
90709373,2018,2018-04-19,9420,2018-04-16,1443,021296,,1,2,9,1500,0,3,5,,2,070,"KENTUCKY ST","LINTON ST",450.00,W,N,A,-,N,,,,,,,,,,N,4,0,1,2,A,-,08,22107,,N,D,C,A,A,H,-,A,D,0,,,,,Y,,A,01,0,0,1,0,0,0,0,0,0,"- ","- ",35.374088287353516,-118.97200012207031,KERN,UNINCORPORATED,-118.97333526611328,35.374332427978516
90709412,2018,2018-04-19,9420,2018-04-16,2220,019845,,1,3,9,1500,0,1,3,,1,582,SR-58,"MAYER AVENUE",195.00,W,N,B,C,Y,,,58,,,,,,,Y,3,0,1,1,A,-,01,23152,A,N,E,I,A,B,H,-,D,D,0,,,,,Y,Y,A,01,0,1,0,0,0,0,0,0,0,"- ","- ",35.398330688476562,-119.28811645507812,KERN,UNINCORPORATED,-119.28812408447266,35.398307800292969
90709592,2018,2018-04-20,9430,2018-04-15,0520,018681,,7,3,9,1500,0,1,1,,2,053,"I-5 S/B (GOLDEN STATE FREEWAY)","GRAPEVINE ROAD UNDER-CROSS",10560.00,S,N,A,-,Y,,,5,,,,,,S,Y,3,0,1,1,A,-,08,22107,,N,F,A,A,A,H,-,B,D,0,,,,,Y,Y,A,01,0,1,0,0,0,0,0,0,0,"- ","- ",34.911300659179688,-118.92359924316406,KERN,UNINCORPORATED,-118.9237060546875,34.911331176757812
90709638,2018,2018-04-20,9420,2018-04-17,0810,013475,,2,1,6,1502,0,1,3,,2,092,"SR-99 N/B","CALIFORNIA AVENUE",750.00,N,N,A,-,Y,,,99,,,,,,N,Y,4,0,1,2,A,-,03,22350,,N,C,C,A,A,H,-,A,D,0,,,,,Y,,A,01,0,0,1,0,0,0,0,0,0,"- ","- ",35.370021820068359,-119.04221343994141,KERN,BAKERSFIELD,-119.04245758056641,35.369911193847656
90709772,2018,2018-04-20,9420,2018-04-18,1953,020163,,3,2,9,1500,0,1,3,,1,176,SR-178,"OSWELL ST.",2640.00,E,N,A,-,Y,,,178,,,,,,,Y,3,0,1,2,A,-,03,22350,,N,C,C,A,A,H,-,D,D,0,,,,,Y,,D,22,0,1,0,0,0,0,0,0,0,"- ","- ",35.396610260009766,-118.94228363037109,KERN,UNINCORPORATED,-118.94228363037109,35.3966064453125
90709792,2018,2018-04-20,9420,2018-04-18,1645,018643,,3,2,9,1500,0,3,5,,2,060,"KNUDSEN DRIVE","OLIVE DRIVE",5.00,S,N,A,-,N,,,,,,,,,,N,4,0,1,2,A,-,08,22107,,N,B,C,A,A,H,-,A,D,0,,,,Y,Y,,G,25,0,0,1,0,0,0,0,0,0,"- ","- ",35.412208557128906,-119.05870819091797,KERN,UNINCORPORATED,-119.05877685546875,35.412395477294922
90709912,2018,2018-04-20,9420,2018-04-18,0750,016153,,3,1,9,1500,0,3,5,,2,630,"PANAMA LN.","SR-43 (ENOS LN.)",16896.00,E,N,A,-,N,,,,,,,,,,Y,4,0,1,1,A,-,08,22107,,N,E,I,A,A,H,-,A,D,0,,,,,Y,,A,01,0,0,1,0,0,0,0,0,0,"- ","- ",35.296138763427734,-119.19589996337891,KERN,UNINCORPORATED,-119.19589996337891,35.296131134033203
90709924,2018,2018-04-20,9426,2018-04-14,0540,018610,,6,3,9,1500,0,3,5,,2,081,"GARDNER FIELD RD","BASIC SCHOOL RD",3168.00,W,N,A,-,N,,,,,,,,,,Y,3,0,2,1,A,-,08,22107,,N,E,I,A,A,H,-,B,D,0,,,,,Y,,A,07,0,1,1,0,0,0,0,0,0,"- ","- ",35.101291656494141,-119.32379913330078,KERN,UNINCORPORATED,-119.32478332519531,35.101234436035156
90710031,2018,2018-05-29,9420,2018-04-20,0850,016153,,5,1,9,1500,0,3,5,,2,610,"MCDONALD WAY","FISHERING DR.",0.00,,Y,A,-,N,,,,,,,,,,N,4,0,1,2,A,-,09,21802,B,N,D,C,A,A,H,-,A,D,0,,,,,Y,,A,01,0,0,1,0,0,0,0,0,0,"- ","- ",35.348621368408203,-119.05223083496094,KERN,UNINCORPORATED,-119.05225372314453,35.348651885986328
90710043,2018,2018-04-20,9420,2018-04-17,1520,019185,,2,2,9,1500,0,1,3,,2,177,"SR-178 E/B","LIVE OAK PICNIC AREA",3749.00,W,N,A,-,Y,,,178,,,,,,E,Y,4,0,4,2,A,-,05,21460,A,N,A,C,A,A,H,-,A,A,0,,,,,Y,,A,07,0,0,4,0,0,0,0,0,0,"- ","- ",35.481689453125,-118.74404907226562,KERN,UNINCORPORATED,-118.74405670166016,35.481674194335938
90710077,2018,2018-04-20,9830,2018-04-19,1545,014774,,4,2,9,1500,0,1,3,,1,040,"SR-14 N/B","SR-58 E/B",100.00,S,N,B,G,Y,,,14,,,,,,N,Y,4,0,1,1,C,-,18,,,N,F,A,A,A,H,-,A,D,0,,,,Y,Y,,-,"- ",0,0,1,0,0,0,0,0,0,"- ","- ",35.096260070800781,-118.14614105224609,KERN,UNINCORPORATED,-118.14630889892578,35.096389770507812
90710583,2018,2018-04-23,9420,2018-04-13,2133,021144,,5,2,9,1500,0,2,4,,1,072,"EDISON HWY.","S. VINELAND RD.",0.00,,Y,B,-,N,,,,,,,,,,Y,2,0,1,2,A,-,09,21802,A,N,D,C,A,A,H,-,D,A,0,,,,,Y,,D,22,1,0,0,0,0,0,0,0,0,"- ","- ",35.354019165039062,-118.89644622802734,KERN,UNINCORPORATED,-118.89646148681641,35.354038238525391
90710613,2018,2018-04-23,9420,2018-04-14,0315,021175,,6,3,9,1500,0,2,4,,1,051,"N CHESTER AVE","UNIVERSE AVENUE",0.00,,Y,A,-,N,,,,,,,,,,Y,3,0,1,2,A,-,01,23152,A,N,D,C,A,A,H,-,C,A,0,,,,,Y,Y,A,01,0,1,0,0,0,0,0,0,0,"- ","- ",35.431098937988281,-119.02130126953125,KERN,UNINCORPORATED,-119.02136993408203,35.431190490722656
90710627,2018,2018-04-23,9420,2018-04-14,1430,021296,,6,2,9,1500,0,2,4,,1,072,"NILES ST","DESCANSO ST",0.00,,Y,A,-,N,,,,,,,,,,Y,3,0,2,2,A,-,12,21453,A,N,D,C,A,A,H,-,A,A,0,,,,,Y,,A,01,0,1,1,0,0,0,0,0,0,"- ","- ",35.376209259033203,-118.95334625244141,KERN,UNINCORPORATED,-118.95411682128906,35.375858306884766
90710777,2018,2018-04-23,9420,2018-04-14,1025,017243,,6,1,9,1500,0,3,5,,2,671,"DIGIORGIO RD.","WOOD ST",0.00,,Y,A,-,N,,,,,,,,,,Y,4,0,5,2,A,-,09,21801,A,N,A,D,A,A,H,-,A,D,0,,,,,Y,,A,01,0,0,5,0,0,0,0,0,0,"- ","- ",35.252399444580078,-118.92430114746094,KERN,UNINCORPORATED,-118.92437744140625,35.252399444580078
90711323,2018,2018-04-23,9420,2018-04-18,0800,013851,,3,1,6,1502,0,1,3,,2,094,"SR-99 (N/B)","WIBLE ROAD",528.00,S,N,A,-,Y,,,99,,,,,,,Y,4,0,1,2,A,-,03,22350,,N,C,C,A,A,H,-,A,D,0,,,,,Y,,A,01,0,0,1,0,0,0,0,0,0,"- ","- ",35.328338623046875,-119.03896331787109,KERN,BAKERSFIELD,-119.03887939453125,35.328361511230469
90711606,2018,2018-04-24,9420,2018-04-17,1221,013475,,2,1,9,1500,0,1,3,,1,583,"SR-58 (ROSEDALE HIGHWAY)","MOHAWK STREET",0.00,,Y,A,-,Y,,,58,,,,,,,Y,2,0,1,3,A,-,12,21453,A,F,D,C,A,A,H,-,A,A,0,,,,,Y,,A,07,1,0,0,0,0,0,0,0,0,"- ","- ",35.383430480957031,-119.06556701660156,KERN,UNINCORPORATED,-119.06556701660156,35.383327484130859
90711611,2018,2018-04-24,9420,2018-04-17,1335,019353,,2,1,9,1500,0,1,3,,2,093,"SR-99 S/B","7TH STANDARD ROAD O/C",1646.00,S,N,A,-,Y,,,99,,,,,,S,Y,2,0,1,1,A,-,08,22107,,N,E,J,A,A,H,-,A,D,0,,,,,Y,,A,01,1,0,0,0,0,0,0,0,0,"- ","- ",35.438388824462891,-119.08061218261719,KERN,UNINCORPORATED,-119.08065795898438,35.438331604003906
90711677,2018,2018-04-24,9420,2018-04-19,1844,020585,,4,2,9,1500,0,2,4,,1,072,"E. CALIFORNIA AVE.","WASHINGTON ST.",0.00,,Y,A,-,N,,,,,,,,,,Y,4,0,1,2,A,-,12,21453,A,N,D,C,A,A,H,-,A,A,0,,,,,Y,,A,01,0,0,1,0,0,0,0,0,0,"- ","- ",35.368579864501953,-118.97637939453125,KERN,UNINCORPORATED,-118.97635650634766,35.368610382080078
90711829,2018,2018-04-24,9420,2018-04-20,0735,016973,,5,1,9,1500,0,1,3,,2,584,"SR-58 E/B","COTTONWOOD RD.",2112.00,E,N,A,-,Y,,,,,,,,,,Y,4,0,1,2,A,-,03,22350,,N,C,C,A,A,H,-,A,D,0,,,,,Y,,D,22,0,0,1,0,0,0,0,0,0,"- ","- ",,,KERN,UNINCORPORATED,,
90711866,2018,2018-04-24,9420,2018-04-20,0930,018626,,5,1,9,1500,0,3,5,,2,672,"WHEELER RIDGE ROAD","VALPREDO AVE",5280.00,S,N,A,-,N,,,,,,,,,,Y,4,0,1,2,A,-,03,22350,,N,C,C,A,A,H,-,A,D,0,,,,Y,Y,,A,01,0,0,1,0,0,0,0,0,0,"- ","- ",35.0601806640625,-118.91748046875,KERN,UNINCORPORATED,-118.91744995117188,35.059932708740234
90711888,2018,2018-04-24,9420,2018-04-20,0520,020484,,5,3,6,1502,0,1,3,,2,095,"SR-99 SOUTHBOUND","PANAMA LANE",1500.00,N,N,A,-,Y,,,99,,,,,,S,N,4,0,1,2,A,-,03,22350,,N,C,C,A,A,H,-,C,D,0,,,,,Y,,A,01,0,0,1,0,0,0,0,0,0,"- ","- ",35.303508758544922,-119.03256988525391,KERN,BAKERSFIELD,-119.03266906738281,35.303485870361328