CASE_ID,ACCIDENT_YEAR,PROC_DATE,JURIS,COLLISION_DATE,COLLISION_TIME,OFFICER_ID,REPORTING_DISTRICT,DAY_OF_WEEK,CHP_SHIFT,POPULATION,CNTY_CITY_LOC,SPECIAL_COND,BEAT_TYPE,CHP_BEAT_TYPE,CITY_DIVISION_LAPD,CHP_BEAT_CLASS,BEAT_NUMBER,PRIMARY_RD,SECONDARY_RD,DISTANCE,DIRECTION,INTERSECTION,WEATHER_1,WEATHER_2,STATE_HWY_IND,CALTRANS_COUNTY,CALTRANS_DISTRICT,STATE_ROUTE,ROUTE_SUFFIX,POSTMILE_PREFIX,POSTMILE,LOCATION_TYPE,RAMP_INTERSECTION,SIDE_OF_HWY,TOW_AWAY,COLLISION_SEVERITY,NUMBER_KILLED,NUMBER_INJURED,PARTY_COUNT,PRIMARY_COLL_FACTOR,PCF_CODE_OF_VIOL,PCF_VIOL_CATEGORY,PCF_VIOLATION,PCF_VIOL_SUBSECTION,HIT_AND_RUN,TYPE_OF_COLLISION,MVIW,PED_ACTION,ROAD_SURFACE,ROAD_COND_1,ROAD_COND_2,LIGHTING,CONTROL_DEVICE,CHP_ROAD_TYPE,PEDESTRIAN_ACCIDENT,BICYCLE_ACCIDENT,MOTORCYCLE_ACCIDENT,TRUCK_ACCIDENT,NOT_PRIVATE_PROPERTY,ALCOHOL_INVOLVED,STWD_VEHTYPE_AT_FAULT,CHP_VEHTYPE_AT_FAULT,COUNT_SEVERE_INJ,COUNT_VISIBLE_INJ,COUNT_COMPLAINT_PAIN,COUNT_PED_KILLED,COUNT_PED_INJURED,COUNT_BICYCLIST_KILLED,COUNT_BICYCLIST_INJURED,COUNT_MC_KILLED,COUNT_MC_INJURED,PRIMARY_RAMP,SECONDARY_RAMP,LATITUDE,LONGITUDE,COUNTY,CITY,POINT_X,POINT_Y
90764132,2018,2018-07-06,9420,2018-06-30,0420,020782,,6,3,9,1500,0,1,3,,2,431,"SR-43 N/B","MERCED AVENUE",0.00,,Y,A,-,Y,,,43,,,,,,N,Y,4,0,1,2,A,-,09,21802,A,N,D,C,A,A,H,-,D,A,0,,,,,Y,,D,22,0,0,1,0,0,0,0,0,0,"- ","- ",35.529010772705078,-119.30593872070312,KERN,UNINCORPORATED,-119.30599212646484,35.528945922851562
90764505,2018,2018-07-06,9420,2018-06-26,1743,019353,,2,2,6,1502,0,1,3,,2,093,"SR-99 S/B","CALIFORNIA AVENUE",300.00,S,N,A,-,Y,,,99,,,,,,S,Y,4,0,1,4,A,-,03,22350,,N,C,C,A,A,H,-,A,D,0,,,,,Y,,A,01,0,0,1,0,0,0,0,0,0,"- ","- ",35.367649078369141,-119.04164886474609,KERN,BAKERSFIELD,-119.04164886474609,35.367649078369141
90764509,2018,2018-07-06,9420,2018-06-26,1130,015977,,2,1,9,1500,0,3,5,,2,310,"NELLIE DENT DR","MAC HILL DR",0.00,,Y,A,-,N,,,,,,,,,,Y,4,0,1,2,A,-,08,22107,,N,A,C,A,A,H,-,A,D,0,,,,,Y,,A,07,0,0,1,0,0,0,0,0,0,"- ","- ",35.712871551513672,-118.44609069824219,KERN,UNINCORPORATED,-118.44611358642578,35.712898254394531
90764527,2018,2018-08-10,9420,2018-07-02,1140,013597,,1,1,9,1500,0,1,3,,2,091,"SR-99 S/B","LERDO HIGHWAY",13728.00,S,N,A,-,Y,,,,,,,,,,Y,3,0,1,1,C,-,18,,,N,H,A,A,A,H,-,A,D,0,,,,,Y,,-,"- ",0,1,0,0,0,0,0,0,0,"- ","- ",35.281398773193359,-119.07350158691406,KERN,UNINCORPORATED,,
90764698,2018,2018-07-09,9426,2018-07-05,1500,019896,,4,2,9,1500,0,3,5,,2,081,"CADET RD","CALIFORNIA AQUEDUCT",3696.00,E,N,A,-,N,,,,,,,,,,Y,3,0,2,1,A,-,03,22350,,N,E,I,A,A,H,-,A,D,0,,,,,Y,,A,01,0,2,0,0,0,0,0,0,0,"- ","- ",35.101181030273438,-119.3555908203125,KERN,UNINCORPORATED,-119.35606384277344,35.101226806640625
90764935,2018,2018-07-09,9420,2018-06-15,0900,015801,,5,1,9,1500,0,2,4,,1,052,"ROBERTS LANE","PLYMOUTH AVENUE",0.00,,Y,A,-,N,,,,,,,,,,N,3,0,1,2,A,-,11,21954,A,F,G,B,D,A,H,-,A,D,0,Y,,,,Y,,N,60,0,1,0,0,1,0,0,0,0,"- ","- ",35.408599853515625,-119.02539825439453,KERN,UNINCORPORATED,-119.02554321289062,35.40863037109375
90764972,2018,2018-07-09,9830,2018-07-02,0547,017237,,1,3,9,1500,0,1,3,,2,010,"SR-58 WESTBOUND","BROOME RD",5808.00,E,N,A,-,Y,,,58,,,,,,W,Y,3,0,2,1,A,-,08,22107,,N,E,I,A,A,H,-,B,D,0,,,,,Y,,A,01,0,2,0,0,0,0,0,0,0,"- ","- ",35.189640045166016,-118.50579071044922,KERN,UNINCORPORATED,-118.50582885742188,35.189605712890625
90765011,2018,2018-07-09,9420,2018-06-29,1925,021133,,5,2,9,1500,0,3,5,,2,070,"EL SERENTO DRIVE","OREGON STREET",0.00,,Y,A,-,N,,,,,,,,,,Y,3,0,1,2,A,-,03,22350,,N,D,C,A,A,H,-,A,D,0,,,,,Y,,A,01,0,1,0,0,0,0,0,0,0,"- ","- ",35.377788543701172,-118.94413757324219,KERN,UNINCORPORATED,-118.94413757324219,35.377738952636719
90765051,2018,2018-07-09,9830,2018-06-28,2050,016971,,4,2,9,1500,0,3,5,,2,001,"LUANA DRIVE","AGNA COURT",18.00,E,N,A,-,N,,,,,,,,,,Y,3,0,1,1,A,-,01,23152,A,N,E,I,A,A,H,-,C,D,0,,,,,Y,Y,A,01,0,1,0,0,0,0,0,0,0,"- ","- ",35.139530181884766,-118.48351287841797,KERN,UNINCORPORATED,-118.48342895507812,35.139293670654297
90765090,2018,2018-07-09,9420,2018-06-30,0805,017972,,6,1,9,1500,0,2,4,,1,051,"MANOR ST","CHINA GRADE LOOP",100.00,S,N,A,-,N,,,,,,,,,,Y,4,0,1,1,A,-,08,22107,,N,E,I,A,A,H,-,A,D,0,,,,,Y,,D,22,0,0,1,0,0,0,0,0,0,"- ","- ",35.426368713378906,-119.01219940185547,KERN,UNINCORPORATED,-119.01242828369141,35.426486968994141
90765093,2018,2018-07-09,9420,2018-06-28,1557,020814,,4,2,9,1500,0,3,5,,2,672,"S. F ST. (1900 BLOCK)","CECIL BRUNNER DR.",72.00,S,N,A,-,N,,,,,,,,,,Y,4,0,2,2,A,-,08,22107,,M,A,E,A,A,H,-,A,D,0,,,,,Y,,A,07,0,0,2,0,0,0,0,0,0,"- ","- ",35.344730377197266,-119.02340698242188,KERN,UNINCORPORATED,-119.02336883544922,35.344692230224609
90765109,2018,2018-07-09,9420,2018-06-30,2053,019845,,6,2,9,1500,0,1,3,,2,090,"SR-99 (NORTHBOUND)","7TH STANDARD ROAD",225.00,N,N,A,-,Y,,,99,,,,,,,Y,3,0,2,1,A,-,08,22107,,N,E,I,A,A,H,-,D,D,0,,,,,Y,Y,A,07,0,1,1,0,0,0,0,0,0,"- ","- ",35.441928863525391,-119.0848388671875,KERN,UNINCORPORATED,-119.08477783203125,35.4420166015625
90765124,2018,2018-07-09,9420,2018-07-01,1251,016926,,7,1,9,1500,0,1,3,,1,583,"SR-58 (ROSEDALE HIGHWAY) W/B",SR-43,30.00,E,N,A,-,Y,,,58,,,,,,W,N,3,0,2,2,A,-,21,22106,,N,C,C,A,A,H,-,A,A,0,,,,,Y,,D,22,0,1,1,0,0,0,0,0,0,"- ","- ",35.383571624755859,-119.25150299072266,KERN,UNINCORPORATED,-119.25150299072266,35.383480072021484
90765190,2018,2018-07-09,9420,2018-07-01,2010,021134,,7,2,9,1500,0,2,4,,1,071,"MT VERNON AVE","QUINCY ST",0.00,,Y,A,-,N,,,,,,,,,,Y,4,0,1,2,A,-,12,21453,A,N,D,C,A,A,H,-,A,D,0,,,,,Y,,A,01,0,0,1,0,0,0,0,0,0,"- ","- ",35.379810333251953,-118.96743011474609,KERN,UNINCORPORATED,-118.96755218505859,35.37982177734375
90765288,2018,2018-07-09,9420,2018-07-02,1145,015259,,1,1,9,1500,0,1,3,,2,587,"SR-58 W/B TO SR-184","SR-184 N/B",0.00,,Y,A,-,Y,,,58,,,,R,,W,Y,4,0,2,2,A,-,09,21802,A,N,A,C,A,A,H,-,A,A,0,,,,,Y,,A,01,0,0,2,0,0,0,0,0,0,"- ","- ",35.353481292724609,-118.91407012939453,KERN,UNINCORPORATED,-118.91407012939453,35.353481292724609
90765302,2018,2018-07-09,9420,2018-07-02,0525,016767,,1,3,9,1500,0,3,5,,2,520,"FAMOSO PORTERVILLE HIGHWAY","WHISLER ROAD",150.00,S,N,A,-,N,,,,,,,,,,N,2,0,1,1,A,-,08,22107,,N,F,A,A,A,H,-,A,D,0,,,Y,,Y,,C,02,1,0,0,0,0,0,0,0,1,"- ","- ",35.645030975341797,-119.20101165771484,KERN,UNINCORPORATED,-119.20101928710938,35.645221710205078
90765385,2018,2018-07-09,9830,2018-07-08,1035,019271,,7,1,9,1500,0,1,3,,2,030,"SR-14 S/B","ROSAMOND BLVD",5280.00,N,N,A,-,Y,,,14,,,,,,S,Y,3,0,1,1,A,-,08,22107,,N,F,A,A,A,H,-,A,D,0,,,,,Y,,A,01,0,1,0,0,0,0,0,0,0,"- ","- ",34.8797607421875,-118.1668701171875,KERN,UNINCORPORATED,-118.1668701171875,34.8797607421875
90765441,2018,2018-07-09,9420,2018-07-03,1240,013597,,2,1,9,1500,0,2,4,,1,064,"OLIVE DRIVE E/B","KNUDSEN DRIVE",45.00,W,N,A,-,N,,,,,,,,,,N,4,0,1,3,A,-,03,22350,,N,C,C,A,A,H,-,A,A,0,,,,,Y,,A,07,0,0,1,0,0,0,0,0,0,"- ","- ",35.24420166015625,-119.03330230712891,KERN,UNINCORPORATED,-119.05892944335938,35.41241455078125
90765552,2018,2018-07-09,9420,2018-05-24,1704,019459,,4,2,9,1500,0,1,3,,2,430,"SR-43 (CENTRAL VALLEY HIGHWAY)","GARCES HIGHWAY",0.00,,Y,A,-,Y,,,43,,,,,,,Y,1,2,0,2,A,-,01,23152,A,N,D,C,A,A,H,-,A,A,0,,,,Y,Y,Y,A,01,0,0,0,0,0,0,0,0,0,"- ","- ",35.761188507080078,-119.34442901611328,KERN,UNINCORPORATED,-119.34441375732422,35.761196136474609
90765562,2018,2018-07-09,9420,2018-03-25,2035,019459,,7,2,9,1500,0,1,3,,2,431,"STATE ROUTE 43 (CENTRAL VALLEY HIGHWAY)","WASCO AVENUE",95.00,N,N,A,-,Y,,,43,,,,,,,Y,1,5,1,2,A,-,01,23152,A,N,A,C,A,A,H,-,D,D,0,,,,,Y,Y,D,22,1,0,0,0,0,0,0,0,0,"- ","- ",35.546058654785156,-119.33120727539062,KERN,UNINCORPORATED,-119.33122253417969,35.546051025390625
90765602,2018,2018-07-09,9420,2018-07-01,1250,016926,,7,1,9,1500,0,2,4,,1,064,"OLIVE DRIVE","BETH STREET",30.00,E,N,A,-,N,,,,,,,,,,N,3,0,2,2,A,-,03,22350,,N,C,C,A,A,H,-,A,D,0,,,,,Y,,D,22,0,2,0,0,0,0,0,0,0,"- ","- ",35.412509918212891,-119.07277679443359,KERN,UNINCORPORATED,-119.07285308837891,35.412448883056641
90765612,2018,2018-07-09,9430,2018-06-29,2100,019900,,5,2,9,1500,0,1,1,,2,052,"I-5 N/B","FRAZIER MOUNTAIN PARK RD",100.00,N,N,A,-,Y,,,5,,,,,,N,Y,4,0,1,4,A,-,01,23152,A,N,B,C,A,A,H,-,D,D,0,,,,,Y,Y,A,01,0,0,1,0,0,0,0,0,0,"- ","- ",34.817680358886719,-118.88172149658203,KERN,UNINCORPORATED,-118.8817138671875,34.817672729492188
90765632,2018,2018-07-09,9420,2018-07-06,1406,019442,,5,2,4,1503,0,2,S,,2,901,"GARCES HWY.","MELCHER RD.",0.00,,Y,A,-,N,,,,,,,,,,N,4,0,2,2,A,-,09,21801,A,N,D,C,A,A,H,-,A,D,0,,,,,Y,,A,01,0,0,2,0,0,0,0,0,0,"- ","- ",35.761199951171875,-119.27617645263672,KERN,DELANO,-119.27628326416016,35.761360168457031
90765643,2018,2018-07-09,9420,2018-07-05,2015,020402,,4,2,6,1502,0,1,3,,2,585,"SR-58 W/B","H ST",300.00,W,N,A,-,Y,,,58,,,,,,W,N,4,0,3,2,A,-,03,22350,,N,C,C,A,A,H,-,C,D,0,,,,,Y,,A,07,0,0,3,0,0,0,0,0,0,"- ","- ",35.352451324462891,-119.02658081054688,KERN,BAKERSFIELD,-119.02658081054688,35.352748870849609
90765651,2018,2018-07-09,9420,2018-07-06,1842,019442,,5,2,4,1503,0,2,S,,2,901,"GARZOLI AVE.","POND RD.",1056.00,S,N,A,-,N,,,,,,,,,,Y,4,0,2,1,A,-,08,22107,,N,E,I,A,A,H,-,A,D,0,,,,,Y,,A,01,0,0,2,0,0,0,0,0,0,"- ","- ",35.714069366455078,-119.24076080322266,KERN,DELANO,-119.2408447265625,35.715011596679688
90765888,2018,2018-07-10,9420,2018-07-05,1640,019185,,4,2,9,1500,0,1,3,,1,184,"SR-184 S/B","HALL ROAD",70.00,N,N,B,-,Y,,,184,,,,,,S,Y,4,0,1,3,A,-,03,22350,,N,C,C,A,A,H,-,A,A,0,,,,,Y,,A,01,0,0,1,0,0,0,0,0,0,"- ","- ",35.259929656982422,-118.91451263427734,KERN,UNINCORPORATED,-118.91441345214844,35.259929656982422
90766217,2018,2018-07-10,9430,2018-07-09,0350,018681,,1,3,9,1500,0,1,1,,2,053,"I-5 S/B (GOLDEN STATE FREEWAY)","GRAPEVINE ROAD UNDER CROSS",2112.00,S,N,A,-,Y,,,5,,,,,,S,Y,4,0,1,2,A,-,03,22350,,N,C,C,A,A,H,-,D,D,0,,,,Y,Y,,G,25,0,0,1,0,0,0,0,0,0,"- ","- ",34.9339599609375,-118.93099212646484,KERN,UNINCORPORATED,-118.93087768554688,34.933952331542969
90766296,2018,2018-07-10,9426,2018-07-03,1746,018023,,2,2,9,1500,0,3,5,,2,087,"BASIC SCHOOL RD","COPUS RD",73.00,S,N,A,-,N,,,,,,,,,,Y,2,0,1,1,A,-,12,22450,A,N,E,I,A,A,H,-,A,D,0,,,,,Y,,A,01,1,0,0,0,0,0,0,0,0,"- ","- ",35.093719482421875,-119.31414794921875,KERN,UNINCORPORATED,-119.31410217285156,35.09375
90766466,2018,2018-07-10,9420,2018-07-05,0235,020782,,4,3,9,1500,0,1,3,,2,096,"SR-99 N/B","HOUGHTON ROAD",2100.00,S,N,A,-,Y,,,99,,,,,,N,Y,3,0,1,2,A,-,01,23152,A,N,C,C,A,A,H,-,C,D,0,,,,Y,Y,Y,A,01,0,1,0,0,0,0,0,0,0,"- ","- ",35.227611541748047,-119.01315307617188,KERN,UNINCORPORATED,-119.01316070556641,35.227607727050781
90767188,2018,2018-07-11,9420,2018-07-06,1435,019845,,5,2,9,1500,0,3,5,,2,530,"W. LERDO HIGHWAY","PALM AVENUE",1056.00,W,N,A,-,N,,,,,,,,,,Y,3,0,2,2,A,-,05,21650,,N,A,C,A,A,H,-,A,D,0,,,,,Y,,D,22,0,1,1,0,0,0,0,0,0,"- ","- ",35.500038146972656,-119.35524749755859,KERN,UNINCORPORATED,-119.35376739501953,35.500064849853516
90767220,2018,2018-07-11,9420,2018-07-07,1525,019845,,6,2,9,1500,0,1,3,,2,090,"SR-99 (NORTHBOUND)","7TH STANDARD ROAD",3960.00,N,N,A,-,Y,,,99,,,,,,,Y,3,0,1,2,A,-,17,23114,A,F,E,J,A,A,H,-,A,D,0,,,,,Y,,A,07,0,1,0,0,0,0,0,0,0,"- ","- ",35.456409454345703,-119.10700988769531,KERN,UNINCORPORATED,-119.10695648193359,35.45648193359375
90767243,2018,2018-07-11,9420,2018-07-07,2130,021133,,6,2,9,1500,0,3,5,,2,610,"TAFT HIGHWAY","RAMOS AVENUE",0.00,,Y,A,-,N,,,,,,,,,,N,4,0,1,2,A,-,09,21802,A,N,D,G,A,A,H,-,C,A,0,,Y,,,Y,,L,04,0,0,1,0,0,0,1,0,0,"- ","- ",35.266819000244141,-119.00743103027344,KERN,UNINCORPORATED,-119.00745391845703,35.266849517822266
90767264,2018,2018-07-11,9420,2018-07-06,1955,020402,,5,2,9,1500,0,2,4,,1,075,"S. UNION AVE S/B (2500 BLOCK)","WHITE LANE",600.00,S,N,A,-,N,,,,,,,,,,N,4,0,2,2,A,-,09,21801,A,N,B,C,A,A,H,-,A,D,0,,,,,Y,,A,01,0,0,2,0,0,0,0,0,0,"- ","- ",35.314918518066406,-119.00312805175781,KERN,UNINCORPORATED,-119.00312805175781,35.316104888916016
90767290,2018,2018-07-11,9420,2018-06-27,2028,019459,,3,2,9,1500,0,3,5,,2,040,"ROUND MOUNTAIN ROAD","ADOLPHUS AVE",50.00,E,N,A,-,N,,,,,,,,,,Y,2,0,2,2,A,-,03,22350,,N,A,C,A,A,H,-,D,D,0,,,,,Y,,A,01,1,1,0,0,0,0,0,0,0,"- ","- ",35.435508728027344,-118.94570159912109,KERN,UNINCORPORATED,-118.94639587402344,35.435420989990234
90767519,2018,2018-07-12,9420,2018-07-03,0039,019598,,2,3,9,1500,0,2,4,,1,052,"NORRIS ROAD","RAY STREET",10.00,W,N,A,-,N,,,,,,,,,,Y,3,0,1,2,A,-,01,23152,A,N,D,C,A,A,H,-,C,A,0,,,,,Y,Y,A,01,0,1,0,0,0,0,0,0,0,"- ","- ",35.419559478759766,-119.03424072265625,KERN,UNINCORPORATED,-119.03427124023438,35.419540405273438
90767533,2018,2018-07-12,9420,2018-07-04,2250,019311,,3,3,9,1500,0,2,4,,1,071,"MT. VERNON AVENUE","QUINCY STREET",0.00,,Y,A,-,N,,,,,,,,,,N,2,0,1,2,A,-,11,21954,A,N,G,B,D,A,H,-,E,A,0,Y,,,,Y,,N,60,1,0,0,0,1,0,0,0,0,"- ","- ",35.224700927734375,-118.58252716064453,KERN,UNINCORPORATED,-118.96755218505859,35.37982177734375
90767646,2018,2018-07-12,9420,2018-07-04,1812,021769,,3,2,9,1500,0,1,3,,2,178,SR-178,"KERN CANYON ROAD",5280.00,W,N,A,-,Y,,,178,,,,,,,Y,2,0,3,1,A,-,08,22107,,N,E,I,A,A,H,-,A,A,0,,,,,Y,,A,07,1,2,0,0,0,0,0,0,0,"- ","- ",35.531501770019531,-118.64749908447266,KERN,UNINCORPORATED,-118.64749145507812,35.531463623046875
90767818,2018,2018-07-12,9430,2018-06-03,1725,018165,,7,2,9,1500,0,1,1,,2,053,"INTERSTATE 5 N/B (GOLDEN STATE FREEWAY)","GRAPEVINE ROAD UNDER-CROSSING",5861.00,S,N,A,-,Y,,,5,,,,,,N,Y,1,2,2,1,A,-,08,22107,,N,E,I,A,A,H,-,A,D,0,,,,,Y,,A,07,1,1,0,0,0,0,0,0,0,"- ","- ",34.922691345214844,-118.92240905761719,KERN,UNINCORPORATED,-118.92293548583984,34.922859191894531
90768013,2018,2018-07-12,9420,2018-07-06,1345,020402,,5,1,6,1502,0,1,3,,2,585,"SR-58 W/B","MT VERNON AVE",400.00,E,N,A,-,Y,,,58,,,,,,W,N,4,0,2,3,A,-,03,22350,,N,C,C,A,A,H,-,A,D,0,,,,Y,Y,,G,26,0,0,2,0,0,0,0,0,0,"- ","- ",35.352951049804688,-118.96086883544922,KERN,BAKERSFIELD,-118.96086883544922,35.352943420410156
90768019,2018,2018-07-13,9420,2018-07-10,0740,014770,,2,1,9,1500,0,3,5,,2,672,"N. RANCHO DR.","HERRING RD.",0.00,,Y,A,-,N,,,,,,,,,,Y,4,0,2,2,A,-,09,21802,A,N,D,C,A,A,H,-,A,A,0,,,,Y,Y,,A,01,0,0,2,0,0,0,0,0,0,"- ","- ",35.15093994140625,-118.85086822509766,KERN,UNINCORPORATED,-118.850830078125,35.150890350341797
90768093,2018,2018-07-12,9420,2018-07-09,1805,019845,,1,2,9,1500,0,3,5,,2,040,"BERNARD STREET","BAKER STREET",0.00,,Y,A,-,N,,,,,,,,,,Y,4,0,2,2,A,-,09,21802,A,N,D,C,A,A,H,-,A,D,0,,,,,Y,,A,01,0,0,2,0,0,0,0,0,0,"- ","- ",35.390079498291016,-118.98832702636719,KERN,UNINCORPORATED,-118.98812103271484,35.3902587890625
90768183,2018,2018-07-12,9420,2018-07-10,1330,018445,,2,1,9,1500,0,1,3,,2,430,SR-43,"POND ROAD",0.00,,Y,A,-,Y,,,43,,,,,,,Y,3,0,1,2,A,-,12,22450,A,N,D,C,A,A,H,-,A,A,0,,,,Y,Y,,G,27,0,1,0,0,0,0,0,0,0,"- ","- ",35.717681884765625,-119.33027648925781,KERN,UNINCORPORATED,-119.33042907714844,35.717658996582031
90768188,2018,2018-07-12,9426,2018-07-08,2020,018909,,7,2,9,1500,0,1,1,,2,502,"I-5 S/B","EASTSIDE CANAL OVERCROSS",2640.00,S,N,A,-,Y,,,5,,,,,,S,Y,4,0,1,2,A,-,07,21658,A,F,C,C,A,A,H,-,D,D,0,,,,,Y,,A,01,0,0,1,0,0,0,0,0,0,"- ","- ",35.552600860595703,-119.59230041503906,KERN,UNINCORPORATED,-119.59232330322266,35.552577972412109
90768580,2018,2018-07-13,9420,2018-07-09,1605,019353,,1,2,6,1502,0,1,3,,2,092,"SR-99 N/B","PALM STREET O/C",300.00,S,N,A,-,Y,,,99,,,,,,N,N,4,0,1,3,A,-,03,22350,,N,C,C,A,A,H,-,A,D,0,,,,,Y,,A,07,0,0,1,0,0,0,0,0,0,"- ","- ",35.360599517822266,-119.03939819335938,KERN,BAKERSFIELD,-119.03936767578125,35.360599517822266
90768644,2018,2018-07-13,9430,2018-07-08,1525,018631,,7,2,9,1500,0,1,1,,2,052,"I-5 N/B","LEBEC SERVICE ROAD",500.00,S,N,A,-,Y,,,5,,,,,,N,Y,4,0,2,3,A,-,03,22350,,N,C,C,A,A,H,-,A,D,0,,,,,Y,,A,01,0,0,2,0,0,0,0,0,0,"- ","- ",34.83319091796875,-118.86576843261719,KERN,UNINCORPORATED,-118.86569213867188,34.833110809326172
90768693,2018,2018-07-13,9430,2018-07-07,1935,018631,,6,2,9,1500,0,1,1,,2,054,"I-5 N/B","GRAPEVINE RD.",1200.00,N,N,A,-,Y,,,5,,,,,,N,Y,2,0,1,1,A,-,08,22107,,N,E,I,A,A,H,-,A,D,0,,,,,Y,,A,01,1,0,0,0,0,0,0,0,0,"- ","- ",34.947879791259766,-118.93289184570312,KERN,UNINCORPORATED,-118.93296813964844,34.947856903076172
90768856,2018,2018-07-13,9420,2018-07-11,0545,016767,,3,3,9,1500,0,3,5,,2,510,"ELMO HIGHWAY","ZACHARY AVENUE",0.00,,Y,A,-,N,,,,,,,,,,Y,4,0,1,2,A,-,05,21752,D,N,D,C,A,A,H,-,B,A,0,,,,,Y,,D,22,0,0,1,0,0,0,0,0,0,"- ","- ",35.689071655273438,-119.18730926513672,KERN,UNINCORPORATED,-119.18701934814453,35.689140319824219
90768868,2018,2018-07-13,9420,2018-07-12,1130,018643,,4,1,9,1500,0,1,3,,1,176,"SR-178 WESTBOUND","HALEY STREET",900.00,W,N,A,-,Y,,,178,,,,,,W,Y,4,0,1,1,A,-,08,22107,,N,F,I,A,A,H,-,A,D,0,,,,,Y,,D,22,0,0,1,0,0,0,0,0,0,"- ","- ",35.391208648681641,-118.97914886474609,KERN,UNINCORPORATED,-118.97914123535156,35.391201019287109
90768992,2018,2018-07-13,9420,2018-07-12,1143,017243,,4,1,9,1500,0,3,5,,2,050,"MERLE HAGGARD DR","INDUSTRY PARKWAY DR.",240.00,E,N,A,-,N,,,,,,,,,,N,2,0,1,1,A,-,08,22107,,N,E,I,A,A,H,-,A,D,0,,,Y,,Y,,C,02,1,0,0,0,0,0,0,0,1,"- ","- ",35.441398620605469,-119.07990264892578,KERN,UNINCORPORATED,-119.07788848876953,35.441432952880859
90768997,2018,2018-07-13,9420,2018-07-12,0735,017243,,4,1,9,1500,0,1,3,,2,430,SR-43,"COBERLY RD.",1056.00,N,N,A,-,Y,,,43,,,,,,,Y,3,0,1,1,A,-,08,22107,,N,E,I,A,A,H,-,A,D,0,,,,,Y,,A,01,0,1,0,0,0,0,0,0,0,"- ","- ",35.449501037597656,-119.25540161132812,KERN,UNINCORPORATED,-119.25540161132812,35.449501037597656
90769668,2018,2018-07-16,9420,2018-07-01,1331,017972,,7,1,6,1502,0,1,3,,2,585,"SR-58 W/B","UNION AVE",200.00,W,N,A,-,Y,,,58,,,,,,W,Y,3,0,3,2,A,-,03,22350,,N,C,C,A,A,H,-,A,D,0,,,,,Y,,D,22,0,1,2,0,0,0,0,0,0,"- ","- ",35.352519989013672,-119.00424194335938,KERN,BAKERSFIELD,-119.00424194335938,35.352596282958984
90769674,2018,2018-07-16,9420,2018-07-07,1725,021547,,6,2,9,1500,0,1,3,,2,178,SR-178,"MC CRAY ROAD",0.00,,Y,A,-,Y,,,178,,,,,,,Y,3,0,4,2,A,-,12,22450,A,N,D,C,A,A,H,-,A,A,0,,,,,Y,,A,01,0,2,2,0,0,0,0,0,0,"- ","- ",35.639678955078125,-118.40550994873047,KERN,UNINCORPORATED,-118.40548706054688,35.639732360839844
90769694,2018,2018-07-16,9420,2018-07-09,2200,021547,,1,3,9,1500,0,1,3,,2,155,SR-155,"CALGARY DRIVE",528.00,E,N,A,-,Y,,,155,,,,,,,Y,4,0,1,1,A,-,03,22350,,N,E,I,A,A,H,-,D,D,0,,,,,Y,,A,01,0,0,1,0,0,0,0,0,0,"- ","- ",35.713088989257812,-118.48088836669922,KERN,UNINCORPORATED,-118.48097229003906,35.713298797607422
90769849,2018,2018-07-16,9430,2018-07-14,0645,016662,,6,1,9,1500,0,1,1,,2,055,"I-5 N/B","LAVAL ROAD O/C",20.00,N,N,A,-,Y,,,5,,,,,,N,Y,4,0,3,2,A,-,08,22107,,N,D,C,A,A,H,-,A,D,0,,,,,Y,,A,08,0,0,3,0,0,0,0,0,0,"- ","- ",34.987888336181641,-118.94577026367188,KERN,UNINCORPORATED,-118.94565582275391,34.987926483154297
90769868,2018,2018-07-16,9495,2018-07-08,1445,016576,,7,2,9,1500,0,1,1,,2,004,"I-5 N/B","KERN COUNTY LINE",1056.00,N,N,A,-,Y,,,,,,,,,,Y,4,0,1,2,A,-,03,22350,,N,C,C,A,A,H,-,A,D,0,,,,,Y,,A,01,0,0,1,0,0,0,0,0,0,"- ","- ",35.792991638183594,-119.78469848632812,KERN,UNINCORPORATED,,
90769981,2018,2018-07-16,9830,2018-07-12,1905,019762,,4,2,9,1500,0,3,5,,2,003,"FRONTAGE RD.","FELSITE AVE.",3168.00,N,N,B,-,N,,,,,,,,,,Y,3,0,1,1,A,-,08,22107,,N,E,I,A,A,H,-,A,D,0,,,Y,,Y,,C,02,0,1,0,0,0,0,0,0,1,"- ","- ",34.880680084228516,-118.1668701171875,KERN,UNINCORPORATED,-118.16729736328125,34.879257202148438
90770187,2018,2018-07-16,9420,2018-07-11,0545,014770,,3,3,6,1502,0,1,3,,2,095,"SR-99 S/B","HOSKING RD.",1848.00,N,N,A,-,Y,,,,,,,,,,Y,4,0,1,2,A,-,03,22350,,N,C,C,A,A,H,-,A,D,0,,,,,Y,,A,01,0,0,1,0,0,0,0,0,0,"- ","- ",35.171070098876953,-119.14138031005859,KERN,BAKERSFIELD,-119.02816772460938,35.286396026611328