CASE_ID,ACCIDENT_YEAR,PROC_DATE,JURIS,COLLISION_DATE,COLLISION_TIME,OFFICER_ID,REPORTING_DISTRICT,DAY_OF_WEEK,CHP_SHIFT,POPULATION,CNTY_CITY_LOC,SPECIAL_COND,BEAT_TYPE,CHP_BEAT_TYPE,CITY_DIVISION_LAPD,CHP_BEAT_CLASS,BEAT_NUMBER,PRIMARY_RD,SECONDARY_RD,DISTANCE,DIRECTION,INTERSECTION,WEATHER_1,WEATHER_2,STATE_HWY_IND,CALTRANS_COUNTY,CALTRANS_DISTRICT,STATE_ROUTE,ROUTE_SUFFIX,POSTMILE_PREFIX,POSTMILE,LOCATION_TYPE,RAMP_INTERSECTION,SIDE_OF_HWY,TOW_AWAY,COLLISION_SEVERITY,NUMBER_KILLED,NUMBER_INJURED,PARTY_COUNT,PRIMARY_COLL_FACTOR,PCF_CODE_OF_VIOL,PCF_VIOL_CATEGORY,PCF_VIOLATION,PCF_VIOL_SUBSECTION,HIT_AND_RUN,TYPE_OF_COLLISION,MVIW,PED_ACTION,ROAD_SURFACE,ROAD_COND_1,ROAD_COND_2,LIGHTING,CONTROL_DEVICE,CHP_ROAD_TYPE,PEDESTRIAN_ACCIDENT,BICYCLE_ACCIDENT,MOTORCYCLE_ACCIDENT,TRUCK_ACCIDENT,NOT_PRIVATE_PROPERTY,ALCOHOL_INVOLVED,STWD_VEHTYPE_AT_FAULT,CHP_VEHTYPE_AT_FAULT,COUNT_SEVERE_INJ,COUNT_VISIBLE_INJ,COUNT_COMPLAINT_PAIN,COUNT_PED_KILLED,COUNT_PED_INJURED,COUNT_BICYCLIST_KILLED,COUNT_BICYCLIST_INJURED,COUNT_MC_KILLED,COUNT_MC_INJURED,PRIMARY_RAMP,SECONDARY_RAMP,LATITUDE,LONGITUDE,COUNTY,CITY,POINT_X,POINT_Y
90781924,2018,2018-08-01,9420,2018-07-21,1020,019098,,6,1,9,1500,0,3,5,,2,620,"HAGEMAN ROAD","JENKINS ROAD",0.00,,Y,A,-,N,,,,,,,,,,N,3,0,1,2,A,-,09,21800,A,N,D,C,A,A,H,-,A,A,0,,,Y,,Y,,A,07,0,1,0,0,0,0,0,0,1,"- ","- ",35.397998809814453,-119.15435791015625,KERN,UNINCORPORATED,-119.15437316894531,35.397998809814453
90782036,2018,2018-08-01,9420,2018-07-27,1310,015259,,5,1,9,1500,0,1,3,,1,184,"MILLUX ROAD","INTERSTATE-5 O/C",1056.00,E,N,A,-,N,,,,,,,,,,Y,4,0,2,1,A,-,08,22107,,N,H,A,A,A,H,-,A,D,0,,,,,Y,,A,01,0,0,2,0,0,0,0,0,0,"- ","- ",35.179950714111328,-119.12773895263672,KERN,UNINCORPORATED,-119.13096618652344,35.180011749267578
90782198,2018,2018-08-01,9420,2018-07-23,2050,021134,,1,2,9,1500,0,2,4,,1,072,"NILES ST","CRESTMONT DR",0.00,,Y,A,-,N,,,,,,,,,,Y,4,0,3,3,A,-,12,21453,A,N,D,C,A,A,H,-,C,A,0,,,,,Y,,A,01,0,0,3,0,0,0,0,0,0,"- ","- ",35.375949859619141,-118.95419311523438,KERN,UNINCORPORATED,-118.95411682128906,35.376110076904297
90782268,2018,2018-08-01,9420,2018-07-29,1810,020634,,7,2,6,1502,0,1,3,,2,585,"SR-58 W/B","SOUTH H. ST.",1200.00,W,N,A,-,Y,,,58,,,,,,W,Y,4,0,1,2,A,-,03,22350,,N,C,C,A,A,H,-,A,D,0,,,,,Y,,A,07,0,0,1,0,0,0,0,0,0,"- ","- ",35.352798461914062,-119.02519989013672,KERN,BAKERSFIELD,-119.02519989013672,35.352745056152344
90782341,2018,2018-08-01,9420,2018-07-30,1305,014770,,1,1,9,1500,0,3,5,,2,530,"MERLE HAGGARD DR.","GOLDEN STATE AVE.",50.00,E,N,A,-,N,,,,,,,,,,N,4,0,1,2,A,-,03,22350,,N,C,C,A,A,H,-,A,A,0,,,,,Y,,A,07,0,0,1,0,0,0,0,0,0,"- ","- ",35.262870788574219,-119.51113128662109,KERN,UNINCORPORATED,-119.08650207519531,35.441295623779297
90782366,2018,2018-08-01,9420,2018-07-29,1738,020634,,7,2,6,1502,0,1,3,,2,585,"SR-58 W/B","SOUTH H. ST.",1000.00,W,N,A,-,Y,,,58,,,,,,W,Y,3,0,1,1,A,-,08,22107,,N,E,I,A,A,H,-,A,D,0,,,,,Y,,A,01,0,1,0,0,0,0,0,0,0,"- ","- ",35.352699279785156,-119.02400207519531,KERN,BAKERSFIELD,-119.02400207519531,35.352741241455078
90782369,2018,2018-08-01,9830,2018-07-30,0730,015252,,1,1,9,1500,0,1,2,,1,054,"US HIGHWAY 395","TOR ROAD",5280.00,S,N,A,-,Y,,,395,,,,,,,Y,3,0,2,2,A,-,03,22350,,N,C,C,A,A,H,-,A,D,0,,,,,Y,,A,01,0,2,0,0,0,0,0,0,0,"- ","- ",35.521389007568359,-117.67391967773438,KERN,UNINCORPORATED,-117.67386627197266,35.521415710449219
90782618,2018,2018-08-02,9420,2018-07-30,1515,018445,,1,2,9,1500,0,1,3,,2,430,"STATE ROUTE 43","GARCES HIGHWAY",0.00,,Y,A,-,Y,,,,,,,,,,Y,2,0,2,2,A,-,09,21802,A,N,D,C,A,A,H,-,A,A,0,,,,Y,Y,,D,22,2,0,0,0,0,0,0,0,0,"- ","- ",35.761199951171875,-119.34546661376953,KERN,UNINCORPORATED,-119.34443664550781,35.761219024658203
90783097,2018,2018-09-24,9420,2018-07-19,1155,015801,,4,1,9,1500,0,3,5,,2,040,"GRANITE ROAD","ROUND MOUNTAIN ROAD",2640.00,S,N,A,-,N,,,,,,,,,,Y,1,1,0,1,A,-,03,22350,,N,F,A,A,A,H,-,A,D,0,,,Y,,Y,Y,C,02,0,0,0,0,0,0,0,1,0,"- ","- ",35.527198791503906,-118.96920013427734,KERN,UNINCORPORATED,-118.96929168701172,35.527244567871094
90783329,2018,2018-08-02,9420,2018-07-23,1133,018117,,1,1,9,1500,0,3,5,,2,040,"BERNARD ST","ALTA VISTA DR",151.00,E,N,A,-,N,,,,,,,,,,N,4,0,1,3,A,-,03,22350,,N,C,C,A,A,H,-,A,A,0,,,,,Y,,A,07,0,0,1,0,0,0,0,0,0,"- ","- ",35.390201568603516,-118.99546051025391,KERN,UNINCORPORATED,-118.99431610107422,35.390251159667969
90783580,2018,2018-08-03,9420,2018-07-21,2310,020784,,6,3,9,1500,0,3,5,,2,672,"CALIENTE BODFISH RD","CALIENTE CREEK",23760.00,N,N,A,-,N,,,,,,,,,,Y,2,0,1,1,C,-,18,,,N,F,A,A,A,B,-,D,D,0,,,Y,,Y,,-,"- ",1,0,0,0,0,0,0,0,1,"- ","- ",35.338859558105469,-118.57698059082031,KERN,UNINCORPORATED,-118.57783508300781,35.337821960449219
90783596,2018,2018-08-03,9420,2018-07-19,0745,017256,,4,1,9,1500,0,1,3,,2,090,"SR-99 N/B","KIMBERLINA RD",486.00,S,N,A,-,Y,,,99,,,,,,N,Y,4,0,1,2,A,-,08,22107,,N,B,C,A,A,H,-,A,D,0,,,,,Y,,A,01,0,0,1,0,0,0,0,0,0,"- ","- ",35.557689666748047,-119.19647979736328,KERN,UNINCORPORATED,-119.19704437255859,35.5576171875
90783657,2018,2018-08-03,9420,2018-07-27,1520,021134,,5,2,6,1502,0,1,3,,2,584,"SR-58 E/B","MADISON ST",400.00,E,N,A,-,Y,,,58,,,,,,E,Y,4,0,1,2,A,-,03,22350,,N,C,C,A,A,H,-,A,D,0,,,,,Y,,A,01,0,0,1,0,0,0,0,0,0,"- ","- ",35.352298736572266,-118.99273681640625,KERN,BAKERSFIELD,-118.99273681640625,35.352252960205078
90783701,2018,2018-08-03,9420,2018-07-31,0540,015259,,2,3,6,1502,0,1,3,,2,095,"STATE ROUTE-99 SOUTHBOUND","STATE ROUTE-119 O/C (TAFT HWY.)",1320.00,N,N,F,-,Y,,,,,,,,,,Y,4,0,2,5,A,-,03,22350,,N,C,C,A,A,D,-,B,D,0,,,,Y,Y,,G,25,0,0,2,0,0,0,0,0,0,"- ","- ",35.270191192626953,-119.9239501953125,KERN,BAKERSFIELD,,
90783801,2018,2018-08-03,9830,2018-07-27,0510,019367,,5,3,9,1500,0,3,5,,2,001,"GIRAUDO RD","PELLISIER RD",0.00,,Y,A,-,N,,,,,,,,,,Y,4,0,6,2,A,-,09,21801,A,N,A,C,A,A,H,-,D,D,0,,,,,Y,,A,01,0,0,6,0,0,0,0,0,0,"- ","- ",35.123439788818359,-118.60154724121094,KERN,UNINCORPORATED,-118.60167694091797,35.123458862304688
90783931,2018,2018-08-03,9420,2018-08-01,1030,015259,,3,1,9,1500,0,1,3,,2,094,"SR-99 N/B TO SR-58 E/B","SR-58 E/B",95.00,S,N,F,-,Y,,,,,,,,,,Y,4,0,1,3,A,-,03,22350,,N,C,C,A,A,D,-,A,D,0,,,,,Y,,A,01,0,0,1,0,0,0,0,0,0,"- ","- ",35.352188110351562,-119.03388214111328,KERN,UNINCORPORATED,,
90784080,2018,2018-08-03,9420,2018-08-02,1205,014770,,4,1,9,1500,0,1,3,,1,583,"SR-58, E/B (ROSEDALE HWY.)","GIBSON ST.",90.00,E,N,A,-,Y,,,,,,,,,,Y,4,0,1,3,A,-,03,22350,,N,C,C,A,A,H,-,A,A,0,,,,,Y,,A,07,0,0,1,0,0,0,0,0,0,"- ","- ",35.225940704345703,-119.38880157470703,KERN,UNINCORPORATED,,
90784660,2018,2018-08-06,9420,2018-07-27,0453,021144,,5,3,9,1500,0,3,5,,2,671,"SUNSET BLVD.","MALAGA RD.",0.00,,Y,A,-,Y,,,,,,,,,,Y,3,0,2,2,A,-,09,21802,A,N,D,C,A,A,H,-,B,A,0,,,,,Y,,A,01,0,2,0,0,0,0,0,0,0,"- ","- ",35.223518371582031,-118.86028289794922,KERN,UNINCORPORATED,-118.86028289794922,35.223480224609375
90784662,2018,2018-08-06,9420,2018-07-27,1650,016691,,5,2,9,1500,0,1,3,,2,204,"SR-204 S/B","KERN RIVER BRIDGE 50-33",32.00,S,N,A,-,Y,,,,,,,,,,Y,2,0,1,1,A,-,01,23152,A,N,E,I,A,A,H,-,A,D,0,,,,,Y,Y,A,01,1,0,0,0,0,0,0,0,0,"- ","- ",35.394298553466797,-119.02912902832031,KERN,UNINCORPORATED,,
90784672,2018,2018-08-06,9420,2018-07-29,0220,020782,,7,3,9,1500,0,3,5,,2,672,"BRECKENRIDGE AVE","MONICA STREET",475.00,E,N,A,-,N,,,,,,,,,,N,3,0,1,2,A,-,11,21954,A,N,G,B,E,A,H,-,D,D,0,Y,,,,Y,,N,60,0,1,0,0,1,0,0,0,0,"- ","- ",35.361698150634766,-118.90531921386719,KERN,UNINCORPORATED,-118.90371704101562,35.361701965332031
90784679,2018,2018-08-06,9420,2018-07-29,1305,018643,,7,1,9,1500,0,1,3,,2,177,SR-178,"MPM 178 KER 23.5",1584.00,E,N,A,-,Y,,,178,,,,,,,Y,3,0,1,1,A,-,08,22107,,N,F,A,A,A,H,-,A,D,0,,,,,Y,,A,71,0,1,0,0,0,0,0,0,0,"- ","- ",35.505428314208984,-118.69093322753906,KERN,UNINCORPORATED,-118.69104766845703,35.505458831787109
90784705,2018,2018-08-06,9420,2018-07-29,0626,018807,,7,1,9,1500,0,1,3,,2,092,"SR-99 (NORTHBOUND)",SR-65,1584.00,S,N,A,-,Y,,,,,,,,,,Y,3,0,1,2,A,-,01,23152,A,N,C,C,A,A,H,-,A,D,0,,,,,Y,Y,D,22,0,1,0,0,0,0,0,0,0,"- ","- ",35.255199432373047,-119.42150115966797,KERN,UNINCORPORATED,,
90784716,2018,2018-08-06,9420,2018-07-30,2135,021260,,1,2,9,1500,0,2,4,,1,077,"SOUTH FAIRFAX ROAD","MULLER ROAD",460.00,S,N,A,-,N,,,,,,,,,,Y,2,0,2,2,A,-,08,22107,,N,D,C,A,A,H,-,D,D,0,,,,,Y,,D,22,1,0,1,0,0,0,0,0,0,"- ","- ",35.324081420898438,-118.93205261230469,KERN,UNINCORPORATED,-118.93206024169922,35.323928833007812
90784746,2018,2018-08-06,9420,2018-06-10,1340,021788,,7,1,9,1500,0,1,3,,2,155,"STATE ROUTE 155","RANCHERIA ROAD",5280.00,W,N,A,-,Y,,,155,,,,,,,Y,1,1,0,1,A,-,03,22350,,N,F,A,A,A,H,-,A,D,0,,,Y,,Y,,C,02,0,0,0,0,0,0,0,1,0,"- ","- ",35.743320465087891,-118.58087158203125,KERN,UNINCORPORATED,-118.58087921142578,35.743312835693359
90785211,2018,2018-08-06,9420,2018-07-29,1912,019442,,7,2,9,1500,0,1,3,,2,091,"SR-99 S/B",SR-46,1930.00,N,N,A,-,Y,,,99,,,,,,S,Y,2,0,1,1,A,-,08,22107,,N,E,I,A,A,H,-,A,D,0,,,Y,,Y,,C,02,1,0,0,0,0,0,0,0,1,"- ","- ",35.603359222412109,-119.21163177490234,KERN,UNINCORPORATED,-119.21173095703125,35.603340148925781
90785230,2018,2018-08-29,9830,2018-07-31,1136,015252,,2,1,9,1500,0,1,3,,1,051,"E/B SR-178 RAMP TO SB SR-14","SR-178 WEST",150.00,S,N,A,-,Y,,,178,,,,R,,,Y,3,0,2,1,A,-,03,22350,,N,F,A,A,A,H,-,A,D,0,,,,Y,Y,,G,26,0,2,0,0,0,0,0,0,0,"- ","- ",35.601390838623047,-117.90358734130859,KERN,UNINCORPORATED,-117.90358734130859,35.601390838623047
90785237,2018,2018-08-06,9420,2018-07-30,1505,019845,,1,2,6,1502,0,1,3,,1,176,"SR-178 (W/B) TO MT. VERNON AVENUE","MT. VERNON AVENUE",28.00,E,N,A,-,Y,,,178,,,,R,,,Y,4,0,2,2,A,-,03,22350,,N,C,C,A,A,H,-,A,D,0,,,,,Y,,A,01,0,0,2,0,0,0,0,0,0,"- ","- ",35.395111083984375,-118.96719360351562,KERN,BAKERSFIELD,-118.96719360351562,35.395111083984375
90785711,2018,2018-08-07,9420,2018-07-29,2324,021402,,7,3,9,1500,0,3,5,,2,510,"COUNTY LINE ROAD","FAMOSO PORTERVILLE HWY",47.00,W,N,A,-,N,,,,,,,,,,Y,2,0,3,1,A,-,01,23152,A,N,E,I,A,A,H,-,D,A,0,,,,,Y,Y,D,22,3,0,0,0,0,0,0,0,0,"- ","- ",35.790779113769531,-119.11492156982422,KERN,UNINCORPORATED,-119.11469268798828,35.790729522705078
90785714,2018,2018-08-07,9430,2018-07-29,2130,018631,,7,2,9,1500,0,1,1,,2,051,"INTERSTATE 5 N/B (GOLDEN STATE FREEWAY)",SR-138,1056.00,N,N,A,-,Y,,,,,,,,,,N,4,0,1,2,A,-,07,21658,A,N,B,C,A,A,H,-,D,D,0,,,,,Y,,D,22,0,0,1,0,0,0,0,0,0,"- ","- ",34.771888732910156,-118.80403900146484,KERN,UNINCORPORATED,,
90785876,2018,2018-08-07,9430,2018-08-04,0900,017152,,6,1,9,1500,0,3,5,,2,004,"WHEELER RIDGE ROAD","LEGRAY ROAD",0.00,,Y,A,-,N,,,,,,,,,,Y,3,0,4,2,A,-,09,21802,A,N,D,C,A,A,H,-,A,A,0,,,,,Y,,D,22,0,4,0,0,0,0,0,0,0,"- ","- ",35.030879974365234,-118.92645263671875,KERN,UNINCORPORATED,-118.92646026611328,35.030879974365234
90785918,2018,2018-08-07,9426,2018-07-28,1625,018023,,6,2,9,1500,0,1,1,,2,504,"I-5 S/B",SR-58,1500.00,S,N,A,-,Y,,,5,,,,,,S,Y,4,0,3,2,A,-,08,22107,,N,B,C,A,A,H,-,A,D,0,,,,Y,Y,,A,01,0,0,3,0,0,0,0,0,0,"- ","- ",35.396598815917969,-119.39424896240234,KERN,UNINCORPORATED,-119.39432525634766,35.396492004394531
90786000,2018,2018-08-07,9420,2018-08-03,0530,017301,,5,3,9,1500,0,3,5,,2,630,"COPUS ROAD","METLER FRONTAGE ROAD",276.00,W,N,A,-,N,,,,,,,,,,Y,4,0,1,2,A,-,08,22107,,N,D,C,A,A,H,-,A,D,0,,,,,Y,,A,01,0,0,1,0,0,0,0,0,0,"- ","- ",35.095291137695312,-118.98240661621094,KERN,UNINCORPORATED,-118.98222351074219,35.0953369140625
90786044,2018,2018-08-07,9430,2018-08-06,1405,016662,,1,2,9,1500,0,1,3,,2,090,"SR-99 S/B",SR-166,5280.00,S,N,A,-,Y,,,99,,,,,,S,Y,4,0,1,2,A,-,04,21703,,N,C,C,A,A,H,-,A,D,0,,,,,Y,,A,01,0,0,1,0,0,0,0,0,0,"- ","- ",35.030559539794922,-118.95954895019531,KERN,UNINCORPORATED,-118.95945739746094,35.030590057373047
90786394,2018,2018-08-08,9420,2018-07-28,0105,021788,,6,3,9,1500,0,1,3,,2,155,SR-155,"DUTCH FLAT ROAD",460.00,E,N,A,-,Y,,,,,,,,,,Y,3,0,1,1,A,-,08,22107,,N,E,I,A,A,H,-,D,D,0,,,,,Y,,A,01,0,1,0,0,0,0,0,0,0,"- ","- ",35.399990081787109,-118.29946136474609,KERN,UNINCORPORATED,-118.48464965820312,35.6549072265625
90786507,2018,2018-08-08,9420,2018-07-31,1120,015801,,2,1,9,1500,0,3,5,,2,040,"ROUND MOUNTAIN ROAD","ADOLPHUS AVENUE",4224.00,E,N,A,-,N,,,,,,,,,,Y,3,0,1,1,A,-,08,22107,,N,E,I,A,A,H,-,A,D,0,,,,,Y,,A,01,0,1,0,0,0,0,0,0,0,"- ","- ",35.446170806884766,-118.94647979736328,KERN,UNINCORPORATED,-118.94558715820312,35.445659637451172
90786545,2018,2018-08-08,9420,2018-08-01,1430,019459,,3,2,9,1500,0,1,3,,1,650,SR-65,"SHERWOOD AVENUE",5280.00,S,N,A,-,Y,,,65,,,,,,,Y,4,0,2,1,A,-,08,22107,,N,F,A,A,A,H,-,A,D,0,,,,,Y,,A,01,0,0,2,0,0,0,0,0,0,"- ","- ",35.650600433349609,-119.080078125,KERN,UNINCORPORATED,-119.080078125,35.650600433349609
90786573,2018,2018-08-08,9420,2018-08-01,1725,020402,,3,2,6,1502,0,1,3,,2,584,"SR-58 E/B","COTTONWOOD RD",1100.00,W,N,A,-,Y,,,,,,,,,,Y,4,0,2,2,A,-,08,22107,,N,B,C,A,A,H,-,A,D,0,,,,,Y,,D,22,0,0,2,0,0,0,0,0,0,"- ","- ",35.350509643554688,-118.99540710449219,KERN,BAKERSFIELD,,
90786706,2018,2018-08-08,9430,2018-08-03,0700,017152,,5,1,9,1500,0,1,3,,2,090,"SR-99 S/B","I-5 O/C",2640.00,N,N,A,-,Y,,,99,,,,,,S,N,4,0,1,2,A,-,03,22350,,N,C,C,A,A,H,-,A,D,0,,,,,Y,,A,08,0,0,1,0,0,0,0,0,0,"- ","- ",35.026069641113281,-118.95794677734375,KERN,UNINCORPORATED,-118.95801544189453,35.026050567626953
90786736,2018,2018-08-08,9420,2018-08-03,1650,018626,,5,2,6,1502,0,1,3,,2,093,"SR-99 S/B","KERN RIVER",60.00,S,N,A,-,Y,,,99,,,,,,S,Y,4,0,1,3,A,-,03,22350,,N,C,C,A,A,H,-,A,D,0,,,,,Y,,D,22,0,0,1,0,0,0,0,0,0,"- ","- ",35.378311157226562,-119.04454803466797,KERN,BAKERSFIELD,-119.04460144042969,35.378307342529297
90786745,2018,2018-08-08,9420,2018-08-03,1640,013475,,5,2,6,1502,0,1,3,,2,093,"SR-99 S/B","CALIFORNIA AVENUE",1056.00,S,N,A,-,Y,,,99,,,,,,S,Y,3,0,1,1,A,-,08,22107,,N,F,A,A,A,H,-,A,D,0,,,,,Y,,D,22,0,1,0,0,0,0,0,0,0,"- ","- ",35.366489410400391,-119.04147338867188,KERN,BAKERSFIELD,-119.04119110107422,35.366611480712891
90786753,2018,2018-08-08,9420,2018-08-01,2040,020402,,3,2,9,1500,0,2,4,,1,075,"S. UNION AVENUE","GARDEN DRIVE",200.00,N,N,A,-,N,,,,,,,,,,Y,2,0,1,2,A,-,08,22107,,N,C,E,A,A,H,-,C,D,0,,,,,Y,,A,01,1,0,0,0,0,0,0,0,0,"- ","- ",35.306770324707031,-118.00322723388672,KERN,UNINCORPORATED,-119.00312805175781,35.306438446044922
90786944,2018,2018-08-08,9420,2018-08-04,1855,020814,,6,2,6,1502,0,1,3,,2,092,"SR-99 N/B","TRUXTUN AVE.",460.00,S,N,A,-,Y,,,99,,,,,,N,Y,4,0,1,3,A,-,03,22350,,N,C,C,A,A,H,-,A,D,0,,,,,Y,,A,08,0,0,1,0,0,0,0,0,0,"- ","- ",35.372280120849609,-119.04344940185547,KERN,BAKERSFIELD,-119.04348754882812,35.372264862060547
90787085,2018,2018-08-08,9430,2018-07-31,1115,018627,,2,1,9,1500,0,2,4,,1,023,"CUDDY VALLEY RD.","MIL POTRERO HWY",2640.00,E,N,A,-,N,,,,,,,,,,Y,3,0,2,2,A,-,05,21460,A,N,D,C,A,A,H,-,A,D,0,,,,,Y,,A,01,0,2,0,0,0,0,0,0,0,"- ","- ",34.844711303710938,-119.07639312744141,KERN,UNINCORPORATED,-119.07706451416016,34.844718933105469
90787316,2018,2018-08-20,9420,2018-08-01,1300,017256,,3,1,9,1500,0,3,5,,2,550,"TULARE AVE","PALM AVE",0.00,,Y,A,-,N,,,,,,,,,,Y,2,0,3,2,A,-,12,22450,A,F,C,C,A,A,H,-,A,A,0,,,,,Y,,A,01,3,0,0,0,0,0,0,0,0,"- ","- ",35.507270812988281,-119.35027313232422,KERN,UNINCORPORATED,-119.35009002685547,35.507301330566406
90787375,2018,2018-08-23,9420,2018-06-18,1318,019459,,1,1,9,1500,0,3,5,,2,630,"OLD RIVER ROAD","STATE ROUTE 223",4752.00,S,N,A,-,N,,,,,,,,,,Y,1,2,1,2,A,-,06,21751,,N,A,C,A,A,H,-,A,D,0,,,,,Y,,A,01,1,0,0,0,0,0,0,0,0,"- ","- ",35.195449829101562,-119.10986328125,KERN,UNINCORPORATED,-119.10997772216797,35.195823669433594
90787406,2018,2018-08-09,9420,2018-08-04,0525,017256,,6,3,9,1500,0,3,5,,2,510,"CECIL AVE","ZACHARY AVE",442.00,S,N,A,-,N,,,,,,,,,,Y,4,0,2,2,A,-,21,22106,,N,B,C,A,A,H,-,B,D,0,,,,,Y,,D,22,0,0,2,0,0,0,0,0,0,"- ","- ",35.77587890625,-119.1890869140625,KERN,UNINCORPORATED,-119.18747711181641,35.775928497314453
90787429,2018,2018-08-09,9420,2018-08-05,0725,016767,,7,1,9,1500,0,1,3,,1,650,SR-65,"SR-155 (GARCES HIGHWAY)",8976.00,S,N,A,-,Y,,,65,,,,,,,Y,2,0,1,1,A,-,01,23152,A,N,E,I,A,A,H,-,A,D,0,,,,,Y,Y,D,22,1,0,0,0,0,0,0,0,0,"- ","- ",35.736591339111328,-119.0589599609375,KERN,UNINCORPORATED,-119.05900573730469,35.736598968505859
90787605,2018,2018-08-09,9830,2018-08-01,2150,019367,,3,2,9,1500,0,1,3,,1,040,SR-14,"PHILLIPS RD",567.00,S,N,A,-,Y,,,14,,,,,,,Y,3,0,1,1,C,-,18,,,N,E,I,A,A,H,-,D,D,0,,,,,Y,,-,"- ",0,1,0,0,0,0,0,0,0,"- ","- ",35.198139190673828,-118.06658935546875,KERN,UNINCORPORATED,-118.06666564941406,35.198196411132812
90787611,2018,2018-08-09,9830,2018-08-02,0610,019883,,4,1,9,1500,0,1,3,,1,050,SR-14,"SR-178 WEST",2112.00,S,N,A,-,Y,,,,,,,,,,Y,4,0,1,1,A,-,08,22107,,N,E,I,A,A,H,-,B,D,0,,,,,Y,,A,08,0,0,1,0,0,0,0,0,0,"- ","- ",35.358188629150391,-117.54322814941406,KERN,UNINCORPORATED,,
90787678,2018,2018-08-09,9420,2018-08-06,1252,019184,,1,1,9,1500,0,2,4,,1,051,"N. CHESTER AVE.","ROBERTS LN.",0.00,,Y,A,-,N,,,,,,,,,,Y,3,0,1,2,A,-,09,21800,D,N,D,A,A,A,H,-,A,A,0,,,,,Y,,A,01,0,1,0,0,0,0,0,0,0,"- ","- ",35.408599853515625,-119.02089691162109,KERN,UNINCORPORATED,-119.02108001708984,35.408641815185547
90787732,2018,2018-08-09,9420,2018-08-06,1330,021769,,1,1,9,1500,0,3,5,,2,030,"KERN CANYON ROAD",SR-178,15840.00,E,N,A,-,N,,,,,,,,,,Y,3,0,1,1,A,-,08,22107,,N,E,I,A,A,H,-,A,A,0,,,,,Y,,A,07,0,1,0,0,0,0,0,0,0,"- ","- ",35.554000854492188,-118.58049774169922,KERN,UNINCORPORATED,-118.91423797607422,35.376258850097656
90787756,2018,2018-08-09,9830,2018-08-04,2500,019317,,6,4,9,1500,0,3,5,,2,003,"SOPP RD","LONE BUTTE RD",5.00,W,N,A,-,N,,,,,,,,,,Y,4,0,2,1,A,-,03,22350,,N,E,I,A,A,H,-,D,D,0,,,,,Y,,A,01,0,0,2,0,0,0,0,0,0,"- ","- ",34.937721252441406,-118.14089965820312,KERN,UNINCORPORATED,-118.14071655273438,34.937690734863281
90787831,2018,2018-08-09,9420,2018-08-03,0520,015261,,5,3,9,1500,0,1,3,,1,462,SR-46,"FRIANT-KERN CANAL",2112.00,E,N,A,-,Y,,,46,,,,,,,Y,4,0,3,2,A,-,03,22350,,N,C,C,A,A,H,-,B,D,0,,,,,Y,,A,01,0,0,3,0,0,0,0,0,0,"- ","- ",35.602001190185547,-119.23307800292969,KERN,UNINCORPORATED,-119.23307800292969,35.601921081542969
90788274,2018,2018-08-10,9420,2018-08-04,0530,018643,,6,3,9,1500,0,3,5,,2,672,"TEJON HWY","HERMOSA ROAD",1320.00,N,N,A,-,N,,,,,,,,,,N,4,0,1,2,A,-,03,22350,,N,D,C,A,A,H,-,B,D,0,,,,,Y,,A,07,0,0,1,0,0,0,0,0,0,"- ","- ",35.31494140625,-118.82527923583984,KERN,UNINCORPORATED,-118.82521057128906,35.314662933349609
90788283,2018,2018-08-10,9420,2018-08-04,1810,019845,,6,2,9,1500,0,1,3,,2,091,"SR-99 (SOUTHBOUND)","MERCED AVENUE",1385.00,N,N,A,-,Y,,,99,,,,,,,Y,4,0,1,1,C,-,18,,,N,E,I,A,A,H,-,A,D,0,,,,,Y,,-,"- ",0,0,1,0,0,0,0,0,0,"- ","- ",35.531841278076172,-119.19125366210938,KERN,UNINCORPORATED,-119.19107818603516,35.531955718994141
90788395,2018,2018-08-10,9420,2018-08-08,1100,013402,,3,1,9,1500,0,1,3,,1,119,SR-119,"GOSFORD RD",5280.00,W,N,A,-,Y,,,119,,,,,,,Y,4,0,1,2,A,-,03,22350,,N,C,C,A,A,H,-,A,D,0,,,,,Y,,A,07,0,0,1,0,0,0,0,0,0,"- ","- ",35.267189025878906,-119.09870147705078,KERN,UNINCORPORATED,-119.09870147705078,35.26715087890625
90788430,2018,2018-08-10,9420,2018-08-08,0535,016973,,3,3,9,1500,0,1,3,,1,583,"ALLEN RD.",SR-58,0.00,,Y,A,-,Y,,,,,,,,,,Y,3,0,1,2,A,-,09,21453,C,N,A,C,A,A,H,-,C,A,0,,,,,Y,,D,22,0,1,0,0,0,0,0,0,0,"- ","- ",35.383548736572266,-119.14557647705078,KERN,UNINCORPORATED,,
90788473,2018,2018-08-10,9420,2018-07-31,1715,021134,,2,2,9,1500,0,2,4,,1,072,"EAST CALIFORNIA AVE","WASHINGTON ST",0.00,,Y,A,-,N,,,,,,,,,,N,3,0,1,2,A,-,12,21453,A,N,D,C,A,A,H,-,A,A,0,,,,,Y,,A,01,0,1,0,0,0,0,0,0,0,"- ","- ",35.368579864501953,-118.97640228271484,KERN,UNINCORPORATED,-118.97635650634766,35.368610382080078