CASE_ID,ACCIDENT_YEAR,PROC_DATE,JURIS,COLLISION_DATE,COLLISION_TIME,OFFICER_ID,REPORTING_DISTRICT,DAY_OF_WEEK,CHP_SHIFT,POPULATION,CNTY_CITY_LOC,SPECIAL_COND,BEAT_TYPE,CHP_BEAT_TYPE,CITY_DIVISION_LAPD,CHP_BEAT_CLASS,BEAT_NUMBER,PRIMARY_RD,SECONDARY_RD,DISTANCE,DIRECTION,INTERSECTION,WEATHER_1,WEATHER_2,STATE_HWY_IND,CALTRANS_COUNTY,CALTRANS_DISTRICT,STATE_ROUTE,ROUTE_SUFFIX,POSTMILE_PREFIX,POSTMILE,LOCATION_TYPE,RAMP_INTERSECTION,SIDE_OF_HWY,TOW_AWAY,COLLISION_SEVERITY,NUMBER_KILLED,NUMBER_INJURED,PARTY_COUNT,PRIMARY_COLL_FACTOR,PCF_CODE_OF_VIOL,PCF_VIOL_CATEGORY,PCF_VIOLATION,PCF_VIOL_SUBSECTION,HIT_AND_RUN,TYPE_OF_COLLISION,MVIW,PED_ACTION,ROAD_SURFACE,ROAD_COND_1,ROAD_COND_2,LIGHTING,CONTROL_DEVICE,CHP_ROAD_TYPE,PEDESTRIAN_ACCIDENT,BICYCLE_ACCIDENT,MOTORCYCLE_ACCIDENT,TRUCK_ACCIDENT,NOT_PRIVATE_PROPERTY,ALCOHOL_INVOLVED,STWD_VEHTYPE_AT_FAULT,CHP_VEHTYPE_AT_FAULT,COUNT_SEVERE_INJ,COUNT_VISIBLE_INJ,COUNT_COMPLAINT_PAIN,COUNT_PED_KILLED,COUNT_PED_INJURED,COUNT_BICYCLIST_KILLED,COUNT_BICYCLIST_INJURED,COUNT_MC_KILLED,COUNT_MC_INJURED,PRIMARY_RAMP,SECONDARY_RAMP,LATITUDE,LONGITUDE,COUNTY,CITY,POINT_X,POINT_Y
90795607,2018,2018-08-22,9426,2018-08-13,1935,018909,,1,2,9,1500,0,1,1,,2,504,"I-5 N/B",SR-43,3696.00,N,N,A,-,Y,,,5,,,,,,N,Y,4,0,1,1,A,-,08,22107,,N,E,I,A,A,H,-,B,D,0,,,,,Y,,D,22,0,0,1,0,0,0,0,0,0,"- ","- ",35.301551818847656,-119.26175689697266,KERN,UNINCORPORATED,-119.26181030273438,35.301490783691406
90795697,2018,2018-08-22,9426,2018-08-18,2235,019592,,6,3,9,1500,0,1,3,,2,432,"I-5 N/B TO SR-43",SR-43,0.00,,Y,A,-,Y,,,5,,,,R,,N,Y,2,0,4,3,A,-,01,23152,A,N,D,C,A,A,H,-,C,A,0,,,,,Y,Y,A,01,3,1,0,0,0,0,0,0,0,"- ","- ",35.294971466064453,-119.25243377685547,KERN,UNINCORPORATED,-119.25243377685547,35.294971466064453
90795843,2018,2018-08-22,9426,2018-08-20,0833,016804,,1,1,9,1500,0,3,5,,2,086,"7TH STANDARD RD","SCARONI AVE",90.00,E,N,A,-,N,,,,,,,,,,Y,3,0,2,2,A,-,06,21755,,N,B,C,A,A,H,-,A,D,0,,,,Y,Y,,A,07,0,1,1,0,0,0,0,0,0,"- ","- ",35.441959381103516,-119.31407928466797,KERN,UNINCORPORATED,-119.31420135498047,35.441879272460938
90795919,2018,2018-08-22,9420,2018-08-19,2230,021175,,7,3,9,1500,0,3,5,,2,672,"WHEELER RIDGE RD",SR-223,2112.00,S,N,A,-,N,,,,,,,,,,Y,3,0,1,1,A,-,01,23152,A,N,F,A,A,A,H,-,D,D,0,,,,,Y,Y,D,22,0,1,0,0,0,0,0,0,0,"- ","- ",35.2052001953125,-118.91470336914062,KERN,UNINCORPORATED,-118.91452789306641,35.202903747558594
90795952,2018,2018-08-22,9420,2018-08-17,0803,016153,,5,1,6,1502,0,1,3,,2,093,"SR-99 TO CALIFORNIA AVE.","CALIFORNIA AVE.",528.00,N,N,A,-,Y,,,99,,,,R,,,Y,4,0,1,2,A,-,03,22350,,N,C,C,A,A,H,-,A,D,0,,,,,Y,,A,01,0,0,1,0,0,0,0,0,0,"- ","- ",35.370590209960938,-119.04311370849609,KERN,BAKERSFIELD,-119.04311370849609,35.370590209960938
90795998,2018,2018-08-22,9420,2018-08-12,1410,019531,,7,2,9,1500,0,2,4,,1,075,"SOUTH UNION AVENUE","CALLE DE ORO",100.00,S,N,A,-,N,,,,,,,,,,N,4,0,1,2,A,-,03,22350,,N,C,C,A,A,H,-,A,D,0,,,,,Y,,A,01,0,0,1,0,0,0,0,0,0,"- ","- ",35.307979583740234,-119.00315093994141,KERN,UNINCORPORATED,-119.00312805175781,35.307704925537109
90796031,2018,2018-08-22,9420,2018-08-16,0715,013402,,4,1,9,1500,1,3,5,,2,671,"SAN DIEGO ST","SEGRUE RD",0.00,,Y,A,-,N,,,,,,,,,,Y,3,0,2,2,A,-,12,22450,A,N,D,C,A,A,H,-,A,A,0,,,,,Y,,A,01,0,2,0,0,0,0,0,0,0,"- ","- ",35.256000518798828,-118.91889953613281,KERN,UNINCORPORATED,-118.91883087158203,35.256050109863281
90796035,2018,2018-08-22,9830,2018-08-11,2228,021534,,6,3,9,1500,0,1,3,,1,040,"SR-14 N/B","SIERRA HIGHWAY",1056.00,N,N,A,-,Y,,,14,,,,,,N,Y,4,0,2,2,A,-,09,21804,A,N,D,C,A,A,H,-,D,D,0,,,,,Y,,A,01,0,0,2,0,0,0,0,0,0,"- ","- ",35.068328857421875,-118.17549133300781,KERN,UNINCORPORATED,-118.17547607421875,35.068317413330078
90796037,2018,2018-08-22,9420,2018-08-08,1605,019845,,3,2,9,1500,0,1,3,,2,586,"SR-58 (E/B) FROM SR-184",SR-184,270.00,E,N,A,-,Y,,,58,,,,R,,,Y,4,0,1,2,A,-,03,22350,,N,B,E,A,A,H,-,A,D,0,,,,,Y,,A,01,0,0,1,0,0,0,0,0,0,"- ","- ",35.351490020751953,-118.91313934326172,KERN,UNINCORPORATED,-118.91313934326172,35.351490020751953
90796253,2018,2018-08-22,9426,2018-08-19,1613,018909,,7,2,9,1500,0,1,1,,2,500,"I-5 N/B","COUNTY LINE RD",1584.00,S,N,A,-,Y,,,,,,,,,,Y,4,0,1,2,A,-,03,22350,,N,C,C,A,A,H,-,A,D,0,,,,,Y,,A,01,0,0,1,0,0,0,0,0,0,"- ","- ",35.7823486328125,-119.27690124511719,KERN,UNINCORPORATED,,
90796433,2018,2018-08-23,9420,2018-08-15,2201,019686,,3,3,9,1500,0,2,4,,1,064,"KNUDSEN DRIVE","OLIVE DRIVE",0.00,,Y,A,-,N,,,,,,,,,,Y,4,0,1,2,A,-,12,21453,A,N,D,C,A,A,H,-,C,A,0,,,,,Y,,A,01,0,0,1,0,0,0,0,0,0,"- ","- ",35.412319183349609,-119.05880737304688,KERN,UNINCORPORATED,-119.05877685546875,35.412410736083984
90796475,2018,2018-08-23,9420,2018-08-12,0800,017972,,7,1,9,1500,0,2,4,,1,051,"AIRPORT DR","ROBERTS LN",0.00,,Y,A,-,N,,,,,,,,,,Y,3,0,4,2,A,-,12,21453,A,N,D,C,A,A,H,-,A,A,0,,,,,Y,,-,"- ",0,1,3,0,0,0,0,0,0,"- ","- ",35.408611297607422,-119.03890991210938,KERN,UNINCORPORATED,-119.03894805908203,35.408618927001953
90796584,2018,2018-08-23,9420,2018-08-18,2100,019184,,6,2,9,1500,0,3,5,,2,620,"MAYER AVE.","7TH STANDARD RD.",2640.00,S,N,A,-,N,,,,,,,,,,Y,3,0,1,1,A,-,08,22107,,N,E,I,A,A,H,-,D,D,0,,,,,Y,,D,22,0,1,0,0,0,0,0,0,0,"- ","- ",35.437198638916016,-119.28700256347656,KERN,UNINCORPORATED,-119.28736114501953,35.434535980224609
90796629,2018,2018-08-23,9420,2018-08-19,1500,021002,,7,2,9,1500,0,1,3,,2,093,"SR-99 S/B",SR-204,1000.00,N,N,A,-,Y,,,99,,,,,,S,N,4,0,1,2,A,-,07,21658,A,N,B,C,A,A,H,-,A,D,0,,,,,Y,,A,01,0,0,1,0,0,0,0,0,0,"- ","- ",35.407108306884766,-119.04933929443359,KERN,UNINCORPORATED,-119.04933166503906,35.407115936279297
90796726,2018,2018-08-23,9420,2018-08-21,1720,019459,,2,2,9,1500,0,1,3,,2,585,"SR-58 W/B","HUGHES LANE",50.00,W,N,A,-,Y,,,58,,,,,,W,Y,4,0,1,3,A,-,03,22350,,N,C,C,A,A,H,-,A,D,0,,,,,Y,,A,01,0,0,1,0,0,0,0,0,0,"- ","- ",35.352588653564453,-119.03018951416016,KERN,UNINCORPORATED,-119.03018951416016,35.352764129638672
90796748,2018,2018-08-23,9420,2018-08-21,0810,015801,,2,1,9,1500,0,3,5,,2,050,"MERLE HAGGARD DRIVE","PARK MOUNTAIN DRIVE",200.00,E,N,A,-,N,,,,,,,,,,Y,4,0,1,1,C,-,18,,,N,E,I,A,A,H,-,A,D,0,,,,,Y,,-,"- ",0,0,1,0,0,0,0,0,0,"- ","- ",35.440521240234375,-119.02635192871094,KERN,UNINCORPORATED,-119.02640533447266,35.4405517578125
90796990,2018,2018-08-23,9420,2018-08-16,0840,015259,,4,1,6,1502,0,1,3,,2,584,"STATE ROUTE-58 EASTBOUND","MOUNT VERNON AVENUE",528.00,E,N,F,-,Y,,,58,,,,,,E,Y,3,0,1,1,A,-,03,22350,,N,F,A,A,A,D,-,A,D,0,,,Y,,Y,,C,02,0,1,0,0,0,0,0,0,1,"- ","- ",35.352909088134766,-118.9656982421875,KERN,BAKERSFIELD,-118.9656982421875,35.352893829345703
90797106,2018,2018-08-23,9420,2018-08-21,1400,021547,,2,2,9,1500,0,3,5,,2,030,"CALIENTE BODFISH RD","RIM ROAD",1056.00,S,N,A,-,N,,,,,,,,,,Y,4,0,2,1,A,-,08,22107,,N,E,I,A,A,H,-,A,D,0,,,,,Y,,A,08,0,0,2,0,0,0,0,0,0,"- ","- ",35.587699890136719,-118.50089263916016,KERN,UNINCORPORATED,-118.49761199951172,35.586154937744141
90797142,2018,2018-08-23,9420,2018-08-20,1055,013851,,1,1,6,1502,0,1,3,,2,094,"SR-99 (N/B)","WILSON ROAD",905.00,N,N,A,-,Y,,,,,,,,,,Y,4,0,1,1,A,-,08,22107,,N,E,I,A,A,H,-,A,D,0,,,,,Y,,A,07,0,0,1,0,0,0,0,0,0,"- ","- ",35.334888458251953,-119.03600311279297,KERN,BAKERSFIELD,-119.03971099853516,35.334693908691406
90797375,2018,2018-08-24,9420,2018-08-14,1102,019353,,2,1,9,1500,0,2,4,,1,071,"FAIRFAX ROAD","PIONEER DRIVE",40.00,S,N,A,-,N,,,,,,,,,,N,4,0,2,2,A,-,03,22350,,N,C,C,A,A,H,-,A,D,0,,,,,Y,,A,01,0,0,2,0,0,0,0,0,0,"- ","- ",35.368698120117188,-118.93180084228516,KERN,UNINCORPORATED,-118.93194580078125,35.368659973144531
90797407,2018,2018-08-24,9420,2018-08-02,2317,020093,,4,3,9,1500,0,1,3,,1,462,SR-46,SR-99,2421.00,W,N,B,-,Y,,,46,,,,,,,Y,2,0,2,3,A,-,01,23152,F,N,C,C,A,A,H,-,D,D,0,,,,Y,Y,,A,01,1,1,0,0,0,0,0,0,0,"- ","- ",35.602001190185547,-119.21900177001953,KERN,UNINCORPORATED,-119.21900177001953,35.601974487304688
90797817,2018,2018-08-27,9420,2018-08-17,1648,020634,,5,2,9,1500,0,1,3,,1,184,SR-184,"SMITH RD.",20.00,N,N,A,-,N,,,,,,,,,,N,3,0,1,2,A,-,03,22350,,N,C,C,A,A,H,-,A,D,0,,,,Y,Y,,A,01,0,1,0,0,0,0,0,0,0,"- ","- ",35.342399597167969,-119.91429901123047,KERN,UNINCORPORATED,-118.91429138183594,35.342548370361328
90797889,2018,2018-08-27,9420,2018-08-22,0535,016973,,3,3,6,1502,0,1,3,,2,095,"SR-99 S/B","SR-119 (TAFT HWY.)",500.00,N,N,A,-,Y,,,,,,,,,,Y,3,0,2,4,A,-,03,22350,,N,C,C,A,A,D,-,D,D,0,,,,,Y,,A,01,0,1,1,0,0,0,0,0,0,"- ","- ",,,KERN,BAKERSFIELD,,
90797966,2018,2018-08-27,9430,2018-06-24,0906,018631,,7,1,9,1500,0,1,1,,2,052,"I-5 N/B","LEBEC RD. O/C",46.00,S,N,A,-,Y,,,5,,,,,,N,Y,1,1,2,1,A,-,08,22107,,N,E,I,A,A,H,-,A,D,0,,,,,Y,,A,01,2,0,0,0,0,0,0,0,0,"- ","- ",34.83551025390625,-118.86334991455078,KERN,UNINCORPORATED,-118.86344909667969,34.8355712890625
90798242,2018,2018-08-27,9420,2018-08-14,0745,018807,,2,1,6,1502,0,1,3,,2,585,"SR-58 (WESTBOUND)","MOUNT VERNON AVENUE",1056.00,W,N,A,-,Y,,,58,,,,,,,Y,3,0,3,3,A,-,03,22350,,N,C,C,A,A,H,-,A,D,0,,,,,Y,,A,01,0,3,0,0,0,0,0,0,0,"- ","- ",35.352798461914062,-118.97090148925781,KERN,BAKERSFIELD,-118.97090911865234,35.352931976318359
90798243,2018,2018-08-27,9420,2018-08-15,0548,018807,,3,3,9,1500,0,2,4,,1,072,"EDISON HIGHWAY","S. VINELAND ROAD",0.00,,Y,A,-,N,,,,,,,,,,Y,3,0,1,2,A,-,09,21802,A,N,D,C,A,A,H,-,A,A,0,,,,,Y,,D,22,0,1,0,0,0,0,0,0,0,"- ","- ",35.211299896240234,-118.53469848632812,KERN,UNINCORPORATED,-118.89646148681641,35.354038238525391
90798567,2018,2018-08-27,9830,2018-08-17,1433,021903,,5,2,9,1500,0,1,3,,1,052,SR-178,"PLUTO ST",107.00,E,N,A,-,Y,,,178,,,,,,,Y,2,0,3,1,A,-,08,22107,,N,E,I,A,A,H,-,A,D,0,,,,,Y,,A,07,1,2,0,0,0,0,0,0,0,"- ","- ",35.651870727539062,-117.78740692138672,KERN,UNINCORPORATED,-117.78740692138672,35.6519775390625
90798721,2018,2018-08-27,9420,2018-08-09,0524,019311,,4,3,9,1500,0,3,5,,2,672,"VALPREDO AVENUE","S. WHEELER RIDGE ROAD",0.00,,Y,A,-,Y,,,,,,,,,,Y,2,0,2,2,A,-,09,21802,A,N,D,C,A,A,H,-,B,A,0,,,,,Y,,A,08,1,0,1,0,0,0,0,0,0,"- ","- ",35.428050994873047,-118.55259704589844,KERN,UNINCORPORATED,-118.91739654541016,35.074420928955078
90798733,2018,2018-09-10,9420,2018-08-17,1505,021002,,5,2,6,1502,0,1,3,,2,093,"SR-99 S/B","AIRPORT DR.",1800.00,S,N,A,-,Y,,,99,,,,,,S,N,4,0,1,2,D,-,00,,,N,B,C,A,A,H,-,A,D,0,,,Y,,Y,,-,"- ",0,0,1,0,0,0,0,0,1,"- ","- ",35.394248962402344,-119.04472351074219,KERN,BAKERSFIELD,-119.04476165771484,35.394248962402344
90798805,2018,2018-08-27,9430,2018-08-19,1626,018631,,7,2,9,1500,0,1,1,,2,052,"I-5 N/B","FRAZIER MOUNTAIN PARK RD",1836.00,N,N,A,-,Y,,,,,,,,,,Y,2,0,1,1,A,-,08,22107,,N,E,I,A,A,H,-,A,D,0,,,,,Y,,A,07,1,0,0,0,0,0,0,0,0,"- ","- ",34.985881805419922,-118.94371795654297,KERN,UNINCORPORATED,,
90798938,2018,2018-08-27,9830,2018-08-22,0525,019317,,3,3,9,1500,0,2,4,,1,034,"ROSAMOND BLVD","APPLEBLOSSOM ST",26400.00,E,N,A,-,N,,,,,,,,,,Y,4,0,1,2,A,-,03,22350,,N,C,C,A,A,H,-,D,D,0,,,,,Y,,D,22,0,0,1,0,0,0,0,0,0,"- ","- ",34.865798950195312,-118.05384826660156,KERN,UNINCORPORATED,-118.14051055908203,34.864681243896484
90799069,2018,2018-08-27,9420,2018-07-04,2330,019311,,3,3,9,1500,0,3,5,,2,070,"COUNTRY CLUB DRIVE","PINEHURST DRIVE",370.00,W,N,A,-,N,,,,,,,,,,N,1,1,0,1,A,-,08,22107,,N,E,J,A,A,H,-,D,D,0,,Y,,,Y,Y,L,04,0,0,0,0,0,1,0,0,0,"- ","- ",35.387588500976562,-118.94518280029297,KERN,UNINCORPORATED,-118.94509887695312,35.387706756591797
90799102,2018,2018-10-05,9420,2018-04-17,2246,019649,,2,3,9,1500,0,1,3,,1,119,"STATE ROUTE 119","ERRO RANCH ROAD",9926.00,E,N,A,-,Y,,,119,,,,,,,N,1,1,0,2,C,-,18,,,N,G,B,F,A,C,-,D,D,0,Y,,,,Y,,-,"- ",0,0,0,1,0,0,0,0,0,"- ","- ",35.267131805419922,-119.18415832519531,KERN,UNINCORPORATED,-119.18415832519531,35.267120361328125
90799196,2018,2018-08-27,9420,2018-08-16,2045,019316,,4,2,9,1500,0,1,3,,1,176,"SR-178 E/B","MOUNT VERNON AVENUE O/C",375.00,W,N,A,-,Y,,,178,,,,,,E,Y,2,0,1,1,A,-,08,22107,,N,F,A,A,A,H,-,D,D,0,,,Y,,Y,,C,02,1,0,0,0,0,0,0,0,1,"- ","- ",35.394100189208984,-118.96869659423828,KERN,UNINCORPORATED,-118.96869659423828,35.394084930419922
90799235,2018,2018-08-27,9420,2018-08-18,0035,019311,,6,3,9,1500,0,2,4,,1,071,"OSWELL STREET","FERNVALE ROAD",159.00,N,N,A,-,N,,,,,,,,,,Y,4,0,1,4,A,-,01,23152,A,N,C,E,A,A,H,-,C,D,0,,,,,Y,Y,A,01,0,0,1,0,0,0,0,0,0,"- ","- ",35.225139617919922,-118.56584930419922,KERN,UNINCORPORATED,-118.94976806640625,35.380874633789062
90799625,2018,2018-08-28,9830,2018-08-24,0553,019317,,5,3,9,1500,0,1,3,,2,012,"SR-58 E/B","SAND CANYON RD",863.00,W,N,A,-,Y,,,58,,,,,,E,Y,3,0,1,2,A,-,03,22350,,N,C,C,A,A,H,-,D,D,0,,,,,Y,,A,01,0,1,0,0,0,0,0,0,0,"- ","- ",35.110240936279297,-118.32678985595703,KERN,UNINCORPORATED,-118.32678985595703,35.110237121582031
90799627,2018,2018-08-28,9420,2018-08-25,2345,020409,,6,3,9,1500,0,3,5,,2,672,"COTTONWOOD ROAD","DI GIORGIO RD",500.00,N,N,A,-,N,,,,,,,,,,Y,3,0,2,1,A,-,01,23152,A,N,E,J,A,A,H,-,D,D,0,,,,,Y,Y,D,22,0,2,0,0,0,0,0,0,0,"- ","- ",35.151340484619141,-118.59721374511719,KERN,UNINCORPORATED,-118.98532867431641,35.253673553466797
90799957,2018,2018-09-18,9420,2018-06-26,2138,016828,,2,2,9,1500,0,1,3,,2,431,"STATE ROUTE 43 (BEECH AVENUE)","BURBANK STREET",0.00,,Y,A,-,Y,,,,,,,,,,Y,1,2,2,6,A,-,01,23152,A,M,D,C,A,A,H,-,C,D,0,,,,,Y,Y,A,07,2,0,0,0,0,0,0,0,0,"- ","- ",35.470760345458984,-119.29094696044922,KERN,UNINCORPORATED,,
90800013,2018,2018-09-07,9420,2018-08-14,1710,019531,,2,2,9,1500,0,1,3,,2,585,"SR-58 WESTBOUND (W/B)","REAL ROAD",50.00,E,N,A,-,Y,,,58,,,,,,W,N,4,0,1,2,A,-,03,22350,,M,C,C,A,A,H,-,A,D,0,,,,,Y,,D,22,0,0,1,0,0,0,0,0,0,"- ","- ",35.352771759033203,-119.0400390625,KERN,UNINCORPORATED,-119.0400390625,35.352798461914062
90800149,2018,2018-08-28,9420,2018-08-19,1825,021134,,7,2,9,1500,0,3,5,,2,070,"PIONEER DR","PARK DR",10.00,E,N,A,-,N,,,,,,,,,,N,4,0,4,2,A,-,03,22350,,N,C,C,A,A,H,-,A,A,0,,,,,Y,,A,01,0,0,4,0,0,0,0,0,0,"- ","- ",35.368930816650391,-118.91860961914062,KERN,UNINCORPORATED,-118.91861724853516,35.368881225585938
90800174,2018,2018-08-28,9420,2018-08-20,0434,021133,,1,3,6,1502,0,1,3,,2,584,"SR-58 E/B","HUGHES LANE",900.00,W,N,A,-,Y,,,58,,,,,,E,N,4,0,1,2,A,-,03,22350,,M,C,C,A,A,H,-,C,D,0,,,,,Y,,A,08,0,0,1,0,0,0,0,0,0,"- ","- ",35.352508544921875,-119.033203125,KERN,BAKERSFIELD,-119.033203125,35.352497100830078
90800201,2018,2018-08-28,9420,2018-08-22,0932,017301,,3,1,9,1500,0,1,3,,1,176,"SR-178 E/B","HALEY STREET O/C",75.00,E,N,A,-,Y,,,,,,,,,,Y,4,0,1,3,A,-,03,22350,,N,C,C,A,A,D,-,A,D,0,,,,,Y,,A,01,0,0,1,0,0,0,0,0,0,"- ","- ",35.417690277099609,-118.74614715576172,KERN,UNINCORPORATED,-118.97609710693359,35.392097473144531
90800484,2018,2018-08-29,9420,2018-08-14,2217,019311,,2,3,6,1502,0,1,3,,2,584,"SR-58 E/B","UNION AVE",250.00,E,N,A,-,Y,,,,,,,,,,N,4,0,2,3,A,-,07,21658,A,N,B,C,A,A,D,-,C,D,0,,,,Y,Y,,-,99,0,0,2,0,0,0,0,0,0,"- ","- ",35.218250274658203,-119.07199859619141,KERN,BAKERSFIELD,,
90800977,2018,2018-08-29,9420,2018-08-23,1350,020163,,4,1,9,1500,0,2,4,,1,072,"NILES ST.","SHALIMAR DR.",25.00,W,N,A,-,N,,,,,,,,,,Y,4,0,1,2,A,-,03,22350,,M,C,C,A,A,H,-,A,D,0,,,,,Y,,A,01,0,0,1,0,0,0,0,0,0,"- ","- ",35.375930786132812,-118.93663787841797,KERN,UNINCORPORATED,-118.93647003173828,35.376079559326172
90801028,2018,2018-08-29,9420,2018-04-17,2245,019649,,2,3,9,1500,0,1,3,,1,119,"STATE ROUTE 119 (TAFT HIGHWAY)","ERRO RANCH ROAD",9926.00,E,N,A,-,Y,,,119,,,,,,,Y,1,2,3,1,A,-,08,22107,,N,F,A,A,A,H,-,D,D,0,,,,,Y,,A,07,3,0,0,0,0,0,0,0,0,"- ","- ",35.267131805419922,-119.18415832519531,KERN,UNINCORPORATED,-119.18415832519531,35.267120361328125
90801032,2018,2018-08-29,9420,2018-06-11,2100,021769,,1,2,9,1500,0,1,3,,2,155,"STATE ROUTE 155","AIR FORCE WAY",1227.00,W,N,A,-,Y,,,155,,,,,,,Y,1,1,0,1,A,-,01,23152,A,N,E,I,A,A,H,-,D,D,0,,,,,Y,Y,A,01,0,0,0,0,0,0,0,0,0,"- ","- ",35.662200927734375,-118.47209930419922,KERN,UNINCORPORATED,-118.47225952148438,35.662338256835938
90801058,2018,2018-08-29,9420,2018-07-30,1518,016969,,1,2,4,1503,0,2,S,,2,901,"CECIL AVENUE","TIMMONS AVENUE",0.00,,Y,A,-,N,,,,,,,,,,Y,4,0,2,2,A,-,08,22107,,N,D,C,A,A,H,-,A,A,0,,,,,Y,,A,01,0,0,2,0,0,0,0,0,0,"- ","- ",35.775859832763672,-119.2718505859375,KERN,DELANO,-119.27188110351562,35.775840759277344
90801066,2018,2018-08-29,9420,2018-08-22,0615,016153,,3,1,9,1500,0,1,3,,2,092,"SR-99 N/B","SR-65 O/C",2640.00,S,N,A,-,Y,,,99,,,,,,N,Y,4,0,2,2,A,-,08,22107,,N,B,C,A,A,H,-,A,D,0,,,,,Y,,A,01,0,0,2,0,0,0,0,0,0,"- ","- ",35.427890777587891,-119.06881713867188,KERN,UNINCORPORATED,-119.06874847412109,35.428001403808594
90801089,2018,2018-08-29,9420,2018-08-20,1837,016803,,1,2,9,1500,0,3,5,,2,530,"MERCED AVENUE","WASCO AVENUE",0.00,,Y,A,-,N,,,,,,,,,,Y,2,0,1,2,A,-,12,22450,A,N,D,C,A,A,H,-,A,A,0,,,,Y,Y,,D,22,1,0,0,0,0,0,0,0,0,"- ","- ",35.528999328613281,-119.33209991455078,KERN,UNINCORPORATED,-119.33654022216797,35.528980255126953
90801115,2018,2018-08-29,9420,2018-08-21,1140,015259,,2,1,9,1500,0,2,4,,1,071,"MOUNT VERNON AVENUE","EAST CALIFORNIA AVENUE",0.00,,Y,A,-,N,,,,,,,,,,Y,4,0,2,2,A,-,12,21457,A,N,D,C,A,A,D,-,A,A,0,,,,,Y,,A,01,0,0,2,0,0,0,0,0,0,"- ","- ",35.36846923828125,-118.9674072265625,KERN,UNINCORPORATED,-118.96762847900391,35.368679046630859
90801140,2018,2018-08-29,9830,2018-08-27,1735,019762,,1,2,9,1500,0,1,3,,1,040,"SR-14 N/B","PINE TREE CANYON RD.",16896.00,N,N,B,-,Y,,,14,,,,,,N,Y,3,0,1,1,A,-,08,22107,,N,E,I,A,A,H,-,A,D,0,,,,,Y,,A,07,0,1,0,0,0,0,0,0,0,"- ","- ",35.265239715576172,-118.03543853759766,KERN,UNINCORPORATED,-118.03531646728516,35.265193939208984
90801144,2018,2018-08-29,9420,2018-08-21,0530,015259,,2,3,9,1500,0,3,5,,2,672,"COMANCHE DRIVE","STATE ROUTE-58 U/C",140.00,N,N,A,-,Y,,,,,,,,,,Y,3,0,2,2,A,-,09,21801,A,N,D,C,A,A,H,-,D,D,0,,,,,Y,,D,22,0,1,1,0,0,0,0,0,0,"- ","- ",35.338871002197266,-118.84351348876953,KERN,UNINCORPORATED,,
90801154,2018,2018-08-29,9420,2018-08-20,0545,017972,,1,3,6,1502,0,1,3,,1,176,"SR-178 W/B","BEALE AVE",300.00,W,N,A,-,Y,,,178,,,,,,W,Y,3,0,2,2,A,-,03,22350,,N,C,C,A,A,H,-,B,D,0,,,,,Y,,A,01,0,2,0,0,0,0,0,0,0,"- ","- ",35.385250091552734,-118.98931121826172,KERN,BAKERSFIELD,-118.98935699462891,35.385433197021484
90801434,2018,2018-08-30,9420,2018-08-23,2202,020784,,4,3,9,1500,0,2,4,,1,077,"S. FAIRFAX RD.","MAYFAIR CT.",0.00,,Y,A,-,N,,,,,,,,,,Y,4,0,1,1,A,-,08,22107,,N,E,I,A,A,H,-,C,D,0,,,,,Y,,A,01,0,0,1,0,0,0,0,0,0,"- ","- ",35.341499328613281,-118.93193817138672,KERN,UNINCORPORATED,-118.93203735351562,35.341911315917969
90801454,2018,2018-08-30,9420,2018-08-23,0735,013402,,4,1,9,1500,0,3,5,,2,060,"SNOW RD","FRUITVALE AVE",171.00,E,N,A,-,N,,,,,,,,,,Y,3,0,2,3,A,-,05,21460,A,N,D,C,A,A,H,-,A,D,0,,,,,Y,,A,01,0,2,0,0,0,0,0,0,0,"- ","- ",35.426990509033203,-119.07376098632812,KERN,UNINCORPORATED,-119.07393646240234,35.426937103271484
90801479,2018,2018-08-30,9420,2018-08-24,1030,016153,,5,1,9,1500,0,1,3,,2,093,"SR-99 S/B","NORRIS RD. U/C",2640.00,N,N,A,-,Y,,,99,,,,,,S,Y,4,0,1,2,A,-,08,22107,,N,C,C,A,A,H,-,A,D,0,,,,Y,Y,,A,01,0,0,1,0,0,0,0,0,0,"- ","- ",35.427669525146484,-119.06880187988281,KERN,UNINCORPORATED,-119.06878662109375,35.427692413330078
90801675,2018,2018-08-30,9420,2018-08-26,0530,017301,,7,3,9,1500,0,1,3,,1,462,SR-46,"JUMPER AVENUE",242.00,W,N,A,-,Y,,,46,,,,,,,Y,3,0,1,1,A,-,08,22107,,N,F,A,A,A,H,-,D,D,0,,,,,Y,,A,01,0,1,0,0,0,0,0,0,0,"- ","- ",35.601348876953125,-119.42076110839844,KERN,UNINCORPORATED,-119.42076110839844,35.601413726806641
90801686,2018,2018-08-30,9420,2018-08-27,1345,020814,,1,1,9,1500,0,2,4,,1,072,"NILES ST.","NORMANDY DR.",0.00,,Y,A,-,N,,,,,,,,,,N,4,0,1,2,A,-,08,22107,,N,B,C,A,A,H,-,A,D,0,,,,,Y,,D,22,0,0,1,0,0,0,0,0,0,"- ","- ",35.375980377197266,-118.93965911865234,KERN,UNINCORPORATED,-118.93968963623047,35.375968933105469