CASE_ID,ACCIDENT_YEAR,PROC_DATE,JURIS,COLLISION_DATE,COLLISION_TIME,OFFICER_ID,REPORTING_DISTRICT,DAY_OF_WEEK,CHP_SHIFT,POPULATION,CNTY_CITY_LOC,SPECIAL_COND,BEAT_TYPE,CHP_BEAT_TYPE,CITY_DIVISION_LAPD,CHP_BEAT_CLASS,BEAT_NUMBER,PRIMARY_RD,SECONDARY_RD,DISTANCE,DIRECTION,INTERSECTION,WEATHER_1,WEATHER_2,STATE_HWY_IND,CALTRANS_COUNTY,CALTRANS_DISTRICT,STATE_ROUTE,ROUTE_SUFFIX,POSTMILE_PREFIX,POSTMILE,LOCATION_TYPE,RAMP_INTERSECTION,SIDE_OF_HWY,TOW_AWAY,COLLISION_SEVERITY,NUMBER_KILLED,NUMBER_INJURED,PARTY_COUNT,PRIMARY_COLL_FACTOR,PCF_CODE_OF_VIOL,PCF_VIOL_CATEGORY,PCF_VIOLATION,PCF_VIOL_SUBSECTION,HIT_AND_RUN,TYPE_OF_COLLISION,MVIW,PED_ACTION,ROAD_SURFACE,ROAD_COND_1,ROAD_COND_2,LIGHTING,CONTROL_DEVICE,CHP_ROAD_TYPE,PEDESTRIAN_ACCIDENT,BICYCLE_ACCIDENT,MOTORCYCLE_ACCIDENT,TRUCK_ACCIDENT,NOT_PRIVATE_PROPERTY,ALCOHOL_INVOLVED,STWD_VEHTYPE_AT_FAULT,CHP_VEHTYPE_AT_FAULT,COUNT_SEVERE_INJ,COUNT_VISIBLE_INJ,COUNT_COMPLAINT_PAIN,COUNT_PED_KILLED,COUNT_PED_INJURED,COUNT_BICYCLIST_KILLED,COUNT_BICYCLIST_INJURED,COUNT_MC_KILLED,COUNT_MC_INJURED,PRIMARY_RAMP,SECONDARY_RAMP,LATITUDE,LONGITUDE,COUNTY,CITY,POINT_X,POINT_Y
90848413,2018,2018-10-30,9420,2018-10-22,2310,020672,,1,3,9,1500,0,3,5,,2,672,"BRECKENRIDGE RD","COMANCHE DR.",12144.00,E,N,A,-,N,,,,,,,,,,Y,4,0,2,1,A,-,08,22107,,N,E,I,A,A,H,-,D,D,0,,,,,Y,,A,07,0,0,2,0,0,0,0,0,0,"- ","- ",35.397449493408203,-118.81295776367188,KERN,UNINCORPORATED,-118.81787109375,35.393810272216797
90848448,2018,2018-10-30,9420,2018-10-17,1015,016828,,3,1,9,1500,0,2,4,,1,052,"ROBERTS LANE","BELMONT AVENUE",25.00,W,N,A,-,N,,,,,,,,,,Y,2,0,1,1,C,-,18,,,N,E,I,A,A,H,-,A,D,0,,,,,Y,,-,"- ",1,0,0,0,0,0,0,0,0,"- ","- ",35.408779144287109,-119.03716278076172,KERN,UNINCORPORATED,-119.03706359863281,35.408618927001953
90848659,2018,2018-10-30,9420,2018-10-23,1506,019185,,2,2,9,1500,0,2,4,,1,071,"FAIRFAX ROAD","TONY STREET",121.00,N,N,A,-,N,,,,,,,,,,Y,4,0,5,5,A,-,03,22350,,N,C,C,A,A,H,-,A,A,0,,,,Y,Y,,F,26,0,0,5,0,0,0,0,0,0,"- ","- ",35.367378234863281,-118.93190765380859,KERN,UNINCORPORATED,-118.93194580078125,35.367313385009766
90848725,2018,2018-10-30,9426,2018-10-23,1905,018909,,2,2,9,1500,0,1,3,,1,460,SR-46,"LOST HILLS RD",18.00,E,N,A,-,Y,,,46,,,,,,,N,2,0,1,2,A,-,11,21954,A,F,G,B,B,A,H,-,C,A,0,Y,,,,Y,,N,60,1,0,0,0,1,0,0,0,0,"- ","- ",35.616001129150391,-119.68958282470703,KERN,UNINCORPORATED,-119.6895751953125,35.616065979003906
90848762,2018,2018-10-30,9420,2018-10-23,1250,013475,,2,1,6,1502,0,1,3,,2,093,"SR-99 S/B","TRUXTUN AVENUE",50.00,S,N,A,-,Y,,,99,,,,,,S,Y,4,0,1,2,A,-,03,22350,,N,C,C,A,A,H,-,A,D,0,,,,Y,Y,,A,01,0,0,1,0,0,0,0,0,0,"- ","- ",35.373451232910156,-119.04405212402344,KERN,BAKERSFIELD,-119.04409027099609,35.373435974121094
90848860,2018,2018-12-14,9420,2018-10-23,1821,016691,,2,2,9,1500,0,3,5,,2,050,"WARREN AVE","CENTRAL AVE",245.00,W,N,A,-,N,,,,,,,,,,N,2,0,1,2,A,-,08,22107,,N,G,B,E,A,H,-,D,D,0,Y,,,,Y,,A,01,1,0,0,0,1,0,0,0,0,"- ","- ",35.412338256835938,-119.02423858642578,KERN,UNINCORPORATED,-119.02413177490234,35.412284851074219
90848936,2018,2018-10-30,9420,2018-10-19,0018,021134,,5,3,9,1500,0,1,3,,2,090,"SR-99 N/B","ELMO HWY",3500.00,N,N,A,-,Y,,,99,,,,,,N,Y,3,0,2,2,A,-,03,22350,,N,C,C,A,A,H,-,D,D,0,,,,,Y,,A,01,0,1,1,0,0,0,0,0,0,"- ","- ",35.698638916015625,-119.23182678222656,KERN,UNINCORPORATED,-119.23184204101562,35.698638916015625
90848964,2018,2018-10-30,9426,2018-10-15,0655,015548,,1,1,9,1500,0,1,3,,2,581,"STATE ROUTE 58","CORN CAMP ROAD",2376.00,E,N,A,-,Y,,,58,,,,,,,Y,1,1,0,1,A,-,08,22107,,N,E,I,A,A,H,-,B,D,0,,,,Y,Y,,F,26,0,0,0,0,0,0,0,0,0,"- ","- ",35.399509429931641,-119.51103210449219,KERN,UNINCORPORATED,-119.51103210449219,35.399394989013672
90849053,2018,2018-10-30,9420,2018-10-25,0645,016767,,4,1,9,1500,0,1,3,,1,650,SR-65,"SHERWOOD AVENUE",83.00,S,N,A,-,Y,,,65,,,,,,,N,4,0,1,2,A,-,03,22350,,N,C,C,A,A,H,-,B,D,0,,,,,Y,,A,01,0,0,1,0,0,0,0,0,0,"- ","- ",35.659000396728516,-119.07769775390625,KERN,UNINCORPORATED,-119.07765960693359,35.658988952636719
90849115,2018,2018-10-30,9420,2018-10-23,0630,015259,,2,1,9,1500,0,3,5,,2,510,"ELMO HIGHWAY","ZACHARY AVENUE",1277.00,W,N,A,-,N,,,,,,,,,,Y,4,0,5,3,A,-,03,22350,,N,C,C,A,A,H,-,D,D,0,,,,,Y,,A,01,0,0,5,0,0,0,0,0,0,"- ","- ",35.689201354980469,-119.19132995605469,KERN,UNINCORPORATED,-119.19131469726562,35.689125061035156
90849133,2018,2018-10-30,9420,2018-10-26,1648,019442,,5,2,9,1500,0,1,3,,2,588,"SR-58 E/B","GENERAL BEALE RD.",1525.00,E,N,A,-,Y,,,58,,,,,,E,Y,3,0,1,1,A,-,08,22107,,N,E,I,A,A,H,-,A,D,0,,,,,Y,,D,23,0,1,0,0,0,0,0,0,0,"- ","- ",35.290668487548828,-118.74949645996094,KERN,UNINCORPORATED,-118.74934387207031,35.291053771972656
90849160,2018,2018-10-30,9420,2018-06-22,1156,018643,,5,1,9,1500,0,2,4,,1,064,"OLIVE DRIVE","ROBERTS LANE",1029.00,E,N,A,-,N,,,,,,,,,,Y,1,1,0,2,A,-,09,21801,A,N,F,A,A,A,H,-,A,D,0,,,Y,,Y,,A,01,0,0,0,0,0,0,0,1,0,"- ","- ",35.412239074707031,-119.04518127441406,KERN,UNINCORPORATED,-119.04515838623047,35.412303924560547
90849536,2018,2018-11-01,9830,2018-07-01,1840,019872,,7,2,9,1500,0,3,5,,2,003,"TEHACHAPI WILLOW SPRINGS ROAD","OAK CREEK ROAD",17424.00,S,N,A,-,N,,,,,,,,,,Y,1,1,3,3,A,-,05,21460,A,F,A,C,A,A,H,-,A,D,0,,,,,Y,,A,01,1,0,2,0,0,0,0,0,0,"- ","- ",35.003650665283203,-118.33875274658203,KERN,UNINCORPORATED,-118.34145355224609,35.010231018066406
90849790,2018,2018-10-31,9830,2018-10-23,2058,021903,,2,2,9,1500,0,1,3,,1,052,"SR-178 E/B","JACKS RANCH RD",157.00,E,N,A,-,Y,,,178,,,,,,E,Y,4,0,1,2,A,-,03,22350,,N,C,C,A,A,H,-,D,D,0,,,,,Y,,A,07,0,0,1,0,0,0,0,0,0,"- ","- ",35.651809692382812,-117.72209167480469,KERN,UNINCORPORATED,-117.72209167480469,35.651775360107422
90849808,2018,2018-10-31,9420,2018-10-29,1520,020634,,1,2,9,1500,0,1,3,,1,184,SR-184,"BLACKBURN STREET",700.00,S,N,A,-,N,,,184,,,,,,,N,4,0,1,2,A,-,03,22350,,N,C,C,A,A,H,-,A,D,0,,,,,Y,,A,01,0,0,1,0,0,0,0,0,0,"- ","- ",35.305000305175781,-118.91429901123047,KERN,UNINCORPORATED,-118.91432952880859,35.305000305175781
90849857,2018,2018-10-31,9420,2018-10-29,0630,014811,,1,1,9,1500,0,3,5,,2,671,"COMANCHE DRIVE","DI GIORGIO ROAD",1429.00,S,N,A,-,N,,,,,,,,,,Y,4,0,1,2,A,-,03,22350,,N,C,C,A,A,H,-,D,D,0,,,,,Y,,A,01,0,0,1,0,0,0,0,0,0,"- ","- ",35.249668121337891,-118.84203338623047,KERN,UNINCORPORATED,-118.84262084960938,35.248760223388672
90849870,2018,2018-10-31,9420,2018-10-29,1715,021746,,1,2,9,1500,0,1,3,,2,178,SR-178,"DEMOCRAT ROAD",1056.00,W,N,A,-,Y,,,178,,,,,,,N,4,0,1,1,A,-,08,22107,,N,E,I,A,A,H,-,B,D,0,,,,,Y,,A,07,0,0,1,0,0,0,0,0,0,"- ","- ",35.527778625488281,-118.66049194335938,KERN,UNINCORPORATED,-118.66047668457031,35.527820587158203
90850085,2018,2018-10-31,9420,2018-10-30,1320,013851,,2,1,9,1500,0,3,5,,2,610,"SOUTH REAL ROAD","BRAVE AVENUE",115.00,S,N,A,-,N,,,,,,,,,,N,4,0,1,2,A,-,03,22350,,N,C,C,A,A,H,-,A,D,0,,,,,Y,,A,01,0,0,1,0,0,0,0,0,0,"- ","- ",35.348228454589844,-119.04342651367188,KERN,UNINCORPORATED,-119.04338836669922,35.348262786865234
90850095,2018,2018-10-31,9830,2018-10-25,1428,021553,,4,2,9,1500,0,3,5,,2,004,"NEURALIA RD","ANNE AVE",5280.00,N,N,A,-,N,,,,,,,,,,Y,4,0,2,2,A,-,06,21750,,N,C,C,A,A,H,-,A,D,0,,,,,Y,,A,01,0,0,2,0,0,0,0,0,0,"- ","- ",35.256801605224609,-117.98590087890625,KERN,UNINCORPORATED,-117.98593902587891,35.256782531738281
90850129,2018,2018-10-31,9830,2018-10-22,1901,021903,,1,2,9,1500,0,3,5,,2,005,"DRUMMOND AVE","BRADY ST",0.00,,Y,A,-,N,,,,,,,,,,Y,3,0,2,2,A,-,01,23152,A,N,D,C,A,A,H,-,D,A,0,,,,,Y,Y,D,22,0,2,0,0,0,0,0,0,0,"- ","- ",35.637138366699219,-117.70548248291016,KERN,UNINCORPORATED,-117.70546722412109,35.637081146240234
90850148,2018,2019-01-23,9830,2018-10-19,2133,020866,,5,2,9,1500,0,3,5,,2,003,"20TH STREET WEST","PENGILLEY AVENUE",53.00,S,N,A,-,N,,,,,,,,,,Y,2,0,1,1,A,-,03,22350,,N,E,J,A,A,H,-,D,D,0,,,,,Y,,A,01,1,0,0,0,0,0,0,0,0,"- ","- ",34.847431182861328,-118.16702270507812,KERN,UNINCORPORATED,-118.16703033447266,34.848953247070312
90850158,2018,2018-11-12,9420,2018-10-31,0835,016926,,3,1,6,1502,0,2,S,,2,901,"HOUGHTON ROAD","SR-99 SB TO HOUGHTON RD",100.00,E,N,A,-,N,,,,,,,,,,N,4,0,1,2,A,-,07,21658,A,N,B,C,A,A,H,-,A,D,0,,,,Y,Y,,G,26,0,0,1,0,0,0,0,0,0,"- ","- ",35.281539916992188,-119.02838134765625,KERN,BAKERSFIELD,-119.02831268310547,35.281303405761719
90850203,2018,2018-10-31,9430,2018-10-28,1556,018416,,7,2,9,1500,0,3,5,,2,002,"LEBEC RD.","LANDFILL RD.",1643.00,N,N,A,-,N,,,,,,,,,,Y,3,0,1,1,A,-,03,22350,,N,F,A,A,A,H,-,A,A,0,,,Y,,Y,,C,02,0,1,0,0,0,0,0,0,1,"- ","- ",34.82843017578125,-118.87400817871094,KERN,UNINCORPORATED,-118.87449645996094,34.828006744384766
90850247,2018,2019-07-16,9426,2018-10-18,0550,016953,,4,3,9,1500,0,3,5,,2,087,"COPUS ROAD","OLD RIVER ROAD",17952.00,W,N,A,-,N,,,,,,,,,,Y,1,1,1,1,A,-,08,22107,,N,E,I,A,A,H,-,D,D,0,,,,,Y,,A,07,0,1,0,0,0,0,0,0,0,"- ","- ",39.093349456787109,-119.17031860351562,KERN,UNINCORPORATED,-119.16986083984375,35.094158172607422
90850524,2018,2018-11-01,9830,2018-10-24,0645,014518,,3,1,9,1500,0,2,4,,1,034,"ROSAMOND BLVD","47TH STREET WEST",75.00,E,N,A,-,N,,,,,,,,,,Y,2,0,2,1,A,-,01,23152,F,N,E,I,A,A,H,-,A,D,0,,,,,Y,,A,01,2,0,0,0,0,0,0,0,0,"- ","- ",34.86383056640625,-118.21555328369141,KERN,UNINCORPORATED,-118.21559143066406,34.863758087158203
90850583,2018,2018-11-01,9830,2018-10-29,0658,017237,,1,1,9,1500,0,1,3,,2,030,"SR-14 NORTHBOUND","ROSAMOND BLVD.",3835.00,S,N,A,-,Y,,,14,,,,,,N,Y,2,0,2,3,A,-,03,22350,,N,C,C,A,A,H,-,D,D,0,,,,,Y,,A,01,2,0,0,0,0,0,0,0,0,"- ","- ",34.853691101074219,-118.17166137695312,KERN,UNINCORPORATED,-118.17172241210938,34.853683471679688
90850699,2018,2018-11-01,9830,2018-10-25,0700,014518,,4,1,9,1500,0,1,3,,1,040,"SR-14 S/B","PHILLIPS ROAD",6864.00,N,N,A,-,Y,,,14,,,,,,S,Y,2,0,1,1,A,-,01,23152,F,N,F,A,A,A,H,-,A,D,0,,,,,Y,,A,07,1,0,0,0,0,0,0,0,0,"- ","- ",35.198799133300781,-118.06659698486328,KERN,UNINCORPORATED,-118.06664276123047,35.198833465576172
90850753,2018,2018-11-01,9420,2018-10-25,0645,017243,,4,1,9,1500,0,1,3,,2,177,SR-178,"BAKERSFIELD CITY LIMIT SIGN",20064.00,E,N,A,-,Y,,,178,,,,,,,Y,4,0,1,1,A,-,08,22107,,N,E,I,A,A,H,-,B,D,0,,,,,Y,,A,01,0,0,1,0,0,0,0,0,0,"- ","- ",35.478851318359375,-118.73706817626953,KERN,UNINCORPORATED,-118.73706817626953,35.478862762451172
90850796,2018,2018-11-01,9420,2018-10-31,0559,015255,,3,3,9,1500,0,3,5,,2,070,"PIONEER DRIVE","NORMANDY DRIVE",8.00,W,N,A,-,N,,,,,,,,,,N,3,0,1,2,A,-,08,22107,,F,A,G,A,A,H,-,D,D,0,,Y,,,Y,,D,22,0,1,0,0,0,0,1,0,0,"- ","- ",35.368801116943359,-118.93985748291016,KERN,UNINCORPORATED,-118.93976593017578,35.368721008300781
90850966,2018,2018-11-01,9430,2018-10-27,0400,016388,,6,3,9,1500,0,3,5,,2,002,"LEBEC SERVICE ROAD","LEBEC SERVICE ROAD TO I-5 N/B",0.00,,Y,A,-,N,,,,,,,,,,Y,3,0,1,2,A,-,08,22107,,N,D,C,A,A,H,-,C,D,0,,,,,Y,,D,22,0,1,0,0,0,0,0,0,0,"- ","- ",34.834049224853516,-118.86419677734375,KERN,UNINCORPORATED,-118.86254,34.838590000000003
90851006,2018,2018-11-01,9420,2018-10-31,1205,013475,,3,1,9,1500,0,2,4,,1,051,"AIRPORT DRIVE","ROBERTS LANE",440.00,N,N,A,-,N,,,,,,,,,,Y,4,0,2,2,A,-,03,22350,,N,C,C,A,A,H,-,A,D,0,,,,,Y,,A,01,0,0,2,0,0,0,0,0,0,"- ","- ",35.410041809082031,-119.038818359375,KERN,UNINCORPORATED,-119.03898620605469,35.409828186035156
90851021,2018,2018-11-01,9430,2018-10-24,1535,017187,,3,2,9,1500,0,1,1,,2,052,"I-5 S/B","LEBEC ROAD O/C",8976.00,S,N,A,-,Y,,,5,,,,,,S,Y,3,0,2,2,A,-,08,22107,,N,B,C,A,A,H,-,A,A,0,,,,Y,Y,,A,01,0,2,0,0,0,0,0,0,0,"- ","- ",34.845348358154297,-118.86756134033203,KERN,UNINCORPORATED,-118.86748504638672,34.845413208007812
90851026,2018,2018-11-01,9420,2018-11-01,0745,019184,,4,1,9,1500,0,1,3,,2,584,"SR-58 EB TO FAIRFAX RD.","FAIRFAX RD.",150.00,W,N,A,-,Y,,,58,,,,R,,E,Y,4,0,1,2,A,-,03,22350,,N,C,C,A,A,H,-,A,D,0,,,,,Y,,A,01,0,0,1,0,0,0,0,0,0,"- ","- ",35.351600646972656,-118.93319702148438,KERN,UNINCORPORATED,-118.93319702148438,35.351600646972656
90851085,2018,2018-11-01,9420,2018-10-30,1610,016969,,2,2,6,1502,0,1,3,,2,094,"SR-99 N/B","HOSKING AVE O/C",932.00,N,N,A,-,Y,,,99,,,,,,N,Y,4,0,1,3,A,-,21,22106,,M,C,C,A,A,H,-,A,D,0,,,,Y,Y,,A,01,0,0,1,0,0,0,0,0,0,"- ","- ",35.283988952636719,-119.02723693847656,KERN,BAKERSFIELD,-119.02728271484375,35.283981323242188
90851493,2018,2018-11-14,9420,2018-10-23,1252,018626,,2,1,6,1502,0,1,3,,2,585,"SR-58 WESTBOUND","SOUTH UNION AVENUE",1500.00,W,N,A,-,Y,,,58,,,,,,W,Y,3,0,2,2,A,-,07,21658,A,N,B,C,A,A,H,-,A,D,0,,,,,Y,,A,01,0,1,1,0,0,0,0,0,0,"- ","- ",35.352581024169922,-119.00807952880859,KERN,BAKERSFIELD,-119.00807952880859,35.352619171142578
90851497,2018,2018-11-02,9420,2018-10-23,0525,016828,,2,3,9,1500,0,2,4,,1,072,SR-184,"EDISON HIGHWAY",0.00,,Y,A,-,Y,,,,,,,,,,Y,4,0,1,1,A,-,08,22107,,N,E,I,A,A,H,-,B,A,0,,,,,Y,,A,01,0,0,1,0,0,0,0,0,0,"- ","- ",35.368930816650391,-118.91860961914062,KERN,UNINCORPORATED,,
90851571,2018,2018-11-02,9420,2018-10-26,1735,016691,,5,2,9,1500,0,3,5,,2,040,"GRANITE RD","FAMOSO RD",422.00,S,N,A,-,N,,,,,,,,,,N,4,0,1,1,A,-,08,22107,,N,F,A,A,A,H,-,A,A,0,,,Y,,Y,,C,02,0,0,1,0,0,0,0,0,1,"- ","- ",35.604251861572266,-118.95059204101562,KERN,UNINCORPORATED,-118.94892120361328,35.606479644775391
90851590,2018,2018-11-02,9420,2018-10-22,2217,021144,,1,3,9,1500,0,1,3,,2,097,"SR-99 S/B","HERRING RD.",1600.00,N,N,A,-,Y,,,99,,,,,,S,Y,3,0,1,1,A,-,08,22107,,N,E,I,A,A,H,-,D,D,0,,,,,Y,,A,07,0,1,0,0,0,0,0,0,0,"- ","- ",35.15496826171875,-118.99884033203125,KERN,UNINCORPORATED,-118.99885559082031,35.154964447021484
90851620,2018,2018-11-02,9420,2018-10-23,1550,017972,,2,2,6,1502,0,3,5,,2,060,"COFFEE RD","7TH STANDARD RD",20.00,S,N,A,-,N,,,,,,,,,,Y,4,0,1,3,A,-,21,22106,,N,C,C,A,A,H,-,A,A,0,,,,Y,Y,,F,27,0,0,1,0,0,0,0,0,0,"- ","- ",35.441089630126953,-119.09213256835938,KERN,BAKERSFIELD,-119.09219360351562,35.441204071044922
90851643,2018,2018-11-02,9420,2018-10-27,2210,020814,,6,3,9,1500,0,1,3,,1,184,"SR-184 (WEEDPATCH HWY)","DONEY ST.",27.00,S,N,A,-,Y,,,184,,,,,,,Y,2,0,1,2,A,-,01,23152,A,N,C,C,A,A,H,-,D,D,0,,,,,Y,Y,A,01,1,0,0,0,0,0,0,0,0,"- ","- ",35.320320129394531,-118.91428375244141,KERN,UNINCORPORATED,-118.91431427001953,35.320320129394531
90851648,2018,2018-11-02,9420,2018-08-26,2500,018643,,7,4,9,1500,0,3,5,,2,672,"TEJON HIGHWAY","EDISON HIGHWAY",0.00,,Y,A,-,N,,,,,,,,,,Y,1,1,0,1,A,-,01,23152,A,N,E,I,A,A,H,-,D,A,0,,,,,Y,Y,A,01,0,0,0,0,0,0,0,0,0,"- ","- ",35.337139129638672,-118.8253173828125,KERN,UNINCORPORATED,-118.82530975341797,35.336761474609375
90851760,2018,2018-11-02,9420,2018-10-26,1853,016691,,5,2,9,1500,0,2,4,,1,051,"AIRPORT DR","ROBERTS LN",58.00,N,N,A,-,N,,,,,,,,,,Y,2,0,2,3,A,-,01,23152,A,N,C,C,A,A,H,-,C,A,0,,,,,Y,Y,D,22,1,0,1,0,0,0,0,0,0,"- ","- ",35.408851623535156,-119.03896331787109,KERN,UNINCORPORATED,-119.03895568847656,35.408779144287109
90851765,2018,2018-11-02,9420,2018-10-29,1819,016969,,1,2,6,1502,0,1,3,,2,095,"SR-99 S/B TO WHITE LN","WHITE LN",542.00,N,N,A,-,Y,,,99,,,,R,,S,Y,3,0,2,3,A,-,01,23152,A,N,B,C,A,A,H,-,B,D,0,,,,,Y,Y,A,01,0,2,0,0,0,0,0,0,0,"- ","- ",35.319320678710938,-119.03719329833984,KERN,BAKERSFIELD,-119.03719329833984,35.319320678710938
9085177,2020,2020-06-11,1511,2020-02-21,2014,53069,4,5,5,2,1511,0,0,0,,0,00A,"LOOP BL","CORWIN ST",19.00,W,N,A,-,N,,,,,,,,,,N,3,0,2,2,A,-,21,22106,,N,B,C,A,A,H,-,D,D,0,,,,,Y,,-,,0,2,0,0,0,0,0,0,0,"- ","- ",35.132949829101562,-117.96896362304688,KERN,"CALIFORNIA CITY",-117.96906280517578,35.1329345703125
90851784,2018,2018-11-02,9420,2018-10-27,1420,020402,,6,2,9,1500,0,3,5,,2,672,"REYNOLDS STREET","CITATION LANE",30.00,W,N,A,-,N,,,,,,,,,,N,4,0,1,2,A,-,08,22107,,N,C,E,A,A,H,-,A,D,0,,,,Y,Y,,D,22,0,0,1,0,0,0,0,0,0,"- ","- ",35.287971496582031,-118.91684722900391,KERN,UNINCORPORATED,-118.91679382324219,35.287899017333984
90851812,2018,2018-11-02,9420,2018-10-30,0808,015259,,2,1,9,1500,0,1,3,,2,585,"SR-58 W/B TO SR-99 N/B","WIBLE ROAD",533.00,E,N,A,-,Y,,,58,,,,R,,W,Y,4,0,2,3,A,-,03,22350,,N,C,C,A,A,H,-,A,D,0,,,,,Y,,D,22,0,0,2,0,0,0,0,0,0,"- ","- ",35.352981567382812,-119.03701019287109,KERN,UNINCORPORATED,-119.03701019287109,35.352981567382812
90851841,2018,2018-11-02,9426,2018-10-27,0845,014887,,6,1,9,1500,0,1,3,,1,460,"SR-46 E/B","KECKS RD",5280.00,W,N,A,-,Y,,,46,,,,,,E,Y,2,0,3,2,A,-,03,22350,,N,C,C,A,A,H,-,A,D,0,,,,,Y,,A,01,1,0,2,0,0,0,0,0,0,"- ","- ",35.677978515625,-120.09696197509766,KERN,UNINCORPORATED,-120.09693908691406,35.678020477294922
90851908,2018,2018-11-02,9420,2018-10-31,0630,015259,,3,1,9,1500,0,1,3,,2,587,"STATE ROUTE-58 WESTBOUND","SOUTH VINELAND ROAD",896.00,E,N,A,-,Y,,,58,,,,,,W,Y,4,0,1,2,A,-,08,22107,,N,D,C,A,A,H,-,A,D,0,,,,Y,Y,,A,01,0,0,1,0,0,0,0,0,0,"- ","- ",35.349929809570312,-118.89357757568359,KERN,UNINCORPORATED,-118.89359283447266,35.349895477294922
90852019,2018,2018-12-28,9420,2018-08-03,2045,021788,,5,2,9,1500,0,2,4,,2,021,"SIERRA WAY","BUENA VISTA DRIVE",215.00,S,N,A,-,N,,,,,,,,,,N,1,1,0,2,A,-,11,21954,A,N,G,B,D,A,H,-,D,D,0,Y,,,,Y,Y,N,60,0,0,0,1,0,0,0,0,0,"- ","- ",35.452808380126953,-118.25891876220703,KERN,UNINCORPORATED,-118.41912841796875,35.757743835449219
90852035,2018,2018-11-02,9420,2018-10-31,0230,020163,,3,3,9,1500,0,3,5,,2,060,"ALLEN RD.","SR-58 (ROSEDALE HWY.)",35.00,S,N,A,-,N,,,,,,,,,,Y,3,0,1,2,A,-,01,23152,A,N,C,C,A,A,H,-,C,A,0,,,,,Y,Y,A,07,0,1,0,0,0,0,0,0,0,"- ","- ",35.383331298828125,-119.14555358886719,KERN,UNINCORPORATED,-119.14557647705078,35.383396148681641
90852063,2018,2018-11-02,9426,2018-10-23,0550,016804,,2,3,9,1500,0,3,5,,2,086,"7TH STANDARD RD","TRACY AVE",35.00,E,N,A,-,N,,,,,,,,,,Y,3,0,1,3,A,-,03,22350,,N,B,C,A,A,H,-,D,D,0,,,,Y,Y,,G,25,0,1,0,0,0,0,0,0,0,"- ","- ",35.442241668701172,-119.41104888916016,KERN,UNINCORPORATED,-119.41136169433594,35.442230224609375
90852069,2018,2018-11-02,9426,2018-10-23,0540,016804,,2,3,9,1500,0,3,5,,2,086,"7TH STANDARD RD","TRACY AVE",0.00,,Y,A,-,N,,,,,,,,,,Y,3,0,1,3,A,-,09,21801,A,N,D,C,A,A,H,-,D,D,0,,,,,Y,,E,22,0,1,0,0,0,0,0,0,0,"- ","- ",35.442211151123047,-119.41145324707031,KERN,UNINCORPORATED,-119.41147613525391,35.442230224609375
90852086,2018,2018-11-02,9426,2018-10-26,1520,018023,,5,2,9,1500,0,3,5,,2,081,"ELK HILLS RD","SKYLINE RD",3696.00,S,N,A,-,N,,,,,,,,,,Y,4,0,1,1,A,-,08,22107,,N,F,A,A,A,H,-,A,A,0,,,Y,,Y,,C,02,0,0,1,0,0,0,0,0,1,"- ","- ",35.268051147460938,-119.46662902832031,KERN,UNINCORPORATED,-119.46672058105469,35.268440246582031
90852113,2018,2018-11-02,9426,2018-09-29,1731,019716,,6,2,9,1500,0,1,3,,1,461,SR-46,"ROWLEE RD",3168.00,W,N,A,-,Y,,,46,,,,,,,Y,1,1,0,2,A,-,05,21650,,N,B,C,A,A,H,-,A,D,0,,,,Y,Y,,A,01,0,0,0,0,0,0,0,0,0,"- ","- ",35.601150512695312,-119.48483276367188,KERN,UNINCORPORATED,-119.48483276367188,35.601100921630859
90852224,2018,2018-11-02,9430,2018-09-21,1745,018165,,5,2,9,1500,0,1,1,,2,053,"INTERSTATE 5 N/B (GOLDEN STATE FREEWAY)","FORT TEJON OVER-CROSSING",2482.00,N,N,A,-,Y,,,5,,,,,,N,Y,1,1,4,1,A,-,08,22107,,N,E,I,A,A,H,-,A,D,0,,,,,Y,,A,07,2,1,1,0,0,0,0,0,0,"- ","- ",34.882408142089844,-118.89974975585938,KERN,UNINCORPORATED,-118.89969635009766,34.882434844970703
90852313,2018,2018-11-05,9420,2018-11-01,1539,020634,,4,2,9,1500,0,1,3,,1,184,SR-184,"WATERGRASS RD",600.00,N,N,A,-,Y,,,184,,,,,,,Y,2,0,2,3,A,-,03,22350,,N,C,C,E,A,H,-,A,D,0,Y,,,,Y,,D,22,1,0,1,0,1,0,0,0,0,"- ","- ",35.379901885986328,-118.90409851074219,KERN,UNINCORPORATED,-118.90412902832031,35.379947662353516
90852314,2018,2018-11-05,9420,2018-10-28,1928,020529,,7,2,9,1500,0,2,4,,1,052,"CHINA GRADE LOOP","CHINA GRADE LOOP (SOUTH)",400.00,W,N,A,-,N,,,,,,,,,,N,2,0,1,1,A,-,01,23152,A,N,H,A,A,A,H,-,D,D,0,,,Y,,Y,Y,C,02,1,0,0,0,0,0,0,0,1,"- ","- ",35.427810668945312,-118.96917724609375,KERN,UNINCORPORATED,-118.96908569335938,35.427791595458984