CASE_ID,ACCIDENT_YEAR,PROC_DATE,JURIS,COLLISION_DATE,COLLISION_TIME,OFFICER_ID,REPORTING_DISTRICT,DAY_OF_WEEK,CHP_SHIFT,POPULATION,CNTY_CITY_LOC,SPECIAL_COND,BEAT_TYPE,CHP_BEAT_TYPE,CITY_DIVISION_LAPD,CHP_BEAT_CLASS,BEAT_NUMBER,PRIMARY_RD,SECONDARY_RD,DISTANCE,DIRECTION,INTERSECTION,WEATHER_1,WEATHER_2,STATE_HWY_IND,CALTRANS_COUNTY,CALTRANS_DISTRICT,STATE_ROUTE,ROUTE_SUFFIX,POSTMILE_PREFIX,POSTMILE,LOCATION_TYPE,RAMP_INTERSECTION,SIDE_OF_HWY,TOW_AWAY,COLLISION_SEVERITY,NUMBER_KILLED,NUMBER_INJURED,PARTY_COUNT,PRIMARY_COLL_FACTOR,PCF_CODE_OF_VIOL,PCF_VIOL_CATEGORY,PCF_VIOLATION,PCF_VIOL_SUBSECTION,HIT_AND_RUN,TYPE_OF_COLLISION,MVIW,PED_ACTION,ROAD_SURFACE,ROAD_COND_1,ROAD_COND_2,LIGHTING,CONTROL_DEVICE,CHP_ROAD_TYPE,PEDESTRIAN_ACCIDENT,BICYCLE_ACCIDENT,MOTORCYCLE_ACCIDENT,TRUCK_ACCIDENT,NOT_PRIVATE_PROPERTY,ALCOHOL_INVOLVED,STWD_VEHTYPE_AT_FAULT,CHP_VEHTYPE_AT_FAULT,COUNT_SEVERE_INJ,COUNT_VISIBLE_INJ,COUNT_COMPLAINT_PAIN,COUNT_PED_KILLED,COUNT_PED_INJURED,COUNT_BICYCLIST_KILLED,COUNT_BICYCLIST_INJURED,COUNT_MC_KILLED,COUNT_MC_INJURED,PRIMARY_RAMP,SECONDARY_RAMP,LATITUDE,LONGITUDE,COUNTY,CITY,POINT_X,POINT_Y
90864829,2018,2018-11-21,9420,2018-11-15,1237,021746,,4,1,9,1500,0,1,3,,2,178,SR-178,"DEMOCRAT ROAD",1584.00,W,N,A,-,Y,,,178,,,,,,,Y,4,0,1,1,A,-,08,22107,,N,E,I,A,A,H,-,A,D,0,,,,,Y,,A,01,0,0,1,0,0,0,0,0,0,"- ","- ",35.527080535888672,-118.66232299804688,KERN,UNINCORPORATED,-118.66233062744141,35.527088165283203
90864867,2018,2019-01-08,9830,2018-10-18,2030,014565,,4,2,9,1500,0,2,4,,1,032,"SIERRA HIGHWAY","AVENUE A",1056.00,N,N,A,-,N,,,,,,,,,,Y,1,1,4,3,A,-,05,21650,,N,A,C,A,A,H,-,D,D,0,,,,,Y,,A,01,1,3,0,0,0,0,0,0,0,"- ","- ",34.824329376220703,-118.15666961669922,KERN,UNINCORPORATED,-118.15653991699219,34.823551177978516
90864925,2018,2018-11-21,9420,2018-11-20,1000,013851,,2,1,6,1502,0,1,3,,2,093,"SR-99 (S/B)","PALM STREET",174.00,S,N,A,-,Y,,,99,,,,,,,N,4,0,2,2,A,-,03,22350,,N,C,C,A,A,H,-,A,D,0,,,,,Y,,A,01,0,0,2,0,0,0,0,0,0,"- ","- ",35.360771179199219,-119.03965759277344,KERN,BAKERSFIELD,-119.03958892822266,35.360771179199219
90864938,2018,2018-11-21,9420,2018-11-17,0355,019963,,6,3,9,1500,0,2,S,,2,901,"GRANITE ROAD","ROUND MOUNTAIN ROAD",1240.00,N,N,A,-,N,,,,,,,,,,Y,4,0,1,1,A,-,08,22107,,N,E,I,A,A,H,-,D,A,0,,,,,Y,,D,22,0,0,1,0,0,0,0,0,0,"- ","- ",35.534999847412109,-118.95983123779297,KERN,UNINCORPORATED,-118.96102142333984,35.533473968505859
90864979,2018,2018-11-21,9420,2018-11-17,0740,016973,,6,1,9,1500,0,2,4,,1,052,"NORRIS RD.","MCCRAY ST.",0.00,,Y,A,-,N,,,,,,,,,,Y,4,0,1,2,A,-,12,21453,A,N,D,C,A,A,H,-,A,A,0,,,,,Y,,A,07,0,0,1,0,0,0,0,0,0,"- ","- ",35.419551849365234,-119.03006744384766,KERN,UNINCORPORATED,-119.03005981445312,35.419551849365234
90865080,2018,2018-11-21,9420,2018-11-19,1015,014811,,1,1,9,1500,0,1,3,,2,091,"SR-99 S/B TO POND ROAD",SR-99,416.00,W,N,A,-,Y,,,99,,,,R,,S,Y,4,0,3,2,A,-,00,22017,,N,D,C,A,A,H,-,A,A,0,,,,Y,Y,,A,01,0,0,3,0,0,0,0,0,0,"- ","- ",35.720268249511719,-119.23602294921875,KERN,UNINCORPORATED,-119.23602294921875,35.720268249511719
90865223,2018,2018-11-21,9426,2018-11-15,0615,018023,,4,1,9,1500,0,1,3,,1,118,"SR-119 W/B","AIRPORT RD",68.00,E,N,A,-,Y,,,119,,,,,,W,Y,3,0,2,3,A,-,03,22350,,N,C,C,A,A,A,-,B,A,0,,,,,Y,,D,22,0,1,1,0,0,0,0,0,0,"- ","- ",35.193931579589844,-119.42855834960938,KERN,UNINCORPORATED,-119.42856597900391,35.193931579589844
90865242,2018,2018-11-21,9426,2018-11-11,1500,015472,,7,2,9,1500,0,1,3,,2,432,SR-43,"MUNZER RD",2112.00,N,N,A,-,Y,,,43,,,,,,,Y,3,0,2,2,A,-,05,21650,,N,B,C,A,A,H,-,A,A,0,,,,,Y,,D,22,0,2,0,0,0,0,0,0,0,"- ","- ",35.331001281738281,-119.25229644775391,KERN,UNINCORPORATED,-119.25238800048828,35.331001281738281
90865661,2018,2018-11-22,9830,2018-11-10,2039,021470,,6,2,9,1500,0,3,5,,2,003,"ORANGE ST","35TH ST  W",90.00,W,N,A,-,N,,,,,,,,,,N,3,0,1,1,A,-,01,23152,A,N,F,A,A,A,H,-,C,A,0,,,Y,,Y,Y,C,02,0,1,0,0,0,0,0,0,1,"- ","- ",34.85662841796875,-118.19405364990234,KERN,UNINCORPORATED,-118.19400024414062,34.856571197509766
90866618,2018,2018-11-26,9426,2018-11-20,1840,016804,,2,2,9,1500,0,1,1,,2,502,"I-5 S/B",SR-46,1584.00,S,N,A,-,Y,,,5,,,,,,S,Y,3,0,1,1,A,-,01,23152,A,N,E,I,A,A,H,-,D,D,0,,,,,Y,Y,D,22,0,1,0,0,0,0,0,0,0,"- ","- ",35.610630035400391,-119.64882659912109,KERN,UNINCORPORATED,-119.64913940429688,35.610393524169922
90866677,2018,2018-11-26,9420,2018-11-09,1214,015801,,5,1,9,1500,0,2,4,,1,052,"ROBERTS LANE","BRANDON WAY",181.00,S,N,A,-,N,,,,,,,,,,Y,3,0,1,1,A,-,08,22107,,N,E,I,A,A,H,-,A,D,0,,,,,Y,Y,D,22,0,1,0,0,0,0,0,0,0,"- ","- ",35.413799285888672,-119.05020141601562,KERN,UNINCORPORATED,-119.05019378662109,35.413719177246094
90866942,2018,2018-11-26,9420,2018-11-16,1618,016969,,5,2,9,1500,0,3,5,,2,510,"MATHEWS AVE","MELCHER RD",0.00,,Y,A,-,N,,,,,,,,,,Y,4,0,2,2,A,-,09,21802,A,N,D,C,A,A,H,-,A,A,0,,,,,Y,,A,01,0,0,2,0,0,0,0,0,0,"- ","- ",35.768600463867188,-119.27629089355469,KERN,UNINCORPORATED,-119.27629089355469,35.768680572509766
90866957,2018,2018-11-26,9420,2018-11-16,0104,019598,,5,3,9,1500,0,3,5,,2,070,"STERLING ROAD","VIRGINIA AVENUE",213.00,S,N,A,-,N,,,,,,,,,,N,3,0,1,2,A,-,11,21954,A,N,G,B,D,A,H,-,D,D,0,Y,,,,Y,,N,60,0,1,0,0,1,0,0,0,0,"- ","- ",35.361038208007812,-118.94094085693359,KERN,UNINCORPORATED,-118.94091033935547,35.360874176025391
90866969,2018,2018-11-26,9420,2018-11-16,1140,018626,,5,1,9,1500,0,1,3,,2,093,"SR-99 S/B","CALIFORNIA AVE",450.00,N,N,A,-,Y,,,,,,,,,,N,4,0,1,2,A,-,03,22350,,N,C,C,A,A,H,-,A,D,0,,,,Y,Y,,G,25,0,0,1,0,0,0,0,0,0,"- ","- ",35.369678497314453,-119.04258728027344,KERN,UNINCORPORATED,,
90866974,2018,2018-12-07,9420,2018-11-16,0705,019856,,5,1,9,1500,0,3,5,,2,672,"SOUTH EDISON ROAD","SYCAMORE ROAD",0.00,,Y,B,-,N,,,,,,,,,,Y,4,0,2,2,A,-,09,21802,A,N,D,C,A,A,H,-,A,A,0,,,,,Y,,A,01,0,0,2,0,0,0,0,0,0,"- ","- ",35.194221496582031,-118.87808227539062,KERN,UNINCORPORATED,-118.87811279296875,35.194240570068359
90866998,2018,2018-11-26,9420,2018-11-19,1735,019353,,1,2,6,1502,0,1,3,,2,094,"SR-99 N/B FROM MING AVENUE","MING AVENUE",160.00,N,N,A,-,Y,,,99,,,,R,,N,N,4,0,1,3,A,-,03,22350,,N,C,C,A,A,H,-,A,D,0,,,,,Y,,A,01,0,0,1,0,0,0,0,0,0,"- ","- ",35.354698181152344,-119.03900146484375,KERN,BAKERSFIELD,-119.03900146484375,35.354698181152344
90867001,2018,2018-11-26,9420,2018-11-13,0317,021296,,2,3,9,1500,0,2,4,,1,077,"FAIRFAX RD","BRUNDAGE LN",200.00,S,N,A,-,N,,,,,,,,,,Y,3,0,1,1,A,-,08,22107,,N,E,I,A,A,H,-,C,A,0,,,,,Y,,A,07,0,1,0,0,0,0,0,0,0,"- ","- ",35.353588104248047,-118.93216705322266,KERN,UNINCORPORATED,-118.93202972412109,35.354270935058594
90867006,2018,2018-11-26,9420,2018-11-20,0540,013597,,2,3,9,1500,0,1,3,,2,097,"SR-99 S/B","HOUGHTON ROAD",3168.00,N,N,B,-,Y,,,99,,,,,,S,Y,4,0,2,2,A,-,03,22350,,N,C,C,A,A,H,-,D,D,0,,,,,Y,,A,01,0,0,2,0,0,0,0,0,0,"- ","- ",35.245479583740234,-119.01751708984375,KERN,UNINCORPORATED,-119.01742553710938,35.245506286621094
90867240,2018,2018-11-26,9420,2018-11-18,1410,020163,,7,2,9,1500,0,3,5,,2,040,"ALFRED HARRELL HWY.","OLD ALFRED HARRELL HWY.",0.00,,Y,A,-,N,,,,,,,,,,Y,3,0,2,2,A,-,09,21801,A,N,A,C,A,A,H,-,A,D,0,,,,,Y,,A,01,0,2,0,0,0,0,0,0,0,"- ","- ",35.419120788574219,-118.96256256103516,KERN,UNINCORPORATED,-118.98056793212891,35.409828186035156
90867284,2018,2018-11-26,9420,2018-11-19,1655,019185,,1,2,9,1500,0,1,3,,2,584,"SR-58 E/B TO FAIRFAX ROAD","FAIRFAX ROAD",988.00,W,N,A,-,Y,,,58,,,,R,,E,Y,3,0,3,4,A,-,03,22350,,N,C,C,A,A,H,-,B,D,0,,,,,Y,,A,01,0,1,2,0,0,0,0,0,0,"- ","- ",35.352039337158203,-118.93534851074219,KERN,UNINCORPORATED,-118.93534851074219,35.352039337158203
90867432,2018,2018-11-26,9420,2018-11-13,1915,019531,,2,2,9,1500,0,1,3,,2,584,"SR-58 EASTBOUND (E/B)","MOUNT VERNON AVENUE",1500.00,W,N,A,-,Y,,,58,,,,,,E,Y,4,0,1,2,A,-,07,21658,A,N,E,I,A,A,H,-,C,D,0,,,,Y,Y,,A,07,0,0,1,0,0,0,0,0,0,"- ","- ",35.352458953857422,-118.97296142578125,KERN,UNINCORPORATED,-118.97296142578125,35.352436065673828
90867470,2018,2018-11-26,9420,2018-11-20,1727,019353,,2,2,9,1500,0,1,3,,2,092,"SR-99 N/B","OLIVE DRIVE O/C",600.00,S,N,A,-,Y,,,99,,,,,,N,N,4,0,1,3,A,-,03,22350,,N,C,C,A,A,H,-,D,D,0,,,,,Y,,A,07,0,0,1,0,0,0,0,0,0,"- ","- ",35.410301208496094,-119.05249786376953,KERN,UNINCORPORATED,-119.052490234375,35.410308837890625
90867509,2018,2018-11-26,9830,2018-11-19,1340,014774,,1,1,9,1500,0,1,3,,2,010,"SR-58 E/B","BROOME RD",1056.00,E,N,B,-,Y,,,58,,,,,,E,Y,4,0,2,2,A,-,07,21658,A,N,B,C,A,A,H,-,A,D,0,,,,Y,Y,,G,25,0,0,2,0,0,0,0,0,0,"- ","- ",35.198348999023438,-118.51885986328125,KERN,UNINCORPORATED,-118.51882934570312,35.198398590087891
90867604,2018,2018-11-26,9830,2018-11-19,1343,019883,,1,1,9,1500,0,1,3,,1,052,SR-178,"JACKS RANCH RD",0.00,,Y,A,-,Y,,,,,,,,,,N,3,0,1,2,A,-,09,21802,A,N,D,C,A,A,H,-,A,D,0,,,,,Y,,A,08,0,1,0,0,0,0,0,0,0,"- ","- ",35.391208648681641,-117.43369293212891,KERN,UNINCORPORATED,,
90867633,2018,2018-11-26,9830,2018-11-15,1745,021470,,4,2,9,1500,0,1,3,,1,031,"UNITED ST","PURDY AVE",10.00,N,N,A,-,N,,,,,,,,,,Y,4,0,1,1,A,-,08,22107,,N,E,I,A,A,H,-,D,D,0,,,,,Y,,A,01,0,0,1,0,0,0,0,0,0,"- ","- ",35.025138854980469,-118.14948272705078,KERN,UNINCORPORATED,-118.14945983886719,35.025146484375
90867948,2018,2018-11-27,9420,2018-11-17,0020,019903,,6,3,9,1500,0,3,5,,2,620,"ALLEN ROAD","HAGEMAN ROAD",0.00,,Y,A,-,N,,,,,,,,,,Y,3,0,2,2,A,-,01,23152,A,N,D,C,A,A,H,-,C,A,0,,,,,Y,Y,A,01,0,2,0,0,0,0,0,0,0,"- ","- ",35.399311065673828,-119.14540100097656,KERN,UNINCORPORATED,-119.1455078125,35.399379730224609
90868019,2018,2018-11-27,9420,2018-11-18,0540,017301,,7,3,9,1500,0,3,5,,2,672,"TEJON HIGHWAY","EDISON HIGHWAY",0.00,,Y,A,-,N,,,,,,,,,,Y,3,0,1,1,A,-,12,22450,A,N,E,I,A,A,H,-,B,A,0,,,,,Y,,A,01,0,1,0,0,0,0,0,0,0,"- ","- ",35.337448120117188,-118.82528686523438,KERN,UNINCORPORATED,-118.82530975341797,35.336761474609375
90868461,2018,2018-11-27,9420,2018-11-20,1155,016767,,2,1,9,1500,0,3,5,,2,672,"S. UNION AVENUE","MING AVENUE",120.00,N,N,A,-,N,,,,,,,,,,N,3,0,1,2,A,-,03,22350,,M,C,C,A,A,H,-,A,A,0,,,,,Y,,A,01,0,1,0,0,0,0,0,0,0,"- ","- ",35.340198516845703,-119.00309753417969,KERN,UNINCORPORATED,-119.00311279296875,35.339820861816406
90868467,2018,2018-11-27,9420,2018-11-21,1247,013851,,3,1,6,1502,0,1,3,,2,094,"SR-99 (N/B)","MING AVENUE",574.00,S,N,A,-,Y,,,99,,,,,,,Y,3,0,4,5,A,-,03,22350,,N,C,C,A,A,D,-,A,D,0,,,,,Y,,A,07,0,3,1,0,0,0,0,0,0,"- ","- ",35.336471557617188,-119.03952789306641,KERN,BAKERSFIELD,-119.03948211669922,35.336471557617188
90868499,2018,2018-11-27,9420,2018-11-16,1335,019868,,5,1,6,1502,1,4,S,,2,901,"AUBURN ST","EASTRIDGE CT",0.00,,Y,A,-,N,,,,,,,,,,N,3,0,1,2,A,-,10,21950,A,N,G,B,B,A,H,-,A,A,0,Y,,,,Y,,H,13,0,1,0,0,1,0,0,0,0,"- ","- ",35.397781372070312,-118.93556213378906,KERN,BAKERSFIELD,-118.93557739257812,35.397899627685547
90868508,2018,2018-11-27,9420,2018-11-21,2043,016969,,3,2,4,1503,0,1,3,,2,090,"SR-99 N/B","CECIL AVE",614.00,S,N,B,C,Y,,,99,,,,,,N,Y,4,0,6,3,A,-,03,22350,,N,C,C,A,B,H,-,D,D,0,,,,,Y,,A,01,0,0,6,0,0,0,0,0,0,"- ","- ",35.774250030517578,-119.25196838378906,KERN,DELANO,-119.25197601318359,35.774250030517578
90868539,2018,2018-11-27,9426,2018-11-19,0545,018909,,1,3,9,1500,0,3,5,,2,085,"KING RD","TWISSELMAN RD",15840.00,N,N,A,-,N,,,,,,,,,,Y,4,0,1,2,A,-,09,21804,A,N,D,C,A,A,H,-,D,D,0,,,,,Y,,A,07,0,0,1,0,0,0,0,0,0,"- ","- ",35.774330139160156,-119.86762237548828,KERN,UNINCORPORATED,-119.86763000488281,35.774398803710938
90868658,2018,2018-11-27,9426,2018-11-19,1335,017321,,1,1,9,1500,0,1,1,,2,502,"I-5 N/B","MERCED AVENUE",3168.00,N,N,A,-,Y,,,5,,,,,,N,Y,4,0,1,1,A,-,08,22107,,N,F,A,A,A,H,-,A,D,0,,,,,Y,,I,20,0,0,1,0,0,0,0,0,0,"- ","- ",35.530399322509766,-119.56749725341797,KERN,UNINCORPORATED,-119.56757354736328,35.530323028564453
90868745,2018,2018-11-27,9830,2018-11-17,1300,019400,,6,1,9,1500,0,1,3,,1,022,"SR-58 E/B","BORON AVE",1056.00,W,N,A,-,Y,,,58,,,,,,E,Y,2,0,1,2,A,-,03,22350,,N,C,C,A,A,H,-,A,D,0,,,,Y,Y,,G,26,1,0,0,0,0,0,0,0,0,"- ","- ",35.009929656982422,-117.65355682373047,KERN,UNINCORPORATED,-117.65355682373047,35.009929656982422
90868988,2018,2018-11-28,9420,2018-11-21,0630,015259,,3,1,4,1503,0,1,3,,2,090,"STATE ROUTE-99 NORTHBOUND","WOOLLOMES AVENUE",4075.00,S,N,B,-,Y,,,99,,,,,,N,Y,3,0,1,1,A,-,08,22107,,N,E,I,A,A,H,-,B,D,0,,,,,Y,,A,01,0,1,0,0,0,0,0,0,0,"- ","- ",35.735340118408203,-119.24044036865234,KERN,DELANO,-119.24040222167969,35.735347747802734
90869031,2018,2018-11-28,9420,2018-11-21,1400,020163,,3,2,6,1502,0,1,3,,2,093,SR-99,"SR-58 (ROSEDALE HWY.)",2112.00,N,N,A,-,Y,,,99,,,,,,,Y,4,0,1,3,A,-,03,22350,,N,C,C,A,A,H,-,A,D,0,,,,,Y,,A,01,0,0,1,0,0,0,0,0,0,"- ","- ",35.387451171875,-119.04459381103516,KERN,BAKERSFIELD,-119.04466247558594,35.387447357177734
90869070,2018,2018-11-28,9420,2018-11-22,0025,019311,,4,3,6,1502,0,1,3,,2,094,"SR-99 NB","MING AVE",185.00,N,N,B,C,Y,,,,,,,,,,N,4,0,1,2,A,-,03,22350,,N,C,C,A,B,H,-,C,D,0,,,,,Y,Y,D,22,0,0,1,0,0,0,0,0,0,"- ","- ",35.202438354492188,-119.22226715087891,KERN,BAKERSFIELD,-119.03946685791016,35.340045928955078
90869165,2018,2018-11-28,9420,2018-11-22,2000,019845,,4,2,9,1500,0,1,3,,2,090,"SR-99 (NORTHBOUND)",SR-46,4224.00,S,N,B,-,Y,,,99,,,,,,,Y,2,0,3,1,A,-,01,23152,A,N,E,I,A,A,H,-,C,D,0,,,,,Y,Y,A,07,2,1,0,0,0,0,0,0,0,"- ","- ",35.589118957519531,-119.20388793945312,KERN,UNINCORPORATED,-119.20401763916016,35.589103698730469
90869235,2018,2018-11-28,9420,2018-11-22,1140,018626,,4,1,9,1500,0,1,3,,2,177,"SR-178 W/B","SOUTHERN CALIFORNIA EDISON POWERHOUSE #1",10560.00,E,N,B,-,Y,,,178,,,,,,W,Y,4,0,1,1,A,-,03,22350,,N,E,I,A,B,H,-,A,D,0,,,,,Y,,A,01,0,0,1,0,0,0,0,0,0,"- ","- ",35.469619750976562,-118.75115203857422,KERN,UNINCORPORATED,-118.75115966796875,35.469631195068359
90869432,2018,2018-11-28,9420,2018-11-22,0100,015259,,4,3,9,1500,0,3,5,,2,672,"ROCK PILE ROAD","SUNSET BOULEVARD",0.00,,Y,B,C,N,,,,,,,,,,Y,2,0,1,1,A,-,03,22350,,N,E,I,A,B,H,-,D,A,0,,,,,Y,Y,A,07,1,0,0,0,0,0,0,0,0,"- ","- ",35.223670959472656,-118.78842926025391,KERN,UNINCORPORATED,-118.78829193115234,35.223800659179688
90869530,2018,2018-11-28,9420,2018-11-24,0925,015255,,6,1,9,1500,0,1,3,,1,176,"SR-178 W/B","MT. VERNON AVENUE",528.00,W,N,B,C,Y,,,178,,,,,,W,Y,4,0,1,2,A,-,08,22107,,N,D,C,A,B,H,-,A,D,0,,,,,Y,,D,22,0,0,1,0,0,0,0,0,0,"- ","- ",35.393848419189453,-118.97055053710938,KERN,UNINCORPORATED,-118.97055816650391,35.393886566162109
90869540,2018,2018-11-28,9420,2018-11-24,1804,019442,,6,2,9,1500,0,2,4,,1,051,"N. CHESTER AVE.","COOPER AVE.",55.00,N,N,B,-,N,,,,,,,,,,N,2,0,1,2,A,-,09,21804,A,N,D,G,A,A,H,-,C,D,0,,Y,,,Y,,L,04,1,0,0,0,0,0,1,0,0,"- ","- ",35.414199829101562,-119.02097320556641,KERN,UNINCORPORATED,-119.02108001708984,35.414581298828125
90869559,2018,2018-11-28,9420,2018-11-24,1450,020782,,6,2,9,1500,0,3,5,,2,672,"ADOBE ROAD","HERRING ROAD",7392.00,N,N,B,-,N,,,,,,,,,,Y,4,0,1,1,A,-,08,22107,,N,F,A,A,A,H,-,A,D,0,,,,,Y,,A,07,0,0,1,0,0,0,0,0,0,"- ","- ",35.171649932861328,-118.96768951416016,KERN,UNINCORPORATED,-118.96773529052734,35.171268463134766
90869583,2018,2018-11-28,9426,2018-11-25,1802,015472,,7,2,9,1500,0,1,1,,2,504,"I-5 N/B",SR-119,500.00,S,N,A,-,Y,,,5,,,,,,N,Y,4,0,2,2,A,-,03,22350,,N,C,A,A,A,H,-,D,A,0,,,,,Y,,D,22,0,0,2,0,0,0,0,0,0,"- ","- ",35.262401580810547,-119.21939849853516,KERN,UNINCORPORATED,-119.21938323974609,35.262420654296875
90869895,2018,2018-11-29,9420,2018-11-19,0740,018807,,1,1,9,1500,0,3,5,,2,070,"BEALE AVENUE","ALLEY SOUTH OF PEARL STREET",0.00,,Y,B,-,N,,,,,,,,,,Y,3,0,1,2,A,-,09,21804,A,N,D,C,A,A,H,-,A,D,0,,,,,Y,,A,07,0,1,0,0,0,0,0,0,0,"- ","- ",35.232200622558594,-118.59649658203125,KERN,UNINCORPORATED,-118.98514900000001,35.389175999999999
90869909,2018,2018-11-30,9420,2018-11-14,1400,018117,,3,2,9,1500,0,3,5,,2,060,"VICTOR ST","PEMBROKE AVE",0.00,,Y,A,-,N,,,,,,,,,,Y,2,0,3,2,A,-,05,21460,A,N,A,C,A,A,H,-,A,D,0,,,,,Y,,A,07,3,0,0,0,0,0,0,0,0,"- ","- ",35.411350250244141,-119.06221771240234,KERN,UNINCORPORATED,-119.06215667724609,35.411308288574219
90869934,2018,2018-11-29,9420,2018-11-24,2053,020782,,6,2,9,1500,0,1,3,,1,184,SR-184,"MOUNTAIN VIEW ROAD",1300.00,S,N,B,-,Y,,,184,,,,,,,Y,4,0,1,1,A,-,01,23152,A,N,F,A,A,A,H,-,D,D,0,,,,,Y,Y,A,07,0,0,1,0,0,0,0,0,0,"- ","- ",35.266960144042969,-118.91429901123047,KERN,UNINCORPORATED,-118.91440582275391,35.266960144042969
90869987,2018,2018-11-29,9420,2018-11-25,1630,020163,,7,2,6,1502,0,2,4,,1,071,"FAIRFAX RD.","CENTER ST.",0.00,,Y,A,-,N,,,,,,,,,,N,4,0,1,2,A,-,09,21801,A,N,D,C,A,A,H,-,A,D,0,,,,,Y,,A,01,0,0,1,0,0,0,0,0,0,"- ","- ",35.372409820556641,-118.93202209472656,KERN,BAKERSFIELD,-118.93196868896484,35.372428894042969
90870015,2018,2018-11-29,9420,2018-11-25,0600,016767,,7,1,9,1500,0,3,5,,2,540,"PALM AVENUE","GROMER AVENUE",107.00,N,N,A,-,N,,,,,,,,,,Y,4,0,1,1,A,-,01,23152,A,N,E,I,A,A,H,-,B,D,0,,,,,Y,Y,D,22,0,0,1,0,0,0,0,0,0,"- ","- ",35.609798431396484,-119.34880065917969,KERN,UNINCORPORATED,-119.34915924072266,35.609085083007812
90870123,2018,2018-11-29,9420,2018-11-26,0635,016767,,1,1,9,1500,0,3,5,,2,510,"POND ROAD",SR-99,1091.00,E,N,E,-,N,,,,,,,,,,N,3,0,1,2,A,-,09,21804,A,N,D,C,A,B,G,H,B,D,0,,,,Y,Y,,G,25,0,1,0,0,0,0,0,0,0,"- ","- ",35.717098236083984,-119.23359680175781,KERN,UNINCORPORATED,-119.23716735839844,35.718048095703125
90870149,2018,2018-11-29,9420,2018-11-26,1750,019185,,1,2,9,1500,0,1,3,,1,184,"SR-184 N/B","EDISON HIGHWAY",470.00,S,N,A,-,Y,,,184,,,,,,N,Y,4,0,1,3,A,-,03,22350,,N,C,C,A,A,H,-,D,A,0,,,,,Y,,A,01,0,0,1,0,0,0,0,0,0,"- ","- ",35.356891632080078,-118.91413879394531,KERN,UNINCORPORATED,-118.91423034667969,35.356887817382812
90870170,2018,2018-11-29,9420,2018-11-26,0940,013475,,1,1,6,1502,0,1,3,,2,092,"SR-99 N/B","KERN RIVER BRIDGE",840.00,S,N,A,-,Y,,,99,,,,,,N,N,4,0,1,1,A,-,08,22107,,N,E,I,A,A,H,-,A,D,0,,,,,Y,,A,01,0,0,1,0,0,0,0,0,0,"- ","- ",35.377029418945312,-119.044189453125,KERN,BAKERSFIELD,-119.04435729980469,35.377029418945312
90870184,2018,2018-11-29,9420,2018-11-27,1450,015896,,2,2,9,1500,0,1,3,,2,431,"SR-43 (ENOS LN)","ACARI RD",60.00,S,N,A,-,Y,,,43,,,,,,,Y,4,0,1,2,A,-,03,22350,,N,C,C,A,A,H,-,A,D,0,,,,,Y,,A,01,0,0,1,0,0,0,0,0,0,"- ","- ",35.387798309326172,-119.25209808349609,KERN,UNINCORPORATED,-119.25209808349609,35.387798309326172
90870486,2018,2018-11-29,9420,2018-11-23,1425,020634,,5,2,9,1500,0,1,3,,2,585,"SR-58 W/B FROM COTTONWOOD ROAD","COTTONWOOD ROAD",125.00,E,N,C,-,Y,,,58,,,,R,,W,Y,4,0,1,1,A,-,08,22107,,N,E,I,A,B,H,-,A,D,0,,,,,Y,,D,22,0,0,1,0,0,0,0,0,0,"- ","- ",35.35260009765625,-118.98480224609375,KERN,UNINCORPORATED,-118.98480224609375,35.35260009765625
90870487,2018,2018-11-29,9426,2018-11-28,1455,015472,,3,2,9,1500,0,3,5,,2,085,"CORCORAN RD","GARCES HWY",4224.00,N,N,B,C,N,,,,,,,,,,Y,3,0,1,1,A,-,00,22170,,N,E,J,A,B,H,-,A,A,0,,,,,Y,,D,22,0,1,0,0,0,0,0,0,0,"- ","- ",35.77239990234375,-119.57939910888672,KERN,UNINCORPORATED,-119.57945251464844,35.772415161132812
90870512,2018,2018-11-29,9420,2018-11-26,1743,016691,,1,2,9,1500,0,3,5,,2,040,"BERNARD ST","BAKER ST",46.00,W,N,A,-,N,,,,,,,,,,Y,4,0,1,2,A,-,08,22107,,N,D,C,A,A,H,-,C,A,0,,,,,Y,,A,01,0,0,1,0,0,0,0,0,0,"- ","- ",35.390220642089844,-118.98863983154297,KERN,UNINCORPORATED,-118.98827362060547,35.3902587890625
90870532,2018,2018-11-29,9426,2018-11-21,1655,018610,,3,2,9,1500,0,1,3,,2,331,SR-33,"MIDWAY RD",3696.00,N,N,B,-,Y,,,33,,,,,,,Y,3,0,1,1,A,-,08,22107,,N,F,A,A,A,H,-,B,D,0,,,,,Y,,A,01,0,1,0,0,0,0,0,0,0,"- ","- ",35.188400268554688,-119.53646087646484,KERN,UNINCORPORATED,-119.53646850585938,35.188388824462891