CASE_ID,ACCIDENT_YEAR,PROC_DATE,JURIS,COLLISION_DATE,COLLISION_TIME,OFFICER_ID,REPORTING_DISTRICT,DAY_OF_WEEK,CHP_SHIFT,POPULATION,CNTY_CITY_LOC,SPECIAL_COND,BEAT_TYPE,CHP_BEAT_TYPE,CITY_DIVISION_LAPD,CHP_BEAT_CLASS,BEAT_NUMBER,PRIMARY_RD,SECONDARY_RD,DISTANCE,DIRECTION,INTERSECTION,WEATHER_1,WEATHER_2,STATE_HWY_IND,CALTRANS_COUNTY,CALTRANS_DISTRICT,STATE_ROUTE,ROUTE_SUFFIX,POSTMILE_PREFIX,POSTMILE,LOCATION_TYPE,RAMP_INTERSECTION,SIDE_OF_HWY,TOW_AWAY,COLLISION_SEVERITY,NUMBER_KILLED,NUMBER_INJURED,PARTY_COUNT,PRIMARY_COLL_FACTOR,PCF_CODE_OF_VIOL,PCF_VIOL_CATEGORY,PCF_VIOLATION,PCF_VIOL_SUBSECTION,HIT_AND_RUN,TYPE_OF_COLLISION,MVIW,PED_ACTION,ROAD_SURFACE,ROAD_COND_1,ROAD_COND_2,LIGHTING,CONTROL_DEVICE,CHP_ROAD_TYPE,PEDESTRIAN_ACCIDENT,BICYCLE_ACCIDENT,MOTORCYCLE_ACCIDENT,TRUCK_ACCIDENT,NOT_PRIVATE_PROPERTY,ALCOHOL_INVOLVED,STWD_VEHTYPE_AT_FAULT,CHP_VEHTYPE_AT_FAULT,COUNT_SEVERE_INJ,COUNT_VISIBLE_INJ,COUNT_COMPLAINT_PAIN,COUNT_PED_KILLED,COUNT_PED_INJURED,COUNT_BICYCLIST_KILLED,COUNT_BICYCLIST_INJURED,COUNT_MC_KILLED,COUNT_MC_INJURED,PRIMARY_RAMP,SECONDARY_RAMP,LATITUDE,LONGITUDE,COUNTY,CITY,POINT_X,POINT_Y
90870559,2018,2018-11-29,9420,2018-11-21,1550,020163,,3,2,6,1502,0,1,3,,2,093,"SR-99 S/B TO SR-58","SR-58 (ROSEDALE HWY.)",24.00,N,N,A,-,Y,,,99,,,,R,,S,N,4,0,1,2,A,-,21,22106,,N,C,C,A,A,H,-,A,A,0,,,,,Y,,A,07,0,0,1,0,0,0,0,0,0,"- ","- ",35.383251190185547,-119.04585266113281,KERN,BAKERSFIELD,-119.04585266113281,35.383251190185547
90870587,2018,2018-11-29,9420,2018-11-23,1655,020163,,5,2,9,1500,0,2,4,,1,072,"NILES ST.","ISABELL RD.",126.00,W,N,C,-,N,,,,,,,,,,N,4,0,1,2,A,-,11,21955,,N,G,B,D,B,H,-,D,D,0,Y,,,,Y,,N,60,0,0,1,0,1,0,0,0,0,"- ","- ",35.375911712646484,-118.94541931152344,KERN,UNINCORPORATED,-118.94567108154297,35.375946044921875
90870734,2018,2018-11-29,9426,2018-11-25,1715,019716,,7,2,9,1500,0,1,1,,2,500,"I-5 S/B","LERDO HWY",7920.00,N,N,B,-,Y,,,5,,,,,,S,N,4,0,1,2,A,-,03,22350,,N,C,C,A,A,H,-,D,D,0,,,,,Y,,A,01,0,0,1,0,0,0,0,0,0,"- ","- ",35.520599365234375,-119.55735778808594,KERN,UNINCORPORATED,-119.55741882324219,35.520534515380859
90872002,2018,2018-11-30,9420,2018-11-21,0509,019686,,3,3,9,1500,0,1,3,,2,585,"SR-58 W/B TO SR-99 N/B",SR-58,800.00,N,N,A,-,Y,,,,,,,,,,N,4,0,1,3,A,-,07,21658,A,M,B,C,A,A,H,-,D,D,0,,,,,Y,,-,99,0,0,1,0,0,0,0,0,0,"- ","- ",35.356540679931641,-119.03929138183594,KERN,UNINCORPORATED,,
90872157,2018,2018-11-30,9426,2018-11-25,1700,019896,,7,2,9,1500,0,1,1,,2,504,"I-5 N/B","STOCKDALE HWY",10560.00,S,N,A,-,Y,,,5,,,,,,N,Y,3,0,3,6,A,-,03,22350,,N,B,C,A,A,H,-,D,D,0,,,,Y,Y,,A,01,0,1,2,0,0,0,0,0,0,"- ","- ",35.334861755371094,-119.30728149414062,KERN,UNINCORPORATED,-119.30731201171875,35.334812164306641
90872181,2018,2018-11-30,9426,2018-11-28,1545,014716,,3,2,9,1500,0,1,3,,2,331,SR-33,"TREELINE RD",0.00,,Y,C,-,Y,,,,,,,,,,Y,3,0,1,2,A,-,09,21802,A,N,D,C,A,B,H,-,A,D,0,,,,,Y,,D,22,0,1,0,0,0,0,0,0,0,"- ","- ",35.458000183105469,-119.70307159423828,KERN,UNINCORPORATED,-119.70323944091797,35.454929351806641
90872213,2018,2018-11-30,9420,2018-11-26,1840,020529,,1,2,9,1500,0,1,3,,2,090,SR-99,SR-46,1973.00,S,N,A,-,Y,,,99,,,,,,,Y,3,0,1,1,A,-,08,22107,,N,E,I,A,A,H,-,D,D,0,,,,,Y,,A,01,0,1,0,0,0,0,0,0,0,"- ","- ",35.596668243408203,-119.20967102050781,KERN,UNINCORPORATED,-119.20981597900391,35.596622467041016
90872299,2018,2018-11-30,9420,2018-11-08,1600,018643,,4,2,9,1500,0,1,3,,1,583,"SR-58 (ROSEDALE HIGHWAY)","FRUITVALE AVENUE",0.00,,Y,A,-,Y,,,58,,,,,,,Y,2,0,1,2,A,-,09,21453,C,N,D,C,A,A,H,-,A,A,0,,,Y,,Y,,A,01,1,0,0,0,0,0,0,0,1,"- ","- ",35.383399963378906,-119.07424163818359,KERN,UNINCORPORATED,-119.07424163818359,35.383350372314453
90872318,2018,2018-11-30,9420,2018-11-27,1907,019185,,2,2,6,1502,0,1,3,,2,094,"SR-99 N/B TO PANAMA LANE","PANAMA LANE",14.00,S,N,B,-,Y,,,99,,,,R,,N,N,4,0,1,2,A,-,21,22106,,N,C,C,A,A,H,-,C,A,0,,,,,Y,,D,22,0,0,1,0,0,0,0,0,0,"- ","- ",35.295711517333984,-119.02886962890625,KERN,BAKERSFIELD,-119.02886962890625,35.295711517333984
90872462,2018,2019-06-03,9420,2018-11-28,1120,014770,,3,1,6,1502,0,1,3,,2,585,"SR-58 W/B","MT. VERNON AVE.",1373.00,W,N,B,-,Y,,,,,,,,,,Y,4,0,1,2,A,-,03,22350,,N,C,C,A,A,H,-,A,D,0,,,,,Y,,A,01,0,0,1,0,0,0,0,0,0,"- ","- ",35.211021423339844,-118.58206176757812,KERN,BAKERSFIELD,,
90872471,2018,2018-11-30,9420,2018-11-12,1850,018643,,1,2,9,1500,0,1,3,,2,094,"SR-99 NORTHBOUND","PANAMA LANE",75.00,N,N,A,-,Y,,,99,,,,,,N,Y,3,0,1,2,A,-,01,23152,A,M,C,E,A,A,H,-,C,D,0,,,,,Y,Y,A,07,0,1,0,0,0,0,0,0,0,"- ","- ",35.296199798583984,-119.03029632568359,KERN,UNINCORPORATED,-119.03046417236328,35.296154022216797
90872491,2018,2018-11-30,9420,2018-11-29,1600,020634,,4,2,9,1500,0,1,3,,2,585,"SR-58 W/B","MOUNT VERNON AVE",500.00,E,N,C,-,Y,,,58,,,,,,W,Y,4,0,1,2,A,-,03,22350,,N,C,C,A,B,H,-,A,D,0,,,,,Y,,D,22,0,0,1,0,0,0,0,0,0,"- ","- ",35.353199005126953,-118.96669769287109,KERN,UNINCORPORATED,-118.96669769287109,35.353179931640625
90872524,2018,2018-11-30,9420,2018-11-22,0625,013597,,4,1,9,1500,0,1,3,,2,096,"SR-99 NORTHBOUND","SANDRINI ROAD",1056.00,N,N,E,-,Y,,,,,,,,,,Y,3,0,2,1,A,-,08,22107,,N,F,A,A,B,H,-,D,D,0,,,,,Y,,A,01,0,2,0,0,0,0,0,0,0,"- ","- ",35.073200225830078,-118.59200286865234,KERN,UNINCORPORATED,-118.98892211914062,35.124790191650391
90872527,2018,2018-12-11,9420,2018-11-17,2123,019531,,6,2,9,1500,0,1,3,,2,096,"SR-99 NORTHBOUND (N/B)","SANDRINI ROAD",1600.00,S,N,A,-,Y,,,99,,,,,,N,Y,4,0,2,4,A,-,07,21658,A,M,B,C,A,A,H,-,C,D,0,,,,,Y,,D,22,0,0,2,0,0,0,0,0,0,"- ","- ",35.116920471191406,-118.98625183105469,KERN,UNINCORPORATED,-118.98645782470703,35.116851806640625
90872581,2018,2018-12-07,9420,2018-10-07,1630,019459,,7,2,9,1500,0,3,5,,2,050,"MERLE HAGGARD DRIVE","WINGS WAY",2112.00,W,N,A,-,N,,,,,,,,,,Y,1,1,1,3,A,-,01,23152,A,N,E,I,A,A,H,-,A,D,0,,,,,Y,Y,A,01,0,0,1,0,0,0,0,0,0,"- ","- ",35.442798614501953,-119.05853271484375,KERN,UNINCORPORATED,-119.05900573730469,35.442958831787109
90872667,2018,2018-11-30,9420,2018-11-30,0700,014770,,5,1,9,1500,0,1,3,,2,090,"SR-99 N/B TO LERDO HWY.","LERDO HWY.",175.00,S,N,B,-,Y,,,,,,,,,,N,4,0,1,2,A,-,21,22106,,N,C,C,A,A,H,-,A,D,0,,,,,Y,,A,07,0,0,1,0,0,0,0,0,0,"- ","- ",35.295680999755859,-119.94040679931641,KERN,UNINCORPORATED,-119.16323089599609,35.499649047851562
90872746,2018,2018-11-30,9830,2018-11-24,0738,019271,,6,1,9,1500,0,1,3,,2,010,"SR-58 W/B",KEENE,528.00,W,N,C,-,Y,,,,,,,,,,Y,2,0,2,1,A,-,03,22350,,N,E,I,A,B,H,-,A,D,0,,,,,Y,,A,01,1,1,0,0,0,0,0,0,0,"- ","- ",35.132999420166016,-118.34053802490234,KERN,UNINCORPORATED,,
90873306,2018,2018-12-03,9420,2018-11-21,1515,020040,,3,2,9,1500,0,1,3,,1,583,"SR-58 (ROSEDALE HIGHWAY)","MOHAWK STREET",0.00,,Y,A,-,N,,,58,,,,,,,Y,2,0,3,4,A,-,12,21453,A,N,D,C,A,A,H,-,A,A,0,,,,,Y,,A,01,2,1,0,0,0,0,0,0,0,"- ","- ",35.383388519287109,-119.06529998779297,KERN,UNINCORPORATED,-119.06529998779297,35.383327484130859
90873319,2018,2018-12-03,9420,2018-11-22,0049,019686,,4,3,9,1500,0,1,3,,2,094,"SR-99 N/B","WILSON RD.",100.00,S,N,B,C,Y,,,,,,,,,,Y,4,0,1,2,A,-,01,23152,A,N,E,I,A,B,H,-,D,D,0,,,,,Y,Y,A,01,0,0,1,0,0,0,0,0,0,"- ","- ",35.332050323486328,-119.03949737548828,KERN,UNINCORPORATED,-119.03948211669922,35.331935882568359
90873374,2018,2018-12-03,9420,2018-11-25,1940,019459,,7,2,9,1500,0,2,4,,1,075,"SOUTH UNION AVENUE","HUDSON DRIVE",0.00,,Y,A,-,N,,,,,,,,,,Y,4,0,1,2,A,-,01,23152,A,N,D,C,A,A,H,-,D,D,0,,,,,Y,Y,D,22,0,0,1,0,0,0,0,0,0,"- ","- ",35.275798797607422,-119.00312042236328,KERN,UNINCORPORATED,-119.00315093994141,35.275920867919922
90873950,2018,2018-12-03,9420,2018-11-29,1020,018486,,4,1,9,1500,0,3,5,,2,672,"EDISON HIGHWAY","VINELAND ROAD",0.00,,Y,B,-,N,,,,,,,,,,Y,4,0,1,2,A,-,21,22106,,N,D,C,A,B,H,-,A,D,0,,,,,Y,,A,01,0,0,1,0,0,0,0,0,0,"- ","- ",35.354011535644531,-118.89600372314453,KERN,UNINCORPORATED,-118.89646148681641,35.354038238525391
90874015,2018,2018-12-03,9420,2018-11-29,1118,018626,,4,1,9,1500,0,3,5,,2,050,"MCCRAY ST","NORRIS RD",0.00,,Y,A,-,N,,,,,,,,,,N,4,0,1,2,A,-,12,21453,A,N,D,C,A,A,H,-,A,A,0,,,,,Y,,A,07,0,0,1,0,0,0,0,0,0,"- ","- ",35.419601440429688,-119.03009033203125,KERN,UNINCORPORATED,-119.03005981445312,35.419551849365234
90874401,2018,2018-12-04,9420,2018-11-22,1405,021402,,4,2,9,1500,0,1,3,,1,184,SR-184,"SMITH ROAD",30.00,S,N,A,-,N,,,184,,,,,,,Y,4,0,1,2,A,-,03,22350,,M,C,C,A,A,H,-,A,D,0,,,,,Y,,A,01,0,0,1,0,0,0,0,0,0,"- ","- ",35.342571258544922,-118.91423797607422,KERN,UNINCORPORATED,-118.91427612304688,35.342571258544922
90874430,2018,2018-12-04,9420,2018-11-25,0255,019903,,7,3,9,1500,0,3,5,,2,050,"W DAY AVE","N CHESTER AVE",269.00,E,N,A,-,N,,,,,,,,,,Y,4,0,1,3,A,-,01,23152,F,N,B,E,A,A,H,-,C,D,0,,,,,Y,,A,01,0,0,1,0,0,0,0,0,0,"- ","- ",35.435279846191406,-119.02001190185547,KERN,UNINCORPORATED,-119.02050018310547,35.435188293457031
90874452,2018,2018-12-04,9420,2018-11-26,2255,021547,,1,3,9,1500,0,1,3,,2,178,SR-178,"ELIZABETH NORRIS RD",1291.00,W,N,A,-,Y,,,178,,,,,,,Y,2,0,1,1,A,-,01,23152,A,N,E,I,A,A,H,-,D,D,0,,,,,Y,Y,A,07,1,0,0,0,0,0,0,0,0,"- ","- ",35.610099792480469,-118.49073028564453,KERN,UNINCORPORATED,-118.49069976806641,35.610073089599609
90874463,2018,2018-12-04,9420,2018-11-26,2002,019459,,1,2,9,1500,0,2,4,,1,052,"NORRIS ROAD","MCCRAY STREET",71.00,W,N,A,-,N,,,,,,,,,,N,2,0,1,2,A,-,11,21954,A,N,G,B,D,A,H,-,C,D,0,Y,,,,Y,,N,60,1,0,0,0,1,0,0,0,0,"- ","- ",35.419628143310547,-119.03040313720703,KERN,UNINCORPORATED,-119.03029632568359,35.419544219970703
90874642,2018,2018-12-04,9830,2018-12-01,0943,017237,,6,1,9,1500,0,3,5,,2,001,"RED APPLE AVE","WINESAP ST.",225.00,W,N,B,-,N,,,,,,,,,,Y,3,0,1,2,A,-,03,22350,,N,C,C,A,A,H,-,A,D,0,,,,,Y,,D,22,0,1,0,0,0,0,0,0,0,"- ","- ",35.131698608398438,-118.47309875488281,KERN,UNINCORPORATED,-118.47309112548828,35.131679534912109
90874705,2018,2018-12-04,9830,2018-11-29,1435,019762,,4,2,9,1500,0,1,3,,1,040,"SR-14 S/B","CALIFORNIA CITY BLVD.",2640.00,S,N,B,-,Y,,,14,,,,,,S,Y,4,0,1,1,A,-,08,22107,,N,F,A,A,A,H,-,A,D,0,,,,,Y,,A,01,0,0,1,0,0,0,0,0,0,"- ","- ",35.119060516357422,-118.12918090820312,KERN,UNINCORPORATED,-118.12892913818359,35.118869781494141
90874707,2018,2018-12-04,9426,2018-11-24,1635,019592,,6,2,9,1500,0,1,3,,1,461,"SR-46 W/B","CORCORAN ROAD",3168.00,W,N,A,-,Y,,,46,,,,,,W,Y,4,0,1,1,A,-,08,22107,,N,E,I,A,A,H,-,C,D,0,,,,,Y,,D,22,0,0,1,0,0,0,0,0,0,"- ","- ",35.614288330078125,-119.58838653564453,KERN,UNINCORPORATED,-119.58847045898438,35.614158630371094
90875064,2018,2018-12-04,9420,2018-11-30,1535,020501,,5,2,9,1500,0,1,3,,2,585,"SR-58 W/B","COTTONWOOD RD",1650.00,E,N,A,-,Y,,,58,,,,,,W,N,4,0,3,2,A,-,03,22350,,N,C,C,A,A,D,-,A,D,0,,,,,Y,,D,22,0,0,3,0,0,0,0,0,0,"- ","- ",35.352531433105469,-118.98960113525391,KERN,UNINCORPORATED,-118.98960113525391,35.352554321289062
90875100,2018,2018-12-04,9420,2018-12-01,1300,016973,,6,1,6,1502,0,1,3,,2,094,"SR-99 N/B","MING AVE.",1056.00,N,N,A,-,Y,,,99,,,,,,N,N,4,0,1,2,A,-,08,22107,,N,C,C,A,A,H,-,A,D,0,,,,,Y,,A,01,0,0,1,0,0,0,0,0,0,"- ","- ",35.342899322509766,-119.03935241699219,KERN,BAKERSFIELD,-119.03944396972656,35.342899322509766
90875112,2018,2018-12-04,9420,2018-12-01,1345,020529,,6,1,9,1500,0,1,3,,1,184,SR-184,"FILLMORE AVE.",0.00,,Y,A,-,Y,,,184,,,,,,,Y,4,0,1,2,A,-,21,22106,,N,D,C,A,A,H,-,A,D,0,,,,,Y,,A,01,0,0,1,0,0,0,0,0,0,"- ","- ",35.369930267333984,-118.91416931152344,KERN,UNINCORPORATED,-118.91423797607422,35.369930267333984
90875303,2018,2018-12-04,9830,2018-11-25,2155,019872,,7,2,9,1500,0,1,3,,2,014,"SR-58 W/B","SAND CANYON RD",10560.00,W,N,B,-,Y,,,58,,,,,,W,Y,3,0,1,1,A,-,08,22107,,N,E,I,A,A,H,-,D,D,0,,,,,Y,,A,01,0,1,0,0,0,0,0,0,0,"- ","- ",35.125839233398438,-118.41040802001953,KERN,UNINCORPORATED,-118.41044616699219,35.125816345214844
90875408,2018,2018-12-04,9830,2018-11-27,1708,021903,,2,2,9,1500,0,1,3,,1,052,"SR-178 W/B","PINTO ST",234.00,E,N,A,-,Y,,,178,,,,,,W,Y,4,0,2,2,A,-,03,22350,,N,C,C,A,A,H,-,C,D,0,,,,,Y,,A,01,0,0,2,0,0,0,0,0,0,"- ","- ",35.651958465576172,-117.74610137939453,KERN,UNINCORPORATED,-117.74610137939453,35.651962280273438
90875666,2018,2018-12-05,9420,2018-12-02,1605,021002,,7,2,9,1500,0,3,5,,2,672,"S. CHESTER AVE.","SOUTHGATE DR.",0.00,,Y,A,-,N,,,,,,,,,,N,4,0,1,2,A,-,10,21950,A,N,G,B,B,A,H,-,A,A,0,Y,,,,Y,,A,01,0,0,1,0,1,0,0,0,0,"- ","- ",35.335750579833984,-119.01651763916016,KERN,UNINCORPORATED,-119.01651000976562,35.335800170898438
90875759,2018,2018-12-05,9830,2018-11-23,1555,021870,,5,2,9,1500,0,3,5,,2,004,"JAWBONE CANYON RD",SC175,0.00,,Y,A,-,N,,,,,,,,,,N,4,0,1,2,A,-,09,21802,A,N,D,C,A,A,H,-,A,A,0,,,Y,,Y,,C,02,0,0,1,0,0,0,0,0,1,"- ","- ",35.312629699707031,-118.02944946289062,KERN,UNINCORPORATED,,
9087621,2020,2020-09-18,1506,2020-03-06,1230,9229,21,5,5,4,1506,0,0,0,,0,,"NORTH CHINA LAKE BL","HOWELL AV",90.00,W,N,A,-,Y,KER,6,178,-,-,101.700,H,-,W,N,2,0,1,2,A,-,09,21801,A,N,H,A,A,A,H,-,A,D,0,,,Y,,Y,,A,01,1,0,0,0,0,0,0,0,1,"- ","- ",35.635250091552734,-117.66980743408203,KERN,RIDGECREST,-117.66976165771484,35.635520935058594
90876406,2018,2018-12-05,9420,2018-11-28,1305,014811,,3,1,6,1502,0,1,3,,2,584,"SR-58 E/B","COTTONWOOD ROAD",210.00,E,N,B,C,Y,,,,,,,,,,Y,4,0,3,2,A,-,03,22350,,N,C,C,A,B,H,-,A,D,0,,,,Y,Y,,E,22,0,0,3,0,0,0,0,0,0,"- ","- ",35.325309753417969,-118.92445373535156,KERN,BAKERSFIELD,,
90876440,2018,2018-12-05,9420,2018-11-28,1335,019845,,3,1,6,1502,0,1,3,,2,093,"SR-99 (SOUTHBOUND)",SR-58,100.00,N,N,B,C,Y,,,99,,,,,,,Y,4,0,2,4,A,-,03,22350,,N,D,C,A,B,H,-,A,D,0,,,,Y,Y,,D,22,0,0,2,0,0,0,0,0,0,"- ","- ",35.383651733398438,-119.04483032226562,KERN,BAKERSFIELD,-119.04467010498047,35.383647918701172
9087646,2020,2020-11-24,1500,2020-02-27,1243,201083,WA-02,4,5,3,1510,0,0,0,,0,4401,"F ST","16TH ST",13.40,S,N,A,-,Y,KER,6,43,-,R,23.874,I,5,S,Y,3,0,1,2,A,-,09,21804,A,N,D,C,A,A,H,-,A,A,0,,,,,Y,,A,01,0,1,0,0,0,0,0,0,0,"- ","- ",,,KERN,WASCO,-119.33406829833984,35.583354949951172
90876475,2018,2018-12-05,9420,2018-11-29,0540,016767,,4,3,9,1500,0,3,5,,2,510,"POND ROAD","STRADLEY ROAD",0.00,,Y,B,C,N,,,,,,,,,,Y,4,0,2,2,A,-,05,21752,D,N,D,C,A,B,H,-,C,D,0,,,,Y,Y,,G,25,0,0,2,0,0,0,0,0,0,"- ","- ",35.718299865722656,-119.25669860839844,KERN,UNINCORPORATED,-119.25862884521484,35.717769622802734
90876477,2018,2018-12-05,9430,2018-11-26,1338,016825,,1,1,9,1500,0,1,1,,2,053,"I-5 N/B","#4 TURN THROUGH",858.00,S,N,A,-,Y,,,5,,,,,,N,Y,2,0,1,2,A,-,01,23152,A,N,E,I,A,A,H,-,A,D,0,,,,,Y,Y,D,22,1,0,0,0,0,0,0,0,0,"- ","- ",34.913051605224609,-118.92337036132812,KERN,UNINCORPORATED,-118.92325592041016,34.913074493408203
90876567,2018,2018-12-05,9420,2018-11-17,0649,017256,,6,1,9,1500,0,3,5,,2,510,"POND RD","LYTLE AVE",46.00,W,N,A,-,N,,,,,,,,,,Y,2,0,2,2,A,-,03,22350,,N,C,C,A,A,H,-,A,D,0,,,,,Y,,D,22,1,1,0,0,0,0,0,0,0,"- ","- ",35.717479705810547,-119.30284118652344,KERN,UNINCORPORATED,-119.30317687988281,35.717720031738281
90876818,2018,2018-12-06,9420,2018-11-25,1720,019868,,7,2,4,1503,0,1,3,,2,090,"SR-99 N/B",SR-155,500.00,S,N,A,-,Y,,,99,,,,,,N,N,4,0,2,2,A,-,03,22350,,N,C,C,A,A,H,-,D,D,0,,,,,Y,,A,01,0,0,2,0,0,0,0,0,0,"- ","- ",35.759288787841797,-119.24835205078125,KERN,DELANO,-119.24847412109375,35.759258270263672
90876933,2018,2018-12-06,9420,2018-11-30,1743,019098,,5,2,6,1502,0,1,3,,2,094,"SR-99 N/B","PLANZ ROAD",1056.00,N,N,B,-,Y,,,99,,,,,,N,Y,4,0,1,4,A,-,03,22350,,N,C,C,A,A,H,-,C,D,0,,,,,Y,,A,01,0,0,1,0,0,0,0,0,0,"- ","- ",35.326969146728516,-119.03849029541016,KERN,BAKERSFIELD,-119.03851318359375,35.326961517333984
90877138,2018,2018-12-06,9420,2018-12-01,1900,019856,,6,2,9,1500,0,3,5,,2,040,"OLD ALFRED HARRELL HIGHWAY (4200 BLOCK)","FAIRFAX ROAD",2100.00,W,N,C,-,N,,,,,,,,,,Y,4,0,1,1,A,-,03,22350,,N,E,I,A,B,H,-,D,D,0,,,,,Y,,A,01,0,0,1,0,0,0,0,0,0,"- ","- ",35.423061370849609,-118.95040893554688,KERN,UNINCORPORATED,-118.95570373535156,35.419593811035156
90877231,2018,2018-12-06,9420,2018-12-04,0615,013402,,2,1,9,1500,0,1,3,,2,431,SR-43,"BURBANK ST",0.00,,Y,B,-,Y,,,,,,,,,,Y,4,0,3,2,A,-,09,21802,A,N,D,C,A,A,H,-,D,A,0,,,,,Y,,A,07,0,0,3,0,0,0,0,0,0,"- ","- ",34.470748901367188,-119.26043701171875,KERN,UNINCORPORATED,,
90877301,2018,2018-12-06,9420,2018-12-05,0855,013851,,3,1,6,1502,0,1,3,,2,094,"SR-99 (N/B)","WHITE LANE",1300.00,S,N,B,-,Y,,,99,,,,,,,Y,4,0,1,2,A,-,03,22350,,N,C,C,A,A,H,-,A,D,0,,,,,Y,,A,01,0,0,1,0,0,0,0,0,0,"- ","- ",35.313850402832031,-119.03507232666016,KERN,BAKERSFIELD,-119.03509521484375,35.3138427734375
90877329,2018,2018-12-06,9420,2018-12-05,1725,021002,,3,2,6,1502,0,1,3,,2,585,"SR-58 W/B","HUGHES LN.",360.00,W,N,B,-,Y,,,58,,,,,,W,Y,3,0,1,2,A,-,03,22350,,N,C,C,A,A,H,-,A,D,0,,,,,Y,,D,22,0,1,0,0,0,0,0,0,0,"- ","- ",35.352760314941406,-119.03298187255859,KERN,BAKERSFIELD,-119.03298187255859,35.352771759033203
90877339,2018,2018-12-06,9420,2018-12-05,0720,013597,,3,1,9,1500,0,1,3,,2,223,"SR-223 (BEAR MOUNTAIN BLVD.)","S. FAIRFAX ROAD",2112.00,W,N,B,-,Y,,,,,,,,,,Y,4,0,1,3,A,-,03,22350,,N,C,C,A,A,H,-,A,D,0,,,,,Y,,A,01,0,0,1,0,0,0,0,0,0,"- ","- ",35.123001098632812,-118.56210327148438,KERN,UNINCORPORATED,-118.93926239013672,35.208671569824219
90877502,2018,2018-12-06,9420,2018-11-24,0012,018932,,6,3,9,1500,0,1,3,,1,583,"SR-58 (ROSEDALE HIGHWAY)","MOHAWK STREET",0.00,,Y,A,-,Y,,,58,,,,,,,Y,4,0,1,2,A,-,05,21651,B,M,D,C,A,A,H,-,C,A,0,,,,,Y,,D,22,0,0,1,0,0,0,0,0,0,"- ","- ",35.38330078125,-119.06549835205078,KERN,UNINCORPORATED,-119.06549835205078,35.383327484130859
90877857,2018,2018-12-07,9420,2018-11-29,2043,020634,,4,2,9,1500,0,3,5,,2,610,"S. CHESTER AVENUE","SOUTHGATE DRIVE",35.00,N,N,C,-,N,,,,,,,,,,N,4,0,1,2,A,-,03,22350,,N,C,C,A,B,H,-,D,A,0,,,,,Y,,A,07,0,0,1,0,0,0,0,0,0,"- ","- ",35.335899353027344,-119.0166015625,KERN,UNINCORPORATED,-119.01656341552734,35.335884094238281
90877875,2018,2018-12-07,9420,2018-11-23,1420,018117,,5,2,9,1500,0,2,4,,1,075,"S. UNION AVE",SR-223,5386.00,S,N,B,-,N,,,,,,,,,,Y,4,0,1,2,A,-,05,21651,A,N,E,J,A,A,H,-,A,D,0,,,,,Y,,A,01,0,0,1,0,0,0,0,0,0,"- ","- ",35.193710327148438,-119.0030517578125,KERN,UNINCORPORATED,-119.00344085693359,35.193805694580078
90877914,2018,2018-12-07,9420,2018-11-27,1620,015896,,2,2,9,1500,0,3,5,,2,060,"MEACHAM RD","VERDUGO LN",0.00,,Y,A,-,N,,,,,,,,,,Y,2,0,2,2,A,-,09,21453,C,N,D,C,A,A,A,-,A,A,0,,,,,Y,,A,01,1,1,0,0,0,0,0,0,0,"- ","- ",35.390701293945312,-119.11910247802734,KERN,UNINCORPORATED,-119.11897277832031,35.390708923339844
90878029,2018,2018-12-07,9420,2018-12-07,0123,019686,,5,3,9,1500,0,1,3,,1,184,SR-184,SR-58,200.00,N,N,A,-,Y,,,184,,,,,,,N,4,0,1,2,A,-,09,21802,A,N,D,C,A,A,H,-,C,D,0,,,,Y,Y,,G,25,0,0,1,0,0,0,0,0,0,"- ","- ",35.353298187255859,-118.91422271728516,KERN,UNINCORPORATED,-118.91419982910156,35.353298187255859
90878045,2018,2018-12-07,9420,2018-11-25,2205,019649,,7,3,9,1500,0,3,5,,2,070,"HALEY ST","BERNARD ST",0.00,,Y,A,-,N,,,,,,,,,,N,4,0,2,2,A,-,01,23152,A,M,D,C,A,A,H,-,C,A,0,,,,,Y,Y,A,01,0,0,2,0,0,0,0,0,0,"- ","- ",35.232051849365234,-118.58367919921875,KERN,UNINCORPORATED,-118.97686004638672,35.388889312744141
90878048,2018,2018-12-07,9420,2018-11-27,2200,016828,,2,3,9,1500,0,1,3,,2,430,SR-43,"WHISLER ROAD",0.00,,Y,A,-,Y,,,,,,,,,,Y,4,0,1,1,A,-,12,22450,A,N,E,I,A,A,H,-,D,A,0,,,,,Y,,A,01,0,0,1,0,0,0,0,0,0,"- ","- ",35.644809722900391,-119.33222198486328,KERN,UNINCORPORATED,-119.33101654052734,35.645061492919922
90878288,2018,2018-12-07,9420,2018-12-05,1520,021260,,3,2,9,1500,0,1,3,,2,585,"SR-58 WESTBOUND","MT VERNON AVENUE",1584.00,E,N,B,-,Y,,,,,,,,,,Y,4,0,2,2,A,-,03,22350,,N,C,C,A,A,H,-,A,D,0,,,,,Y,,A,01,0,0,2,0,0,0,0,0,0,"- ","- ",35.352668762207031,-118.95673370361328,KERN,UNINCORPORATED,,