CASE_ID,ACCIDENT_YEAR,PROC_DATE,JURIS,COLLISION_DATE,COLLISION_TIME,OFFICER_ID,REPORTING_DISTRICT,DAY_OF_WEEK,CHP_SHIFT,POPULATION,CNTY_CITY_LOC,SPECIAL_COND,BEAT_TYPE,CHP_BEAT_TYPE,CITY_DIVISION_LAPD,CHP_BEAT_CLASS,BEAT_NUMBER,PRIMARY_RD,SECONDARY_RD,DISTANCE,DIRECTION,INTERSECTION,WEATHER_1,WEATHER_2,STATE_HWY_IND,CALTRANS_COUNTY,CALTRANS_DISTRICT,STATE_ROUTE,ROUTE_SUFFIX,POSTMILE_PREFIX,POSTMILE,LOCATION_TYPE,RAMP_INTERSECTION,SIDE_OF_HWY,TOW_AWAY,COLLISION_SEVERITY,NUMBER_KILLED,NUMBER_INJURED,PARTY_COUNT,PRIMARY_COLL_FACTOR,PCF_CODE_OF_VIOL,PCF_VIOL_CATEGORY,PCF_VIOLATION,PCF_VIOL_SUBSECTION,HIT_AND_RUN,TYPE_OF_COLLISION,MVIW,PED_ACTION,ROAD_SURFACE,ROAD_COND_1,ROAD_COND_2,LIGHTING,CONTROL_DEVICE,CHP_ROAD_TYPE,PEDESTRIAN_ACCIDENT,BICYCLE_ACCIDENT,MOTORCYCLE_ACCIDENT,TRUCK_ACCIDENT,NOT_PRIVATE_PROPERTY,ALCOHOL_INVOLVED,STWD_VEHTYPE_AT_FAULT,CHP_VEHTYPE_AT_FAULT,COUNT_SEVERE_INJ,COUNT_VISIBLE_INJ,COUNT_COMPLAINT_PAIN,COUNT_PED_KILLED,COUNT_PED_INJURED,COUNT_BICYCLIST_KILLED,COUNT_BICYCLIST_INJURED,COUNT_MC_KILLED,COUNT_MC_INJURED,PRIMARY_RAMP,SECONDARY_RAMP,LATITUDE,LONGITUDE,COUNTY,CITY,POINT_X,POINT_Y
90885864,2018,2018-12-19,9420,2018-12-18,1735,021260,,2,2,9,1500,0,3,5,,2,070,"KENTUCKY STREET (1800 BLOCK)","CENTER STREET",1056.00,W,N,A,-,N,,,,,,,,,,N,4,0,1,2,A,-,21,22106,,F,C,G,A,A,H,-,C,D,0,,Y,,,Y,,-,99,0,0,1,0,0,0,1,0,0,"- ","- ",35.373958587646484,-118.97154998779297,KERN,UNINCORPORATED,-118.97267150878906,35.374168395996094
90885888,2018,2018-12-19,9830,2018-12-11,2140,019367,,2,2,9,1500,0,3,5,,2,001,"BAILEY RD","GIRAUDO RD",1.00,S,N,E,-,N,,,,,,,,,,Y,2,0,1,1,A,-,01,23152,A,N,E,J,A,A,H,-,D,D,0,,,,,Y,Y,A,07,1,0,0,0,0,0,0,0,0,"- ","- ",35.123428344726562,-118.59274291992188,KERN,UNINCORPORATED,-118.59281921386719,35.123477935791016
90885911,2018,2018-12-19,9420,2018-11-23,2347,021140,,5,3,9,1500,0,1,3,,2,091,"STATE ROUTE 99 SOUTHBOUND","PERKINS AVENUE OVERCROSSING",64.00,N,N,A,-,Y,,,,,,,,,,Y,1,1,0,1,A,-,08,22107,,N,E,J,A,A,H,-,D,D,0,,,,,Y,,D,22,0,0,0,0,0,0,0,0,0,"- ","- ",35.682910919189453,-119.22878265380859,KERN,UNINCORPORATED,-119.22866821289062,35.682903289794922
90885919,2018,2019-01-22,9420,2018-11-04,2105,020634,,7,2,9,1500,0,1,3,,2,589,"STATE ROUTE 58 WESTBOUND","STATE ROUTE 223",60.00,W,N,A,G,Y,,,58,,,,,,W,Y,1,1,0,2,A,-,11,21954,A,N,G,B,E,A,H,-,C,D,0,Y,,,,Y,,N,60,0,0,0,1,0,0,0,0,0,"- ","- ",35.264400482177734,-118.65889739990234,KERN,UNINCORPORATED,-118.65890502929688,35.26434326171875
90885936,2018,2018-12-19,9830,2018-12-04,1640,014565,,2,2,9,1500,0,3,5,,2,003,"DIAMOND ST.","LOCUST ST.",55.00,N,N,B,-,N,,,,,,,,,,N,4,0,1,2,A,-,21,22106,,M,H,C,A,A,H,-,A,D,0,,,,,Y,,A,01,0,0,1,0,0,0,0,0,0,"- ","- ",34.862850189208984,-118.1644287109375,KERN,UNINCORPORATED,-118.16439819335938,34.862751007080078
90885979,2018,2018-12-19,9420,2018-12-10,1700,019185,,1,2,9,1500,0,3,5,,2,672,"EDISON ROAD","KENMAR LANE",1584.00,S,N,B,-,N,,,,,,,,,,Y,3,0,1,2,A,-,05,21650,,F,B,C,A,A,H,-,D,D,0,,,,,Y,,M,46,0,1,0,0,0,0,0,0,0,"- ","- ",35.160560607910156,-118.87811279296875,KERN,UNINCORPORATED,-118.87807464599609,35.160560607910156
90886031,2018,2018-12-19,9420,2018-12-08,2015,018486,,6,2,9,1500,0,1,3,,2,177,SR-178,"PG&E POWER HOUSE",8976.00,E,N,B,-,Y,,,178,,,,,,,Y,4,0,1,1,A,-,08,22107,,N,F,I,A,A,H,-,D,D,0,,,,,Y,,A,01,0,0,1,0,0,0,0,0,0,"- ","- ",35.460601806640625,-118.77149963378906,KERN,UNINCORPORATED,-118.77150726318359,35.460502624511719
90886086,2018,2018-12-19,9420,2018-12-07,1530,019140,,5,2,6,1502,1,4,S,,2,901,"JEWETTA AVENUE","EAGLE ROCK DRIVE",276.00,N,N,A,B,N,,,,,,,,,,N,4,0,3,2,A,-,08,22107,,N,B,C,A,A,H,-,A,D,0,,,,,Y,,H,13,0,0,3,0,0,0,0,0,0,"- ","- ",35.364810943603516,-119.12793731689453,KERN,BAKERSFIELD,-119.12792205810547,35.364715576171875
90886123,2018,2018-12-19,9420,2018-12-11,1403,019185,,2,2,9,1500,0,3,5,,2,671,"BUENA VISTA BOULEVARD","COMANCHE DRIVE",0.00,,Y,B,-,N,,,,,,,,,,Y,4,0,2,2,A,-,12,22450,A,N,D,C,A,A,H,-,A,A,0,,,,,Y,,A,01,0,0,2,0,0,0,0,0,0,"- ","- ",35.238121032714844,-118.84253692626953,KERN,UNINCORPORATED,-118.84253692626953,35.238128662109375
90886267,2018,2018-12-19,9420,2018-12-15,0613,016613,,6,1,9,1500,0,3,5,,2,060,"FRUITVALE AVE","DOWNING AVE",20.00,S,N,A,-,N,,,,,,,,,,Y,3,0,3,2,A,-,09,21801,A,N,D,C,A,A,H,-,B,D,0,,,,,Y,,A,01,0,3,0,0,0,0,0,0,0,"- ","- ",35.390129089355469,-119.07443237304688,KERN,UNINCORPORATED,-119.07436370849609,35.390464782714844
90886278,2018,2018-12-19,9426,2018-12-18,0555,018023,,2,3,9,1500,0,3,5,,2,087,SR-223,"COLES LEVEE RD",0.00,,Y,A,-,Y,,,,,,,,,,Y,4,0,1,1,A,-,12,22450,A,N,E,I,A,A,H,-,D,A,0,,,,,Y,,A,01,0,0,1,0,0,0,0,0,0,"- ","- ",35.205909729003906,-119.23291778564453,KERN,UNINCORPORATED,,
90886384,2018,2018-12-19,9420,2018-12-17,0625,016767,,1,1,9,1500,0,1,3,,1,650,"SR-65 N/B","MERCED AVENUE",350.00,N,N,B,-,Y,,,65,,,,,,N,N,3,0,1,2,A,-,03,22350,,N,C,C,A,A,H,-,B,D,0,,,,,Y,,D,22,0,1,0,0,0,0,0,0,0,"- ","- ",35.532001495361328,-119.08339691162109,KERN,UNINCORPORATED,-119.08311462402344,35.532070159912109
90886402,2018,2018-12-19,9420,2018-12-17,0610,018643,,1,1,9,1500,0,3,5,,2,610,"KENNY STREET","WHITE LANE",0.00,,Y,B,-,N,,,,,,,,,,Y,3,0,1,2,A,-,09,21802,A,N,D,C,A,B,H,-,C,D,0,,,,,Y,,A,07,0,1,0,0,0,0,0,0,0,"- ","- ",35.317630767822266,-119.00837707519531,KERN,UNINCORPORATED,-119.00836944580078,35.317741394042969
90886754,2018,2018-12-20,9830,2018-12-12,0450,019367,,3,3,9,1500,0,2,4,,1,042,"BUSINESS 58 NORTH","SR-58 E/B",702.00,S,N,A,-,N,,,,,,,,,,Y,3,0,2,2,A,-,08,22105,,N,D,C,A,A,H,-,C,A,0,,,,,Y,,D,22,0,2,0,0,0,0,0,0,0,"- ","- ",35.111789703369141,-118.18016815185547,KERN,UNINCORPORATED,-118.18000030517578,35.111766815185547
90886781,2018,2018-12-20,9420,2018-12-12,1835,016691,,3,2,9,1500,0,2,4,,1,051,"N. CHESTER AVE S/B","MCCORD AVE",190.00,S,N,A,-,N,,,,,,,,,,N,2,0,1,2,A,-,11,21954,A,N,G,B,D,A,H,-,C,A,0,Y,,,,Y,Y,N,60,1,0,0,0,1,0,0,0,0,"- ","- ",35.406021118164062,-119.02102661132812,KERN,UNINCORPORATED,-119.02105712890625,35.406269073486328
90886783,2018,2018-12-20,9420,2018-12-17,0955,014811,,1,1,9,1500,0,1,3,,2,223,SR-223,"WIBLE ROAD",0.00,,Y,A,-,N,,,223,,,,,,,Y,4,0,1,2,A,-,05,21752,D,N,B,C,A,A,H,-,A,A,0,,,,Y,Y,,D,22,0,0,1,0,0,0,0,0,0,"- ","- ",35.208728790283203,-119.03923034667969,KERN,UNINCORPORATED,-119.03923034667969,35.208717346191406
90886799,2018,2018-12-20,9420,2018-12-13,0720,016973,,4,1,9,1500,0,3,5,,2,050,"MERLE HAGGARD DR.","N. CHESTER AVE.",0.00,,Y,A,-,N,,,,,,,,,,N,4,0,1,2,A,-,10,21950,A,N,G,B,B,A,H,-,A,A,0,Y,,,,Y,,A,07,0,0,1,0,1,0,0,0,0,"- ","- ",35.439868927001953,-119.02153015136719,KERN,UNINCORPORATED,-119.021559,35.439866000000002
90886918,2018,2018-12-20,9420,2018-12-13,1753,019185,,4,2,9,1500,0,3,5,,2,671,"DIGIORGIO ROAD","VINELAND ROAD",1109.00,W,N,A,-,N,,,,,,,,,,Y,3,0,1,1,A,-,08,22107,,N,E,I,A,A,H,-,D,D,0,,,,,Y,,A,01,0,1,0,0,0,0,0,0,0,"- ","- ",35.252521514892578,-118.90010833740234,KERN,UNINCORPORATED,-118.89998626708984,35.252464294433594
90887146,2018,2018-12-20,9420,2018-12-19,1040,013475,,3,1,6,1502,0,1,3,,2,095,"SR-99 S/B","BELLE TERRACE",100.00,S,N,A,-,Y,,,99,,,,,,S,N,4,0,1,2,A,-,03,22350,,N,C,C,A,A,D,-,A,D,0,,,,,Y,,J,41,0,0,1,0,0,0,0,0,0,"- ","- ",35.345951080322266,-119.03970336914062,KERN,BAKERSFIELD,-119.03968048095703,35.345951080322266
90887156,2018,2019-01-18,9420,2018-12-19,0740,016153,,3,1,9,1500,0,1,3,,1,583,"SR-58 (ROSEDALE HWY.) E/B","MOHAWK ST.",0.00,,Y,A,-,Y,,,58,,,,,,E,N,4,0,1,2,D,-,00,,,N,D,C,A,A,H,-,A,A,0,,,,,Y,,-,"- ",0,0,1,0,0,0,0,0,0,"- ","- ",35.3831787109375,-119.06536865234375,KERN,UNINCORPORATED,-119.06536865234375,35.383327484130859
90887311,2018,2018-12-20,9420,2018-12-14,1440,016613,,5,2,9,1500,0,3,5,,2,672,"PANAMA LANE","MALAGA ROAD",0.00,,Y,A,-,N,,,,,,,,,,Y,2,0,3,2,A,-,05,21752,D,N,D,C,A,A,H,-,A,A,0,,,,,Y,,A,07,2,0,1,0,0,0,0,0,0,"- ","- ",35.296310424804688,-118.86019897460938,KERN,UNINCORPORATED,-118.8607177734375,35.296348571777344
90887800,2018,2018-12-21,9420,2018-12-18,1655,015896,,2,2,9,1500,0,3,5,,2,610,"ALLEN RD","OLD TOWN RD",0.00,,Y,A,-,N,,,,,,,,,,Y,4,0,1,2,A,-,09,21801,A,N,D,C,A,A,H,-,C,D,0,,,,,Y,,A,01,0,0,1,0,0,0,0,0,0,"- ","- ",35.373401641845703,-119.14559936523438,KERN,UNINCORPORATED,-119.14553070068359,35.373390197753906
90887805,2018,2018-12-21,9420,2018-12-16,0035,019531,,7,3,9,1500,0,1,3,,2,204,"SR-204 N/B TO SR-99 N/B","AIRPORT DRIVE",1056.00,N,N,A,-,Y,,,204,,,,R,,N,Y,2,0,2,1,A,-,01,23152,A,N,E,I,A,A,H,-,D,D,0,,,,,Y,Y,A,01,1,0,1,0,0,0,0,0,0,"- ","- ",35.404041290283203,-119.04512023925781,KERN,UNINCORPORATED,-119.04512023925781,35.404041290283203
90887847,2018,2018-12-21,9420,2018-12-18,1305,017972,,2,1,9,1500,0,2,4,,1,051,"AIRPORT DR","OLIVE DR.",20.00,N,N,A,-,N,,,,,,,,,,Y,4,0,2,2,A,-,03,22350,,N,C,C,A,A,H,-,A,A,0,,,,,Y,,A,01,0,0,2,0,0,0,0,0,0,"- ","- ",35.412338256835938,-119.03909301757812,KERN,UNINCORPORATED,-119.03909301757812,35.412322998046875
90887900,2018,2018-12-21,9420,2018-12-15,2115,019856,,6,2,9,1500,0,2,4,,1,052,"NORRIS ROAD","WELLS AVENUE",0.00,,Y,A,-,N,,,,,,,,,,Y,2,0,3,2,A,-,01,23152,A,N,A,C,A,A,H,-,C,A,0,,,,,Y,Y,D,22,2,0,1,0,0,0,0,0,0,"- ","- ",34.419509887695312,-119.02561187744141,KERN,UNINCORPORATED,-119.02558898925781,35.419521331787109
90888022,2018,2018-12-21,9420,2018-12-15,1334,019856,,6,1,9,1500,0,2,4,,1,051,"GOLDENROD STREET (2400 BLOCK)","WEST CHINA GRADE LOOP",55.00,N,N,A,-,N,,,,,,,,,,N,4,0,2,2,A,-,03,22350,,N,C,E,A,A,H,-,A,D,0,,,,,Y,,A,01,0,0,2,0,0,0,0,0,0,"- ","- ",35.427501678466797,-119.03347015380859,KERN,UNINCORPORATED,-119.03352355957031,35.427291870117188
90888097,2018,2018-12-21,9426,2018-12-15,1831,016953,,6,2,9,1500,0,1,3,,2,582,SR-58,"BRANDT ROAD",2640.00,E,N,A,-,Y,,,58,,,,,,,Y,2,0,2,2,A,-,01,23152,A,N,A,C,A,A,H,-,D,D,0,,,,,Y,Y,D,22,2,0,0,0,0,0,0,0,0,"- ","- ",35.398811340332031,-119.37001800537109,KERN,UNINCORPORATED,-119.37001800537109,35.398731231689453
90888108,2018,2018-12-21,9426,2018-12-13,1540,018909,,4,2,9,1500,0,1,1,,2,500,"I-5 S/B","TWISSELMAN RD",200.00,S,N,A,-,Y,,,5,,,,,,S,Y,4,0,1,2,A,-,07,21658,A,N,B,C,A,A,H,-,A,D,0,,,,Y,Y,,A,01,0,0,1,0,0,0,0,0,0,"- ","- ",35.731609344482422,-119.73928070068359,KERN,UNINCORPORATED,-119.73929595947266,35.731597900390625
90888640,2018,2018-12-24,9420,2018-12-11,1329,019140,,2,1,9,1500,0,3,5,,2,060,"ALLEN ROAD","HEGEMAN ROAD",400.00,S,N,B,-,N,,,,,,,,,,Y,3,0,1,1,A,-,08,22107,,N,F,I,A,A,H,-,A,D,0,,,,,Y,,A,01,0,1,0,0,0,0,0,0,0,"- ","- ",35.396690368652344,-119.14607238769531,KERN,UNINCORPORATED,-119.14548492431641,35.398292541503906
90888642,2018,2018-12-31,9420,2018-12-17,1205,016767,,1,1,9,1500,0,3,5,,2,510,"DRIVER ROAD","CECIL AVENUE",0.00,,Y,B,C,N,,,,,,,,,,Y,2,0,4,2,A,-,12,22450,A,N,D,C,A,B,H,-,A,A,0,,,,,Y,,A,01,1,2,1,0,0,0,0,0,0,"- ","- ",35.775901794433594,-119.20529937744141,KERN,UNINCORPORATED,-119.20529937744141,35.775848388671875
90888658,2018,2018-12-24,9420,2018-12-18,1536,020529,,2,2,9,1500,0,2,4,,1,072,"NILES ST.","BARLOW ST",0.00,,Y,B,-,N,,,,,,,,,,Y,4,0,4,3,A,-,12,21453,A,N,D,C,A,A,H,-,A,A,0,,,,,Y,,D,22,0,0,4,0,0,0,0,0,0,"- ","- ",35.375759124755859,-118.95858001708984,KERN,UNINCORPORATED,-118.95854949951172,35.375839233398438
90888767,2018,2018-12-24,9420,2018-12-15,1740,020402,,6,2,9,1500,0,3,5,,2,671,"HALL ROAD","SAN DIEGO STREET",150.00,E,N,A,-,N,,,,,,,,,,N,4,0,1,2,A,-,08,22107,,M,A,C,A,A,H,-,C,D,0,,,,,Y,,A,01,0,0,1,0,0,0,0,0,0,"- ","- ",35.259689331054688,-118.91825866699219,KERN,UNINCORPORATED,-118.91830444335938,35.2596435546875
90888770,2018,2018-12-24,9830,2018-12-11,1410,014565,,2,2,9,1500,0,3,5,,2,003,"15TH ST. WEST","MONTE VISTA AVE.",528.00,N,N,A,-,N,,,,,,,,,,Y,4,0,1,3,A,-,08,22107,,N,C,E,A,A,H,-,A,D,0,,,,,Y,,A,01,0,0,1,0,0,0,0,0,0,"- ","- ",34.869270324707031,-118.158203125,KERN,UNINCORPORATED,-118.15828704833984,34.869155883789062
90888836,2018,2018-12-24,9426,2018-12-19,0910,017581,,3,1,9,1500,0,1,1,,2,502,"I-5 S/B",SR-58,2640.00,N,N,A,-,Y,,,5,,,,,,S,Y,4,0,1,2,A,-,08,22107,,N,B,C,A,A,H,-,A,D,0,,,,Y,Y,,A,07,0,0,1,0,0,0,0,0,0,"- ","- ",35.406040191650391,-119.40735626220703,KERN,UNINCORPORATED,-119.40737915039062,35.406013488769531
90888878,2018,2018-12-24,9830,2018-12-13,0945,014774,,4,1,9,1500,0,1,3,,2,012,"SR-58 E/B","TEHACHAPI WILLOW SPRINGS RD",7920.00,E,N,A,-,Y,,,58,,,,,,E,Y,2,0,2,1,A,-,08,22107,,N,E,I,A,A,H,-,A,D,0,,,,,Y,,D,22,2,0,0,0,0,0,0,0,0,"- ","- ",35.115020751953125,-118.36975860595703,KERN,UNINCORPORATED,-118.36976623535156,35.114952087402344
90888880,2018,2018-12-24,9420,2018-12-16,1710,021134,,7,2,9,1500,0,2,4,,1,071,"MT VERNON AVE","KENTUCKY ST",280.00,S,N,A,-,N,,,,,,,,,,Y,4,0,3,3,A,-,08,22107,,F,A,C,A,A,H,-,B,D,0,,,,,Y,,D,22,0,0,3,0,0,0,0,0,0,"- ","- ",35.372280120849609,-118.96749877929688,KERN,UNINCORPORATED,-118.96759033203125,35.372310638427734
90888977,2018,2018-12-24,9830,2018-12-17,0320,021470,,1,3,9,1500,0,3,5,,2,005,"REDROCK RANDSBURG RD",SR-14,4752.00,E,N,A,-,N,,,,,,,,,,Y,4,0,2,2,A,-,08,22107,,N,B,C,A,A,H,-,D,D,0,,,,,Y,,A,07,0,0,2,0,0,0,0,0,0,"- ","- ",35.318931579589844,-117.97305297851562,KERN,UNINCORPORATED,-117.97324371337891,35.318836212158203
90889071,2018,2018-12-24,9420,2018-12-20,0130,020040,,4,3,6,1502,0,1,3,,2,093,"SR-99 S/B","NORRIS ROAD",1584.00,N,N,A,-,Y,,,,,,,,,,Y,3,0,1,2,A,-,01,23152,A,M,C,C,A,A,H,-,D,D,0,,,,Y,Y,Y,A,01,0,1,0,0,0,0,0,0,0,"- ","- ",35.392189025878906,-118.95039367675781,KERN,BAKERSFIELD,,
90889187,2018,2018-12-24,9420,2018-12-18,0810,016926,,2,1,9,1500,0,3,5,,2,060,"NORRIS ROAD","COFFEE ROAD",40.00,E,N,A,-,N,,,,,,,,,,Y,4,0,1,3,A,-,03,22350,,N,C,C,A,A,H,-,A,A,0,,,,,Y,,A,01,0,0,1,0,0,0,0,0,0,"- ","- ",35.766231536865234,-119.77632904052734,KERN,UNINCORPORATED,-119.09211730957031,35.419689178466797
90889226,2018,2018-12-24,9420,2018-12-19,0625,016767,,3,1,9,1500,0,3,5,,2,550,"KIMBERLINA ROAD","SHAFTER AVENUE",0.00,,Y,B,E,N,,,,,,,,,,Y,3,0,4,2,A,-,09,21801,A,N,A,C,A,A,H,-,B,D,0,,,,,Y,,A,01,0,4,0,0,0,0,0,0,0,"- ","- ",35.558101654052734,-119.27770233154297,KERN,UNINCORPORATED,-119.27752685546875,35.558208465576172
90889444,2018,2018-12-24,9430,2018-12-21,1302,018416,,5,1,9,1500,0,1,1,,2,052,"I-5 S/B","LEBEC O/C",2640.00,N,N,A,-,Y,,,5,,,,,,S,Y,3,0,1,2,A,-,03,22350,,N,C,C,A,A,H,-,A,D,0,,,,,Y,,A,01,0,1,0,0,0,0,0,0,0,"- ","- ",34.841999053955078,-118.86505126953125,KERN,UNINCORPORATED,-118.86497497558594,34.842060089111328
90889813,2018,2018-12-26,9420,2018-12-14,1730,021186,,5,2,6,1502,0,1,3,,2,093,"SR-99 S/B","CALIFORNIA AVE",528.00,N,N,B,-,Y,,,99,,,,,,S,Y,3,0,5,2,A,-,03,22350,,N,C,C,A,A,H,-,C,D,0,,,,,Y,,A,01,0,1,4,0,0,0,0,0,0,"- ","- ",35.369991302490234,-119.04280853271484,KERN,BAKERSFIELD,-119.04270172119141,35.370037078857422
90889828,2018,2018-12-26,9420,2018-12-18,1740,021140,,2,2,9,1500,0,3,5,,2,050,"BELLE AVENUE","SEQUOIA DRIVE",0.00,,Y,A,-,N,,,,,,,,,,N,3,0,1,2,A,-,09,21802,A,F,H,G,A,A,H,-,D,A,0,,Y,,,Y,,L,04,0,1,0,0,0,0,1,0,0,"- ","- ",35.410270690917969,-119.03414154052734,KERN,UNINCORPORATED,-119.03414916992188,35.410598754882812
90890009,2018,2018-12-26,9830,2018-12-20,1120,014518,,4,1,9,1500,0,2,4,,1,034,"ROSAMOND BOULEVARD","GLENDOWER STREET",0.00,,Y,A,-,N,,,,,,,,,,Y,4,0,4,2,A,-,09,21802,A,N,D,C,A,A,H,-,A,A,0,,,,,Y,,A,01,0,0,4,0,0,0,0,0,0,"- ","- ",34.864391326904297,-118.16903686523438,KERN,UNINCORPORATED,-118.1690673828125,34.864311218261719
90890044,2018,2018-12-26,9420,2018-12-18,1430,021134,,2,2,9,1500,0,2,4,,1,071,"EDISON HWY","OGDEN ST",200.00,W,N,A,-,N,,,,,,,,,,N,4,0,1,2,D,-,00,,,N,B,C,A,A,H,-,A,D,0,,,,,Y,,-,"- ",0,0,1,0,0,0,0,0,0,"- ","- ",35.372749328613281,-118.97480010986328,KERN,UNINCORPORATED,-118.97467803955078,35.372795104980469
90890229,2018,2018-12-26,9830,2018-12-23,1010,014774,,7,1,9,1500,0,1,3,,2,043,"SR-58 E/B OFF RAMP","BUSINESS 58 NORTH",0.00,,Y,B,-,Y,,,58,,,,R,,E,Y,4,0,1,2,A,-,09,21802,A,N,D,C,A,A,H,-,A,A,0,,,,,Y,,A,07,0,0,1,0,0,0,0,0,0,"- ","- ",35.112079620361328,-118.17999267578125,KERN,UNINCORPORATED,-118.17999267578125,35.112079620361328
90890503,2018,2018-12-26,9420,2018-12-21,1651,019442,,5,2,9,1500,0,1,3,,2,091,"SR-99 S/B","MERCED AVE.",2640.00,S,N,A,-,Y,,,99,,,,,,S,N,4,0,1,1,A,-,08,22107,,N,E,I,A,A,H,-,B,D,0,,,,,Y,,A,01,0,0,1,0,0,0,0,0,0,"- ","- ",35.525501251220703,-119.18829345703125,KERN,UNINCORPORATED,-119.18842315673828,35.525444030761719
90890943,2018,2018-12-27,9420,2018-12-20,1450,018445,,4,2,9,1500,0,3,5,,2,530,"LERDO HIGHWAY","GRIFFITH STREET",1123.00,W,N,A,-,N,,,,,,,,,,Y,2,0,1,1,A,-,08,22107,,N,E,I,A,A,H,-,A,D,0,,,,,Y,,D,22,1,0,0,0,0,0,0,0,0,"- ","- ",35.295951843261719,-119.20420837402344,KERN,UNINCORPORATED,-119.34506225585938,35.500034332275391
90890962,2018,2018-12-27,9420,2018-12-20,0230,019845,,4,3,9,1500,0,2,4,,1,077,"S. FAIRFAX ROAD","DI GIORGIO ROAD",1584.00,N,N,A,-,N,,,,,,,,,,Y,4,0,1,1,A,-,08,22107,,M,E,I,A,A,H,-,D,D,0,,,,,Y,,A,01,0,0,1,0,0,0,0,0,0,"- ","- ",35.259281158447266,-118.93215179443359,KERN,UNINCORPORATED,-118.93212127685547,35.256744384765625
90891022,2018,2018-12-27,9830,2018-12-25,1040,014518,,2,1,9,1500,0,1,3,,2,014,"SR-58 W/B","BUSINESS ROUTE 58 NORTH O/C",8976.00,W,N,B,-,Y,,,58,,,,,,W,Y,3,0,2,2,A,-,08,22107,,N,B,C,A,A,H,-,A,D,0,,,,Y,Y,,A,08,0,2,0,0,0,0,0,0,0,"- ","- ",35.117439270019531,-118.20934295654297,KERN,UNINCORPORATED,-118.20934295654297,35.117397308349609
90891112,2018,2018-12-27,9420,2018-12-22,1620,019098,,6,2,6,1502,0,1,3,,2,095,"SR-99 S/B","MING AVENUE",2112.00,N,N,B,-,Y,,,,,,,,,,N,4,0,3,3,A,-,04,21703,,N,C,C,A,A,D,E,A,D,0,,,,,Y,,A,01,0,0,3,0,0,0,0,0,0,"- ","- ",35.204608917236328,-119.22339630126953,KERN,BAKERSFIELD,-119.0396728515625,35.3453369140625
90891151,2018,2018-12-27,9420,2018-12-22,2239,019686,,6,3,9,1500,0,3,5,,2,620,"RENFRO RD.","ALMOND CREST PL.",40.00,N,N,A,-,N,,,,,,,,,,Y,4,0,1,2,A,-,03,22350,,N,C,C,A,A,H,-,C,D,0,,,,,Y,,A,01,0,0,1,0,0,0,0,0,0,"- ","- ",35.374660491943359,-119.16342163085938,KERN,UNINCORPORATED,-119.163330078125,35.374588012695312
90891208,2018,2019-01-02,9426,2018-12-14,0830,018023,,5,1,9,1500,0,1,3,,1,118,"W/B SR-119","TUPMAN RD",940.00,E,N,A,-,Y,,,119,,,,,,,Y,2,0,1,2,A,-,06,21751,,N,B,C,A,A,H,-,A,D,0,,,,Y,Y,,F,26,1,0,0,0,0,0,0,0,0,"- ","- ",35.266651153564453,-119.30924224853516,KERN,UNINCORPORATED,-119.30921173095703,35.266529083251953
90891325,2018,2018-12-27,9426,2018-12-14,1903,018610,,5,2,9,1500,0,1,1,,2,500,"I-5 S/B","WEISER RD",180.00,N,N,A,-,Y,,,5,,,,,,S,Y,3,0,1,1,A,-,08,22107,,N,F,A,A,A,H,-,D,D,0,,,,,Y,,A,07,0,1,0,0,0,0,0,0,0,"- ","- ",35.702861785888672,-119.71797943115234,KERN,UNINCORPORATED,-119.71791839599609,35.702907562255859
90891384,2018,2018-12-27,9426,2018-12-22,1127,016050,,6,1,9,1500,0,1,1,,2,500,"I-5 (S/B)",SR-46,5280.00,N,N,B,-,Y,,,5,,,,,,,Y,4,0,2,2,A,-,03,22350,,N,C,C,A,A,H,-,A,D,0,,,,,Y,,A,07,0,0,2,0,0,0,0,0,0,"- ","- ",35.632438659667969,-119.66532135009766,KERN,UNINCORPORATED,-119.66545104980469,35.632339477539062
90891487,2018,2018-12-27,9426,2018-12-26,1000,015548,,3,1,9,1500,0,1,1,,2,502,"INTERSTATE 5 (SOUTHBOUND)","MAIN DRAIN ROAD",2640.00,N,N,A,-,Y,,,5,,,,,,,Y,4,0,2,3,A,-,03,22350,,N,C,C,A,A,H,-,A,D,0,,,,,Y,,A,01,0,0,2,0,0,0,0,0,0,"- ","- ",35.583160400390625,-119.62406921386719,KERN,UNINCORPORATED,-119.62403106689453,35.583198547363281
90891704,2018,2018-12-27,9830,2018-12-21,1415,019615,,5,2,9,1500,0,1,3,,1,015,SR-202,"WOODFORD TEHACHAPI RD",15.00,W,N,A,-,Y,,,202,,,,,,,Y,4,0,1,2,A,-,01,23152,A,N,C,C,A,A,H,-,A,A,0,,,,,Y,Y,A,07,0,0,1,0,0,0,0,0,0,"- ","- ",35.124271392822266,-118.49510192871094,KERN,UNINCORPORATED,-118.49510192871094,35.124279022216797