CASE_ID,ACCIDENT_YEAR,PROC_DATE,JURIS,COLLISION_DATE,COLLISION_TIME,OFFICER_ID,REPORTING_DISTRICT,DAY_OF_WEEK,CHP_SHIFT,POPULATION,CNTY_CITY_LOC,SPECIAL_COND,BEAT_TYPE,CHP_BEAT_TYPE,CITY_DIVISION_LAPD,CHP_BEAT_CLASS,BEAT_NUMBER,PRIMARY_RD,SECONDARY_RD,DISTANCE,DIRECTION,INTERSECTION,WEATHER_1,WEATHER_2,STATE_HWY_IND,CALTRANS_COUNTY,CALTRANS_DISTRICT,STATE_ROUTE,ROUTE_SUFFIX,POSTMILE_PREFIX,POSTMILE,LOCATION_TYPE,RAMP_INTERSECTION,SIDE_OF_HWY,TOW_AWAY,COLLISION_SEVERITY,NUMBER_KILLED,NUMBER_INJURED,PARTY_COUNT,PRIMARY_COLL_FACTOR,PCF_CODE_OF_VIOL,PCF_VIOL_CATEGORY,PCF_VIOLATION,PCF_VIOL_SUBSECTION,HIT_AND_RUN,TYPE_OF_COLLISION,MVIW,PED_ACTION,ROAD_SURFACE,ROAD_COND_1,ROAD_COND_2,LIGHTING,CONTROL_DEVICE,CHP_ROAD_TYPE,PEDESTRIAN_ACCIDENT,BICYCLE_ACCIDENT,MOTORCYCLE_ACCIDENT,TRUCK_ACCIDENT,NOT_PRIVATE_PROPERTY,ALCOHOL_INVOLVED,STWD_VEHTYPE_AT_FAULT,CHP_VEHTYPE_AT_FAULT,COUNT_SEVERE_INJ,COUNT_VISIBLE_INJ,COUNT_COMPLAINT_PAIN,COUNT_PED_KILLED,COUNT_PED_INJURED,COUNT_BICYCLIST_KILLED,COUNT_BICYCLIST_INJURED,COUNT_MC_KILLED,COUNT_MC_INJURED,PRIMARY_RAMP,SECONDARY_RAMP,LATITUDE,LONGITUDE,COUNTY,CITY,POINT_X,POINT_Y
90915969,2019,2019-01-30,9420,2019-01-24,2035,021769,,4,2,9,1500,0,1,3,,2,155,SR-155,"PALA DR.",1056.00,E,N,A,-,Y,,,155,,,,,,,N,3,0,1,1,A,-,08,22107,,N,F,A,A,A,H,-,E,D,0,,,Y,,Y,,C,02,0,1,0,0,0,0,0,0,1,"- ","- ",35.714500427246094,-118.48729705810547,KERN,UNINCORPORATED,-118.48729705810547,35.714508056640625
90915977,2019,2019-01-30,9420,2019-01-27,1630,021547,,7,2,9,1500,0,1,3,,2,178,SR-178,"PAULS PLACE DR",320.00,E,N,A,-,Y,,,178,,,,,,,Y,3,0,1,1,A,-,01,23152,A,N,E,I,A,A,H,-,A,D,0,,,,,Y,Y,A,01,0,1,0,0,0,0,0,0,0,"- ","- ",35.672401428222656,-118.25875091552734,KERN,UNINCORPORATED,-118.25922393798828,35.672969818115234
90916000,2019,2019-01-30,9830,2019-01-18,0600,020113,,5,1,9,1500,0,1,2,,1,054,US-395,"BOUNDRY RD",1690.00,N,N,A,-,Y,,,395,,,,,,,Y,2,0,3,3,A,-,05,21460,C,N,A,C,A,A,H,-,D,D,0,,,,,Y,,A,01,1,1,1,0,0,0,0,0,0,"- ","- ",35.545291900634766,-117.69394683837891,KERN,UNINCORPORATED,-117.69395446777344,35.5452880859375
90916321,2019,2019-01-31,9420,2019-01-26,1732,019098,,6,2,6,1502,0,1,3,,2,094,"SR-99 N/B",SR-58,1584.00,S,N,B,-,Y,,,99,,,,,,N,Y,4,0,1,5,A,-,03,22350,,N,C,C,A,A,D,E,C,D,0,,,,,Y,,A,01,0,0,1,0,0,0,0,0,0,"- ","- ",35.350540161132812,-119.03939056396484,KERN,BAKERSFIELD,-119.03941345214844,35.350540161132812
90916384,2019,2019-01-31,9420,2019-01-30,1125,013851,,3,1,6,1502,0,1,3,,2,094,"SR-99 (N/B)","BELLE TERRACE",1120.00,S,N,A,-,Y,,,99,,,,,,,Y,4,0,1,2,A,-,03,22350,,N,C,C,A,A,D,-,A,D,0,,,,,Y,,A,01,0,0,1,0,0,0,0,0,0,"- ","- ",35.343570709228516,-119.03939056396484,KERN,BAKERSFIELD,-119.03944396972656,35.343570709228516
90916439,2019,2019-01-31,9830,2019-01-30,1203,019271,,3,1,9,1500,0,2,4,,1,034,"ROSAMOND BLVD","B ST",0.00,,Y,A,-,N,,,,,,,,,,Y,4,0,1,2,A,-,08,22107,,N,E,I,A,A,H,-,A,A,0,,,,,Y,,A,07,0,0,1,0,0,0,0,0,0,"- ","- ",34.864070892333984,-118.16909027099609,KERN,UNINCORPORATED,-118.1690673828125,34.864311218261719
90916892,2019,2019-01-31,9426,2019-01-28,1025,017581,,1,1,9,1500,0,1,3,,1,460,SR-46,SR-33,0.00,,Y,A,-,Y,,,46,,,,,,,Y,4,0,1,2,A,-,12,21453,A,N,B,C,A,A,H,-,A,A,0,,,,,Y,,A,07,0,0,1,0,0,0,0,0,0,"- ","- ",35.614921569824219,-119.86757659912109,KERN,UNINCORPORATED,-119.86757659912109,35.614948272705078
90917164,2019,2019-02-01,9420,2019-01-27,0240,021134,,7,3,9,1500,0,3,5,,2,671,"PANAMA RD","FAIRFAX RD",1296.00,E,N,A,-,N,,,,,,,,,,Y,2,0,1,1,A,-,01,23152,A,N,E,I,A,A,H,-,D,D,0,,,,,Y,Y,A,01,1,0,0,0,0,0,0,0,0,"- ","- ",35.267051696777344,-118.92774963378906,KERN,UNINCORPORATED,-118.92779541015625,35.266979217529297
9091732,2019,2020-05-09,1501,2019-05-20,1954,988,14,1,5,3,1501,0,0,0,,0,001,"SANTA ROSA","HOOD ST",134.00,N,N,B,-,Y,,,,,,,,,,N,3,0,1,2,A,-,07,21658,A,N,C,E,A,A,H,-,C,D,0,,,,,Y,,A,01,0,1,0,0,0,0,0,0,0,"- ","- ",,,KERN,ARVIN,-118.83875274658203,35.203956604003906
90917360,2019,2019-02-01,9420,2019-01-31,0625,013851,,4,1,6,1502,0,1,3,,2,094,"SR-99 (N/B)",SR-58,1156.00,S,N,B,C,Y,,,99,,,,,,,Y,4,0,1,2,A,-,03,22350,,N,C,C,A,B,D,-,D,D,0,,,,,Y,,A,01,0,0,1,0,0,0,0,0,0,"- ","- ",35.349411010742188,-119.03943634033203,KERN,BAKERSFIELD,-119.03942108154297,35.349411010742188
90917837,2019,2019-02-04,9830,2019-01-23,0755,020113,,3,1,9,1500,0,3,5,,2,005,"GARLOCK RD","REDROCK RANDSBURG RD",7920.00,E,N,A,-,N,,,,,,,,,,Y,4,0,1,1,A,-,08,22107,,N,E,I,A,A,H,-,A,D,0,,,,,Y,,A,01,0,0,1,0,0,0,0,0,0,"- ","- ",35.412609100341797,-117.77845001220703,KERN,UNINCORPORATED,-117.78463745117188,35.410575866699219
90917838,2019,2019-02-04,9830,2019-01-22,1815,014565,,2,2,9,1500,0,3,5,,2,003,"BACKUS RD","TEHACHAPI WILLOW SPRINGS RD",4224.00,E,N,A,-,N,,,,,,,,,,Y,3,0,2,1,A,-,03,22350,,N,F,A,A,A,H,-,D,D,0,,,,,Y,,A,01,0,2,0,0,0,0,0,0,0,"- ","- ",34.947921752929688,-118.27850341796875,KERN,UNINCORPORATED,-118.27810668945312,34.948215484619141
90918004,2019,2019-02-04,9420,2019-01-26,1310,017256,,6,1,9,1500,0,1,3,,2,090,"SR-99 N/B",SR-46,420.00,S,N,A,-,Y,,,99,,,,,,N,Y,4,0,5,4,A,-,03,22350,,N,C,C,A,A,D,-,A,D,0,,,,,Y,,A,01,0,0,5,0,0,0,0,0,0,"- ","- ",35.602729797363281,-119.21134185791016,KERN,UNINCORPORATED,-119.21128845214844,35.602741241455078
90918008,2019,2019-02-04,9420,2019-01-27,0630,017243,,7,1,6,1502,0,1,3,,1,176,"SR-178 E/B","UNION AVE.",151.00,W,N,A,-,Y,,,178,,,,,,E,Y,3,0,1,1,A,-,01,23152,A,N,E,I,A,A,H,-,B,D,0,,,,,Y,Y,D,22,0,1,0,0,0,0,0,0,0,"- ","- ",35.383499145507812,-119.00289916992188,KERN,BAKERSFIELD,-119.00289916992188,35.383430480957031
90918073,2019,2019-02-04,9420,2019-01-26,1800,019686,,6,2,9,1500,0,1,3,,2,092,"SR-99 N/B","STOCKDALE HWY.",200.00,N,N,A,-,Y,,,,,,,,,,N,4,0,1,2,A,-,03,22350,,N,C,C,A,A,D,-,C,D,0,,,,,Y,,A,01,0,0,1,0,0,0,0,0,0,"- ","- ",35.354778289794922,-119.03932952880859,KERN,UNINCORPORATED,-119.03937530517578,35.354759216308594
90918125,2018,2019-02-04,9420,2018-12-22,0913,017256,,6,1,9,1500,0,2,4,,1,051,"NORTH CHESTER AVENUE","ROBERTS LANE",0.00,,Y,A,-,N,,,,,,,,,,Y,1,1,0,2,A,-,12,21453,A,N,D,C,A,A,H,-,A,A,0,,,Y,,Y,,C,02,0,0,0,0,0,0,0,1,0,"- ","- ",35.408599853515625,-119.02095794677734,KERN,UNINCORPORATED,-119.02108001708984,35.408641815185547
90918133,2018,2019-02-04,9420,2018-11-16,2330,015977,,5,3,9,1500,0,2,4,,2,021,"SIERRA WAY","CANNEL CREEK ROAD",549.00,N,N,A,-,N,,,,,,,,,,Y,1,1,0,1,A,-,01,23152,A,N,E,I,A,A,H,-,D,D,0,,,,,Y,Y,A,01,0,0,0,0,0,0,0,0,0,"- ","- ",35.792831420898438,-118.44779968261719,KERN,UNINCORPORATED,-118.44779968261719,35.792568206787109
90918143,2018,2019-03-12,9420,2018-12-27,1640,021769,,4,2,9,1500,0,1,3,,2,155,"STATE ROUTE 155","DUTCH FLAT ROAD",284.00,W,N,A,-,Y,,,155,,,,,,,Y,1,1,0,1,A,-,01,23152,A,N,E,I,A,A,H,-,B,D,0,,,Y,,Y,Y,C,02,0,0,0,0,0,0,0,1,0,"- ","- ",35.653770446777344,-118.48535919189453,KERN,UNINCORPORATED,-118.48529052734375,35.653724670410156
9091827,2020,2020-07-24,1511,2020-04-12,0159,53082,5,7,5,2,1511,0,0,0,,0,00A,"REDWOOD BL","85TH ST",0.00,,Y,A,-,N,,,,,,,,,,N,2,0,1,2,A,-,08,22107,,F,B,E,A,A,H,-,D,D,0,,,,,Y,,A,01,1,0,0,0,0,0,0,0,0,"- ","- ",35.110820770263672,-117.97685241699219,KERN,"CALIFORNIA CITY",-117.97676849365234,35.111080169677734
90918402,2019,2019-02-04,9420,2019-01-28,1607,019185,,1,2,9,1500,0,3,5,,2,610,"SOUTH CHESTER AVENUE","DORIAN DRIVE",0.00,,Y,A,-,N,,,,,,,,,,Y,4,0,1,2,A,-,09,21801,A,N,D,C,A,A,H,-,A,D,0,,,,,Y,,A,01,0,0,1,0,0,0,0,0,0,"- ","- ",35.33087158203125,-119.01332092285156,KERN,UNINCORPORATED,-119.01331329345703,35.330940246582031
90918639,2019,2019-02-04,9830,2019-01-27,1750,019762,,7,2,9,1500,0,1,3,,1,015,SR-202,"WOODFORD TEHACHAPI RD.",0.00,,Y,A,-,Y,,,202,,,,,,,Y,4,0,2,2,A,-,09,21453,C,N,D,C,A,A,H,-,C,A,0,,,,,Y,,A,07,0,0,2,0,0,0,0,0,0,"- ","- ",35.124240875244141,-118.49459075927734,KERN,UNINCORPORATED,-118.49459075927734,35.124279022216797
90918652,2019,2019-05-02,9420,2019-01-24,0543,018626,,4,3,9,1500,0,2,4,,1,072,"MOUNT VERNON AVENUE","NILES STREET",0.00,,Y,A,-,N,,,,,,,,,,Y,4,0,3,2,A,-,09,21453,C,N,D,C,A,A,H,-,C,D,0,,,,,Y,,A,01,0,0,3,0,0,0,0,0,0,"- ","- ",35.376350402832031,-118.96752166748047,KERN,UNINCORPORATED,-118.96758270263672,35.376411437988281
90918717,2019,2019-02-04,9420,2019-01-29,1600,019185,,2,2,9,1500,0,3,5,,2,671,"MALAGA ROAD","DI GIORGIO ROAD",1742.00,N,N,A,-,N,,,,,,,,,,Y,3,0,1,1,A,-,08,22107,,N,E,J,A,A,H,-,A,D,0,,,,,Y,,A,07,0,1,0,0,0,0,0,0,0,"- ","- ",35.257419586181641,-118.86045074462891,KERN,UNINCORPORATED,-118.86052703857422,35.257438659667969
90918723,2019,2019-02-04,9420,2019-01-29,1638,019531,,2,2,9,1500,0,2,4,,1,075,"SOUTH UNION AVENUE","ADAMS STREET",0.00,,Y,A,-,N,,,,,,,,,,Y,2,0,2,2,A,-,09,21802,A,N,D,C,A,A,H,-,B,A,0,,,,,Y,,A,01,1,0,1,0,0,0,0,0,0,"- ","- ",35.343620300292969,-119.00293731689453,KERN,UNINCORPORATED,-119.00311279296875,35.343608856201172
90918768,2019,2019-02-04,9420,2019-01-30,0607,013475,,3,1,9,1500,0,1,3,,2,583,"SR-58, W/B (ROSEDALE HWY)","ALLEN ROAD",0.00,,Y,A,-,Y,,,58,,,,,,W,Y,3,0,1,2,A,-,12,21453,A,N,D,C,A,A,H,-,C,A,0,,,,,Y,,A,01,0,1,0,0,0,0,0,0,0,"- ","- ",35.383750915527344,-119.14559936523438,KERN,UNINCORPORATED,-119.14559936523438,35.383560180664062
90918780,2019,2019-02-04,9420,2019-01-26,1045,018486,,6,1,9,1500,0,1,3,,1,650,SR-65,"FAMOSO ROAD",0.00,,Y,A,-,Y,,,65,,,,,,,Y,4,0,1,2,A,-,12,22450,A,N,D,C,A,A,H,-,A,A,0,,,,Y,Y,,G,27,0,0,1,0,0,0,0,0,0,"- ","- ",35.602500915527344,-119.08760070800781,KERN,UNINCORPORATED,-119.08760070800781,35.602500915527344
90919601,2019,2019-02-05,9430,2019-02-02,1018,020255,,6,1,9,1500,0,1,1,,2,053,"I-5 N/B (GOLDEN STATE FWY)","GRAPEVINE RD",740.00,N,N,C,G,Y,,,5,,,,,,N,Y,4,0,1,1,A,-,03,22350,,N,E,I,A,B,H,-,A,D,0,,,,,Y,,A,01,0,0,1,0,0,0,0,0,0,"- ","- ",34.941200256347656,-118.93092346191406,KERN,UNINCORPORATED,-118.93080139160156,34.941253662109375
90919703,2019,2019-02-05,9420,2019-01-31,1740,016691,,4,2,9,1500,0,2,4,,1,051,"N. CHESTER AVE","DOUGLAS ST",0.00,,Y,A,-,N,,,,,,,,,,Y,4,0,1,2,A,-,12,22450,A,N,E,I,A,A,H,-,C,A,0,,,,,Y,,A,01,0,0,1,0,0,0,0,0,0,"- ","- ",35.426109313964844,-119.02127838134766,KERN,UNINCORPORATED,-119.02131652832031,35.426090240478516
90919789,2019,2019-10-10,9830,2019-01-07,1815,014565,,1,2,9,1500,0,1,3,,2,030,"STATE ROUTE 14 SOUTHBOUND","DAWN ROAD OVERCROSSING",6336.00,S,N,A,-,Y,,,14,,,,,,S,N,1,1,0,2,A,-,11,21956,A,N,G,B,E,A,H,-,D,D,0,Y,,,,Y,,N,60,0,0,0,1,0,0,0,0,0,"- ","- ",34.906219482421875,-118.16474914550781,KERN,UNINCORPORATED,-118.16483306884766,34.906227111816406
90920010,2019,2019-02-06,9420,2019-01-31,1610,021746,,4,2,9,1500,0,1,3,,2,177,SR-178,"UPPER RICHBAR CG ENTRANCE",1056.00,W,N,B,-,Y,,,178,,,,,,,Y,2,0,1,1,A,-,03,22350,,N,E,I,A,B,H,-,A,D,0,,,,,Y,,A,01,1,0,0,0,0,0,0,0,0,"- ","- ",35.474620819091797,-118.73075103759766,KERN,UNINCORPORATED,-118.73077392578125,35.474563598632812
90920169,2019,2019-02-06,9420,2019-02-01,1704,021002,,5,2,6,1502,0,1,3,,2,585,"SR-58 W/B","HUGHES LN.",370.00,W,N,C,-,Y,,,58,,,,,,W,Y,4,0,4,4,A,-,03,22350,,N,C,C,A,B,H,-,A,D,0,,,,,Y,,D,22,0,0,4,0,0,0,0,0,0,"- ","- ",35.352771759033203,-119.03175354003906,KERN,BAKERSFIELD,-119.03175354003906,35.352767944335938
90920255,2019,2019-02-06,9420,2019-02-01,1510,020402,,5,2,9,1500,0,3,5,,2,671,"PANAMA ROAD","CARNATION AVE",0.00,,Y,B,-,N,,,,,,,,,,N,4,0,3,2,A,-,09,21801,A,N,D,C,A,A,H,-,A,D,0,,,,,Y,,A,01,0,0,3,0,0,0,0,0,0,"- ","- ",35.266948699951172,-118.90989685058594,KERN,UNINCORPORATED,-118.90985870361328,35.266971588134766
90920349,2019,2019-02-06,9426,2019-02-03,2050,015472,,7,2,9,1500,0,3,5,,2,086,"STOCKDALE HWY","BUSSELL RD",6864.00,E,N,B,-,N,,,,,,,,,,Y,4,0,1,1,A,-,08,22107,,N,E,I,A,A,H,-,D,A,0,,,,,Y,,A,01,0,0,1,0,0,0,0,0,0,"- ","- ",35.354499816894531,-119.27999877929688,KERN,UNINCORPORATED,-119.28263854980469,35.35455322265625
90920413,2019,2019-02-06,9420,2019-02-01,1550,016691,,5,2,9,1500,0,3,5,,2,040,"BERNARD ST","RIVER BLVD",31.00,E,N,A,-,N,,,,,,,,,,Y,4,0,1,2,A,-,21,22106,,N,C,C,A,A,H,-,A,A,0,,,,,Y,,A,07,0,0,1,0,0,0,0,0,0,"- ","- ",35.390590667724609,-118.98481750488281,KERN,UNINCORPORATED,-118.98487854003906,35.390438079833984
90920567,2019,2019-02-06,9430,2019-01-30,2225,015185,,3,3,9,1500,0,1,1,,2,054,"INTERSTATE 5 N/B (GOLDEN STATE FREEWAY)","GRAPEVINE ROAD",9240.00,N,N,A,-,Y,,,5,,,,,,N,Y,4,0,1,2,A,-,03,22350,,N,C,C,A,A,H,-,D,D,0,,,,,Y,,A,01,0,0,1,0,0,0,0,0,0,"- ","- ",34.964038848876953,-118.93824005126953,KERN,UNINCORPORATED,-118.93807983398438,34.964088439941406
90920568,2019,2019-09-24,9420,2019-01-07,0100,020093,,1,3,9,1500,0,3,5,,2,672,"N WHEELER RIDGE ROAD","TEALE ROAD",2940.00,N,N,B,-,N,,,,,,,,,,Y,1,1,0,1,A,-,01,23152,A,N,E,I,A,A,H,-,D,D,0,,,,,Y,Y,D,22,0,0,0,0,0,0,0,0,0,"- ","- ",35.143699645996094,-118.91459655761719,KERN,UNINCORPORATED,-118.91462707519531,35.144645690917969
90920588,2019,2019-02-06,9430,2019-02-05,1749,020504,,2,2,9,1500,0,3,5,,2,002,"HUDSON RANCH RD","KLIPSTEIN CANYON RD",18480.00,E,N,D,-,N,,,,,,,,,,Y,3,0,4,1,A,-,03,22350,,N,F,J,A,C,H,-,D,D,0,,,,,Y,,A,07,0,1,3,0,0,0,0,0,0,"- ","- ",34.916061401367188,-119.41053771972656,KERN,UNINCORPORATED,-119.40873718261719,34.917629241943359
90920613,2019,2019-02-06,9420,2019-01-29,0723,021002,,2,1,9,1500,0,3,5,,2,070,"EUCALYPTUS DR.","ANSOL LN.",450.00,E,N,A,-,N,,,,,,,,,,N,3,0,1,2,A,-,09,21804,A,N,H,G,A,A,H,-,A,D,0,,Y,,,Y,,-,99,0,1,0,0,0,0,1,0,0,"- ","- ",35.365200042724609,-118.92453002929688,KERN,UNINCORPORATED,-118.92503356933594,35.365215301513672
90920647,2019,2019-02-06,9420,2019-02-02,1440,019856,,6,2,9,1500,0,3,5,,2,040,"RIVER BLVD (2100 BLOCK)","GOODMAN STREET",55.00,S,N,B,C,N,,,,,,,,,,Y,3,0,1,2,A,-,09,21804,A,N,D,C,A,B,H,-,A,D,0,,,,,Y,,D,22,0,1,0,0,0,0,0,0,0,"- ","- ",35.39215087890625,-118.98519134521484,KERN,UNINCORPORATED,-118.98516845703125,35.392219543457031
90920672,2019,2019-02-06,9420,2019-02-02,0203,020634,,6,3,6,1502,0,1,3,,2,093,"SR-99, S/B FROM AIRPORT DR.","CALLOWAY CANAL",1000.00,S,N,A,-,Y,,,99,,,,R,,S,Y,3,0,1,1,A,-,01,23152,A,N,E,I,A,A,H,-,D,D,0,,,,,Y,Y,A,01,0,1,0,0,0,0,0,0,0,"- ","- ",35.397098541259766,-119.04519653320312,KERN,BAKERSFIELD,-119.04519653320312,35.397098541259766
90920676,2019,2019-02-06,9426,2019-02-03,0535,017581,,7,3,9,1500,0,3,5,,2,087,"MILLUX RD","HILL RD",2640.00,E,N,B,-,N,,,,,,,,,,Y,4,0,1,1,A,-,08,22107,,N,D,I,A,A,H,-,B,D,0,,,,,Y,,A,01,0,0,1,0,0,0,0,0,0,"- ","- ",35.180339813232422,-119.18963623046875,KERN,UNINCORPORATED,-119.19024658203125,35.180381774902344
90920798,2019,2019-02-06,9420,2019-01-28,1025,018626,,1,1,9,1500,0,1,3,,1,184,"SR-184 (WEEDPATCH HIGHWAY)","EDISON HIGHWAY",0.00,,Y,A,-,Y,,,184,,,,,,,Y,2,0,1,1,A,-,03,22350,,N,F,A,A,A,H,-,A,D,0,,,Y,,Y,,C,02,1,0,0,0,0,0,0,0,1,"- ","- ",35.358180999755859,-118.91422271728516,KERN,UNINCORPORATED,-118.91425323486328,35.358180999755859
90920836,2019,2019-02-06,9420,2019-02-04,1145,013597,,1,1,9,1500,0,3,5,,2,630,"STEVENS DRIVE",SR-166,130.00,N,N,B,-,Y,,,,,,,,,,N,4,0,2,2,A,-,12,22450,A,N,D,C,A,A,H,-,A,A,0,,,,,Y,,D,22,0,0,2,0,0,0,0,0,0,"- ","- ",35.032901763916016,-118.58110046386719,KERN,UNINCORPORATED,,
90920844,2019,2019-02-06,9430,2019-02-03,1938,020504,,7,2,9,1500,0,1,1,,2,052,"I-5 N/B","FRAZIER MOUNTAIN PARK RD",702.00,N,N,B,-,Y,,,5,,,,,,N,Y,3,0,1,1,A,-,08,22107,,N,F,J,A,A,H,-,C,D,0,,,,,Y,,D,22,0,1,0,0,0,0,0,0,0,"- ","- ",34.81903076171875,-118.88011932373047,KERN,UNINCORPORATED,-118.88020324707031,34.819114685058594
90921625,2019,2019-02-07,9426,2019-02-05,1823,019206,,2,2,9,1500,0,1,3,,1,118,"STATE ROUTE 119 E/B","TANK FARM ROAD",100.00,W,N,B,-,Y,,,119,,,,,,E,Y,2,0,2,2,A,-,01,23152,F,N,A,C,A,A,H,-,C,D,0,,,,,Y,,A,01,1,1,0,0,0,0,0,0,0,"- ","- ",35.217041015625,-119.39405059814453,KERN,UNINCORPORATED,-119.39405822753906,35.217048645019531
90921962,2019,2019-02-08,9420,2019-01-29,1645,016969,,2,2,9,1500,0,3,5,,2,520,"WALLACE RD","FAMOSO RD",0.00,,Y,B,-,N,,,,,,,,,,Y,2,0,4,2,A,-,12,22450,A,N,D,C,A,A,H,-,A,A,0,,,,,Y,,A,01,1,0,3,0,0,0,0,0,0,"- ","- ",35.602081298828125,-119.16883087158203,KERN,UNINCORPORATED,-119.16883850097656,35.602069854736328
90921968,2019,2019-02-08,9420,2019-02-01,1600,016691,,5,2,9,1500,0,2,4,,1,052,"ROBERTS LN","SEQUOIA DR",123.00,W,N,A,-,N,,,,,,,,,,N,4,0,1,3,A,-,03,22350,,N,C,C,A,A,H,-,A,A,0,,,,,Y,,D,22,0,0,1,0,0,0,0,0,0,"- ","- ",35.408679962158203,-119.03453826904297,KERN,UNINCORPORATED,-119.03453063964844,35.408618927001953
90921993,2019,2019-03-08,9420,2019-01-12,0355,021144,,6,3,9,1500,0,3,5,,2,530,"POPLAR AVENUE","7TH STANDARD ROAD",1303.00,N,N,B,C,N,,,,,,,,,,Y,1,1,0,1,A,-,01,23152,A,N,E,I,A,B,H,-,D,D,0,,,,,Y,Y,D,22,0,0,0,0,0,0,0,0,0,"- ","- ",35.445571899414062,-119.29666137695312,KERN,UNINCORPORATED,-119.296630859375,35.445396423339844
90922211,2019,2019-02-08,9420,2019-02-01,1810,019316,,5,2,6,1502,0,1,3,,2,094,"SR-99 N/B","MING AVENUE",1320.00,N,N,C,-,Y,,,99,,,,,,N,Y,4,0,2,3,A,-,03,22350,,N,C,C,A,B,H,-,A,D,0,,,,,Y,,A,01,0,0,2,0,0,0,0,0,0,"- ","- ",35.343101501464844,-119.03939819335938,KERN,BAKERSFIELD,-119.03944396972656,35.343101501464844
90922283,2019,2019-02-08,9420,2019-02-03,1800,021002,,7,2,9,1500,0,3,5,,2,671,"SYCAMORE RD.","TOWER LINE RD.",4500.00,E,N,A,-,N,,,,,,,,,,Y,4,0,1,1,A,-,08,22107,,N,E,I,A,A,H,-,C,D,0,,,,,Y,,A,01,0,0,1,0,0,0,0,0,0,"- ","- ",35.194629669189453,-118.79102325439453,KERN,UNINCORPORATED,-118.79103088378906,35.194698333740234
90922459,2019,2019-02-08,9420,2019-02-05,0755,013597,,2,1,9,1500,0,3,5,,2,630,"COPUS ROAD","SR-99 S/B",450.00,W,N,B,-,Y,,,,,,,,,,Y,4,0,2,2,A,-,09,21802,A,N,D,C,A,B,H,-,A,A,0,,,,Y,Y,,F,26,0,0,2,0,0,0,0,0,0,"- ","- ",35.05419921875,-118.58529663085938,KERN,UNINCORPORATED,,
90922477,2019,2019-02-08,9420,2019-02-02,0818,019098,,6,1,9,1500,0,2,4,,1,075,"S. UNION AVENUE","E. BELLE TERRACE",489.00,S,N,B,-,Y,,,,,,,,,,Y,2,0,1,1,A,-,08,22107,,N,E,I,A,A,H,-,A,D,0,,,,,Y,,A,07,1,0,0,0,0,0,0,0,0,"- ","- ",35.345149993896484,-119.00299835205078,KERN,UNINCORPORATED,-119.00293731689453,35.345359802246094
90922505,2019,2019-02-08,9420,2019-02-05,1950,016691,,2,2,9,1500,0,3,5,,2,040,"MANOR ST","FERGUSON AVE",287.00,N,N,A,-,N,,,,,,,,,,Y,4,0,3,4,A,-,03,22350,,N,C,C,A,A,H,-,D,A,0,,,,,Y,,A,07,0,0,3,0,0,0,0,0,0,"- ","- ",35.417278289794922,-119.01271820068359,KERN,UNINCORPORATED,-119.01285552978516,35.417137145996094
90922533,2019,2019-02-08,9426,2019-02-01,1635,016953,,5,2,9,1500,0,3,5,,2,086,SR-43,"STOCKDALE HWY",0.00,,Y,A,-,Y,,,43,,,,,,,Y,2,0,2,2,A,-,01,23152,F,N,D,C,A,B,H,-,A,A,0,,,,,Y,,D,22,1,0,1,0,0,0,0,0,0,"- ","- ",35.354461669921875,-119.25251770019531,KERN,UNINCORPORATED,-119.25215911865234,35.354457855224609
90922547,2019,2019-02-08,9426,2019-01-31,1910,016804,,4,2,9,1500,0,1,1,,2,500,"I-5 S/B",SR-46,1584.00,N,N,A,-,Y,,,5,,,,,,S,Y,3,0,1,2,A,-,08,22107,,N,C,C,A,A,H,-,D,D,0,,,,Y,Y,,A,07,0,1,0,0,0,0,0,0,0,"- ","- ",35.619739532470703,-119.65586090087891,KERN,UNINCORPORATED,-119.65599822998047,35.619636535644531
90922562,2019,2019-02-08,9426,2019-02-02,1631,016804,,6,2,9,1500,0,1,1,,2,500,"I-5 N/B","WEISER RD",2640.00,S,N,A,-,Y,,,,,,,,,,Y,4,0,1,1,A,-,08,22107,,N,E,I,A,A,H,-,A,D,0,,,,,Y,,A,01,0,0,1,0,0,0,0,0,0,"- ","- ",35.695381164550781,-119.70754241943359,KERN,UNINCORPORATED,-119.71291351318359,35.696731567382812
90922621,2019,2019-02-11,9830,2019-01-31,2325,020167,,4,3,9,1500,0,3,5,,2,003,"30TH ST. WEST","LOCUST ST",81.00,N,N,E,-,N,,,,,,,,,,Y,3,0,1,1,A,-,01,23152,A,N,E,I,A,A,H,-,C,D,0,,,,,Y,Y,A,01,0,1,0,0,0,0,0,0,0,"- ","- ",34.862560272216797,-118.18466949462891,KERN,UNINCORPORATED,-118.18489074707031,34.862503051757812