CASE_ID,ACCIDENT_YEAR,PROC_DATE,JURIS,COLLISION_DATE,COLLISION_TIME,OFFICER_ID,REPORTING_DISTRICT,DAY_OF_WEEK,CHP_SHIFT,POPULATION,CNTY_CITY_LOC,SPECIAL_COND,BEAT_TYPE,CHP_BEAT_TYPE,CITY_DIVISION_LAPD,CHP_BEAT_CLASS,BEAT_NUMBER,PRIMARY_RD,SECONDARY_RD,DISTANCE,DIRECTION,INTERSECTION,WEATHER_1,WEATHER_2,STATE_HWY_IND,CALTRANS_COUNTY,CALTRANS_DISTRICT,STATE_ROUTE,ROUTE_SUFFIX,POSTMILE_PREFIX,POSTMILE,LOCATION_TYPE,RAMP_INTERSECTION,SIDE_OF_HWY,TOW_AWAY,COLLISION_SEVERITY,NUMBER_KILLED,NUMBER_INJURED,PARTY_COUNT,PRIMARY_COLL_FACTOR,PCF_CODE_OF_VIOL,PCF_VIOL_CATEGORY,PCF_VIOLATION,PCF_VIOL_SUBSECTION,HIT_AND_RUN,TYPE_OF_COLLISION,MVIW,PED_ACTION,ROAD_SURFACE,ROAD_COND_1,ROAD_COND_2,LIGHTING,CONTROL_DEVICE,CHP_ROAD_TYPE,PEDESTRIAN_ACCIDENT,BICYCLE_ACCIDENT,MOTORCYCLE_ACCIDENT,TRUCK_ACCIDENT,NOT_PRIVATE_PROPERTY,ALCOHOL_INVOLVED,STWD_VEHTYPE_AT_FAULT,CHP_VEHTYPE_AT_FAULT,COUNT_SEVERE_INJ,COUNT_VISIBLE_INJ,COUNT_COMPLAINT_PAIN,COUNT_PED_KILLED,COUNT_PED_INJURED,COUNT_BICYCLIST_KILLED,COUNT_BICYCLIST_INJURED,COUNT_MC_KILLED,COUNT_MC_INJURED,PRIMARY_RAMP,SECONDARY_RAMP,LATITUDE,LONGITUDE,COUNTY,CITY,POINT_X,POINT_Y
90953838,2019,2019-03-26,9420,2019-03-21,1715,019856,,4,2,9,1500,0,3,5,,2,070,"PIONEER DRIVE","TATE STREET",0.00,,Y,A,-,N,,,,,,,,,,Y,3,0,5,2,A,-,09,21802,A,N,D,C,A,A,H,-,A,A,0,,,,,Y,,A,01,0,2,3,0,0,0,0,0,0,"- ","- ",35.368679046630859,-118.94751739501953,KERN,UNINCORPORATED,-118.947509765625,35.368659973144531
90954023,2019,2019-03-26,9420,2019-03-19,2115,019098,,2,2,6,1502,0,1,3,,2,093,"SR-99 S/B FROM CALIFORNIA AVENUE","CALIFORNIA AVENUE",150.00,N,N,A,-,Y,,,,,,,,,,N,4,0,2,4,A,-,03,22350,,N,C,C,A,A,C,-,C,D,0,,,,,Y,,A,01,0,0,2,0,0,0,0,0,0,"- ","- ",35.227008819580078,-119.23610687255859,KERN,BAKERSFIELD,-119.04212951660156,35.368747711181641
90954036,2019,2019-03-26,9426,2019-03-15,1552,018416,,5,2,9,1500,0,3,5,,2,087,"COPUS RD","OLD RIVER RD",10560.00,W,N,A,-,N,,,,,,,,,,Y,4,0,1,2,A,-,03,22350,,N,C,C,A,A,H,-,A,D,0,,,,,Y,,A,01,0,0,1,0,0,0,0,0,0,"- ","- ",35.094379425048828,-119.14582824707031,KERN,UNINCORPORATED,-119.14517974853516,35.094276428222656
90954280,2019,2019-03-27,9830,2019-03-18,1630,020866,,1,2,9,1500,0,3,5,,2,003,"MOJAVE-TROPICO RD","SWEETSER RD",3696.00,S,N,A,-,N,,,,,,,,,,N,3,0,5,1,A,-,08,22107,,N,E,I,A,A,H,-,A,D,0,,,,,Y,,A,01,0,3,2,0,0,0,0,0,0,"- ","- ",34.884380340576172,-118.22525787353516,KERN,UNINCORPORATED,-118.2254638671875,34.883399963378906
90954291,2019,2019-03-27,9420,2019-03-14,0730,017243,,4,1,9,1500,0,3,5,,2,070,"LAGUNA SECA WAY","OSWELL ST.",6.00,W,N,A,-,N,,,,,,,,,,N,3,0,1,2,A,-,21,22106,,N,H,G,A,A,H,-,A,D,0,,Y,,,Y,,A,07,0,1,0,0,0,0,1,0,0,"- ","- ",35.369419097900391,-118.94983673095703,KERN,UNINCORPORATED,-118.94988250732422,35.369396209716797
90954347,2019,2019-03-27,9420,2019-03-18,0250,019901,,1,3,9,1500,0,3,5,,2,040,SR-65,"MERLE HAGGARD DR.",0.00,,Y,A,-,Y,,,65,,,,,,,Y,3,0,4,2,A,-,12,21453,A,N,D,C,A,A,H,-,C,A,0,,,,,Y,,A,01,0,1,3,0,0,0,0,0,0,"- ","- ",35.441368103027344,-119.07475280761719,KERN,UNINCORPORATED,-119.07479858398438,35.441371917724609
90954410,2019,2019-03-27,9426,2019-03-19,0605,017321,,2,1,9,1500,0,1,3,,1,167,SR-166,1-5,528.00,W,N,A,-,Y,,,166,,,,,,,Y,4,0,1,1,A,-,08,22107,,N,E,I,A,A,H,-,D,D,0,,,,,Y,,A,01,0,0,1,0,0,0,0,0,0,"- ","- ",35.059398651123047,-119.00669860839844,KERN,UNINCORPORATED,-119.00669860839844,35.059284210205078
90954413,2019,2019-03-27,9420,2019-03-19,1330,019316,,2,1,9,1500,0,3,5,,2,050,"WOODROW AVENUE","GRANT DRIVE",0.00,,Y,B,-,N,,,,,,,,,,N,4,0,1,2,A,-,08,22107,,F,D,C,A,A,H,-,A,D,0,,,,,Y,,A,07,0,0,1,0,0,0,0,0,0,"- ","- ",35.416400909423828,-119.03659820556641,KERN,UNINCORPORATED,-119.03666687011719,35.416370391845703
90954440,2019,2019-03-27,9420,2019-03-19,1655,019316,,2,2,9,1500,0,3,5,,2,050,"SEQUOIA DRIVE","BELLE AVENUE",0.00,,Y,B,-,N,,,,,,,,,,Y,4,0,1,2,A,-,09,21802,A,N,D,C,A,A,H,-,A,A,0,,,,,Y,,A,08,0,0,1,0,0,0,0,0,0,"- ","- ",35.410598754882812,-119.03410339355469,KERN,UNINCORPORATED,-119.03414916992188,35.410598754882812
90954626,2019,2019-03-27,9420,2019-03-18,0855,018626,,1,1,6,1502,0,1,3,,2,585,"SR-58 WESTBOUND","WIBLE ROAD",30.00,W,N,A,-,Y,,,58,,,,,,W,Y,3,0,2,4,A,-,03,22350,,N,C,C,A,A,H,-,A,D,0,,,,,Y,,A,07,0,1,1,0,0,0,0,0,0,"- ","- ",35.352821350097656,-119.03881072998047,KERN,BAKERSFIELD,-119.03881072998047,35.352794647216797
90954752,2019,2019-03-27,9420,2019-03-22,1525,019098,,5,2,6,1502,0,1,3,,2,093,"SR-99 S/B","SR-58 (ROSEDALE HIGHWAY)",1584.00,S,N,A,-,Y,,,,,,,,,,N,4,0,1,2,A,-,03,22350,,N,C,C,A,A,D,E,A,D,0,,,,,Y,,A,01,0,0,1,0,0,0,0,0,0,"- ","- ",35.224300384521484,-119.24008941650391,KERN,BAKERSFIELD,,
90954852,2019,2019-03-27,9426,2019-03-26,1700,015472,,2,2,9,1500,0,3,5,,2,086,"STOCKDALE HWY","TRASK AVE",100.00,W,N,A,-,N,,,,,,,,,,Y,3,0,2,2,A,-,09,21804,A,N,D,C,A,A,H,-,A,A,0,,,,,Y,,D,22,0,1,1,0,0,0,0,0,0,"- ","- ",35.354900360107422,-119.33260345458984,KERN,UNINCORPORATED,-119.33259582519531,35.354862213134766
90954887,2019,2019-03-27,9420,2019-03-18,0825,018626,,1,1,6,1502,0,1,3,,2,584,"SR-58 EASTBOUND","MOUNT VERNON AVENUE",20.00,W,N,A,-,Y,,,58,,,,,,E,Y,3,0,2,2,A,-,07,21658,A,N,B,C,A,A,D,-,A,D,0,,,,Y,Y,,G,25,0,2,0,0,0,0,0,0,0,"- ","- ",35.352890014648438,-118.96746826171875,KERN,BAKERSFIELD,-118.96746826171875,35.352890014648438
90954991,2019,2019-03-27,9426,2019-03-25,0518,015576,,1,3,9,1500,0,1,3,,1,460,SR-46,"POWERS ST",3168.00,W,N,A,-,Y,,,46,,,,,,,Y,4,0,9,2,A,-,05,21650,,N,A,C,A,A,H,-,D,D,0,,,,,Y,,A,01,0,0,9,0,0,0,0,0,0,"- ","- ",35.616039276123047,-119.67202758789062,KERN,UNINCORPORATED,-119.67202758789062,35.616065979003906
90955319,2019,2019-03-28,9420,2019-03-24,1421,019686,,7,2,9,1500,0,3,5,,2,672,"COMANCHE DRIVE","SR-58, E/B FROM COMANCHE DRIVE",0.00,,Y,A,-,N,,,,,,,,,,Y,3,0,3,2,A,-,09,21801,A,N,D,C,A,A,H,-,A,D,0,,,,,Y,,D,22,0,2,1,0,0,0,0,0,0,"- ","- ",35.3377685546875,-118.84317779541016,KERN,UNINCORPORATED,-118.843188,35.337735000000002
90955890,2019,2019-03-28,9430,2019-03-26,1830,021565,,2,2,9,1500,0,2,4,,1,022,"FRAZIER MOUNTAIN PARK RD","LAKEWOOD PL",0.00,,Y,A,-,N,,,,,,,,,,Y,2,0,1,2,A,-,09,21801,A,N,A,C,A,A,H,-,A,D,0,,,Y,,Y,,A,07,1,0,0,0,0,0,0,0,1,"- ","- ",34.818321228027344,-118.99716186523438,KERN,UNINCORPORATED,-118.99722290039062,34.818328857421875
90955932,2019,2019-03-28,9420,2019-03-12,0655,017256,,2,1,9,1500,0,1,3,,2,204,"SR-204, S/B FROM SR-99, S/B","SR-99 S/B",166.00,N,N,A,-,Y,,,204,,,,R,,S,Y,3,0,2,2,A,-,03,22350,,N,C,C,A,A,H,-,A,D,0,,,,,Y,,D,22,0,2,0,0,0,0,0,0,0,"- ","- ",35.403720855712891,-119.04665374755859,KERN,UNINCORPORATED,-119.04665374755859,35.403720855712891
90955938,2019,2019-03-28,9420,2019-03-23,0850,013597,,6,1,9,1500,0,1,3,,1,184,"SR-184 (MAIN STREET) SOUTHBOUND","HALL ROAD",0.00,,Y,A,-,Y,,,,,,,,,,N,4,0,2,2,A,-,12,21453,A,N,D,C,A,A,H,-,A,A,0,,,,,Y,,D,22,0,0,2,0,0,0,0,0,0,"- ","- ",35.153400421142578,-118.54519653320312,KERN,UNINCORPORATED,,
90955951,2019,2019-05-06,9420,2019-02-07,0545,014770,,4,3,9,1500,0,1,3,,2,091,"STATE ROUTE 99, SOUTHBOUND","LERDO HIGHWAY",17952.00,S,N,A,-,Y,,,,,,,,,,Y,1,1,0,2,A,-,03,22350,,N,C,C,A,A,H,-,D,D,0,,,,Y,Y,,D,22,0,0,0,0,0,0,0,0,0,"- ","- ",35.275909423828125,-119.71391296386719,KERN,UNINCORPORATED,,
90955983,2019,2019-03-28,9420,2019-03-21,1700,015896,,4,2,9,1500,0,2,4,,1,052,"ROBERTS LN","SEQUOIA DR",0.00,,Y,A,-,N,,,,,,,,,,N,3,0,1,2,A,-,12,21453,A,N,H,G,A,A,H,-,A,A,0,,Y,,,Y,,L,04,0,1,0,0,0,0,1,0,0,"- ","- ",35.408599853515625,-119.03410339355469,KERN,UNINCORPORATED,-119.03411865234375,35.408618927001953
90956014,2019,2019-03-28,9420,2019-03-22,0555,014811,,5,3,9,1500,0,3,5,,2,550,"LERDO HIGHWAY","INDUSTRIAL FARM ROAD",1082.00,W,N,A,-,N,,,,,,,,,,Y,3,0,2,2,A,-,08,22107,,N,B,C,A,A,H,-,D,D,0,,,,,Y,,A,01,0,2,0,0,0,0,0,0,0,"- ","- ",35.295860290527344,-119.64366912841797,KERN,UNINCORPORATED,-119.11235809326172,35.499595642089844
90957192,2019,2019-03-29,9420,2019-03-21,0110,020040,,4,3,9,1500,0,1,3,,2,589,"SR-58 WESTBOUND","BENA ROAD",350.00,E,N,A,-,Y,,,58,,,,,,W,Y,4,0,1,3,C,-,18,,,N,D,C,A,A,H,-,D,D,0,,,,Y,Y,,-,"- ",0,0,1,0,0,0,0,0,0,"- ","- ",35.269969940185547,-118.68170928955078,KERN,UNINCORPORATED,-118.68170928955078,35.269981384277344
90957201,2019,2019-03-29,9420,2019-03-23,0815,018117,,6,1,9,1500,0,3,5,,2,672,"PACHECO RD","PAMELA ST",18.00,W,N,A,-,N,,,,,,,,,,N,4,0,4,2,A,-,04,21703,,N,C,C,A,A,H,-,A,D,0,,,,,Y,,A,07,0,0,4,0,0,0,0,0,0,"- ","- ",35.310428619384766,-119.00495910644531,KERN,UNINCORPORATED,-119.00486755371094,35.310390472412109
90957251,2019,2019-03-29,9420,2019-03-17,2138,020782,,7,2,6,1502,0,1,3,,2,585,"SR-58 W/B","MT. VERNON AVENUE",200.00,W,N,A,-,Y,,,58,,,,,,W,Y,3,0,2,1,A,-,08,22107,,N,F,A,A,A,D,H,D,D,0,,,,,Y,,A,07,0,2,0,0,0,0,0,0,0,"- ","- ",35.353340148925781,-118.9691162109375,KERN,BAKERSFIELD,-118.96910095214844,35.353073120117188
90957278,2019,2019-03-29,9420,2019-03-24,1945,020402,,7,2,6,1502,0,1,3,,2,095,"SR-99 S/B TO WHITE LANE","WHITE LANE",400.00,N,N,A,-,Y,,,99,,,,R,,S,Y,4,0,2,1,A,-,08,22107,,N,E,I,A,A,H,-,C,D,0,,,,,Y,,A,01,0,0,2,0,0,0,0,0,0,"- ","- ",35.319240570068359,-119.03727722167969,KERN,BAKERSFIELD,-119.03727722167969,35.319240570068359
90957503,2019,2019-03-29,9426,2019-03-16,2130,019716,,6,2,9,1500,0,3,5,,2,081,"S 10TH ST","OAK ST.",25.00,S,N,A,-,N,,,,,,,,,,Y,3,0,1,2,A,-,08,22107,,N,B,E,A,A,H,-,C,A,0,,,,,Y,,A,01,0,1,0,0,0,0,0,0,0,"- ","- ",35.136821746826172,-119.465087890625,KERN,UNINCORPORATED,-119.46511077880859,35.136661529541016
90957668,2019,2019-03-29,9420,2019-03-27,1420,016978,,3,2,9,1500,0,3,5,,2,672,"E. BELLE TERRACE","JASTRO AVENUE",73.00,W,N,B,-,N,,,,,,,,,,N,4,0,1,2,A,-,03,22350,,N,C,C,A,A,H,-,A,D,0,,,,,Y,,A,07,0,0,1,0,0,0,0,0,0,"- ","- ",35.346729278564453,-118.98995208740234,KERN,UNINCORPORATED,-118.98992156982422,35.346698760986328
90957675,2019,2019-05-07,9420,2019-03-27,1755,016978,,3,2,6,1502,0,1,3,,2,585,"SR-58 W/B","WIBLE ROAD",100.00,W,N,B,-,Y,,,58,,,,,,W,Y,4,0,1,2,A,-,07,21658,A,N,C,C,A,A,H,-,A,D,0,,,,,Y,,A,01,0,0,1,0,0,0,0,0,0,"- ","- ",35.353469848632812,-119.04116821289062,KERN,BAKERSFIELD,-119.04117584228516,35.352806091308594
90957682,2019,2019-03-29,9420,2019-03-27,1300,015255,,3,1,9,1500,0,3,5,,2,040,"ALFRED HARRELL HIGHWAY","GOODMANVILLE ROAD",5808.00,E,N,A,-,N,,,,,,,,,,Y,2,0,1,1,A,-,08,22107,,N,E,I,A,A,H,-,A,D,0,,,,,Y,,A,01,1,0,0,0,0,0,0,0,0,"- ","- ",35.446998596191406,-118.92859649658203,KERN,UNINCORPORATED,-118.93276214599609,35.436038970947266
90957687,2019,2019-03-29,9420,2019-03-27,1325,015261,,3,1,9,1500,0,2,4,,1,051,"N. CHESTER AVENUE","ARVIN ST.",17.00,S,N,A,-,N,,,,,,,,,,N,4,0,2,2,A,-,03,22350,,N,C,C,A,A,H,-,A,A,0,,,,,Y,,D,22,0,0,2,0,0,0,0,0,0,"- ","- ",35.423309326171875,-119.02104187011719,KERN,UNINCORPORATED,-119.02128601074219,35.423152923583984
90957707,2019,2019-03-29,9420,2019-03-27,0640,015261,,3,1,9,1500,0,3,5,,2,510,"SR-155 (GARCES HIGHWAY)","DRIVER RD.",0.00,,Y,A,-,Y,,,155,,,,,,,N,4,0,1,3,A,-,09,21802,A,N,D,C,A,A,H,-,A,A,0,,,,,Y,,A,01,0,0,1,0,0,0,0,0,0,"- ","- ",35.761520385742188,-119.20520782470703,KERN,UNINCORPORATED,-119.20520782470703,35.761409759521484
90957753,2019,2019-03-29,9420,2019-03-28,0610,016767,,4,1,9,1500,0,1,3,,1,650,SR-65,"65 KER 11.00",1000.00,S,N,B,C,Y,,,65,,,,,,,N,4,0,1,1,A,-,08,22107,,N,E,I,A,B,H,-,A,D,0,,,,,Y,,A,01,0,0,1,0,0,0,0,0,0,"- ","- ",35.5885009765625,-119.08999633789062,KERN,UNINCORPORATED,-119.08993530273438,35.588493347167969
90957846,2018,2019-04-02,9830,2018-12-25,0452,021470,,2,3,9,1500,0,1,3,,2,030,"STATE ROUTE 14 SOUTHBOUND","SILVER QUEEN ROAD",3168.00,S,N,B,-,Y,,,14,,,,,,S,Y,1,1,0,1,A,-,01,23152,A,N,E,I,A,A,H,-,D,D,0,,,,,Y,Y,A,01,0,0,0,0,0,0,0,0,0,"- ","- ",34.986789703369141,-118.15950012207031,KERN,UNINCORPORATED,-118.15944671630859,34.986793518066406
9095797,2020,2020-07-22,1507,2020-04-26,0915,280,11,7,5,3,1507,0,0,0,,0,,"POSO AV","N VALLEY ST",127.00,E,N,A,-,N,,,,,,,,,,N,3,0,1,1,A,-,"- ",,,N,E,I,A,A,H,-,A,D,0,,,,,Y,,A,01,0,1,0,0,0,0,0,0,0,"- ","- ",35.505210876464844,-119.28269958496094,KERN,SHAFTER,-119.28229522705078,35.505207061767578
90958174,2019,2019-04-01,9830,2019-03-24,1630,021870,,7,2,9,1500,0,1,2,,1,054,US-395,"GARLOCK RD",0.00,,Y,A,-,Y,,,395,,,,,,,Y,3,0,2,2,A,-,09,21802,A,N,D,C,A,A,H,-,A,A,0,,,,,Y,,D,22,0,2,0,0,0,0,0,0,0,"- ","- ",35.442249298095703,-117.66587066650391,KERN,UNINCORPORATED,-117.66539001464844,35.441802978515625
90958267,2019,2019-04-01,9830,2019-03-23,0120,019872,,6,3,9,1500,0,1,3,,1,051,SR-178,SR-14,7920.00,W,N,A,-,Y,,,178,,,,,,,Y,3,0,1,1,A,-,08,22107,,N,F,I,A,A,H,-,D,D,0,,,,,Y,,A,01,0,1,0,0,0,0,0,0,0,"- ","- ",35.601600646972656,-117.90296173095703,KERN,UNINCORPORATED,-117.90308380126953,35.601612091064453
90958751,2019,2019-04-02,9420,2019-03-22,1529,016969,,5,2,4,1503,0,2,S,,2,901,"HIGH ST","18TH AVE",0.00,,Y,A,-,N,,,,,,,,,,Y,3,0,3,2,A,-,09,21801,A,N,D,C,A,A,H,-,A,A,0,,,,,Y,,A,01,0,3,0,0,0,0,0,0,0,"- ","- ",35.779548645019531,-119.25005340576172,KERN,DELANO,-119.25006103515625,35.779499053955078
90958773,2019,2019-04-08,9420,2019-03-23,2150,021144,,6,2,9,1500,0,1,3,,2,096,"SR-99 N/B","DAVID RD.",995.00,S,N,B,-,Y,,,99,,,,,,N,Y,2,0,5,2,A,-,08,22107,,N,B,C,A,A,H,-,D,D,0,,,,,Y,,A,01,2,3,0,0,0,0,0,0,0,"- ","- ",35.0914306640625,-118.97834014892578,KERN,UNINCORPORATED,-118.97838592529297,35.091415405273438
90958786,2019,2019-04-02,9420,2019-03-20,2355,016828,,3,3,9,1500,0,3,5,,2,620,"7TH STANDARD ROAD","STATE ROUTE 43",1000.00,E,N,B,-,N,,,,,,,,,,Y,4,0,1,1,A,-,08,22107,,N,E,I,A,A,H,-,D,D,0,,,,,Y,,A,07,0,0,1,0,0,0,0,0,0,"- ","- ",35.442180633544922,-119.24098968505859,KERN,UNINCORPORATED,-119.24848175048828,35.441673278808594
90958804,2019,2019-04-02,9420,2019-03-22,0520,019903,,5,3,9,1500,0,2,4,,1,051,"N. CHESTER AVE","ROBERTS LN",0.00,,Y,A,-,N,,,,,,,,,,Y,4,0,1,1,A,-,08,22107,,N,E,I,A,A,H,-,C,A,0,,,,,Y,,A,07,0,0,1,0,0,0,0,0,0,"- ","- ",35.408660888671875,-119.02088165283203,KERN,UNINCORPORATED,-119.02108001708984,35.408641815185547
90959115,2019,2019-04-02,9420,2019-03-27,1315,015801,,3,1,9,1500,0,2,4,,1,051,"N. CHESTER AVENUE","ARVIN STREET",25.00,N,N,A,-,N,,,,,,,,,,N,4,0,2,2,A,-,03,22350,,N,C,C,A,A,H,-,A,B,0,,,,,Y,,A,01,0,0,2,0,0,0,0,0,0,"- ","- ",35.423301696777344,-119.02130126953125,KERN,UNINCORPORATED,-119.02129364013672,35.423267364501953
90959152,2019,2019-04-02,9420,2019-03-27,2113,019185,,3,2,9,1500,0,2,4,,2,074,"PANAMA ROAD","COTTONWOOD ROAD",45.00,W,N,B,-,N,,,,,,,,,,Y,3,0,1,2,A,-,01,23152,A,N,C,C,A,A,H,-,D,A,0,,,,,Y,Y,A,01,0,1,0,0,0,0,0,0,0,"- ","- ",35.266880035400391,-118.98554229736328,KERN,UNINCORPORATED,-118.98548126220703,35.266876220703125
90959192,2019,2019-04-02,9420,2019-03-28,1046,015801,,4,1,9,1500,0,3,5,,2,050,"TANNER MICHAEL DRIVE (200 BLOCK)","BRUSH CREEK AVENUE",15.00,W,N,B,-,N,,,,,,,,,,N,4,0,1,1,A,-,21,22106,,N,H,A,A,A,H,-,A,D,0,,,,,Y,,D,22,0,0,1,0,0,0,0,0,0,"- ","- ",35.431678771972656,-119.02465057373047,KERN,UNINCORPORATED,-119.02446746826172,35.431739807128906
9095939,2020,2020-06-29,1500,2020-03-14,1619,201522,WA-02,6,5,3,1510,0,0,0,,0,4401,"POSO DR","E ST",15.00,S,N,A,-,N,,,,,,,,,,Y,4,0,1,2,A,-,09,21802,A,N,D,C,A,A,H,-,A,A,0,,,,,Y,,A,07,0,0,1,0,0,0,0,0,0,"- ","- ",,,KERN,WASCO,-119.33515930175781,35.587020874023438
90959404,2019,2019-04-02,9830,2019-03-25,1220,017237,,1,1,9,1500,0,1,3,,1,040,"SR-14 SOUTHBOUND","CALIFORNIA CITY BLVD",12514.00,N,N,A,-,Y,,,14,,,,,,S,Y,3,0,1,1,A,-,08,22107,,N,F,A,A,A,H,-,A,D,0,,,,,Y,,A,08,0,1,0,0,0,0,0,0,0,"- ","- ",35.155899047851562,-118.09989929199219,KERN,UNINCORPORATED,-118.10004425048828,35.156024932861328
90959856,2019,2019-04-03,9420,2019-03-23,0150,018932,,6,3,9,1500,0,1,3,,2,584,"SR-58 E/B","MOUNT VERNON AVE",1584.00,W,N,A,-,Y,,,,,,,,,,Y,3,0,1,1,A,-,01,23152,A,N,E,I,A,A,D,-,D,D,0,,,,,Y,Y,A,01,0,1,0,0,0,0,0,0,0,"- ","- ",35.354000091552734,-118.97799682617188,KERN,UNINCORPORATED,,
90959862,2019,2019-04-03,9420,2019-03-27,1700,021547,,3,2,9,1500,0,3,5,,2,320,"SIERRA VISTA DRIVE","WOODLAND DRIVE",900.00,S,N,B,-,N,,,,,,,,,,N,4,0,1,2,A,-,01,23152,A,N,C,E,A,A,H,-,A,D,0,,,,,Y,Y,A,07,0,0,1,0,0,0,0,0,0,"- ","- ",35.712509155273438,-118.46002197265625,KERN,UNINCORPORATED,-118.45966339111328,35.711879730224609
90959867,2019,2019-04-03,9420,2019-03-31,1705,020163,,7,2,9,1500,0,2,4,,1,072,"E. CALIFORNIA AVE.","CHAMBERLAIN AVE.",200.00,E,N,A,-,N,,,,,,,,,,Y,2,0,1,1,A,-,08,22107,,N,E,I,A,A,H,-,A,D,0,,,,,Y,Y,D,22,1,0,0,0,0,0,0,0,0,"- ","- ",35.368450164794922,-118.96967315673828,KERN,UNINCORPORATED,-118.96964263916016,35.368648529052734
90959971,2019,2019-04-03,9420,2019-03-29,1010,013475,,5,1,6,1502,0,1,3,,2,094,"SR-99 N/B","BELLE TERRACE",575.00,N,N,A,-,Y,,,99,,,,,,N,Y,4,0,2,3,A,-,03,22350,,N,C,C,A,A,D,-,A,D,0,,,,,Y,,A,01,0,0,2,0,0,0,0,0,0,"- ","- ",35.346950531005859,-119.03955078125,KERN,BAKERSFIELD,-119.03942108154297,35.346950531005859
90959978,2019,2019-04-03,9420,2019-03-29,0955,013851,,5,1,9,1500,0,2,4,,1,075,"SOUTH UNION AVENUE","FAIRVIEW ROAD",0.00,,Y,A,-,N,,,,,,,,,,N,4,0,1,2,A,-,12,21453,A,N,D,C,A,A,H,-,A,A,0,,,,,Y,,A,01,0,0,1,0,0,0,0,0,0,"- ","- ",35.303199768066406,-119.00302886962891,KERN,UNINCORPORATED,-119.00312805175781,35.303131103515625
90959992,2019,2019-04-03,9420,2019-03-29,1445,019353,,5,2,6,1502,0,1,3,,2,093,"SR-99 S/B","SR-204 O/C",150.00,N,N,A,-,Y,,,99,,,,,,S,Y,4,0,2,2,A,-,03,22350,,N,C,C,A,A,H,-,A,D,0,,,,Y,Y,,A,07,0,0,2,0,0,0,0,0,0,"- ","- ",35.405899047851562,-119.04789733886719,KERN,BAKERSFIELD,-119.04792785644531,35.405864715576172
90960044,2019,2019-04-03,9420,2019-04-01,1700,016978,,1,2,6,1502,0,1,3,,2,094,"SR-99 N/B","MING AVENUE",1413.00,N,N,A,-,Y,,,99,,,,,,N,Y,4,0,1,2,A,-,01,23152,F,N,B,C,A,A,D,-,A,D,0,,,,,Y,,A,01,0,0,1,0,0,0,0,0,0,"- ","- ",35.343379974365234,-119.03939056396484,KERN,BAKERSFIELD,-119.03944396972656,35.343379974365234
90960082,2019,2019-04-03,9420,2019-04-01,1435,020163,,1,2,9,1500,0,3,5,,2,070,"PIONEER DR.","DOROTHY ST.",20.00,E,N,A,-,N,,,,,,,,,,N,3,0,1,2,A,-,11,21955,,N,G,B,D,A,H,-,A,D,0,Y,,,,Y,,N,60,0,1,0,0,1,0,0,0,0,"- ","- ",35.368350982666016,-118.9373779296875,KERN,UNINCORPORATED,-118.93852996826172,35.368732452392578
90960179,2019,2019-04-03,9426,2019-04-01,0615,015548,,1,1,9,1500,0,1,3,,2,331,"STATE ROUTE 33","MIDWAY RD",4752.00,S,N,A,-,Y,,,33,,,,,,,Y,3,0,1,2,A,-,03,22350,,N,C,C,A,A,H,-,B,A,0,,,,Y,Y,,A,01,0,1,0,0,0,0,0,0,0,"- ","- ",35.171421051025391,-119.51499938964844,KERN,UNINCORPORATED,-119.51494598388672,35.171501159667969
90960365,2019,2019-04-03,9426,2019-03-23,1655,018416,,6,2,9,1500,0,1,3,,1,460,"SR-46 W/B","SR-33 N/B",0.00,,Y,A,-,Y,,,46,,,,,,W,Y,4,0,1,2,A,-,12,21453,A,N,D,C,A,A,H,-,A,A,0,,,,,Y,,E,22,0,0,1,0,0,0,0,0,0,"- ","- ",35.615211486816406,-119.86765289306641,KERN,UNINCORPORATED,-119.86764526367188,35.614948272705078
90960388,2019,2019-04-03,9420,2019-03-26,2032,019686,,2,2,9,1500,0,3,5,,2,672,"TERRACE WAY (2600 BLOCK)","LOCH LOMOND DRIVE",145.00,E,N,A,-,N,,,,,,,,,,Y,4,0,2,2,A,-,01,23152,A,N,C,E,A,A,H,-,D,D,0,,,,,Y,Y,A,07,0,0,2,0,0,0,0,0,0,"- ","- ",35.350330352783203,-119.03318786621094,KERN,UNINCORPORATED,-119.03287506103516,35.350341796875
90960610,2019,2019-04-04,9830,2019-03-24,2225,021553,,7,3,9,1500,0,2,4,,1,034,"ROSAMOND BLVD","25TH ST  W",221.00,E,N,A,-,N,,,,,,,,,,Y,4,0,4,2,A,-,01,23152,A,N,C,C,A,A,H,-,C,D,0,,,,,Y,Y,A,01,0,0,4,0,0,0,0,0,0,"- ","- ",34.864189147949219,-118.17511749267578,KERN,UNINCORPORATED,-118.17520141601562,34.864212036132812