CASE_ID,ACCIDENT_YEAR,PROC_DATE,JURIS,COLLISION_DATE,COLLISION_TIME,OFFICER_ID,REPORTING_DISTRICT,DAY_OF_WEEK,CHP_SHIFT,POPULATION,CNTY_CITY_LOC,SPECIAL_COND,BEAT_TYPE,CHP_BEAT_TYPE,CITY_DIVISION_LAPD,CHP_BEAT_CLASS,BEAT_NUMBER,PRIMARY_RD,SECONDARY_RD,DISTANCE,DIRECTION,INTERSECTION,WEATHER_1,WEATHER_2,STATE_HWY_IND,CALTRANS_COUNTY,CALTRANS_DISTRICT,STATE_ROUTE,ROUTE_SUFFIX,POSTMILE_PREFIX,POSTMILE,LOCATION_TYPE,RAMP_INTERSECTION,SIDE_OF_HWY,TOW_AWAY,COLLISION_SEVERITY,NUMBER_KILLED,NUMBER_INJURED,PARTY_COUNT,PRIMARY_COLL_FACTOR,PCF_CODE_OF_VIOL,PCF_VIOL_CATEGORY,PCF_VIOLATION,PCF_VIOL_SUBSECTION,HIT_AND_RUN,TYPE_OF_COLLISION,MVIW,PED_ACTION,ROAD_SURFACE,ROAD_COND_1,ROAD_COND_2,LIGHTING,CONTROL_DEVICE,CHP_ROAD_TYPE,PEDESTRIAN_ACCIDENT,BICYCLE_ACCIDENT,MOTORCYCLE_ACCIDENT,TRUCK_ACCIDENT,NOT_PRIVATE_PROPERTY,ALCOHOL_INVOLVED,STWD_VEHTYPE_AT_FAULT,CHP_VEHTYPE_AT_FAULT,COUNT_SEVERE_INJ,COUNT_VISIBLE_INJ,COUNT_COMPLAINT_PAIN,COUNT_PED_KILLED,COUNT_PED_INJURED,COUNT_BICYCLIST_KILLED,COUNT_BICYCLIST_INJURED,COUNT_MC_KILLED,COUNT_MC_INJURED,PRIMARY_RAMP,SECONDARY_RAMP,LATITUDE,LONGITUDE,COUNTY,CITY,POINT_X,POINT_Y
91006705,2019,2019-06-10,9420,2019-06-05,1705,020501,,3,2,9,1500,0,1,3,,2,092,"SR-99 N/B","OLIVE DR",250.00,N,N,A,-,Y,,,99,,,,,,N,N,3,0,1,3,A,-,03,22350,,N,C,C,E,A,H,-,A,D,0,Y,,,Y,Y,,G,27,0,1,0,0,1,0,0,0,0,"- ","- ",35.412948608398438,-119.05544281005859,KERN,UNINCORPORATED,-119.05543518066406,35.412956237792969
91006727,2019,2019-06-14,9830,2019-06-02,0330,020524,,7,3,9,1500,0,3,5,,2,003,"HOWARD STREET","PERDOT LANE",56.00,S,N,A,-,N,,,,,,,,,,Y,4,0,1,2,A,-,01,23152,A,N,C,E,A,A,H,-,C,D,0,,,,,Y,Y,A,01,0,0,1,0,0,0,0,0,0,"- ","- ",34.855270385742188,-118.189208984375,KERN,UNINCORPORATED,-118.18924713134766,34.855358123779297
91006840,2019,2019-06-10,9420,2019-06-04,1538,020163,,2,2,9,1500,0,1,3,,2,094,"SR-99 N/B","WIBLE RD. OVERPASS",400.00,S,N,A,-,Y,,,,,,,,,,Y,4,0,4,2,A,-,08,22107,,N,D,C,A,A,H,-,A,D,0,,,,,Y,,A,07,0,0,4,0,0,0,0,0,0,"- ","- ",35.328948974609375,-118.03919219970703,KERN,UNINCORPORATED,,
91006970,2019,2019-08-01,9430,2019-06-03,2144,015185,,1,2,9,1500,0,1,1,,2,054,"SB INTERSTATE 5 (GOLDEN STATE FREEWAY)","AQUEDUCT SERVICE RD. OVER CROSS",3168.00,N,N,A,-,Y,,,5,,,,,,,Y,4,0,1,3,A,-,21,22106,,N,C,C,A,A,D,-,C,D,0,,,,Y,Y,,G,25,0,0,1,0,0,0,0,0,0,"- ","- ",34.976131439208984,-118.94232177734375,KERN,UNINCORPORATED,-118.94220733642578,34.976165771484375
91006981,2019,2019-06-10,9420,2019-06-03,0545,018117,,1,3,9,1500,0,3,5,,2,530,"LERDO HWY","SCARONI AVE",0.00,,Y,A,-,N,,,,,,,,,,Y,2,0,5,2,A,-,12,22450,A,N,D,C,A,A,H,-,B,A,0,,,,,Y,,A,07,1,0,4,0,0,0,0,0,0,"- ","- ",35.499961853027344,-119.31385803222656,KERN,UNINCORPORATED,-119.3138427734375,35.49993896484375
91007011,2019,2019-06-10,9420,2019-06-04,1415,021296,,2,2,6,1502,0,1,3,,2,584,SR-58,"S. REAL RD.",2640.00,E,N,A,-,Y,,,58,,,,,,,N,4,0,2,3,A,-,03,22350,,N,C,C,A,A,D,-,A,D,0,,,,,Y,,D,22,0,0,2,0,0,0,0,0,0,"- ","- ",35.352748870849609,-119.03224182128906,KERN,BAKERSFIELD,-119.03224182128906,35.352771759033203
91007445,2019,2019-06-11,9420,2019-06-07,2205,021308,,5,3,9,1500,0,2,4,,1,071,"OSWELL ST. S/B (1700 BLOCK)","COLLEGE AVE.",181.00,S,N,A,-,N,,,,,,,,,,Y,3,0,1,4,A,-,01,23152,A,N,C,E,A,A,H,-,C,D,0,,,,,Y,Y,A,01,0,1,0,0,0,0,0,0,0,"- ","- ",35.382591247558594,-118.94979858398438,KERN,UNINCORPORATED,-118.94976043701172,35.382644653320312
91007456,2019,2019-06-11,9420,2019-04-05,1615,019442,,5,2,9,1500,0,3,5,,2,672,"HERRING ROAD","WHEELER RIDGE ROAD",6336.00,E,N,A,-,N,,,,,,,,,,Y,1,1,1,1,A,-,01,23152,A,N,F,A,A,A,H,-,A,D,0,,,,,Y,Y,D,22,1,0,0,0,0,0,0,0,0,"- ","- ",35.151008605957031,-118.88912963867188,KERN,UNINCORPORATED,-118.89352416992188,35.150619506835938
91007500,2019,2019-06-11,9426,2019-06-03,1946,018416,,1,2,9,1500,0,3,5,,2,086,"LERDO HIGHWAY","ROWLEE RD",1555.00,E,N,A,-,N,,,,,,,,,,Y,3,0,1,1,A,-,01,23152,A,N,E,I,A,A,H,-,B,D,0,,,,,Y,Y,D,22,0,1,0,0,0,0,0,0,0,"- ","- ",35.500358581542969,-119.46949005126953,KERN,UNINCORPORATED,-119.469482421875,35.500434875488281
91007564,2019,2019-06-11,9426,2019-05-31,0710,016162,,5,1,9,1500,0,3,5,,2,087,"COPUS RD","OLD RIVER RD",15840.00,W,N,A,-,N,,,,,,,,,,Y,3,0,1,2,A,-,09,21801,A,N,A,C,A,A,H,-,A,D,0,,,,,Y,,D,22,0,1,0,0,0,0,0,0,0,"- ","- ",35.094108581542969,-119.18064117431641,KERN,UNINCORPORATED,-119.16280364990234,35.094181060791016
9100762,2020,2020-11-12,1501,2020-05-16,2200,987,15,6,5,3,1501,0,0,0,,0,002,"WALNUT AV","HOOD ST",212.00,S,N,A,-,N,,,,,,,,,,Y,4,0,1,3,A,-,03,22350,,N,C,C,A,A,H,-,A,D,0,,,,,Y,,A,01,0,0,1,0,0,0,0,0,0,"- ","- ",35.202838897705078,-118.83734130859375,KERN,ARVIN,-118.83763122558594,35.202999114990234
91007755,2019,2019-06-11,9420,2019-06-09,1510,018445,,7,2,9,1500,0,3,5,,2,530,"POPLAR AVENUE","TULARE STREET",500.00,N,N,A,-,N,,,,,,,,,,N,3,0,1,1,A,-,03,22350,,N,E,J,A,A,H,-,A,D,0,,,Y,,Y,,C,06,0,1,0,0,0,0,0,0,1,"- ","- ",35.303451538085938,-119.17453002929688,KERN,UNINCORPORATED,-118.99014282226562,35.399391174316406
91007802,2019,2019-06-11,9420,2019-06-07,0400,016828,,5,3,9,1500,0,1,3,,2,090,"SR-99 N/B","POND ROAD",250.00,S,N,A,-,Y,,,,,,,,,,Y,3,0,2,2,A,-,03,22350,,N,C,C,A,A,H,-,D,D,0,,,,,Y,,A,01,0,1,1,0,0,0,0,0,0,"- ","- ",35.500198364257812,-119.15329742431641,KERN,UNINCORPORATED,-119.23696899414062,35.717384338378906
91007915,2019,2019-06-19,9420,2019-06-04,0550,016767,,2,3,9,1500,0,1,3,,2,090,"SR-99 N/B","11TH AVENUE O/C",413.00,N,N,A,-,Y,,,,,,,,,,Y,2,0,1,2,A,-,08,22107,,N,B,C,A,A,H,-,A,D,0,,,,,Y,,A,01,1,0,0,0,0,0,0,0,0,"- ","- ",35.770198822021484,-119.25099945068359,KERN,UNINCORPORATED,-119.25113677978516,35.770713806152344
91007990,2019,2019-06-11,9420,2019-06-02,1730,015896,,7,2,9,1500,0,3,5,,2,060,"SNOW RD","CALLOWAY DR",0.00,,Y,A,-,N,,,,,,,,,,Y,4,0,2,2,D,-,00,,,N,A,C,A,A,H,-,A,A,0,,,,,Y,,-,"- ",0,0,2,0,0,0,0,0,0,"- ","- ",35.417098999023438,-119.11000061035156,KERN,UNINCORPORATED,-119.11000061035156,35.427078247070312
91008096,2019,2019-06-12,9830,2019-05-30,1735,020113,,4,2,9,1500,0,1,2,,1,053,US-395,"CHINA LAKE BLVD",0.00,,Y,A,-,Y,,,395,,,,,,,Y,3,0,1,2,A,-,03,22350,,N,C,C,A,A,H,-,A,D,0,,,,Y,Y,,A,01,0,1,0,0,0,0,0,0,0,"- ","- ",35.551059722900391,-117.71369934082031,KERN,UNINCORPORATED,-117.71371459960938,35.551048278808594
91008231,2019,2019-06-12,9426,2019-06-11,1530,019206,,2,2,9,1500,0,1,3,,1,118,"STATE ROUTE 119","GOLF COURSE RD",5808.00,E,N,A,-,Y,,,119,,,,,,,Y,3,0,1,4,A,-,03,22350,,N,C,C,A,A,D,-,A,D,0,,,,,Y,,E,22,0,1,0,0,0,0,0,0,0,"- ","- ",35.267608642578125,-119.29840850830078,KERN,UNINCORPORATED,-119.29840850830078,35.26763916015625
91008307,2019,2019-06-12,9420,2019-06-11,1355,018445,,2,1,9,1500,0,3,5,,2,530,"MAGNOLIA AVENUE","POSO DRIVE",0.00,,Y,A,-,N,,,,,,,,,,Y,3,0,2,2,A,-,09,21802,A,N,D,C,A,A,H,-,A,A,0,,,,,Y,,A,01,0,1,1,0,0,0,0,0,0,"- ","- ",35.587158203125,-119.36714172363281,KERN,UNINCORPORATED,-119.36711883544922,35.587001800537109
91008518,2019,2019-06-12,9420,2019-06-09,1545,019845,,7,2,9,1500,0,2,4,,1,064,"OLIVE DRIVE","PARK WEST WAY",10.00,W,N,A,-,N,,,,,,,,,,Y,4,0,1,2,A,-,03,22350,,N,C,C,A,A,H,-,A,D,0,,,,,Y,,A,01,0,0,1,0,0,0,0,0,0,"- ","- ",35.412311553955078,-119.07758331298828,KERN,UNINCORPORATED,-119.07707214355469,35.412349700927734
91008530,2019,2019-06-12,9420,2019-06-10,2115,021746,,1,2,9,1500,0,3,5,,2,320,"KELSO CREEK RD","KELSO VALLEY RD",14784.00,S,N,A,-,N,,,,,,,,,,N,4,0,1,1,A,-,03,22350,,N,F,A,A,A,H,-,D,D,0,,,,,Y,,D,22,0,0,1,0,0,0,0,0,0,"- ","- ",35.578388214111328,-118.25034332275391,KERN,UNINCORPORATED,-118.24313354492188,35.610740661621094
91008687,2019,2019-06-28,9830,2019-06-10,0755,017146,,1,1,9,1500,0,3,5,,2,005,"JACKS RANCH RD.","RIDGECREST BLVD.",141.00,N,N,A,-,N,,,,,,,,,,Y,2,0,1,2,A,-,08,22107,,N,D,C,A,A,H,-,A,D,0,,,,,Y,,A,07,1,0,0,0,0,0,0,0,0,"- ","- ",35.623149871826172,-117.72300720214844,KERN,UNINCORPORATED,-117.72299194335938,35.622905731201172
91008689,2019,2019-06-12,9420,2019-06-07,1405,019531,,5,2,9,1500,0,3,5,,2,671,"EAST PANAMA ROAD","MYRTLE AVENUE",300.00,W,N,A,-,N,,,,,,,,,,Y,4,0,1,4,A,-,08,22103,,M,D,C,A,A,H,-,A,D,0,,,,Y,Y,,D,22,0,0,1,0,0,0,0,0,0,"- ","- ",35.266929626464844,-118.91046905517578,KERN,UNINCORPORATED,-118.91120147705078,35.266971588134766
91008820,2019,2019-06-12,9420,2019-06-11,0050,019686,,2,3,9,1500,0,3,5,,2,610,"CALLOWAY DRIVE","HOLLAND STREET",44.00,S,N,A,-,N,,,,,,,,,,Y,3,0,1,1,A,-,08,22107,,N,E,I,A,A,H,-,C,D,0,,,,,Y,,A,01,0,1,0,0,0,0,0,0,0,"- ","- ",35.379520416259766,-119.10974884033203,KERN,UNINCORPORATED,-119.10995483398438,35.379570007324219
91009013,2019,2019-06-13,9830,2019-05-31,2110,020960,,5,2,9,1500,0,3,5,,2,003,"UNITED STREET","FAIRWIND AVENUE",70.00,S,N,A,-,N,,,,,,,,,,Y,4,0,3,2,A,-,08,22107,,N,D,C,A,A,H,-,C,D,0,,,,,Y,,A,01,0,0,3,0,0,0,0,0,0,"- ","- ",34.867271423339844,-118.14952850341797,KERN,UNINCORPORATED,-118.14951324462891,34.867336273193359
91009083,2019,2019-06-13,9830,2019-06-06,0350,019977,,4,3,9,1500,0,1,3,,2,021,"SR-58 E/B","BUSINESS 58 EAST",3168.00,W,N,A,-,Y,,,,,,,,,,Y,2,0,2,2,A,-,01,23152,A,N,C,C,A,A,H,-,D,D,0,,,,Y,Y,Y,A,01,2,0,0,0,0,0,0,0,0,"- ","- ",35.246311187744141,-118.64463043212891,KERN,UNINCORPORATED,,
91009327,2019,2019-06-13,9420,2019-06-03,0602,019353,,1,1,9,1500,0,2,4,,1,075,"S. UNION AVENUE N/B","WHITE LANE",200.00,N,N,A,-,N,,,,,,,,,,Y,4,0,1,1,A,-,08,22107,,N,E,I,A,A,H,-,A,D,0,,,,,Y,,A,01,0,0,1,0,0,0,0,0,0,"- ","- ",35.318599700927734,-119.00299835205078,KERN,UNINCORPORATED,-119.00312805175781,35.31829833984375
91009354,2019,2019-06-13,9420,2019-06-04,2213,019649,,2,3,6,1502,0,1,3,,2,584,"SR-58 E/B","HUGHES LN",175.00,W,N,A,-,Y,,,58,,,,,,E,Y,4,0,1,2,A,-,07,21658,A,N,B,C,A,A,D,-,D,D,0,,,,Y,Y,,G,25,0,0,1,0,0,0,0,0,0,"- ","- ",35.352371215820312,-119.03076171875,KERN,BAKERSFIELD,-119.03076171875,35.352470397949219
91009591,2019,2019-06-13,9830,2019-06-12,0530,018450,,3,3,9,1500,0,2,4,,1,032,"SIERRA HWY","AVENUE A",0.00,,Y,A,-,N,,,,,,,,,,Y,3,0,2,2,A,-,09,21801,A,N,D,C,A,A,H,-,A,A,0,,,,,Y,,A,01,0,1,1,0,0,0,0,0,0,"- ","- ",34.820690155029297,-118.15605163574219,KERN,UNINCORPORATED,-118.15608215332031,34.8206787109375
91009593,2019,2019-06-13,9420,2019-06-02,1430,021480,,7,2,9,1500,0,3,5,,2,610,"WIBLE RD","BELLE TERRACE",500.00,S,N,A,-,N,,,,,,,,,,N,3,0,1,2,A,-,08,22107,,F,H,G,A,A,D,-,A,D,0,,Y,,,Y,,-,99,0,1,0,0,0,0,1,0,0,"- ","- ",35.346450805664062,-119.03885650634766,KERN,UNINCORPORATED,-119.03904724121094,35.345348358154297
91009640,2019,2019-06-13,9420,2019-06-11,1520,019845,,2,2,9,1500,0,1,3,,2,091,"SR-99 (SOUTHBOUND)","POND ROAD",2640.00,N,N,A,-,Y,,,99,,,,,,,N,4,0,1,3,A,-,07,21658,A,M,B,C,A,A,H,-,A,D,0,,,,,Y,,-,99,0,0,1,0,0,0,0,0,0,"- ","- ",35.728248596191406,-119.23890686035156,KERN,UNINCORPORATED,-119.23897552490234,35.728233337402344
91009743,2019,2019-06-13,9420,2019-06-10,0640,013402,,1,1,9,1500,0,1,3,,2,090,"SR-99 N/B","MERCED AVE",2000.00,N,N,A,-,Y,,,,,,,,,,Y,4,0,1,1,A,-,08,22107,,N,E,I,A,A,H,-,A,D,0,,,,Y,Y,,G,25,0,0,1,0,0,0,0,0,0,"- ","- ",35.053600311279297,-119.01924896240234,KERN,UNINCORPORATED,-119.19213104248047,35.534778594970703
91009749,2019,2019-06-13,9420,2019-06-12,1630,019140,,3,2,9,1500,0,3,5,,2,550,"MERCED AVENUE","LEONARD AVENUE",12.00,E,N,A,-,N,,,,,,,,,,Y,4,0,1,1,A,-,08,22107,,N,E,I,A,A,H,-,A,D,0,,,,,Y,,A,01,0,0,1,0,0,0,0,0,0,"- ","- ",35.529029846191406,-119.38553619384766,KERN,UNINCORPORATED,-119.38536071777344,35.528888702392578
91009783,2019,2019-06-13,9830,2019-06-06,1825,021553,,4,2,9,1500,0,2,4,,1,034,"ROSAMOND BLVD","B ST",5.00,W,N,A,-,N,,,,,,,,,,N,4,0,1,2,A,-,08,22107,,N,D,C,A,A,H,-,A,D,0,,,,,Y,,D,22,0,0,1,0,0,0,0,0,0,"- ","- ",34.864231109619141,-118.16912841796875,KERN,UNINCORPORATED,-118.16909027099609,34.864311218261719
91009998,2019,2019-06-14,9420,2019-05-06,0228,021746,,1,3,9,1500,0,1,3,,2,178,"STATE ROUTE 178","STATE ROUTE 155",1036.00,W,N,A,-,Y,,,178,,,,,,,Y,1,1,0,2,A,-,11,21954,A,N,G,B,E,A,H,-,D,D,0,Y,,,,Y,Y,N,60,0,0,0,1,0,0,0,0,0,"- ","- ",35.625640869140625,-118.48029327392578,KERN,UNINCORPORATED,-118.48027801513672,35.625629425048828
91010348,2019,2019-06-14,9420,2019-06-08,0220,020484,,6,3,9,1500,0,3,5,,2,530,"PALM AVENUE","TULARE STREET",0.00,,Y,A,-,N,,,,,,,,,,Y,3,0,2,2,A,-,01,23152,A,N,D,C,A,A,H,-,D,A,0,,,,,Y,Y,A,07,0,2,0,0,0,0,0,0,0,"- ","- ",35.507591247558594,-119.35027313232422,KERN,UNINCORPORATED,-119.35009002685547,35.507301330566406
91010491,2019,2019-06-14,9426,2019-06-13,0620,016050,,4,1,9,1500,0,3,5,,2,085,"WARREN ST.",SR-46,228.00,N,N,A,-,N,,,,,,,,,,N,4,0,1,2,A,-,03,22350,,F,C,E,A,A,H,-,A,D,0,,,,Y,Y,,G,25,0,0,1,0,0,0,0,0,0,"- ","- ",35.616901397705078,-119.6593017578125,KERN,UNINCORPORATED,-119.65941619873047,35.616744995117188
91010507,2019,2019-06-19,9426,2019-06-13,1350,016050,,4,1,9,1500,0,1,1,,2,502,"I-5 N/B TO TRACY AVENUE","TRACY AVE.",0.00,,Y,A,-,Y,,,5,,,,R,,N,Y,4,0,2,2,A,-,09,21802,,N,D,C,A,A,H,-,A,A,0,,,,,Y,,A,01,0,0,2,0,0,0,0,0,0,"- ","- ",35.401798248291016,-119.39869689941406,KERN,UNINCORPORATED,-119.39869689941406,35.401798248291016
91010532,2019,2019-06-14,9420,2019-06-10,1619,015255,,1,2,6,1502,0,1,3,,2,093,"SR-99 S/B","SR-58 (ROSEDALE HIGHWAY)",528.00,S,N,A,-,Y,,,99,,,,,,S,N,4,0,1,2,A,-,03,22350,,F,C,C,A,A,D,H,A,D,0,,,,,Y,,A,01,0,0,1,0,0,0,0,0,0,"- ","- ",35.379398345947266,-119.04460144042969,KERN,BAKERSFIELD,-119.04462432861328,35.379398345947266
91010640,2019,2019-06-14,9830,2019-06-12,1550,020167,,3,2,9,1500,0,1,3,,1,015,SR-202,"REEVES ST",235.00,E,N,A,-,Y,,,202,,,,,,,Y,3,0,1,2,A,-,08,22107,,N,E,I,A,A,H,-,A,D,0,,,,,Y,,A,01,0,1,0,0,0,0,0,0,0,"- ","- ",35.124408721923828,-118.47602081298828,KERN,UNINCORPORATED,-118.47602081298828,35.124294281005859
91011059,2019,2019-06-17,9420,2019-06-06,1233,021144,,4,1,9,1500,0,2,4,,1,071,"OSWELL ST.","JADE AVE.",252.00,N,N,A,-,N,,,,,,,,,,Y,3,0,3,2,A,-,09,21802,A,F,E,I,A,A,H,-,A,A,0,,,,,Y,,A,07,0,3,0,0,0,0,0,0,0,"- ","- ",35.388198852539062,-118.94979095458984,KERN,UNINCORPORATED,-118.94979095458984,35.387012481689453
91011065,2019,2019-06-17,9420,2019-06-06,1640,021480,,4,2,9,1500,0,1,3,,2,177,"SR-178 W/B",178KER17.00,500.00,E,N,A,-,Y,,,178,,,,,,W,Y,3,0,1,1,A,-,01,23152,A,N,F,A,A,A,H,-,A,D,0,,,,,Y,Y,A,01,0,1,0,0,0,0,0,0,0,"- ","- ",35.481880187988281,-118.74461364746094,KERN,UNINCORPORATED,-118.74460601806641,35.481735229492188
91011069,2019,2019-06-17,9420,2019-06-07,1453,019856,,5,2,9,1500,0,3,5,,2,050,"CARRIER PARKWAY AVE (900 BLOCK)","JAMES ROAD",850.00,S,N,A,-,N,,,,,,,,,,N,2,0,1,1,A,-,03,22350,,N,F,A,A,A,H,-,A,D,0,,,Y,,Y,,C,02,1,0,0,0,0,0,0,0,1,"- ","- ",35.453060150146484,-119.04337310791016,KERN,UNINCORPORATED,-119.04198455810547,35.453056335449219
91011074,2019,2019-06-17,9420,2019-06-08,2220,020040,,6,3,9,1500,0,2,4,,1,072,"NILES STREET","VISTA STREET",138.00,E,N,A,-,N,,,,,,,,,,Y,4,0,2,3,A,-,03,22350,,F,C,C,F,A,H,-,C,D,0,Y,,,,Y,,A,01,0,0,2,0,1,0,0,0,0,"- ","- ",35.375869750976562,-118.95169067382812,KERN,UNINCORPORATED,-118.95143890380859,35.375881195068359
91011103,2019,2019-06-17,9420,2019-06-11,1530,021296,,2,2,9,1500,0,1,3,,2,204,SR-204,"AIRPORT DR.",30.00,S,N,A,-,Y,,,,,,,,,,N,4,0,1,2,A,-,21,22106,,N,C,C,A,A,H,-,A,A,0,,,,,Y,,A,08,0,0,1,0,0,0,0,0,0,"- ","- ",35.402980804443359,-119.04058074951172,KERN,UNINCORPORATED,,
91011238,2019,2019-06-17,9420,2019-06-09,1105,019353,,7,1,9,1500,0,2,4,,1,075,"S. UNION AVENUE N/B","PACHECO ROAD",100.00,S,N,A,-,N,,,,,,,,,,N,4,0,3,2,A,-,03,22350,,N,C,C,A,A,H,-,A,D,0,,,,,Y,,A,01,0,0,3,0,0,0,0,0,0,"- ","- ",35.309600830078125,-119.00309753417969,KERN,UNINCORPORATED,-119.00312805175781,35.310115814208984
91011269,2019,2019-06-17,9420,2019-06-09,0649,019353,,7,1,9,1500,0,2,4,,1,076,"COTTONWOOD ROAD N/B","E. BELLE TERRACE",80.00,S,N,A,-,N,,,,,,,,,,Y,4,0,2,2,A,-,03,22350,,N,C,C,A,A,H,-,A,A,0,,,,,Y,Y,A,01,0,0,2,0,0,0,0,0,0,"- ","- ",35.346199035644531,-119.00289916992188,KERN,UNINCORPORATED,-118.98544311523438,35.346481323242188
91011281,2019,2019-06-17,9420,2019-06-09,1212,019098,,7,1,9,1500,0,2,4,,1,051,"N. CHESTER AVENUE","NORRIS ROAD",40.00,S,N,A,-,N,,,,,,,,,,Y,4,0,1,1,A,-,08,22107,,N,E,I,A,A,H,-,A,A,0,,,,,Y,,A,01,0,0,1,0,0,0,0,0,0,"- ","- ",35.419559478759766,-119.02123260498047,KERN,UNINCORPORATED,-119.02126312255859,35.419498443603516
91011674,2019,2019-06-17,9420,2019-06-11,2205,020409,,2,3,9,1500,0,2,4,,1,071,"MT. VERNON AVE","CALIFORNIA AVE",25.00,N,N,A,-,N,,,,,,,,,,N,4,0,1,2,A,-,21,22106,,N,C,C,A,A,H,-,C,A,0,,,,,Y,,A,01,0,0,1,0,0,0,0,0,0,"- ","- ",35.368770599365234,-118.96755981445312,KERN,UNINCORPORATED,-118.96762847900391,35.368747711181641
91011973,2019,2019-06-18,9420,2019-06-05,2217,019311,,3,3,6,1502,0,1,3,,1,176,"SR-178 W/B","BAKER ST",930.00,W,N,A,-,Y,,,178,,,,,,W,Y,2,0,2,2,A,-,03,22350,,N,C,C,A,A,H,-,D,D,0,,,,,Y,,A,01,2,0,0,0,0,0,0,0,0,"- ","- ",35.384449005126953,-118.99286651611328,KERN,BAKERSFIELD,-118.99287414550781,35.384468078613281
91011976,2019,2019-06-18,9420,2019-06-07,2340,018932,,5,3,9,1500,0,3,5,,2,050,"PEGASUS DRIVE","NORRIS RD",438.00,N,N,A,-,N,,,,,,,,,,Y,3,0,1,1,A,-,01,23152,A,N,E,I,A,A,H,-,D,D,0,,,,,Y,Y,A,01,0,1,0,0,0,0,0,0,0,"- ","- ",35.421298980712891,-119.05899810791016,KERN,UNINCORPORATED,-119.05925750732422,35.421310424804688
91012141,2019,2019-06-18,9420,2019-06-12,0120,019901,,3,3,9,1500,0,1,3,,2,090,"SR-99 N/B","LERDO HWY",5280.00,S,N,A,-,Y,,,99,,,,,,N,Y,4,0,1,2,A,-,01,23152,A,N,C,C,A,A,H,-,D,D,0,,,,,Y,Y,A,01,0,0,1,0,0,0,0,0,0,"- ","- ",35.488948822021484,-119.15003204345703,KERN,UNINCORPORATED,-119.1500244140625,35.48895263671875
91012178,2019,2019-06-18,9830,2019-06-12,1500,020866,,3,2,9,1500,0,3,5,,2,003,"TEHACHAPI WILLOW SPRINGS RD","BACKUS RD",2640.00,N,N,A,-,N,,,,,,,,,,Y,2,0,2,2,A,-,08,22107,,N,A,C,A,A,H,-,A,D,0,,,,,Y,,A,01,1,0,1,0,0,0,0,0,0,"- ","- ",34.966129302978516,-118.29969024658203,KERN,UNINCORPORATED,-118.29217529296875,34.958053588867188
91012226,2019,2019-06-18,9420,2019-06-15,0336,020409,,6,3,9,1500,0,3,5,,2,671,"WHARTON AVE","SANTA BARBARA STREET",36.00,W,N,A,-,N,,,,,,,,,,Y,4,0,1,3,A,-,01,23152,A,M,A,E,A,A,H,-,C,D,0,,,,,Y,Y,D,22,0,0,1,0,0,0,0,0,0,"- ","- ",35.253269195556641,-118.91680908203125,KERN,UNINCORPORATED,-118.91671752929688,35.253318786621094
91012640,2019,2019-06-18,9420,2019-06-15,1330,021296,,6,1,9,1500,0,1,3,,2,585,"SR-58 W/B","SOUTH H. ST.",1000.00,W,N,A,-,Y,,,58,,,,,,W,N,4,0,1,2,A,-,03,22350,,N,C,C,A,A,D,-,A,A,0,,,,,Y,,A,08,0,0,1,0,0,0,0,0,0,"- ","- ",35.352748870849609,-119.03279113769531,KERN,UNINCORPORATED,-119.03279113769531,35.352771759033203
91012983,2019,2019-06-19,9830,2019-06-13,2310,019977,,4,3,9,1500,0,1,3,,2,021,"SR-58 E/B","BUSINESS 58 EAST",5280.00,E,N,A,-,Y,,,58,,,,,,E,Y,3,0,1,4,A,-,01,23152,A,N,B,C,A,A,H,-,D,D,0,,,,Y,Y,Y,A,07,0,1,0,0,0,0,0,0,0,"- ","- ",35.030281066894531,-118.09311676025391,KERN,UNINCORPORATED,-118.09311676025391,35.030288696289062
91013218,2019,2019-06-19,9420,2019-06-13,2345,019868,,4,3,9,1500,0,1,3,,2,583,"SR-58 (ROSEDALE HWY)","ALLEN RD",0.00,,Y,A,-,Y,,,58,,,,,,,Y,4,0,3,2,A,-,01,23152,A,N,A,C,A,A,H,-,C,A,0,,,,,Y,Y,D,22,0,0,3,0,0,0,0,0,0,"- ","- ",35.383651733398438,-119.14555358886719,KERN,UNINCORPORATED,-119.14555358886719,35.383560180664062
91013661,2019,2019-06-19,9426,2019-06-18,0656,016780,,2,1,9,1500,0,1,3,,2,432,"STOCKDALE HWY",SR-43,0.00,,Y,A,-,Y,,,,,,,,,,Y,4,0,1,2,A,-,12,22450,A,N,A,C,A,A,H,-,A,A,0,,,,Y,Y,,A,01,0,0,1,0,0,0,0,0,0,"- ","- ",35.354148864746094,-119.25229644775391,KERN,UNINCORPORATED,,
91013796,2019,2019-06-20,9830,2019-06-12,2240,020524,,3,3,9,1500,0,1,3,,2,030,"SR-14 N/B","AVENUE A",6864.00,N,N,A,-,Y,,,14,,,,,,N,Y,3,0,1,2,A,-,01,23152,A,N,C,C,A,A,H,-,D,D,0,,,,Y,Y,Y,D,22,0,1,0,0,0,0,0,0,0,"- ","- ",34.839279174804688,-118.17053985595703,KERN,UNINCORPORATED,-118.17064666748047,34.839271545410156