CASE_ID,ACCIDENT_YEAR,PROC_DATE,JURIS,COLLISION_DATE,COLLISION_TIME,OFFICER_ID,REPORTING_DISTRICT,DAY_OF_WEEK,CHP_SHIFT,POPULATION,CNTY_CITY_LOC,SPECIAL_COND,BEAT_TYPE,CHP_BEAT_TYPE,CITY_DIVISION_LAPD,CHP_BEAT_CLASS,BEAT_NUMBER,PRIMARY_RD,SECONDARY_RD,DISTANCE,DIRECTION,INTERSECTION,WEATHER_1,WEATHER_2,STATE_HWY_IND,CALTRANS_COUNTY,CALTRANS_DISTRICT,STATE_ROUTE,ROUTE_SUFFIX,POSTMILE_PREFIX,POSTMILE,LOCATION_TYPE,RAMP_INTERSECTION,SIDE_OF_HWY,TOW_AWAY,COLLISION_SEVERITY,NUMBER_KILLED,NUMBER_INJURED,PARTY_COUNT,PRIMARY_COLL_FACTOR,PCF_CODE_OF_VIOL,PCF_VIOL_CATEGORY,PCF_VIOLATION,PCF_VIOL_SUBSECTION,HIT_AND_RUN,TYPE_OF_COLLISION,MVIW,PED_ACTION,ROAD_SURFACE,ROAD_COND_1,ROAD_COND_2,LIGHTING,CONTROL_DEVICE,CHP_ROAD_TYPE,PEDESTRIAN_ACCIDENT,BICYCLE_ACCIDENT,MOTORCYCLE_ACCIDENT,TRUCK_ACCIDENT,NOT_PRIVATE_PROPERTY,ALCOHOL_INVOLVED,STWD_VEHTYPE_AT_FAULT,CHP_VEHTYPE_AT_FAULT,COUNT_SEVERE_INJ,COUNT_VISIBLE_INJ,COUNT_COMPLAINT_PAIN,COUNT_PED_KILLED,COUNT_PED_INJURED,COUNT_BICYCLIST_KILLED,COUNT_BICYCLIST_INJURED,COUNT_MC_KILLED,COUNT_MC_INJURED,PRIMARY_RAMP,SECONDARY_RAMP,LATITUDE,LONGITUDE,COUNTY,CITY,POINT_X,POINT_Y
91022119,2019,2019-07-01,9420,2019-06-25,0925,013597,,2,1,9,1500,0,3,5,,2,672,"DIGIORGIO ROAD","COTTONWOOD ROAD",2640.00,W,N,A,-,N,,,,,,,,,,Y,4,0,1,1,A,-,08,22107,,N,E,I,A,A,H,-,A,D,0,,,,,Y,,A,01,0,0,1,0,0,0,0,0,0,"- ","- ",35.150798797607422,-118.59410095214844,KERN,UNINCORPORATED,-118.99416351318359,35.252285003662109
91022133,2019,2019-07-01,9420,2019-06-25,2105,019845,,2,2,9,1500,0,2,4,,1,051,"MANOR STREET","E. NORRIS ROAD",500.00,N,N,A,-,N,,,,,,,,,,Y,2,0,1,2,A,-,01,23152,A,N,C,C,A,A,H,-,C,A,0,,,Y,,Y,Y,C,02,1,0,0,0,0,0,0,0,1,"- ","- ",35.420318603515625,-119.01286315917969,KERN,UNINCORPORATED,-119.01287841796875,35.421092987060547
91022853,2019,2019-07-02,9420,2019-06-23,1325,019353,,7,1,6,1502,0,1,3,,2,585,"SR-58 W/B","COTTONWOOD ROAD U/C",600.00,W,N,A,-,Y,,,58,,,,,,W,Y,3,0,3,2,A,-,03,22350,,N,C,C,A,A,H,-,A,D,0,,,,,Y,,A,01,0,2,1,0,0,0,0,0,0,"- ","- ",35.35260009765625,-118.98960113525391,KERN,BAKERSFIELD,-118.98960113525391,35.352554321289062
91022956,2019,2019-07-02,9420,2019-06-25,1320,020402,,2,1,9,1500,0,2,4,,1,075,"S. UNION AVE","MING AVE",700.00,S,N,A,-,N,,,,,,,,,,N,4,0,1,2,A,-,03,22350,,N,C,C,A,A,H,-,A,D,0,,,,,Y,,A,01,0,0,1,0,0,0,0,0,0,"- ","- ",35.338428497314453,-119.00305938720703,KERN,UNINCORPORATED,-119.00309753417969,35.337570190429688
91023014,2019,2019-07-03,9420,2019-06-27,2130,018387,,4,2,6,1502,0,2,4,,1,051,"N. CHESTER AVE","E. MONETA AVE.",0.00,,Y,A,-,N,,,,,,,,,,Y,2,0,1,2,A,-,09,21801,A,N,D,C,A,A,H,-,C,D,0,,,Y,,Y,Y,A,07,1,0,0,0,0,0,0,0,1,"- ","- ",35.409500122070312,-119.02089691162109,KERN,BAKERSFIELD,-119.02095031738281,35.409561157226562
91023168,2019,2019-07-02,9420,2019-06-26,0638,015259,,3,1,9,1500,0,1,3,,2,585,"SR-58 W/B TO SR-99 S/B","STATE ROUTE-99 U/C",95.00,W,N,A,-,Y,,,58,,,,R,,W,N,4,0,1,2,A,-,03,22350,,N,C,C,A,A,D,-,A,D,0,,,,Y,Y,,F,55,0,0,1,0,0,0,0,0,0,"- ","- ",35.352779388427734,-119.04000091552734,KERN,UNINCORPORATED,-119.04000091552734,35.352779388427734
91023217,2019,2019-07-02,9420,2019-06-24,2018,019845,,1,2,9,1500,0,3,5,,2,070,"CENTER STREET","FAIRFAX ROAD",35.00,W,N,A,-,N,,,,,,,,,,Y,4,0,2,2,A,-,03,22350,,N,D,C,A,A,H,-,C,A,0,,,,,Y,,A,01,0,0,2,0,0,0,0,0,0,"- ","- ",35.372421264648438,-118.93219757080078,KERN,UNINCORPORATED,-118.93209075927734,35.372428894042969
91023251,2019,2019-07-02,9420,2019-06-28,0620,019184,,5,1,9,1500,0,3,5,,2,060,"GOLDEN STATE HWY.","SNOW RD.",660.00,N,N,A,-,N,,,,,,,,,,Y,4,0,1,1,A,-,01,23152,A,N,E,I,A,A,H,-,A,D,0,,,,,Y,Y,A,01,0,0,1,0,0,0,0,0,0,"- ","- ",35.4281005859375,-119.06960296630859,KERN,UNINCORPORATED,-119.06990814208984,35.428226470947266
91023269,2019,2019-07-02,9420,2019-06-29,1300,019316,,6,1,9,1500,0,2,4,,1,052,"ROBERTS LANE","MACARTHUR DRIVE",50.00,W,N,A,-,N,,,,,,,,,,Y,4,0,1,2,A,-,09,21804,A,N,D,C,A,A,H,-,A,D,0,,,Y,,Y,,C,02,0,0,1,0,0,0,0,0,1,"- ","- ",35.408699035644531,-119.033203125,KERN,UNINCORPORATED,-119.03318023681641,35.40863037109375
91023277,2019,2019-07-02,9420,2019-06-29,0920,019353,,6,1,6,1502,0,1,3,,2,584,"SR-58 E/B TO S. H STREET","S. H STREET",80.00,W,N,A,-,Y,,,58,,,,R,,E,N,4,0,1,2,A,-,01,23152,A,N,C,C,A,A,H,-,A,D,0,,,,,Y,Y,A,01,0,0,1,0,0,0,0,0,0,"- ","- ",35.352100372314453,-119.02179718017578,KERN,BAKERSFIELD,-119.02179718017578,35.352100372314453
91023326,2019,2019-07-02,9420,2019-06-24,1259,019353,,1,1,6,1502,0,1,3,,2,584,"SR-58 W/B","HUGHES LANE",500.00,W,N,A,-,Y,,,58,,,,,,W,Y,4,0,1,3,A,-,03,22350,,N,C,C,A,A,H,-,A,D,0,,,,,Y,,A,01,0,0,1,0,0,0,0,0,0,"- ","- ",35.352699279785156,-119.03140258789062,KERN,BAKERSFIELD,-119.03140258789062,35.352767944335938
91023329,2019,2019-07-02,9420,2019-06-29,1745,020163,,6,2,9,1500,0,2,4,,1,072,"EDISON HWY.","EXCHANGE ST.",0.00,,Y,A,-,N,,,,,,,,,,Y,4,0,2,2,A,-,03,22350,,N,C,C,A,A,H,-,A,D,0,,,,,Y,,A,01,0,0,2,0,0,0,0,0,0,"- ","- ",35.370510101318359,-118.96504974365234,KERN,UNINCORPORATED,-118.96511077880859,35.370510101318359
91023404,2019,2019-07-03,9420,2019-06-22,0235,019311,,6,3,6,1502,0,1,3,,2,094,"SR-99 N/B","BELLE TERRACE",400.00,N,N,A,-,Y,,,,,,,,,,Y,2,0,1,1,A,-,01,23152,A,N,E,J,A,A,D,-,D,D,0,,,,,Y,Y,A,01,1,0,0,0,0,0,0,0,0,"- ","- ",35.204929351806641,-119.22193908691406,KERN,BAKERSFIELD,-119.03941345214844,35.347827911376953
91023608,2019,2019-07-03,9420,2019-06-27,1320,019353,,4,1,6,1502,0,1,3,,2,585,"SR-58 W/B","S. CHESTER AVENUE O/C",200.00,E,N,A,-,Y,,,58,,,,,,W,Y,4,0,5,4,A,-,03,22350,,N,C,C,A,A,H,-,A,D,0,,,,,Y,,D,22,0,0,5,0,0,0,0,0,0,"- ","- ",35.35260009765625,-119.01750183105469,KERN,BAKERSFIELD,-119.01750183105469,35.352684020996094
91023615,2019,2019-07-03,9830,2019-06-30,1540,017146,,7,2,9,1500,0,1,3,,1,052,"BROWN RD.","SR-178 E",0.00,,Y,A,-,N,,,,,,,,,,Y,4,0,1,3,A,-,09,21802,A,M,D,C,A,A,H,-,A,A,0,,,,,Y,,A,01,0,0,1,0,0,0,0,0,0,"- ","- ",35.64691162109375,-117.81263732910156,KERN,UNINCORPORATED,-117.81238,35.646937000000001
91023699,2019,2019-07-03,9420,2019-06-30,0225,019686,,7,3,9,1500,0,3,5,,2,060,"FRUITVALE AVE.","HAGEMAN RD.",285.00,S,N,A,-,N,,,,,,,,,,Y,3,0,1,1,A,-,01,23152,A,M,E,I,A,A,H,-,C,D,0,,,,,Y,Y,A,01,0,1,0,0,0,0,0,0,0,"- ","- ",35.400588989257812,-119.07428741455078,KERN,UNINCORPORATED,-119.07438659667969,35.400829315185547
91023719,2019,2019-07-03,9420,2019-06-30,1630,019845,,7,2,9,1500,0,1,3,,2,091,"SR-99 SOUTHBOUND FROM LERDO HIGHWAY","LERDO HIGHWAY",300.00,S,N,A,-,Y,,,99,,,,R,,S,Y,4,0,1,1,A,-,03,22350,,N,F,A,A,A,H,-,A,D,0,,,,,Y,,A,01,0,0,1,0,0,0,0,0,0,"- ","- ",35.498920440673828,-119.16326141357422,KERN,UNINCORPORATED,-119.16326141357422,35.498920440673828
91023734,2019,2019-07-03,9430,2019-06-29,1300,018631,,6,1,9,1500,0,1,1,,2,052,"I-5 S/B","LEBEC SERVICE ROAD O/C",2.00,S,N,A,-,Y,,,5,,,,,,S,Y,3,0,3,2,A,-,07,21658,A,F,B,C,A,A,H,-,A,D,0,,,,,Y,,-,99,0,1,2,0,0,0,0,0,0,"- ","- ",34.835269927978516,-118.86383819580078,KERN,UNINCORPORATED,-118.86393737792969,34.8353271484375
91024050,2019,2019-07-03,9426,2019-06-21,1900,018610,,5,2,9,1500,0,1,1,,2,504,"I-5 S/B","STATION RD",2112.00,N,N,A,-,Y,,,5,,,,,,S,Y,3,0,1,1,A,-,08,22107,,N,F,A,A,A,H,-,A,D,0,,,Y,,Y,,C,02,0,1,0,0,0,0,0,0,1,"- ","- ",35.338249206542969,-119.31230163574219,KERN,UNINCORPORATED,-119.31244659423828,35.338039398193359
91024056,2019,2019-07-03,9426,2019-06-30,1326,016804,,7,1,9,1500,0,3,5,,2,086,"7TH STANDARD RD","MAGNOLIA AVE",4488.00,E,N,A,-,N,,,,,,,,,,Y,2,0,1,1,A,-,08,22107,,N,E,I,A,A,H,-,A,D,0,,,,,Y,,D,22,1,0,0,0,0,0,0,0,0,"- ","- ",35.442020416259766,-119.3648681640625,KERN,UNINCORPORATED,-119.35308837890625,35.442024230957031
91024116,2019,2019-07-03,9420,2019-06-23,1515,019531,,7,2,9,1500,0,1,3,,2,223,SR-223,"COSTAJO ROAD",0.00,,Y,A,-,Y,,,223,,,,,,,Y,4,0,2,2,A,-,08,22107,,N,D,C,A,A,H,-,A,A,0,,,,,Y,,A,01,0,0,2,0,0,0,0,0,0,"- ","- ",35.208591461181641,-119.01200103759766,KERN,UNINCORPORATED,-119.01200103759766,35.208572387695312
91024131,2019,2019-07-03,9420,2019-06-29,1505,020163,,6,2,9,1500,0,2,4,,1,071,"MT. VERNON AVE.","VIRGINIA AVE.",210.00,N,N,A,-,N,,,,,,,,,,N,4,0,3,2,A,-,03,22350,,N,C,C,A,A,H,-,A,A,0,,,,,Y,Y,A,07,0,0,3,0,0,0,0,0,0,"- ","- ",35.362030029296875,-118.96765899658203,KERN,UNINCORPORATED,-118.96759796142578,35.361896514892578
91024137,2019,2019-07-03,9420,2019-06-29,1730,020163,,6,2,9,1500,0,3,5,,2,672,"MONTEREY ST.","OSWELL ST.",365.00,E,N,A,-,N,,,,,,,,,,N,2,0,1,2,A,-,21,22106,,N,G,B,E,A,H,-,A,D,0,Y,,,,Y,Y,A,07,1,0,0,0,1,0,0,0,0,"- ","- ",35.375030517578125,-118.94835662841797,KERN,UNINCORPORATED,-118.94979858398438,35.375
91024140,2019,2019-07-03,9420,2019-06-29,2205,020782,,6,3,9,1500,0,3,5,,2,510,"CASEY AVENUE","CECIL AVENUE",1100.00,N,N,A,-,N,,,,,,,,,,Y,4,0,2,2,D,-,00,,,N,D,C,A,A,H,-,D,D,0,,,,,Y,,-,"- ",0,0,2,0,0,0,0,0,0,"- ","- ",35.780158996582031,-119.29424285888672,KERN,UNINCORPORATED,-119.29426574707031,35.778850555419922
91024143,2019,2019-07-03,9420,2019-06-25,1600,020163,,2,2,9,1500,0,2,4,,1,072,"NILES ST.","ASH DR.",115.00,E,N,A,-,N,,,,,,,,,,Y,3,0,1,3,A,-,03,22350,,N,C,C,A,A,H,-,A,D,0,,,,,Y,,D,22,0,1,0,0,0,0,0,0,0,"- ","- ",35.376060485839844,-118.96591949462891,KERN,UNINCORPORATED,-118.96598052978516,35.37603759765625
91025299,2019,2019-07-05,9426,2019-06-28,1540,019658,,5,2,9,1500,0,3,5,,2,086,"LERDO HWY","SCOFIELD AVENUE",0.00,,Y,A,-,N,,,,,,,,,,Y,2,0,5,2,A,-,09,21801,A,N,A,C,A,A,H,-,A,A,0,,,,,Y,,A,01,2,1,2,0,0,0,0,0,0,"- ","- ",35.500289916992188,-119.40341186523438,KERN,UNINCORPORATED,-119.40348052978516,35.500301361083984
91025423,2019,2019-07-08,9420,2019-06-27,1440,020402,,4,2,9,1500,0,1,3,,2,583,"ROSDALE HWY W/B","PATTON WAY",20.00,W,N,A,-,N,,,,,,,,,,N,4,0,1,2,D,-,00,,,N,B,G,A,A,H,-,A,D,0,,Y,,,Y,,-,"- ",0,0,1,0,0,0,1,0,0,"- ","- ",35.383449554443359,-119.08339691162109,KERN,UNINCORPORATED,-119.08333587646484,35.383449554443359
91025918,2019,2019-07-08,9420,2019-06-26,1625,019531,,3,2,9,1500,0,1,3,,2,093,"SR-99 SOUTHBOUND (S/B)","OLIVE DRIVE",2000.00,S,N,A,-,Y,,,99,,,,,,S,Y,4,0,1,3,A,-,03,22350,,N,C,C,A,A,H,-,A,D,0,,,,,Y,,A,01,0,0,1,0,0,0,0,0,0,"- ","- ",35.409381866455078,-119.05152893066406,KERN,UNINCORPORATED,-119.05168914794922,35.409198760986328
91025948,2019,2019-07-08,9420,2019-06-26,1505,019531,,3,2,9,1500,0,2,4,,1,071,"MOUNT VERNON AVENUE","LAKE STREET",175.00,S,N,A,-,N,,,,,,,,,,N,2,0,1,2,A,-,11,21954,A,N,G,B,D,A,H,-,A,D,0,Y,,,,Y,,N,60,1,0,0,0,1,0,0,0,0,"- ","- ",35.373638153076172,-118.96765899658203,KERN,UNINCORPORATED,-118.96758270263672,35.373538970947266
91025957,2019,2019-07-08,9420,2019-07-01,0510,020484,,1,3,9,1500,0,3,5,,2,040,"OLD ALFRED HARRELL HIGHWAY","MCMANNNUS ROAD",1500.00,W,N,A,-,N,,,,,,,,,,Y,4,0,1,1,A,-,08,22107,,N,F,A,A,A,H,-,A,D,0,,,,,Y,,D,22,0,0,1,0,0,0,0,0,0,"- ","- ",35.426830291748047,-118.99049377441406,KERN,UNINCORPORATED,,
91025972,2019,2019-07-08,9420,2019-06-19,1730,019140,,3,2,9,1500,0,3,5,,2,530,"MERLE HAGGARD DRIVE","QUINN ROAD",80.00,W,N,A,-,N,,,,,,,,,,Y,4,0,3,4,A,-,03,22350,,N,C,C,A,A,H,-,A,D,0,,,,,Y,,A,07,0,0,3,0,0,0,0,0,0,"- ","- ",35.441410064697266,-119.08210754394531,KERN,UNINCORPORATED,-119.08208465576172,35.441440582275391
91025987,2019,2019-07-08,9420,2019-06-24,1700,017972,,1,2,9,1500,0,3,5,,2,550,"PALM AVE","MERCED AVE",1584.00,N,N,A,-,N,,,,,,,,,,Y,3,0,2,2,A,-,03,22350,,N,C,C,A,A,H,-,A,D,0,,,,,Y,,A,01,0,2,0,0,0,0,0,0,0,"- ","- ",35.538871765136719,-119.34932708740234,KERN,UNINCORPORATED,-119.34983825683594,35.533298492431641
91026130,2019,2019-07-08,9420,2019-06-30,0040,021402,,7,3,9,1500,0,2,4,,1,075,"S. UNION AVENUE","WHITE LANE",1320.00,S,N,A,-,Y,,,,,,,,,,Y,4,0,1,1,A,-,08,22107,,N,E,I,A,A,H,-,D,D,0,,,,,Y,,A,01,0,0,1,0,0,0,0,0,0,"- ","- ",35.315959930419922,-119.00318908691406,KERN,UNINCORPORATED,-119.00312805175781,35.314128875732422
91026166,2019,2019-07-08,9420,2019-06-29,1151,021144,,6,1,9,1500,0,2,4,,1,072,"NILES ST.","VALE ST.",30.00,S,N,A,-,N,,,,,,,,,,Y,3,0,2,2,A,-,09,21804,A,N,D,C,A,A,H,-,A,D,0,,,,,Y,,A,01,0,2,0,0,0,0,0,0,0,"- ","- ",35.376029968261719,-118.94651794433594,KERN,UNINCORPORATED,-118.94637298583984,35.375938415527344
91026192,2019,2019-07-08,9420,2019-06-29,2320,020040,,6,3,9,1500,0,3,5,,2,040,"BERNARD STREET","ROBINSON STREET",105.00,E,N,A,-,N,,,,,,,,,,Y,3,0,1,2,A,-,08,22107,,N,C,E,A,A,H,-,C,D,0,,,,,Y,,A,01,0,1,0,0,0,0,0,0,0,"- ","- ",35.389518737792969,-118.97966766357422,KERN,UNINCORPORATED,-118.97959136962891,35.389583587646484
91026407,2019,2019-07-17,9420,2019-06-29,2358,019901,,6,3,9,1500,0,1,3,,2,092,"SR-99 N/B TO OLIVE DRIVE","OLIVE DRIVE",165.00,N,N,A,-,Y,,,99,,,,R,,N,Y,4,0,1,1,A,-,01,23152,A,N,E,I,A,A,H,-,C,D,0,,,,,Y,Y,A,01,0,0,1,0,0,0,0,0,0,"- ","- ",35.412868499755859,-119.05478668212891,KERN,UNINCORPORATED,-119.05478668212891,35.412868499755859
91026410,2019,2019-07-08,9830,2019-07-05,1618,019762,,5,2,9,1500,0,1,3,,1,040,"SR-14 S/B","PINE TREE CANYON RD.",1584.00,S,N,A,-,Y,,,14,,,,,,S,Y,4,0,3,1,A,-,08,22107,,N,F,A,A,A,H,-,A,D,0,,,,,Y,,A,07,0,0,3,0,0,0,0,0,0,"- ","- ",35.228500366210938,-118.04884338378906,KERN,UNINCORPORATED,-118.04920196533203,35.228633880615234
91026428,2019,2019-07-08,9420,2019-06-27,0916,018117,,4,1,9,1500,0,2,4,,1,071,"OSWELL STREET","COLLEGE AVE",0.00,,Y,A,-,N,,,,,,,,,,Y,3,0,2,2,A,-,12,21453,A,N,D,C,A,A,H,-,A,A,0,,,,,Y,,D,22,0,2,0,0,0,0,0,0,0,"- ","- ",35.3831787109375,-118.94973754882812,KERN,UNINCORPORATED,-118.94976043701172,35.383140563964844
91026455,2019,2019-08-05,9420,2019-06-30,0100,021144,,7,3,9,1500,0,3,5,,2,040,SR-46,SR-65,0.00,,N,A,-,Y,,,,,,,,,,Y,3,0,1,1,A,-,08,22107,,N,E,I,A,A,H,-,D,D,0,,,,,Y,,A,07,0,1,0,0,0,0,0,0,0,"- ","- ",35.602340698242188,-119.07811737060547,KERN,UNINCORPORATED,,
91026530,2019,2019-07-08,9420,2019-07-01,0300,020634,,1,3,9,1500,0,2,4,,1,077,"FAIRFAX ROAD","VIA DEL MAR",0.00,,Y,A,-,N,,,,,,,,,,Y,4,0,2,1,A,-,08,22107,,M,E,I,A,A,H,-,C,D,0,,,,,Y,,A,01,0,0,2,0,0,0,0,0,0,"- ","- ",35.345500946044922,-118.93190002441406,KERN,UNINCORPORATED,-118.9320068359375,35.345428466796875
91026909,2019,2019-07-09,9420,2019-07-01,0210,021134,,1,3,9,1500,0,1,3,,1,650,SR-65,"SHERWOOD AVE",2640.00,S,N,A,-,Y,,,65,,,,,,,Y,3,0,1,2,A,-,03,22350,,N,C,C,A,A,H,-,D,D,0,,,,,Y,,A,01,0,1,0,0,0,0,0,0,0,"- ","- ",35.652870178222656,-119.07971954345703,KERN,UNINCORPORATED,-119.07971954345703,35.652870178222656
91026942,2019,2019-07-09,9420,2019-07-01,1551,019442,,1,2,9,1500,0,3,5,,2,672,"DI GIORGIO RD.","COTTONWOOD RD.",20.00,E,N,A,-,N,,,,,,,,,,N,4,0,1,2,A,-,03,22350,,M,C,C,A,A,H,-,A,D,0,,,,,Y,,A,01,0,0,1,0,0,0,0,0,0,"- ","- ",35.252330780029297,-118.98397064208984,KERN,UNINCORPORATED,-118.98526000976562,35.252300262451172
91026955,2019,2019-07-09,9420,2019-07-01,1556,019442,,1,2,9,1500,0,3,5,,2,672,"PANAMA LN.","FAIRFAX RD.",4752.00,W,N,A,F,N,,,,,,,,,,Y,2,0,3,2,A,-,08,22107,,N,A,C,A,A,H,-,A,D,0,,,,,Y,,A,01,2,0,1,0,0,0,0,0,0,"- ","- ",35.296108245849609,-118.94998168945312,KERN,UNINCORPORATED,-118.94795989990234,35.296035766601562
91026964,2019,2019-07-09,9420,2019-07-01,0650,016926,,1,1,9,1500,0,2,4,,1,064,"OLIVE DRIVE E/B","VICTOR STREET",50.00,W,N,A,-,N,,,,,,,,,,Y,4,0,1,2,A,-,03,22350,,N,C,C,A,A,H,-,A,A,0,,,,,Y,,A,01,0,0,1,0,0,0,0,0,0,"- ","- ",35.983371734619141,-119.77339172363281,KERN,UNINCORPORATED,-119.06231689453125,35.412418365478516
91026974,2019,2019-07-09,9420,2019-07-01,0755,017256,,1,1,9,1500,0,1,3,,2,204,"SR-204 S/B","F STREET",2640.00,N,N,A,-,Y,,,,,,,,,,N,4,0,1,2,A,-,03,22350,,N,C,C,A,A,H,-,A,D,0,,,,,Y,,A,01,0,0,1,0,0,0,0,0,0,"- ","- ",35.394180297851562,-119.02916717529297,KERN,UNINCORPORATED,,
91026982,2019,2019-07-09,9420,2019-07-02,0810,016926,,2,1,6,1502,0,1,3,,2,583,"SR-58 (ROSEDALE HIGHWAY) E/B","RENFRO ROAD",90.00,W,N,A,-,Y,,,,,,,,,,Y,4,0,1,3,A,-,03,22350,,N,C,C,A,A,H,-,A,A,0,,,,,Y,,A,01,0,0,1,0,0,0,0,0,0,"- ","- ",35.383480072021484,-119.16446685791016,KERN,BAKERSFIELD,,
91026986,2019,2019-07-09,9420,2019-07-02,1422,020501,,2,2,9,1500,0,1,3,,2,585,"SR-58 W/B FROM OSWELL ST","OSWELL ST",605.00,W,N,A,-,Y,,,58,,,,R,,W,Y,4,0,3,2,A,-,08,22107,,N,B,E,A,A,D,-,A,D,0,,,,,Y,,A,07,0,0,3,0,0,0,0,0,0,"- ","- ",35.352649688720703,-118.9520263671875,KERN,UNINCORPORATED,-118.9520263671875,35.352649688720703
91027012,2019,2019-07-09,9420,2019-07-02,1545,015472,,2,2,9,1500,0,3,5,,2,610,"PANAMA LN.",SR-43,20.00,E,N,A,-,N,,,,,,,,,,N,4,0,1,2,A,-,03,22350,,N,C,C,A,A,H,-,A,A,0,,,,,Y,,D,22,0,0,1,0,0,0,0,0,0,"- ","- ",35.296901702880859,-119.25240325927734,KERN,UNINCORPORATED,-119.25242614746094,35.296176910400391
91027042,2019,2019-07-09,9420,2019-07-02,1150,017256,,2,1,9,1500,0,2,4,,1,052,"CHINA GRADE LOOP","MCCRAY STREET",0.00,,Y,A,-,N,,,,,,,,,,Y,4,0,1,2,A,-,12,21453,A,N,D,C,A,A,H,-,A,A,0,,,,,Y,,D,22,0,0,1,0,0,0,0,0,0,"- ","- ",35.427120208740234,-119.03012084960938,KERN,UNINCORPORATED,-119.03012084960938,35.427108764648438
91027106,2019,2019-07-09,9426,2019-07-01,1145,017230,,1,1,9,1500,0,1,1,,2,506,"I-5 N/B",SR-223,3696.00,S,N,A,-,Y,,,5,,,,,,N,Y,3,0,6,3,A,-,03,22350,,N,C,C,A,A,H,-,A,D,0,,,,,Y,,D,22,0,6,0,0,0,0,0,0,0,"- ","- ",35.201190948486328,-119.15432739257812,KERN,UNINCORPORATED,-119.15428161621094,35.201240539550781
91027148,2019,2019-07-09,9420,2019-07-03,1930,021296,,3,2,9,1500,0,3,5,,2,070,"KENTUCKY ST","OSWELL ST",20.00,W,N,A,-,N,,,,,,,,,,Y,4,0,1,1,A,-,01,23152,A,N,E,I,A,A,H,-,A,D,0,,,,,Y,Y,A,01,0,0,1,0,0,0,0,0,0,"- ","- ",35.373130798339844,-118.95004272460938,KERN,UNINCORPORATED,-118.94987487792969,35.373180389404297
91027185,2019,2019-07-09,9426,2019-07-01,0410,019896,,1,3,9,1500,0,1,1,,2,500,"I-5 N/B","TWISSELMAN RD",5280.00,S,N,A,-,Y,,,5,,,,,,N,Y,3,0,2,1,A,-,08,22107,,N,F,A,A,A,H,-,D,D,0,,,,,Y,,D,22,0,2,0,0,0,0,0,0,0,"- ","- ",35.717510223388672,-119.72862243652344,KERN,UNINCORPORATED,-119.72846984863281,35.717624664306641
91027233,2019,2019-07-09,9830,2019-06-27,1820,021553,,4,2,9,1500,0,1,3,,1,020,"SIERRA HIGHWAY","MONO ST",25.00,N,N,A,-,Y,,,,,,,,,,Y,4,0,1,2,A,-,08,22107,,N,C,C,A,A,H,-,A,A,0,,,,Y,Y,,F,26,0,0,1,0,0,0,0,0,0,"- ","- ",35.057621002197266,-118.17533874511719,KERN,UNINCORPORATED,,
91027250,2019,2019-07-09,9420,2019-07-03,0615,015259,,3,1,9,1500,0,3,5,,2,671,"HABECKER ROAD","BONITA ROAD",0.00,,Y,A,-,N,,,,,,,,,,Y,3,0,1,1,A,-,03,22350,,F,E,I,A,A,H,-,A,D,0,,,,,Y,,A,07,0,1,0,0,0,0,0,0,0,"- ","- ",35.263809204101562,-118.9052734375,KERN,UNINCORPORATED,-118.90522766113281,35.263759613037109
91027270,2019,2019-07-09,9426,2019-07-01,1635,019592,,1,2,9,1500,0,1,1,,2,502,"I-5 N/B","MAIN DRAIN RD",5280.00,N,N,A,-,Y,,,5,,,,,,N,Y,4,0,1,3,A,-,03,22350,,F,C,C,A,A,H,-,A,D,0,,,,Y,Y,,G,25,0,0,1,0,0,0,0,0,0,"- ","- ",35.587638854980469,-119.62779235839844,KERN,UNINCORPORATED,-119.62777709960938,35.587650299072266
91027311,2019,2019-07-09,9426,2019-06-22,1650,018610,,6,2,9,1500,0,1,3,,2,432,SR-43,"STOCKDALE HWY",0.00,,Y,A,-,Y,,,43,,,,,,,Y,2,0,3,2,A,-,12,22450,A,N,B,C,A,A,H,-,A,A,0,,,,,Y,,A,01,1,0,2,0,0,0,0,0,0,"- ","- ",35.354301452636719,-119.25266265869141,KERN,UNINCORPORATED,-119.25215911865234,35.354297637939453
91027339,2019,2019-07-09,9426,2019-06-30,1550,019592,,7,2,9,1500,0,1,1,,2,506,"I-5 N/B",SR-223,7075.00,N,N,A,-,Y,,,5,,,,,,N,Y,4,0,1,1,C,-,18,,,N,H,A,A,A,H,-,A,D,0,,,,Y,Y,,-,"- ",0,0,1,0,0,0,0,0,0,"- ","- ",35.223781585693359,-119.1785888671875,KERN,UNINCORPORATED,-119.17842864990234,35.223953247070312
91027418,2019,2019-07-09,9420,2019-07-05,1047,013402,,5,1,9,1500,0,3,5,,2,530,"RIVERSIDE ST",SR-43,14.00,W,N,A,-,Y,,,,,,,,,,Y,4,0,1,2,A,-,08,22107,,N,A,C,A,A,H,-,A,A,0,,,,,Y,,A,07,0,0,1,0,0,0,0,0,0,"- ","- ",35.485198974609375,-119.26112365722656,KERN,UNINCORPORATED,,