CASE_ID,ACCIDENT_YEAR,PROC_DATE,JURIS,COLLISION_DATE,COLLISION_TIME,OFFICER_ID,REPORTING_DISTRICT,DAY_OF_WEEK,CHP_SHIFT,POPULATION,CNTY_CITY_LOC,SPECIAL_COND,BEAT_TYPE,CHP_BEAT_TYPE,CITY_DIVISION_LAPD,CHP_BEAT_CLASS,BEAT_NUMBER,PRIMARY_RD,SECONDARY_RD,DISTANCE,DIRECTION,INTERSECTION,WEATHER_1,WEATHER_2,STATE_HWY_IND,CALTRANS_COUNTY,CALTRANS_DISTRICT,STATE_ROUTE,ROUTE_SUFFIX,POSTMILE_PREFIX,POSTMILE,LOCATION_TYPE,RAMP_INTERSECTION,SIDE_OF_HWY,TOW_AWAY,COLLISION_SEVERITY,NUMBER_KILLED,NUMBER_INJURED,PARTY_COUNT,PRIMARY_COLL_FACTOR,PCF_CODE_OF_VIOL,PCF_VIOL_CATEGORY,PCF_VIOLATION,PCF_VIOL_SUBSECTION,HIT_AND_RUN,TYPE_OF_COLLISION,MVIW,PED_ACTION,ROAD_SURFACE,ROAD_COND_1,ROAD_COND_2,LIGHTING,CONTROL_DEVICE,CHP_ROAD_TYPE,PEDESTRIAN_ACCIDENT,BICYCLE_ACCIDENT,MOTORCYCLE_ACCIDENT,TRUCK_ACCIDENT,NOT_PRIVATE_PROPERTY,ALCOHOL_INVOLVED,STWD_VEHTYPE_AT_FAULT,CHP_VEHTYPE_AT_FAULT,COUNT_SEVERE_INJ,COUNT_VISIBLE_INJ,COUNT_COMPLAINT_PAIN,COUNT_PED_KILLED,COUNT_PED_INJURED,COUNT_BICYCLIST_KILLED,COUNT_BICYCLIST_INJURED,COUNT_MC_KILLED,COUNT_MC_INJURED,PRIMARY_RAMP,SECONDARY_RAMP,LATITUDE,LONGITUDE,COUNTY,CITY,POINT_X,POINT_Y
91027468,2019,2019-07-09,9420,2019-07-05,0200,020040,,5,3,6,1502,0,1,3,,1,176,"SR-178 W/B FROM FAIRFAX ROAD N/B","FAIRFAX ROAD",200.00,E,N,A,-,Y,,,178,,,,R,,W,Y,2,0,1,1,A,-,01,23152,A,N,E,I,A,A,H,-,C,D,0,,,,,Y,Y,A,01,1,0,0,0,0,0,0,0,0,"- ","- ",35.396999359130859,-118.92900085449219,KERN,BAKERSFIELD,-118.92900085449219,35.396999359130859
91027476,2019,2019-07-09,9426,2019-06-26,2125,018610,,3,2,9,1500,0,1,1,,2,506,"I-5 N/B","OLD RIVER RD",4224.00,S,N,A,-,Y,,,5,,,,,,N,Y,3,0,2,2,A,-,03,22350,,N,C,C,A,A,D,-,D,A,0,,,,Y,Y,,G,27,0,2,0,0,0,0,0,0,0,"- ","- ",35.153041839599609,-119.10102844238281,KERN,UNINCORPORATED,-119.10104370117188,35.153026580810547
91027490,2019,2019-07-09,9420,2019-06-30,1114,019184,,7,1,9,1500,0,3,5,,2,040,"GRANITE RD.","WOODY RD.",6864.00,N,N,A,-,N,,,,,,,,,,N,2,0,1,1,A,-,03,22350,,N,F,I,A,A,H,-,A,D,0,,,Y,,Y,,C,02,1,0,0,0,0,0,0,0,1,"- ","- ",35.609298706054688,-118.92350006103516,KERN,UNINCORPORATED,-118.92415618896484,35.609443664550781
9102751,2020,2020-11-20,1500,2020-02-02,1212,202301,WA-02,7,5,3,1510,0,0,0,,0,4401,"RT 43","JACKSON AV",824.00,S,N,A,-,Y,KER,6,43,-,R,23.040,H,-,N,Y,3,0,1,1,-,-,"- ",,,N,H,A,A,A,H,-,A,D,0,,,,,Y,,-,"- ",0,1,0,0,0,0,0,0,0,"- ","- ",,,KERN,WASCO,-119.33408355712891,35.571258544921875
91027533,2019,2019-07-09,9420,2019-07-06,1033,018807,,6,1,9,1500,0,3,5,,2,620,"STOCKDALE HIGHWAY","DRIVER ROAD",215.00,W,N,A,-,N,,,,,,,,,,N,3,0,2,2,A,-,08,22107,,N,B,C,A,A,H,-,A,D,0,,,,,Y,,A,01,0,2,0,0,0,0,0,0,0,"- ","- ",35.211498260498047,-119.12310028076172,KERN,UNINCORPORATED,-119.20829772949219,35.354358673095703
91027547,2019,2019-07-09,9420,2019-07-06,1929,019353,,6,2,9,1500,0,3,5,,2,060,"SNOW ROAD","CALLOWAY DRIVE",0.00,,Y,A,-,N,,,,,,,,,,Y,4,0,1,2,A,-,12,21453,A,N,D,C,A,A,H,-,A,A,0,,,,,Y,,-,"- ",0,0,1,0,0,0,0,0,0,"- ","- ",35.427101135253906,-119.10990142822266,KERN,UNINCORPORATED,-119.11000061035156,35.427078247070312
91027631,2019,2019-07-09,9426,2019-07-02,1440,019658,,2,2,2,1508,0,3,5,,2,081,"D ST","5TH AVE",335.00,W,N,A,-,N,,,,,,,,,,N,4,0,1,2,A,-,01,23152,A,M,D,E,A,A,H,-,A,D,0,,,,,Y,Y,A,07,0,0,1,0,0,0,0,0,0,"- ","- ",35.134231567382812,-119.47158050537109,KERN,TAFT,-119.47212982177734,35.134231567382812
91027920,2019,2019-07-10,9420,2019-07-07,1247,017301,,7,1,9,1500,0,1,3,,2,091,"SR-99 S/B","WOOLLOMES AVE OVERCROSSING",300.00,N,N,A,-,Y,,,,,,,,,,Y,2,0,8,3,A,-,03,22350,,N,C,C,A,A,H,-,A,D,0,,,,,Y,,A,07,1,5,2,0,0,0,0,0,0,"- ","- ",35.74951171875,-119.24492645263672,KERN,UNINCORPORATED,,
91027967,2019,2019-07-10,9420,2019-07-08,1200,013597,,1,1,9,1500,0,2,4,,1,064,"OLIVE DRIVE","ROBERTS LANE",0.00,,Y,A,-,N,,,,,,,,,,N,4,0,1,2,A,-,17,21451,A,N,D,C,A,A,H,-,A,A,0,,,,,Y,,A,07,0,0,1,0,0,0,0,0,0,"- ","- ",35.244400024414062,-119.02539825439453,KERN,UNINCORPORATED,-119.04859924316406,35.412399291992188
91028018,2019,2019-07-10,9430,2019-06-28,1645,017153,,5,2,9,1500,0,3,5,,2,002,"LOCKWOOD VALLEY RD","PINE STREET",310.00,S,N,A,-,N,,,,,,,,,,N,3,0,1,1,A,-,08,22107,,N,F,A,A,A,H,-,A,D,0,,,Y,,Y,,C,02,0,1,0,0,0,0,0,0,1,"- ","- ",34.816959381103516,-119.00556182861328,KERN,UNINCORPORATED,-119.00553131103516,34.816989898681641
91028185,2019,2019-07-10,9420,2019-07-02,0835,017301,,2,1,9,1500,0,1,3,,2,585,"SR-58 W/B","SOUTH CHESTER OVERCROSSING",100.00,E,N,A,-,Y,,,,,,,,,,Y,3,0,1,2,A,-,03,22350,,N,C,C,A,A,D,-,A,D,0,,,,,Y,,A,01,0,1,0,0,0,0,0,0,0,"- ","- ",35.352710723876953,-119.01717376708984,KERN,UNINCORPORATED,,
91028370,2019,2019-07-10,9420,2019-06-29,1935,021480,,6,2,9,1500,0,2,4,,1,075,"S. UNION AVE","GARDEN ST",20.00,N,N,A,-,N,,,,,,,,,,N,3,0,1,2,A,-,08,22107,,F,G,G,A,A,H,-,A,D,0,,Y,,,Y,,-,99,0,1,0,0,0,0,1,0,0,"- ","- ",35.305938720703125,-119.00293731689453,KERN,UNINCORPORATED,-119.00312805175781,35.305946350097656
91028385,2019,2019-07-10,9420,2019-06-29,1554,021296,,6,2,9,1500,0,3,5,,2,050,"OILDALE DR","MCCORD AVE",0.00,,Y,A,-,N,,,,,,,,,,N,2,0,1,2,A,-,11,21954,A,N,D,B,D,A,H,-,A,A,0,Y,,,,Y,,N,60,1,0,0,0,1,0,0,0,0,"- ","- ",35.406818389892578,-119.03005981445312,KERN,UNINCORPORATED,-119.02996063232422,35.406791687011719
91028410,2019,2019-07-10,9420,2019-06-15,2100,019140,,6,2,9,1500,0,3,5,,2,530,"LERDO HIGHWAY","SR 99 ON/OFF RAMP",75.00,W,N,A,-,Y,,,,,,,,,,Y,2,0,1,2,A,-,07,21658,A,N,B,C,A,A,H,-,D,A,0,,,Y,,Y,,C,02,1,0,0,0,0,0,0,0,1,"- ","- ",35.499599456787109,-119.16143035888672,KERN,UNINCORPORATED,,
91028421,2019,2019-07-10,9426,2019-07-03,1315,016050,,3,1,9,1500,0,3,5,,2,082,"BUTTONWILLOW DR.","RUDNICK RD.",300.00,S,N,A,-,N,,,,,,,,,,Y,3,0,2,2,A,-,08,22107,,N,D,C,A,A,H,-,A,D,0,,,,Y,Y,,A,01,0,1,1,0,0,0,0,0,0,"- ","- ",35.452381134033203,-119.47476959228516,KERN,UNINCORPORATED,-119.47482299804688,35.452842712402344
9102867,2020,2020-11-20,1500,2020-04-12,1659,201083,WA02,7,5,3,1510,0,0,0,,0,4401,"RT 46","VALLEY ROSE PKWY",0.00,,Y,A,-,Y,KER,6,46,-,-,47.380,H,-,W,Y,2,0,2,2,A,-,09,21803,A,N,D,C,A,A,H,-,A,A,0,,,,,Y,,A,01,1,1,0,0,0,0,0,0,0,"- ","- ",,,KERN,WASCO,-119.39609527587891,35.601497650146484
91028802,2019,2019-07-11,9420,2019-07-03,2340,021133,,3,3,9,1500,0,1,3,,2,091,"SR-99 S/B","SHERWOOD AVENUE",1050.00,N,N,A,-,Y,,,,,,,,,,Y,3,0,1,1,A,-,01,23152,A,N,E,I,A,A,H,-,C,D,0,,,,,Y,Y,A,01,0,1,0,0,0,0,0,0,0,"- ","- ",35.676048278808594,-119.22728729248047,KERN,UNINCORPORATED,,
91028809,2019,2019-07-11,9420,2019-07-04,2240,021133,,4,3,9,1500,0,3,5,,2,070,"KERN CANYON ROAD","MORNING DRIVE",720.00,E,N,A,-,N,,,,,,,,,,N,3,0,1,2,A,-,11,21954,A,N,G,B,D,A,H,-,D,D,0,Y,,,,Y,,N,60,0,1,0,0,1,0,0,0,0,"- ","- ",35.376289367675781,-118.91163635253906,KERN,UNINCORPORATED,-118.91183471679688,35.376323699951172
91028834,2019,2019-07-11,9420,2019-07-05,0935,016828,,5,1,9,1500,0,1,3,,1,176,"SR-178 W/B TO FAIRFAX ROAD","FAIRFAX ROAD",400.00,E,N,A,-,Y,,,,,,,,,,Y,2,0,1,1,A,-,01,23152,A,M,F,A,A,A,H,-,A,A,0,,,,,Y,Y,A,07,1,0,0,0,0,0,0,0,0,"- ","- ",35.369388580322266,-119.00417327880859,KERN,UNINCORPORATED,-118.92855072021484,35.396747589111328
91029271,2019,2019-07-11,9420,2019-07-11,0730,016978,,4,1,9,1500,0,3,5,,2,530,"KIMBERLINA ROAD","CENTRAL AVENUE",528.00,W,N,A,-,N,,,,,,,,,,Y,3,0,1,1,A,-,08,22107,,N,E,I,A,A,H,-,A,D,0,,,,,Y,,A,01,0,1,0,0,0,0,0,0,0,"- ","- ",35.557899475097656,-119.36112976074219,KERN,UNINCORPORATED,-119.36022186279297,35.557964324951172
91029282,2019,2019-07-11,9420,2019-07-09,1820,019184,,2,2,9,1500,0,2,4,,1,075,"S. UNION AVE.","PACHECO RD.",10.00,N,N,A,-,N,,,,,,,,,,N,4,0,2,2,A,-,03,22350,,N,C,C,A,A,H,-,A,A,0,,,,,Y,,A,07,0,0,2,0,0,0,0,0,0,"- ","- ",35.310501098632812,-119.00309753417969,KERN,UNINCORPORATED,-119.00312805175781,35.310417175292969
91029548,2019,2019-07-12,9426,2019-07-04,0420,018633,,4,3,9,1500,0,1,3,,1,460,"SR-46 E/B","HOLLOWAY RD",0.00,,Y,A,-,Y,,,46,,,,,,E,Y,2,0,1,2,A,-,12,22450,A,N,D,C,A,A,H,-,D,A,0,,,,Y,Y,,A,01,1,0,0,0,0,0,0,0,0,"- ","- ",35.615791320800781,-119.74237823486328,KERN,UNINCORPORATED,-119.74237823486328,35.615715026855469
91029565,2019,2019-07-12,9420,2019-07-09,1900,021140,,2,2,9,1500,0,1,3,,2,177,SR-178,"UPPER RICHBAR",5280.00,E,N,A,-,Y,,,178,,,,,,,Y,2,0,2,2,A,-,05,21460,A,N,A,C,A,A,H,-,A,D,0,,,Y,,Y,,C,02,1,1,0,0,0,0,0,0,1,"- ","- ",35.477218627929688,-118.71071624755859,KERN,UNINCORPORATED,-118.71073150634766,35.477249145507812
91029570,2019,2019-07-12,9420,2019-07-11,0335,020484,,4,3,9,1500,0,2,4,,1,075,"SOUTH UNION AVENUE","WEST SHAFTER ROAD",1584.00,N,N,A,-,N,,,,,,,,,,Y,3,0,1,1,A,-,08,22107,,N,E,I,A,A,H,-,D,D,0,,,,,Y,,A,07,0,1,0,0,0,0,0,0,0,"- ","- ",35.228061676025391,-119.00301361083984,KERN,UNINCORPORATED,-119.00320434570312,35.227497100830078
91029698,2019,2019-07-12,9426,2019-07-04,0645,017321,,4,1,9,1500,0,1,3,,2,581,SR-58,"WASCO WAY",158.00,W,N,A,-,Y,,,58,,,,,,,Y,4,0,1,1,A,-,08,22107,,N,E,I,A,A,H,-,A,D,0,,,,,Y,,A,01,0,0,1,0,0,0,0,0,0,"- ","- ",35.399101257324219,-119.45339965820312,KERN,UNINCORPORATED,-119.45339965820312,35.399147033691406
91029812,2019,2019-07-16,9426,2019-07-07,1200,016804,,7,1,9,1500,0,1,1,,2,502,"I-5 N/B","MAIN DRAIN RD",2640.00,N,N,A,-,Y,,,5,,,,,,N,Y,4,0,2,4,A,-,03,22350,,N,C,C,A,A,H,-,A,D,0,,,,,Y,,A,01,0,0,2,0,0,0,0,0,0,"- ","- ",35.590030670166016,-119.62964630126953,KERN,UNINCORPORATED,-119.62985992431641,35.589828491210938
91029853,2019,2019-07-12,9420,2019-07-11,1420,020529,,4,2,9,1500,0,1,3,,2,583,"SR-58 (WESTBOUND)","FAIRHAVEN DR.",100.00,W,N,A,-,Y,,,58,,,,,,,Y,3,0,1,2,A,-,07,21658,A,N,B,C,A,A,H,-,A,D,0,,,,,Y,,A,01,0,1,0,0,0,0,0,0,0,"- ","- ",35.383369445800781,-119.05473327636719,KERN,UNINCORPORATED,-119.05473327636719,35.383293151855469
91030288,2019,2019-07-15,9430,2019-07-11,0350,016388,,4,3,9,1500,0,1,1,,2,054,"I-5 S/B (GOLDEN STATE FREEWAY)","WHEELER RIDGE O/C",3168.00,S,N,A,-,Y,,,5,,,,,,S,Y,3,0,2,2,A,-,01,23153,A,N,C,C,A,A,D,-,C,A,0,,,,,Y,Y,A,01,0,1,1,0,0,0,0,0,0,"- ","- ",34.977458953857422,-118.94245910644531,KERN,UNINCORPORATED,-118.94261169433594,34.977413177490234
91030501,2019,2019-07-15,9420,2019-07-04,2140,021144,,4,2,9,1500,0,2,4,,1,071,"FAIRFAX RD.","EUCALYPTUS DR.",0.00,,Y,A,-,N,,,,,,,,,,Y,3,0,1,2,A,-,12,21453,A,N,D,C,A,A,H,-,C,A,0,,,,,Y,,D,22,0,1,0,0,0,0,0,0,0,"- ","- ",35.365219116210938,-118.93196868896484,KERN,UNINCORPORATED,-118.93193817138672,35.365161895751953
91030597,2019,2019-07-15,9420,2019-07-07,1637,019098,,7,2,6,1502,0,1,3,,2,094,"SR-99 N/B","MING AVENUE",2112.00,S,N,A,-,Y,,,99,,,,,,N,N,4,0,1,3,A,-,03,22350,,N,C,C,A,A,H,-,A,D,0,,,,Y,Y,,F,26,0,0,1,0,0,0,0,0,0,"- ","- ",35.333499908447266,-119.03943634033203,KERN,BAKERSFIELD,-119.03949737548828,35.333499908447266
91030738,2019,2019-07-15,9420,2019-07-07,1505,019845,,7,2,9,1500,0,1,3,,2,091,"SR-99 (SOUTHBOUND)","LERDO HIGHWAY",5808.00,S,N,A,-,Y,,,99,,,,,,,Y,2,0,1,1,C,-,18,,,N,H,A,A,A,H,-,A,D,0,,,,,Y,,-,"- ",1,0,0,0,0,0,0,0,0,"- ","- ",35.484508514404297,-119.14457702636719,KERN,UNINCORPORATED,-119.14456176757812,35.484535217285156
91030832,2019,2019-07-15,9420,2019-07-08,2223,019686,,1,3,9,1500,0,2,4,,1,075,"SOUTH UNION AVENUE","WHITE LANE",0.00,,Y,A,-,N,,,,,,,,,,Y,3,0,1,3,A,-,12,21453,A,N,D,C,A,A,H,-,C,D,0,,,,,Y,,A,01,0,1,0,0,0,0,0,0,0,"- ","- ",35.317718505859375,-119.00311279296875,KERN,UNINCORPORATED,-119.00312805175781,35.3177490234375
91030866,2019,2019-07-15,9830,2019-07-09,1330,018450,,2,1,9,1500,0,3,5,,2,002,"TRINITY AVE","SIERRA HWY",50.00,E,N,A,-,N,,,,,,,,,,Y,4,0,1,2,A,-,03,22350,,N,C,C,A,A,H,-,A,D,0,,,,,Y,,D,22,0,0,1,0,0,0,0,0,0,"- ","- ",35.048538208007812,-118.1719970703125,KERN,UNINCORPORATED,-118.17223358154297,35.048530578613281
91030872,2019,2019-07-15,9830,2019-07-06,2356,021553,,6,3,9,1500,0,2,4,,1,026,"BUSINESS ROUTE 58 EAST","10TH STREET",385.00,W,N,A,-,Y,,,,,,,,,,Y,4,0,1,1,A,-,08,22107,,N,F,A,A,A,H,-,D,D,0,,,,,Y,,A,01,0,0,1,0,0,0,0,0,0,"- ","- ",35.03472900390625,-118.11477661132812,KERN,UNINCORPORATED,,
91030892,2019,2019-07-15,9420,2019-07-11,1535,020782,,4,2,9,1500,0,3,5,,2,530,"KIMBERLINA ROAD","ROOT AVENUE",1320.00,E,N,A,-,N,,,,,,,,,,N,4,0,1,2,A,-,08,22107,,M,B,C,A,A,H,-,A,D,0,,,,,Y,,A,01,0,0,1,0,0,0,0,0,0,"- ","- ",35.558090209960938,-119.30390930175781,KERN,UNINCORPORATED,-119.30870819091797,35.558074951171875
91030961,2019,2019-07-15,9830,2019-07-05,1635,020960,,5,2,9,1500,0,3,5,,2,003,"TEHACHAPI WILLOW SPRINGS ROAD","110TH STREET",8448.00,N,N,A,-,N,,,,,,,,,,Y,3,0,1,1,A,-,01,23152,A,N,E,I,A,A,H,-,A,D,0,,,,,Y,Y,A,07,0,1,0,0,0,0,0,0,0,"- ","- ",35.013019561767578,-118.34542083740234,KERN,UNINCORPORATED,-118.34444427490234,35.012367248535156
91030973,2019,2019-08-27,9830,2019-07-06,1815,021903,,6,2,9,1500,0,3,5,,2,005,"CALVERT BLVD","WARD AVE",0.00,,Y,A,-,N,,,,,,,,,,Y,3,0,1,2,A,-,09,21802,A,N,D,C,A,A,H,-,A,A,0,,,,,Y,,A,01,0,1,0,0,0,0,0,0,0,"- ","- ",35.644950866699219,-117.75849914550781,KERN,UNINCORPORATED,-117.75861358642578,35.644519805908203
91031094,2019,2019-07-15,9420,2019-07-10,1840,016691,,3,2,9,1500,0,1,3,,2,223,"SR-223 (BEAR MOUNTAIN BLVD)","S. EDISON RD",0.00,,Y,A,-,Y,,,223,,,,,,,Y,3,0,1,2,A,-,12,22450,A,N,A,C,A,A,H,-,A,A,0,,,,,Y,,A,01,0,1,0,0,0,0,0,0,0,"- ","- ",35.208770751953125,-118.87811279296875,KERN,UNINCORPORATED,-118.87811279296875,35.208820343017578
91031113,2019,2019-07-15,9420,2019-07-10,1633,021296,,3,2,9,1500,0,3,5,,2,070,"BERNARD ST","KING ST.",0.00,,Y,A,-,N,,,,,,,,,,Y,4,0,1,2,A,-,06,21750,,N,D,C,A,A,H,-,A,D,0,,,,,Y,,A,01,0,0,1,0,0,0,0,0,0,"- ","- ",35.3902587890625,-118.98641967773438,KERN,UNINCORPORATED,-118.98644256591797,35.3902587890625
91031329,2019,2019-07-16,9426,2019-07-07,1415,019658,,7,2,9,1500,0,1,1,,2,502,"I-5 S/B","LERDO HWY",6864.00,N,N,A,-,Y,,,5,,,,,,S,Y,4,0,6,3,A,-,03,22350,,N,C,C,A,A,H,-,A,D,0,,,,,Y,,A,01,0,0,6,0,0,0,0,0,0,"- ","- ",35.505329132080078,-119.54086303710938,KERN,UNINCORPORATED,-119.54087829589844,35.50531005859375
91031508,2019,2019-07-16,9420,2019-07-11,1210,018486,,4,1,9,1500,0,1,3,,1,184,SR-184,"PIONEER DRIVE",0.00,,Y,A,-,Y,,,184,,,,,,,Y,4,0,1,2,A,-,09,21801,A,N,A,C,A,A,H,-,A,A,0,,,,,Y,,A,01,0,0,1,0,0,0,0,0,0,"- ","- ",35.368900299072266,-118.91419982910156,KERN,UNINCORPORATED,-118.91423797607422,35.368900299072266
91031549,2019,2019-07-16,9420,2019-07-09,1210,016828,,2,1,9,1500,0,1,3,,1,176,"SR-178 W/B","UNION AVENUE",450.00,E,N,A,-,Y,,,,,,,,,,Y,3,0,3,2,A,-,08,22107,,N,B,C,A,A,B,H,A,D,0,,,,,Y,,A,01,0,1,2,0,0,0,0,0,0,"- ","- ",35.385391235351562,-118.98863220214844,KERN,UNINCORPORATED,-119.00148010253906,35.383659362792969
91031758,2019,2019-07-16,9426,2019-07-07,1340,016804,,7,1,9,1500,0,1,1,,2,502,"I-5 N/B","LERDO HWY",5280.00,S,N,A,-,Y,,,5,,,,,,N,Y,4,0,4,3,A,-,03,22350,,N,C,C,A,A,H,-,A,D,0,,,,,Y,,A,07,0,0,4,0,0,0,0,0,0,"- ","- ",35.469291687011719,-119.49333190917969,KERN,UNINCORPORATED,-119.49346160888672,35.469104766845703
91031821,2019,2019-07-16,9420,2019-07-08,1650,021140,,1,2,9,1500,0,3,5,,2,672,"EDISON ROAD","MULLER ROAD",0.00,,Y,A,-,N,,,,,,,,,,Y,3,0,1,2,A,-,09,21802,A,N,D,C,A,A,H,-,A,A,0,,,,,Y,,A,01,0,1,0,0,0,0,0,0,0,"- ","- ",35.325298309326172,-118.87860870361328,KERN,UNINCORPORATED,-118.87859344482422,35.325389862060547
91031862,2019,2019-07-16,9420,2019-07-12,1405,016691,,5,2,9,1500,0,3,5,,2,672,"N. RANCHO DR","HERRING RD",0.00,,Y,A,-,N,,,,,,,,,,N,4,0,2,2,A,-,03,22350,,N,C,C,A,A,H,-,A,A,0,,,,,Y,,A,01,0,0,2,0,0,0,0,0,0,"- ","- ",35.150871276855469,-118.85082244873047,KERN,UNINCORPORATED,-118.850830078125,35.150890350341797
91031909,2019,2019-07-16,9430,2019-05-01,1710,018481,,3,2,9,1500,0,2,4,,1,024,"HUDSON RANCH ROAD","KLIPSTEIN CANYON ROAD",528.00,E,N,A,-,N,,,,,,,,,,Y,1,1,0,1,C,-,18,,,N,F,A,A,A,H,-,A,D,0,,,Y,,Y,,-,"- ",0,0,0,0,0,0,0,1,0,"- ","- ",34.166599273681641,-119.41168212890625,KERN,UNINCORPORATED,-119.4058837890625,34.940036773681641
91032050,2019,2019-07-17,9830,2019-07-07,1343,019883,,7,1,9,1500,0,1,2,,1,053,US-395,"NORTH BROWN RD.",5280.00,N,N,A,-,Y,,,,,,,,,,Y,4,0,2,1,A,-,08,22107,,N,F,A,A,A,H,-,A,D,0,,,,,Y,,A,07,0,0,2,0,0,0,0,0,0,"- ","- ",35.473831176757812,-117.52353668212891,KERN,UNINCORPORATED,-117.83397674560547,35.677314758300781
91032057,2019,2019-07-17,9830,2019-07-13,1900,020866,,6,2,9,1500,0,2,4,,1,034,"ROSAMOND BLVD","30TH ST  W",3.00,E,N,A,-,N,,,,,,,,,,Y,4,0,1,2,A,-,01,23152,A,N,A,C,A,A,H,-,B,A,0,,,,,Y,Y,A,01,0,0,1,0,0,0,0,0,0,"- ","- ",34.864070892333984,-118.18472290039062,KERN,UNINCORPORATED,-118.18488311767578,34.864051818847656
91032066,2019,2019-07-17,9830,2019-07-14,1245,018758,,7,1,9,1500,0,3,5,,2,001,"BEAR VALLEY RD","ROOST AVENUE",650.00,N,N,A,-,N,,,,,,,,,,Y,4,0,2,2,A,-,06,21750,,N,D,C,A,A,H,-,A,D,0,,,,,Y,,A,01,0,0,2,0,0,0,0,0,0,"- ","- ",35.139980316162109,-118.57451629638672,KERN,UNINCORPORATED,-118.57451629638672,35.139892578125
91032134,2019,2019-07-17,9420,2019-07-12,0445,020484,,5,3,9,1500,0,1,3,,2,583,"ROSEDALE HIGHWAY","RENFRO ROAD",400.00,E,N,A,-,Y,,,,,,,,,,N,4,0,1,2,A,-,06,21750,,N,B,C,A,A,H,-,A,D,0,,,,,Y,,A,08,0,0,1,0,0,0,0,0,0,"- ","- ",35.383480072021484,-119.16252899169922,KERN,UNINCORPORATED,-119.16194915771484,35.383518218994141
91032143,2019,2019-07-17,9420,2019-07-10,0437,019686,,3,3,9,1500,0,1,3,,2,091,"SR-99 S/B",SR-46,3168.00,S,N,A,-,Y,,,99,,,,,,S,Y,4,0,1,1,A,-,08,22107,,N,E,I,A,A,H,-,D,D,0,,,,,Y,,A,01,0,0,1,0,0,0,0,0,0,"- ","- ",35.593540191650391,-119.20881652832031,KERN,UNINCORPORATED,-119.20881652832031,35.593544006347656
91032160,2019,2019-07-17,9420,2019-07-08,0842,021769,,1,1,9,1500,0,1,3,,2,155,SR-155,"FROM SR-178 W/B TO SR-155",0.00,,Y,A,-,Y,,,155,,,,,,,Y,3,0,2,2,A,-,09,21802,A,N,D,C,A,A,H,-,A,D,0,,,,,Y,,A,01,0,1,1,0,0,0,0,0,0,"- ","- ",35.628200531005859,-118.47869873046875,KERN,UNINCORPORATED,-118.47863006591797,35.628299713134766
91032210,2019,2019-07-17,9420,2019-07-09,2500,019901,,2,4,9,1500,0,3,5,,2,040,"GLENNVILLE RD.","WOODY RD.",15840.00,N,N,A,-,N,,,,,,,,,,Y,4,0,1,1,A,-,03,22350,,N,F,A,A,A,H,-,A,D,0,,,Y,,Y,,C,02,0,0,1,0,0,0,0,0,1,"- ","- ",35.671798706054688,-118.91058349609375,KERN,UNINCORPORATED,-118.91059112548828,35.671806335449219
91032544,2019,2019-07-17,9426,2019-07-11,0750,016162,,4,1,9,1500,0,1,1,,2,506,"I-5 S/B","COPUS RD",2640.00,N,N,A,-,Y,,,5,,,,,,S,Y,2,0,2,1,A,-,08,22107,,N,F,A,A,A,H,-,A,D,0,,,,,Y,,A,01,2,0,0,0,0,0,0,0,0,"- ","- ",35.099090576171875,-119.04196166992188,KERN,UNINCORPORATED,-119.04196166992188,35.099086761474609
91032592,2019,2019-07-17,9426,2019-07-12,1300,016162,,5,1,9,1500,0,1,3,,1,332,SR-33,"KLIPSTEIN CANYON RD",3168.00,N,N,A,-,Y,,,33,,,,,,,Y,3,0,1,1,A,-,08,22107,,N,F,A,A,A,H,-,A,D,0,,,Y,,Y,,C,02,0,1,0,0,0,0,0,0,1,"- ","- ",35.013248443603516,-119.41339874267578,KERN,UNINCORPORATED,-119.41339874267578,35.013252258300781
91032712,2019,2019-07-17,9420,2019-07-07,1400,021140,,7,2,9,1500,0,3,5,,2,671,"MALOVICH ROAD","SYCAMORE ROAD",5808.00,S,N,A,-,N,,,,,,,,,,Y,3,0,1,1,A,-,03,22350,,N,E,J,A,A,H,-,A,D,0,,,,,Y,,A,01,0,1,0,0,0,0,0,0,0,"- ","- ",35.179988861083984,-118.81482696533203,KERN,UNINCORPORATED,-118.81484222412109,35.179988861083984
91032833,2019,2019-07-17,9420,2019-07-06,1050,017972,,6,1,9,1500,0,2,4,,1,077,"FAIRFAX RD","ALFRED HARRELL HIGHWAY OFF RAMP E/B",0.00,,Y,A,-,N,,,,,,,,,,N,4,0,2,2,A,-,12,22450,A,N,B,C,A,A,H,-,A,A,0,,,Y,,Y,,D,22,0,0,2,0,0,0,0,0,2,"- ","- ",35.421520233154297,-118.94870758056641,KERN,UNINCORPORATED,-118.94877099999999,35.421519000000004