CASE_ID,ACCIDENT_YEAR,PROC_DATE,JURIS,COLLISION_DATE,COLLISION_TIME,OFFICER_ID,REPORTING_DISTRICT,DAY_OF_WEEK,CHP_SHIFT,POPULATION,CNTY_CITY_LOC,SPECIAL_COND,BEAT_TYPE,CHP_BEAT_TYPE,CITY_DIVISION_LAPD,CHP_BEAT_CLASS,BEAT_NUMBER,PRIMARY_RD,SECONDARY_RD,DISTANCE,DIRECTION,INTERSECTION,WEATHER_1,WEATHER_2,STATE_HWY_IND,CALTRANS_COUNTY,CALTRANS_DISTRICT,STATE_ROUTE,ROUTE_SUFFIX,POSTMILE_PREFIX,POSTMILE,LOCATION_TYPE,RAMP_INTERSECTION,SIDE_OF_HWY,TOW_AWAY,COLLISION_SEVERITY,NUMBER_KILLED,NUMBER_INJURED,PARTY_COUNT,PRIMARY_COLL_FACTOR,PCF_CODE_OF_VIOL,PCF_VIOL_CATEGORY,PCF_VIOLATION,PCF_VIOL_SUBSECTION,HIT_AND_RUN,TYPE_OF_COLLISION,MVIW,PED_ACTION,ROAD_SURFACE,ROAD_COND_1,ROAD_COND_2,LIGHTING,CONTROL_DEVICE,CHP_ROAD_TYPE,PEDESTRIAN_ACCIDENT,BICYCLE_ACCIDENT,MOTORCYCLE_ACCIDENT,TRUCK_ACCIDENT,NOT_PRIVATE_PROPERTY,ALCOHOL_INVOLVED,STWD_VEHTYPE_AT_FAULT,CHP_VEHTYPE_AT_FAULT,COUNT_SEVERE_INJ,COUNT_VISIBLE_INJ,COUNT_COMPLAINT_PAIN,COUNT_PED_KILLED,COUNT_PED_INJURED,COUNT_BICYCLIST_KILLED,COUNT_BICYCLIST_INJURED,COUNT_MC_KILLED,COUNT_MC_INJURED,PRIMARY_RAMP,SECONDARY_RAMP,LATITUDE,LONGITUDE,COUNTY,CITY,POINT_X,POINT_Y
91065489,2019,2019-09-03,9830,2019-08-28,0405,019762,,3,3,9,1500,0,1,3,,1,031,"SR-14 N/B","CAMELOT BLVD.",2112.00,N,N,A,-,Y,,,14,,,,,,N,Y,3,0,1,1,A,-,01,23152,G,N,E,I,A,A,H,-,D,D,0,,,,,Y,Y,A,07,0,1,0,0,0,0,0,0,0,"- ","- ",35.036689758300781,-118.16951751708984,KERN,UNINCORPORATED,-118.16953277587891,35.036685943603516
91065617,2019,2019-09-03,9830,2019-08-26,1155,018758,,1,1,9,1500,0,1,3,,2,010,"SR-58 W/B",SR-202,2112.00,W,N,A,-,Y,,,58,,,,,,W,Y,3,0,1,1,A,-,08,22107,,N,E,I,A,A,H,-,A,D,0,,,,,Y,,A,01,0,1,0,0,0,0,0,0,0,"- ","- ",35.146369934082031,-118.46988677978516,KERN,UNINCORPORATED,-118.46971893310547,35.146339416503906
91065686,2019,2019-09-03,9420,2019-08-22,1325,017972,,4,1,9,1500,0,1,3,,2,091,"SR-99 S/B","MERCED AVE",20.00,S,N,A,-,Y,,,99,,,,,,S,Y,4,0,1,6,A,-,03,22350,,N,C,C,A,A,H,-,A,D,0,,,,,Y,,A,07,0,0,1,0,0,0,0,0,0,"- ","- ",35.529659271240234,-119.18972015380859,KERN,UNINCORPORATED,-119.18981170654297,35.529621124267578
91065781,2019,2019-09-03,9420,2019-08-26,0720,018486,,1,1,9,1500,0,3,5,,2,070,"MONTEREY STREET","WEBSTER STREET",0.00,,Y,A,-,N,,,,,,,,,,Y,4,0,1,2,A,-,09,21802,A,N,D,C,A,A,H,-,A,A,0,,,,,Y,,D,22,0,0,1,0,0,0,0,0,0,"- ","- ",35.374900817871094,-118.96299743652344,KERN,UNINCORPORATED,-118.96302795410156,35.374908447265625
91065925,2019,2019-09-03,9426,2019-08-25,1137,016804,,7,1,9,1500,0,1,1,,2,502,"I-5 N/B TO TRACY AVE","TRACY AVE.",320.00,W,N,A,-,Y,,,5,,,,R,,N,Y,2,0,1,1,A,-,08,22107,,N,F,A,A,A,H,-,A,D,0,,,Y,,Y,,C,02,1,0,0,0,0,0,0,0,1,"- ","- ",35.400848388671875,-119.39904022216797,KERN,UNINCORPORATED,-119.39904022216797,35.400848388671875
91066070,2019,2019-09-03,9426,2019-08-23,2045,019592,,5,2,9,1500,0,1,3,,1,167,"SR-166 E/B","SHORT ROAD",445.00,E,N,A,-,Y,,,166,,,,,,E,Y,4,0,1,1,A,-,08,22107,,N,E,I,A,A,H,-,D,D,0,,,,,Y,,A,07,0,0,1,0,0,0,0,0,0,"- ","- ",35.058219909667969,-119.36556243896484,KERN,UNINCORPORATED,-119.36556243896484,35.058216094970703
91066204,2019,2019-09-03,9430,2019-08-24,1320,018631,,6,1,9,1500,0,1,1,,2,055,"I-5 N/B OFFRAMP TO SR-166",SR-166,0.00,,Y,A,-,Y,,,5,,,,R,,N,Y,3,0,2,2,A,-,09,21802,A,N,D,C,A,A,H,-,A,A,0,,,,,Y,,A,01,0,2,0,0,0,0,0,0,0,"- ","- ",35.059360504150391,-118.99681091308594,KERN,UNINCORPORATED,-118.99681091308594,35.059360504150391
91066323,2019,2019-09-03,9426,2019-08-30,1105,014887,,5,1,9,1500,0,1,3,,2,581,SR-58,"WASCO WAY",35.00,E,N,A,-,Y,,,58,,,,,,,Y,4,0,3,3,A,-,03,22350,,N,C,C,A,A,H,-,A,D,0,,,,,Y,,D,22,0,0,3,0,0,0,0,0,0,"- ","- ",35.399120330810547,-119.44748687744141,KERN,UNINCORPORATED,-119.44748687744141,35.399112701416016
91066349,2019,2019-09-03,9426,2019-08-28,1320,016804,,3,1,9,1500,0,1,3,,1,167,"SR-166 E/B","OLD RIVER RD.",0.00,,Y,A,-,Y,,,166,,,,,,E,Y,3,0,1,2,A,-,05,21460,A,N,B,C,A,A,H,-,A,A,0,,,,Y,Y,,A,07,0,1,0,0,0,0,0,0,0,"- ","- ",35.058841705322266,-119.13877105712891,KERN,UNINCORPORATED,-119.13877105712891,35.058773040771484
91066354,2019,2019-09-03,9420,2019-09-01,2045,021140,,7,2,9,1500,0,2,4,,1,071,"OSWELL STREET","COUNTRY CLUB DRIVE",0.00,,Y,A,-,N,,,,,,,,,,N,3,0,1,1,A,-,08,22107,,N,E,I,A,A,H,-,C,D,0,,,Y,,Y,,C,02,0,1,0,0,0,0,0,0,1,"- ","- ",35.384880065917969,-118.94969177246094,KERN,UNINCORPORATED,-118.94963073730469,35.384860992431641
91066367,2019,2019-09-03,9426,2019-08-31,1726,016804,,6,2,9,1500,0,1,1,,2,502,"I-5 S/B","BUTTONWILLOW DR",9504.00,N,N,A,-,Y,,,5,,,,,,S,Y,3,0,3,1,A,-,08,22107,,N,E,A,A,A,H,-,A,D,0,,,,,Y,,A,01,0,3,0,0,0,0,0,0,0,"- ","- ",35.474788665771484,-119.50209045410156,KERN,UNINCORPORATED,-119.50201416015625,35.474895477294922
91066369,2019,2019-09-03,9420,2019-09-02,1700,021140,,1,2,9,1500,0,3,5,,2,671,"S EDISON ROAD","SYCAMORE ROAD",0.00,,Y,A,-,N,,,,,,,,,,Y,4,0,1,2,A,-,12,22450,A,N,D,C,A,A,H,-,A,A,0,,,,,Y,,A,01,0,0,1,0,0,0,0,0,0,"- ","- ",35.194259643554688,-118.87812042236328,KERN,UNINCORPORATED,-118.87811279296875,35.194240570068359
91066393,2019,2019-09-03,9420,2019-08-30,1436,019442,,5,2,9,1500,0,1,3,,2,090,"SR-99 N/B","POND RD.",528.00,N,N,A,-,Y,,,99,,,,,,N,N,4,0,2,2,A,-,03,22350,,N,C,C,A,A,H,-,A,D,0,,,,,Y,,A,01,0,0,2,0,0,0,0,0,0,"- ","- ",35.722259521484375,-119.23750305175781,KERN,UNINCORPORATED,-119.23754119873047,35.722255706787109
91066649,2019,2019-10-01,9420,2019-08-12,2015,020163,,1,2,9,1500,0,3,5,,2,671,"DI GIORGIO RD.","COTTONWOOD RD.",976.00,W,N,A,-,N,,,,,,,,,,Y,2,0,8,2,A,-,01,23152,A,N,A,C,A,A,H,-,D,D,0,,,,,Y,Y,D,22,5,3,0,0,0,0,0,0,0,"- ","- ",35.252288818359375,-118.98870849609375,KERN,UNINCORPORATED,-118.98859405517578,35.252296447753906
91066714,2019,2019-09-04,9830,2019-09-03,0740,017146,,2,1,9,1500,0,1,3,,1,052,"JACKS RANCH RD.","SR-178 EAST",0.00,,Y,A,-,N,,,,,,,,,,Y,4,0,1,2,A,-,09,21802,A,N,D,C,A,A,H,-,A,A,0,,,,,Y,,A,01,0,0,1,0,0,0,0,0,0,"- ","- ",35.651718139648438,-117.72299194335938,KERN,UNINCORPORATED,-117.72304099999999,35.651834999999998
91066724,2019,2019-09-04,9420,2019-08-31,1720,017972,,6,2,9,1500,0,2,4,,1,052,"NORRIS RD","BEDFORD WAY",370.00,E,N,A,-,N,,,,,,,,,,Y,3,0,1,4,A,-,01,23152,F,N,E,I,A,A,H,-,A,D,0,,,,,Y,,A,01,0,1,0,0,0,0,0,0,0,"- ","- ",35.419639587402344,-119.01679229736328,KERN,UNINCORPORATED,-119.01747894287109,35.419742584228516
91066762,2019,2019-09-04,9420,2019-08-31,2345,020040,,6,3,9,1500,0,3,5,,2,070,"SAGO PALM STREET","HAUPT AVENUE",185.00,S,N,A,-,N,,,,,,,,,,Y,4,0,1,2,A,-,08,22107,,N,D,E,A,A,H,-,D,D,0,,,,,Y,,A,01,0,0,1,0,0,0,0,0,0,"- ","- ",35.362499237060547,-118.90264892578125,KERN,UNINCORPORATED,-118.90263366699219,35.362651824951172
91066874,2019,2019-09-04,9420,2019-08-30,1533,021296,,5,2,9,1500,0,3,5,,2,671,"SYCAMORE RD.","RANCHO DR.",0.00,,Y,A,-,N,,,,,,,,,,Y,4,0,1,2,A,-,09,21802,A,N,D,C,A,A,H,-,A,A,0,,,,,Y,,A,07,0,0,1,0,0,0,0,0,0,"- ","- ",35.194408416748047,-118.85104370117188,KERN,UNINCORPORATED,-118.85105133056641,35.194400787353516
91066966,2019,2019-09-04,9420,2019-08-31,1604,021308,,6,2,9,1500,0,2,4,,1,075,"S. UNION AVE.","WILSON ST.",0.00,,Y,A,-,N,,,,,,,,,,Y,4,0,4,2,A,-,12,21453,A,N,D,C,A,A,H,-,A,A,0,,,,,Y,,A,01,0,0,4,0,0,0,0,0,0,"- ","- ",35.332229614257812,-119.00312042236328,KERN,UNINCORPORATED,-119.00311279296875,35.332180023193359
91066981,2019,2019-09-04,9420,2019-08-31,1557,020634,,6,2,9,1500,0,3,5,,2,610,"S. CHESTER AVE","SANDRA DR.",900.00,N,N,A,-,N,,,,,,,,,,N,4,0,1,2,A,-,21,22106,,N,H,C,A,A,H,-,A,D,0,,,,,Y,,A,01,0,0,1,0,0,0,0,0,0,"- ","- ",35.330101013183594,-119.01270294189453,KERN,UNINCORPORATED,-119.01363372802734,35.331432342529297
91067035,2019,2019-09-04,9420,2019-05-16,2300,019963,,4,3,6,1502,0,1,3,,2,093,"STATE ROUTE 99 SOUTHBOUND","PALM STREET",1030.00,N,N,B,-,Y,,,99,,,,,,S,Y,1,1,1,1,A,-,01,23152,A,N,E,I,A,B,D,H,C,D,0,,,,,Y,Y,A,01,0,1,0,0,0,0,0,0,0,"- ","- ",35.363399505615234,-119.04000091552734,KERN,BAKERSFIELD,-119.03997039794922,35.363407135009766
91067061,2019,2019-10-08,9420,2019-07-01,2102,015896,,1,2,9,1500,0,1,3,,2,090,"STATE ROUTE 99 N/B","WHISLER ROAD",2270.00,S,N,A,-,Y,,,99,,,,,,N,Y,1,1,0,2,A,-,08,22107,,N,B,E,A,A,H,-,D,D,0,,,,Y,Y,,G,25,0,0,0,0,0,0,0,0,0,"- ","- ",35.638698577880859,-119.21769714355469,KERN,UNINCORPORATED,-119.21779632568359,35.638675689697266
91067126,2019,2019-09-04,9420,2019-08-31,1005,018486,,6,1,9,1500,0,2,4,,1,072,"NILES STREET","FAIRFAX ROAD",0.00,,Y,A,-,N,,,,,,,,,,N,4,0,2,2,A,-,09,21453,C,N,D,C,A,A,H,-,A,A,0,,,,,Y,,D,22,0,0,2,0,0,0,0,0,0,"- ","- ",35.3760986328125,-118.93180084228516,KERN,UNINCORPORATED,-118.93203735351562,35.376239776611328
91067139,2019,2019-09-04,9420,2019-09-01,1115,018486,,7,1,9,1500,0,2,4,,1,075,"S. UNION AVENUE","MCKEE ROAD",107.00,N,N,A,-,N,,,,,,,,,,Y,4,0,2,2,A,-,03,22350,,N,C,C,A,A,H,-,A,D,0,,,,,Y,,A,07,0,0,2,0,0,0,0,0,0,"- ","- ",35.274398803710938,-119.00299835205078,KERN,UNINCORPORATED,-119.00314331054688,35.274372100830078
91067313,2019,2019-09-04,9420,2019-09-02,0945,015801,,1,1,9,1500,0,2,4,,1,052,"ROBERTS LANE","MACARTHUR DRIVE",30.00,W,N,A,-,N,,,,,,,,,,N,4,0,1,2,A,-,03,22350,,N,C,C,A,A,H,-,A,D,0,,,,,Y,,A,01,0,0,1,0,0,0,0,0,0,"- ","- ",35.408550262451172,-119.03280639648438,KERN,UNINCORPORATED,-119.03311157226562,35.40863037109375
91067329,2019,2019-09-04,9420,2019-09-01,1230,019184,,7,1,9,1500,0,2,4,,1,071,"MT. VERNON AVE.","POTOMAC AVE.",35.00,N,N,A,-,N,,,,,,,,,,N,4,0,3,2,A,-,03,22350,,N,C,C,A,A,H,-,A,A,0,,,,,Y,,A,01,0,0,3,0,0,0,0,0,0,"- ","- ",35.365200042724609,-118.96759796142578,KERN,UNINCORPORATED,-118.96759796142578,35.365055084228516
91067540,2019,2019-09-04,9430,2019-08-28,0558,016825,,3,3,9,1500,0,1,3,,1,066,"SR-166 E/B","I-5 N/B TO SR-166",0.00,,Y,A,-,Y,,,166,,,,,,E,Y,3,0,2,2,A,-,09,21802,A,N,D,C,A,A,H,-,B,D,0,,,,Y,Y,,A,01,0,2,0,0,0,0,0,0,0,"- ","- ",35.059329986572266,-118.99684906005859,KERN,UNINCORPORATED,-118.99684906005859,35.059318542480469
91067569,2019,2019-09-04,9426,2019-09-01,1652,015472,,7,2,9,1500,0,3,5,,2,086,"7TH STANDARD RD","TRACY AVE",13.00,W,N,A,-,N,,,,,,,,,,Y,3,0,1,1,A,-,01,23152,A,N,E,I,A,A,H,-,A,A,0,,,,,Y,Y,A,07,0,1,0,0,0,0,0,0,0,"- ","- ",35.442001342773438,-119.41159820556641,KERN,UNINCORPORATED,-119.41152191162109,35.442230224609375
91067589,2019,2019-09-04,9830,2019-08-30,0900,014518,,5,1,9,1500,0,2,4,,1,034,"ROSAMOND BOULEVARD","25TH STREET WEST",40.00,E,N,A,-,N,,,,,,,,,,Y,3,0,1,2,A,-,03,22350,,N,C,C,A,A,H,-,A,A,0,,,,,Y,,A,01,0,1,0,0,0,0,0,0,0,"- ","- ",34.864250183105469,-118.17572021484375,KERN,UNINCORPORATED,-118.17580413818359,34.864200592041016
91068367,2019,2019-09-05,9420,2019-08-30,0745,018486,,5,1,9,1500,0,1,3,,2,586,"SR-58 E/B","MALAGA ROAD",120.00,W,N,A,-,Y,,,58,,,,,,E,Y,4,0,1,1,A,-,08,22107,,N,E,I,A,A,H,-,A,D,0,,,,,Y,,A,01,0,0,1,0,0,0,0,0,0,"- ","- ",35.342399597167969,-118.86109924316406,KERN,UNINCORPORATED,-118.86107635498047,35.342483520507812
91068377,2019,2019-09-11,9420,2019-09-02,1935,021547,,1,2,9,1500,0,3,5,,2,320,"BODFISH CANYON RD","LAKE ISABELLA BOULEVARD",1564.00,E,N,A,-,N,,,,,,,,,,N,3,0,1,2,B,-,22,,,N,B,C,A,A,H,-,B,D,0,,,,,Y,,J,48,0,1,0,0,0,0,0,0,0,"- ","- ",35.593528747558594,-118.48828125,KERN,UNINCORPORATED,-118.48834991455078,35.593372344970703
91068444,2019,2019-09-05,9420,2019-09-01,0811,016926,,7,1,6,1502,0,1,3,,2,094,"SR-99 N/B","WIBLE ROAD",900.00,S,N,A,-,Y,,,99,,,,,,N,Y,2,0,2,1,C,-,18,,,N,E,I,A,A,H,-,A,D,0,,,,,Y,,-,"- ",1,1,0,0,0,0,0,0,0,"- ","- ",35.327690124511719,-119.03852081298828,KERN,BAKERSFIELD,-119.0386962890625,35.327644348144531
91068479,2019,2019-09-05,9420,2019-08-29,1559,021308,,4,2,9,1500,0,2,4,,1,072,"EDISON HWY. (2400 BLOCK)","EXCHANGE ST.",10.00,E,N,A,-,N,,,,,,,,,,Y,4,0,1,2,A,-,04,21703,,N,C,C,A,A,H,-,A,D,0,,,,,Y,,A,01,0,0,1,0,0,0,0,0,0,"- ","- ",35.370491027832031,-118.96513366699219,KERN,UNINCORPORATED,-118.96508026123047,35.370502471923828
91068507,2019,2019-09-05,9420,2019-08-30,1725,021308,,5,2,9,1500,0,2,4,,1,072,"NILES ST. (6500 BLOCK)","FAIRFAX RD.",50.00,E,N,A,-,N,,,,,,,,,,Y,4,0,2,3,A,-,03,22350,,N,C,C,A,A,H,-,A,A,0,,,,,Y,,D,22,0,0,2,0,0,0,0,0,0,"- ","- ",35.376140594482422,-118.93128967285156,KERN,UNINCORPORATED,-118.93203735351562,35.376239776611328
91068514,2019,2019-09-05,9420,2019-08-30,1412,021308,,5,2,9,1500,0,1,3,,2,177,"SR-178 E/B","RANCHERIA RD.",23760.00,E,N,A,-,Y,,,178,,,,,,E,Y,4,0,1,1,A,-,08,22107,,N,E,I,A,A,H,-,A,D,0,,,,,Y,,A,01,0,0,1,0,0,0,0,0,0,"- ","- ",35.464820861816406,-118.75920867919922,KERN,UNINCORPORATED,-118.75921630859375,35.464851379394531
91068530,2019,2019-09-05,9420,2019-09-03,0705,013402,,2,1,9,1500,0,1,3,,2,462,SR-46,"ROOT AVE",0.00,,Y,A,-,Y,,,,,,,,,,Y,4,0,1,2,A,-,09,21804,A,N,D,C,A,A,H,-,A,D,0,,,,,Y,,M,46,0,0,1,0,0,0,0,0,0,"- ","- ",35.360530853271484,-119.18448638916016,KERN,UNINCORPORATED,-119.31250762939453,35.601600646972656
91068617,2019,2019-09-05,9420,2019-09-04,1815,014811,,3,2,9,1500,0,2,4,,1,075,"S. UNION AVENUE","WILSON ROAD",318.00,S,N,A,-,N,,,,,,,,,,N,4,0,1,2,A,-,21,22106,,N,C,C,A,A,H,-,A,A,0,,,,,Y,,A,01,0,0,1,0,0,0,0,0,0,"- ","- ",35.3272705078125,-118.99674224853516,KERN,UNINCORPORATED,-119.00311279296875,35.331306457519531
91069044,2019,2019-09-06,9830,2019-08-29,1800,020524,,4,2,9,1500,0,2,4,,1,032,"SIERRA HIGHWAY","AVENUE A",0.00,,Y,A,-,N,,,,,,,,,,Y,3,0,3,2,A,-,09,21802,A,N,D,C,A,A,H,-,A,A,0,,,,,Y,,A,01,0,2,1,0,0,0,0,0,0,"- ","- ",34.820720672607422,-118.15608215332031,KERN,UNINCORPORATED,-118.15608215332031,34.8206787109375
91069095,2019,2019-09-06,9420,2019-08-29,2023,019686,,4,2,9,1500,0,2,4,,1,077,"S. FAIRFAX ROAD","E. PANAMA LANE",30.00,S,N,A,-,N,,,,,,,,,,Y,3,0,2,2,A,-,01,23152,A,M,C,C,A,A,H,-,D,A,0,,,,,Y,Y,D,22,0,1,1,0,0,0,0,0,0,"- ","- ",35.266830444335938,-118.93211364746094,KERN,UNINCORPORATED,-118.93206024169922,35.295906066894531
91069101,2019,2019-09-06,9420,2019-09-04,1340,015896,,3,1,9,1500,0,3,5,,2,510,"ZACHARY AVE","NINTH AVE",0.00,,Y,A,-,N,,,,,,,,,,Y,4,0,2,2,A,-,09,21802,A,N,D,C,A,A,H,-,A,A,0,,,,,Y,,A,01,0,0,2,0,0,0,0,0,0,"- ","- ",35.768699645996094,-119.18740081787109,KERN,UNINCORPORATED,-119.18744659423828,35.768680572509766
91069126,2019,2019-09-06,9420,2019-09-05,1524,019686,,4,2,9,1500,0,1,3,,2,093,"SR-99 S/B","AIRPORT DR",1000.00,S,N,A,-,Y,,,99,,,,,,S,Y,4,0,1,3,A,-,03,22350,,N,C,C,A,A,D,H,A,D,0,,,,,Y,,A,01,0,0,1,0,0,0,0,0,0,"- ","- ",35.396659851074219,-119.04483032226562,KERN,UNINCORPORATED,-119.04486846923828,35.396656036376953
91069575,2019,2019-09-06,9426,2019-08-24,0957,014887,,6,1,9,1500,0,1,1,,2,504,"INTERSTATE 5 (SOUTHBOUND)","STATE ROUTE 58",9504.00,S,N,A,-,Y,,,5,,,,,,,Y,1,2,4,1,A,-,08,22107,,N,F,A,A,A,H,-,A,D,0,,,,,Y,,A,07,1,2,1,0,0,0,0,0,0,"- ","- ",35.381080627441406,-119.37323760986328,KERN,UNINCORPORATED,-119.37315368652344,35.381198883056641
91069875,2019,2019-09-09,9420,2019-08-30,2120,021133,,5,2,9,1500,0,2,4,,1,075,"S. UNION AVENUE","PLANZ ROAD",500.00,N,N,A,-,N,,,,,,,,,,N,4,0,1,2,D,-,00,,,N,G,B,E,A,H,-,D,D,0,Y,,,,Y,,-,"- ",0,0,1,0,1,0,0,0,0,"- ","- ",35.326389312744141,-119.00296783447266,KERN,UNINCORPORATED,-119.00311279296875,35.326290130615234
91069974,2019,2019-09-09,9420,2019-08-29,1904,019442,,4,2,9,1500,0,3,5,,2,530,"7TH STANDARD RD.","COFFEE RD.",13.00,W,N,A,-,N,,,,,,,,,,Y,4,0,2,2,A,-,12,21453,A,N,D,C,A,A,H,-,B,A,0,,,,,Y,,A,01,0,0,2,0,0,0,0,0,0,"- ","- ",35.442340850830078,-119.09262084960938,KERN,UNINCORPORATED,-119.09223175048828,35.441421508789062
9107027,2020,2020-11-24,1500,2020-09-03,1500,202381,WA02,4,5,3,1510,0,0,0,,0,4401,"RT 43","JACKSON AV",0.00,,Y,A,-,Y,KER,6,43,-,R,23.200,H,-,N,Y,3,0,1,2,A,-,03,22350,,N,C,C,A,A,H,-,A,A,0,,,,,Y,,A,01,0,1,0,0,0,0,0,0,0,"- ","- ",,,KERN,WASCO,-119.33408355712891,35.573574066162109
91070312,2019,2019-09-09,9420,2019-09-02,1640,020402,,1,2,6,1502,0,1,3,,2,093,"SR-99 S/B","OLIVE DRIVE",600.00,S,N,A,-,Y,,,,,,,,,,Y,4,0,1,3,A,-,03,22350,,N,C,C,A,A,H,-,A,D,0,,,,,Y,,A,07,0,0,1,0,0,0,0,0,0,"- ","- ",35.409488677978516,-119.05203247070312,KERN,BAKERSFIELD,,
91070504,2019,2019-09-09,9420,2019-09-03,0354,021144,,2,3,6,1502,0,1,3,,2,584,"SR-58 E/B FROM UNION AVE.","UNION AVE.",345.00,E,N,A,-,Y,,,,,,,,,,Y,2,0,1,1,A,-,08,22107,,N,E,I,A,A,D,-,C,D,0,,,,,Y,,E,22,1,0,0,0,0,0,0,0,0,"- ","- ",35.352188110351562,-118.00157928466797,KERN,BAKERSFIELD,,
91070531,2019,2019-09-09,9420,2019-08-31,1910,021402,,6,2,9,1500,0,2,4,,1,071,"MOUNT VERNON AVENUE","QUINCY STREET",0.00,,Y,A,-,N,,,,,,,,,,Y,3,0,3,2,A,-,12,21453,A,N,D,C,A,A,H,-,B,A,0,,,,,Y,,D,22,0,1,2,0,0,0,0,0,0,"- ","- ",35.379798889160156,-118.96734619140625,KERN,UNINCORPORATED,-118.96755218505859,35.37982177734375
91070548,2019,2019-09-09,9420,2019-09-05,1849,019442,,4,2,9,1500,0,1,3,,2,154,SR-155,"QUINN RD.",500.00,E,N,A,-,Y,,,155,,,,,,,N,3,0,1,2,A,-,06,21750,,N,H,G,A,A,H,-,A,D,0,,Y,,,Y,,D,22,0,1,0,0,0,0,1,0,0,"- ","- ",35.761959075927734,-119.07940673828125,KERN,UNINCORPORATED,-119.07940673828125,35.761955261230469
91071083,2019,2019-10-21,9830,2019-09-07,1820,021751,,6,2,9,1500,0,3,5,,2,003,"20TH STREET WEST","COLLEEN DR",107.00,S,N,A,-,N,,,,,,,,,,Y,3,0,3,2,A,-,06,21750,A,N,C,C,A,A,H,-,A,D,0,,,,,Y,,A,01,0,3,0,0,0,0,0,0,0,"- ","- ",34.842990875244141,-118.16694641113281,KERN,UNINCORPORATED,-118.16702270507812,34.843437194824219
9107114,2020,2020-11-24,1500,2020-08-14,0016,201596,WA02,5,5,3,1510,0,0,0,,0,4401,"RT 46","RT 43",0.00,,Y,A,-,Y,KER,6,43,-,-,25.187,I,5,S,Y,3,0,3,2,A,-,09,21804,,N,D,C,A,A,H,-,C,A,0,,,,,Y,,-,,0,1,2,0,0,0,0,0,0,"- ","- ",,,KERN,WASCO,-119.33368682861328,35.601535797119141
91071555,2019,2019-09-10,9830,2019-09-07,1152,017237,,6,1,9,1500,0,3,5,,2,001,"PELLISER RD.","GIRAUDO RD.",3696.00,S,N,A,-,N,,,,,,,,,,Y,3,0,1,2,A,-,08,22107,,N,E,I,A,A,H,-,A,D,0,,,,,Y,,M,46,0,1,0,0,0,0,0,0,0,"- ","- ",35.113418579101562,-118.60189819335938,KERN,UNINCORPORATED,-118.60189056396484,35.113323211669922
91072040,2019,2019-09-11,9420,2019-08-31,0830,017301,,6,1,9,1500,0,1,3,,2,223,SR-223,"COSTAJO RD",0.00,,Y,A,-,Y,,,223,,,,,,,Y,3,0,1,1,A,-,01,23152,A,M,E,I,A,A,H,-,A,A,0,,,,,Y,Y,D,22,0,1,0,0,0,0,0,0,0,"- ","- ",35.208518981933594,-119.01190185546875,KERN,UNINCORPORATED,-119.01189422607422,35.208564758300781
91072051,2019,2019-09-11,9420,2019-09-07,1415,020634,,6,2,9,1500,0,2,4,,1,064,"OLIVE DR.","AIRPORT DR.",0.00,,Y,A,-,N,,,,,,,,,,Y,4,0,1,2,D,-,00,,,N,D,C,A,A,H,-,A,A,0,,,,,Y,,-,"- ",0,0,1,0,0,0,0,0,0,"- ","- ",35.412300109863281,-119.03910064697266,KERN,UNINCORPORATED,-119.03909301757812,35.412269592285156
91072362,2019,2019-09-11,9420,2019-09-05,1211,015801,,4,1,9,1500,0,3,5,,2,050,"PINE MEADOW DRIVE","MERLE HAGGARD DRIVE",0.00,,Y,A,-,N,,,,,,,,,,Y,3,0,3,2,A,-,09,21802,A,N,D,C,A,A,H,-,A,D,0,,,,,Y,,A,01,0,2,1,0,0,0,0,0,0,"- ","- ",35.441089630126953,-119.03540802001953,KERN,UNINCORPORATED,-119.0351,35.44115
91072394,2019,2019-09-11,9420,2019-09-08,0737,016153,,7,1,6,1502,0,1,3,,2,094,"SR-99 N/B","MING AVE. O/C",1584.00,N,N,A,-,Y,,,99,,,,,,N,Y,3,0,1,3,A,-,08,22107,,N,E,C,A,A,H,-,A,D,0,,,,Y,Y,,A,01,0,1,0,0,0,0,0,0,0,"- ","- ",35.343700408935547,-119.03939056396484,KERN,BAKERSFIELD,-119.03944396972656,35.343700408935547
91072425,2019,2019-09-11,9420,2019-09-09,1450,020782,,1,2,9,1500,0,3,5,,2,672,"SPERRY STREET","FARREL DRIVE",0.00,,Y,A,-,N,,,,,,,,,,N,4,0,1,1,A,-,03,22350,,N,E,I,A,A,H,-,A,D,0,,,,,Y,,A,01,0,0,1,0,0,0,0,0,0,"- ","- ",35.304290771484375,-118.99192810058594,KERN,UNINCORPORATED,-118.99165344238281,35.304080963134766
91072489,2019,2019-09-16,9430,2019-08-23,2115,017153,,5,2,9,1500,0,1,1,,2,054,"I-5 N/B","GRAPEVINE RD",200.00,N,N,A,-,Y,,,,,,,,,,Y,3,0,1,2,A,-,03,22350,,N,C,C,A,A,H,-,D,D,0,,,,Y,Y,,G,25,0,1,0,0,0,0,0,0,0,"- ","- ",34.562370300292969,-118.5548095703125,KERN,UNINCORPORATED,-118.93001556396484,34.93975830078125