CASE_ID,ACCIDENT_YEAR,PROC_DATE,JURIS,COLLISION_DATE,COLLISION_TIME,OFFICER_ID,REPORTING_DISTRICT,DAY_OF_WEEK,CHP_SHIFT,POPULATION,CNTY_CITY_LOC,SPECIAL_COND,BEAT_TYPE,CHP_BEAT_TYPE,CITY_DIVISION_LAPD,CHP_BEAT_CLASS,BEAT_NUMBER,PRIMARY_RD,SECONDARY_RD,DISTANCE,DIRECTION,INTERSECTION,WEATHER_1,WEATHER_2,STATE_HWY_IND,CALTRANS_COUNTY,CALTRANS_DISTRICT,STATE_ROUTE,ROUTE_SUFFIX,POSTMILE_PREFIX,POSTMILE,LOCATION_TYPE,RAMP_INTERSECTION,SIDE_OF_HWY,TOW_AWAY,COLLISION_SEVERITY,NUMBER_KILLED,NUMBER_INJURED,PARTY_COUNT,PRIMARY_COLL_FACTOR,PCF_CODE_OF_VIOL,PCF_VIOL_CATEGORY,PCF_VIOLATION,PCF_VIOL_SUBSECTION,HIT_AND_RUN,TYPE_OF_COLLISION,MVIW,PED_ACTION,ROAD_SURFACE,ROAD_COND_1,ROAD_COND_2,LIGHTING,CONTROL_DEVICE,CHP_ROAD_TYPE,PEDESTRIAN_ACCIDENT,BICYCLE_ACCIDENT,MOTORCYCLE_ACCIDENT,TRUCK_ACCIDENT,NOT_PRIVATE_PROPERTY,ALCOHOL_INVOLVED,STWD_VEHTYPE_AT_FAULT,CHP_VEHTYPE_AT_FAULT,COUNT_SEVERE_INJ,COUNT_VISIBLE_INJ,COUNT_COMPLAINT_PAIN,COUNT_PED_KILLED,COUNT_PED_INJURED,COUNT_BICYCLIST_KILLED,COUNT_BICYCLIST_INJURED,COUNT_MC_KILLED,COUNT_MC_INJURED,PRIMARY_RAMP,SECONDARY_RAMP,LATITUDE,LONGITUDE,COUNTY,CITY,POINT_X,POINT_Y
91092116,2019,2019-10-07,9830,2019-09-27,0745,018758,,5,1,9,1500,0,3,5,,2,001,"TEHACHAPI WILLOW SPRINGS RD","OAK CREEK RD",228.00,N,N,A,-,N,,,,,,,,,,Y,2,0,1,1,A,-,08,22107,,N,E,I,A,A,H,-,A,D,0,,,,,Y,,D,22,1,0,0,0,0,0,0,0,0,"- ","- ",35.050010681152344,-118.35491943359375,KERN,UNINCORPORATED,-118.36011505126953,35.052558898925781
91092369,2019,2019-10-08,9420,2019-09-29,1855,020402,,7,2,9,1500,0,3,5,,2,060,"VERDUGO LANE","MEACHAM ROAD",0.00,,Y,A,-,N,,,,,,,,,,Y,2,0,2,2,A,-,01,23152,A,N,D,C,A,A,H,-,B,A,0,,,,,Y,Y,A,01,2,0,0,0,0,0,0,0,0,"- ","- ",35.390708923339844,-119.11892700195312,KERN,UNINCORPORATED,-119.11897277832031,35.390708923339844
91092390,2019,2019-10-08,9420,2019-09-29,1835,020573,,7,2,9,1500,0,3,5,,2,672,"MULLER RD.","S. FAIRFAX RD.",100.00,W,N,A,-,N,,,,,,,,,,Y,3,0,1,1,A,-,01,23152,A,N,E,I,A,A,H,-,A,D,0,,,,,Y,Y,A,07,0,1,0,0,0,0,0,0,0,"- ","- ",35.325119018554688,-118.93244934082031,KERN,UNINCORPORATED,-118.93238830566406,35.325187683105469
91092506,2019,2019-10-08,9420,2019-09-25,2210,019140,,3,3,9,1500,0,3,5,,2,060,"FRUITVALE AVENUE","DOWNING AVENUE",0.00,,Y,A,-,N,,,,,,,,,,Y,4,0,1,2,A,-,01,23152,A,N,A,E,A,A,H,-,D,D,0,,,,,Y,Y,A,07,0,0,1,0,0,0,0,0,0,"- ","- ",35.390510559082031,-119.07431030273438,KERN,UNINCORPORATED,-119.07436370849609,35.390518188476562
91092524,2019,2019-10-08,9420,2019-09-29,1305,019316,,7,1,9,1500,0,2,4,,1,071,"MOUNT VERNON AVENUE","VIRGINIA AVENUE",0.00,,Y,A,-,N,,,,,,,,,,Y,4,0,1,2,A,-,12,21453,A,N,D,C,A,A,H,-,A,A,0,,,,,Y,,A,01,0,0,1,0,0,0,0,0,0,"- ","- ",35.361301422119141,-118.96769714355469,KERN,UNINCORPORATED,-118.96759796142578,35.361320495605469
91092550,2019,2019-10-08,9420,2019-09-30,0640,016613,,1,1,9,1500,0,1,3,,2,097,"SR-99 S/B",SR-223,50.00,N,N,A,-,Y,,,99,,,,,,S,Y,3,0,1,2,A,-,03,22350,,N,B,C,A,A,H,-,B,D,0,,,Y,,Y,,C,02,0,1,0,0,0,0,0,0,1,"- ","- ",35.212680816650391,-119.01109313964844,KERN,UNINCORPORATED,-119.01113891601562,35.212673187255859
91092572,2019,2019-10-08,9420,2019-10-02,0750,015801,,3,1,9,1500,0,2,4,,1,052,"ROBERTS LANE","SEQUOIA DRIVE",147.00,W,N,A,-,N,,,,,,,,,,Y,4,0,1,3,A,-,09,21801,A,N,D,C,A,A,H,-,A,D,0,,,,,Y,,D,22,0,0,1,0,0,0,0,0,0,"- ","- ",35.408699035644531,-119.03479766845703,KERN,UNINCORPORATED,-119.03461456298828,35.408618927001953
91092676,2019,2019-10-08,9420,2019-10-04,1250,016153,,5,1,6,1502,0,1,3,,2,092,"SR-99 N/B","CALIFORNIA AVE. U/C",1056.00,N,N,A,-,Y,,,99,,,,,,N,Y,3,0,1,2,A,-,03,22350,,N,C,C,A,A,D,E,A,D,0,,,,,Y,,A,01,0,1,0,0,0,0,0,0,0,"- ","- ",35.371791839599609,-119.04326629638672,KERN,BAKERSFIELD,-119.04328918457031,35.371784210205078
91092916,2019,2019-11-15,9830,2019-07-17,2027,020167,,3,2,9,1500,0,2,4,,1,034,"ROSAMOND BOULEVARD","45TH STREET WEST",406.00,W,N,A,-,N,,,,,,,,,,Y,1,1,0,2,A,-,11,21956,A,N,G,B,E,A,H,-,B,D,0,Y,,,,Y,Y,N,60,0,0,0,1,0,0,0,0,0,"- ","- ",34.863761901855469,-118.21282196044922,KERN,UNINCORPORATED,-118.21283721923828,34.863750457763672
91093052,2019,2019-10-08,9830,2019-09-28,0720,014518,,6,1,9,1500,0,3,5,,2,003,"AVENUE A","10TH ST. WEST",550.00,E,N,A,-,N,,,,,,,,,,Y,4,0,1,2,A,-,01,23152,A,N,C,E,A,A,G,-,A,D,0,,,,Y,Y,Y,A,01,0,0,1,0,0,0,0,0,0,"- ","- ",34.820850372314453,-118.14711761474609,KERN,UNINCORPORATED,-118.14701080322266,34.820755004882812
91093079,2019,2019-10-08,9420,2019-09-28,1408,021296,,6,2,9,1500,0,2,4,,1,075,"S. UNION AVE","ADAMS ST",10.00,S,N,A,-,N,,,,,,,,,,Y,4,0,1,3,A,-,03,22350,,M,C,C,A,A,H,-,A,D,0,,,,,Y,,D,22,0,0,1,0,0,0,0,0,0,"- ","- ",35.343479156494141,-119.00289916992188,KERN,UNINCORPORATED,-119.00311279296875,35.343582153320312
91093105,2019,2019-10-08,9420,2019-09-30,1140,017972,,1,1,9,1500,0,3,5,,2,550,"LERDO HWY","QUALITY RD",0.00,,Y,A,-,N,,,,,,,,,,Y,4,0,2,2,A,-,05,21752,D,N,B,C,A,A,H,-,A,D,0,,,,Y,Y,,A,07,0,0,2,0,0,0,0,0,0,"- ","- ",35.499641418457031,-119.11696624755859,KERN,UNINCORPORATED,-119.11695861816406,35.499610900878906
91093321,2019,2019-10-09,9420,2019-09-28,0235,019845,,6,3,9,1500,0,1,3,,2,091,"SR-99 S/B TO 7TH STANDARD ROAD","7TH STANDARD ROAD",1584.00,N,N,A,-,Y,,,99,,,,R,,S,Y,2,0,1,1,A,-,01,23152,A,N,E,I,A,A,H,-,C,D,0,,,,,Y,Y,D,22,1,0,0,0,0,0,0,0,0,"- ","- ",35.444400787353516,-119.09140014648438,KERN,UNINCORPORATED,-119.09140014648438,35.444400787353516
91093459,2019,2019-10-09,9426,2019-10-03,2300,016579,,4,3,9,1500,0,1,1,,2,504,"I-5 N/B","KERN RIVER UTILITY",1584.00,S,N,A,-,Y,,,5,,,,,,N,Y,2,0,4,2,A,-,03,22350,,N,C,C,A,A,H,-,D,D,0,,,,Y,Y,,G,25,1,2,1,0,0,0,0,0,0,"- ","- ",35.307689666748047,-119.26979827880859,KERN,UNINCORPORATED,-119.26979064941406,35.307697296142578
91093506,2019,2019-10-09,9420,2019-10-05,1650,020163,,6,2,9,1500,0,3,5,,2,610,"BELLE TERRACE","S. OLEANDER AVE",0.00,,Y,A,-,N,,,,,,,,,,Y,4,0,1,2,A,-,09,21802,A,N,D,C,A,A,H,-,A,A,0,,,,,Y,,A,01,0,0,1,0,0,0,0,0,0,"- ","- ",35.346759796142578,-119.02562713623047,KERN,UNINCORPORATED,-119.02559661865234,35.346691131591797
91093532,2019,2019-10-09,9426,2019-10-07,0736,016780,,1,1,9,1500,0,1,1,,2,504,"I-5 N/B",SR-119,4224.00,S,N,A,-,Y,,,5,,,,,,N,Y,4,0,1,2,A,-,03,22350,,N,C,C,A,A,H,-,A,D,0,,,,,Y,,A,01,0,0,1,0,0,0,0,0,0,"- ","- ",35.257648468017578,-119.21417236328125,KERN,UNINCORPORATED,-119.21422576904297,35.257591247558594
91093559,2019,2019-10-09,9426,2019-10-07,0625,017321,,1,1,9,1500,0,3,5,,2,085,"7TH STANDARD RD","LOST HILLS ROAD",370.00,E,N,A,-,N,,,,,,,,,,Y,4,0,1,1,A,-,08,22107,,N,H,A,A,A,H,-,D,D,0,,,,,Y,,A,01,0,0,1,0,0,0,0,0,0,"- ","- ",35.44110107421875,-119.67690277099609,KERN,UNINCORPORATED,-119.68807220458984,35.441116333007812
91093591,2019,2019-10-09,9426,2019-10-08,0005,017281,,2,3,9,1500,0,1,1,,2,502,"I-5 N/B",SR-46,10032.00,S,N,A,-,Y,,,5,,,,,,N,Y,4,0,1,2,A,-,03,22350,,N,C,C,A,A,H,-,D,D,0,,,,Y,Y,,G,25,0,0,1,0,0,0,0,0,0,"- ","- ",35.591251373291016,-119.63127899169922,KERN,UNINCORPORATED,-119.63124847412109,35.591278076171875
91093615,2019,2019-10-09,9426,2019-10-08,0400,016953,,2,3,9,1500,0,1,3,,1,118,SR-119,"I-5 S/B",1460.00,W,N,A,-,Y,,,119,,,,,,,Y,3,0,1,2,A,-,09,21804,A,N,D,C,A,A,H,-,C,D,0,,,,Y,Y,,G,25,0,1,0,0,0,0,0,0,0,"- ","- ",35.267139434814453,-119.22991180419922,KERN,UNINCORPORATED,-119.22991180419922,35.267082214355469
91093971,2019,2019-10-09,9426,2019-10-01,1945,015472,,2,2,9,1500,0,1,3,,1,167,SR-166,"BASIC SCHOOL RD",23232.00,E,N,A,-,Y,,,,,,,,,,N,4,0,1,2,A,-,03,22350,,N,C,C,A,A,H,-,D,A,0,,,,,Y,,A,01,0,0,1,0,0,0,0,0,0,"- ","- ",35.052200317382812,-119.23429870605469,KERN,UNINCORPORATED,-119.23609924316406,35.058261871337891
91093981,2019,2019-10-09,9420,2019-10-02,0613,015259,,3,1,9,1500,0,3,5,,2,671,"TEJON HIGHWAY","MOUNTAIN VIEW ROAD",2640.00,N,N,A,-,N,,,,,,,,,,Y,3,0,2,2,A,-,03,22350,,N,C,C,A,A,H,-,D,D,0,,,,,Y,,D,22,0,1,1,0,0,0,0,0,0,"- ","- ",35.289581298828125,-118.82511138916016,KERN,UNINCORPORATED,-118.82498931884766,35.289161682128906
91094027,2019,2019-10-09,9420,2019-10-06,1230,021547,,7,1,9,1500,0,3,5,,2,320,"COLUMBUS AVE","ELK DRIVE",0.00,,Y,A,-,N,,,,,,,,,,N,3,0,1,2,A,-,11,21954,A,N,G,B,E,A,H,-,A,D,0,Y,,,,Y,,N,60,0,1,0,0,1,0,0,0,0,"- ","- ",35.588001251220703,-118.49118804931641,KERN,UNINCORPORATED,-118.49112701416016,35.58795166015625
91094382,2019,2019-10-10,9420,2019-09-14,0055,021480,,6,3,9,1500,0,2,4,,1,051,"DOUGLAS ST.","STOCKTON AVE",100.00,W,N,A,-,N,,,,,,,,,,Y,3,0,1,2,A,-,08,22107,,M,C,E,A,A,H,-,C,D,0,,,,,Y,,D,22,0,1,0,0,0,0,0,0,0,"- ","- ",35.426120758056641,-119.02517700195312,KERN,UNINCORPORATED,-119.02483367919922,35.426094055175781
91094399,2019,2019-10-10,9420,2019-10-05,1635,020782,,6,2,9,1500,0,1,3,,2,589,"SR-58 W/B","HART FLAT ROAD",7392.00,W,N,A,-,Y,,,58,,,,,,W,Y,4,0,2,2,A,-,08,22107,,N,B,E,A,A,H,-,A,D,0,,,,Y,Y,,F,26,0,0,2,0,0,0,0,0,0,"- ","- ",35.26361083984375,-118.63082885742188,KERN,UNINCORPORATED,-118.63083648681641,35.263828277587891
91094453,2019,2020-01-21,9420,2019-10-06,1740,020402,,7,2,9,1500,0,1,3,,2,583,"CALLOWAY DR","SLIKKER DRIVE",0.00,,Y,A,-,N,,,,,,,,,,Y,4,0,2,2,A,-,12,21453,A,N,D,C,A,A,H,-,B,A,0,,,,,Y,,A,01,0,0,2,0,0,0,0,0,0,"- ","- ",35.373359680175781,-119.10991668701172,KERN,UNINCORPORATED,-119.11009979248047,35.373291015625
91094532,2019,2019-10-10,9420,2019-10-07,1430,016978,,1,2,9,1500,0,1,3,,2,091,"SR-99 S/B","LERDO HIGHWAY",4752.00,S,N,A,-,Y,,,99,,,,,,S,Y,3,0,1,1,A,-,08,22107,,N,E,I,A,A,H,-,A,D,0,,,,,Y,,A,01,0,1,0,0,0,0,0,0,0,"- ","- ",35.484230041503906,-119.14424133300781,KERN,UNINCORPORATED,-119.14421081542969,35.484268188476562
91094714,2019,2019-10-10,9420,2019-07-09,2500,021547,,2,4,9,1500,0,1,3,,2,155,"STATE ROUTE 155","SENJAHO LANE",20.00,E,N,A,-,Y,,,155,,,,,,,N,1,1,0,1,C,-,18,,,N,F,A,A,A,H,-,A,D,0,,Y,,,Y,,-,"- ",0,0,0,0,0,1,0,0,0,"- ","- ",35.713909149169922,-118.48232269287109,KERN,UNINCORPORATED,-118.48225402832031,35.713951110839844
91094917,2019,2019-10-10,9420,2019-10-05,2115,020782,,6,2,9,1500,0,2,4,,1,075,"S. UNION AVENUE","WHITE LANE",100.00,S,N,A,-,N,,,,,,,,,,N,4,0,1,2,A,-,01,23152,A,N,C,C,A,A,H,-,C,A,0,,,,,Y,Y,A,01,0,0,1,0,0,0,0,0,0,"- ","- ",35.317188262939453,-119.00299835205078,KERN,UNINCORPORATED,-119.00312805175781,35.317474365234375
91095037,2019,2019-10-10,9420,2019-09-27,0940,015105,,5,1,9,1500,0,1,3,,2,091,"SR-99 S/B","LERDO HWY",13728.00,S,N,A,-,Y,,,99,,,,,,S,Y,4,0,1,2,A,-,03,22350,,N,C,C,A,A,H,-,A,A,0,,,,,Y,,D,22,0,0,1,0,0,0,0,0,0,"- ","- ",35.473941802978516,-119.13047790527344,KERN,UNINCORPORATED,-119.1304931640625,35.473926544189453
91095219,2019,2019-12-02,9420,2019-10-05,0228,020409,,6,3,9,1500,0,1,3,,2,094,"SR-99 NORTHBOUND","PANAMA LANE",800.00,N,N,A,-,Y,,,99,,,,,,N,Y,4,0,2,2,A,-,08,22107,,N,C,C,A,A,H,-,D,D,0,,,,Y,Y,,A,01,0,0,2,0,0,0,0,0,0,"- ","- ",35.300510406494141,-119.03153228759766,KERN,UNINCORPORATED,-119.03160095214844,35.300491333007812
91095348,2019,2019-10-11,9420,2019-10-07,0650,019184,,1,1,6,1502,0,1,3,,2,585,"SR-58 WB","COTTONWOOD RD.",700.00,E,N,A,-,Y,,,58,,,,,,W,Y,3,0,1,2,A,-,03,22350,,N,C,C,A,A,D,-,A,D,0,,,,,Y,,A,01,0,1,0,0,0,0,0,0,0,"- ","- ",35.352500915527344,-118.97850036621094,KERN,BAKERSFIELD,-118.97850036621094,35.352565765380859
91095395,2019,2019-10-11,9420,2019-10-08,1725,016978,,2,2,9,1500,0,3,5,,2,060,"STINE ROAD","BELLE TERRACE",80.00,S,N,A,-,N,,,,,,,,,,N,4,0,1,2,A,-,09,21801,A,N,D,C,A,A,H,-,A,D,0,,,,,Y,,A,01,0,0,1,0,0,0,0,0,0,"- ","- ",35.346488952636719,-119.04814910888672,KERN,UNINCORPORATED,-119.04800415039062,35.346569061279297
91095404,2019,2019-10-11,9420,2019-10-08,1554,020040,,2,2,9,1500,0,3,5,,2,672,"S. WHEELER RIDGE ROAD","VALPREDO AVENUE",2.00,N,N,A,-,N,,,,,,,,,,Y,4,0,1,2,A,-,05,21752,D,N,D,C,A,A,H,-,A,A,0,,,Y,,Y,,C,02,0,0,1,0,0,0,0,0,1,"- ","- ",35.074359893798828,-118.91737365722656,KERN,UNINCORPORATED,-118.91739654541016,35.074424743652344
91095601,2019,2019-10-11,9426,2019-10-04,0610,016162,,5,1,9,1500,0,1,1,,2,504,"I-5 S/B",SR-43,1584.00,N,N,A,-,Y,,,,,,,,,,Y,3,0,4,1,A,-,08,22107,,N,F,A,A,A,H,-,B,D,0,,,,,Y,,A,01,0,2,2,0,0,0,0,0,0,"- ","- ",35.289451599121094,-119.25245666503906,KERN,UNINCORPORATED,,
91095627,2019,2019-10-11,9426,2019-10-10,0730,014887,,4,1,9,1500,0,1,1,,2,502,"I-5 N/B",SR-46,2640.00,S,N,A,-,Y,,,5,,,,,,N,Y,4,0,1,1,A,-,08,22107,,N,F,A,A,A,H,-,A,D,0,,,,,Y,,A,01,0,0,1,0,0,0,0,0,0,"- ","- ",35.609169006347656,-119.64769744873047,KERN,UNINCORPORATED,-119.64776611328125,35.609119415283203
91095731,2019,2019-10-11,9430,2019-10-10,1320,017152,,4,1,9,1500,0,1,1,,2,053,"I-5 S/B","FORT TEJON ROAD",8448.00,N,N,A,-,Y,,,5,,,,,,S,Y,4,0,1,1,A,-,08,22107,,N,E,I,A,A,H,-,A,D,0,,,,,Y,,A,01,0,0,1,0,0,0,0,0,0,"- ","- ",34.890350341796875,-118.91407012939453,KERN,UNINCORPORATED,-118.91400909423828,34.890499114990234
91095736,2019,2019-10-21,9420,2019-10-03,1456,014811,,4,2,6,1502,0,2,S,,2,901,"NILES STREET","BEALE AVENUE",0.00,,Y,A,-,N,,,,,,,,,,Y,4,0,1,2,A,-,12,21453,A,M,D,C,A,A,D,-,A,A,0,,,,,Y,,A,01,0,0,1,0,0,0,0,0,0,"- ","- ",35.381278991699219,-118.988037109375,KERN,BAKERSFIELD,-118.98800659179688,35.381301879882812
91095742,2019,2019-10-11,9420,2019-10-01,1810,019531,,2,2,9,1500,0,1,3,,2,585,"SR-58 WESTBOUND (W/B)","OSWELL STREET",1200.00,E,N,A,-,Y,,,58,,,,,,W,Y,2,0,1,2,A,-,03,22350,,N,C,C,A,A,D,-,B,D,0,,,,Y,Y,,A,08,1,0,0,0,0,0,0,0,0,"- ","- ",35.352390289306641,-118.94550323486328,KERN,UNINCORPORATED,-118.94550323486328,35.352405548095703
91095780,2019,2019-10-31,9426,2019-10-01,1812,019592,,2,2,9,1500,0,3,5,,2,082,"7TH STANDARD RD","SCARONI AVE",3854.00,W,N,A,-,N,,,,,,,,,,Y,2,0,1,4,A,-,01,23152,F,N,B,C,A,A,H,-,A,D,0,,,,Y,Y,,G,25,1,0,0,0,0,0,0,0,0,"- ","- ",35.441928863525391,-119.32746124267578,KERN,UNINCORPORATED,-119.32742309570312,35.441932678222656
91095950,2019,2019-10-14,9420,2019-10-04,2230,019903,,5,3,9,1500,0,3,5,,2,040,"RIVER BLVD","GOODMAN STREET",70.00,S,N,A,-,N,,,,,,,,,,Y,4,0,1,2,A,-,09,21804,A,M,B,C,A,A,H,-,C,D,0,,,,,Y,,A,01,0,0,1,0,0,0,0,0,0,"- ","- ",35.392070770263672,-119.98509216308594,KERN,UNINCORPORATED,-118.98516845703125,35.392177581787109
91095951,2019,2019-10-14,9420,2019-10-05,1700,019531,,6,2,6,1502,0,1,3,,2,095,"SR-99 SOUTHBOUND (S/B)","MONA WAY",125.00,N,N,A,-,Y,,,99,,,,,,S,Y,4,0,4,2,A,-,03,22350,,N,C,C,A,A,D,-,A,D,0,,,,,Y,,A,07,0,0,4,0,0,0,0,0,0,"- ","- ",35.348461151123047,-119.03974151611328,KERN,BAKERSFIELD,-119.03965759277344,35.348461151123047
91096186,2019,2019-10-14,9420,2019-09-27,2252,019845,,5,3,4,1503,0,1,3,,2,091,"SR-99 (SOUTHBOUND)","POND ROAD",2640.00,N,N,A,-,Y,,,99,,,,,,,Y,3,0,1,2,A,-,03,22350,,F,C,C,A,A,H,-,C,D,0,,,Y,,Y,,-,99,0,1,0,0,0,0,0,0,1,"- ","- ",35.727020263671875,-119.23874664306641,KERN,DELANO,-119.23869323730469,35.727031707763672
91096194,2019,2019-10-14,9420,2019-10-06,2310,021144,,7,3,9,1500,0,1,3,,2,090,"SR-99 N/B","WOOLLOMES AVE.",3960.00,S,N,A,-,Y,,,,,,,,,,Y,3,0,1,1,A,-,01,23152,A,N,E,I,A,A,H,-,C,D,0,,,,,Y,Y,A,01,0,1,0,0,0,0,0,0,0,"- ","- ",35.736228942871094,-119.24057006835938,KERN,UNINCORPORATED,-119.24062347412109,35.736335754394531
91096200,2019,2019-10-14,9420,2019-10-06,0431,021915,,7,3,9,1500,0,2,4,,2,021,"SIERRA WAY","PATTERSON LN",2640.00,N,N,A,-,N,,,,,,,,,,Y,4,0,2,1,A,-,08,22107,,N,E,I,A,A,H,-,D,D,0,,,,,Y,,A,01,0,0,2,0,0,0,0,0,0,"- ","- ",35.681610107421875,-118.37798309326172,KERN,UNINCORPORATED,-118.15955352783203,34.842506408691406
91096260,2019,2019-10-14,9420,2019-10-04,1529,019442,,5,2,9,1500,0,1,3,,2,091,"SR-99 S/B","KIMBERLINA RD.",80.00,S,N,A,-,Y,,,,,,,,,,N,4,0,1,2,A,-,07,21658,A,N,B,C,A,A,H,-,A,D,0,,,,Y,Y,,F,25,0,0,1,0,0,0,0,0,0,"- ","- ",35.628059387207031,-119.36727905273438,KERN,UNINCORPORATED,,
91096271,2019,2019-10-14,9830,2019-10-06,0505,021632,,7,3,9,1500,0,1,3,,1,031,"STATE ROUTE 14","PURDY AVENUE",5000.00,S,N,A,-,Y,,,14,,,,,,,Y,4,0,1,1,A,-,08,22107,,N,E,I,A,A,H,-,D,D,0,,,,,Y,,A,01,0,0,1,0,0,0,0,0,0,"- ","- ",35.011550903320312,-118.16087341308594,KERN,UNINCORPORATED,-118.16139221191406,35.011371612548828
91096413,2019,2019-10-14,9430,2019-10-09,1635,020504,,3,2,9,1500,0,3,5,,2,004,"INDUSTRIAL PKWY DR","TEJON INDUSTRIAL DR",1240.00,E,N,A,-,N,,,,,,,,,,Y,2,0,2,2,A,-,09,21804,A,N,D,C,A,A,H,-,A,D,0,,,,,Y,,M,96,1,0,1,0,0,0,0,0,0,"- ","- ",34.977008819580078,-118.94809722900391,KERN,UNINCORPORATED,-118.94837951660156,34.977100372314453
91096490,2019,2019-10-14,9420,2019-10-07,0515,021134,,1,3,9,1500,0,1,3,,1,184,SR-184,"PIONEER DR",0.00,,Y,A,-,Y,,,184,,,,,,,Y,4,0,2,2,D,-,00,,,N,A,C,A,A,H,-,C,A,0,,,,,Y,,-,"- ",0,0,2,0,0,0,0,0,0,"- ","- ",35.368930816650391,-118.91420745849609,KERN,UNINCORPORATED,-118.91423797607422,35.368930816650391
91096529,2019,2019-10-14,9830,2019-10-06,1540,020866,,7,2,9,1500,0,3,5,,2,004,"REDROCK RANDSBURG RD","CANTIL RD",8448.00,E,N,A,-,N,,,,,,,,,,Y,3,0,3,1,A,-,08,22107,,N,F,A,A,A,H,-,A,D,0,,,,,Y,,A,01,0,2,1,0,0,0,0,0,0,"- ","- ",35.338871002197266,-117.94203186035156,KERN,UNINCORPORATED,-117.94209289550781,35.338832855224609
91096552,2019,2019-10-14,9420,2019-10-07,1725,019098,,1,2,9,1500,0,1,3,,2,093,"SR-99 S/B","CALIFORNIA AVENUE",1056.00,S,N,A,-,Y,,,,,,,,,,N,4,0,2,3,A,-,04,21703,,N,C,C,A,A,D,E,A,D,0,,,,,Y,,A,07,0,0,2,0,0,0,0,0,0,"- ","- ",35.365180969238281,-119.04055023193359,KERN,UNINCORPORATED,,
91096584,2019,2019-10-14,9420,2019-10-08,0745,016767,,2,1,9,1500,0,3,5,,2,070,"CENTER STREET","PLAZA STREET",235.00,E,N,A,-,N,,,,,,,,,,N,3,0,3,2,A,-,09,21801,A,N,D,C,A,A,H,-,A,D,0,,,,,Y,,A,01,0,3,0,0,0,0,0,0,0,"- ","- ",35.372299194335938,-118.94740295410156,KERN,UNINCORPORATED,-118.94779968261719,35.372287750244141
91096625,2019,2019-10-14,9830,2019-10-08,1030,018450,,2,1,9,1500,0,3,5,,2,003,"TEHACHAPI WILLOW SPRINGS ROAD","BACKUS ROAD",0.00,,Y,A,-,N,,,,,,,,,,Y,3,0,2,2,A,-,03,22350,,N,B,C,A,A,H,-,A,A,0,,,,,Y,,A,01,0,2,0,0,0,0,0,0,0,"- ","- ",34.950641632080078,-118.29170989990234,KERN,UNINCORPORATED,-118.29174,34.950879999999998
91096727,2019,2019-10-14,9830,2019-10-02,1754,017064,,3,2,9,1500,0,3,5,,2,003,"172ND STREET WEST","STARBUCK AVENUE",21.00,N,N,A,-,N,,,,,,,,,,Y,3,0,2,1,A,-,03,22350,,M,E,I,A,A,H,-,A,D,0,,,,,Y,,D,22,0,1,1,0,0,0,0,0,0,"- ","- ",34.886310577392578,-118.43640899658203,KERN,UNINCORPORATED,-118.43639373779297,34.88629150390625
91096894,2019,2019-10-14,9420,2019-10-09,0751,015801,,3,1,9,1500,0,2,4,,1,052,"NORRIS ROAD","SEQUOIA DRIVE",0.00,,Y,A,-,N,,,,,,,,,,Y,4,0,1,3,A,-,03,22350,,N,C,C,A,A,H,-,A,D,0,,,,,Y,,D,22,0,0,1,0,0,0,0,0,0,"- ","- ",35.419559478759766,-119.03443145751953,KERN,UNINCORPORATED,-119.03447723388672,35.419540405273438
91096942,2019,2019-10-14,9420,2019-10-09,0650,016767,,3,1,9,1500,0,3,5,,2,510,"POND ROAD","WALLACE ROAD",0.00,,Y,A,-,N,,,,,,,,,,N,3,0,1,3,A,-,09,21801,A,N,D,C,A,A,H,-,B,D,0,,,,,Y,,A,08,0,1,0,0,0,0,0,0,0,"- ","- ",35.717998504638672,-119.16940307617188,KERN,UNINCORPORATED,-119.16957092285156,35.717948913574219
91096951,2019,2019-10-14,9420,2019-10-09,2120,020782,,3,2,9,1500,0,3,5,,2,070,"HALEY STREET","KNOTTS STREET",0.00,,Y,A,-,N,,,,,,,,,,Y,4,0,2,2,A,-,03,22350,,N,C,C,A,A,H,-,C,D,0,,,,,Y,,A,01,0,0,2,0,0,0,0,0,0,"- ","- ",35.391178131103516,-118.97640228271484,KERN,UNINCORPORATED,-118.97633361816406,35.391170501708984
91096986,2019,2019-10-14,9420,2019-10-10,1255,016153,,4,1,9,1500,0,3,5,,2,060,"SNOW RD.","QUAILCREEK RD.",0.00,,Y,A,-,N,,,,,,,,,,Y,3,0,2,2,A,-,12,22450,A,N,D,C,A,A,H,-,A,A,0,,,,,Y,,A,01,0,1,1,0,0,0,0,0,0,"- ","- ",35.427021026611328,-119.10124206542969,KERN,UNINCORPORATED,-119.10114288330078,35.427009582519531