CASE_ID,ACCIDENT_YEAR,PROC_DATE,JURIS,COLLISION_DATE,COLLISION_TIME,OFFICER_ID,REPORTING_DISTRICT,DAY_OF_WEEK,CHP_SHIFT,POPULATION,CNTY_CITY_LOC,SPECIAL_COND,BEAT_TYPE,CHP_BEAT_TYPE,CITY_DIVISION_LAPD,CHP_BEAT_CLASS,BEAT_NUMBER,PRIMARY_RD,SECONDARY_RD,DISTANCE,DIRECTION,INTERSECTION,WEATHER_1,WEATHER_2,STATE_HWY_IND,CALTRANS_COUNTY,CALTRANS_DISTRICT,STATE_ROUTE,ROUTE_SUFFIX,POSTMILE_PREFIX,POSTMILE,LOCATION_TYPE,RAMP_INTERSECTION,SIDE_OF_HWY,TOW_AWAY,COLLISION_SEVERITY,NUMBER_KILLED,NUMBER_INJURED,PARTY_COUNT,PRIMARY_COLL_FACTOR,PCF_CODE_OF_VIOL,PCF_VIOL_CATEGORY,PCF_VIOLATION,PCF_VIOL_SUBSECTION,HIT_AND_RUN,TYPE_OF_COLLISION,MVIW,PED_ACTION,ROAD_SURFACE,ROAD_COND_1,ROAD_COND_2,LIGHTING,CONTROL_DEVICE,CHP_ROAD_TYPE,PEDESTRIAN_ACCIDENT,BICYCLE_ACCIDENT,MOTORCYCLE_ACCIDENT,TRUCK_ACCIDENT,NOT_PRIVATE_PROPERTY,ALCOHOL_INVOLVED,STWD_VEHTYPE_AT_FAULT,CHP_VEHTYPE_AT_FAULT,COUNT_SEVERE_INJ,COUNT_VISIBLE_INJ,COUNT_COMPLAINT_PAIN,COUNT_PED_KILLED,COUNT_PED_INJURED,COUNT_BICYCLIST_KILLED,COUNT_BICYCLIST_INJURED,COUNT_MC_KILLED,COUNT_MC_INJURED,PRIMARY_RAMP,SECONDARY_RAMP,LATITUDE,LONGITUDE,COUNTY,CITY,POINT_X,POINT_Y
91205589,2020,2020-03-12,9420,2020-03-09,1545,018445,,1,2,9,1500,0,2,4,,1,064,"OLIVE DRIVE","ROBERTS LANE",1018.00,E,N,A,-,N,,,,,,,,,,Y,4,0,2,2,A,-,08,22107,,N,A,C,A,A,H,-,A,D,0,,,,,Y,,A,07,0,0,2,0,0,0,0,0,0,"- ","- ",35.411991119384766,-119.04631042480469,KERN,UNINCORPORATED,-119.04519653320312,35.412303924560547
91205629,2020,2020-03-10,9830,2020-03-08,0605,017237,,7,1,9,1500,0,1,3,,2,010,"SR-58 EASTBOUND","BROOME RD",10560.00,E,N,A,-,Y,,,58,,,,,,E,Y,3,0,1,1,A,-,08,22107,,N,F,A,A,A,H,-,D,D,0,,,Y,,Y,,C,02,0,1,0,0,0,0,0,0,1,"- ","- ",35.181690216064453,-118.49330902099609,KERN,UNINCORPORATED,-118.49330139160156,35.181755065917969
91205659,2020,2020-03-10,9426,2020-03-09,0550,016780,,1,3,9,1500,0,1,3,,1,118,"SR-119 W/B","INTERSTATE 5",1056.00,W,N,A,-,Y,,,119,,,,,,W,Y,3,0,1,2,A,-,09,21804,A,N,D,C,A,A,H,-,C,A,0,,,,,Y,,A,01,0,1,0,0,0,0,0,0,0,"- ","- ",35.267070770263672,-119.22898864746094,KERN,UNINCORPORATED,-119.22898864746094,35.267082214355469
91205685,2020,2020-03-10,9420,2020-03-09,1540,014811,,1,2,6,1502,0,1,3,,2,092,"SR-99 N/B","SR-58 (ROSEDALE HWY)",3208.00,N,N,A,-,Y,,,99,,,,,,N,Y,3,0,2,3,A,-,03,22350,,N,C,C,A,A,H,-,A,D,0,,,,,Y,,A,01,0,1,1,0,0,0,0,0,0,"- ","- ",35.392139434814453,-119.04482269287109,KERN,BAKERSFIELD,-119.04452514648438,35.392143249511719
91205877,2020,2020-03-11,9420,2020-03-04,0130,019021,,3,3,6,1502,0,1,3,,2,178,"SR-178 E/B","BAKER ST. OVERCROSSING EAST EDGE",10.00,W,N,A,-,Y,,,178,,,,,,E,Y,3,0,1,1,A,-,01,23152,A,N,E,I,A,A,H,-,D,D,0,,,,,Y,Y,A,01,0,1,0,0,0,0,0,0,0,"- ","- ",35.384880065917969,-118.99002075195312,KERN,BAKERSFIELD,-118.99003601074219,35.384937286376953
91205880,2020,2020-03-11,9420,2020-03-05,1310,015105,,4,1,9,1500,0,3,5,,2,510,"CECIL AVE.","WALLACE RD.",500.00,E,N,A,-,N,,,,,,,,,,Y,2,0,2,2,A,-,08,22107,,N,D,C,A,A,H,-,A,D,0,,,,,Y,,A,07,1,1,0,0,0,0,0,0,0,"- ","- ",35.7760009765625,-119.1676025390625,KERN,UNINCORPORATED,-119.16797637939453,35.775981903076172
91205894,2020,2020-03-11,9830,2020-03-03,0130,021751,,2,3,9,1500,0,1,3,,2,014,"STATE ROUTE 58 WESTBOUND","CAMERON CANYON RD",5280.00,E,N,A,-,Y,,,,,,,,,,Y,4,0,1,1,A,-,08,22107,,N,E,I,A,A,H,-,D,D,0,,,,,Y,,A,01,0,0,1,0,0,0,0,0,0,"- ","- ",34.104591369628906,-118.27120971679688,KERN,UNINCORPORATED,,
91205968,2020,2020-03-11,9420,2020-03-05,1755,021260,,4,2,6,1502,0,1,3,,2,585,"SR-58 W/B TO SR-99 N/B","STOCKDALE HIGHWAY",528.00,N,N,A,-,Y,,,,,,,,,,Y,4,0,1,2,A,-,06,21755,,N,B,C,A,A,H,-,C,D,0,,,,Y,Y,,A,01,0,0,1,0,0,0,0,0,0,"- ","- ",35.355861663818359,-119.03923034667969,KERN,BAKERSFIELD,,
91206048,2020,2020-03-11,9830,2020-03-04,1947,020655,,3,2,9,1500,0,1,3,,1,020,"SIERRA HWY","OAK CREEK RD",563.00,S,N,A,-,N,,,,,,,,,,N,4,0,1,2,A,-,11,21954,A,N,G,B,E,A,H,-,D,D,0,Y,,,,Y,,N,60,0,0,1,0,1,0,0,0,0,"- ","- ",35.060199737548828,-118.17606353759766,KERN,UNINCORPORATED,-118.17520904541016,35.057109832763672
91206421,2020,2020-03-11,9420,2020-03-02,1055,017301,,1,1,9,1500,0,2,4,,1,077,"SOUTH FAIRFAX ROAD","EAST PANAMA LANE",0.00,,Y,A,-,N,,,,,,,,,,Y,4,0,2,2,A,-,09,21800,A,N,D,C,A,A,H,-,A,A,0,,,,,Y,,A,07,0,0,2,0,0,0,0,0,0,"- ","- ",35.295989990234375,-118.93213653564453,KERN,UNINCORPORATED,-118.93206024169922,35.295989990234375
91206763,2020,2020-03-12,9420,2020-03-02,1230,017301,,1,1,9,1500,0,3,5,,2,672,"CALIENTE CREEK ROAD","CALIENTE BODFISH ROAD",17424.00,E,N,A,-,N,,,,,,,,,,Y,2,0,2,1,A,-,01,23152,A,N,E,J,A,A,H,-,A,D,0,,,,,Y,Y,A,07,1,1,0,0,0,0,0,0,0,"- ","- ",35.312400817871094,-118.50289154052734,KERN,UNINCORPORATED,-118.583740234375,35.3048095703125
91206933,2020,2020-03-12,9420,2020-03-06,2330,019845,,5,3,9,1500,0,2,4,,1,064,"OLIVE DRIVE","URNER STREET",155.00,W,N,A,-,N,,,,,,,,,,Y,4,0,2,3,A,-,08,22107,,N,C,E,A,A,H,-,C,D,0,,,,,Y,,A,01,0,0,2,0,0,0,0,0,0,"- ","- ",35.412528991699219,-119.08747100830078,KERN,UNINCORPORATED,-119.08740234375,35.412384033203125
91207066,2020,2020-03-12,9420,2020-03-03,0838,017295,,2,1,9,1500,0,2,4,,1,077,"FAIRFAX ROAD","AZALEA AVENUE",28.00,S,N,A,-,N,,,,,,,,,,Y,4,0,1,2,A,-,03,22350,,N,B,C,A,A,H,-,A,D,0,,,,,Y,,A,01,0,0,1,0,0,0,0,0,0,"- ","- ",35.379978179931641,-118.93212127685547,KERN,UNINCORPORATED,-118.93205261230469,35.3800048828125
91207111,2020,2020-03-12,9420,2020-03-10,1719,016691,,2,2,9,1500,0,1,3,,1,176,"SR-178 E/B","24TH STREET UNDERCROSSING",108.00,W,N,B,C,Y,,,,,,,,,,Y,4,0,1,2,A,-,08,22107,,N,C,C,A,B,H,-,A,D,0,,,,,Y,,A,01,0,0,1,0,0,0,0,0,0,"- ","- ",35.380611419677734,-119.01294708251953,KERN,UNINCORPORATED,,
91207194,2020,2020-05-15,9420,2020-03-05,2025,016691,,4,2,9,1500,0,1,3,,2,096,"SR-99 N/B",SR-166,76.00,N,N,A,-,Y,,,99,,,,,,N,Y,3,0,1,3,A,-,03,22350,,N,C,C,A,A,D,H,D,D,0,,,,,Y,,A,01,0,1,0,0,0,0,0,0,0,"- ","- ",35.058040618896484,-118.96782684326172,KERN,UNINCORPORATED,-118.96784973144531,35.058032989501953
91207509,2020,2020-03-13,9420,2020-03-04,2100,021296,,3,2,6,1502,0,1,3,,1,176,"SR-178 W/B","M. ST",10.00,W,N,A,-,Y,,,178,,,,,,W,Y,3,0,1,1,A,-,01,23152,A,M,E,I,A,A,D,-,C,A,0,,,,,Y,Y,A,07,0,1,0,0,0,0,0,0,0,"- ","- ",35.381038665771484,-119.01509857177734,KERN,BAKERSFIELD,-119.01508331298828,35.381134033203125
91207621,2020,2020-03-13,9426,2020-03-06,1310,016162,,5,1,9,1500,0,1,3,,1,167,SR-166,"OLD RIVER RD",11088.00,W,N,A,-,Y,,,166,,,,,,,Y,4,0,2,2,A,-,08,22107,,N,D,C,A,A,H,-,A,D,0,,,,Y,Y,,G,25,0,0,2,0,0,0,0,0,0,"- ","- ",35.058708190917969,-119.17591857910156,KERN,UNINCORPORATED,-119.17591857910156,35.058551788330078
91207710,2020,2020-03-13,9420,2020-03-09,0800,015105,,1,1,9,1500,0,2,4,,1,052,"NORRIS RD.","MIGNONETTE ST.",0.00,,Y,A,-,N,,,,,,,,,,Y,4,0,1,1,C,-,18,,,N,E,I,A,A,H,-,A,A,0,,,,,Y,,-,"- ",0,0,1,0,0,0,0,0,0,"- ","- ",35.419391632080078,-119.07978820800781,KERN,UNINCORPORATED,-119.07967376708984,35.419681549072266
91207963,2020,2020-03-13,9426,2020-03-10,1630,019896,,2,2,9,1500,0,1,3,,2,331,SR-33,"DERBY AVE",2640.00,N,N,B,C,Y,,,33,,,,,,,Y,3,0,2,2,A,-,01,23152,A,N,B,C,A,B,H,-,A,D,0,,,,,Y,Y,D,22,0,1,1,0,0,0,0,0,0,"- ","- ",35.256389617919922,-119.60308074951172,KERN,UNINCORPORATED,-119.60312652587891,35.256355285644531
91208621,2020,2020-03-16,9420,2020-02-27,1040,018626,,4,1,6,1502,0,1,3,,2,092,"SR-99 NORTHBOUND","STOCKDALE HIGHWAY",700.00,N,N,A,-,Y,,,99,,,,,,N,Y,3,0,2,5,A,-,03,22350,,N,C,C,A,A,D,-,A,D,0,,,,,Y,,D,22,0,1,1,0,0,0,0,0,0,"- ","- ",35.3555908203125,-119.03936004638672,KERN,BAKERSFIELD,-119.03936767578125,35.3555908203125
91208683,2020,2020-03-16,9420,2020-02-29,0630,021140,,6,1,9,1500,0,2,4,,1,075,"S UNION AVENUE","WILSON ROAD",0.00,,Y,A,-,N,,,,,,,,,,Y,3,0,2,3,A,-,12,21453,A,F,D,C,A,A,H,-,A,A,0,,,,,Y,,A,01,0,1,1,0,0,0,0,0,0,"- ","- ",35.332218170166016,-119.00302124023438,KERN,UNINCORPORATED,-119.00311279296875,35.332180023193359
91208690,2020,2020-03-16,9420,2020-03-01,1935,021140,,7,2,9,1500,0,2,4,,1,072,"NILES STREET","ASH DRIVE",120.00,E,N,A,-,N,,,,,,,,,,N,3,0,1,2,A,-,11,21954,A,F,G,B,D,A,H,-,C,D,0,Y,,,,Y,,N,60,0,1,0,0,1,0,0,0,0,"- ","- ",35.376068115234375,-118.9659423828125,KERN,UNINCORPORATED,-118.96596527099609,35.376033782958984
91208699,2020,2020-03-16,9420,2020-03-08,1339,021296,,7,1,9,1500,0,1,3,,1,184,SR-184,"BRUNDAGE LANE",0.00,,Y,A,-,N,,,184,,,,,,,Y,3,0,2,2,A,-,09,21801,A,N,D,C,A,A,H,-,A,A,0,,,Y,,Y,,A,01,0,1,1,0,0,0,0,0,2,"- ","- ",35.354419708251953,-118.91419219970703,KERN,UNINCORPORATED,-118.91419219970703,35.354419708251953
91208700,2020,2020-03-16,9420,2020-03-09,2015,021308,,1,2,9,1500,0,3,5,,2,070,"PIONEER DR. (5000 BLOCK)","VALENCIA DR.",5.00,W,N,A,-,N,,,,,,,,,,Y,4,0,2,2,A,-,09,21801,A,N,A,C,A,A,H,-,C,D,0,,,,,Y,,D,22,0,0,2,0,0,0,0,0,0,"- ","- ",35.368881225585938,-118.92539215087891,KERN,UNINCORPORATED,-118.92534637451172,35.368858337402344
91208705,2020,2020-03-16,9420,2020-03-11,1455,020402,,3,2,9,1500,0,2,4,,1,051,"N. CHESTER AVE","ARVIN ST",0.00,,Y,B,-,N,,,,,,,,,,N,4,0,1,2,A,-,09,21453,C,N,D,C,A,A,H,-,A,A,0,,,,,Y,,A,01,0,0,1,0,0,0,0,0,0,"- ","- ",35.42327880859375,-119.02120971679688,KERN,UNINCORPORATED,-119.02129364013672,35.423198699951172
91208722,2020,2020-03-16,9830,2020-03-06,2010,019977,,5,2,9,1500,0,2,4,,1,026,"BUSINESS 58 EAST","K ST",17.00,E,N,A,-,Y,,,,,,,,,,N,2,0,1,2,A,-,08,22107,,N,D,G,A,A,H,-,D,D,0,,Y,,,Y,,L,04,1,0,0,0,0,0,1,0,0,"- ","- ",35.047489166259766,-118.17046356201172,KERN,UNINCORPORATED,,
91208750,2020,2020-03-16,9420,2020-03-04,1240,018387,,3,1,6,1502,0,1,3,,2,589,"SR-58 W/B","BEALEVILLE RD.",30.00,W,N,A,-,Y,,,,,,,,,,Y,3,0,1,2,A,-,08,22107,,N,B,C,A,A,H,-,A,D,0,,,,,Y,,A,01,0,1,0,0,0,0,0,0,0,"- ","- ",35.263839721679688,-118.63346099853516,KERN,BAKERSFIELD,,
91208791,2020,2020-03-16,9420,2020-03-07,1251,017972,,6,1,9,1500,0,2,4,,1,052,"NORRIS RD","CALIFORNIA ST",0.00,,Y,A,-,N,,,,,,,,,,Y,4,0,1,2,A,-,09,21802,A,N,D,C,A,A,H,-,A,A,0,,,,,Y,,A,01,0,0,1,0,0,0,0,0,0,"- ","- ",35.419521331787109,-119.02342987060547,KERN,UNINCORPORATED,-119.0234375,35.419509887695312
91209144,2020,2020-03-16,9420,2020-03-08,2024,018117,,7,2,9,1500,0,3,5,,2,510,"DRIVER RD",SR-155,0.00,,Y,A,-,Y,,,,,,,,,,Y,4,0,1,2,A,-,09,21802,A,N,D,C,A,A,H,-,D,A,0,,,,,Y,,A,01,0,0,1,0,0,0,0,0,0,"- ","- ",35.761371612548828,-119.20522308349609,KERN,UNINCORPORATED,-119.20525360107422,35.761379241943359
91209191,2020,2020-03-16,9420,2020-03-09,1600,021308,,1,2,9,1500,0,3,5,,2,040,"COLUMBUS ST. (200 BLOCK)","LOMA VERDE DR.",50.00,W,N,A,-,N,,,,,,,,,,Y,4,0,2,2,A,-,09,21804,A,N,D,C,A,A,H,-,A,D,0,,,,,Y,,A,01,0,0,2,0,0,0,0,0,0,"- ","- ",35.397468566894531,-118.99539947509766,KERN,UNINCORPORATED,-118.99539947509766,35.397468566894531
91209239,2020,2020-03-16,9420,2020-03-10,1600,014770,,2,2,9,1500,0,1,3,,2,090,"SR-99 N/B","LERDO HWY.",100.00,S,N,B,C,Y,,,99,,,,,,N,Y,4,0,3,3,A,-,03,22350,,N,C,C,A,B,H,-,A,D,0,,,,,Y,,-,99,0,0,3,0,0,0,0,0,0,"- ","- ",35.499500274658203,-119.16310119628906,KERN,UNINCORPORATED,-119.16307067871094,35.499534606933594
91209248,2020,2020-03-16,9420,2020-03-10,1750,020163,,2,2,9,1500,0,1,3,,2,092,SR-99,"STOCKDALE HWY. O/C",1056.00,N,N,C,-,Y,,,,,,,,,,Y,3,0,1,1,A,-,08,22107,,N,E,I,A,B,H,-,A,D,0,,,,,Y,,A,01,0,1,0,0,0,0,0,0,0,"- ","- ",35.357719421386719,-119.03990936279297,KERN,UNINCORPORATED,-119.03960418701172,35.357109069824219
91209547,2020,2020-03-17,9420,2020-03-04,0135,018932,,3,3,9,1500,0,1,3,,1,176,"SR-178 E/B","BAKER STREET",76.00,E,N,A,-,Y,,,,,,,,,,Y,2,0,3,4,A,-,03,22350,,N,D,E,E,A,C,-,D,D,0,Y,,,,Y,,A,01,2,0,1,0,1,0,0,0,0,"- ","- ",35.385200500488281,-119.98930358886719,KERN,UNINCORPORATED,-118.98973846435547,35.385047912597656
91209551,2020,2020-03-17,9420,2020-02-27,1750,017972,,4,2,6,1502,0,1,3,,2,092,"SR-99 N/B","PALM AVE",1280.00,S,N,A,-,Y,,,99,,,,,,N,Y,4,0,1,1,A,-,08,22107,,N,E,I,A,A,D,-,B,D,0,,,,,Y,,A,01,0,0,1,0,0,0,0,0,0,"- ","- ",35.353851318359375,-119.03945159912109,KERN,BAKERSFIELD,-119.03940582275391,35.353851318359375
91209557,2020,2020-03-17,9420,2020-03-05,1517,017243,,4,2,9,1500,0,3,5,,2,070,"EUCALYPTUS DR.","JANE ST.",0.00,,Y,A,-,N,,,,,,,,,,N,3,0,1,2,A,-,09,21800,A,N,D,C,A,A,H,-,A,D,0,,Y,,,Y,,L,04,0,1,0,0,0,0,1,0,0,"- ","- ",35.365211486816406,-118.93419647216797,KERN,UNINCORPORATED,-118.93419647216797,35.365161895751953
91209954,2020,2020-03-17,9420,2020-03-15,1100,018445,,7,1,9,1500,0,3,5,,2,610,"HARRIS ROAD","AKERS ROAD",5.00,E,N,A,-,N,,,,,,,,,,N,3,0,1,2,A,-,12,21453,A,F,G,B,B,A,H,-,A,A,0,Y,,,,Y,,-,99,0,1,0,0,1,0,0,0,0,"- ","- ",35.303550720214844,-119.0479736328125,KERN,UNINCORPORATED,-119.04777526855469,35.30316162109375
91209972,2020,2020-03-17,9420,2020-03-13,1625,021260,,5,2,9,1500,0,1,3,,2,093,"STATE ROUTE 99 SOUTHBOUND","STATE ROUTE 204",2640.00,N,N,A,-,Y,,,99,,,,,,S,Y,4,0,4,5,A,-,04,21703,,N,C,C,A,A,D,H,A,D,0,,,,,Y,,M,47,0,0,4,0,0,0,0,0,0,"- ","- ",35.405391693115234,-119.04730987548828,KERN,UNINCORPORATED,-119.04740142822266,35.405303955078125
91210165,2020,2020-03-17,9420,2020-03-14,1240,018807,,6,1,9,1500,0,2,4,,1,064,"OLIVE DRIVE","KNUDSEN DRIVE",148.00,E,N,A,-,N,,,,,,,,,,N,3,0,1,2,A,-,11,21954,A,N,G,B,D,A,H,-,A,D,0,Y,,,,Y,,N,60,0,1,0,0,1,0,0,0,0,"- ","- ",35.244400024414062,-119.3291015625,KERN,UNINCORPORATED,-119.05828094482422,35.412403106689453
91210453,2020,2020-03-17,9426,2020-03-15,1423,016804,,7,2,9,1500,0,1,3,,2,331,"SR-33 N/B","LERDO HWY.",12144.00,N,N,A,G,Y,,,33,,,,,,N,Y,3,0,1,1,A,-,08,22107,,N,F,A,A,A,H,-,A,D,0,,,,,Y,,A,01,0,1,0,0,0,0,0,0,0,"- ","- ",35.528209686279297,-119.76123809814453,KERN,UNINCORPORATED,-119.76116180419922,35.528308868408203
91210687,2020,2020-03-18,9420,2020-03-11,2308,019021,,3,3,9,1500,0,1,3,,1,650,SR-65,"ORANGE GROVE AVE.",1056.00,S,N,B,-,Y,,,65,,,,,,,Y,4,0,1,2,A,-,09,21804,A,N,B,C,A,A,H,-,D,D,0,,,,Y,Y,,G,25,0,0,1,0,0,0,0,0,0,"- ","- ",35.693218231201172,-119.06533050537109,KERN,UNINCORPORATED,-119.06532287597656,35.693218231201172
91210693,2020,2020-03-18,9420,2020-03-13,0750,019098,,5,1,6,1502,0,1,3,,2,585,"SR-58 W/B",SR-99,1584.00,E,N,B,-,Y,,,58,,,,,,W,N,4,0,1,2,A,-,03,22350,,M,C,C,A,A,D,E,A,D,0,,,,,Y,,D,22,0,0,1,0,0,0,0,0,0,"- ","- ",35.3526611328125,-119.02613830566406,KERN,BAKERSFIELD,-119.02613830566406,35.352748870849609
91210909,2020,2020-03-18,9426,2020-03-17,0605,017230,,2,1,9,1500,0,1,3,,2,432,"STATE ROUTE 43","MUNZER RD",1056.00,N,N,E,-,Y,,,43,,,,,,,Y,3,0,1,1,A,-,08,22107,,N,E,I,A,A,H,-,D,D,0,,,,,Y,,A,01,0,1,0,0,0,0,0,0,0,"- ","- ",35.328010559082031,-119.25243377685547,KERN,UNINCORPORATED,-119.25237274169922,35.328010559082031
91210960,2020,2020-03-18,9420,2020-03-12,1630,021002,,4,2,9,1500,0,1,3,,2,588,"SR-58 E/B","GENERAL BEALE RD.",7920.00,E,N,A,-,Y,,,,,,,,,,Y,3,0,1,3,A,-,07,21658,A,N,C,C,A,A,H,-,A,D,0,,,,,Y,,A,01,0,1,0,0,0,0,0,0,0,"- ","- ",35.282268524169922,-118.79242706298828,KERN,UNINCORPORATED,,
91210977,2020,2020-03-18,9420,2020-03-16,2245,021133,,1,3,9,1500,0,1,3,,1,176,"SR-178 W/B","HALEY STREET",700.00,W,N,B,-,Y,,,178,,,,,,W,Y,3,0,2,1,A,-,08,22107,,N,E,I,A,B,H,-,C,D,0,,,,,Y,,A,01,0,2,0,0,0,0,0,0,0,"- ","- ",35.391529083251953,-118.97853851318359,KERN,UNINCORPORATED,-118.97852325439453,35.391498565673828
91211204,2020,2020-03-18,9420,2020-03-16,1720,020163,,1,2,9,1500,0,1,3,,2,588,"SR-58 E/B",SR-223,800.00,W,N,C,-,Y,,,58,,,,,,E,Y,4,0,1,1,A,-,08,22107,,N,E,I,A,B,H,-,A,D,0,,,,,Y,,D,22,0,0,1,0,0,0,0,0,0,"- ","- ",35.264598846435547,-118.66168212890625,KERN,UNINCORPORATED,-118.66164398193359,35.264747619628906
91211370,2020,2020-03-27,9430,2020-03-16,1430,020255,,1,2,9,1500,0,1,1,,2,052,"I-5 N/B (GOLDEN STATE FWY)","FRAZIER MOUNTAIN PARK RD",3590.00,N,N,B,C,Y,,,5,,,,,,N,Y,1,1,0,2,A,-,08,22107,,N,E,I,A,B,H,-,A,D,0,,,,,Y,,A,01,0,0,0,0,0,0,0,0,0,"- ","- ",34.824920654296875,-118.87435913085938,KERN,UNINCORPORATED,-118.87428283691406,34.824840545654297
91211555,2020,2020-03-19,9420,2020-03-11,2300,018932,,3,3,9,1500,0,1,3,,2,097,"SR-99 S/B","COPUS RD",1259.00,N,N,A,-,Y,,,99,,,,,,S,Y,2,0,1,2,A,-,03,22350,,N,C,C,A,A,H,-,D,D,0,,,,Y,Y,,G,25,1,0,0,0,0,0,0,0,0,"- ","- ",35.098701477050781,-118.98090362548828,KERN,UNINCORPORATED,-118.98103332519531,35.098655700683594
91211599,2020,2020-03-19,9420,2020-03-14,2355,021480,,6,3,9,1500,0,2,4,,1,075,"SOUTH UNION AVE","PANAMA ROAD",0.00,,Y,A,-,N,,,,,,,,,,Y,4,0,2,2,A,-,12,21453,A,M,D,C,A,A,H,-,C,A,0,,,,,Y,,D,22,0,0,2,0,0,0,0,0,0,"- ","- ",35.266819000244141,-119.00311279296875,KERN,UNINCORPORATED,-119.00298309326172,35.266849517822266
91211907,2020,2020-03-19,9420,2020-03-12,0625,016828,,4,1,9,1500,0,1,3,,1,184,"SR-184 (WEEDPATCH HWY)","BENGSTON AVE",10.00,N,N,B,-,Y,,,184,,,,,,,Y,4,0,2,2,A,-,21,22106,,N,D,C,A,A,H,-,B,D,0,,,,,Y,,A,01,0,0,2,0,0,0,0,0,0,"- ","- ",35.336299896240234,-118.91380310058594,KERN,UNINCORPORATED,-118.91429138183594,35.336299896240234
91212206,2020,2020-03-19,9426,2020-03-15,1425,018416,,7,2,9,1500,0,1,1,,2,504,"I-5 N/B","BUENA VISTA CANAL",2640.00,S,N,A,-,Y,,,5,,,,,,N,Y,3,0,1,1,A,-,08,22107,,N,F,A,A,A,H,-,A,D,0,,,,,Y,,A,08,0,1,0,0,0,0,0,0,0,"- ","- ",35.232208251953125,-119.1871337890625,KERN,UNINCORPORATED,-119.18716430664062,35.232170104980469
91212647,2020,2020-03-20,9420,2020-03-06,2309,019649,,5,3,9,1500,0,1,3,,1,184,SR-184,"DI GIORGIO RD",0.00,,Y,B,-,Y,,,184,,,,,,,Y,2,0,4,2,A,-,01,23152,A,N,D,C,A,A,H,-,C,A,0,,,,,Y,Y,D,22,4,0,0,0,0,0,0,0,0,"- ","- ",35.252391815185547,-118.91448211669922,KERN,UNINCORPORATED,-118.91442108154297,35.252391815185547
91212664,2020,2020-04-22,9420,2020-03-14,0155,020409,,6,3,9,1500,0,2,4,,1,075,"SOUTH UNION AVE","WILSON ROAD",0.00,,Y,A,-,N,,,,,,,,,,Y,3,0,3,2,A,-,01,23152,A,N,A,C,A,A,H,-,C,A,0,,,,,Y,Y,A,01,0,3,0,0,0,0,0,0,0,"- ","- ",35.332160949707031,-119.00311279296875,KERN,UNINCORPORATED,-119.00311279296875,35.332180023193359
91212694,2020,2020-03-20,9420,2020-02-17,1702,018445,,1,2,9,1500,0,2,4,,1,051,"NORTH CHESTER AVENUE","BEARDSLEY  AVENUE",0.00,,Y,A,-,N,,,,,,,,,,N,2,0,1,2,A,-,12,21453,A,F,D,C,A,A,H,-,A,A,0,,,,,Y,,M,94,1,0,0,0,0,0,0,0,0,"- ","- ",35.404838562011719,-119.02098083496094,KERN,UNINCORPORATED,-119.02102661132812,35.404949188232422
91212696,2020,2020-03-20,9420,2020-03-12,0720,017972,,4,1,9,1500,0,2,4,,1,072,"EDISON HWY","FAIRFAX FRONTAGE RD EAST",0.00,,Y,B,-,N,,,,,,,,,,Y,4,0,2,2,A,-,12,21453,A,N,D,C,A,A,H,-,B,A,0,,,,,Y,,A,01,0,0,2,0,0,0,0,0,0,"- ","- ",35.362300872802734,-118.93103790283203,KERN,UNINCORPORATED,-118.93109130859375,35.362350463867188
91212718,2020,2020-03-20,9420,2020-03-13,1825,020402,,5,2,9,1500,0,1,3,,2,583,"SR-58 (ROSEDALE HWY)","LONE OAK DRIVE",40.00,E,N,A,-,Y,,,58,,,,,,,Y,3,0,1,1,A,-,08,22107,,N,E,I,A,A,H,-,A,D,0,,,Y,,Y,,C,02,0,1,0,0,0,0,0,0,1,"- ","- ",35.383609771728516,-119.13130187988281,KERN,UNINCORPORATED,-119.13130187988281,35.383518218994141
91212787,2020,2020-03-20,9420,2020-03-18,1845,019316,,3,2,6,1502,0,1,3,,1,176,"SR-178 E/B","BAKER STREET",800.00,W,N,B,-,Y,,,178,,,,,,E,Y,4,0,1,2,A,-,01,23152,A,N,C,C,A,A,H,-,A,D,0,,,,,Y,Y,A,07,0,0,1,0,0,0,0,0,0,"- ","- ",35.3843994140625,-118.9927978515625,KERN,BAKERSFIELD,-118.99274444580078,35.384193420410156
91212806,2020,2020-03-20,9430,2020-03-14,1815,019531,,6,2,9,1500,0,3,5,,2,002,"LEBEC OAKS ROAD","TAYLOR STREET",139.00,E,N,B,-,N,,,,,,,,,,Y,3,0,1,1,A,-,01,23152,A,N,E,I,A,A,H,-,B,D,0,,,,,Y,Y,E,22,0,1,0,0,0,0,0,0,0,"- ","- ",34.856369018554688,-118.88938140869141,KERN,UNINCORPORATED,-118.88996887207031,34.856128692626953