CASE_ID,ACCIDENT_YEAR,PROC_DATE,JURIS,COLLISION_DATE,COLLISION_TIME,OFFICER_ID,REPORTING_DISTRICT,DAY_OF_WEEK,CHP_SHIFT,POPULATION,CNTY_CITY_LOC,SPECIAL_COND,BEAT_TYPE,CHP_BEAT_TYPE,CITY_DIVISION_LAPD,CHP_BEAT_CLASS,BEAT_NUMBER,PRIMARY_RD,SECONDARY_RD,DISTANCE,DIRECTION,INTERSECTION,WEATHER_1,WEATHER_2,STATE_HWY_IND,CALTRANS_COUNTY,CALTRANS_DISTRICT,STATE_ROUTE,ROUTE_SUFFIX,POSTMILE_PREFIX,POSTMILE,LOCATION_TYPE,RAMP_INTERSECTION,SIDE_OF_HWY,TOW_AWAY,COLLISION_SEVERITY,NUMBER_KILLED,NUMBER_INJURED,PARTY_COUNT,PRIMARY_COLL_FACTOR,PCF_CODE_OF_VIOL,PCF_VIOL_CATEGORY,PCF_VIOLATION,PCF_VIOL_SUBSECTION,HIT_AND_RUN,TYPE_OF_COLLISION,MVIW,PED_ACTION,ROAD_SURFACE,ROAD_COND_1,ROAD_COND_2,LIGHTING,CONTROL_DEVICE,CHP_ROAD_TYPE,PEDESTRIAN_ACCIDENT,BICYCLE_ACCIDENT,MOTORCYCLE_ACCIDENT,TRUCK_ACCIDENT,NOT_PRIVATE_PROPERTY,ALCOHOL_INVOLVED,STWD_VEHTYPE_AT_FAULT,CHP_VEHTYPE_AT_FAULT,COUNT_SEVERE_INJ,COUNT_VISIBLE_INJ,COUNT_COMPLAINT_PAIN,COUNT_PED_KILLED,COUNT_PED_INJURED,COUNT_BICYCLIST_KILLED,COUNT_BICYCLIST_INJURED,COUNT_MC_KILLED,COUNT_MC_INJURED,PRIMARY_RAMP,SECONDARY_RAMP,LATITUDE,LONGITUDE,COUNTY,CITY,POINT_X,POINT_Y
91253638,2020,2020-06-18,9420,2020-06-10,0940,020366,,3,1,9,1500,0,1,3,,1,184,"SR-184 N/B","PANAMA LANE",0.00,,Y,A,-,Y,,,184,,,,,,N,Y,3,0,1,2,A,-,12,21453,A,F,D,C,A,A,H,-,A,A,0,,,,,Y,,A,01,0,1,0,0,0,0,0,0,0,"- ","- ",35.267040252685547,-118.91436767578125,KERN,UNINCORPORATED,-118.91440582275391,35.267040252685547
91253642,2020,2020-06-18,9420,2020-06-15,1420,019868,,1,2,9,1500,0,2,4,,1,052,"E ROBERTS LN","HART ST",300.00,E,N,A,-,N,,,,,,,,,,N,4,0,1,2,A,-,01,23152,A,M,C,C,A,A,H,-,A,D,0,,,,,Y,Y,D,22,0,0,1,0,0,0,0,0,0,"- ","- ",35.408660888671875,-119.01827239990234,KERN,UNINCORPORATED,-119.01777648925781,35.408645629882812
91253660,2020,2020-06-18,9420,2020-06-14,1155,019184,,7,1,9,1500,0,3,5,,2,060,"HARRIS RD.","AKERS RD.",70.00,W,N,A,-,N,,,,,,,,,,Y,4,0,3,2,A,-,21,22106,,N,B,C,A,A,H,-,A,D,0,,,,,Y,,A,07,0,0,3,0,0,0,0,0,0,"- ","- ",35.3031005859375,-119.04769897460938,KERN,UNINCORPORATED,-119.04802703857422,35.30316162109375
91253713,2020,2020-06-18,9420,2020-05-25,0530,017829,,1,3,9,1500,0,3,5,,2,610,"E. PACHECO ROAD","COTTONWOOD ROAD",1584.00,W,N,A,-,N,,,,,,,,,,Y,3,0,1,1,A,-,08,22107,,N,E,I,A,A,A,-,A,D,0,,,,,Y,,A,01,0,1,0,0,0,0,0,0,0,"- ","- ",35.310340881347656,-118.99111938476562,KERN,UNINCORPORATED,-118.99071502685547,35.310420989990234
91254282,2020,2020-06-19,9420,2020-06-01,1830,019901,,1,2,9,1500,0,3,5,,2,040,"ALFRED HARRELL HWY","LILY DR.",1584.00,W,N,A,-,N,,,,,,,,,,Y,2,0,2,1,A,-,08,22107,,N,F,A,A,A,H,-,A,D,0,,,Y,,Y,,C,02,1,0,1,0,0,0,0,0,2,"- ","- ",35.446620941162109,-118.92781066894531,KERN,UNINCORPORATED,-118.92699432373047,35.446300506591797
91254285,2020,2020-06-19,9420,2020-06-03,0313,021402,,3,3,9,1500,0,2,4,,1,075,"S. UNION AVENUE","FAIRVIEW DRIVE",300.00,S,N,A,-,N,,,,,,,,,,N,3,0,1,2,A,-,11,21954,A,N,G,B,D,A,H,-,D,D,0,Y,,,,Y,,N,60,0,1,0,0,1,0,0,0,0,"- ","- ",35.299831390380859,-119.00315856933594,KERN,UNINCORPORATED,-119.00313568115234,35.30230712890625
91254611,2020,2020-06-19,9420,2020-06-15,1102,020634,,1,1,9,1500,0,3,5,,2,040,"ALFRED HARRELL HWY","CHINA GRADE LOOP",300.00,S,N,A,-,N,,,,,,,,,,Y,4,0,1,2,A,-,05,21651,B,N,A,C,A,A,H,-,A,D,0,,,,,Y,,A,08,0,0,1,0,0,0,0,0,0,"- ","- ",35.416000366210938,-118.95980072021484,KERN,UNINCORPORATED,-118.96296691894531,35.418910980224609
91254618,2020,2020-06-19,9430,2020-05-02,1847,019531,,6,2,9,1500,0,1,1,,2,053,"INTERSTATE 5 SOUTHBOUND","GRAPEVINE ROAD",2640.00,S,N,A,-,Y,,,5,,,,,,S,Y,1,1,0,2,A,-,01,23152,A,N,C,C,A,A,H,-,A,D,0,,,Y,Y,Y,Y,C,02,0,0,0,0,0,0,0,1,0,"- ","- ",34.931800842285156,-118.93068695068359,KERN,UNINCORPORATED,-118.93062591552734,34.931827545166016
91254713,2020,2020-06-22,9830,2020-06-17,1300,018450,,3,1,9,1500,0,3,5,,2,003,"MOJAVE-TROPICO RD","TROTTER AVE",10.00,N,N,A,-,N,,,,,,,,,,Y,2,0,1,1,A,-,03,22350,,N,E,I,A,A,H,-,A,D,0,,,Y,,Y,,C,02,1,0,0,0,0,0,0,0,1,"- ","- ",34.965629577636719,-118.21288299560547,KERN,UNINCORPORATED,-118.2127685546875,34.965469360351562
91254961,2020,2020-06-22,9830,2020-06-17,2015,019977,,3,2,9,1500,0,3,5,,2,002,"JAMES ST","ANDERSON ST",209.00,S,N,A,-,N,,,,,,,,,,N,3,0,1,2,A,-,09,21804,A,N,D,C,A,A,H,-,C,D,0,,,Y,,Y,,C,06,0,1,0,0,0,0,0,0,1,"- ","- ",35.001201629638672,-117.64605712890625,KERN,UNINCORPORATED,-117.64605712890625,35.001358032226562
91254968,2020,2020-06-22,9830,2020-06-18,1955,021534,,4,2,9,1500,0,3,5,,2,003,"BACKUS RD","MOJAVE TROPICO",0.00,,Y,A,-,N,,,,,,,,,,Y,4,0,1,2,A,-,12,22450,A,N,D,C,A,A,H,-,A,A,0,,,,,Y,,A,01,0,0,1,0,0,0,0,0,0,"- ","- ",34.950839996337891,-118.21257781982422,KERN,UNINCORPORATED,-118.21260833740234,34.950828552246094
91255020,2020,2020-06-22,9420,2020-06-13,1930,021260,,6,2,6,1502,0,1,3,,2,092,"SR-99 N/B FROM CALIFORNIA AVE W/B","CALIFORNIA AVENUE",237.00,N,N,A,-,Y,,,99,,,,R,,N,Y,4,0,1,1,A,-,08,22107,,N,E,I,A,A,D,H,A,D,0,,,,,Y,Y,A,01,0,0,1,0,0,0,0,0,0,"- ","- ",35.369110107421875,-119.04173278808594,KERN,BAKERSFIELD,-119.04173278808594,35.369110107421875
91255349,2020,2020-06-22,9420,2020-06-13,2115,020402,,6,2,6,1502,0,1,3,,2,095,"SR-99 S/B","PECHECO RD",70.00,S,N,A,-,Y,,,99,,,,,,S,Y,4,0,2,2,A,-,03,22350,,N,C,C,A,A,H,-,E,D,0,,,,,Y,,A,01,0,0,2,0,0,0,0,0,0,"- ","- ",35.310131072998047,-119.03436279296875,KERN,BAKERSFIELD,-119.03440856933594,35.31011962890625
91255430,2020,2020-06-22,9420,2020-06-16,1145,017301,,2,1,9,1500,0,3,5,,2,050,"ORRICK COURT","GLENNEDEN AVENUE",295.00,S,N,A,-,N,,,,,,,,,,Y,4,0,1,1,A,-,03,22350,,N,E,I,A,A,H,-,A,D,0,,,,,Y,,A,01,0,0,1,0,0,0,0,0,0,"- ","- ",35.442581176757812,-119.03086090087891,KERN,UNINCORPORATED,-119.03089141845703,35.442661285400391
91255431,2020,2020-06-22,9430,2020-06-15,2155,021486,,1,2,9,1500,0,2,4,,1,021,"WOODLAND DR N/B","MIL POTRERO FTC",4.00,N,N,A,-,N,,,,,,,,,,Y,4,0,1,2,A,-,03,22350,,N,E,I,A,A,H,-,D,D,0,,,,,Y,,A,01,0,0,1,0,0,0,0,0,0,"- ","- ",34.852550506591797,-119.15978240966797,KERN,UNINCORPORATED,-119.15985107421875,34.852813720703125
91255474,2020,2020-06-22,9430,2020-06-15,1845,021565,,1,2,9,1500,0,1,1,,2,054,"I-5 N/B","WHEELER RIDGE RD",104.00,N,N,A,-,Y,,,5,,,,,,N,Y,2,0,1,1,A,-,08,22107,,N,E,I,A,A,H,-,A,D,0,,,,,Y,,D,22,1,0,0,0,0,0,0,0,0,"- ","- ",34.986770629882812,-118.94577026367188,KERN,UNINCORPORATED,-118.94533538818359,34.986911773681641
91255598,2020,2020-06-22,9830,2020-06-20,1400,021788,,6,2,9,1500,0,3,5,,2,005,"BOWMAN ROAD","JACKS RANCH ROAD",5280.00,W,N,A,-,N,,,,,,,,,,Y,3,0,1,1,A,-,01,23152,A,N,F,A,A,A,H,-,A,D,0,,,,,Y,Y,D,22,0,1,0,0,0,0,0,0,0,"- ","- ",35.608131408691406,-117.74062347412109,KERN,UNINCORPORATED,-117.74074554443359,35.607997894287109
91255600,2020,2020-06-22,9830,2020-06-22,0520,017146,,1,3,9,1500,0,1,3,,1,050,"SR-14 S/B","LAST CHANCE CANYON RD",7392.00,N,N,A,-,Y,,,14,,,,,,S,Y,3,0,1,1,A,-,08,22107,,N,F,A,A,A,H,-,A,D,0,,,,,Y,,A,01,0,1,0,0,0,0,0,0,0,"- ","- ",35.520420074462891,-117.94016265869141,KERN,UNINCORPORATED,-117.94010162353516,35.520393371582031
91255836,2020,2020-06-23,9830,2020-06-14,0345,021632,,7,3,9,1500,0,1,3,,1,031,"STATE ROUTE 14 SOUTHBOUND","DAWN ROAD",6000.00,N,N,A,-,Y,,,14,,,,,,S,Y,2,0,1,1,A,-,01,23152,A,N,F,A,A,A,H,-,D,D,0,,,,,Y,Y,A,07,1,0,0,0,0,0,0,0,0,"- ","- ",34.924980163574219,-118.16314697265625,KERN,UNINCORPORATED,-118.16342926025391,34.924999237060547
91255894,2020,2020-06-23,9830,2020-06-16,0200,019367,,2,3,9,1500,0,2,4,,1,034,"ROSAMOND BLVD","EAGLE WAY",15.00,E,N,A,-,N,,,,,,,,,,Y,2,0,1,1,A,-,01,23152,A,N,E,I,A,A,H,-,D,D,0,,,Y,,Y,Y,C,02,1,0,0,0,0,0,0,0,1,"- ","- ",34.864151000976562,-118.17803192138672,KERN,UNINCORPORATED,-118.17814636230469,34.864170074462891
91256014,2020,2020-06-23,9420,2020-06-16,0445,021134,,2,3,9,1500,0,1,3,,2,583,SR-58,"NORD AVE",0.00,,Y,A,-,Y,,,58,,,,,,,Y,4,0,1,2,A,-,12,22450,A,N,D,C,A,A,H,-,D,A,0,,,,,Y,,A,07,0,0,1,0,0,0,0,0,0,"- ","- ",35.383518218994141,-119.19879913330078,KERN,UNINCORPORATED,-119.19879913330078,35.383472442626953
91256234,2020,2020-06-23,9420,2020-06-15,1631,021365,,1,2,9,1500,0,3,5,,2,040,"RIVER BLVD","KNOTTS ST.",95.00,N,N,A,-,N,,,,,,,,,,N,3,0,1,2,A,-,11,21954,A,F,G,B,D,A,H,-,A,D,0,Y,,,,Y,,N,60,0,1,0,0,1,0,0,0,0,"- ","- ",35.391628265380859,-118.98519897460938,KERN,UNINCORPORATED,-118.98516082763672,35.391559600830078
91256263,2020,2020-06-23,9420,2020-06-16,1227,020366,,2,1,9,1500,0,1,3,,2,177,"SR-178 W/B","RANCHERIA ROAD",18480.00,E,N,A,-,Y,,,178,,,,,,W,Y,3,0,1,1,A,-,08,22107,,N,E,I,A,A,H,-,A,D,0,,,,Y,Y,,G,27,0,1,0,0,0,0,0,0,0,"- ","- ",35.44921875,-118.78404998779297,KERN,UNINCORPORATED,-118.78403472900391,35.449203491210938
91256338,2020,2020-06-23,9420,2020-06-12,1324,017243,,5,1,9,1500,0,3,5,,2,671,"S. COMANCHE DR.","E. PANAMA LN",0.00,,Y,A,-,N,,,,,,,,,,Y,4,0,1,2,A,-,09,21802,A,F,F,A,A,C,H,-,A,D,0,,,,,Y,,A,07,0,0,1,0,0,0,0,0,0,"- ","- ",35.296180725097656,-118.85182952880859,KERN,UNINCORPORATED,-118.84293365478516,35.296421051025391
91256713,2020,2020-06-24,9426,2020-06-22,0500,018023,,1,3,9,1500,0,1,3,,2,432,SR-43,"PANAMA LN",0.00,,Y,A,-,Y,,,43,,,,,,,Y,4,0,1,2,A,-,12,22450,A,N,D,C,A,A,H,-,B,A,0,,,,,Y,,D,22,0,0,1,0,0,0,0,0,0,"- ","- ",35.296188354492188,-119.25247192382812,KERN,UNINCORPORATED,-119.25247955322266,35.296188354492188
91256804,2020,2020-06-24,9420,2020-06-05,1035,015105,,5,1,9,1500,0,2,4,,2,074,"PANAMA RD.","SR-184 (MAIN ST.)",130.00,E,N,A,-,N,,,,,,,,,,N,4,0,1,3,A,-,09,21804,A,M,D,C,A,A,H,-,A,A,0,,,,,Y,,A,08,0,0,1,0,0,0,0,0,0,"- ","- ",35.266929626464844,-118.91387176513672,KERN,UNINCORPORATED,-118.91387176513672,35.266948699951172
91256892,2020,2020-06-24,9420,2020-06-15,0550,015259,,1,3,9,1500,0,3,5,,2,672,"HERRING ROAD","NORTH RANCHO DRIVE",0.00,,Y,A,-,N,,,,,,,,,,Y,2,0,3,3,A,-,12,22450,A,N,D,C,A,A,H,-,A,A,0,,,,,Y,,A,01,1,2,0,0,0,0,0,0,0,"- ","- ",35.150650024414062,-118.85082244873047,KERN,UNINCORPORATED,-118.850830078125,35.150890350341797
91256900,2020,2020-06-24,9430,2020-06-07,2115,016750,,7,2,9,1500,0,1,1,,2,052,"I-5 N/B","FORT TEJON RD",1000.00,S,N,F,-,Y,,,5,,,,,,N,N,4,0,1,2,A,-,03,22350,,F,C,C,A,A,C,-,D,D,0,,,,,Y,,A,07,0,0,1,0,0,0,0,0,0,"- ","- ",34.870830535888672,-118.88807678222656,KERN,UNINCORPORATED,-118.88803863525391,34.870876312255859
91256922,2020,2020-06-24,9420,2020-06-20,1910,021365,,6,2,9,1500,0,1,3,,2,096,"SR-99 N/B","SANDRINI RD.",3960.00,S,N,A,-,Y,,,99,,,,,,N,N,4,0,1,2,A,-,03,22350,,N,C,C,A,A,D,-,A,D,0,,,,,Y,,D,22,0,0,1,0,0,0,0,0,0,"- ","- ",35.111431121826172,-118.98477172851562,KERN,UNINCORPORATED,-118.98473358154297,35.111442565917969
91256974,2020,2020-06-24,9420,2020-06-11,1735,015896,,4,2,9,1500,0,3,5,,2,060,"FRUITVALE AVE","KREBS RD",150.00,N,N,A,-,N,,,,,,,,,,Y,3,0,1,2,A,-,09,21804,A,N,D,C,A,A,H,-,A,D,0,,,,,Y,,D,22,0,1,0,0,0,0,0,0,0,"- ","- ",35.398399353027344,-119.07440185546875,KERN,UNINCORPORATED,-119.07438659667969,35.398162841796875
91257188,2020,2020-06-25,9420,2020-06-12,2210,019903,,5,3,9,1500,0,2,4,,1,064,"OLIVE DRIVE","PATTON WAY",210.00,E,N,A,-,N,,,,,,,,,,Y,3,0,1,2,A,-,08,22107,,N,C,E,A,A,H,-,C,D,0,,,,,Y,,A,08,0,1,0,0,0,0,0,0,0,"- ","- ",35.412300109863281,-119.08254241943359,KERN,UNINCORPORATED,-119.08267974853516,35.412471771240234
91257193,2020,2020-06-25,9420,2020-06-17,2230,019021,,3,3,9,1500,0,3,5,,2,620,"OPUS ONE DR.","HEATH RD.",28.00,E,N,A,-,N,,,,,,,,,,Y,3,0,1,2,A,-,01,23152,A,N,E,I,A,A,H,-,C,D,0,,,,,Y,Y,E,22,0,1,0,0,0,0,0,0,0,"- ","- ",35.3739013671875,-119.18092346191406,KERN,UNINCORPORATED,-119.18093872070312,35.3739013671875
91257261,2020,2020-06-25,9420,2020-06-11,1610,015896,,4,2,9,1500,0,3,5,,2,620,"HEATH RD","MEACHAM RD",0.00,,Y,A,-,N,,,,,,,,,,Y,3,0,3,2,A,-,12,22450,A,N,D,C,A,A,H,-,A,A,0,,,,,Y,,D,22,0,3,0,0,0,0,0,0,0,"- ","- ",35.390800476074219,-119.18090057373047,KERN,UNINCORPORATED,-119.18106079101562,35.390769958496094
91257269,2020,2020-06-25,9420,2020-06-12,1615,017243,,5,2,9,1500,0,3,5,,2,671,"S. EDISON RD.","SYCAMORE RD.",6.00,N,N,A,-,N,,,,,,,,,,Y,4,0,1,2,A,-,05,21752,D,N,A,C,A,A,H,-,A,A,0,,,,Y,Y,,G,25,0,0,1,0,0,0,0,0,0,"- ","- ",35.194309234619141,-118.87811279296875,KERN,UNINCORPORATED,-118.87811279296875,35.194255828857422
91257285,2020,2020-06-25,9420,2020-06-16,1313,017295,,2,1,9,1500,0,1,3,,2,090,"STATE ROUTE 99 N/B","SHERWOOD AVENUE",255.00,N,N,A,-,Y,,,,,,,,,,Y,2,0,1,1,A,-,01,23152,A,N,E,I,A,A,H,-,A,D,0,,,,,Y,Y,D,22,1,0,0,0,0,0,0,0,0,"- ","- ",35.673999786376953,-119.22634124755859,KERN,UNINCORPORATED,-119.22640228271484,35.673915863037109
91257647,2020,2020-06-25,9420,2020-06-20,1826,020672,,6,2,9,1500,0,1,3,,2,155,SR-155,SR-65,16896.00,E,N,A,-,Y,,,155,,,,,,,Y,4,0,1,1,A,-,08,22107,,N,E,I,A,A,H,-,A,D,0,,,,,Y,Y,A,01,0,0,1,0,0,0,0,0,0,"- ","- ",35.755138397216797,-119.01786041259766,KERN,UNINCORPORATED,-119.01785278320312,35.755165100097656
91258816,2020,2020-06-26,9420,2020-06-19,2112,020672,,5,2,9,1500,0,3,5,,2,671,"DI GIORGIO RD","LOWE ST",10.00,E,N,A,-,N,,,,,,,,,,Y,3,0,1,2,A,-,03,22350,,F,C,C,A,A,H,-,C,D,0,,,,,Y,,A,01,0,1,0,0,0,0,0,0,0,"- ","- ",35.252399444580078,-118.92548370361328,KERN,UNINCORPORATED,-118.92545318603516,35.252399444580078
91258829,2020,2020-06-26,9420,2020-06-21,0920,021296,,7,1,9,1500,0,1,3,,1,184,SR-184,"HALL RD.",0.00,,Y,A,-,Y,,,184,,,,,,,N,3,0,1,2,A,-,10,21950,A,F,G,B,B,A,H,-,A,A,0,Y,,,,Y,,A,01,0,1,0,0,1,0,0,0,0,"- ","- ",35.259670257568359,-118.91448211669922,KERN,UNINCORPORATED,-118.91441345214844,35.259670257568359
91259017,2020,2020-06-26,9420,2020-06-11,0005,019311,,4,3,6,1502,0,1,3,,2,093,"SR-99 S/B TO STOCKDALE HWY","STOCKDALE HWY",100.00,N,N,A,-,Y,,,,,,,,,,N,4,0,1,3,A,-,03,22350,,M,C,C,A,A,H,-,D,A,0,,,,Y,Y,,-,99,0,0,1,0,0,0,0,0,0,"- ","- ",35.211688995361328,-119.22483062744141,KERN,BAKERSFIELD,-119.03962707519531,35.354484558105469
91259147,2020,2020-06-26,9420,2020-06-24,0523,020484,,3,3,9,1500,0,3,5,,2,550,"ZERKER ROAD","LERDO HIGHWAY",2000.00,N,N,A,-,N,,,,,,,,,,Y,4,0,1,2,A,-,09,21801,A,N,A,C,A,A,H,-,A,D,0,,,,,Y,,D,22,0,0,1,0,0,0,0,0,0,"- ","- ",35.505599975585938,-119.15129852294922,KERN,UNINCORPORATED,-119.17014312744141,35.500289916992188
91259179,2020,2020-06-26,9426,2020-05-17,1730,017581,,7,2,9,1500,0,3,5,,2,087,"OLD RIVER ROAD","COPUS ROAD",102.00,N,N,A,-,N,,,,,,,,,,Y,1,1,2,2,A,-,08,22107,,N,D,C,A,A,H,-,A,A,0,,,,Y,Y,,A,01,0,2,0,0,0,0,0,0,0,"- ","- ",35.094711303710938,-119.10987854003906,KERN,UNINCORPORATED,-119.10982513427734,35.094818115234375
91259747,2020,2020-06-29,9420,2020-06-16,1619,017243,,2,2,9,1500,0,2,4,,2,074,"PANAMA RD.","COTTONWOOD RD.",2112.00,E,N,A,-,N,,,,,,,,,,Y,4,0,3,2,A,-,03,22350,,N,C,C,A,A,H,-,A,D,0,,,,,Y,,A,01,0,0,3,0,0,0,0,0,0,"- ","- ",35.267078399658203,-118.99250793457031,KERN,UNINCORPORATED,-118.97826385498047,35.266891479492188
91259856,2020,2020-06-29,9420,2020-06-21,0115,021144,,7,3,6,1502,0,1,3,,2,093,"SR-99 S/B","GILMORE AVE.",700.00,N,N,A,-,Y,,,,,,,,,,Y,3,0,1,2,A,-,08,22107,,N,B,C,A,A,D,H,D,D,0,,,,,Y,,A,01,0,1,0,0,0,0,0,0,0,"- ","- ",35.392730712890625,-118.04480743408203,KERN,BAKERSFIELD,-119.04470825195312,35.391410827636719
91259860,2020,2020-06-29,9420,2020-06-21,2150,021144,,7,2,9,1500,0,1,3,,1,650,SR-65,"LITTLE CREEK RD.",600.00,S,N,A,-,Y,,,65,,,,,,,Y,3,0,1,1,A,-,01,23152,A,N,E,I,A,A,H,-,D,D,0,,,,,Y,Y,D,22,0,1,0,0,0,0,0,0,0,"- ","- ",35.579719543457031,-119.08824920654297,KERN,UNINCORPORATED,-119.08830261230469,35.579708099365234
91259862,2020,2020-06-29,9420,2020-06-23,1521,020672,,2,2,9,1500,0,1,3,,1,184,SR-184,"WILSON RD",80.00,S,N,A,-,N,,,184,,,,,,,N,4,0,1,2,A,-,03,22350,,N,C,C,A,A,H,-,A,D,0,,,,Y,Y,,G,27,0,0,1,0,0,0,0,0,0,"- ","- ",35.332389831542969,-118.91426086425781,KERN,UNINCORPORATED,-118.91429901123047,35.332389831542969
91259871,2020,2020-06-29,9420,2020-06-24,1755,021915,,3,2,9,1500,0,2,4,,2,021,"SIERRA WAY","JAMES ROAD",2640.00,N,N,A,-,N,,,,,,,,,,Y,4,0,1,1,A,-,01,23152,A,N,E,I,A,A,H,-,A,D,0,,,,,Y,Y,A,01,0,0,1,0,0,0,0,0,0,"- ","- ",35.767738342285156,-118.42810821533203,KERN,UNINCORPORATED,-118.42831420898438,35.767871856689453
91259991,2020,2020-06-29,9420,2020-06-17,1450,019686,,3,2,9,1500,0,3,5,,2,520,"DRIVER ROAD","SHERWOOD AVENUE",0.00,,Y,A,-,N,,,,,,,,,,Y,4,0,5,3,A,-,12,22450,A,N,D,C,A,A,H,-,A,A,0,,,,,Y,,A,07,0,0,5,0,0,0,0,0,0,"- ","- ",35.67462158203125,-119.20468902587891,KERN,UNINCORPORATED,-119.20471954345703,35.674598693847656
91260203,2020,2020-06-29,9420,2020-06-19,1713,020402,,5,2,9,1500,0,1,3,,2,583,"SR-58 (ROSEDALE HWY)","PATTON WAY",0.00,,Y,A,-,Y,,,58,,,,,,,Y,2,0,2,2,A,-,12,21453,A,N,A,C,A,A,H,-,A,A,0,,,,,Y,,A,01,1,1,0,0,0,0,0,0,0,"- ","- ",35.383430480957031,-119.08328247070312,KERN,UNINCORPORATED,-119.08328247070312,35.383377075195312
91260242,2020,2020-06-29,9420,2020-06-19,1550,021503,,5,2,9,1500,0,1,3,,2,588,"SR-58 E/B","GENERAL BEALE RD.",7392.00,E,N,A,-,Y,,,58,,,,,,E,Y,4,0,1,2,A,-,03,22350,,N,C,C,A,A,H,-,A,D,0,,,,,Y,,D,22,0,0,1,0,0,0,0,0,0,"- ","- ",35.282821655273438,-118.73040008544922,KERN,UNINCORPORATED,-118.73037719726562,35.282863616943359
91260250,2020,2020-06-29,9426,2020-06-21,0225,019592,,7,3,9,1500,0,1,3,,2,461,"SR-46 E/B","MAIN DRAIN RD",2904.00,E,N,A,-,Y,,,46,,,,,,E,Y,3,0,1,1,A,-,08,22107,,N,E,I,A,A,H,-,D,D,0,,,,,Y,,D,22,0,1,0,0,0,0,0,0,0,"- ","- ",35.615871429443359,-119.60697937011719,KERN,UNINCORPORATED,-119.60697937011719,35.615955352783203
91260382,2020,2020-06-29,9420,2020-06-23,1855,021503,,2,2,9,1500,0,2,4,,1,072,"NILES STREET","ASH DRIVE",280.00,E,N,A,-,N,,,,,,,,,,Y,3,0,1,3,A,-,21,22106,,N,B,C,A,A,H,-,A,D,0,,,,,Y,,D,22,0,1,0,0,0,0,0,0,0,"- ","- ",35.375968933105469,-118.96542358398438,KERN,UNINCORPORATED,-118.96544647216797,35.37591552734375
91260580,2020,2020-06-30,9420,2020-06-20,1455,021140,,6,2,9,1500,0,3,5,,2,530,"KIMBERLINA ROAD","SHAFTER AVENUE",2112.00,E,N,A,-,N,,,,,,,,,,Y,4,0,1,2,A,-,08,22107,,M,A,C,A,A,H,-,A,D,0,,,,,Y,,A,01,0,0,1,0,0,0,0,0,0,"- ","- ",35.558219909667969,-119.27023315429688,KERN,UNINCORPORATED,-119.27043914794922,35.558235168457031
91260590,2020,2020-06-30,9420,2020-06-21,1920,021503,,7,2,9,1500,0,2,4,,1,075,"S. UNION AVE.","PACHECO RD",792.00,N,N,A,-,N,,,,,,,,,,Y,2,0,3,2,A,-,01,23152,A,N,E,I,A,A,H,-,A,D,0,,,Y,,Y,Y,A,07,1,2,0,0,0,0,0,0,1,"- ","- ",35.312919616699219,-119.00302886962891,KERN,UNINCORPORATED,-119.00312042236328,35.312564849853516
91260637,2020,2020-06-30,9420,2020-06-18,1455,018117,,4,2,9,1500,0,1,3,,2,090,"SR-99 N/B FROM SR-46 E/B",SR-46,649.00,S,N,A,-,Y,,,99,,,,R,,N,N,4,0,2,2,A,-,09,21801,A,N,A,C,A,A,H,-,A,D,0,,,,,Y,,A,01,0,0,2,0,0,0,0,0,0,"- ","- ",35.600231170654297,-119.20954895019531,KERN,UNINCORPORATED,-119.20954895019531,35.600231170654297
91260862,2020,2020-06-30,9420,2020-06-22,0316,021144,,1,3,9,1500,0,1,3,,2,462,SR-46,"ACCESS RD.",3.00,E,N,A,-,Y,,,46,,,,,,,Y,3,0,1,1,A,-,08,22107,,N,F,A,A,A,H,-,D,D,0,,,,,Y,,A,01,0,1,0,0,0,0,0,0,0,"- ","- ",35.601718902587891,-119.21637725830078,KERN,UNINCORPORATED,-119.21637725830078,35.601985931396484
91261322,2020,2020-07-01,9420,2020-06-20,2245,019598,,6,3,9,1500,0,2,4,,1,072,"NILES STREET","LANTANA WAY",150.00,W,N,A,-,N,,,,,,,,,,Y,3,0,1,1,A,-,01,23152,A,M,E,I,A,A,H,-,C,D,0,,,,,Y,Y,A,01,0,1,0,0,0,0,0,0,0,"- ","- ",35.379558563232422,-118.93373870849609,KERN,UNINCORPORATED,-118.93350219726562,35.376224517822266
91261326,2020,2020-07-01,9420,2020-06-21,0200,019598,,7,3,9,1500,0,2,4,,1,072,"EDISON HIGHWAY","MOUNT VERNON AVENUE",75.00,E,N,A,-,Y,,,,,,,,,,N,3,0,1,2,A,-,11,21954,A,N,G,B,D,A,H,-,C,D,0,Y,,,,Y,Y,N,60,0,1,0,0,1,0,0,0,0,"- ","- ",35.371150970458984,-118.96726989746094,KERN,UNINCORPORATED,-118.96734619140625,35.371040344238281