CASE_ID,ACCIDENT_YEAR,PROC_DATE,JURIS,COLLISION_DATE,COLLISION_TIME,OFFICER_ID,REPORTING_DISTRICT,DAY_OF_WEEK,CHP_SHIFT,POPULATION,CNTY_CITY_LOC,SPECIAL_COND,BEAT_TYPE,CHP_BEAT_TYPE,CITY_DIVISION_LAPD,CHP_BEAT_CLASS,BEAT_NUMBER,PRIMARY_RD,SECONDARY_RD,DISTANCE,DIRECTION,INTERSECTION,WEATHER_1,WEATHER_2,STATE_HWY_IND,CALTRANS_COUNTY,CALTRANS_DISTRICT,STATE_ROUTE,ROUTE_SUFFIX,POSTMILE_PREFIX,POSTMILE,LOCATION_TYPE,RAMP_INTERSECTION,SIDE_OF_HWY,TOW_AWAY,COLLISION_SEVERITY,NUMBER_KILLED,NUMBER_INJURED,PARTY_COUNT,PRIMARY_COLL_FACTOR,PCF_CODE_OF_VIOL,PCF_VIOL_CATEGORY,PCF_VIOLATION,PCF_VIOL_SUBSECTION,HIT_AND_RUN,TYPE_OF_COLLISION,MVIW,PED_ACTION,ROAD_SURFACE,ROAD_COND_1,ROAD_COND_2,LIGHTING,CONTROL_DEVICE,CHP_ROAD_TYPE,PEDESTRIAN_ACCIDENT,BICYCLE_ACCIDENT,MOTORCYCLE_ACCIDENT,TRUCK_ACCIDENT,NOT_PRIVATE_PROPERTY,ALCOHOL_INVOLVED,STWD_VEHTYPE_AT_FAULT,CHP_VEHTYPE_AT_FAULT,COUNT_SEVERE_INJ,COUNT_VISIBLE_INJ,COUNT_COMPLAINT_PAIN,COUNT_PED_KILLED,COUNT_PED_INJURED,COUNT_BICYCLIST_KILLED,COUNT_BICYCLIST_INJURED,COUNT_MC_KILLED,COUNT_MC_INJURED,PRIMARY_RAMP,SECONDARY_RAMP,LATITUDE,LONGITUDE,COUNTY,CITY,POINT_X,POINT_Y
91266234,2020,2020-07-09,9426,2020-07-05,1815,015472,,7,2,9,1500,0,1,1,,2,500,"I-5 S/B","TWISSELMAN RD",2640.00,N,N,A,-,Y,,,5,,,,,,S,N,4,0,2,2,A,-,03,22350,,N,C,C,A,A,H,-,A,D,0,,,,,Y,,D,22,0,0,2,0,0,0,0,0,0,"- ","- ",35.738300323486328,-119.74420166015625,KERN,UNINCORPORATED,-119.74427795410156,35.738239288330078
91266270,2020,2020-07-09,9420,2020-07-05,1115,019184,,7,1,9,1500,0,1,3,,2,177,SR-178,"MILEPOST MARKE 178KER24.00",300.00,W,N,A,-,Y,,,178,,,,,,,Y,4,0,2,2,A,-,21,22106,,N,B,C,A,A,H,-,A,D,0,,,,,Y,,A,01,0,0,2,0,0,0,0,0,0,"- ","- ",35.493000030517578,-118.70449829101562,KERN,UNINCORPORATED,-118.70452117919922,35.492786407470703
91266292,2020,2020-07-09,9420,2020-07-06,1438,021296,,1,2,9,1500,0,1,3,,1,184,"SR-184 N/B","BRECKENRIDGE RD",50.00,S,N,A,-,Y,,,184,,,,,,N,N,3,0,4,3,A,-,03,22350,,N,C,C,A,A,H,-,A,A,0,,,Y,,Y,,A,01,0,1,3,0,0,0,0,0,1,"- ","- ",35.36090087890625,-118.91414642333984,KERN,UNINCORPORATED,-118.91425323486328,35.36090087890625
91266301,2020,2020-07-09,9420,2020-06-28,1255,021002,,7,1,9,1500,0,1,3,,2,223,SR-223,SR-58,17688.00,S,N,A,-,Y,,,223,,,,,,,Y,4,0,2,2,A,-,03,22350,,N,B,C,A,A,H,-,A,D,0,,,,,Y,,D,22,0,0,2,0,0,0,0,0,0,"- ","- ",35.233001708984375,-118.70189666748047,KERN,UNINCORPORATED,-118.70191192626953,35.233013153076172
91266306,2020,2020-07-09,9420,2020-07-05,0645,021002,,7,1,6,1502,0,1,3,,2,585,"SR-58 WESTBOUND","WASHINGTON ST.",380.00,W,N,A,-,Y,,,58,,,,,,W,Y,3,0,1,1,A,-,01,23152,A,N,E,I,A,A,D,-,A,D,0,,,,,Y,Y,A,01,0,1,0,0,0,0,0,0,0,"- ","- ",35.352630615234375,-118.97859954833984,KERN,BAKERSFIELD,-118.97859954833984,35.352565765380859
91266316,2020,2020-07-09,9426,2020-07-07,1650,015472,,2,2,9,1500,0,3,5,,2,086,"STOCKDALE HWY","BUSSELL RD",1056.00,W,N,A,F,N,,,,,,,,,,Y,4,0,4,2,A,-,03,22350,,N,C,C,A,A,H,-,A,D,0,,,,,Y,,A,01,0,0,4,0,0,0,0,0,0,"- ","- ",35.354698181152344,-119.30909729003906,KERN,UNINCORPORATED,-119.30916595458984,35.354713439941406
91266521,2020,2020-07-10,9426,2020-07-06,0545,016953,,1,3,9,1500,0,3,5,,2,087,"VALPREDO AVE","SCHALLOCK RD",70.00,W,N,A,-,N,,,,,,,,,,Y,4,0,1,1,A,-,03,22350,,N,E,I,A,A,H,-,A,D,0,,,,,Y,,A,07,0,0,1,0,0,0,0,0,0,"- ","- ",35.076808929443359,-119.10057067871094,KERN,UNINCORPORATED,-119.10054779052734,35.076770782470703
91266544,2020,2020-07-10,9830,2020-07-07,1125,020524,,2,1,9,1500,0,1,3,,1,020,"SIERRA HIGHWAY",SR-14,0.00,,Y,A,-,N,,,,,,,,,,Y,4,0,1,2,A,-,12,21453,A,N,D,C,A,A,H,-,A,A,0,,,,,Y,,A,07,0,0,1,0,0,0,0,0,0,"- ","- ",35.066600799560547,-118.17800140380859,KERN,UNINCORPORATED,-118.17018127441406,35.041671752929688
91266588,2020,2020-07-20,9420,2020-07-07,1155,021547,,2,1,9,1500,0,3,5,,2,310,"BURLANDO ROAD","OLD CEMETERY ROAD",1308.00,N,N,A,-,N,,,,,,,,,,Y,3,0,2,2,A,-,03,22350,,N,D,C,A,A,H,-,A,D,0,,,,,Y,,A,07,0,2,0,0,0,0,0,0,0,"- ","- ",35.720039367675781,-118.43670654296875,KERN,UNINCORPORATED,-118.43671417236328,35.720066070556641
91266610,2020,2020-07-10,9420,2020-07-07,1110,020672,,2,1,9,1500,0,1,3,,2,223,SR-223,"ROCKPILE RD",5.00,E,N,A,-,N,,,223,,,,,,,Y,4,0,2,2,A,-,03,22350,,N,C,C,A,A,H,-,A,D,0,,,,,Y,,A,07,0,0,2,0,0,0,0,0,0,"- ","- ",35.209339141845703,-118.78801727294922,KERN,UNINCORPORATED,-118.78801727294922,35.209251403808594
91266617,2020,2020-07-10,9420,2020-07-08,0420,018387,,3,3,9,1500,0,3,5,,2,630,"COPUS ROAD","JOSEPH ROAD",1255.00,E,N,A,-,N,,,,,,,,,,Y,4,0,1,1,A,-,08,22107,,N,F,A,A,A,H,-,D,D,0,,,,Y,Y,,G,25,0,0,1,0,0,0,0,0,0,"- ","- ",35.095378875732422,-118.99891662597656,KERN,UNINCORPORATED,-118.99892425537109,35.095348358154297
91266731,2020,2020-07-10,9830,2020-06-21,1544,021534,,7,2,9,1500,0,3,5,,2,004,"CALIFORNIA CITY BLVD","SEQUOIA BLVD",2640.00,N,N,A,-,N,,,,,,,,,,N,3,0,1,1,A,-,08,22107,,M,E,I,A,A,H,-,A,D,0,,,,,Y,Y,A,01,0,1,0,0,0,0,0,0,0,"- ","- ",35.101341247558594,-117.91750335693359,KERN,UNINCORPORATED,-117.91975402832031,35.103599548339844
91266816,2020,2020-07-10,9420,2020-06-26,1620,018117,,5,2,9,1500,0,3,5,,2,550,"KIMBERLINA RD","SHAFTER AVE",14.00,E,N,A,-,N,,,,,,,,,,N,4,0,2,2,A,-,03,22350,,N,C,C,A,A,H,-,A,D,0,,,,,Y,,A,07,0,0,2,0,0,0,0,0,0,"- ","- ",35.558231353759766,-119.27745056152344,KERN,UNINCORPORATED,-119.27748107910156,35.558208465576172
91267276,2020,2020-07-13,9420,2020-05-15,1730,016691,,5,2,9,1500,0,3,5,,2,050,"MERLE HAGGARD DRIVE","PARK MOUNTAIN DRIVE",224.00,W,N,A,-,N,,,,,,,,,,N,1,1,0,2,A,-,11,21954,A,N,G,B,D,A,H,-,A,D,0,Y,,,,Y,,N,60,0,0,0,1,0,0,0,0,0,"- ","- ",35.440868377685547,-119.02752685546875,KERN,UNINCORPORATED,-119.02754974365234,35.440837860107422
91267284,2020,2020-07-13,9420,2020-06-28,0420,020366,,7,3,9,1500,0,1,3,,2,223,SR-223,"ADOBE RD",2645.00,W,N,A,-,Y,,,223,,,,,,,Y,3,0,2,1,A,-,01,23152,F,M,E,J,A,A,H,-,D,D,0,,,,,Y,,A,08,0,2,0,0,0,0,0,0,0,"- ","- ",35.208530426025391,-118.97663116455078,KERN,UNINCORPORATED,-118.97663116455078,35.208625793457031
91267287,2020,2020-07-13,9420,2020-06-27,2200,021402,,6,3,9,1500,0,3,5,,2,672,"ROCK PILE ROAD","BUENA VISTA BLVD",400.00,S,N,A,-,N,,,,,,,,,,Y,3,0,3,2,A,-,05,21650,,N,A,C,A,A,H,-,C,D,0,,,,,Y,,A,01,0,1,2,0,0,0,0,0,0,"- ","- ",35.237239837646484,-118.78839111328125,KERN,UNINCORPORATED,-118.78840637207031,35.237323760986328
91267327,2020,2020-07-13,9420,2020-07-04,0331,021144,,6,3,9,1500,0,3,5,,2,510,"FAMOSO PORTERVILLE HWY.","RICH AVE.",0.00,,Y,A,-,N,,,,,,,,,,Y,2,0,1,1,A,-,01,23152,A,N,E,I,A,A,H,-,D,D,0,,,,,Y,Y,A,01,1,0,0,0,0,0,0,0,0,"- ","- ",35.739471435546875,-119.1463623046875,KERN,UNINCORPORATED,-119.14585113525391,35.739940643310547
91267332,2020,2020-07-13,9420,2020-07-04,2045,019868,,6,2,9,1500,0,1,3,,2,090,"SR-99 N/B","7TH STANDARD RD",5280.00,N,N,A,-,Y,,,99,,,,,,N,Y,4,0,1,2,A,-,07,21658,A,N,E,I,A,A,H,-,D,D,0,,,,,Y,,-,99,0,0,1,0,0,0,0,0,0,"- ","- ",35.459030151367188,-119.11016082763672,KERN,UNINCORPORATED,-119.11022186279297,35.458942413330078
91267395,2020,2020-07-13,9830,2020-07-06,1835,019762,,1,2,9,1500,0,3,5,,2,001,"WOODFORD TEHACHAPI RD.","OAK KNOLL DR.",31.00,S,N,A,-,N,,,,,,,,,,Y,3,0,1,1,A,-,01,23152,A,N,E,I,A,A,H,-,A,D,0,,,,,Y,Y,A,01,0,1,0,0,0,0,0,0,0,"- ","- ",35.161479949951172,-118.49571990966797,KERN,UNINCORPORATED,-118.495361328125,35.161533355712891
91267821,2020,2020-07-13,9420,2020-07-06,1245,021140,,1,1,9,1500,0,1,3,,2,177,SR-178,"RANCHERIA ROAD",26400.00,E,N,A,-,Y,,,178,,,,,,,Y,4,0,1,1,A,-,08,22107,,N,E,I,A,A,H,-,A,D,0,,,,,Y,,E,22,0,0,1,0,0,0,0,0,0,"- ","- ",35.460689544677734,-118.7701416015625,KERN,UNINCORPORATED,-118.77016448974609,35.460784912109375
91267840,2020,2020-07-13,9420,2020-07-03,1557,019686,,5,2,9,1500,0,3,5,,2,520,"SHERWOOD AVENUE","MELCHER ROAD",1425.00,W,N,A,-,N,,,,,,,,,,Y,3,0,1,1,A,-,08,22107,,N,E,I,A,A,H,-,A,D,0,,,,,Y,,A,01,0,1,0,0,0,0,0,0,0,"- ","- ",35.674400329589844,-119.28574371337891,KERN,UNINCORPORATED,-119.28130340576172,35.674285888671875
91268130,2020,2020-07-14,9420,2020-07-05,0200,019903,,7,3,9,1500,0,2,4,,1,052,"ROBERTS LANE","PLYMOUTH AVENUE",261.00,W,N,A,-,N,,,,,,,,,,N,2,0,1,2,A,-,11,21954,A,F,G,B,D,A,H,-,C,D,0,Y,,,,Y,,N,60,1,0,0,0,1,0,0,0,0,"- ","- ",35.408668518066406,-119.02652740478516,KERN,UNINCORPORATED,-119.02641296386719,35.40863037109375
91268195,2020,2020-07-14,9426,2020-07-08,1415,016804,,3,2,9,1500,0,3,5,,2,085,"CORCORAN RD.","GARCES HWY.",10032.00,S,N,A,-,N,,,,,,,,,,Y,4,0,1,1,A,-,08,22107,,N,E,I,A,A,H,-,A,D,0,,,,,Y,,A,01,0,0,1,0,0,0,0,0,0,"- ","- ",35.732601165771484,-119.57939910888672,KERN,UNINCORPORATED,-119.57946014404297,35.733283996582031
91268249,2020,2020-08-10,9426,2020-05-28,1340,016162,,4,1,9,1500,0,1,3,,1,167,"STATE ROUTE 166","SHORT ROAD",2112.00,E,N,A,-,Y,,,166,,,,,,,Y,1,1,1,3,A,-,01,23152,A,N,B,C,A,A,H,-,A,D,0,,,,Y,Y,Y,D,22,1,0,0,0,0,0,0,0,0,"- ","- ",35.058208465576172,-119.360107421875,KERN,UNINCORPORATED,-119.360107421875,35.058185577392578
91268367,2020,2020-07-14,9420,2020-07-12,0908,020634,,7,1,9,1500,0,1,3,,2,097,"SR-99 S/B","DAVID RD.",900.00,N,N,A,-,Y,,,99,,,,,,S,Y,4,0,3,2,A,-,08,22107,,N,E,I,A,A,H,-,A,D,0,,,,,Y,,A,01,0,0,3,0,0,0,0,0,0,"- ","- ",35.098899841308594,-118.98100280761719,KERN,UNINCORPORATED,-118.98110198974609,35.098869323730469
91268449,2020,2020-07-14,9420,2020-07-03,1444,019686,,5,2,9,1500,0,1,3,,1,650,SR-65,"SNOW QUEEN ROAD",300.00,S,N,A,-,Y,,,65,,,,,,,Y,4,0,2,2,A,-,06,21751,,N,B,C,A,A,H,-,A,D,0,,,,,Y,,A,07,0,0,2,0,0,0,0,0,0,"- ","- ",35.709629058837891,-119.06397247314453,KERN,UNINCORPORATED,-119.06393432617188,35.709640502929688
91268458,2020,2020-07-14,9420,2020-07-06,0838,021140,,1,1,9,1500,0,3,5,,2,070,"STERLING ROAD","PIONEER DRIVE",75.00,N,N,A,-,N,,,,,,,,,,Y,3,0,1,1,A,-,08,22107,,N,E,J,A,A,H,-,A,A,0,,,,Y,Y,,F,26,0,1,0,0,0,0,0,0,0,"- ","- ",35.3690185546875,-118.94084167480469,KERN,UNINCORPORATED,-118.94085693359375,35.368904113769531
91268480,2020,2020-07-14,9420,2020-07-05,0058,021386,,7,3,9,1500,0,3,5,,2,070,"EUCALYPTUS  DR","SPRINGER DRIVE",18.00,W,N,A,-,N,,,,,,,,,,Y,4,0,1,3,A,-,01,23152,A,N,B,E,A,A,H,-,D,D,0,,,,,Y,Y,A,01,0,0,1,0,0,0,0,0,0,"- ","- ",35.365180969238281,-118.93533325195312,KERN,UNINCORPORATED,-118.93531799316406,35.365158081054688
91268512,2020,2020-07-14,9426,2020-07-13,0738,016953,,1,1,9,1500,0,3,5,,2,081,"COLES LEVEE RD","UNION RD",0.00,,Y,A,-,N,,,,,,,,,,Y,3,0,1,1,A,-,01,23152,A,N,E,I,A,A,H,-,A,D,0,,,,,Y,Y,A,01,0,1,0,0,0,0,0,0,0,"- ","- ",35.237930297851562,-119.23343658447266,KERN,UNINCORPORATED,-119.23346710205078,35.237571716308594
91268553,2020,2020-07-14,9426,2020-07-08,2050,015472,,3,2,9,1500,0,1,1,,2,500,"I-5 N/B","LOST HILLS RD",4224.00,N,N,A,-,Y,,,5,,,,,,N,Y,4,0,1,2,A,-,03,22350,,N,C,C,A,A,H,-,D,D,0,,,,,Y,,A,07,0,0,1,0,0,0,0,0,0,"- ","- ",35.678001403808594,-119.6990966796875,KERN,UNINCORPORATED,-119.69902038574219,35.678058624267578
91268788,2020,2020-07-15,9420,2020-07-09,0556,020672,,4,3,9,1500,0,2,4,,1,072,"NILES ST","PALM DR",308.00,E,N,A,-,N,,,,,,,,,,Y,4,0,1,3,A,-,01,23152,A,N,B,C,A,A,H,-,A,D,0,,,,Y,Y,Y,A,01,0,0,1,0,0,0,0,0,0,"- ","- ",35.377021789550781,-118.96990203857422,KERN,UNINCORPORATED,-118.96996307373047,35.376972198486328
91268802,2020,2020-07-15,9420,2020-07-08,1410,014811,,3,2,9,1500,0,1,3,,1,184,SR-184,"POLARIS AVENUE",190.00,S,N,A,-,N,,,,,,,,,,Y,4,0,1,2,A,-,21,22106,,N,B,C,A,A,H,-,A,D,0,,,,,Y,,A,01,0,0,1,0,0,0,0,0,0,"- ","- ",35.373809814453125,-118.41425323486328,KERN,UNINCORPORATED,-118.91424560546875,35.373584747314453
91268911,2020,2020-07-15,9420,2020-07-10,1240,015255,,5,1,6,1502,0,1,3,,2,094,"SR-99 N/B","WHITE LANE",1056.00,N,N,A,-,Y,,,99,,,,,,N,Y,2,0,2,2,A,-,08,22107,,F,F,A,A,A,H,-,A,D,0,,,,,Y,,A,01,1,1,0,0,0,0,0,0,0,"- ","- ",35.321540832519531,-119.03701782226562,KERN,BAKERSFIELD,-119.03710174560547,35.321517944335938
91268917,2020,2020-07-15,9420,2020-07-10,1348,020402,,5,1,6,1502,0,1,3,,2,093,"SR-99 S/B","SR-58 (ROSEDALE HWY)",300.00,N,N,A,-,Y,,,99,,,,,,S,Y,4,0,5,5,A,-,03,22350,,N,C,C,A,A,D,H,A,D,0,,,,,Y,,A,07,0,0,5,0,0,0,0,0,0,"- ","- ",35.383651733398438,-119.04454803466797,KERN,BAKERSFIELD,-119.04467010498047,35.383651733398438
91268940,2020,2020-07-15,9420,2020-07-10,1000,016767,,5,1,9,1500,0,1,3,,2,090,"SR-99 N/B","COUNTY LINE ROAD O/C",2112.00,S,N,A,-,Y,,,,,,,,,,Y,3,0,1,2,A,-,03,22350,,N,C,C,A,A,H,-,A,D,0,,,,Y,Y,,D,22,0,1,0,0,0,0,0,0,0,"- ","- ",35.785499572753906,-119.25119781494141,KERN,UNINCORPORATED,,
91268953,2020,2020-07-15,9420,2020-07-13,2225,021133,,1,3,9,1500,0,1,3,,2,204,"SR-204 S/B","KERN RIVER",100.00,S,N,A,-,Y,,,,,,,,,,N,4,0,1,1,A,-,08,22107,,N,E,I,A,A,D,-,C,D,0,,,,,Y,,A,01,0,0,1,0,0,0,0,0,0,"- ","- ",35.394939422607422,-119.03005218505859,KERN,UNINCORPORATED,,
91269281,2020,2020-07-15,9420,2020-07-06,2044,021296,,1,2,9,1500,0,2,4,,1,072,"NILES ST","NORMANDY DR.",0.00,,Y,A,-,N,,,,,,,,,,Y,2,0,1,2,A,-,03,22350,,N,D,C,A,A,H,-,D,D,0,,,Y,,Y,,C,02,1,0,0,0,0,0,0,0,1,"- ","- ",35.375968933105469,-118.93972778320312,KERN,UNINCORPORATED,-118.93968963623047,35.375968933105469
91269455,2020,2020-07-16,9420,2020-07-06,1344,015896,,1,1,9,1500,0,3,5,,2,620,"RENFRO RD","MEACHAM RD",0.00,,Y,A,-,N,,,,,,,,,,Y,4,0,2,3,A,-,09,21802,A,N,D,C,A,A,H,-,A,A,0,,,,,Y,,A,01,0,0,2,0,0,0,0,0,0,"- ","- ",35.390800476074219,-119.16320037841797,KERN,UNINCORPORATED,-119.16330718994141,35.390750885009766
91269593,2020,2020-07-16,9420,2020-07-10,0045,020093,,5,3,9,1500,0,2,4,,1,075,"S. UNION AVENUE","PACHECO ROAD",0.00,,Y,A,-,N,,,,,,,,,,Y,3,0,2,2,A,-,09,21453,C,N,D,C,A,A,H,-,C,A,0,,,,,Y,,A,07,0,2,0,0,0,0,0,0,0,"- ","- ",35.310398101806641,-119.00299835205078,KERN,UNINCORPORATED,-119.00312805175781,35.310390472412109
91269737,2020,2020-08-20,9426,2020-07-06,2335,016579,,1,3,9,1500,0,1,1,,2,500,"I-5 S/B",SR-46,11088.00,N,N,A,-,Y,,,5,,,,,,S,Y,4,0,1,2,A,-,07,21658,A,F,B,C,A,A,H,-,D,D,0,,,,,Y,,D,22,0,0,1,0,0,0,0,0,0,"- ","- ",35.643348693847656,-119.67369079589844,KERN,UNINCORPORATED,-119.67366027832031,35.643375396728516
91269747,2020,2020-07-16,9430,2020-07-11,0525,021596,,6,3,9,1500,0,1,1,,2,053,"I-5 NORTHBOUND","FORT TEJON ROAD",1500.00,N,N,A,-,Y,,,5,,,,,,N,N,3,0,1,1,C,-,18,,,N,F,C,A,A,H,-,B,D,0,,,Y,,Y,,-,"- ",0,1,0,0,0,0,0,0,1,"- ","- ",34.879970550537109,-118.89836120605469,KERN,UNINCORPORATED,-118.89833831787109,34.879985809326172
91269807,2020,2020-07-16,9426,2020-07-14,0130,017281,,2,3,9,1500,0,1,3,,2,581,SR-58,"LOKERN RD.",1056.00,E,N,A,-,N,,,58,,,,,,,Y,4,0,1,1,A,-,08,22107,,N,E,I,A,A,H,-,D,D,0,,,,,Y,,A,01,0,0,1,0,0,0,0,0,0,"- ","- ",35.399608612060547,-119.53370666503906,KERN,UNINCORPORATED,-119.53369903564453,35.39947509765625
91269838,2020,2020-07-16,9426,2020-07-15,1250,016162,,3,1,9,1500,0,1,1,,2,500,"I-5 N/B","TWISSELMAN RD",5280.00,N,N,A,-,Y,,,5,,,,,,N,Y,3,0,5,1,A,-,08,22107,,N,F,A,A,A,H,-,A,D,0,,,,,Y,,A,01,0,2,3,0,0,0,0,0,0,"- ","- ",35.745601654052734,-119.74922180175781,KERN,UNINCORPORATED,-119.74929046630859,35.745548248291016
91269842,2020,2020-07-16,9426,2020-07-09,1945,021572,,4,2,9,1500,0,2,S,,2,904,"ROWLEE ROAD","KIMBERLINA ROAD",0.00,,Y,A,-,N,,,,,,,,,,Y,3,0,2,3,A,-,09,21802,A,N,D,C,A,A,H,-,A,A,0,,,,,Y,,D,22,0,2,0,0,0,0,0,0,0,"- ","- ",35.557651519775391,-119.47419738769531,KERN,UNINCORPORATED,-119.47422027587891,35.557651519775391
91269850,2020,2020-07-16,9420,2020-07-14,1446,019686,,2,2,9,1500,0,1,3,,2,587,"SR-58 W/B","MALAGA ROAD",120.00,E,N,A,-,Y,,,58,,,,,,W,Y,3,0,3,1,A,-,08,22107,,N,F,A,A,A,H,-,A,D,0,,,,,Y,,A,07,0,3,0,0,0,0,0,0,0,"- ","- ",35.342418670654297,-118.86013031005859,KERN,UNINCORPORATED,-118.86009979248047,35.342533111572266
91270126,2020,2020-07-17,9420,2020-07-05,2215,021402,,7,3,9,1500,0,1,3,,2,223,SR-223,SR-58,15840.00,W,N,A,-,Y,,,223,,,,,,,Y,4,0,2,1,A,-,08,22107,,N,E,I,A,A,H,-,D,D,0,,,,,Y,,A,01,0,0,2,0,0,0,0,0,0,"- ","- ",35.23577880859375,-118.697998046875,KERN,UNINCORPORATED,-118.69799041748047,35.235767364501953
91270153,2020,2020-07-17,9420,2020-07-10,2245,019598,,5,3,9,1500,0,1,3,,2,177,SR-178,"CALL BOX 3",2640.00,W,N,A,-,Y,,,178,,,,,,,Y,4,0,1,1,A,-,08,22107,,N,E,I,A,A,H,-,D,D,0,,,,,Y,,A,01,0,0,1,0,0,0,0,0,0,"- ","- ",35.509811401367188,-118.69062042236328,KERN,UNINCORPORATED,-118.69062042236328,35.509811401367188
91270420,2020,2020-07-17,9420,2020-07-07,1945,017243,,2,2,9,1500,0,2,4,,1,072,"NILES ST.","MT. VERNON AVE.",360.00,W,N,A,-,N,,,,,,,,,,N,4,0,1,2,A,-,08,22107,,N,B,C,A,A,H,-,B,D,0,,Y,,,Y,,L,04,0,0,1,0,0,0,1,0,0,"- ","- ",35.37677001953125,-118.96882629394531,KERN,UNINCORPORATED,-118.96874237060547,35.376674652099609
91270431,2020,2020-07-17,9420,2020-07-10,1956,021589,,5,2,9,1500,0,2,4,,1,072,"NILES ST","CATALPA WAY",0.00,,Y,A,-,N,,,,,,,,,,Y,3,0,2,2,A,-,12,21453,A,N,D,C,A,A,H,-,B,A,0,,,,,Y,,A,01,0,2,0,0,0,0,0,0,0,"- ","- ",35.375888824462891,-118.95858001708984,KERN,UNINCORPORATED,-118.95854949951172,35.375839233398438
91270464,2020,2020-07-17,9420,2020-07-12,1635,021503,,7,2,9,1500,0,3,5,,2,671,"E. PANAMA LANE","OSWELL ST.",700.00,E,N,A,-,N,,,,,,,,,,N,3,0,2,2,A,-,03,22350,,N,C,C,A,A,H,-,A,D,0,,,,,Y,,A,01,0,2,0,0,0,0,0,0,0,"- ","- ",35.2960205078125,-118.94754791259766,KERN,UNINCORPORATED,-118.94760894775391,35.2960205078125
91270482,2020,2020-07-17,9420,2020-07-09,1310,017256,,4,1,9,1500,0,3,5,,2,610,"LYMRIC WAY","MADRID AVENUE",0.00,,Y,A,-,N,,,,,,,,,,Y,4,0,1,3,A,-,09,21800,B,N,D,C,A,A,H,-,A,D,0,,,,,Y,,A,01,0,0,1,0,0,0,0,0,0,"- ","- ",34.341220855712891,-119.04621124267578,KERN,UNINCORPORATED,-119.04618072509766,35.341220855712891
91270532,2020,2020-07-17,9420,2020-07-14,0640,017256,,2,1,9,1500,0,3,5,,2,620,"STOCKDALE HIGHWAY","SUPERIOR ROAD",187.00,E,N,A,-,N,,,,,,,,,,Y,4,0,1,1,A,-,08,22107,,N,E,I,A,A,H,-,A,D,0,,,,,Y,,D,22,0,0,1,0,0,0,0,0,0,"- ","- ",35.354400634765625,-119.23370361328125,KERN,UNINCORPORATED,-119.23370361328125,35.354312896728516
91270539,2020,2020-07-17,9420,2020-07-06,2150,019649,,1,2,9,1500,0,2,4,,1,072,"EDISON HWY","MALAGA RD",812.00,W,N,A,-,N,,,,,,,,,,N,2,0,1,3,A,-,08,22107,,F,G,B,F,A,H,-,D,D,0,Y,,,,Y,,A,07,1,0,0,0,1,0,0,0,0,"- ","- ",35.345798492431641,-118.86382293701172,KERN,UNINCORPORATED,-118.86354064941406,35.345706939697266
91270838,2020,2020-07-20,9420,2020-07-09,1715,019353,,4,2,6,1502,0,1,3,,2,584,"SR-58 W/B","CHESTER AVENUE O/C",200.00,E,N,A,-,Y,,,58,,,,,,W,N,4,0,2,2,A,-,03,22350,,N,C,C,A,A,H,-,A,D,0,,,,,Y,,D,22,0,0,2,0,0,0,0,0,0,"- ","- ",35.352100372314453,-119.01940155029297,KERN,BAKERSFIELD,-119.01939392089844,35.352703094482422
91270868,2020,2020-07-20,9430,2020-07-11,0110,015185,,6,3,9,1500,0,1,1,,2,054,"I-5 N/B (GOLDEN STATE FREEWAY)","GRAPEVINE RD",7656.00,N,N,A,-,Y,,,5,,,,,,N,Y,2,0,1,1,A,-,01,23152,A,N,E,I,A,A,H,-,D,D,0,,,,,Y,Y,A,01,1,0,0,0,0,0,0,0,0,"- ","- ",34.959510803222656,-118.93665313720703,KERN,UNINCORPORATED,-118.93665313720703,34.959506988525391
91270942,2020,2020-07-20,9420,2020-07-10,0305,019963,,5,3,9,1500,0,3,5,,2,671,"PANAMA LANE","VINELAND ROAD",0.00,,Y,A,-,N,,,,,,,,,,Y,2,0,1,2,A,-,01,23152,A,N,D,C,A,A,H,-,C,A,0,,,,,Y,Y,A,01,1,0,0,0,0,0,0,0,0,"- ","- ",35.296199798583984,-118.89610290527344,KERN,UNINCORPORATED,-118.89639282226562,35.296188354492188
91271029,2020,2020-07-20,9420,2020-07-11,2339,021134,,6,3,6,1502,0,1,3,,1,176,"OSWELL ST TO SR-178 W/B","OSWELL ST",800.00,W,N,A,-,Y,,,,,,,,,,Y,4,0,1,2,A,-,04,21703,,N,C,C,A,A,H,-,D,D,0,,,,,Y,Y,A,01,0,0,1,0,0,0,0,0,0,"- ","- ",35.396610260009766,-118.95265197753906,KERN,BAKERSFIELD,,