CASE_ID,ACCIDENT_YEAR,PROC_DATE,JURIS,COLLISION_DATE,COLLISION_TIME,OFFICER_ID,REPORTING_DISTRICT,DAY_OF_WEEK,CHP_SHIFT,POPULATION,CNTY_CITY_LOC,SPECIAL_COND,BEAT_TYPE,CHP_BEAT_TYPE,CITY_DIVISION_LAPD,CHP_BEAT_CLASS,BEAT_NUMBER,PRIMARY_RD,SECONDARY_RD,DISTANCE,DIRECTION,INTERSECTION,WEATHER_1,WEATHER_2,STATE_HWY_IND,CALTRANS_COUNTY,CALTRANS_DISTRICT,STATE_ROUTE,ROUTE_SUFFIX,POSTMILE_PREFIX,POSTMILE,LOCATION_TYPE,RAMP_INTERSECTION,SIDE_OF_HWY,TOW_AWAY,COLLISION_SEVERITY,NUMBER_KILLED,NUMBER_INJURED,PARTY_COUNT,PRIMARY_COLL_FACTOR,PCF_CODE_OF_VIOL,PCF_VIOL_CATEGORY,PCF_VIOLATION,PCF_VIOL_SUBSECTION,HIT_AND_RUN,TYPE_OF_COLLISION,MVIW,PED_ACTION,ROAD_SURFACE,ROAD_COND_1,ROAD_COND_2,LIGHTING,CONTROL_DEVICE,CHP_ROAD_TYPE,PEDESTRIAN_ACCIDENT,BICYCLE_ACCIDENT,MOTORCYCLE_ACCIDENT,TRUCK_ACCIDENT,NOT_PRIVATE_PROPERTY,ALCOHOL_INVOLVED,STWD_VEHTYPE_AT_FAULT,CHP_VEHTYPE_AT_FAULT,COUNT_SEVERE_INJ,COUNT_VISIBLE_INJ,COUNT_COMPLAINT_PAIN,COUNT_PED_KILLED,COUNT_PED_INJURED,COUNT_BICYCLIST_KILLED,COUNT_BICYCLIST_INJURED,COUNT_MC_KILLED,COUNT_MC_INJURED,PRIMARY_RAMP,SECONDARY_RAMP,LATITUDE,LONGITUDE,COUNTY,CITY,POINT_X,POINT_Y
91302041,2020,2020-09-10,9420,2020-09-05,0925,016767,,6,1,9,1500,0,1,3,,2,091,"SR-99 S/B","WOOLLOMES AVE. O/C",1056.00,S,N,A,-,Y,,,,,,,,,,Y,3,0,2,1,C,-,18,,,N,E,J,A,A,H,-,A,D,0,,,,,Y,,-,"- ",0,1,1,0,0,0,0,0,0,"- ","- ",35.741600036621094,-119.24179840087891,KERN,UNINCORPORATED,,
91302106,2020,2020-09-10,9430,2020-09-06,1840,015472,,7,2,9,1500,0,1,1,,2,055,"I-5 N/B","S. WHEELER RIDGE RD.",5808.00,N,N,A,-,Y,,,5,,,,,,N,N,4,0,4,2,A,-,03,22350,,M,C,C,A,A,H,-,A,D,0,,,,,Y,,D,22,0,0,4,0,0,0,0,0,0,"- ","- ",34.999801635742188,-118.94950103759766,KERN,UNINCORPORATED,-118.94940185546875,34.999828338623047
91302162,2020,2021-01-29,9420,2020-09-06,2043,021296,,7,2,9,1500,0,3,5,,2,070,"PIONEER DR","STERLING RD",5.00,E,N,A,-,N,,,,,,,,,,Y,4,0,1,2,A,-,05,21460,A,M,B,C,A,A,H,-,C,A,0,,,,,Y,,D,22,0,0,1,0,0,0,0,0,0,"- ","- ",35.368770599365234,-118.94075012207031,KERN,UNINCORPORATED,-118.94084167480469,35.368701934814453
91302203,2020,2020-09-10,9420,2020-09-06,0613,016767,,7,1,9,1500,0,1,S,,2,900,"SR-99 NB","POND ROAD O/C",1584.00,S,N,A,-,Y,,,,,,,,,,Y,3,0,1,1,A,-,01,23152,A,N,E,I,A,A,H,-,A,D,0,,,,,Y,Y,D,22,0,1,0,0,0,0,0,0,0,"- ","- ",35.741401672363281,-119.24160003662109,KERN,UNINCORPORATED,-119.23548889160156,35.71392822265625
91302292,2020,2020-09-10,9420,2020-09-09,0603,015259,,3,1,9,1500,0,3,5,,2,672,"METTLER FRONTAGE ROAD EAST","VALPREDO AVENUE",0.00,,Y,B,G,Y,,,,,,,,,,N,4,0,1,2,A,-,09,21801,A,N,A,C,A,A,H,-,B,D,0,,,,,Y,,A,07,0,0,1,0,0,0,0,0,0,"- ","- ",35.076248168945312,-118.97331237792969,KERN,UNINCORPORATED,-118.97329711914062,35.076160430908203
91302478,2020,2020-09-10,9426,2020-09-03,1424,018610,,4,2,9,1500,0,3,5,,2,081,"SHATTUCK AVE","PICO ST",0.00,,Y,A,-,N,,,,,,,,,,Y,3,0,1,2,A,-,03,22350,,N,B,C,A,A,H,-,A,D,0,,,Y,,Y,,C,02,0,1,0,0,0,0,0,0,1,"- ","- ",35.135768890380859,-119.46079254150391,KERN,UNINCORPORATED,-119.46105194091797,35.135799407958984
91302535,2020,2020-09-10,9420,2020-09-07,1045,016767,,1,1,9,1500,0,3,5,,2,510,"WALLACE ROAD","CECIL AVENUE",2640.00,N,N,A,-,N,,,,,,,,,,Y,4,0,1,1,C,-,18,,,N,E,I,A,A,H,-,A,D,0,,,,,Y,,-,"- ",0,0,1,0,0,0,0,0,0,"- ","- ",35.786201477050781,-119.16850280761719,KERN,UNINCORPORATED,-119.16969299316406,35.783226013183594
91302536,2020,2020-09-10,9426,2020-09-07,1307,016804,,1,1,9,1500,0,1,3,,2,582,"SR-58 E/B","BRANDT RD",0.00,,Y,A,-,Y,,,58,,,,,,E,N,3,0,1,2,A,-,03,22350,,N,C,C,A,A,H,-,A,D,0,,,,,Y,,A,01,0,1,0,0,0,0,0,0,0,"- ","- ",35.398479461669922,-119.37689208984375,KERN,UNINCORPORATED,-119.37689208984375,35.398765563964844
91302562,2020,2020-09-10,9426,2020-09-09,1111,016953,,3,1,9,1500,0,1,3,,1,332,SR-33,"SODA LAKE RD",5280.00,N,N,A,-,Y,,,33,,,,,,,Y,4,0,1,1,A,-,08,22107,,N,E,I,A,A,H,-,A,D,0,,,,,Y,,D,22,0,0,1,0,0,0,0,0,0,"- ","- ",34.974739074707031,-119.43562316894531,KERN,UNINCORPORATED,-119.43563079833984,34.974742889404297
91302752,2020,2020-09-11,9420,2020-08-30,0221,021365,,7,3,6,1502,0,1,3,,1,176,"SR-178 E/B","ESPEE STREET",102.00,E,N,A,-,Y,,,178,,,,,,E,Y,3,0,2,2,A,-,01,23152,A,N,A,C,A,A,H,-,C,D,0,,,,,Y,Y,A,01,0,2,0,0,0,0,0,0,0,"- ","- ",35.382869720458984,-119.00759887695312,KERN,BAKERSFIELD,-119.00763702392578,35.38299560546875
91302777,2020,2020-10-13,9420,2020-09-03,1712,016691,,4,2,9,1500,0,3,5,,2,672,"S. FAIRFAX RD","MOUNTAIN VIEW RD",0.00,,Y,A,-,N,,,,,,,,,,Y,4,0,1,2,A,-,09,21802,A,N,D,C,A,A,H,-,A,A,0,,,,Y,Y,,G,25,0,0,1,0,0,0,0,0,0,"- ","- ",35.281520843505859,-118.93211364746094,KERN,UNINCORPORATED,-118.93209838867188,35.281501770019531
91302950,2020,2020-09-11,9420,2020-09-10,0555,014967,,4,3,9,1500,0,1,3,,2,431,"SR-43 (ENOS LANE)","7TH STANDARD RD.",2640.00,N,N,A,-,Y,,,43,,,,,,,Y,3,0,1,2,A,-,09,21801,A,N,D,C,A,A,H,-,D,D,0,,,,,Y,,D,22,0,1,0,0,0,0,0,0,0,"- ","- ",35.448699951171875,-119.25453186035156,KERN,UNINCORPORATED,-119.25473785400391,35.448554992675781
91302956,2020,2020-09-11,9420,2020-09-10,0555,015255,,4,3,6,1502,0,1,3,,2,092,"SR-99 N/B","CALIFORNIA AVENUE",1056.00,N,N,A,-,Y,,,99,,,,,,N,Y,4,0,1,2,A,-,03,22350,,N,C,C,A,A,H,-,B,D,0,,,,,Y,,A,08,0,0,1,0,0,0,0,0,0,"- ","- ",35.370391845703125,-119.04261016845703,KERN,BAKERSFIELD,-119.04266357421875,35.370368957519531
91303131,2020,2020-09-11,9420,2020-09-10,0535,014770,,4,3,9,1500,0,3,5,,2,520,"POND RD.","BENNER AVE.",0.00,,Y,A,-,N,,,,,,,,,,Y,4,0,1,2,A,-,09,21802,A,N,D,C,A,A,H,-,C,A,0,,,,,Y,,A,07,0,0,1,0,0,0,0,0,0,"- ","- ",35.717720031738281,-119.31191253662109,KERN,UNINCORPORATED,-119.3118896484375,35.717708587646484
91303236,2020,2020-09-11,9426,2020-09-05,1100,016162,,6,1,9,1500,0,3,5,,2,081,"25 HILL RD","SOUTH ST",5808.00,S,N,A,-,N,,,,,,,,,,Y,4,0,1,1,A,-,03,22350,,N,F,A,A,A,H,-,A,D,0,,,,,Y,,A,01,0,0,1,0,0,0,0,0,0,"- ","- ",35.114978790283203,-119.455078125,KERN,UNINCORPORATED,-119.45572662353516,35.115745544433594
91303282,2020,2020-09-11,9420,2020-08-30,1313,020634,,7,1,9,1500,0,1,3,,1,650,SR-65,"SHERWOOD AVE",2500.00,S,N,A,-,Y,,,65,,,,,,,Y,4,0,1,2,A,-,03,22350,,N,C,C,A,A,H,-,A,D,0,,,,,Y,,A,07,0,0,1,0,0,0,0,0,0,"- ","- ",35.657001495361328,-119.07810211181641,KERN,UNINCORPORATED,-119.07819366455078,35.657028198242188
91303298,2020,2020-09-11,9426,2020-08-16,1508,019206,,7,2,9,1500,0,1,1,,2,506,"INTERSTATE 5 N/B","VALPREDO AVENUE",1584.00,S,N,A,-,Y,,,5,,,,,,N,Y,1,2,4,3,A,-,08,22107,,N,D,C,A,A,H,-,A,D,0,,,,Y,Y,,D,22,3,1,0,0,0,0,0,0,0,"- ","- ",35.073299407958984,-119.01405334472656,KERN,UNINCORPORATED,-119.01394653320312,35.073406219482422
91303305,2020,2020-09-11,9830,2020-09-04,2020,019400,,5,2,9,1500,0,3,5,,2,002,"M ST","TRINITY AVE",175.00,N,N,A,-,N,,,,,,,,,,N,4,0,1,2,A,-,03,22350,,N,C,C,A,A,H,-,D,D,0,,,,,Y,,A,01,0,0,1,0,0,0,0,0,0,"- ","- ",35.050350189208984,-118.16885375976562,KERN,UNINCORPORATED,-118.16864776611328,35.049812316894531
91303684,2020,2020-09-14,9420,2020-08-28,1824,021296,,5,2,9,1500,0,1,3,,2,589,"SR-58 W/B","GENERAL BEALE RD",4000.00,E,N,A,-,Y,,,58,,,,,,W,Y,2,0,1,2,A,-,01,23152,A,F,B,C,A,A,H,-,A,D,0,,,,,Y,Y,A,07,1,0,0,0,0,0,0,0,0,"- ","- ",35.287620544433594,-118.74024200439453,KERN,UNINCORPORATED,-118.74024963378906,35.287601470947266
91303774,2020,2020-10-01,9420,2020-09-04,0420,020093,,5,3,9,1500,0,3,5,,2,050,"FERGUSON AVE","IRIS ST",76.00,W,N,A,-,Y,,,,,,,,,,Y,1,1,0,2,A,-,01,23152,A,N,E,A,A,A,H,-,C,D,0,,,Y,,Y,Y,C,02,0,0,0,0,0,0,0,1,0,"- ","- ",35.514598846435547,-119.01689910888672,KERN,UNINCORPORATED,-119.01674652099609,35.415851593017578
91303812,2020,2020-09-14,9420,2020-08-29,1215,019353,,6,1,9,1500,0,1,3,,1,184,"COMANCHE DRIVE","PANAMA LANE",0.00,,Y,A,-,N,,,,,,,,,,N,4,0,1,2,A,-,09,21802,B,N,D,C,A,A,H,-,A,D,0,,,Y,Y,Y,,C,02,0,0,1,0,0,0,0,0,1,"- ","- ",35.296398162841797,-118.84279632568359,KERN,UNINCORPORATED,-118.84293365478516,35.296421051025391
91303851,2020,2020-09-14,9420,2020-09-01,1210,017256,,2,1,9,1500,0,2,4,,1,052,"ROBERTS LANE","OILDALE DRIVE",40.00,E,N,A,-,N,,,,,,,,,,N,4,0,2,2,A,-,03,22350,,N,C,C,A,A,H,-,A,A,0,,,,,Y,,A,01,0,0,2,0,0,0,0,0,0,"- ","- ",35.408699035644531,-119.02976226806641,KERN,UNINCORPORATED,-119.02981567382812,35.40863037109375
91304022,2020,2020-09-14,9420,2020-09-04,1535,019901,,5,2,9,1500,0,3,5,,2,540,"MCCOMBS RD.","CENTRAL AVE.",1584.00,W,N,A,-,N,,,,,,,,,,Y,3,0,1,1,A,-,08,22107,,N,E,I,A,A,H,-,A,D,0,,,,,Y,,A,01,0,1,0,0,0,0,0,0,0,"- ","- ",35.616069793701172,-119.36295318603516,KERN,UNINCORPORATED,-119.36331176757812,35.616020202636719
91304044,2020,2020-09-14,9420,2020-09-06,1720,019901,,7,2,9,1500,0,1,3,,2,096,"SR-99 N/B","DAVID RD.",600.00,S,N,A,-,Y,,,99,,,,,,N,Y,4,0,1,2,A,-,03,22350,,N,C,C,A,A,H,-,A,D,0,,,,,Y,,A,01,0,0,1,0,0,0,0,0,0,"- ","- ",35.078750610351562,-118.97447204589844,KERN,UNINCORPORATED,-118.97440338134766,35.078769683837891
91304052,2020,2020-09-14,9420,2020-09-06,1715,021140,,7,2,9,1500,0,3,5,,2,671,"TEJON HIGHWAY","DIGORGIO ROAD",2112.00,S,N,A,-,N,,,,,,,,,,Y,3,0,1,2,A,-,08,22107,,N,B,C,A,A,H,-,A,D,0,,,,,Y,,D,22,0,1,0,0,0,0,0,0,0,"- ","- ",35.252048492431641,-118.82472229003906,KERN,UNINCORPORATED,-118.82466888427734,35.246936798095703
91304067,2020,2020-11-03,9420,2020-09-06,2100,021140,,7,2,9,1500,0,1,3,,1,184,SR-184,"MAN O WAR STREET",590.00,S,N,A,-,Y,,,,,,,,,,Y,4,0,1,2,A,-,09,21804,A,M,D,C,A,A,H,-,D,D,0,,,,,Y,Y,A,07,0,0,1,0,0,0,0,0,0,"- ","- ",35.834419250488281,-118.91439056396484,KERN,UNINCORPORATED,,
91304180,2020,2020-09-14,9420,2020-09-07,1740,021600,,1,2,9,1500,0,1,3,,1,184,SR-184,"WILSON RD.",0.00,,Y,A,-,Y,,,184,,,,,,,N,4,0,1,2,A,-,09,21802,A,N,D,C,A,A,H,-,D,A,0,,,,,Y,,D,22,0,0,1,0,0,0,0,0,0,"- ","- ",35.332561492919922,-118.91429138183594,KERN,UNINCORPORATED,-118.91429901123047,35.332561492919922
91304189,2020,2020-09-14,9420,2020-09-04,1125,019098,,5,1,6,1502,0,1,3,,2,092,"SR-99 N/B",SR-204,300.00,N,N,A,-,Y,,,99,,,,,,N,Y,4,0,1,1,C,-,18,,,N,E,I,A,A,D,E,A,D,0,,,,,Y,,-,"- ",0,0,1,0,0,0,0,0,0,"- ","- ",35.404148101806641,-119.04608917236328,KERN,BAKERSFIELD,-119.04611206054688,35.404136657714844
91304198,2020,2020-09-14,9420,2020-09-07,0424,021386,,1,3,9,1500,0,1,3,,1,119,"STATE ROUTE 119","OLD RIVER ROAD",0.00,,Y,A,-,N,,,119,,,,,,,Y,2,0,2,2,A,-,09,21802,A,N,D,C,A,A,H,-,D,A,0,,,,,Y,,A,01,2,0,0,0,0,0,0,0,0,"- ","- ",35.267181396484375,-119.11002349853516,KERN,UNINCORPORATED,-119.11002349853516,35.267181396484375
91304344,2020,2020-09-16,9420,2020-09-08,0215,019021,,2,3,9,1500,0,1,3,,2,093,"SR-99 S/B","NORRIS ROAD",100.00,N,N,A,-,Y,,,99,,,,,,S,Y,2,0,4,1,A,-,01,23152,A,N,E,I,A,A,H,-,C,D,0,,,,,Y,Y,D,22,2,2,0,0,0,0,0,0,0,"- ","- ",35.421699523925781,-119.06109619140625,KERN,UNINCORPORATED,-119.06124877929688,35.421657562255859
91304347,2020,2020-09-14,9830,2020-09-11,2020,019400,,5,2,9,1500,0,1,3,,1,015,SR-202,"SOUTH ST",0.00,,Y,A,-,Y,,,202,,,,,,,N,4,0,1,2,A,-,09,21802,A,N,D,C,A,A,H,-,C,A,0,,,,,Y,,A,07,0,0,1,0,0,0,0,0,0,"- ","- ",35.1243896484375,-118.49263763427734,KERN,UNINCORPORATED,-118.49263763427734,35.124282836914062
91304379,2020,2020-09-14,9420,2020-09-09,2250,019963,,3,3,9,1500,0,1,3,,2,097,"SR-99 S/B",SR-223,300.00,N,N,A,-,Y,,,99,,,,,,S,Y,2,0,1,2,A,-,03,22350,,N,C,C,A,A,H,-,D,D,0,,,,Y,Y,,A,01,1,0,0,0,0,0,0,0,0,"- ","- ",35.210781097412109,-119.01094818115234,KERN,UNINCORPORATED,-119.01082611083984,35.210800170898438
91304385,2020,2020-09-14,9420,2020-09-09,0640,016767,,3,1,9,1500,0,2,4,,1,051,"N. CHESTER AVENUE","NORRIS ROAD",0.00,,Y,A,-,N,,,,,,,,,,Y,2,0,3,2,A,-,12,21453,A,N,D,C,A,A,H,-,A,A,0,,,,,Y,,A,01,1,2,0,0,0,0,0,0,0,"- ","- ",35.419498443603516,-119.02110290527344,KERN,UNINCORPORATED,-119.02126312255859,35.419609069824219
91304411,2020,2020-09-14,9420,2020-09-10,1825,020782,,4,2,9,1500,0,3,5,,2,672,"VINELAND ROAD","VISTA COLINA DRIVE",0.00,,Y,B,-,N,,,,,,,,,,N,4,0,2,2,A,-,03,22350,,N,C,C,A,A,H,-,A,D,0,,,,,Y,,D,22,0,0,2,0,0,0,0,0,0,"- ","- ",35.359580993652344,-118.89643096923828,KERN,UNINCORPORATED,-118.89643096923828,35.359668731689453
91304421,2020,2020-09-15,9420,2020-09-10,1335,019868,,4,1,9,1500,0,1,3,,2,090,"SR-99 N/B","WHISLER RD",10560.00,S,N,B,-,Y,,,99,,,,,,N,Y,4,0,2,2,A,-,03,22350,,N,C,C,A,A,H,-,A,D,0,,,,Y,Y,,A,01,0,0,2,0,0,0,0,0,0,"- ","- ",35.625450134277344,-119.21463775634766,KERN,UNINCORPORATED,-119.21469116210938,35.625438690185547
91304806,2020,2020-09-15,9420,2020-09-03,2150,016828,,4,2,9,1500,0,1,3,,2,090,"SR-99 N/B","LERDO HIGHWAY",2640.00,S,N,A,-,Y,,,,,,,,,,Y,3,0,3,2,A,-,01,23152,A,N,C,C,A,A,H,-,D,D,0,,,,,Y,Y,A,01,0,2,1,0,0,0,0,0,0,"- ","- ",35.294200897216797,-119.09290313720703,KERN,UNINCORPORATED,-119.16323089599609,35.499649047851562
91304840,2020,2020-09-15,9426,2020-09-04,2130,019442,,5,2,9,1500,0,3,5,,2,080,"BASIC SCHOOL RD","GARDNER FIELD RD",27.00,N,N,A,-,N,,,,,,,,,,Y,3,0,1,1,A,-,03,22350,,M,E,J,A,A,H,-,D,D,0,,,,,Y,,D,22,0,1,0,0,0,0,0,0,0,"- ","- ",35.101211547851562,-119.31407928466797,KERN,UNINCORPORATED,-119.31406402587891,35.101329803466797
91304944,2020,2021-06-17,9420,2020-06-27,2042,021503,,6,2,9,1500,0,1,3,,1,184,"STATE ROUTE 184","HALLELUIAH STREET",633.00,S,N,A,-,Y,,,184,,,,,,,Y,1,1,2,2,A,-,06,21755,,F,A,C,A,A,H,-,B,D,0,,,,,Y,,A,01,1,1,0,0,0,0,0,0,0,"- ","- ",35.3271484375,-118.914306640625,KERN,UNINCORPORATED,-118.914306640625,35.3271484375
91305166,2020,2020-09-15,9426,2020-09-09,1638,018919,,3,2,9,1500,0,3,5,,2,085,"CORCORAN ROAD","MCCOMBS AVENUE",7392.00,N,N,A,-,N,,,,,,,,,,Y,2,0,1,1,A,-,08,22107,,N,F,A,A,A,H,-,A,D,0,,,,Y,Y,,G,25,1,0,0,0,0,0,0,0,0,"- ","- ",35.657291412353516,-119.58010864257812,KERN,UNINCORPORATED,-119.58006286621094,35.636001586914062
91305177,2020,2020-09-15,9420,2020-09-09,1200,013851,,3,1,9,1500,0,3,5,,2,672,"CASA LOMA DRIVE","MADISON STREET",556.00,W,N,A,-,N,,,,,,,,,,Y,4,0,1,3,A,-,09,21801,A,N,A,C,A,A,H,-,A,D,0,,,,,Y,,A,07,0,0,1,0,0,0,0,0,0,"- ","- ",35.339431762695312,-118.99617004394531,KERN,UNINCORPORATED,-118.99612426757812,35.339450836181641
91305202,2020,2020-09-15,9420,2020-08-28,0930,016767,,5,1,9,1500,0,3,5,,2,671,"DIGIORGIO ROAD","EDISON ROAD",160.00,E,N,A,-,N,,,,,,,,,,N,3,0,1,2,A,-,03,22350,,N,C,C,A,A,H,-,A,D,0,,,,,Y,,A,01,0,1,0,0,0,0,0,0,0,"- ","- ",35.252601623535156,-118.87680053710938,KERN,UNINCORPORATED,-118.87785339355469,35.2525634765625
91305228,2020,2020-09-15,9420,2020-09-09,1430,017972,,3,2,9,1500,0,3,5,,2,050,"EL TEJON AVE","CALIFORNIA ST",2.00,E,N,B,-,N,,,,,,,,,,N,3,0,1,2,A,-,10,21950,A,N,G,B,B,A,H,-,A,A,0,Y,,,,Y,,A,01,0,1,0,0,1,0,0,0,0,"- ","- ",35.418251037597656,-119.02326965332031,KERN,UNINCORPORATED,-119.02342987060547,35.418201446533203
91305236,2020,2020-09-15,9426,2020-09-08,1525,018919,,2,2,9,1500,0,3,5,,2,081,"ELM STREET","PIERCE STREET",0.00,,Y,A,-,N,,,,,,,,,,Y,2,0,1,2,A,-,05,21752,D,N,D,C,A,A,H,-,A,D,0,,,Y,,Y,,C,02,1,0,0,0,0,0,0,0,1,"- ","- ",35.157638549804688,-119.46286773681641,KERN,UNINCORPORATED,-119.46266937255859,35.157569885253906
91305258,2020,2020-09-15,9420,2020-09-10,1838,017972,,4,2,9,1500,0,2,4,,1,051,"OILDALE DR","BELLE AVE",50.00,S,N,B,-,N,,,,,,,,,,Y,4,0,1,2,A,-,08,22107,,N,C,E,A,A,H,-,A,D,0,,,,,Y,,A,01,0,0,1,0,0,0,0,0,0,"- ","- ",35.409980773925781,-119.02993011474609,KERN,UNINCORPORATED,-119.02996826171875,35.410301208496094
91305282,2020,2020-09-15,9420,2020-09-11,1230,019649,,5,1,9,1500,0,2,4,,1,072,"E. CALIFORNIA AVE.","MT. VERNON AVE",95.00,E,N,A,-,N,,,,,,,,,,Y,3,0,1,2,A,-,03,22350,,N,C,C,A,A,H,-,A,D,0,,,,,Y,,A,01,0,1,0,0,0,0,0,0,0,"- ","- ",35.368488311767578,-118.96707153320312,KERN,UNINCORPORATED,-118.96730804443359,35.368679046630859
91305314,2020,2020-09-15,9420,2020-09-11,1630,020782,,5,2,9,1500,0,2,4,,1,075,"S. UNION AVENUE","PLANZ ROAD",400.00,N,N,B,-,N,,,,,,,,,,Y,4,0,2,2,A,-,03,22350,,N,C,C,A,A,H,-,A,A,0,,,,,Y,,D,22,0,0,2,0,0,0,0,0,0,"- ","- ",35.326568603515625,-119.00312042236328,KERN,UNINCORPORATED,-119.00311279296875,35.326019287109375
91305531,2020,2020-09-16,9420,2020-09-09,0330,021134,,3,3,9,1500,0,3,5,,2,672,"BENA RD","SR-58 E/B",1381.00,S,N,A,-,N,,,,,,,,,,Y,3,0,1,1,A,-,08,22107,,N,E,I,A,A,H,-,D,D,0,,,,,Y,,A,01,0,1,0,0,0,0,0,0,0,"- ","- ",35.266948699951172,-118.68094635009766,KERN,UNINCORPORATED,-118.68089294433594,35.266975402832031
91305669,2020,2020-09-16,9426,2020-09-07,1532,018919,,1,2,9,1500,0,3,5,,2,081,"HARRISON STREET","CEDAR STREET",265.00,N,N,A,-,N,,,,,,,,,,N,4,0,1,1,C,-,18,,,N,E,I,A,A,H,-,A,D,0,,,,,Y,,-,"- ",0,0,1,0,0,0,0,0,0,"- ","- ",35.153850555419922,-119.456298828125,KERN,UNINCORPORATED,-119.45632934570312,35.155288696289062
91305672,2020,2020-09-16,9426,2020-09-09,1350,016804,,3,1,9,1500,0,1,3,,2,581,SR-58,"S/B I-5 ON RAMP",120.00,E,N,A,-,Y,,,,,,,,,,Y,3,0,3,2,A,-,08,22102,,N,B,C,A,A,H,-,A,D,0,,,,,Y,,A,01,0,1,2,0,0,0,0,0,0,"- ","- ",35.401020050048828,-119.40869903564453,KERN,UNINCORPORATED,,
91305734,2020,2020-09-16,9426,2020-09-14,1325,016804,,1,1,9,1500,0,3,5,,2,086,"MAGNOLIA AVE.","BURBANK ST",3696.00,S,N,A,-,N,,,,,,,,,,Y,3,0,1,1,A,-,08,22107,,N,F,A,A,A,H,-,A,D,0,,,,,Y,,A,01,0,1,0,0,0,0,0,0,0,"- ","- ",35.456809997558594,-119.36576843261719,KERN,UNINCORPORATED,-119.36811828613281,35.46087646484375
91305858,2020,2020-09-16,9426,2020-09-13,1130,016953,,7,1,9,1500,0,1,1,,2,500,"I-5 S/B","TWISSELMAN RD",528.00,S,N,A,-,Y,,,,,,,,,,Y,4,0,1,2,A,-,03,22350,,N,C,C,A,A,H,-,A,D,0,,,,,Y,,A,07,0,0,1,0,0,0,0,0,0,"- ","- ",35.455909729003906,-119.4715576171875,KERN,UNINCORPORATED,,
91305878,2020,2020-09-16,9420,2020-09-05,0020,015977,,6,3,9,1500,0,1,3,,2,155,SR-155,"BARLOW DR",1056.00,W,N,A,-,Y,,,155,,,,,,,Y,4,0,4,2,A,-,05,21460,A,N,B,C,A,A,H,-,D,D,0,,,,,Y,,A,07,0,0,4,0,0,0,0,0,0,"- ","- ",35.633621215820312,-118.48075103759766,KERN,UNINCORPORATED,-118.48075866699219,35.633609771728516
91305965,2020,2020-09-16,9420,2020-09-12,1640,020634,,6,2,9,1500,0,3,5,,2,672,"WHEELER RIDGE RD","DAVID RD",0.00,,Y,A,-,N,,,,,,,,,,Y,3,0,1,2,A,-,12,22450,A,N,D,C,A,A,H,-,A,A,0,,,,,Y,,A,07,0,1,0,0,0,0,0,0,0,"- ","- ",35.092899322509766,-118.91470336914062,KERN,UNINCORPORATED,-118.91471862792969,35.092910766601562
91306005,2020,2020-09-16,9420,2020-09-12,0025,021915,,6,3,9,1500,0,1,3,,2,155,SR-155,"DEADRICH AVE",150.00,E,N,A,-,Y,,,155,,,,,,,Y,4,0,1,1,A,-,08,22107,,N,E,I,A,A,H,-,D,D,0,,,,,Y,,A,01,0,0,1,0,0,0,0,0,0,"- ","- ",35.692691802978516,-118.46794891357422,KERN,UNINCORPORATED,-118.46785736083984,35.692726135253906
91306008,2020,2020-09-16,9420,2020-09-13,0205,020093,,7,3,6,1502,0,1,3,,2,093,"SR-99 S/B","SR-58 (ROSEDALE HWY)",500.00,N,N,A,-,Y,,,99,,,,,,S,Y,2,0,1,1,A,-,08,22107,,N,F,A,A,A,H,-,D,D,0,,,,,Y,,A,07,1,0,0,0,0,0,0,0,0,"- ","- ",35.384799957275391,-119.04489898681641,KERN,BAKERSFIELD,-119.04466247558594,35.384799957275391
91306429,2020,2020-09-17,9420,2020-09-07,1710,015896,,1,2,9,1500,0,3,5,,2,620,"BRIMHALL RD","SUPERIOR RD",0.00,,Y,A,-,N,,,,,,,,,,Y,2,0,2,2,A,-,09,21802,A,N,D,C,A,A,H,-,A,A,0,,,,Y,Y,,D,22,1,1,0,0,0,0,0,0,0,"- ","- ",35.368900299072266,-119.23429870605469,KERN,UNINCORPORATED,-119.23432159423828,35.368881225585938
91306446,2020,2020-09-17,9420,2020-09-09,1700,016978,,3,2,6,1502,0,1,3,,2,094,"SR-99 N/B TO PANAMA LANE","PANAMA LANE",528.00,S,N,A,-,Y,,,99,,,,R,,N,Y,4,0,1,1,A,-,08,22107,,N,E,I,A,A,H,-,A,D,0,,,,Y,Y,,F,55,0,0,1,0,0,0,0,0,0,"- ","- ",35.29412841796875,-119.02953338623047,KERN,BAKERSFIELD,-119.02953338623047,35.29412841796875
91306571,2020,2020-09-17,9420,2020-09-13,1340,020634,,7,1,9,1500,0,1,3,,2,462,SR-46,SR-99,2000.00,W,N,A,-,Y,,,46,,,,,,,Y,4,0,1,2,A,-,09,21801,A,N,D,C,A,A,H,-,A,D,0,,,,,Y,,E,22,0,0,1,0,0,0,0,0,0,"- ","- ",35.601898193359375,-119.21910095214844,KERN,UNINCORPORATED,-119.21910095214844,35.601974487304688