CASE_ID,ACCIDENT_YEAR,PROC_DATE,JURIS,COLLISION_DATE,COLLISION_TIME,OFFICER_ID,REPORTING_DISTRICT,DAY_OF_WEEK,CHP_SHIFT,POPULATION,CNTY_CITY_LOC,SPECIAL_COND,BEAT_TYPE,CHP_BEAT_TYPE,CITY_DIVISION_LAPD,CHP_BEAT_CLASS,BEAT_NUMBER,PRIMARY_RD,SECONDARY_RD,DISTANCE,DIRECTION,INTERSECTION,WEATHER_1,WEATHER_2,STATE_HWY_IND,CALTRANS_COUNTY,CALTRANS_DISTRICT,STATE_ROUTE,ROUTE_SUFFIX,POSTMILE_PREFIX,POSTMILE,LOCATION_TYPE,RAMP_INTERSECTION,SIDE_OF_HWY,TOW_AWAY,COLLISION_SEVERITY,NUMBER_KILLED,NUMBER_INJURED,PARTY_COUNT,PRIMARY_COLL_FACTOR,PCF_CODE_OF_VIOL,PCF_VIOL_CATEGORY,PCF_VIOLATION,PCF_VIOL_SUBSECTION,HIT_AND_RUN,TYPE_OF_COLLISION,MVIW,PED_ACTION,ROAD_SURFACE,ROAD_COND_1,ROAD_COND_2,LIGHTING,CONTROL_DEVICE,CHP_ROAD_TYPE,PEDESTRIAN_ACCIDENT,BICYCLE_ACCIDENT,MOTORCYCLE_ACCIDENT,TRUCK_ACCIDENT,NOT_PRIVATE_PROPERTY,ALCOHOL_INVOLVED,STWD_VEHTYPE_AT_FAULT,CHP_VEHTYPE_AT_FAULT,COUNT_SEVERE_INJ,COUNT_VISIBLE_INJ,COUNT_COMPLAINT_PAIN,COUNT_PED_KILLED,COUNT_PED_INJURED,COUNT_BICYCLIST_KILLED,COUNT_BICYCLIST_INJURED,COUNT_MC_KILLED,COUNT_MC_INJURED,PRIMARY_RAMP,SECONDARY_RAMP,LATITUDE,LONGITUDE,COUNTY,CITY,POINT_X,POINT_Y
91438112,2021,2021-03-29,9420,2021-03-21,1747,021260,,7,2,9,1500,0,2,4,,1,064,"OLIVE DRIVE","KNUDSEN DRIVE",65.00,E,N,A,-,N,,,,,,,,,,N,3,0,1,2,A,-,11,21954,A,N,G,B,D,A,H,-,A,D,0,Y,,,,Y,,N,60,0,1,0,0,1,0,0,0,0,"- ","- ",35.412288665771484,-119.05844879150391,KERN,UNINCORPORATED,-119.05856323242188,35.412269592285156
91438127,2021,2021-03-29,9420,2021-03-21,1845,021503,,7,2,9,1500,0,2,4,,1,072,"COMANCE DRIVE","BRECKENRIDGE ROAD",0.00,,Y,A,-,N,,,,,,,,,,Y,3,0,4,2,A,-,12,22450,A,N,D,C,A,A,H,-,A,D,0,,,,,Y,,A,01,0,4,0,0,0,0,0,0,0,"- ","- ",35.374309539794922,-118.84398651123047,KERN,UNINCORPORATED,-118.843994140625,35.374301910400391
91438145,2021,2021-03-29,9420,2021-03-21,0140,020573,,7,3,9,1500,0,2,4,,1,071,"OSWELL ST.","KENT DR.",50.00,N,N,A,-,N,,,,,,,,,,N,4,0,1,2,A,-,11,21954,A,N,G,B,D,A,H,-,D,D,0,Y,,,,Y,,N,60,0,0,1,0,1,0,0,0,0,"- ","- ",35.388450622558594,-118.94982147216797,KERN,UNINCORPORATED,-118.94979858398438,35.388359069824219
91438194,2021,2021-03-29,9420,2021-03-22,0805,018225,,1,1,9,1500,0,3,5,,2,070,"VIRGINIA AVE","ROSS ST",194.00,E,N,A,-,N,,,,,,,,,,Y,4,0,1,3,A,-,08,22107,,N,C,C,A,A,H,-,A,D,0,,,,,Y,,A,01,0,0,1,0,0,0,0,0,0,"- ","- ",35.214000701904297,-118.56529998779297,KERN,UNINCORPORATED,-118.947998046875,35.361438751220703
91438205,2021,2021-04-05,9420,2021-03-19,0741,018387,,5,1,9,1500,0,1,3,,2,430,SR-43,"PETERSON RD",0.00,,Y,A,-,N,,,43,,,,,,,Y,4,0,2,2,A,-,09,21802,A,N,D,C,A,A,H,-,A,A,0,,,,,Y,,A,07,0,0,2,0,0,0,0,0,0,"- ","- ",35.703151702880859,-119.33022308349609,KERN,UNINCORPORATED,-119.33043670654297,35.703151702880859
91438238,2021,2021-03-29,9420,2021-03-23,1410,021140,,2,2,9,1500,0,2,4,,1,052,"ROBERTS LANE","MANOR STREET",0.00,,Y,A,-,N,,,,,,,,,,Y,4,0,1,2,A,-,12,22450,A,N,D,C,A,A,H,-,A,A,0,,,,,Y,,A,01,0,0,1,0,0,0,0,0,0,"- ","- ",35.410301208496094,-119.01286315917969,KERN,UNINCORPORATED,-119.01242828369141,35.410552978515625
91438263,2021,2021-03-29,9420,2021-03-23,1600,021140,,2,2,9,1500,0,3,5,,2,050,"AIRPORT DRIVE","OLIVE DRIVE",0.00,,Y,A,-,N,,,,,,,,,,Y,4,0,1,2,A,-,12,21453,A,N,D,C,A,A,H,-,A,A,0,,,,,Y,,A,01,0,0,1,0,0,0,0,0,0,"- ","- ",35.412349700927734,-119.03910827636719,KERN,UNINCORPORATED,-119.03909301757812,35.412273406982422
91438324,2021,2021-03-29,9420,2021-03-26,1825,021503,,5,2,9,1500,0,1,3,,1,184,SR-184,"EDISON HIGHWAY",60.00,N,N,A,-,Y,,,184,,,,,,,Y,3,0,1,2,A,-,21,22106,,M,C,C,A,A,H,-,A,A,0,,,,,Y,,D,22,0,1,0,0,0,0,0,0,0,"- ","- ",35.358631134033203,-118.91428375244141,KERN,UNINCORPORATED,-118.91425323486328,35.358631134033203
91438343,2021,2021-03-29,9420,2021-03-26,1735,020782,,5,2,9,1500,0,3,5,,2,050,"CALIFORNIA STREET","DECATUR STREET",125.00,N,N,A,-,N,,,,,,,,,,N,3,0,1,2,A,-,11,21954,A,F,G,B,E,A,H,-,A,D,0,Y,,,,Y,,N,60,0,1,0,0,1,0,0,0,0,"- ","- ",35.414081573486328,-119.02378082275391,KERN,UNINCORPORATED,-119.02371978759766,35.41400146484375
91438351,2021,2021-03-29,9420,2021-03-26,2255,020093,,5,3,9,1500,0,2,4,,1,051,"N CHESTER AVE","NORRIS RD",60.00,S,N,A,-,N,,,,,,,,,,Y,3,0,1,3,A,-,01,23152,A,N,C,C,A,A,H,-,C,A,0,,,,,Y,Y,A,08,0,1,0,0,0,0,0,0,0,"- ","- ",35.419498443603516,-119.02111053466797,KERN,UNINCORPORATED,-119.02126312255859,35.419445037841797
91438382,2021,2021-03-29,9420,2021-03-27,2120,020782,,6,2,9,1500,0,3,5,,2,040,"GRANITE ROAD","N. CHESTER AVENUE EXTENSION",345.00,N,N,A,-,N,,,,,,,,,,Y,2,0,1,1,A,-,05,21651,B,N,E,I,A,A,H,-,D,D,0,,,Y,,Y,,C,02,1,0,0,0,0,0,0,0,1,"- ","- ",35.464241027832031,-119.02574157714844,KERN,UNINCORPORATED,-119.02581024169922,35.4642333984375
91438421,2021,2021-03-29,9420,2021-03-28,0253,020093,,7,3,6,1502,0,1,3,,2,093,"SR-99 S/B","CALIFORNIA AVE",1320.00,S,N,A,-,Y,,,99,,,,,,S,Y,3,0,1,2,A,-,01,23152,A,N,C,C,A,A,H,-,D,D,0,,,,,Y,Y,A,01,0,1,0,0,0,0,0,0,0,"- ","- ",35.364398956298828,-119.04019927978516,KERN,BAKERSFIELD,-119.04026794433594,35.364376068115234
91438444,2021,2021-03-29,9420,2021-02-28,1840,020782,,7,2,9,1500,0,2,4,,1,075,"SOUTH UNION AVENUE","ADAMS STREET",75.00,N,N,A,-,N,,,,,,,,,,N,1,1,0,2,A,-,11,21954,A,F,G,B,D,A,H,-,C,D,0,Y,,,,Y,,N,60,0,0,0,1,0,0,0,0,0,"- ","- ",35.343921661376953,-119.00312042236328,KERN,UNINCORPORATED,-119.00295257568359,35.343814849853516
91438462,2020,2021-04-06,9420,2020-10-26,1627,017972,,1,2,9,1500,0,2,4,,1,051,"MANOR STREET","FELTON STREET",213.00,E,N,A,-,N,,,,,,,,,,N,1,1,0,3,A,-,03,22350,,N,G,B,E,A,H,-,A,D,0,Y,,,Y,Y,,F,26,0,0,0,1,0,0,0,0,0,"- ","- ",35.439899444580078,-119.01850128173828,KERN,UNINCORPORATED,-119.01853942871094,35.439891815185547
91439106,2021,2021-03-30,9426,2021-03-22,0750,019592,,1,1,9,1500,0,3,5,,2,085,"CORCORAN RD","MC COMBS RD",0.00,,Y,A,-,N,,,,,,,,,,Y,4,0,1,2,A,-,09,21802,A,N,D,C,A,A,H,-,A,D,0,,,,,Y,,A,01,0,0,1,0,0,0,0,0,0,"- ","- ",35.615730285644531,-119.58023834228516,KERN,UNINCORPORATED,-119.58021545410156,35.615707397460938
91439444,2021,2021-03-30,9830,2021-03-30,0610,017237,,2,1,9,1500,0,1,3,,1,015,SR-202,"BEAR VALLEY RD",45.00,S,N,A,-,Y,,,202,,,,,,,N,3,0,1,1,C,-,18,,,N,F,A,A,A,B,-,D,A,0,,,Y,,Y,,-,"- ",0,1,0,0,0,0,0,0,1,"- ","- ",35.125888824462891,-118.57420349121094,KERN,UNINCORPORATED,-118.57410430908203,35.125972747802734
91439483,2021,2021-03-30,9426,2021-03-23,0540,016953,,2,3,9,1500,0,1,3,,2,331,SR-33,"LOKERN RD",0.00,,Y,B,-,Y,,,33,,,,,,,Y,4,0,1,2,A,-,12,22450,A,N,D,C,A,A,H,-,D,A,0,,,,,Y,,A,01,0,0,1,0,0,0,0,0,0,"- ","- ",35.397678375244141,-119.66509246826172,KERN,UNINCORPORATED,-119.66507720947266,35.397689819335938
91439492,2021,2021-03-30,9830,2021-03-24,1629,019400,,3,2,9,1500,0,1,3,,2,010,"SR-58 E/B","BROOME RD",1056.00,E,N,A,-,Y,,,58,,,,,,E,N,4,0,1,2,A,-,07,21658,A,N,C,C,A,A,H,-,A,D,0,,,,Y,Y,,A,07,0,0,1,0,0,0,0,0,0,"- ","- ",35.198711395263672,-118.51930999755859,KERN,UNINCORPORATED,-118.51930999755859,35.198715209960938
91439532,2021,2021-03-30,9430,2021-03-29,0530,018681,,1,3,9,1500,0,1,1,,2,052,"I-5 S/B (GOLDEN STATE FWY.)","LEBEC SERVICE ROAD OVER CROSS",1000.00,N,N,A,-,Y,,,5,,,,,,S,Y,4,0,1,1,A,-,08,22107,,N,E,I,A,A,H,-,B,D,0,,,,,Y,,A,07,0,0,1,0,0,0,0,0,0,"- ","- ",34.838428497314453,-118.86292266845703,KERN,UNINCORPORATED,-118.86312103271484,34.838413238525391
91440152,2021,2021-03-31,9426,2021-03-25,1155,016050,,4,1,9,1500,0,3,5,,2,082,"BUTTONWILLOW DR.","2ND ST.",25.00,S,N,A,-,N,,,,,,,,,,Y,3,0,1,2,A,-,03,22350,,N,B,C,A,A,H,-,A,A,0,,,,Y,Y,,A,07,0,1,0,0,0,0,0,0,0,"- ","- ",35.401279449462891,-119.47415161132812,KERN,UNINCORPORATED,-119.47415161132812,35.401309967041016
9144039,2020,2020-11-24,1500,2020-08-18,0014,202050,WA02,2,5,3,1510,0,0,0,,0,4401,"ANNIN AV","RT 46",0.00,,Y,A,-,Y,KER,6,46,-,-,50.770,I,6,W,Y,3,0,2,2,A,-,08,22107,,N,A,B,A,A,H,-,D,A,0,,,,,Y,,A,01,0,2,0,0,0,0,0,0,0,"- ","- ",,,KERN,WASCO,-119.3360595703125,35.601535797119141
91440915,2021,2021-04-01,9830,2021-03-24,1807,019400,,3,2,9,1500,0,1,3,,2,010,"SR-58 W/B","TEHACHAPI CREEK",8448.00,W,N,A,-,Y,,,58,,,,,,W,Y,4,0,1,1,A,-,08,22107,,N,E,I,A,A,H,-,A,D,0,,,,,Y,,A,01,0,0,1,0,0,0,0,0,0,"- ","- ",35.237968444824219,-118.57713317871094,KERN,UNINCORPORATED,-118.57718658447266,35.237930297851562
91441176,2021,2021-04-01,9830,2021-03-26,2310,021870,,5,3,9,1500,0,1,3,,2,043,"SR-58 W/B",SR-14,6336.00,W,N,A,-,Y,,,58,,,,,,W,Y,2,0,1,1,A,-,08,22107,,N,F,A,A,A,H,-,E,D,0,,,,,Y,,D,22,1,0,0,0,0,0,0,0,0,"- ","- ",35.107269287109375,-118.16236877441406,KERN,UNINCORPORATED,-118.16234588623047,35.107318878173828
91441775,2021,2021-04-02,9426,2021-03-25,2147,019442,,4,2,9,1500,0,1,3,,1,167,"SR-166 E/B","ELKHORN GRADE RD.",10560.00,W,N,A,-,N,,,,,,,,,,N,4,0,1,1,C,-,18,,,N,H,H,A,A,H,-,D,D,0,,,,,Y,,-,"- ",0,0,1,0,0,0,0,0,0,"- ","- ",35.013599395751953,-119.41355133056641,KERN,UNINCORPORATED,-119.42031860351562,35.042270660400391
91441903,2021,2021-04-02,9430,2021-03-29,0500,016681,,1,3,9,1500,0,1,1,,2,053,"GRAPEVINE RD.","GRAPEVINE LOOP RD.",0.00,,Y,A,-,N,,,,,,,,,,Y,4,0,2,2,A,-,01,23152,A,N,D,C,A,A,H,-,D,D,0,,,,,Y,Y,A,01,0,0,2,0,0,0,0,0,0,"- ","- ",34.939170837402344,-118.93025970458984,KERN,UNINCORPORATED,-118.93031311035156,34.939159393310547
91441939,2021,2021-04-02,9420,2021-03-20,1105,018626,,6,1,6,1502,0,1,3,,2,092,"SR-99 N/B TO ROSEDALE HWY","ROSEDALE HWY",25.00,S,N,A,-,Y,,,99,,,,R,,N,N,4,0,1,2,A,-,03,22350,,N,C,C,A,A,D,-,A,A,0,,,,Y,Y,,G,25,0,0,1,0,0,0,0,0,0,"- ","- ",35.382671356201172,-119.04312133789062,KERN,BAKERSFIELD,-119.04312133789062,35.382671356201172
91441979,2021,2021-04-02,9426,2021-03-31,0510,018633,,3,3,9,1500,0,1,3,,1,118,SR-119,"RT 5",1000.00,W,N,A,-,Y,,,119,,,,,,,Y,4,0,2,2,A,-,09,21804,A,N,D,C,A,A,H,-,C,D,0,,,,,Y,,A,01,0,0,2,0,0,0,0,0,0,"- ","- ",35.267280578613281,-119.228759765625,KERN,UNINCORPORATED,-119.228759765625,35.267078399658203
91442089,2021,2021-04-02,9420,2021-03-23,2135,018932,,2,2,9,1500,0,2,4,,1,052,"ROBERTS LN","SEQUOIA DR",0.00,,Y,A,-,N,,,,,,,,,,Y,4,0,1,2,A,-,12,21453,A,N,D,C,A,A,H,-,C,A,0,,,,,Y,,A,07,0,0,1,0,0,0,0,0,0,"- ","- ",35.408641815185547,-119.03411865234375,KERN,UNINCORPORATED,-119.03411865234375,35.408618927001953
91442128,2021,2021-04-02,9420,2021-03-25,1617,021386,,4,2,9,1500,0,2,4,,1,071,"MOUNT VERNON AVENUE","MONTEREY STREET",125.00,N,N,A,-,N,,,,,,,,,,Y,4,0,1,2,A,-,08,22107,,N,D,C,A,A,H,-,A,D,0,,,,,Y,,A,01,0,0,1,0,0,0,0,0,0,"- ","- ",35.375278472900391,-118.96736145019531,KERN,UNINCORPORATED,-118.96758270263672,35.375583648681641
91442155,2021,2021-04-02,9426,2021-03-25,2146,018610,,4,2,9,1500,0,3,5,,2,087,"OLD RIVER ROAD","HERRING ROAD",0.00,,Y,A,-,N,,,,,,,,,,Y,2,0,2,2,A,-,12,22450,A,N,D,C,A,A,H,-,D,A,0,,,,Y,Y,,A,01,1,1,0,0,0,0,0,0,0,"- ","- ",35.151950836181641,-119.10964965820312,KERN,UNINCORPORATED,-119.10981750488281,35.151947021484375
91442159,2021,2021-04-02,9430,2021-03-29,1600,017153,,1,2,9,1500,0,1,1,,2,053,"I-5 S/B","TURN #4",750.00,N,N,A,-,Y,,,,,,,,,,Y,4,0,1,2,A,-,08,22107,,N,B,C,A,A,H,-,A,D,0,,,,,Y,,A,01,0,0,1,0,0,0,0,0,0,"- ","- ",34.545799255371094,-118.55300140380859,KERN,UNINCORPORATED,,
91442173,2021,2021-04-02,9430,2021-03-30,1625,021197,,2,2,9,1500,0,3,5,,2,002,"BANFF DR.","ZION WAY",352.00,W,N,A,-,N,,,,,,,,,,N,2,0,4,1,A,-,03,22350,,N,F,A,A,A,H,-,A,D,0,,,,,Y,,M,96,1,3,0,0,0,0,0,0,0,"- ","- ",34.837661743164062,-119.16487121582031,KERN,UNINCORPORATED,-119.16493225097656,34.837608337402344
91442225,2021,2021-04-02,9420,2021-03-27,0210,021133,,6,3,9,1500,0,1,3,,2,094,"STATE ROUTE 99 N/B","WIBLE RD",100.00,S,N,A,-,Y,,,,,,,,,,Y,3,0,3,4,A,-,01,23152,A,N,C,C,A,A,H,-,D,D,0,,,,,Y,Y,A,01,0,1,2,0,0,0,0,0,0,"- ","- ",35.329849243164062,-119.03926849365234,KERN,UNINCORPORATED,-119.03936004638672,35.330677032470703
91442226,2021,2021-04-02,9420,2021-03-28,2013,021386,,7,2,9,1500,0,1,3,,1,184,"STATE ROUTE 184","EAST WILSON ROAD",185.00,N,N,A,-,Y,,,184,,,,,,,Y,4,0,1,1,C,-,18,,,N,E,I,A,A,H,-,D,D,0,,,,,Y,,-,"- ",0,0,1,0,0,0,0,0,0,"- ","- ",35.333160400390625,-118.91426086425781,KERN,UNINCORPORATED,-118.91429901123047,35.333160400390625
91442786,2021,2021-04-05,9420,2021-03-24,0435,019901,,3,3,9,1500,0,3,5,,2,610,"HARRIS RD.","AKERS RD.",260.00,E,N,A,-,N,,,,,,,,,,Y,4,0,1,2,A,-,01,23152,A,N,C,C,A,A,H,-,C,D,0,,,,,Y,Y,A,01,0,0,1,0,0,0,0,0,0,"- ","- ",35.303150177001953,-119.04676055908203,KERN,UNINCORPORATED,-119.04692077636719,35.303165435791016
91442811,2021,2021-04-05,9420,2021-03-27,1810,021503,,6,2,9,1500,0,3,5,,2,070,"STERLING ROAD","KINGSLAND AVENUE",0.00,,Y,A,-,N,,,,,,,,,,Y,3,0,2,2,A,-,09,21801,A,N,D,C,A,A,H,-,A,A,0,,,,,Y,,A,01,0,2,0,0,0,0,0,0,0,"- ","- ",35.380439758300781,-118.94081115722656,KERN,UNINCORPORATED,-118.94081115722656,35.38043212890625
91443004,2021,2021-04-05,9420,2021-03-25,2159,019901,,4,2,9,1500,0,3,5,,2,060,"VERDUGO LN.","HAGEMAN RD.",43.00,S,N,A,-,N,,,,,,,,,,Y,4,0,1,1,A,-,03,22350,,N,E,I,A,A,H,-,C,A,0,,,,,Y,,A,01,0,0,1,0,0,0,0,0,0,"- ","- ",35.397769927978516,-119.11872863769531,KERN,UNINCORPORATED,-119.11891174316406,35.397842407226562
91443028,2021,2021-04-05,9420,2021-03-25,1935,019316,,4,2,9,1500,0,3,5,,2,672,"COMANCHE DRIVE","BUENA VISTA BOULEVARD",0.00,,Y,A,-,N,,,,,,,,,,Y,4,0,1,2,A,-,09,21802,A,N,D,C,A,A,H,-,D,A,0,,,,,Y,,A,07,0,0,1,0,0,0,0,0,0,"- ","- ",35.238128662109375,-118.84259033203125,KERN,UNINCORPORATED,-118.84253692626953,35.238132476806641
91443162,2021,2021-04-05,9830,2021-03-25,1638,021191,,4,2,9,1500,0,2,4,,1,034,"ROSAMOND BOULEVARD","GLENDOWER STREET",0.00,,Y,A,-,N,,,,,,,,,,Y,3,0,1,2,A,-,09,21804,A,N,D,C,A,A,H,-,A,D,0,,,,,Y,,A,01,0,1,0,0,0,0,0,0,0,"- ","- ",34.86431884765625,-118.16905212402344,KERN,UNINCORPORATED,-118.1690673828125,34.864307403564453
91443201,2021,2021-04-05,9420,2021-03-28,1400,021503,,7,2,9,1500,0,2,4,,1,051,"AIRPORT DRIVE","CHINA GRADE LOOP",40.00,S,N,A,-,N,,,,,,,,,,Y,3,0,2,2,A,-,03,22350,,N,C,C,A,A,H,-,A,A,0,,,,,Y,,A,07,0,2,0,0,0,0,0,0,0,"- ","- ",35.426891326904297,-119.03898620605469,KERN,UNINCORPORATED,-119.03896331787109,35.42706298828125
91443333,2021,2021-04-05,9420,2021-03-24,1500,021134,,3,2,9,1500,0,2,4,,1,075,"S UNION AVE","ADAMS ST",20.00,S,N,A,-,N,,,,,,,,,,Y,3,0,2,2,A,-,03,22350,,N,C,C,A,A,C,-,A,D,0,,,,,Y,,A,07,0,1,1,0,0,0,0,0,0,"- ","- ",35.343460083007812,-119.00299835205078,KERN,UNINCORPORATED,-119.00295257568359,35.343555450439453
91443367,2021,2021-04-05,9420,2021-03-30,0620,016767,,2,1,9,1500,0,1,3,,1,650,SR-65,"SHERWOOD AVENUE",0.00,,Y,A,-,Y,,,65,,,,,,,Y,3,0,1,2,A,-,05,21752,D,N,C,C,A,A,H,-,B,D,0,,,,,Y,,A,01,0,1,0,0,0,0,0,0,0,"- ","- ",35.659278869628906,-119.07756805419922,KERN,UNINCORPORATED,-119.07757568359375,35.659282684326172
91443379,2021,2021-04-05,9420,2021-03-30,0621,014770,,2,1,9,1500,0,1,3,,1,650,SR-65,"SHERWOOD AVE.",81.00,N,N,A,-,Y,,,65,,,,,,,Y,3,0,1,1,A,-,08,22107,,N,F,I,A,A,H,-,B,D,0,,,,,Y,,A,01,0,1,0,0,0,0,0,0,0,"- ","- ",35.659549713134766,-119.07733917236328,KERN,UNINCORPORATED,-119.07747650146484,35.659591674804688
91443850,2021,2021-04-06,9830,2021-03-28,2025,019400,,7,2,9,1500,0,1,3,,2,010,"SR-58 E/B","TEHACHAPI WILLOW SPRINGS RD",9504.00,E,N,A,-,Y,,,58,,,,,,E,Y,2,0,1,1,A,-,08,22107,,N,F,A,A,A,H,-,D,D,0,,,Y,,Y,,C,02,1,0,0,0,0,0,0,0,1,"- ","- ",35.114498138427734,-118.3653564453125,KERN,UNINCORPORATED,-118.36538696289062,35.114398956298828
91443892,2021,2021-04-06,9420,2021-03-30,0643,013851,,2,1,6,1502,0,1,3,,2,093,"SR-99 (S/B)","CALIFORNIA AVENUE",291.00,N,N,A,-,Y,,,99,,,,,,,Y,4,0,1,2,A,-,03,22350,,N,C,C,A,A,D,H,B,D,0,,,,,Y,,D,22,0,0,1,0,0,0,0,0,0,"- ","- ",35.369148254394531,-119.04219818115234,KERN,BAKERSFIELD,-119.04213714599609,35.369174957275391
91443947,2021,2021-04-06,9420,2021-03-30,0550,014967,,2,3,9,1500,0,2,4,,1,075,"S. UNION AVENUE","E. CASA LOMA DRIVE",63.00,N,N,A,-,Y,,,,,,,,,,Y,4,0,1,2,A,-,09,21453,B,M,C,C,A,A,H,-,C,A,0,,,,Y,Y,,F,26,0,0,1,0,0,0,0,0,0,"- ","- ",35.339618682861328,-119.00296020507812,KERN,UNINCORPORATED,-119.00296020507812,35.339664459228516
91444030,2021,2021-04-06,9830,2021-04-02,1300,020960,,5,1,9,1500,0,2,4,,1,032,"SIERRA HIGHWAY","AVENUE A",32.00,N,N,A,-,N,,,,,,,,,,Y,3,0,1,2,A,-,08,22107,,N,A,C,A,A,H,-,A,D,0,,,,,Y,,A,01,0,1,0,0,0,0,0,0,0,"- ","- ",34.820831298828125,-118.15611267089844,KERN,UNINCORPORATED,-118.15609741210938,34.820766448974609
91444059,2021,2021-04-06,9420,2021-03-28,1440,021386,,7,2,9,1500,0,2,4,,1,071,"MOUNT VERNON AVENUE SOUTHBOUND","EAST CALIFORNIA AVENUE",700.00,N,N,A,-,N,,,,,,,,,,Y,4,0,2,4,A,-,01,23152,A,N,C,C,A,A,H,-,A,A,0,,,,,Y,Y,A,08,0,0,2,0,0,0,0,0,0,"- ","- ",35.370441436767578,-118.96759796142578,KERN,UNINCORPORATED,-118.96759796142578,35.370471954345703
91444072,2021,2021-04-06,9420,2021-03-29,1340,017243,,1,1,9,1500,0,1,3,,1,119,"S. UNION AVE.","PANAMA RD.",12.00,N,N,A,-,N,,,,,,,,,,N,4,0,1,2,A,-,03,22350,,F,C,C,A,A,H,-,A,A,0,,,,,Y,,A,01,0,0,1,0,0,0,0,0,0,"- ","- ",35.266891479492188,-119.00315856933594,KERN,UNINCORPORATED,-119.00298309326172,35.266883850097656
91444085,2021,2021-04-06,9420,2021-03-31,0905,014770,,3,1,9,1500,0,3,5,,2,550,"MERCED AVE.","ZACHARY AVE",0.00,,Y,A,-,N,,,,,,,,,,N,4,0,1,2,A,-,12,22450,A,N,D,C,A,A,H,-,A,A,0,,,,,Y,,A,07,0,0,1,0,0,0,0,0,0,"- ","- ",35.529609680175781,-119.18694305419922,KERN,UNINCORPORATED,-119.18705749511719,35.529579162597656
91444124,2021,2021-04-06,9830,2021-04-01,1245,019400,,4,1,9,1500,0,2,4,,1,034,"ROSAMOND BLVD","30TH ST  W",175.00,W,N,A,-,Y,,,,,,,,,,Y,4,0,3,3,A,-,03,22350,,N,C,C,A,A,H,-,A,A,0,,,,,Y,,D,22,0,0,3,0,0,0,0,0,0,"- ","- ",34.863998413085938,-118.18550109863281,KERN,UNINCORPORATED,-118.18547058105469,34.864051818847656
91444130,2021,2021-04-06,9420,2021-03-31,1600,019963,,3,2,9,1500,0,1,3,,2,093,"SR-99 S/B","OLIVE DRIVE",400.00,N,N,A,-,Y,,,99,,,,,,S,Y,4,0,1,2,A,-,03,22350,,N,C,C,A,A,D,H,A,D,0,,,,,Y,,E,22,0,0,1,0,0,0,0,0,0,"- ","- ",35.416801452636719,-119.05970001220703,KERN,UNINCORPORATED,-119.05966949462891,35.416816711425781
91444144,2021,2021-04-06,9426,2021-03-27,0758,017230,,6,1,9,1500,0,1,3,,1,118,"I-5 N/B TO SR-119",SR-119,0.00,,Y,A,-,Y,,,5,,,,R,,N,Y,2,0,1,2,A,-,03,22350,,N,D,C,A,A,H,-,A,D,0,,,,Y,Y,,A,01,1,0,0,0,0,0,0,0,0,"- ","- ",35.267070770263672,-119.22202301025391,KERN,UNINCORPORATED,-119.22202301025391,35.267070770263672
91444174,2021,2021-04-06,9830,2021-03-29,0543,017237,,1,3,9,1500,0,1,3,,2,010,"SR-58 EASTBOUND","BROOME RD.",1970.00,E,N,A,-,Y,,,58,,,,,,E,Y,3,0,1,2,A,-,03,22350,,N,C,C,A,A,H,-,D,D,0,,,,,Y,,D,22,0,1,0,0,0,0,0,0,0,"- ","- ",35.196861267089844,-118.51654815673828,KERN,UNINCORPORATED,-118.51655578613281,35.196849822998047
91444207,2021,2021-04-06,9426,2021-03-28,1640,019442,,7,2,9,1500,0,1,3,,1,460,"SR-46 W/B","ANNETTE RD",11616.00,W,N,A,-,Y,,,46,,,,,,W,Y,3,0,1,1,A,-,08,22107,,N,F,A,A,A,H,-,A,D,0,,,Y,,Y,,C,02,0,1,0,0,0,0,0,0,1,"- ","- ",35.718219757080078,-120.17828369140625,KERN,UNINCORPORATED,-120.17820739746094,35.718368530273438
91444212,2021,2021-04-06,9420,2021-03-22,0720,016153,,1,1,9,1500,0,3,5,,2,060,"ROSEDALE HWY.","OLD FARM RD.",165.00,E,N,A,-,N,,,,,,,,,,Y,4,0,1,1,C,-,18,,,N,E,I,A,A,H,-,A,D,0,,,,,Y,,-,"- ",0,0,1,0,0,0,0,0,0,"- ","- ",39.383670806884766,-119.13607788085938,KERN,UNINCORPORATED,-119.1361083984375,35.38360595703125
91444223,2020,2021-04-06,9420,2020-12-20,1650,017243,,7,2,9,1500,0,1,3,,2,430,"STATE ROUTE 43 (CENTRAL VALLEY HIGHWAY)","PETERSON ROAD",0.00,,Y,A,-,Y,,,43,,,,,,,Y,1,1,2,2,A,-,12,22450,A,N,D,C,A,A,H,-,A,A,0,,,,,Y,,A,01,0,0,2,0,0,0,0,0,0,"- ","- ",35.703170776367188,-119.33040618896484,KERN,UNINCORPORATED,-119.33043670654297,35.703170776367188