CASE_ID,ACCIDENT_YEAR,PROC_DATE,JURIS,COLLISION_DATE,COLLISION_TIME,OFFICER_ID,REPORTING_DISTRICT,DAY_OF_WEEK,CHP_SHIFT,POPULATION,CNTY_CITY_LOC,SPECIAL_COND,BEAT_TYPE,CHP_BEAT_TYPE,CITY_DIVISION_LAPD,CHP_BEAT_CLASS,BEAT_NUMBER,PRIMARY_RD,SECONDARY_RD,DISTANCE,DIRECTION,INTERSECTION,WEATHER_1,WEATHER_2,STATE_HWY_IND,CALTRANS_COUNTY,CALTRANS_DISTRICT,STATE_ROUTE,ROUTE_SUFFIX,POSTMILE_PREFIX,POSTMILE,LOCATION_TYPE,RAMP_INTERSECTION,SIDE_OF_HWY,TOW_AWAY,COLLISION_SEVERITY,NUMBER_KILLED,NUMBER_INJURED,PARTY_COUNT,PRIMARY_COLL_FACTOR,PCF_CODE_OF_VIOL,PCF_VIOL_CATEGORY,PCF_VIOLATION,PCF_VIOL_SUBSECTION,HIT_AND_RUN,TYPE_OF_COLLISION,MVIW,PED_ACTION,ROAD_SURFACE,ROAD_COND_1,ROAD_COND_2,LIGHTING,CONTROL_DEVICE,CHP_ROAD_TYPE,PEDESTRIAN_ACCIDENT,BICYCLE_ACCIDENT,MOTORCYCLE_ACCIDENT,TRUCK_ACCIDENT,NOT_PRIVATE_PROPERTY,ALCOHOL_INVOLVED,STWD_VEHTYPE_AT_FAULT,CHP_VEHTYPE_AT_FAULT,COUNT_SEVERE_INJ,COUNT_VISIBLE_INJ,COUNT_COMPLAINT_PAIN,COUNT_PED_KILLED,COUNT_PED_INJURED,COUNT_BICYCLIST_KILLED,COUNT_BICYCLIST_INJURED,COUNT_MC_KILLED,COUNT_MC_INJURED,PRIMARY_RAMP,SECONDARY_RAMP,LATITUDE,LONGITUDE,COUNTY,CITY,POINT_X,POINT_Y
91516805,2021,2021-07-09,9426,2021-06-30,2200,019896,,3,3,9,1500,0,1,3,,2,581,SR-58,"WASCO WAY",200.00,E,N,A,-,Y,,,58,,,,,,,Y,3,0,3,4,A,-,05,21650,,N,B,2,A,A,H,-,D,A,0,,,,,Y,,A,01,0,2,1,0,0,0,0,0,0,"- ","- ",35.399139404296875,-119.44679260253906,KERN,UNINCORPORATED,-119.44679260253906,35.39910888671875
91516851,2021,2021-07-09,9830,2021-07-03,1325,019883,,6,1,9,1500,0,3,5,,2,005,"GARLOCK RD.","CHARLIE RD",1056.00,E,N,A,-,N,,,,,,,,,,Y,3,0,1,1,A,-,08,22107,,N,F,A,A,A,H,-,A,D,0,,,,,Y,,A,07,0,1,0,0,0,0,0,0,0,"- ","- ",35.251388549804688,-117.44979095458984,KERN,UNINCORPORATED,,
91516903,2021,2021-07-09,9420,2021-07-07,1405,021002,,3,2,6,1502,0,1,3,,2,093,"SR-99 S/B","GILMORE AVE.",700.00,S,N,A,-,Y,,,99,,,,,,S,N,4,0,2,3,A,-,03,22350,,N,C,C,A,A,D,-,A,D,0,,,,,Y,,D,22,0,0,2,0,0,0,0,0,0,"- ","- ",35.388969421386719,-119.04457855224609,KERN,BAKERSFIELD,-119.044677734375,35.388969421386719
91516919,2021,2021-08-23,9830,2021-06-27,1145,020866,,7,1,9,1500,0,1,3,,2,014,SR-58,"CAMERON CANYON RD.",8448.00,E,N,A,-,Y,,,58,,,,,,,N,3,0,4,2,A,-,08,22107,,N,C,C,A,A,H,-,A,D,0,,,,,Y,,A,07,0,4,0,0,0,0,0,0,0,"- ","- ",35.104888916015625,-118.26508331298828,KERN,UNINCORPORATED,-118.26508331298828,35.10504150390625
91516926,2021,2021-07-09,9420,2021-07-04,1210,021915,,7,1,9,1500,0,1,3,,2,154,SR-155,"PASCOE ROAD",7920.00,E,N,A,-,Y,,,155,,,,,,,Y,3,0,1,1,A,-,03,22350,,N,F,A,A,A,H,-,A,D,0,,,Y,,Y,,C,02,0,1,0,0,0,0,0,0,1,"- ","- ",35.720890045166016,-118.68061065673828,KERN,UNINCORPORATED,-118.68065643310547,35.720935821533203
91517113,2021,2021-07-09,9420,2021-06-27,1315,021134,,7,1,9,1500,0,3,5,,2,610,"WHITE LN","KENNY ST",0.00,,Y,A,-,N,,,,,,,,,,Y,4,0,2,2,A,-,09,21802,A,N,D,C,A,A,H,-,A,A,0,,,,,Y,,A,01,0,0,2,0,0,0,0,0,0,"- ","- ",35.317638397216797,-119.00836944580078,KERN,UNINCORPORATED,-119.00836944580078,35.317737579345703
91517123,2021,2021-07-09,9420,2021-07-03,1515,021547,,6,2,9,1500,0,3,5,,2,030,"CALIENTE BODFISH RD","SADDLE SPRINGS ROAD",10560.00,S,N,A,-,N,,,,,,,,,,N,2,0,1,1,A,-,17,21662,A,N,F,A,A,A,H,-,A,D,0,,,Y,,Y,,C,02,1,0,0,0,0,0,0,0,1,"- ","- ",35.546928405761719,-118.50740814208984,KERN,UNINCORPORATED,-118.50641632080078,35.548439025878906
91517137,2021,2021-07-09,9420,2021-07-07,1450,020402,,3,2,9,1500,0,2,4,,1,052,"ROBERTS LANE","SEQUOIA DRIVE",50.00,E,N,A,-,N,,,,,,,,,,N,4,0,1,2,A,-,03,22350,,N,C,C,A,A,H,-,A,D,0,,,,,Y,,A,01,0,0,1,0,0,0,0,0,0,"- ","- ",35.408660888671875,-119.03379821777344,KERN,UNINCORPORATED,-119.03395080566406,35.408618927001953
91517800,2021,2021-07-12,9420,2021-06-28,1940,021260,,1,2,9,1500,0,3,5,,2,610,"BELLE TERRACE","SOUTH REAL ROAD",0.00,,Y,A,-,N,,,,,,,,,,Y,4,0,1,3,A,-,12,21453,A,F,D,C,A,A,H,-,A,A,0,,,,,Y,,A,01,0,0,1,0,0,0,0,0,0,"- ","- ",35.346771240234375,-119.04340362548828,KERN,UNINCORPORATED,-119.04340362548828,35.346771240234375
91517815,2021,2021-07-12,9420,2021-07-01,1050,021296,,4,1,9,1500,0,2,4,,1,072,"EDISON HWY","FAIRFAX RD.",1500.00,E,N,A,-,N,,,,,,,,,,N,3,0,1,1,A,-,17,21451,A,N,E,I,A,A,H,-,A,D,0,,,,,Y,,A,01,0,1,0,0,0,0,0,0,0,"- ","- ",35.361179351806641,-118.92642974853516,KERN,UNINCORPORATED,-118.93151092529297,35.362449645996094
91517841,2021,2021-07-12,9420,2021-07-03,1751,021589,,6,2,9,1500,0,3,5,,2,070,"POTOMAC AVE","EXCHANGE ST",0.00,,Y,A,-,N,,,,,,,,,,Y,4,0,2,2,A,-,09,21800,A,N,D,C,A,A,H,-,A,D,0,,,,,Y,,D,22,0,0,2,0,0,0,0,0,0,"- ","- ",35.365001678466797,-118.96524810791016,KERN,UNINCORPORATED,-118.96524810791016,35.364967346191406
91517940,2021,2021-07-12,9420,2021-07-02,0430,019903,,5,3,9,1500,0,1,3,,2,092,"SR-99 N/B","OLIVE DRIVE O/C",288.00,S,N,A,-,Y,,,99,,,,,,N,Y,2,0,1,2,A,-,03,22350,,N,C,C,A,A,H,-,C,D,0,,,,,Y,,A,01,1,0,0,0,0,0,0,0,0,"- ","- ",35.411239624023438,-119.05381011962891,KERN,UNINCORPORATED,-119.05368041992188,35.411380767822266
91518009,2021,2021-08-20,9830,2021-06-06,2311,021534,,7,3,9,1500,0,1,3,,2,010,"STATE ROUTE 58 EASTBOUND","BROOME ROAD",10560.00,E,N,A,-,Y,,,58,,,,,,E,Y,1,1,2,2,A,-,01,23152,A,N,A,2,A,A,H,-,D,D,0,,,,,Y,Y,A,07,2,0,0,0,0,0,0,0,0,"- ","- ",35.16571044921875,-118.47353363037109,KERN,UNINCORPORATED,-118.47354125976562,35.16571044921875
91518053,2021,2021-07-12,9420,2021-07-04,1005,016926,,7,1,9,1500,0,3,5,,2,060,"PATTON WAY","NORRIS ROAD",0.00,,Y,A,-,N,,,,,,,,,,N,3,0,4,2,D,-,00,,,N,D,C,A,A,H,-,A,A,0,,,,,Y,,-,"- ",0,1,3,0,0,0,0,0,0,"- ","- ",35.419658660888672,-119.08328247070312,KERN,UNINCORPORATED,-119.08336639404297,35.419689178466797
91518090,2021,2021-07-12,9830,2021-07-01,1850,020866,,4,2,9,1500,0,1,3,,2,010,"SR-58 W/B",SR-202,3696.00,W,N,A,-,Y,,,58,,,,,,W,N,3,0,2,1,A,-,03,22350,,N,E,I,A,A,H,-,A,D,0,,,,,Y,,A,01,0,2,0,0,0,0,0,0,0,"- ","- ",35.150760650634766,-118.46985626220703,KERN,UNINCORPORATED,-118.46989440917969,35.150741577148438
91518186,2021,2021-07-12,9420,2021-07-04,1325,021140,,7,1,9,1500,0,3,5,,2,050,"RENCH ROAD","NORRIS ROAD",500.00,N,N,A,-,N,,,,,,,,,,N,3,0,1,1,A,-,03,22350,,N,E,H,A,A,H,-,A,D,0,,,Y,,Y,Y,C,02,0,1,0,0,0,0,0,0,1,"- ","- ",35.420970916748047,-119.05065155029297,KERN,UNINCORPORATED,-119.05062866210938,35.420982360839844
91518202,2021,2021-07-12,9830,2021-06-30,0510,021788,,3,3,9,1500,0,3,5,,2,005,"CHINA LAKE BOULEVARD","MULE TRAIN DR.",650.00,W,N,A,-,N,,,,,,,,,,Y,4,0,1,1,A,-,08,22107,,N,F,A,A,A,H,-,A,D,0,,,,,Y,,A,01,0,0,1,0,0,0,0,0,0,"- ","- ",35.570709228515625,-117.71414184570312,KERN,UNINCORPORATED,-117.71397399902344,35.570743560791016
91518327,2021,2021-07-12,9420,2021-07-05,0546,019353,,1,3,6,1502,0,1,3,,2,093,"SR-99 S/B","ROSEDALE HIGHWAY",300.00,N,N,A,-,Y,,,99,,,,,,S,Y,3,0,2,2,A,-,07,21658,A,N,B,C,A,A,H,-,A,A,0,,,,,Y,,D,22,0,2,0,0,0,0,0,0,0,"- ","- ",35.386001586914062,-119.04476928710938,KERN,BAKERSFIELD,-119.04465484619141,35.385997772216797
91518328,2021,2021-07-12,9830,2021-07-01,1220,020655,,4,1,9,1500,0,3,5,,2,003,"OAK CREEK RD.","70TH ST WEST",46.00,E,N,A,-,N,,,,,,,,,,Y,3,0,1,1,A,-,08,22107,,N,E,I,A,A,H,-,A,D,0,,,,,Y,,A,01,0,1,0,0,0,0,0,0,0,"- ","- ",35.038631439208984,-118.25653076171875,KERN,UNINCORPORATED,-118.25653839111328,35.038547515869141
91518349,2021,2021-07-12,9420,2021-07-05,1950,021140,,1,2,9,1500,0,1,3,,2,092,"SR-99 N/B","OLIVE DRIVE OVERCROSSING",3168.00,S,N,A,-,Y,,,99,,,,,,N,N,3,0,1,2,A,-,03,22350,,N,C,C,A,A,H,-,A,D,0,,,Y,,Y,,C,02,0,1,0,0,0,0,0,0,1,"- ","- ",35.40618896484375,-119.04808044433594,KERN,UNINCORPORATED,-119.04800415039062,35.406276702880859
91518418,2021,2022-03-08,9420,2021-07-06,0105,021133,,2,3,9,1500,0,1,3,,2,583,"SR-58 (STOCKDALE HWY)","GREELEY ROAD",900.00,W,N,A,-,Y,,,,,,,,,,N,4,0,5,2,A,-,05,21650,,F,A,C,A,A,H,-,D,D,0,,,,,Y,,A,07,0,0,5,0,0,0,0,0,0,"- ","- ",35.354328155517578,-119.21974945068359,KERN,UNINCORPORATED,-119.21959686279297,35.383453369140625
91518711,2021,2021-07-13,9830,2021-07-10,0330,021751,,6,3,9,1500,0,3,5,,2,002,"TEHACHAPI WILLOW SPRINGS ROAD","OAK CREEK ROAD",4805.00,S,N,A,-,N,,,,,,,,,,Y,4,0,1,1,A,-,08,22107,,N,F,A,A,A,H,-,D,D,0,,,,,Y,,D,22,0,0,1,0,0,0,0,0,0,"- ","- ",35.037960052490234,-118.35169982910156,KERN,UNINCORPORATED,-118.35330200195312,35.041534423828125
91519018,2021,2021-07-13,9426,2021-06-05,0216,018633,,6,3,9,1500,0,1,1,,2,502,"I-5 S/B","LERDO HWY",3696.00,S,N,A,-,Y,,,5,,,,,,S,Y,1,2,0,2,A,-,05,21651,B,N,A,C,A,A,H,-,D,D,0,,,,,Y,,A,01,0,0,0,0,0,0,0,0,0,"- ","- ",35.49298095703125,-119.52683258056641,KERN,UNINCORPORATED,-119.52686309814453,35.492938995361328
91519051,2021,2021-07-13,9426,2021-07-04,1258,017321,,7,1,9,1500,0,1,3,,1,332,SR-33,"SODA LAKE ROAD",2640.00,N,N,A,-,Y,,,33,,,,,,,N,2,0,1,1,A,-,08,22107,,N,F,A,A,A,H,-,A,D,0,,,,,Y,,D,22,1,0,0,0,0,0,0,0,0,"- ","- ",34.968959808349609,-119.43753051757812,KERN,UNINCORPORATED,-119.43776702880859,34.969093322753906
91519121,2021,2021-07-13,9420,2021-07-05,0520,021503,,1,3,9,1500,0,3,5,,2,671,"COMANCHE DRIVE","PANAMA LANE",0.00,,Y,A,-,N,,,,,,,,,,Y,2,0,6,2,A,-,09,21802,A,N,D,C,A,A,H,-,A,A,0,,,,,Y,,A,08,3,3,0,0,0,0,0,0,0,"- ","- ",35.296428680419922,-118.84295654296875,KERN,UNINCORPORATED,-118.84293365478516,35.296417236328125
91519132,2021,2021-07-13,9420,2021-07-05,0900,016828,,1,1,9,1500,0,1,3,,2,223,SR-223,"SR-184 (WEEDPATCH HIGHWAY)",200.00,E,N,A,-,Y,,,,,,,,,,Y,3,0,1,2,A,-,09,21804,A,N,D,C,A,A,H,-,A,D,0,,,,,Y,,A,07,0,1,0,0,0,0,0,0,0,"- ","- ",35.123100280761719,-118.54519653320312,KERN,UNINCORPORATED,-118.91384887695312,35.208709716796875
91519148,2021,2021-07-13,9420,2021-07-07,2138,020040,,3,2,9,1500,0,2,4,,1,071,"OSWELL STREET","COLLEGE AVENUE",20.00,S,N,A,-,N,,,,,,,,,,Y,4,0,2,2,A,-,09,21453,B,N,C,C,A,A,H,-,C,A,0,,,,,Y,,A,07,0,0,2,0,0,0,0,0,0,"- ","- ",35.382728576660156,-118.94979095458984,KERN,UNINCORPORATED,-118.94976043701172,35.383083343505859
91519160,2021,2021-07-13,9420,2021-07-08,1745,021140,,4,2,9,1500,0,1,3,,2,584,"SR-58 W/B","UNION AVENUE OVERCROSSING",668.00,E,N,A,-,Y,,,,,,,,,,Y,2,0,1,3,A,-,03,22350,,N,C,C,A,A,H,-,A,D,0,,,,Y,Y,,G,27,1,0,0,0,0,0,0,0,0,"- ","- ",35.352531433105469,-118.99938201904297,KERN,UNINCORPORATED,-119.00068664550781,35.352573394775391
91519183,2021,2021-07-13,9420,2021-07-08,1605,019868,,4,2,9,1500,0,3,5,,2,510,"BROWNING RD",SR-155,1584.00,S,N,A,-,N,,,,,,,,,,Y,2,0,3,2,A,-,01,23152,A,N,D,C,A,A,H,-,A,D,0,,,,,Y,Y,A,01,1,0,2,0,0,0,0,0,0,"- ","- ",35.757038116455078,-119.22318267822266,KERN,UNINCORPORATED,-119.22306060791016,35.761550903320312
91519186,2021,2021-07-13,9420,2021-07-08,1735,020402,,4,2,9,1500,0,3,5,,2,050,"CHARLESTON DR","CHINA GRADE LOOP",130.00,N,N,A,-,N,,,,,,,,,,Y,2,0,1,2,A,-,08,22107,,N,C,E,A,A,H,-,A,D,0,,,,,Y,,A,01,1,0,0,0,0,0,0,0,0,"- ","- ",35.427268981933594,-119.01725006103516,KERN,UNINCORPORATED,-119.01616668701172,35.427127838134766
91519196,2021,2021-07-13,9420,2021-07-09,1115,021260,,5,1,6,1502,0,1,3,,2,584,"STATE ROUTE 58 EASTBOUND TO S H STREET","SOUTH H STREET",51.00,W,N,A,-,Y,,,58,,,,R,,E,N,4,0,2,2,A,-,03,22350,,N,C,C,A,A,H,-,A,A,0,,,,,Y,,A,01,0,0,2,0,0,0,0,0,0,"- ","- ",35.352169036865234,-119.02159118652344,KERN,BAKERSFIELD,-119.02159118652344,35.352169036865234
91519224,2021,2021-07-13,9830,2021-07-07,0710,021788,,3,1,9,1500,0,1,3,,2,030,SR-14,"DAWN AVENUE",0.00,,N,A,-,Y,,,14,,,,,,,Y,4,0,1,1,A,-,08,22107,,N,F,A,A,A,D,-,A,D,0,,,,,Y,,A,01,0,0,1,0,0,0,0,0,0,"- ","- ",34.886650085449219,-118.16573333740234,KERN,UNINCORPORATED,-118.16590118408203,34.886661529541016
91519242,2021,2021-07-13,9420,2021-07-09,2003,021589,,5,2,9,1500,0,3,5,,2,070,"MILLS DR","PARK DR",18.00,W,N,A,-,N,,,,,,,,,,N,2,0,2,1,A,-,03,22350,,N,E,I,A,A,H,-,B,D,0,,,Y,,Y,,C,06,1,1,0,0,0,0,0,0,2,"- ","- ",35.361648559570312,-118.91789245605469,KERN,UNINCORPORATED,-118.91873931884766,35.361621856689453
91519301,2021,2021-07-13,9830,2021-07-08,1720,021191,,4,2,9,1500,0,2,4,,1,032,"SIERRA HIGHWAY","AVENUE A",350.00,N,N,A,-,N,,,,,,,,,,Y,3,0,1,2,A,-,03,22350,,N,C,C,A,A,H,-,A,D,0,,,,,Y,,A,01,0,1,0,0,0,0,0,0,0,"- ","- ",34.822830200195312,-118.15638732910156,KERN,UNINCORPORATED,-118.15623474121094,34.821632385253906
91519824,2021,2021-07-14,9420,2021-07-07,0057,020366,,3,3,9,1500,0,2,4,,2,074,"PANAMA ROAD","S. FAIRFAX ROAD",2710.00,W,N,A,-,N,,,,,,,,,,Y,2,0,1,1,A,-,08,22107,,N,E,I,A,A,H,-,D,D,0,,,,,Y,,A,01,1,0,0,0,0,0,0,0,0,"- ","- ",35.266899108886719,-118.94123077392578,KERN,UNINCORPORATED,-118.94119262695312,35.266948699951172
91519841,2021,2021-07-14,9420,2021-07-07,0355,021600,,3,3,9,1500,0,3,5,,2,672,"DAVID RD.","WHEELER RIDGE RD.",0.00,,Y,A,-,N,,,,,,,,,,Y,4,0,2,2,A,-,12,22450,A,N,D,C,A,A,H,-,D,A,0,,,,,Y,,D,22,0,0,2,0,0,0,0,0,0,"- ","- ",35.092929840087891,-118.91471099853516,KERN,UNINCORPORATED,-118.91471862792969,35.092906951904297
91519900,2021,2021-07-14,9420,2021-05-16,2500,021140,,7,4,9,1500,0,3,5,,2,050,"ROUND MOUNTAIN ROAD","CHINA GRADE LOOP",3168.00,E,N,A,-,N,,,,,,,,,,Y,1,1,0,1,A,-,01,23152,A,N,E,J,A,A,H,-,D,D,0,,,,,Y,Y,A,71,0,0,0,0,0,0,0,0,0,"- ","- ",35.428241729736328,-118.95510864257812,KERN,UNINCORPORATED,-118.95718383789062,35.427684783935547
91519959,2021,2021-07-14,9426,2021-07-08,0630,017230,,4,1,9,1500,0,3,5,,2,082,"STOCKDALE HIGHWAY","INTERSTATE 5",300.00,W,N,A,-,N,,,,,,,,,,N,4,0,1,2,A,-,05,21460,A,N,D,C,A,A,H,-,A,D,0,,,,,Y,,D,22,0,0,1,0,0,0,0,0,0,"- ","- ",35.354900360107422,-119.33796691894531,KERN,UNINCORPORATED,-119.33811950683594,35.354869842529297
91519998,2021,2021-07-14,9420,2021-07-02,1930,021386,,5,2,9,1500,0,3,5,,2,610,"WIBLE ROAD","BELLE TERRACE",0.00,,Y,A,-,N,,,,,,,,,,N,3,0,1,2,A,-,01,23152,A,N,D,C,A,A,H,-,A,A,0,,,Y,,Y,Y,C,02,0,1,0,0,0,0,0,0,1,"- ","- ",35.346691131591797,-119.03885650634766,KERN,UNINCORPORATED,-119.03903198242188,35.346717834472656
91520029,2021,2021-07-14,9420,2021-07-05,1200,016828,,1,1,9,1500,0,3,5,,2,672,"BUENA VISTA BLVD","SR-184 (WEEDPATCH HIGHWAY)",650.00,E,N,A,-,N,,,,,,,,,,N,3,0,1,2,A,-,08,22107,,N,D,C,A,A,H,-,A,D,0,,Y,,Y,Y,,L,04,0,1,0,0,0,0,1,0,0,"- ","- ",35.150798797607422,-118.54329681396484,KERN,UNINCORPORATED,-118.91227722167969,35.237850189208984
91520046,2021,2021-07-14,9426,2021-07-04,2110,018909,,7,2,9,1500,0,1,1,,2,500,"I-5 S/B","TWISSELMAN RD",3168.00,N,N,A,-,Y,,,5,,,,,,S,Y,3,0,1,1,A,-,08,22107,,N,F,A,A,A,D,-,D,D,0,,,Y,,Y,,C,02,0,1,0,0,0,0,0,0,1,"- ","- ",35.739398956298828,-119.74504852294922,KERN,UNINCORPORATED,-119.74510955810547,35.739353179931641
91520061,2021,2021-07-14,9420,2021-07-08,1500,019868,,4,2,9,1500,0,3,5,,2,550,"ZERKER RD","MERCED AVE",0.00,,Y,A,-,N,,,,,,,,,,Y,4,0,1,2,A,-,09,21802,A,N,E,I,A,A,H,-,A,A,0,,,,Y,Y,,G,25,0,0,1,0,0,0,0,0,0,"- ","- ",35.529720306396484,-119.15158843994141,KERN,UNINCORPORATED,-119.15155029296875,35.529750823974609
91520262,2021,2021-07-14,9420,2021-07-07,1955,021002,,3,2,6,1502,0,1,3,,2,094,"SR-99 N/B FROM WIBLE RD.","STOCKDALE HWY.",605.00,S,N,A,-,Y,,,99,,,,R,,N,N,3,0,1,1,A,-,01,23152,A,N,E,I,A,A,D,H,B,D,0,,,,,Y,Y,A,01,0,1,0,0,0,0,0,0,0,"- ","- ",35.352500915527344,-119.03922271728516,KERN,BAKERSFIELD,-119.03922271728516,35.352500915527344
91520270,2021,2021-07-14,9830,2021-07-10,1644,021191,,6,2,9,1500,0,1,3,,2,010,"STATE ROUTE 58","STATE ROUTE 202",5280.00,W,N,A,-,Y,,,58,,,,,,,Y,3,0,5,1,A,-,08,22107,,N,E,8,A,A,H,-,A,D,0,,,,,Y,,A,07,0,2,3,0,0,0,0,0,0,"- ","- ",35.147060394287109,-118.46961212158203,KERN,UNINCORPORATED,-118.46955108642578,35.147045135498047
91520413,2021,2021-07-14,9830,2021-07-12,1636,021191,,1,2,9,1500,0,1,3,,2,010,"STATE ROUTE 58","WOODFORD TEHACHAPI ROAD",5280.00,E,N,A,-,Y,,,58,,,,,,,N,3,0,1,2,A,-,03,22350,,N,C,C,A,A,H,-,A,D,0,,,,,Y,,A,01,0,1,0,0,0,0,0,0,0,"- ","- ",35.214431762695312,-118.55017852783203,KERN,UNINCORPORATED,-118.55019378662109,35.214393615722656
91520698,2021,2021-07-15,9830,2021-07-06,1740,019400,,2,2,9,1500,0,1,3,,2,012,"W/B SR-58","TEHACHAPI WILLOW SPRINGS ROAD",2112.00,W,N,A,-,Y,,,58,,,,,,,Y,2,0,1,1,A,-,08,22107,,N,E,I,A,A,H,-,A,D,0,,,,,Y,,D,22,1,0,0,0,0,0,0,0,0,"- ","- ",35.122020721435547,-118.40274810791016,KERN,UNINCORPORATED,-118.40276336669922,35.121974945068359
91520741,2021,2021-07-15,9830,2021-07-05,0520,021959,,1,3,9,1500,0,3,5,,2,001,"BANDUCCI ROAD","EDWARD STREET",2112.00,E,N,A,-,Y,,,,,,,,,,Y,3,0,2,2,A,-,09,21801,A,N,A,C,A,A,H,-,B,D,0,,,,,Y,,A,01,0,1,1,0,0,0,0,0,0,"- ","- ",35.094551086425781,-118.61850738525391,KERN,UNINCORPORATED,-118.60404968261719,35.094573974609375
91520893,2021,2021-07-15,9420,2021-07-08,1700,019311,,4,2,9,1500,0,2,4,,1,075,"S. UNION AVE","DI GIORGIO RD",1855.00,S,N,A,-,N,,,,,,,,,,Y,2,0,1,2,A,-,01,23152,A,M,C,C,A,A,H,-,A,A,0,,,,,Y,Y,A,01,1,0,0,0,0,0,0,0,0,"- ","- ",35.245918273925781,-119.00303649902344,KERN,UNINCORPORATED,-119.00303649902344,35.247180938720703
91520900,2021,2021-07-15,9420,2021-07-12,2110,021589,,1,2,9,1500,0,3,5,,2,040,"RIVER BLVD","KNOTTS ST",0.00,,Y,A,-,N,,,,,,,,,,N,2,0,1,3,A,-,09,21802,A,N,H,G,A,A,H,-,C,A,0,,Y,,,Y,,L,04,1,0,0,0,0,0,1,0,0,"- ","- ",35.391380310058594,-118.98519134521484,KERN,UNINCORPORATED,-118.98516845703125,35.391304016113281
91520911,2021,2021-07-15,9830,2021-07-09,1755,019400,,5,2,9,1500,0,1,3,,2,010,"SR-58 E/B","THE BROOME ROAD OVERPASS",5808.00,W,N,A,-,Y,,,58,,,,,,E,Y,4,0,4,5,A,-,03,22350,,N,C,C,A,A,H,-,A,D,0,,,,,Y,,D,22,0,0,4,0,0,0,0,0,0,"- ","- ",35.208488464355469,-118.53772735595703,KERN,UNINCORPORATED,-118.53773498535156,35.208477020263672
91521304,2021,2021-07-15,9420,2021-06-30,1505,018117,,3,2,9,1500,0,3,5,,2,060,"NORRIS RD","OKEEFE ST",346.00,W,N,A,-,N,,,,,,,,,,Y,4,0,1,2,A,-,08,22107,,N,E,I,A,A,H,-,A,D,0,,,,,Y,,A,01,0,0,1,0,0,0,0,0,0,"- ","- ",35.419609069824219,-119.08682250976562,KERN,UNINCORPORATED,-119.08672332763672,35.419700622558594
91521310,2021,2021-07-15,9420,2021-07-01,1720,018117,,4,2,9,1500,0,1,3,,2,090,SR-99,"MERCED AVE",5808.00,S,N,A,-,Y,,,99,,,,,,,Y,4,0,1,2,A,-,03,22350,,N,C,C,A,A,H,-,A,D,0,,,,,Y,,D,22,0,0,1,0,0,0,0,0,0,"- ","- ",35.515300750732422,-119.18150329589844,KERN,UNINCORPORATED,-119.18142700195312,35.515357971191406
91521380,2021,2021-07-15,9426,2021-07-12,1400,018909,,1,2,9,1500,0,3,5,,2,086,"LERDO HWY","GRIFFITH AVE",150.00,E,N,A,-,N,,,,,,,,,,N,3,0,1,1,A,-,08,22107,,N,E,I,A,A,H,-,A,D,0,,,,,Y,,A,01,0,1,0,0,0,0,0,0,0,"- ","- ",35.499919891357422,-119.34072875976562,KERN,UNINCORPORATED,-119.34078979492188,35.500019073486328
91521401,2021,2021-07-15,9426,2021-07-12,2340,017281,,1,3,9,1500,0,3,5,,2,081,"HARRISON ST.","CEDAR ST.",0.00,,Y,A,-,N,,,,,,,,,,Y,4,0,1,2,A,-,09,21802,A,M,D,C,A,A,H,-,C,A,0,,,,,Y,,-,99,0,0,1,0,0,0,0,0,0,"- ","- ",35.154930114746094,-119.45642852783203,KERN,UNINCORPORATED,-119.45632171630859,35.154556274414062
91521753,2021,2021-07-16,9426,2021-07-03,2250,018610,,6,3,9,1500,0,1,1,,2,506,"I-5 N/B TO OLD RIVER ROAD","OLD RIVER ROAD",1000.00,S,N,A,-,Y,,,5,,,,R,,N,Y,2,0,1,1,A,-,08,22107,,N,E,8,A,A,H,-,C,D,0,,,,Y,Y,,F,26,1,0,0,0,0,0,0,0,0,"- ","- ",35.161331176757812,-119.10932159423828,KERN,UNINCORPORATED,-119.10932159423828,35.161331176757812
91521909,2021,2022-03-08,9420,2021-07-05,0020,020093,,1,3,9,1500,0,1,3,,1,650,SR-65,SR-155,3168.00,N,N,A,-,Y,,,65,,,,,,,N,2,0,2,2,A,-,01,23152,A,F,C,C,A,A,H,-,D,D,0,,,,,Y,Y,A,01,1,1,0,0,0,0,0,0,0,"- ","- ",35.771400451660156,-119.05341339111328,KERN,UNINCORPORATED,-119.05331420898438,35.771400451660156