CASE_ID,ACCIDENT_YEAR,PROC_DATE,JURIS,COLLISION_DATE,COLLISION_TIME,OFFICER_ID,REPORTING_DISTRICT,DAY_OF_WEEK,CHP_SHIFT,POPULATION,CNTY_CITY_LOC,SPECIAL_COND,BEAT_TYPE,CHP_BEAT_TYPE,CITY_DIVISION_LAPD,CHP_BEAT_CLASS,BEAT_NUMBER,PRIMARY_RD,SECONDARY_RD,DISTANCE,DIRECTION,INTERSECTION,WEATHER_1,WEATHER_2,STATE_HWY_IND,CALTRANS_COUNTY,CALTRANS_DISTRICT,STATE_ROUTE,ROUTE_SUFFIX,POSTMILE_PREFIX,POSTMILE,LOCATION_TYPE,RAMP_INTERSECTION,SIDE_OF_HWY,TOW_AWAY,COLLISION_SEVERITY,NUMBER_KILLED,NUMBER_INJURED,PARTY_COUNT,PRIMARY_COLL_FACTOR,PCF_CODE_OF_VIOL,PCF_VIOL_CATEGORY,PCF_VIOLATION,PCF_VIOL_SUBSECTION,HIT_AND_RUN,TYPE_OF_COLLISION,MVIW,PED_ACTION,ROAD_SURFACE,ROAD_COND_1,ROAD_COND_2,LIGHTING,CONTROL_DEVICE,CHP_ROAD_TYPE,PEDESTRIAN_ACCIDENT,BICYCLE_ACCIDENT,MOTORCYCLE_ACCIDENT,TRUCK_ACCIDENT,NOT_PRIVATE_PROPERTY,ALCOHOL_INVOLVED,STWD_VEHTYPE_AT_FAULT,CHP_VEHTYPE_AT_FAULT,COUNT_SEVERE_INJ,COUNT_VISIBLE_INJ,COUNT_COMPLAINT_PAIN,COUNT_PED_KILLED,COUNT_PED_INJURED,COUNT_BICYCLIST_KILLED,COUNT_BICYCLIST_INJURED,COUNT_MC_KILLED,COUNT_MC_INJURED,PRIMARY_RAMP,SECONDARY_RAMP,LATITUDE,LONGITUDE,COUNTY,CITY,POINT_X,POINT_Y
91554289,2021,2021-08-30,9430,2021-08-18,1740,021197,,3,2,9,1500,0,1,1,,2,053,"I-5 SOUTHBOUND","GRAPEVINE ROAD",5280.00,S,N,A,-,Y,,,5,,,,,,S,N,4,0,1,2,A,-,08,22107,,M,B,C,A,A,H,-,A,D,0,,,Y,,Y,,A,01,0,0,1,0,0,0,0,0,1,"- ","- ",34.914649963378906,-118.92449951171875,KERN,UNINCORPORATED,-118.92432403564453,34.914764404296875
91554369,2021,2021-08-25,9430,2021-06-02,2135,018681,,3,2,9,1500,0,1,1,,2,054,"GRAPEVINE ROAD EAST","EDMONSTON PUMP PLANT RD",480.00,N,N,A,-,N,,,,,,,,,,Y,1,1,1,1,A,-,08,22107,,N,F,I,A,A,H,-,D,D,0,,,,,Y,,A,01,0,1,0,0,0,0,0,0,0,"- ","- ",34.942230224609375,-118.92964172363281,KERN,UNINCORPORATED,,
91554662,2021,2021-08-26,9420,2021-08-17,1255,014770,,2,1,9,1500,0,3,5,,2,520,"ZERKER ROAD","KIMBERLINA ROAD",925.00,N,N,A,-,N,,,,,,,,,,Y,3,0,2,2,A,-,06,21750,A,N,C,C,A,A,H,-,A,D,0,,,,Y,Y,,G,25,0,1,1,0,0,0,0,0,0,"- ","- ",35.561279296875,-119.15119171142578,KERN,UNINCORPORATED,-119.15119934082031,35.561267852783203
91554703,2021,2021-08-26,9830,2021-08-18,1740,021191,,3,2,9,1500,0,1,3,,2,030,"STATE ROUTE 14","ROSAMOND BOULEVARD",3960.00,S,N,A,-,Y,,,14,,,,,,,Y,3,0,1,1,A,-,01,23152,A,N,E,8,A,A,H,-,A,D,0,,,,,Y,Y,A,01,0,1,0,0,0,0,0,0,0,"- ","- ",34.840469360351562,-118.17115020751953,KERN,UNINCORPORATED,-118.17112731933594,34.840473175048828
91554747,2021,2021-08-26,9420,2021-08-20,1200,014967,,5,1,9,1500,0,3,5,,2,510,"COUNTY LINE ROAD","ROAD 192",101.00,W,N,A,-,N,,,,,,,,,,Y,3,0,4,3,A,-,03,22350,,N,C,C,A,A,H,-,A,D,0,,,,Y,Y,,A,01,0,3,1,0,0,0,0,0,0,"- ","- ",35.790641784667969,-119.14320373535156,KERN,UNINCORPORATED,-119.143405,35.790691000000002
91554775,2021,2021-08-26,9426,2021-08-22,1035,017230,,7,1,9,1500,0,1,3,,2,331,"STATE ROUTE 33","STATE ROUTE 58",7920.00,N,N,A,-,Y,,,33,,,,,,,Y,4,0,1,2,A,-,05,21460,A,N,D,C,A,A,H,-,A,D,0,,,,,Y,,A,01,0,0,1,0,0,0,0,0,0,"- ","- ",35.33026123046875,-119.62615966796875,KERN,UNINCORPORATED,-119.62631225585938,35.330226898193359
91554804,2021,2021-08-26,9420,2021-08-20,1505,019868,,5,2,9,1500,0,1,3,,1,650,SR-65,"SHERWOOD AVE",3168.00,N,N,A,-,Y,,,,,,,,,,Y,4,0,1,1,A,-,08,22107,,N,E,I,A,A,H,-,A,D,0,,,,,Y,,A,01,0,0,1,0,0,0,0,0,0,"- ","- ",35.26483154296875,-119.02607727050781,KERN,UNINCORPORATED,-119.07539367675781,35.667797088623047
91554810,2021,2021-08-26,9420,2021-08-20,0752,016767,,5,1,9,1500,0,1,3,,2,589,"SR-58 W/B","BEALVILLE ROAD",3696.00,W,N,A,-,Y,,,58,,,,,,W,Y,3,0,1,1,A,-,08,22107,,N,E,I,A,A,D,-,A,D,0,,,,Y,Y,,F,26,0,1,0,0,0,0,0,0,0,"- ","- ",35.262828826904297,-118.64080810546875,KERN,UNINCORPORATED,-118.64080810546875,35.262840270996094
91554837,2021,2021-08-26,9420,2021-08-20,1555,020402,,5,2,6,1502,0,1,3,,2,094,"SR-99 N/B","WHITE LANE",2000.00,S,N,A,-,Y,,,99,,,,,,N,Y,4,0,2,2,A,-,03,22350,,N,C,C,A,A,H,-,A,D,0,,,,,Y,,A,01,0,0,2,0,0,0,0,0,0,"- ","- ",35.312370300292969,-119.03469085693359,KERN,BAKERSFIELD,-119.03470611572266,35.312366485595703
91554869,2021,2021-08-26,9420,2021-08-20,1630,019868,,5,2,9,1500,0,1,3,,2,093,"SR-99 S/B","OLIVE DR",500.00,N,N,A,-,Y,,,,,,,,,,N,4,0,1,3,A,-,03,22350,,N,C,C,A,A,H,-,A,D,0,,,,,Y,,D,22,0,0,1,0,0,0,0,0,0,"- ","- ",35.26483154296875,-119.02607727050781,KERN,UNINCORPORATED,-119.05636596679688,35.413387298583984
91555095,2021,2021-08-26,9420,2021-08-22,0420,021600,,7,3,9,1500,0,3,5,,2,070,"KENTUCKY ST.","LINTON ST.",165.00,W,N,A,-,N,,,,,,,,,,Y,4,0,1,1,A,-,01,23152,A,N,E,I,A,A,H,-,D,D,0,,,,,Y,Y,A,07,0,0,1,0,0,0,0,0,0,"- ","- ",35.373729705810547,-118.97103118896484,KERN,UNINCORPORATED,-118.97106170654297,35.373783111572266
91555125,2021,2021-08-26,9830,2021-08-20,1648,022202,,5,2,9,1500,0,2,4,,1,034,"ROSAMOND BLVD","60TH ST  W",35.00,E,N,A,-,N,,,,,,,,,,Y,4,0,1,2,A,-,08,22107,,N,B,C,A,A,H,-,A,A,0,,,,,Y,,D,22,0,0,1,0,0,0,0,0,0,"- ","- ",34.863761901855469,-118.23780059814453,KERN,UNINCORPORATED,-118.23788452148438,34.863761901855469
91555287,2021,2021-08-26,9430,2021-08-19,0530,016388,,4,3,9,1500,0,1,1,,2,053,"I-5 N/B","FORT TEJON RD O/C.",350.00,N,N,A,-,Y,,,5,,,,,,N,N,3,0,1,2,A,-,03,22350,,M,C,C,A,A,H,-,D,D,0,,,,,Y,,A,07,0,1,0,0,0,0,0,0,0,"- ","- ",34.877681732177734,-118.89553833007812,KERN,UNINCORPORATED,-118.89561462402344,34.877574920654297
91555298,2021,2021-08-26,9420,2021-08-22,2330,021503,,7,3,6,1502,0,1,3,,2,094,"SR-99 N/B","PANAMA LANE",2640.00,N,N,A,-,Y,,,99,,,,,,N,Y,3,0,1,1,A,-,03,22350,,N,E,J,A,A,H,-,C,D,0,,,,,Y,,A,01,0,1,0,0,0,0,0,0,0,"- ","- ",35.302490234375,-119.03192138671875,KERN,BAKERSFIELD,-119.03211212158203,35.302440643310547
91556772,2021,2021-08-27,9830,2021-08-19,0135,021632,,4,3,9,1500,0,1,3,,1,040,"STATE ROUTE 14 SOUTHBOUND","JAWBONE CANYON ROAD",8501.00,S,N,A,-,Y,,,14,,,,,,S,Y,4,0,1,1,A,-,08,22107,,N,F,A,A,A,H,-,D,D,0,,,,,Y,,A,07,0,0,1,0,0,0,0,0,0,"- ","- ",35.28240966796875,-118.02237701416016,KERN,UNINCORPORATED,-118.0223388671875,35.282371520996094
91556776,2021,2021-08-27,9420,2021-08-21,0735,019184,,6,1,9,1500,0,3,5,,2,520,"FAMOSO PORTERVILLE HWY.",SR-155,500.00,N,N,A,-,N,,,,,,,,,,Y,3,0,1,2,A,-,03,22350,,N,C,C,A,A,H,-,A,D,0,,,,Y,Y,,A,01,0,1,0,0,0,0,0,0,0,"- ","- ",35.762588500976562,-119.132080078125,KERN,UNINCORPORATED,-119.13195037841797,35.762825012207031
91556783,2021,2021-08-27,9420,2021-08-20,2315,021133,,5,3,9,1500,0,1,3,,2,093,"SR-99 S/B",SR-204,10.00,S,N,A,-,Y,,,,,,,,,,Y,2,0,1,2,A,-,03,22350,,N,C,C,A,A,D,E,D,D,0,,,,Y,Y,,G,25,1,0,0,0,0,0,0,0,0,"- ","- ",34.403148651123047,-119.04580688476562,KERN,UNINCORPORATED,-119.04195404052734,35.368331909179688
91556786,2021,2021-08-27,9420,2021-08-22,2130,021144,,7,2,9,1500,0,1,3,,2,092,"SR-99 N/B","GILMORE AVE.",50.00,S,N,A,-,Y,,,99,,,,,,N,Y,3,0,2,3,A,-,11,21954,A,F,G,B,D,A,H,-,D,D,0,Y,,,,Y,,N,60,0,2,0,0,0,0,0,0,0,"- ","- ",35.389320373535156,-119.04447937011719,KERN,UNINCORPORATED,-119.04448699951172,35.389320373535156
91556809,2021,2021-08-27,9420,2021-08-23,0750,013851,,1,1,6,1502,0,1,3,,2,095,"SR-99 SOUTHBOUND TO SR-119 (TAFT HIGHWAY)","SR-119 (TAFT HIGHWAY)",10.00,N,N,A,-,Y,,,99,,,,R,,S,N,4,0,1,2,A,-,03,22350,,N,C,C,A,A,H,-,A,A,0,,,,,Y,,D,22,0,0,1,0,0,0,0,0,0,"- ","- ",35.266971588134766,-119.02471160888672,KERN,BAKERSFIELD,-119.02471160888672,35.266971588134766
91556823,2021,2021-08-27,9420,2021-08-23,0805,016926,,1,1,6,1502,0,3,5,,2,060,"RENFRO ROAD","FLOWERCREST AVENUE",200.00,S,N,A,-,N,,,,,,,,,,N,4,0,1,2,A,-,03,22350,,N,C,C,A,A,H,-,A,D,0,,,,,Y,,A,08,0,0,1,0,0,0,0,0,0,"- ","- ",35.371940612792969,-121.02760314941406,KERN,BAKERSFIELD,-119.16333770751953,35.371700286865234
91556883,2021,2021-08-27,9420,2021-08-15,1921,021589,,7,2,9,1500,0,2,4,,1,071,"OSWELL ST","OREGON ST",100.00,N,N,A,-,N,,,,,,,,,,Y,3,0,1,2,A,-,03,22350,,M,C,C,A,A,H,-,A,D,0,,,,,Y,,A,01,0,1,0,0,0,0,0,0,0,"- ","- ",35.378269195556641,-118.94973754882812,KERN,UNINCORPORATED,-118.94963073730469,35.377964019775391
91556910,2021,2021-08-27,9420,2021-08-18,1300,021572,,3,1,9,1500,0,3,5,,2,672,"CALIENTE BODFISH RD","RAIL ROAD TRACKS",3700.00,E,N,A,-,N,,,,,,,,,,Y,3,0,1,1,A,-,08,22107,,F,F,I,A,A,H,-,A,D,0,,,,,Y,,A,01,0,1,0,0,0,0,0,0,0,"- ","- ",35.295928955078125,-118.61289215087891,KERN,UNINCORPORATED,-118.613733,35.295574000000002
91556917,2021,2021-08-27,9420,2021-08-18,2355,019901,,3,3,6,1502,0,1,3,,2,090,"SR-99 N/B",SR-46,2640.00,S,N,A,-,Y,,,,,,,,,,N,2,0,1,2,D,-,00,,,F,G,B,E,A,H,-,D,D,0,Y,,,,Y,,-,"- ",1,0,0,0,1,0,0,0,0,"- ","- ",35.592041015625,-119.20535278320312,KERN,BAKERSFIELD,-119.00289154052734,35.361286163330078
91556949,2021,2021-08-27,9420,2021-08-06,2350,019598,,5,3,9,1500,0,1,3,,2,097,"SR-99 SOUTHBOUND","HERRING ROAD",2640.00,N,N,A,-,Y,,,99,,,,,,S,Y,4,0,1,1,A,-,08,22107,,N,F,A,A,A,H,-,D,D,0,,,,Y,Y,,F,26,0,0,1,0,0,0,0,0,0,"- ","- ",35.154281616210938,-118.99854278564453,KERN,UNINCORPORATED,-118.99863433837891,35.154251098632812
91556959,2021,2021-08-27,9420,2021-08-11,1045,015977,,3,1,9,1500,0,1,3,,2,178,SR-178,"MCCRAY RD",0.00,,Y,A,-,Y,,,178,,,,,,,Y,4,0,1,2,A,-,09,21802,A,N,D,C,A,A,H,-,A,D,0,,,,,Y,,A,01,0,0,1,0,0,0,0,0,0,"- ","- ",35.639671325683594,-118.40528869628906,KERN,UNINCORPORATED,-118.40530395507812,35.639640808105469
91557077,2021,2021-08-27,9420,2021-08-23,1330,021002,,1,1,6,1502,0,1,3,,2,092,"SR-99 N/B","SANTA FE RAILROAD OVERCROSSING",200.00,S,N,A,-,Y,,,99,,,,,,N,N,3,0,1,2,D,-,00,,,M,C,C,A,A,H,-,A,D,0,,,Y,,Y,,-,"- ",0,1,0,0,0,0,0,0,1,"- ","- ",35.406391143798828,-119.04807281494141,KERN,BAKERSFIELD,-119.048095703125,35.406360626220703
91557086,2021,2021-08-27,9420,2021-08-23,1814,021002,,1,2,6,1502,0,1,3,,2,093,"SR-99 S/B","ROSEDALE HWY.",450.00,S,N,A,-,Y,,,99,,,,,,S,N,4,0,1,3,A,-,03,22350,,M,C,C,A,A,H,-,A,D,0,,,,,Y,,A,01,0,0,1,0,0,0,0,0,0,"- ","- ",35.38201904296875,-119.04457855224609,KERN,BAKERSFIELD,-119.04465484619141,35.38201904296875
91557120,2021,2021-08-27,9426,2021-08-18,0500,016162,,3,3,9,1500,0,1,3,,2,432,SR-43,"STOCKDALE HWY",5280.00,S,N,A,-,Y,,,43,,,,,,,Y,2,0,1,1,A,-,08,22107,,N,F,A,A,A,D,-,D,D,0,,,,,Y,,A,01,1,0,0,0,0,0,0,0,0,"- ","- ",35.339630126953125,-119.25244140625,KERN,UNINCORPORATED,-119.25231170654297,35.339626312255859
91557188,2021,2021-08-27,9426,2021-08-20,1614,019592,,5,2,9,1500,0,1,3,,1,460,SR-46,"BITTERWATER VALLEY RD",12144.00,W,N,A,-,Y,,,46,,,,,,,Y,2,0,1,1,A,-,01,23152,A,N,E,I,A,A,H,-,A,D,0,,,,,Y,Y,A,01,1,0,0,0,0,0,0,0,0,"- ","- ",35.627079010009766,-119.99160003662109,KERN,UNINCORPORATED,-119.99140930175781,35.627464294433594
91557189,2021,2021-08-27,9420,2021-07-13,0934,014967,,2,1,9,1500,0,1,3,,1,119,"SR-119 (TAFT HIGHWAY)","ERRO RANCH ROAD",5808.00,E,N,A,-,Y,,,119,,,,,,,N,1,1,0,2,A,-,11,21954,A,N,G,B,E,A,H,-,A,D,0,Y,,,,Y,,N,60,0,0,0,1,0,0,0,0,0,"- ","- ",35.26708984375,-119.19921112060547,KERN,UNINCORPORATED,-119.19921112060547,35.267093658447266
91557192,2021,2021-08-27,9430,2021-08-22,0255,015185,,7,3,9,1500,0,1,1,,2,053,"INTERSTATE 5 FREEWAY S/B","#1 TURN THROUGH",200.00,N,N,A,-,Y,,,5,,,,,,S,Y,4,0,1,2,A,-,08,22107,,N,B,C,A,A,H,-,D,D,0,,,,Y,Y,,G,25,0,0,1,0,0,0,0,0,0,"- ","- ",34.886669158935547,-118.90484619140625,KERN,UNINCORPORATED,-118.90480804443359,34.886760711669922
91557324,2021,2021-08-27,9426,2021-08-19,2030,019206,,4,2,9,1500,0,1,1,,2,502,"INTERSTATE 5 (N/B)","7TH STANDARD ROAD",1584.00,S,N,A,-,Y,,,5,,,,,,,Y,3,0,2,3,A,-,03,22350,,N,C,C,A,A,H,-,C,D,0,,,,Y,Y,,A,01,0,2,0,0,0,0,0,0,0,"- ","- ",35.439079284667969,-119.45213317871094,KERN,UNINCORPORATED,-119.45212554931641,35.439090728759766
91557332,2021,2021-08-27,9420,2021-08-23,1711,019353,,1,2,9,1500,0,1,3,,2,094,"SR-99 N/B","SR-119 W/B",200.00,N,N,A,-,Y,,,,,,,,,,Y,3,0,3,2,A,-,03,22350,,M,E,8,A,A,H,-,A,D,0,,,,,Y,,A,01,0,3,0,0,0,0,0,0,0,"- ","- ",35.266761779785156,-119.02458953857422,KERN,UNINCORPORATED,-119.02278137207031,35.266986846923828
91557350,2021,2021-08-27,9430,2021-08-24,0315,016681,,2,3,9,1500,0,1,1,,2,052,"I-5 S/B","LEBEC RD. O/C.",6336.00,S,N,A,-,Y,,,5,,,,,,S,Y,3,0,1,2,A,-,03,22350,,N,C,C,A,A,H,-,D,D,0,,,,Y,Y,,G,25,0,1,0,0,0,0,0,0,0,"- ","- ",34.851921081542969,-118.87233734130859,KERN,UNINCORPORATED,-118.87224578857422,34.851985931396484
91557752,2021,2021-08-30,9830,2021-08-20,2305,021870,,5,3,9,1500,0,3,5,,2,001,"TEHACHAPI WILLOW SPRINGS RD.","HIGHLINE ROAD",12144.00,S,N,A,-,N,,,,,,,,,,Y,4,0,1,1,A,-,03,22350,,N,H,H,A,A,H,-,D,D,0,,,,,Y,,A,01,0,0,1,0,0,0,0,0,0,"- ","- ",35.076900482177734,-118.39665222167969,KERN,UNINCORPORATED,-118.39665222167969,35.076995849609375
91557753,2021,2021-08-30,9830,2021-08-22,1357,017237,,7,1,9,1500,0,1,3,,1,040,"SR-14 SOUTHBOUND",SR-58,2640.00,N,N,A,-,Y,,,14,,,,,,S,Y,3,0,2,1,C,-,18,,,N,E,I,A,A,H,-,A,D,0,,,,,Y,,-,"- ",0,2,0,0,0,0,0,0,0,"- ","- ",35.099029541015625,-118.14423370361328,KERN,UNINCORPORATED,-118.14426422119141,35.099056243896484
91557754,2021,2021-08-30,9830,2021-06-27,0035,021632,,7,3,9,1500,0,1,3,,1,031,"STATE ROUTE 14 SOUTHBOUND","BUSINESS ROUTE 58 EAST",303.00,S,N,A,-,Y,,,,,,,,,,Y,1,1,1,2,A,-,09,21804,A,N,C,C,A,A,H,-,C,A,0,,,,,Y,,A,01,1,0,0,0,0,0,0,0,0,"- ","- ",34.152698516845703,-118.2593994140625,KERN,UNINCORPORATED,,
91557929,2021,2021-08-30,9420,2021-08-18,1515,021140,,3,2,9,1500,0,1,3,,2,093,"SR-99 S/B","ROSEDALE HIGHWAY UNDERCROSSING",130.00,N,N,A,-,Y,,,99,,,,,,S,Y,4,0,1,2,A,-,03,22350,,N,C,C,A,A,D,-,A,D,0,,,,Y,Y,,A,01,0,0,1,0,0,0,0,0,0,"- ","- ",35.383628845214844,-119.04467010498047,KERN,UNINCORPORATED,-119.04467010498047,35.383628845214844
91557931,2021,2021-08-30,9420,2021-08-22,1659,020634,,7,2,9,1500,0,1,3,,2,090,"SR-99 N/B","ENDES STREET",351.00,N,N,A,-,Y,,,99,,,,,,N,Y,3,0,1,1,A,-,08,22107,,N,E,8,A,A,H,-,A,D,0,,,,,Y,,A,01,0,1,0,0,0,0,0,0,0,"- ","- ",35.446029663085938,-119.09278869628906,KERN,UNINCORPORATED,-119.09281921386719,35.445987701416016
91558160,2021,2021-08-30,9830,2021-08-28,0520,017237,,6,3,9,1500,0,3,5,,2,001,"BAILEY RD.","GIRAUDO RD.",10.00,S,N,A,-,N,,,,,,,,,,Y,3,0,1,1,A,-,03,22350,,N,E,I,A,A,H,-,D,D,0,,,,,Y,,A,01,0,1,0,0,0,0,0,0,0,"- ","- ",35.123371124267578,-118.59278106689453,KERN,UNINCORPORATED,-118.59281921386719,35.123451232910156
91558399,2021,2022-03-15,9420,2021-08-22,1731,021589,,7,2,9,1500,0,3,5,,2,040,"RIVER BLVD","IRENE ST",0.00,,Y,A,-,N,,,,,,,,,,N,3,0,1,2,A,-,09,21802,A,N,D,C,A,A,H,-,A,D,0,,,,,Y,,A,07,0,1,0,0,0,0,0,0,0,"- ","- ",35.393409729003906,-118.98528289794922,KERN,UNINCORPORATED,-118.98516082763672,35.393417358398438
91558425,2021,2021-08-30,9420,2021-08-22,2352,020366,,7,3,9,1500,0,1,3,,2,585,"STATE ROUTE 58 (SR-58 W/B)","UNION AVENUE",1780.00,E,N,A,-,Y,,,,,,,,,,Y,2,0,1,1,A,-,03,22350,,N,E,J,A,A,C,-,D,D,0,,,,,Y,,A,01,1,0,0,0,0,0,0,0,0,"- ","- ",35.3525390625,-118.99685668945312,KERN,UNINCORPORATED,-118.99695587158203,35.352550506591797
91558458,2021,2021-08-30,9420,2021-08-24,1500,021140,,2,2,9,1500,0,3,5,,2,040,"GOODMAN STREET","N INYO STREET",0.00,,Y,A,-,N,,,,,,,,,,Y,4,0,1,2,A,-,12,22450,A,N,D,C,A,A,H,-,A,A,0,,,,,Y,,A,01,0,0,1,0,0,0,0,0,0,"- ","- ",35.392341613769531,-119.99241638183594,KERN,UNINCORPORATED,-118.99240112304688,35.392318725585938
91558498,2021,2022-03-15,9420,2021-08-27,1500,021296,,5,2,9,1500,0,1,3,,2,090,"SR-99 NORTHBOUND","FIRST AVE",1320.00,S,N,A,-,Y,,,,,,,,,,N,3,0,4,2,A,-,07,21658,A,N,B,C,A,A,H,-,A,D,0,,,,,Y,,A,01,0,1,3,0,0,0,0,0,0,"- ","- ",35.753711700439453,-119.24658966064453,KERN,UNINCORPORATED,-119.24782562255859,35.757770538330078
91558682,2021,2021-08-30,9830,2021-08-18,1805,020655,,3,2,9,1500,0,2,S,,2,904,"16193 H ST","NADEAU RD",245.00,S,N,A,-,N,,,,,,,,,,N,4,0,1,2,A,-,01,23152,G,N,C,E,A,A,H,-,A,D,0,,,,,Y,Y,A,01,0,0,1,0,0,0,0,0,0,"- ","- ",35.054859161376953,-118.17797088623047,KERN,UNINCORPORATED,-118.1773681640625,35.055568695068359
91559109,2021,2021-08-31,9830,2021-08-20,2022,022202,,5,2,9,1500,0,1,3,,1,022,"SR-58 E/B","BORON AVE",360.00,E,N,A,-,Y,,,58,,,,,,E,Y,4,0,1,2,A,-,07,21658,A,N,B,C,A,A,H,-,D,D,0,,,,Y,Y,,A,07,0,0,1,0,0,0,0,0,0,"- ","- ",35.01007080078125,-117.64849853515625,KERN,UNINCORPORATED,-117.64849853515625,35.010089874267578
91559241,2021,2022-03-14,9420,2021-08-17,1600,017243,,2,2,9,1500,0,3,5,,2,510,"SHERWOOD AVE","STRADLEY AVE.",0.00,,Y,A,-,N,,,,,,,,,,N,2,0,3,2,A,-,12,22450,A,N,D,C,A,A,H,-,A,A,0,,,,,Y,,D,22,1,2,0,0,0,0,0,0,0,"- ","- ",35.674339294433594,-119.25869750976562,KERN,UNINCORPORATED,-119.25873565673828,35.674343109130859
91559249,2021,2021-08-31,9420,2021-08-24,0010,021503,,2,3,9,1500,0,1,3,,2,093,"SR-99 S/B","NORRIS ROAD",257.00,N,N,A,-,Y,,,,,,,,,,Y,2,0,2,2,A,-,03,22350,,N,C,C,A,A,D,-,C,D,0,,,,,Y,,A,01,1,0,1,0,0,0,0,0,0,"- ","- ",35.442180633544922,-119.06137847900391,KERN,UNINCORPORATED,-119.06098175048828,35.421318054199219
91559564,2021,2021-08-31,9420,2021-08-28,2159,020366,,6,2,9,1500,0,2,4,,1,064,"OLIVE DRIVE","ROBERTS LANE",410.00,W,N,A,-,N,,,,,,,,,,Y,3,0,1,2,A,-,03,22350,,N,C,C,A,A,H,-,D,A,0,,,,Y,Y,,A,01,0,1,0,0,0,0,0,0,0,"- ","- ",35.412338256835938,-119.05013275146484,KERN,UNINCORPORATED,-119.04996490478516,35.412311553955078
91559811,2021,2021-08-31,9426,2021-08-14,1710,018909,,6,2,9,1500,0,1,1,,2,500,"I-5 S/B","TWISSELMAN ROAD",1056.00,S,N,A,-,Y,,,5,,,,,,S,Y,3,0,1,1,A,-,03,22350,,N,F,A,A,A,D,-,A,D,0,,,,,Y,,E,22,0,1,0,0,0,0,0,0,0,"- ","- ",35.729518890380859,-119.73779296875,KERN,UNINCORPORATED,-119.73777770996094,35.729530334472656
91559827,2021,2021-08-31,9426,2021-08-22,0135,018610,,7,3,9,1500,0,1,1,,2,500,"RT 5",SR-46,7920.00,N,N,A,-,Y,,,5,,,,,,,Y,4,0,2,2,A,-,01,23152,A,N,C,C,A,A,H,-,D,D,0,,,,,Y,Y,A,01,0,0,2,0,0,0,0,0,0,"- ","- ",35.634410858154297,-119.66703796386719,KERN,UNINCORPORATED,-119.66700744628906,35.634433746337891
91559880,2021,2021-08-31,9430,2021-08-25,1515,021486,,3,2,9,1500,0,2,4,,1,022,"FRAZIER MOUNTAIN PARK RD","MT PINOS WAY",0.00,,Y,A,-,N,,,,,,,,,,N,4,0,3,2,A,-,09,21802,A,N,D,C,A,A,H,-,A,A,0,,,,,Y,,A,07,0,0,3,0,0,0,0,0,0,"- ","- ",34.8212890625,-118.96974182128906,KERN,UNINCORPORATED,-118.96966552734375,34.821269989013672
91559909,2021,2021-08-31,9430,2021-08-25,1915,021565,,3,2,9,1500,0,1,1,,2,054,"I-5 N/B","LAVAL ROAD O/C",1200.00,S,N,A,-,Y,,,5,,,,,,N,Y,4,0,4,3,A,-,01,23152,A,M,C,C,A,A,H,-,B,D,0,,,,,Y,Y,D,22,0,0,4,0,0,0,0,0,0,"- ","- ",34.983180999755859,-118.94415283203125,KERN,UNINCORPORATED,-118.94414520263672,34.983180999755859
91560113,2021,2021-09-01,9420,2021-08-30,1610,020163,,1,2,9,1500,0,3,5,,2,672,"MALAGA RD.","E. PANAMA LN.",3907.00,N,N,A,-,N,,,,,,,,,,Y,4,0,2,2,A,-,03,22350,,N,C,C,A,A,H,-,A,D,0,,,,,Y,,A,01,0,0,2,0,0,0,0,0,0,"- ","- ",35.307300567626953,-118.86077117919922,KERN,UNINCORPORATED,-118.86074829101562,35.30706787109375
91560118,2021,2021-09-01,9420,2021-08-26,1515,020402,,4,2,9,1500,0,2,4,,1,064,"OLIVE DRIVE","VICTOR STREET",0.00,,Y,A,-,N,,,,,,,,,,Y,4,0,1,2,A,-,03,22350,,N,D,C,A,A,H,-,A,A,0,,,,,Y,,D,22,0,0,1,0,0,0,0,0,0,"- ","- ",35.412429809570312,-119.06220245361328,KERN,UNINCORPORATED,-119.06214904785156,35.412300109863281
91560125,2021,2021-09-01,9420,2021-07-19,2330,018932,,1,3,9,1500,0,3,5,,2,510,"FAMOSO PORTERVILLE HWY","WOOLLOMES AVE",630.00,S,N,A,-,N,,,,,,,,,,Y,4,0,1,1,A,-,08,22107,,N,F,A,A,A,H,-,C,D,0,,,,Y,Y,,G,25,0,0,1,0,0,0,0,0,0,"- ","- ",35.745338439941406,-119.14292144775391,KERN,UNINCORPORATED,-119.14231872558594,35.745429992675781
91560134,2021,2021-09-01,9420,2021-07-19,2100,021589,,1,2,9,1500,0,1,3,,1,176,"STATE ROUTE 178","UNION AVENUE",1084.00,W,N,A,-,Y,,,,,,,,,,Y,1,1,1,2,A,-,11,21954,A,N,G,B,E,A,H,-,D,D,0,Y,,,,Y,,N,60,0,1,0,1,0,0,0,0,0,"- ","- ",35.383541107177734,-119.00665283203125,KERN,UNINCORPORATED,-119.00639343261719,35.38330078125