CASE_ID,ACCIDENT_YEAR,PROC_DATE,JURIS,COLLISION_DATE,COLLISION_TIME,OFFICER_ID,REPORTING_DISTRICT,DAY_OF_WEEK,CHP_SHIFT,POPULATION,CNTY_CITY_LOC,SPECIAL_COND,BEAT_TYPE,CHP_BEAT_TYPE,CITY_DIVISION_LAPD,CHP_BEAT_CLASS,BEAT_NUMBER,PRIMARY_RD,SECONDARY_RD,DISTANCE,DIRECTION,INTERSECTION,WEATHER_1,WEATHER_2,STATE_HWY_IND,CALTRANS_COUNTY,CALTRANS_DISTRICT,STATE_ROUTE,ROUTE_SUFFIX,POSTMILE_PREFIX,POSTMILE,LOCATION_TYPE,RAMP_INTERSECTION,SIDE_OF_HWY,TOW_AWAY,COLLISION_SEVERITY,NUMBER_KILLED,NUMBER_INJURED,PARTY_COUNT,PRIMARY_COLL_FACTOR,PCF_CODE_OF_VIOL,PCF_VIOL_CATEGORY,PCF_VIOLATION,PCF_VIOL_SUBSECTION,HIT_AND_RUN,TYPE_OF_COLLISION,MVIW,PED_ACTION,ROAD_SURFACE,ROAD_COND_1,ROAD_COND_2,LIGHTING,CONTROL_DEVICE,CHP_ROAD_TYPE,PEDESTRIAN_ACCIDENT,BICYCLE_ACCIDENT,MOTORCYCLE_ACCIDENT,TRUCK_ACCIDENT,NOT_PRIVATE_PROPERTY,ALCOHOL_INVOLVED,STWD_VEHTYPE_AT_FAULT,CHP_VEHTYPE_AT_FAULT,COUNT_SEVERE_INJ,COUNT_VISIBLE_INJ,COUNT_COMPLAINT_PAIN,COUNT_PED_KILLED,COUNT_PED_INJURED,COUNT_BICYCLIST_KILLED,COUNT_BICYCLIST_INJURED,COUNT_MC_KILLED,COUNT_MC_INJURED,PRIMARY_RAMP,SECONDARY_RAMP,LATITUDE,LONGITUDE,COUNTY,CITY,POINT_X,POINT_Y
91585987,2021,2021-10-05,9830,2021-09-25,0950,020524,,6,1,9,1500,0,3,5,,2,001,"BACKES LANE","HIGHLINE ROAD",1.00,N,N,A,-,N,,,,,,,,,,N,2,0,1,2,A,-,09,21801,A,N,D,G,A,A,H,-,A,D,0,,Y,,,Y,,D,22,1,0,0,0,0,0,1,0,0,"- ","- ",35.109539031982422,-118.50390625,KERN,UNINCORPORATED,-118.50395202636719,35.109432220458984
91586734,2021,2021-10-04,9420,2021-09-26,1535,021566,,7,2,9,1500,0,3,5,,2,672,"SR-58 E/B FROM COMANCHE DRIVE","COMANCHE DRIVE",0.00,,Y,B,-,N,,,58,,,,R,,E,N,4,0,2,2,A,-,09,21801,A,N,A,C,A,A,H,-,A,D,0,,,,,Y,,A,01,0,0,2,0,0,0,0,0,0,"- ","- ",35.337749481201172,-118.84317779541016,KERN,UNINCORPORATED,-118.84317779541016,35.337749481201172
91586736,2021,2021-10-04,9420,2021-09-28,0823,018225,,2,1,9,1500,0,2,4,,1,051,"N. CHESTER AVE","LINDA VISTA DR",35.00,N,N,A,-,N,,,,,,,,,,Y,4,0,1,3,A,-,08,22107,,N,C,E,A,A,H,-,A,D,0,,,,,Y,,A,07,0,0,1,0,0,0,0,0,0,"- ","- ",35.421741485595703,-119.02127838134766,KERN,UNINCORPORATED,-119.02127075195312,35.421405792236328
91586738,2021,2021-10-04,9420,2021-09-28,0925,018225,,2,1,6,1502,0,1,3,,1,176,"SR-178 W/B","BERNARD ST O/C",350.00,E,N,A,-,Y,,,,,,,,,,Y,4,0,1,2,A,-,03,22350,,N,B,C,A,A,H,-,A,D,0,,,,,Y,,A,01,0,0,1,0,0,0,0,0,0,"- ","- ",35.390960693359375,-118.97943878173828,KERN,BAKERSFIELD,-118.98027038574219,35.390480041503906
91586751,2021,2021-10-04,9830,2021-09-25,1255,020866,,6,1,9,1500,0,3,5,,2,003,"BACKUS RD.","MOJAVE TROPICO",0.00,,Y,A,-,N,,,,,,,,,,N,4,0,1,2,A,-,09,21802,A,N,D,C,A,A,H,-,A,A,0,,,,,Y,,A,01,0,0,1,0,0,0,0,0,0,"- ","- ",34.950828552246094,-118.21257781982422,KERN,UNINCORPORATED,-118.21260833740234,34.950832366943359
91586760,2021,2021-10-04,9830,2021-09-29,2246,021870,,3,3,9,1500,0,3,5,,2,003,"MANCHESTER STREET","GLENRIDGE AVENUE",155.00,S,N,A,-,N,,,,,,,,,,N,2,0,1,1,A,-,21,22106,,N,H,A,A,A,H,-,C,D,0,,,,,Y,,D,22,1,0,0,0,0,0,0,0,0,"- ","- ",34.853649139404297,-118.19441223144531,KERN,UNINCORPORATED,-118.1944580078125,34.853641510009766
91586762,2021,2021-10-04,9830,2021-09-24,1735,021191,,5,2,9,1500,0,1,3,,2,010,"STATE ROUTE 58","KEENE ROAD",100.00,W,N,A,-,Y,,,58,,,,,,,Y,3,0,2,3,A,-,08,22107,,N,E,I,A,A,H,-,A,D,0,,,,,Y,,A,01,0,2,0,0,0,0,0,0,0,"- ","- ",35.224700927734375,-118.56796264648438,KERN,UNINCORPORATED,-118.56793975830078,35.224708557128906
91586766,2021,2021-10-04,9830,2021-09-02,0410,021553,,4,3,9,1500,0,1,3,,1,040,"SR-14 N/B","CALIFORNIA CITY BLVD",4224.00,N,N,A,-,Y,,,14,,,,,,N,Y,3,0,1,1,A,-,08,22107,,N,F,A,A,A,H,-,D,D,0,,,,,Y,,A,01,0,1,0,0,0,0,0,0,0,"- ","- ",35.135940551757812,-118.11579132080078,KERN,UNINCORPORATED,-118.11579895019531,35.135948181152344
91586806,2021,2021-10-04,9420,2021-09-24,0820,018387,,5,1,9,1500,0,3,5,,2,040,"ALFRED HARRELL HWY","GOODMANVILLE RD",2112.00,W,N,A,-,N,,,,,,,,,,Y,2,0,1,1,A,-,01,23152,A,N,E,I,A,A,H,-,A,D,0,,,,,Y,Y,A,01,1,0,0,0,0,0,0,0,0,"- ","- ",35.433868408203125,-118.93168640136719,KERN,UNINCORPORATED,-118.93276214599609,35.436038970947266
91586813,2021,2021-10-04,9420,2021-09-24,0859,020451,,5,1,9,1500,0,2,4,,1,072,"NILES ST. E/B","WEBSTER ST.",30.00,W,N,B,-,N,,,,,,,,,,Y,4,0,1,2,A,-,03,22350,,N,C,C,A,A,H,-,A,A,0,,,Y,,Y,,C,02,0,0,1,0,0,0,0,0,1,"- ","- ",35.375770568847656,-118.96322631835938,KERN,UNINCORPORATED,-118.96311950683594,35.375808715820312
91587314,2021,2021-10-04,9830,2021-09-24,1720,020655,,5,2,9,1500,0,1,3,,2,010,"SR-58 W/B","KEENE RD.",1943.00,W,N,A,-,Y,,,58,,,,,,W,Y,3,0,1,2,A,-,08,22107,,N,B,C,A,A,H,-,A,D,0,,,,Y,Y,,A,01,0,1,0,0,0,0,0,0,0,"- ","- ",35.228641510009766,-118.56855773925781,KERN,UNINCORPORATED,-118.56855010986328,35.228641510009766
91587346,2021,2021-10-04,9420,2021-07-11,0012,020366,,7,3,9,1500,0,1,3,,1,650,"STATE ROUTE 65 (SR-65)","JAMES ROAD",1745.00,N,N,A,-,Y,,,65,,,,,,,Y,1,1,1,2,A,-,01,23152,A,N,A,C,A,A,H,-,D,D,0,,,,,Y,Y,A,01,0,1,0,0,0,0,0,0,0,"- ","- ",35.478740692138672,-119.07482147216797,KERN,UNINCORPORATED,-119.07491302490234,35.478733062744141
91587365,2021,2021-10-04,9420,2021-09-25,1000,020451,,6,1,6,1502,0,1,3,,1,176,"SR-178 FROM MT VERNON AVE.","MT. VERNON AVE.",50.00,W,N,B,-,Y,,,178,,,,R,,,Y,4,0,1,1,A,-,08,22107,,N,E,I,A,A,H,-,A,D,0,,,,,Y,,A,01,0,0,1,0,0,0,0,0,0,"- ","- ",35.394828796386719,-118.96791076660156,KERN,BAKERSFIELD,-118.96791076660156,35.394828796386719
91587486,2021,2021-10-04,9420,2021-09-13,1450,017243,,1,2,9,1500,0,1,3,,2,430,SR-43,"TAUSSIG AVE",600.00,N,N,B,-,Y,,,43,,,,,,,N,4,0,1,2,D,-,00,,,N,B,C,A,A,H,-,A,D,0,,,,Y,Y,,-,"- ",0,0,1,0,0,0,0,0,0,"- ","- ",35.655361175537109,-119.33100891113281,KERN,UNINCORPORATED,-119.33087921142578,35.655357360839844
91587560,2021,2021-10-04,9420,2021-09-26,1130,018387,,7,1,9,1500,0,3,5,,2,510,"SCHUSTER RD","BENNER AVE",0.00,,Y,A,-,N,,,,,,,,,,Y,3,0,2,2,A,-,09,21802,A,N,D,C,A,A,H,-,A,D,0,,,,,Y,,A,01,0,2,0,0,0,0,0,0,0,"- ","- ",35.732128143310547,-119.31217193603516,KERN,UNINCORPORATED,-119.31190490722656,35.732223510742188
91587591,2021,2021-10-04,9830,2021-09-24,1700,020960,,5,2,9,1500,0,3,5,,2,001,"BACKES LN","SCHOUT ROAD",186.00,S,N,A,-,N,,,,,,,,,,N,4,0,1,1,C,-,18,,,N,E,I,A,A,H,-,A,D,0,,,,,Y,,-,"- ",0,0,1,0,0,0,0,0,0,"- ","- ",35.116161346435547,-118.5040283203125,KERN,UNINCORPORATED,-118.50382232666016,35.116291046142578
91587742,2021,2021-10-04,9430,2021-09-25,1945,020875,,6,2,9,1500,0,1,1,,2,054,"I-5 N/B (GOLDEN STATE FREEWAY)","WHEELER RIDGE ROAD",1100.00,S,N,A,-,Y,,,5,,,,,,N,Y,4,0,1,3,A,-,03,22350,,N,C,C,A,A,H,-,C,D,0,,,,Y,Y,,A,01,0,0,1,0,0,0,0,0,0,"- ","- ",34.983249664306641,-118.94420623779297,KERN,UNINCORPORATED,-118.94416809082031,34.983261108398438
91587996,2021,2021-10-05,9830,2021-09-30,1450,021191,,4,2,9,1500,0,3,5,,2,003,"SUMMER BREEZE AVENUE","BUSS STREET",200.00,W,N,A,-,N,,,,,,,,,,N,4,0,2,2,A,-,09,21804,A,N,H,C,A,A,H,-,A,D,0,,,,,Y,,A,07,0,0,2,0,0,0,0,0,0,"- ","- ",34.852401733398438,-118.18829345703125,KERN,UNINCORPORATED,-118.18850708007812,34.852394104003906
91588023,2021,2021-10-05,9830,2021-03-29,2203,021751,,1,3,9,1500,0,1,3,,1,031,"STATE ROUTE 14 NORTHBOUND","MYER ROAD",357.00,S,N,A,-,Y,,,14,,,,,,N,N,1,1,0,3,A,-,03,22350,,F,G,B,E,A,C,-,D,D,0,Y,,,,Y,,A,01,0,0,0,1,0,0,0,0,0,"- ","- ",35.040740966796875,-118.16979217529297,KERN,UNINCORPORATED,-118.16983032226562,35.040725708007812
91588056,2021,2021-10-05,9420,2021-09-05,1315,017256,,7,1,9,1500,0,1,3,,2,091,"STATE ROUTE 99","SHERWOOD AVENUE",1200.00,S,N,A,-,Y,,,99,,,,,,,Y,3,0,2,1,A,-,08,22107,,N,E,I,A,A,H,-,A,D,0,,,,,Y,,A,01,0,2,0,0,0,0,0,0,0,"- ","- ",35.669929504394531,-119.22553253173828,KERN,UNINCORPORATED,-119.22536468505859,35.669979095458984
91588060,2021,2022-03-25,9420,2021-08-13,2121,019353,,5,2,9,1500,0,2,4,,1,064,"OLIVE DRIVE","KNUDSEN DRIVE",623.00,W,N,A,-,N,,,,,,,,,,Y,1,1,2,2,A,-,01,23153,A,N,A,C,A,A,H,-,D,D,0,,,,,Y,Y,D,22,1,0,1,0,0,0,0,0,0,"- ","- ",35.412239074707031,-119.05486297607422,KERN,UNINCORPORATED,-119.06086730957031,35.412300109863281
91588078,2021,2021-10-05,9420,2021-09-20,1550,019353,,1,2,6,1502,0,1,3,,2,093,"SR-99 S/B",SR-204,800.00,N,N,A,-,Y,,,,,,,,,,N,3,0,1,3,A,-,03,22350,,N,C,C,A,A,D,-,A,D,0,,,,,Y,,A,01,0,1,0,0,0,0,0,0,0,"- ","- ",34.406620025634766,-119.04872894287109,KERN,BAKERSFIELD,-119.04287719726562,35.37042236328125
91588179,2021,2021-10-05,9830,2021-10-02,1055,020524,,6,1,9,1500,0,3,5,,2,003,"MOJAVE TROPICO ROAD","TRUMAN ROAD",1056.00,N,N,A,-,N,,,,,,,,,,Y,3,0,1,2,A,-,08,22107,,N,B,C,A,A,H,-,A,D,0,,,,,Y,,A,01,0,1,0,0,0,0,0,0,0,"- ","- ",34.876960754394531,-118.22547149658203,KERN,UNINCORPORATED,-118.22639465332031,34.876304626464844
91588185,2021,2021-10-05,9420,2021-07-03,0053,019903,,6,3,9,1500,0,2,4,,1,051,"AIRPORT DRIVE SOUTHBOUND","CASTAIC AVENUE",0.00,,Y,A,-,N,,,,,,,,,,Y,1,1,0,2,A,-,11,21954,A,N,G,B,D,A,H,-,D,D,0,Y,,,,Y,Y,N,60,0,0,0,1,0,0,0,0,0,"- ","- ",35.418899536132812,-119.03913879394531,KERN,UNINCORPORATED,-119.03916168212891,35.418880462646484
91588216,2021,2021-10-05,9420,2021-09-23,1610,019098,,4,2,6,1502,0,1,3,,2,094,"SR-99 N/B","BELLE TERRACE",1150.00,S,N,A,-,Y,,,99,,,,,,N,Y,4,0,2,3,A,-,03,22350,,N,C,C,A,A,D,E,A,D,0,,,,,Y,,A,01,0,0,2,0,0,0,0,0,0,"- ","- ",35.34490966796875,-119.0394287109375,KERN,BAKERSFIELD,-119.03943634033203,35.34490966796875
91588263,2021,2021-11-03,9420,2021-09-22,1515,017243,,3,2,9,1500,0,1,3,,1,184,SR-223,SR-184,0.00,,Y,A,-,Y,,,223,,,,,,,Y,4,0,1,2,A,-,09,21800,A,N,D,C,A,A,H,-,A,A,0,,,,,Y,,-,"- ",0,0,1,0,0,0,0,0,0,"- ","- ",35.208770751953125,-118.91455078125,KERN,UNINCORPORATED,-118.91455078125,35.208713531494141
91588279,2021,2021-10-05,9420,2021-09-26,0350,021134,,7,3,9,1500,0,1,3,,2,096,"SR-99 N/B","HOUGHTON RD",4752.00,N,N,A,-,Y,,,99,,,,,,N,Y,2,0,5,2,A,-,01,23152,A,N,C,2,A,A,H,-,D,D,0,,,,,Y,Y,A,01,1,2,2,0,0,0,0,0,0,"- ","- ",35.248088836669922,-119.01790618896484,KERN,UNINCORPORATED,-119.01782989501953,35.248111724853516
91588482,2021,2021-10-05,9420,2021-09-30,1555,021260,,4,2,9,1500,0,3,5,,2,060,"ALLEN ROAD","ROSEDALE HIGHWAY",0.00,,Y,A,-,N,,,,,,,,,,Y,4,0,1,2,A,-,12,21453,A,N,D,C,A,A,H,-,A,A,0,,,,,Y,,A,01,0,0,1,0,0,0,0,0,0,"- ","- ",35.383480072021484,-119.14560699462891,KERN,UNINCORPORATED,-119.14556884765625,35.383644104003906
91588649,2021,2021-10-05,9420,2021-09-23,1500,017243,,4,2,9,1500,0,3,5,,2,520,"WHISLER RD","FAMOSO PORTERVILLE HWY",60.00,W,N,A,-,N,,,,,,,,,,Y,4,0,1,2,A,-,03,22350,,N,B,C,A,A,H,-,A,D,0,,,,Y,Y,,G,25,0,0,1,0,0,0,0,0,0,"- ","- ",35.645530700683594,-119.19670104980469,KERN,UNINCORPORATED,-119.20093536376953,35.645587921142578
91588744,2021,2021-10-05,9830,2021-09-24,2147,021903,,5,2,9,1500,0,1,2,,1,053,SR-14,SR-178W,3696.00,S,N,A,-,Y,,,14,,,,,,,Y,2,0,2,2,A,-,08,22107,,N,B,C,A,A,H,-,D,D,0,,,,Y,Y,,A,07,1,0,1,0,0,0,0,0,0,"- ","- ",35.591159820556641,-117.90814208984375,KERN,UNINCORPORATED,-117.90812683105469,35.591152191162109
91588794,2021,2021-10-05,9830,2021-09-25,0002,021903,,6,3,9,1500,0,3,5,,2,005,"JACKS RANCH RD","DRUMMOND AVE",528.00,N,N,A,-,N,,,,,,,,,,Y,3,0,1,1,A,-,01,23152,A,N,F,A,A,A,H,-,D,D,0,,,,,Y,Y,A,01,0,1,0,0,0,0,0,0,0,"- ","- ",35.639881134033203,-117.72305297851562,KERN,UNINCORPORATED,-117.7230224609375,35.638637542724609
9158943,2020,2020-11-30,1506,2020-08-14,2015,7854,37,5,5,4,1506,0,0,0,,0,,"S CHINA LAKE BL","RIDGECREST BL",40.00,S,N,A,-,Y,KER,6,178,-,-,102.616,I,6,E,N,3,0,1,2,A,-,13,22515,A,N,B,C,A,A,H,-,C,A,0,,,,,Y,,A,01,0,1,0,0,0,0,0,0,0,"- ","- ",,,KERN,RIDGECREST,-117.67002868652344,35.622459411621094
91589583,2021,2021-10-06,9420,2021-10-01,1020,016973,,5,1,9,1500,0,2,4,,1,051,"AIRPORT DR.","PETROL RD.",0.00,,Y,A,-,N,,,,,,,,,,Y,4,0,1,2,A,-,12,22450,A,N,D,C,A,A,H,-,A,A,0,,,,Y,Y,,A,01,0,0,1,0,0,0,0,0,0,"- ","- ",35.448558807373047,-119.03855133056641,KERN,UNINCORPORATED,-119.03854370117188,35.448516845703125
91589618,2021,2021-10-06,9426,2021-10-01,0840,014887,,5,1,9,1500,0,1,1,,2,500,"RT 5","TWISSELMAN RD",3300.00,S,N,A,-,Y,,,5,,,,,,,Y,4,0,3,2,A,-,03,22350,,N,C,C,A,A,H,-,A,D,0,,,,Y,Y,,A,01,0,0,3,0,0,0,0,0,0,"- ","- ",35.724170684814453,-119.73333740234375,KERN,UNINCORPORATED,-119.73334503173828,35.724166870117188
91589621,2021,2021-10-06,9420,2021-10-05,2500,016978,,2,4,9,1500,0,3,5,,2,672,"CALIENTE BODFISH ROAD","CALIENTE CREEK ROAD",13728.00,N,N,A,-,N,,,,,,,,,,Y,2,0,1,1,A,-,08,22107,,N,E,I,A,A,H,-,D,D,0,,,,,Y,,D,22,1,0,0,0,0,0,0,0,0,"- ","- ",35.337490081787109,-118.57758331298828,KERN,UNINCORPORATED,-118.58601379394531,35.336582183837891
91589658,2021,2021-10-06,9426,2021-10-04,0540,016953,,1,3,9,1500,0,1,3,,1,460,SR-46,"FARNSWORTH AVE",0.00,,Y,A,-,Y,,,46,,,,,,,N,4,0,1,2,A,-,09,21802,A,N,D,C,A,A,D,-,D,A,0,,,,,Y,,A,01,0,0,1,0,0,0,0,0,0,"- ","- ",35.616069793701172,-119.69426727294922,KERN,UNINCORPORATED,-119.69426727294922,35.616065979003906
91589791,2021,2021-10-06,9426,2021-10-05,0330,017281,,2,3,9,1500,0,1,3,,2,330,SR-33,"HANAWALT AVE.",2640.00,S,N,A,-,N,,,33,,,,,,,Y,4,0,1,2,A,-,06,21751,,M,B,C,A,A,H,-,D,D,0,,,,,Y,,-,99,0,0,1,0,0,0,0,0,0,"- ","- ",35.6409912109375,-119.88548278808594,KERN,UNINCORPORATED,-119.88555908203125,35.640937805175781
91589873,2021,2021-10-06,9426,2021-10-04,1545,016804,,1,2,9,1500,0,1,3,,2,432,SR-43,"I-5 S/B TO SR-43",0.00,,Y,A,-,Y,,,,,,,,,,Y,3,0,5,2,A,-,09,21802,A,N,D,C,A,A,H,-,A,A,0,,,,,Y,,A,07,0,5,0,0,0,0,0,0,0,"- ","- ",35.290359497070312,-119.25509643554688,KERN,UNINCORPORATED,-119.25251007080078,35.293087005615234
91590635,2021,2021-10-07,9420,2021-08-15,1840,021915,,7,2,9,1500,0,1,3,,2,155,"SR-155 (WOFFORD HEIGHTS BOULEVARD)","KEYESVILLE ROAD",1584.00,W,N,A,-,Y,,,155,,,,,,,Y,1,1,0,1,A,-,08,22107,,N,E,I,A,A,H,-,A,D,0,,,Y,,Y,,C,02,0,0,0,0,0,0,0,1,0,"- ","- ",35.644111633300781,-118.48674011230469,KERN,UNINCORPORATED,-118.48667907714844,35.644077301025391
91590921,2021,2021-10-07,9420,2021-09-19,1759,021601,,7,2,9,1500,0,3,5,,2,070,"WEBSTER STREET","E CALIFORNIA AVE",82.00,N,N,A,-,N,,,,,,,,,,N,3,0,1,2,A,-,08,22107,,M,D,E,A,A,H,-,A,D,0,,,,,Y,,A,01,0,1,0,0,0,0,0,0,0,"- ","- ",35.368991851806641,-118.96309661865234,KERN,UNINCORPORATED,-118.96305847167969,35.368915557861328
91590922,2021,2021-10-07,9420,2021-09-26,1910,021601,,7,2,9,1500,0,3,5,,2,040,"RIVER BLVD","JEFFREY STREET",0.00,,Y,A,-,N,,,,,,,,,,Y,3,0,2,2,A,-,09,21802,A,N,D,C,A,A,H,-,C,A,0,,,,,Y,,A,01,0,2,0,0,0,0,0,0,0,"- ","- ",35.394870758056641,-118.98518371582031,KERN,UNINCORPORATED,-118.98516082763672,35.394443511962891
91590928,2021,2022-03-16,9420,2021-09-28,1340,021566,,2,1,9,1500,0,1,3,,1,176,"SR-178 W/B","HALEY ST. O/C",665.00,W,N,B,-,Y,,,178,,,,,,W,N,3,0,3,2,A,-,03,22350,,N,B,C,A,A,H,-,A,D,0,,,,,Y,,A,01,0,2,1,0,0,0,0,0,0,"- ","- ",35.39154052734375,-118.97843933105469,KERN,UNINCORPORATED,-118.97843933105469,35.39154052734375
91590952,2021,2021-10-07,9420,2021-09-27,1450,017243,,1,2,9,1500,0,2,4,,2,074,"PANAMA RD","STOBAUGH ST",0.00,,Y,A,-,N,,,,,,,,,,Y,3,0,1,2,A,-,09,21802,A,N,D,C,A,A,H,-,A,A,0,,,,,Y,,D,22,0,1,0,0,0,0,0,0,0,"- ","- ",35.267009735107422,-118.91546630859375,KERN,UNINCORPORATED,-118.91548919677734,35.266975402832031
91590970,2021,2021-10-07,9430,2021-10-02,1627,018627,,6,2,9,1500,0,1,1,,2,053,"I-5 S/B (GOLDEN STATE FREEWAY)","FORT TEJON O/C",3168.00,S,N,A,-,Y,,,5,,,,,,S,Y,3,0,1,2,A,-,13,22515,A,N,B,C,A,A,H,-,A,D,0,,,,,Y,,D,22,0,1,0,0,0,0,0,0,0,"- ","- ",34.88323974609375,-118.90099334716797,KERN,UNINCORPORATED,-118.90103149414062,34.883220672607422
91590986,2021,2021-10-07,9420,2021-10-02,2500,021547,,6,4,9,1500,0,2,4,,2,031,"12 FUSSEL STREET","LAKE ISABELLA BOULEVARD",14.00,W,N,A,-,N,,,,,,,,,,Y,3,0,1,1,A,-,08,22107,,N,E,I,A,A,H,-,D,D,0,,,Y,,Y,,C,02,0,1,0,0,0,0,0,0,1,"- ","- ",35.591239929199219,-118.49423980712891,KERN,UNINCORPORATED,-118.49433898925781,35.591018676757812
91591069,2021,2021-10-07,9426,2021-10-01,1747,019442,,5,2,9,1500,0,3,5,,2,085,SR-46,"ROWLEE RD.",30.00,W,N,A,-,Y,,,46,,,,,,,N,4,0,1,2,A,-,09,21802,A,N,A,C,A,A,H,-,A,A,0,,,,,Y,,A,01,0,0,1,0,0,0,0,0,0,"- ","- ",35.601329803466797,-119.47344207763672,KERN,UNINCORPORATED,-119.47344207763672,35.601108551025391
91591092,2021,2021-10-07,9426,2021-10-04,0530,018932,,1,3,9,1500,0,1,3,,1,118,SR-119,"RT 5",2904.00,W,N,A,-,Y,,,119,,,,,,,Y,4,0,1,2,A,-,03,22350,,N,C,C,A,A,H,-,C,D,0,,,,,Y,,A,01,0,0,1,0,0,0,0,0,0,"- ","- ",35.267078399658203,-119.23486328125,KERN,UNINCORPORATED,-119.23486328125,35.26708984375
91591096,2021,2021-10-18,9426,2021-10-04,1810,016804,,1,2,9,1500,0,3,5,,2,082,"BUTTONWILLOW DR.","7TH STD. RD.",0.00,,Y,A,-,N,,,,,,,,,,Y,3,0,1,3,A,-,09,21802,B,N,D,C,A,A,H,-,B,A,0,,,,Y,Y,,A,01,0,1,0,0,0,0,0,0,0,"- ","- ",35.457649230957031,-119.48867034912109,KERN,UNINCORPORATED,-119.474148,35.442355999999997
91591454,2021,2021-10-08,9420,2021-09-22,2143,021480,,3,2,9,1500,0,1,3,,2,090,"SR-99 NB TO POND ROAD","POND ROAD",0.00,,Y,A,-,Y,,,99,,,,R,,N,Y,4,0,1,2,A,-,01,23152,A,N,D,C,A,A,H,-,C,A,0,,,,Y,Y,Y,D,22,0,0,1,0,0,0,0,0,0,"- ","- ",35.718090057373047,-119.23664093017578,KERN,UNINCORPORATED,-119.23664093017578,35.718090057373047
91591513,2021,2021-10-08,9420,2021-09-25,2356,021144,,6,3,9,1500,0,3,5,,2,672,"N. WHEELER RIDGE RD.","DAVID RD.",1103.00,N,N,A,-,N,,,,,,,,,,Y,2,0,1,3,A,-,03,22350,,N,G,B,E,A,H,-,D,D,0,Y,,,,Y,Y,A,07,1,0,0,0,1,0,0,0,0,"- ","- ",35.095710754394531,-118.91470336914062,KERN,UNINCORPORATED,-118.91468811035156,35.095935821533203
91591521,2021,2021-10-08,9420,2021-10-01,1935,021601,,5,2,6,1502,0,1,3,,2,584,"SR-58 E/B","UION AVE",2218.00,W,N,A,-,Y,,,,,,,,,,Y,3,0,2,2,A,-,03,22350,,N,C,C,A,A,H,-,C,A,0,,,,,Y,,A,01,0,2,0,0,0,0,0,0,0,"- ","- ",35.352321624755859,-119.10791778564453,KERN,BAKERSFIELD,-119.01036071777344,35.352321624755859
91591598,2021,2021-10-08,9420,2021-10-01,1150,013851,,5,1,6,1502,0,1,3,,2,094,"SR-99 NORTHBOUND","HOSKING AVENUE",1981.00,N,N,A,-,Y,,,99,,,,,,N,Y,3,0,1,2,A,-,03,22350,,N,C,C,A,A,H,-,A,D,0,,,,Y,Y,,A,01,0,1,0,0,0,0,0,0,0,"- ","- ",35.28826904296875,-119.02839660644531,KERN,BAKERSFIELD,-119.02840423583984,35.28826904296875
91591622,2021,2021-10-08,9420,2021-09-30,2300,019021,,4,3,9,1500,0,1,3,,2,095,"SR-99 S/B",SR-119,3168.00,S,N,A,-,Y,,,99,,,,,,S,N,4,0,1,1,C,-,18,,,N,E,J,A,A,H,-,D,D,0,,,,,Y,,-,"- ",0,0,1,0,0,0,0,0,0,"- ","- ",35.257740020751953,-119.020751953125,KERN,UNINCORPORATED,-119.02063751220703,35.257770538330078
91591677,2021,2021-10-08,9420,2021-10-02,1255,021547,,6,1,9,1500,0,1,3,,2,155,SR-155,"OAKWOOD DRIVE",12.00,W,N,A,-,Y,,,155,,,,,,,N,2,0,1,2,A,-,09,21804,A,N,C,C,A,A,H,-,A,D,0,,,Y,,Y,,A,01,1,0,0,0,0,0,0,0,1,"- ","- ",35.697708129882812,-118.46308898925781,KERN,UNINCORPORATED,-118.46293640136719,35.697612762451172
91591730,2021,2022-03-16,9420,2021-10-01,0945,013851,,5,1,6,1502,0,1,3,,2,095,"SR-99 SOUTHBOUND","PLANZ ROAD",1020.00,S,N,A,-,Y,,,99,,,,,,S,N,3,0,1,3,A,-,03,22350,,N,C,C,A,A,H,-,A,D,0,,,,Y,Y,,A,01,0,1,0,0,0,0,0,0,0,"- ","- ",35.322460174560547,-119.03768157958984,KERN,BAKERSFIELD,-119.03763580322266,35.322471618652344
91591741,2021,2021-10-08,9420,2021-10-03,2225,020093,,7,3,9,1500,0,2,4,,1,051,"N CHESTER AVE","ROBERTS LN",0.00,,Y,A,-,N,,,,,,,,,,Y,3,0,1,2,A,-,12,21453,A,N,D,C,A,A,H,-,C,A,0,,,,,Y,,A,01,0,1,0,0,0,0,0,0,0,"- ","- ",35.404869079589844,-119.02107238769531,KERN,UNINCORPORATED,-119.02108001708984,35.408638000488281
91591758,2021,2021-10-08,9420,2021-10-08,0658,016153,,5,1,9,1500,0,3,5,,2,060,"PATTON WAY","DOWNING AVE.",528.00,S,N,B,-,N,,,,,,,,,,Y,4,0,1,2,A,-,08,22107,,N,E,I,A,A,H,-,A,D,0,,,,,Y,,A,01,0,0,1,0,0,0,0,0,0,"- ","- ",35.389308929443359,-119.08316040039062,KERN,UNINCORPORATED,-119.08332061767578,35.389091491699219