CASE_ID,ACCIDENT_YEAR,PROC_DATE,JURIS,COLLISION_DATE,COLLISION_TIME,OFFICER_ID,REPORTING_DISTRICT,DAY_OF_WEEK,CHP_SHIFT,POPULATION,CNTY_CITY_LOC,SPECIAL_COND,BEAT_TYPE,CHP_BEAT_TYPE,CITY_DIVISION_LAPD,CHP_BEAT_CLASS,BEAT_NUMBER,PRIMARY_RD,SECONDARY_RD,DISTANCE,DIRECTION,INTERSECTION,WEATHER_1,WEATHER_2,STATE_HWY_IND,CALTRANS_COUNTY,CALTRANS_DISTRICT,STATE_ROUTE,ROUTE_SUFFIX,POSTMILE_PREFIX,POSTMILE,LOCATION_TYPE,RAMP_INTERSECTION,SIDE_OF_HWY,TOW_AWAY,COLLISION_SEVERITY,NUMBER_KILLED,NUMBER_INJURED,PARTY_COUNT,PRIMARY_COLL_FACTOR,PCF_CODE_OF_VIOL,PCF_VIOL_CATEGORY,PCF_VIOLATION,PCF_VIOL_SUBSECTION,HIT_AND_RUN,TYPE_OF_COLLISION,MVIW,PED_ACTION,ROAD_SURFACE,ROAD_COND_1,ROAD_COND_2,LIGHTING,CONTROL_DEVICE,CHP_ROAD_TYPE,PEDESTRIAN_ACCIDENT,BICYCLE_ACCIDENT,MOTORCYCLE_ACCIDENT,TRUCK_ACCIDENT,NOT_PRIVATE_PROPERTY,ALCOHOL_INVOLVED,STWD_VEHTYPE_AT_FAULT,CHP_VEHTYPE_AT_FAULT,COUNT_SEVERE_INJ,COUNT_VISIBLE_INJ,COUNT_COMPLAINT_PAIN,COUNT_PED_KILLED,COUNT_PED_INJURED,COUNT_BICYCLIST_KILLED,COUNT_BICYCLIST_INJURED,COUNT_MC_KILLED,COUNT_MC_INJURED,PRIMARY_RAMP,SECONDARY_RAMP,LATITUDE,LONGITUDE,COUNTY,CITY,POINT_X,POINT_Y
91603992,2021,2021-10-22,9420,2021-10-21,1525,019868,,4,2,9,1500,0,3,5,,2,060,"GILMORE AVE","GIBSON ST",150.00,E,N,A,-,N,,,,,,,,,,N,4,0,1,2,A,-,03,22350,,N,C,C,A,A,H,-,A,D,0,,,,,Y,,A,01,0,0,1,0,0,0,0,0,0,"- ","- ",35.389488220214844,-119.05132293701172,KERN,UNINCORPORATED,-119.05160522460938,35.389507293701172
91604021,2021,2021-10-22,9420,2021-10-16,2040,021915,,6,2,9,1500,0,1,3,,2,178,SR-178,"YANKEE CANYON ROAD",2640.00,E,N,A,-,Y,,,178,,,,,,,Y,2,0,2,1,A,-,01,23152,A,N,E,I,A,A,H,-,D,D,0,,,,,Y,Y,A,07,1,1,0,0,0,0,0,0,0,"- ","- ",35.656200408935547,-118.44895172119141,KERN,UNINCORPORATED,-118.448974609375,35.656227111816406
91604146,2021,2021-10-22,9830,2021-10-13,0700,019872,,3,1,9,1500,0,3,5,,2,003,"LONE BUTTE RD","SOPP ROAD",700.00,N,N,A,-,N,,,,,,,,,,N,4,0,2,2,A,-,06,21755,A,N,B,C,A,A,H,-,A,D,0,,,,,Y,,D,22,0,0,2,0,0,0,0,0,0,"- ","- ",34.942878723144531,-118.14076232910156,KERN,UNINCORPORATED,-118.14071655273438,34.939609527587891
91604422,2021,2021-10-25,9426,2021-10-21,1220,016050,,4,1,9,1500,0,3,5,,2,087,"S. LAKE RD.","HILL RD.",6864.00,W,N,A,-,N,,,,,,,,,,Y,4,0,2,2,A,-,08,22107,,N,B,C,A,A,H,-,A,D,0,,,,Y,Y,,E,22,0,0,2,0,0,0,0,0,0,"- ","- ",35.151981353759766,-119.21652221679688,KERN,UNINCORPORATED,-119.22267150878906,35.151912689208984
91604461,2021,2021-10-25,9426,2021-10-14,1237,014967,,4,1,9,1500,0,3,5,,2,086,"STOCKDALE HIGHWAY","TRASK STREET",162.00,E,N,A,-,N,,,,,,,,,,Y,3,0,1,3,A,-,08,22107,,M,D,C,A,A,H,-,A,A,0,,,,,Y,,A,07,0,1,0,0,0,0,0,0,0,"- ","- ",35.354839324951172,-119.33171844482422,KERN,UNINCORPORATED,-119.33171844482422,35.3548583984375
91605227,2021,2021-10-25,9420,2021-10-16,0027,021600,,6,3,9,1500,0,2,4,,2,062,"ROSEDALE HWY","MOHAWK ST.",70.00,W,N,A,-,N,,,,,,,,,,Y,3,0,2,3,A,-,01,23152,A,N,C,C,A,A,H,-,C,A,0,,,,,Y,Y,A,01,0,1,1,0,0,0,0,0,0,"- ","- ",35.230079650878906,-119.03543853759766,KERN,UNINCORPORATED,-119.06543731689453,35.38330078125
91605234,2021,2021-10-25,9420,2021-10-19,2200,020093,,2,3,6,1502,0,1,3,,2,583,"SR-58 E/B","COFFEE RD",2640.00,W,N,A,-,Y,,,,,,,,,,Y,3,0,1,2,A,-,01,23152,A,F,B,2,A,A,H,-,C,D,0,,,,,Y,Y,A,01,0,1,0,0,0,0,0,0,0,"- ","- ",35.361961364746094,-119.09834289550781,KERN,BAKERSFIELD,-119.10112762451172,35.383369445800781
91605240,2021,2021-10-25,9420,2021-10-20,0500,019021,,3,3,9,1500,0,3,5,,2,630,"STOCKDALE HWY.","NORD AVE",1056.00,W,N,A,-,N,,,,,,,,,,Y,3,0,1,1,A,-,08,22107,,N,F,A,A,A,H,-,D,D,0,,,,,Y,,A,01,0,1,0,0,0,0,0,0,0,"- ","- ",35.354358673095703,-119.202880859375,KERN,UNINCORPORATED,-119.2022705078125,35.354381561279297
91605421,2021,2021-10-25,9420,2021-10-15,1605,021140,,5,2,9,1500,0,1,3,,2,586,"SR-58 E/B","BENA RD",280.00,W,N,A,-,Y,,,58,,,,,,E,Y,3,0,1,3,A,-,03,22350,,N,C,C,A,A,H,-,A,D,0,,,,,Y,,A,01,0,1,0,0,0,0,0,0,0,"- ","- ",35.269969940185547,-118.68338775634766,KERN,UNINCORPORATED,-118.68338775634766,35.269962310791016
91606158,2021,2021-10-26,9420,2021-10-13,1320,021134,,3,1,9,1500,0,3,5,,2,050,"MERLE HAGGARD DR","PEGASUS DR",1220.00,E,N,A,-,N,,,,,,,,,,Y,2,0,1,1,A,-,08,22107,,N,E,I,A,A,H,-,A,D,0,,,Y,,Y,,C,02,1,0,0,0,0,0,0,0,1,"- ","- ",35.441520690917969,-119.06855773925781,KERN,UNINCORPORATED,-119.06866455078125,35.441448211669922
91606181,2021,2021-10-26,9420,2021-10-17,2350,021915,,7,3,9,1500,0,1,3,,2,177,SR-178,"RANCHERIA ROAD",16896.00,E,N,A,-,Y,,,178,,,,,,,Y,4,0,1,1,A,-,08,22107,,N,E,I,A,A,H,-,D,D,0,,,,,Y,,A,01,0,0,1,0,0,0,0,0,0,"- ","- ",35.446441650390625,-118.78829193115234,KERN,UNINCORPORATED,-118.78826904296875,35.446407318115234
91606220,2021,2022-03-07,9420,2021-10-21,1700,021534,,4,2,9,1500,0,3,5,,2,610,"S OLEANDER AVE","BRITE ST",200.00,S,N,A,-,N,,,,,,,,,,Y,3,0,1,4,A,-,01,23152,A,M,C,E,A,A,H,-,A,D,0,,,,,Y,Y,D,22,0,1,0,0,0,0,0,0,0,"- ","- ",35.351718902587891,-119.02570343017578,KERN,UNINCORPORATED,-119.02560424804688,35.351593017578125
91606496,2021,2021-10-26,9420,2021-10-21,2130,019598,,4,2,9,1500,0,3,5,,2,672,"PANAMA ROAD","SOUTH FAIRFAX ROAD",1250.00,W,N,A,-,N,,,,,,,,,,N,4,0,1,2,A,-,06,21750,A,N,B,C,A,A,H,-,D,D,0,,,,,Y,,D,22,0,0,1,0,0,0,0,0,0,"- ","- ",35.266971588134766,-118.93665313720703,KERN,UNINCORPORATED,-118.93630981445312,35.266960144042969
91606576,2021,2022-03-07,9420,2021-10-12,1540,019140,,2,2,9,1500,0,1,3,,2,178,"STATE ROUTE 178","OLD ISABELLA BOAT LAUNCH ENTRANCE ROAD",354.00,W,N,A,-,Y,,,178,,,,,,,Y,2,0,1,1,A,-,08,22107,,N,F,A,A,A,H,-,A,D,0,,,,,Y,,A,07,1,0,0,0,0,0,0,0,0,"- ","- ",35.64801025390625,-118.45796203613281,KERN,UNINCORPORATED,-118.45780944824219,35.647972106933594
91606938,2021,2021-10-26,9426,2021-09-07,0720,017321,,2,1,9,1500,0,1,1,,2,502,"I-5 N/B","7TH STANDARD ROAD",528.00,N,N,A,-,Y,,,5,,,,,,N,Y,1,1,0,2,A,-,03,22350,,N,C,2,A,A,H,-,A,D,0,,,,,Y,,D,22,0,0,0,0,0,0,0,0,0,"- ","- ",35.445518493652344,-119.46086120605469,KERN,UNINCORPORATED,-119.46089935302734,35.445468902587891
91607224,2021,2021-10-27,9830,2021-10-22,0945,020427,,5,1,9,1500,0,1,3,,1,022,"SR-58 E/B","CLAYMINE RD",10560.00,E,N,A,-,Y,,,,,,,,,,N,4,0,1,2,A,-,08,22107,,N,B,2,A,A,H,-,A,D,0,,,,,Y,,A,01,0,0,1,0,0,0,0,0,0,"- ","- ",35.004100799560547,-118.80438995361328,KERN,UNINCORPORATED,-117.83561706542969,35.006328582763672
91607229,2021,2021-10-27,9830,2021-10-23,0635,020427,,6,1,9,1500,0,3,5,,2,001,"SANTA BARBARA DR","SANTA LUCIA ST.",370.00,E,N,B,E,N,,,,,,,,,,N,3,0,1,2,A,-,08,22107,,N,A,E,A,B,H,-,D,D,0,,,,,Y,,A,01,0,1,0,0,0,0,0,0,0,"- ","- ",35.125438690185547,-118.48893737792969,KERN,UNINCORPORATED,-118.489013671875,35.125434875488281
9160725,2020,2021-01-21,1507,2020-09-11,1900,281,33,5,5,3,1507,0,0,0,,0,,"ENTERPRISE ST","CHROME ST",0.00,,Y,A,-,N,,,,,,,,,,N,3,0,2,1,A,-,03,22350,,N,F,I,A,A,H,-,C,D,0,,,,,Y,,A,01,0,2,0,0,0,0,0,0,0,"- ","- ",35.446689605712891,-119.19064331054688,KERN,SHAFTER,-119.19652000000001,35.448900000000002
91607273,2021,2022-03-21,9420,2021-10-11,0620,016973,,1,1,9,1500,0,1,3,,2,092,"SR-99 N/B","NORRIS RD.",100.00,S,N,A,-,Y,,,,,,,,,,Y,4,0,2,4,A,-,03,22350,,N,C,C,A,A,H,-,B,D,0,,,,,Y,,D,22,0,0,2,0,0,0,0,0,0,"- ","- ",,,KERN,UNINCORPORATED,-119.06078338623047,35.421070098876953
91607319,2021,2021-10-27,9420,2021-10-14,0650,017256,,4,1,6,1502,0,1,3,,1,176,"STATE ROUTE 178 W/B","FLOWER STREET",245.00,W,N,A,-,Y,,,178,,,,,,W,Y,3,0,1,3,A,-,07,21658,A,N,B,2,A,A,H,-,B,D,0,,,,,Y,,A,01,0,1,0,0,0,0,0,0,0,"- ","- ",35.385578155517578,-118.98880004882812,KERN,BAKERSFIELD,-118.98880004882812,35.385585784912109
91607662,2021,2021-10-27,9420,2021-10-19,0750,013851,,2,1,6,1502,0,1,3,,2,094,"SR-99 NORTHBOUND","WHITE LANE",1348.00,S,N,A,-,Y,,,99,,,,,,N,Y,4,0,1,3,A,-,03,22350,,N,C,C,A,A,H,-,A,D,0,,,,Y,Y,,F,26,0,0,1,0,0,0,0,0,0,"- ","- ",35.313819885253906,-119.03501129150391,KERN,BAKERSFIELD,-119.03508758544922,35.313800811767578
91607745,2021,2021-10-27,9830,2021-10-25,1650,019400,,1,2,9,1500,0,1,3,,2,011,"SR-58 W/B",SR-202,15312.00,W,N,B,-,Y,,,58,,,,,,W,Y,4,0,1,2,A,-,03,22350,,N,C,C,A,B,H,-,A,D,0,,,,,Y,,A,01,0,0,1,0,0,0,0,0,0,"- ","- ",35.178298950195312,-118.4832763671875,KERN,UNINCORPORATED,-118.48330688476562,35.178226470947266
91607819,2021,2021-10-27,9420,2021-10-22,1850,020634,,5,2,9,1500,0,2,4,,1,052,"NORRIS ROAD","CALIFORNIA STREET",0.00,,Y,A,-,N,,,,,,,,,,Y,3,0,3,2,A,-,09,21801,A,N,D,C,A,A,H,-,D,D,0,,,,,Y,,A,01,0,1,2,0,0,0,0,0,0,"- ","- ",35.419498443603516,-119.0234375,KERN,UNINCORPORATED,-119.0234375,35.419509887695312
91607942,2021,2021-10-27,9420,2021-10-26,1705,019868,,2,2,9,1500,0,2,4,,2,074,"PANAMA RD","SAN GORGONIO ST",1056.00,W,N,A,-,N,,,,,,,,,,N,4,0,2,2,A,-,21,22106,,N,C,C,A,A,H,-,A,D,0,,,,,Y,,A,01,0,0,2,0,0,0,0,0,0,"- ","- ",35.266960144042969,-118.92366790771484,KERN,UNINCORPORATED,-118.92375183105469,35.266971588134766
91607973,2021,2021-10-27,9420,2021-10-25,1745,018481,,1,2,9,1500,0,1,3,,2,090,"N/B SR-99","7TH STANDARD RD.",5280.00,N,N,C,-,Y,,,99,,,,,,,N,4,0,1,1,A,-,03,22350,,N,E,I,A,A,H,-,B,D,0,,,,,Y,,A,01,0,0,1,0,0,0,0,0,0,"- ","- ",35.460250854492188,-119.11177062988281,KERN,UNINCORPORATED,-119.11183929443359,35.460159301757812
91607977,2021,2021-10-27,9830,2021-10-15,0525,019872,,5,3,9,1500,0,1,3,,2,010,"SR-58 EB",SR202,5280.00,W,N,A,-,Y,,,58,,,,,,E,N,3,0,1,2,A,-,08,22107,,F,D,C,A,A,H,-,D,D,0,,,,,Y,,A,07,0,1,0,0,0,0,0,0,0,"- ","- ",35.147209167480469,-118.46970367431641,KERN,UNINCORPORATED,-118.46965789794922,35.147197723388672
91607980,2021,2021-10-27,9430,2021-10-25,1205,016750,,1,1,9,1500,0,1,1,,2,052,"I-5 NB","LEBEC RD",100.00,S,N,C,-,Y,,,5,,,,,,N,Y,3,0,2,1,A,-,03,22350,,N,F,A,A,B,H,-,A,D,0,,,,,Y,,A,01,0,2,0,0,0,0,0,0,0,"- ","- ",34.835498809814453,-118.86360931396484,KERN,UNINCORPORATED,-118.863525390625,34.83544921875
91608080,2021,2021-10-27,9420,2021-10-13,1540,019353,,3,2,9,1500,0,1,3,,2,090,"SR-65 N/B","MERLE HAGGARD DRIVE",2640.00,N,N,A,-,Y,,,65,,,,,,N,N,3,0,1,2,A,-,03,22350,,N,C,C,A,A,H,-,A,D,0,,,,,Y,,A,08,0,1,0,0,0,0,0,0,0,"- ","- ",35.458171844482422,-119.07460784912109,KERN,UNINCORPORATED,-119.07466888427734,35.458171844482422
91608392,2021,2021-10-28,9830,2021-10-16,2305,021870,,6,3,9,1500,0,1,3,,1,022,"SR-58 E/B","ROSAMOND BLVD (EDWARDS AFB)",2140.00,W,N,A,-,Y,,,58,,,,,,E,Y,3,0,2,1,A,-,08,22107,,N,F,A,A,A,H,-,D,D,0,,,,Y,Y,,G,25,0,2,0,0,0,0,0,0,0,"- ","- ",35.009979248046875,-117.88775634765625,KERN,UNINCORPORATED,-117.88775634765625,35.010036468505859
91608407,2021,2021-10-28,9420,2021-10-12,1930,019316,,2,2,6,1502,0,1,3,,2,204,"SR-204 S/B","F STREET",200.00,N,N,A,-,Y,,,204,,,,,,S,Y,4,0,1,4,A,-,03,22350,,N,C,C,A,A,H,-,D,A,0,,,,,Y,,A,07,0,0,1,0,0,0,0,0,0,"- ","- ",35.390010833740234,-119.02374267578125,KERN,BAKERSFIELD,-119.02365112304688,35.390125274658203
91608417,2021,2021-10-28,9420,2021-10-23,0602,018807,,6,1,9,1500,0,2,4,,1,064,"OLIVE DRIVE","PATTON WAY",0.00,,Y,B,-,N,,,,,,,,,,Y,3,0,1,2,A,-,12,21453,A,N,D,C,A,A,H,-,C,A,0,,,,,Y,,A,01,0,1,0,0,0,0,0,0,0,"- ","- ",35.244468688964844,-119.50150299072266,KERN,UNINCORPORATED,-119.08338165283203,35.412380218505859
91608421,2021,2021-10-28,9420,2021-10-23,0145,021503,,6,3,9,1500,0,2,4,,1,071,"MT. VERNON AVE","LUCKY STREET",107.00,N,N,A,-,N,,,,,,,,,,Y,3,0,1,3,A,-,01,23152,A,M,E,J,A,A,H,-,C,D,0,,,,,Y,Y,A,01,0,1,0,0,0,0,0,0,0,"- ","- ",35.366230010986328,-118.96768951416016,KERN,UNINCORPORATED,-118.96746063232422,35.366184234619141
91608434,2021,2021-10-28,9420,2021-10-19,1530,017243,,2,2,4,1503,0,1,3,,2,090,SR-99,"WOOLLOMES AVE",1584.00,S,N,A,-,Y,,,99,,,,,,,Y,4,0,1,2,A,-,07,21658,A,N,B,C,A,A,H,-,A,D,0,,,,,Y,,-,"- ",0,0,1,0,0,0,0,0,0,"- ","- ",35.742649078369141,-119.24205017089844,KERN,DELANO,-119.24209594726562,35.742637634277344
91608749,2021,2021-10-28,9420,2021-10-14,1532,019353,,4,2,9,1500,0,3,5,,2,620,"ALLEN ROAD N/B","MEACHAM ROAD",200.00,N,N,A,-,N,,,,,,,,,,Y,3,0,1,2,A,-,09,21801,A,N,D,C,A,A,H,-,A,D,0,,,,,Y,,A,07,0,1,0,0,0,0,0,0,0,"- ","- ",35.412460327148438,-119.11138153076172,KERN,UNINCORPORATED,-119.14552307128906,35.391330718994141
91608755,2021,2021-10-28,9830,2021-10-27,0558,020427,,3,3,9,1500,0,1,3,,2,030,"SR-14 N/B","BACKUS RD",150.00,N,N,A,-,Y,,,14,,,,,,N,N,4,0,1,2,A,-,03,22350,,N,C,C,A,A,D,-,D,D,0,,,,,Y,,D,22,0,0,1,0,0,0,0,0,0,"- ","- ",34.952400207519531,-118.16127014160156,KERN,UNINCORPORATED,-118.16092681884766,34.952373504638672
91608761,2021,2021-10-28,9420,2021-10-24,0040,020093,,7,3,6,1502,0,1,3,,2,094,"SR-99 N/B","PANAMA LN",100.00,S,N,B,-,Y,,,99,,,,,,N,Y,3,0,1,1,A,-,01,23152,A,N,E,I,A,A,H,-,D,D,0,,,,,Y,Y,D,22,0,1,0,0,0,0,0,0,0,"- ","- ",35.292240142822266,-119.02938842773438,KERN,BAKERSFIELD,-119.02943420410156,35.292228698730469
91608771,2021,2021-10-28,9420,2021-10-24,1430,020782,,7,2,9,1500,0,3,5,,2,040,"GRANITE ROAD",SR-155,23232.00,S,N,A,-,N,,,,,,,,,,Y,2,0,1,1,A,-,08,22107,,N,E,I,A,A,H,-,A,D,0,,,Y,,Y,,C,02,1,0,0,0,0,0,0,0,1,"- ","- ",35.660499572753906,-118.74832916259766,KERN,UNINCORPORATED,-118.74718475341797,35.660873413085938
91608884,2021,2021-10-28,9420,2021-10-27,1449,020782,,3,2,9,1500,0,2,4,,1,052,"ROBERTS LANE","AIRPORT DRIVE",235.00,W,N,A,-,N,,,,,,,,,,N,4,0,1,2,A,-,09,21804,A,N,H,G,A,A,H,-,A,D,0,,Y,,,Y,,A,01,0,0,1,0,0,0,1,0,0,"- ","- ",35.408519744873047,-119.03981018066406,KERN,UNINCORPORATED,-119.03973388671875,35.408618927001953
91608886,2021,2021-10-28,9420,2021-10-19,1650,021140,,2,2,9,1500,0,2,4,,1,072,"NILES STREET","PALM DRIVE",0.00,,Y,A,-,N,,,,,,,,,,Y,4,0,1,3,A,-,10,21950,A,N,H,G,A,A,H,-,A,D,0,,Y,,,Y,,A,07,0,0,1,0,0,0,1,0,0,"- ","- ",35.377269744873047,-118.9786376953125,KERN,UNINCORPORATED,-118.970947265625,35.377208709716797
91608949,2021,2021-10-28,9420,2021-10-23,1531,021534,,6,2,9,1500,0,3,5,,2,610,"CAYLOR ST","BELLE TERRACE",200.00,N,N,A,-,N,,,,,,,,,,N,3,0,1,2,A,-,08,22107,,N,D,E,A,A,H,-,A,D,0,,,Y,,Y,,C,02,0,1,0,0,0,0,0,0,1,"- ","- ",35.347400665283203,-119.02481079101562,KERN,UNINCORPORATED,-119.02449035644531,35.347240447998047
91609065,2021,2021-10-28,9420,2021-10-22,1350,021601,,5,1,9,1500,0,2,4,,1,071,"OSWELL ST N/B","CENTER STREET",0.00,,Y,A,-,N,,,,,,,,,,Y,3,0,1,2,A,-,09,21453,C,N,D,C,A,A,H,-,A,A,0,,,,,Y,,A,01,0,1,0,0,0,0,0,0,0,"- ","- ",35.372230529785156,-118.94976806640625,KERN,UNINCORPORATED,-118.94982147216797,35.372268676757812
91609079,2021,2021-10-28,9420,2021-10-25,1410,018481,,1,2,9,1500,0,3,5,,2,510,"POND RD.","BROWNING RD.",0.00,,Y,C,-,N,,,,,,,,,,Y,4,0,1,3,A,-,03,22350,,N,B,C,A,B,H,-,A,D,0,,,,,Y,,D,22,0,0,1,0,0,0,0,0,0,"- ","- ",35.717819213867188,-119.22319793701172,KERN,UNINCORPORATED,-119.22312164306641,35.71795654296875
91609088,2021,2021-10-28,9830,2021-10-21,0645,021788,,4,1,9,1500,0,1,2,,1,054,US-395,"CHINA LAKE BOULEVARD",6864.00,S,N,A,-,Y,,,395,,,,,,,Y,3,0,2,1,A,-,08,22107,,N,F,A,A,A,H,-,A,D,0,,,,,Y,,E,22,0,2,0,0,0,0,0,0,0,"- ","- ",35.544490814208984,-117.69178009033203,KERN,UNINCORPORATED,-117.69176483154297,35.544517517089844
91609090,2021,2021-10-28,9420,2021-10-05,1504,018117,,2,2,9,1500,0,1,3,,2,091,"SR-99 S/B","LERDO HWY",2534.00,S,N,A,-,Y,,,99,,,,,,S,Y,3,0,3,1,A,-,08,22107,,N,E,I,A,A,H,-,A,D,0,,,,,Y,,A,01,0,1,2,0,0,0,0,0,0,"- ","- ",35.494510650634766,-119.15756988525391,KERN,UNINCORPORATED,-119.15765380859375,35.494396209716797
91610721,2021,2022-03-07,9420,2021-10-16,2235,021144,,6,3,9,1500,0,2,4,,1,076,"COTTONWOOD RD.","PANAMA LN.",1215.00,N,N,A,-,Y,,,,,,,,,,Y,3,0,2,2,A,-,01,23152,A,N,A,C,A,A,H,-,D,D,0,,,,,Y,Y,A,01,0,2,0,0,0,0,0,0,0,"- ","- ",35.299018859863281,-118.98525238037109,KERN,UNINCORPORATED,-118.98535919189453,35.295928955078125
91610776,2021,2021-10-29,9420,2021-10-18,0418,021144,,1,3,9,1500,0,1,3,,2,091,"SR-99 S/B","GARCES HWY.",900.00,S,N,C,-,Y,,,,,,,,,,Y,3,0,1,2,A,-,03,22350,,N,B,2,A,B,H,-,C,D,0,,,,,Y,,A,01,0,1,0,0,0,0,0,0,0,"- ","- ",35.755508422851562,-119.24452209472656,KERN,UNINCORPORATED,-119.24864959716797,35.759136199951172
91610784,2021,2022-03-07,9420,2021-10-20,1313,018807,,3,1,9,1500,0,1,3,,2,092,"SR-99 (NORTHBOUND)","SEVENTH STANDARD ROAD",1056.00,S,N,A,-,Y,,,99,,,,,,,Y,3,0,1,2,A,-,08,22107,,N,B,2,A,A,H,-,A,D,0,,,,Y,Y,,A,01,0,1,0,0,0,0,0,0,0,"- ","- ",35.438949584960938,-119.08065032958984,KERN,UNINCORPORATED,-119.08075714111328,35.438812255859375
91610915,2021,2022-02-08,9430,2021-10-23,1320,017152,,6,1,9,1500,0,3,5,,2,002,"LEBEC ROAD O/C","DIGIER ROAD",250.00,E,N,B,-,N,,,,,,,,,,Y,3,0,1,2,A,-,05,21650,,N,A,C,A,A,H,-,A,D,0,,,,,Y,,A,01,0,1,0,0,0,0,0,0,0,"- ","- ",34.876781463623047,-118.89498901367188,KERN,UNINCORPORATED,-118.893925,34.875675000000001
91610942,2021,2021-10-29,9420,2021-10-23,0220,021600,,6,3,9,1500,0,1,3,,2,462,SR-46,SR-99,5280.00,W,N,A,-,Y,,,46,,,,,,,Y,3,0,1,1,A,-,08,22107,,N,E,I,A,A,H,-,D,D,0,,,,,Y,,A,01,0,1,0,0,0,0,0,0,0,"- ","- ",35.601951599121094,-119.23526763916016,KERN,UNINCORPORATED,-119.23526763916016,35.601913452148438
91610974,2021,2021-10-29,9830,2021-10-21,0525,021788,,4,3,9,1500,0,1,2,,1,053,US-395,"COYOTE TRAIL",581.00,N,N,A,-,Y,,,395,,,,,,,Y,3,0,1,1,A,-,08,22107,,N,F,A,A,A,H,-,D,D,0,,,,,Y,,D,22,0,1,0,0,0,0,0,0,0,"- ","- ",35.755279541015625,-117.8701171875,KERN,UNINCORPORATED,-117.87036895751953,35.755268096923828
91610997,2021,2021-10-29,9420,2021-10-28,0805,013851,,4,1,6,1502,0,1,3,,2,093,"SR-99 SOUTHBOUND TO ROSEDALE HIGHWAY","ROSEDALE HIGHWAY",8.00,N,N,A,-,Y,,,99,,,,R,,S,N,4,0,1,2,A,-,05,21650,,N,D,G,A,A,H,-,A,A,0,,Y,,,Y,,L,04,0,0,1,0,0,0,1,0,0,"- ","- ",35.38336181640625,-119.04604339599609,KERN,BAKERSFIELD,-119.04604339599609,35.38336181640625
91611018,2021,2021-10-29,9420,2021-10-25,1817,021566,,1,2,9,1500,0,1,3,,2,585,"SR-58 W/B","S STERLING RD. OVERCROSSING",423.00,W,N,C,-,Y,,,58,,,,,,W,Y,3,0,1,2,A,-,03,22350,,N,C,C,A,B,F,-,B,D,0,,,,,Y,,A,08,0,1,0,0,0,0,0,0,0,"- ","- ",35.352458953857422,-118.94232940673828,KERN,UNINCORPORATED,-118.94232940673828,35.352420806884766
91611021,2021,2021-10-29,9426,2021-10-23,0940,014887,,6,1,9,1500,0,3,5,,2,086,"LERDO HWY","PALM AVE",0.00,,Y,A,-,N,,,,,,,,,,Y,4,0,1,2,A,-,12,22450,A,N,D,C,A,A,H,-,A,A,0,,,,,Y,,A,01,0,0,1,0,0,0,0,0,0,"- ","- ",35.500068664550781,-119.35019683837891,KERN,UNINCORPORATED,-119.3502197265625,35.500049591064453
91611023,2021,2021-10-29,9426,2021-10-22,1705,019442,,5,2,9,1500,0,1,3,,2,330,SR-33,"HANAWALT AVE.",4224.00,S,N,B,-,Y,,,33,,,,,,,N,4,0,1,2,A,-,03,22350,,N,C,C,A,A,H,-,A,D,0,,,,,Y,,A,01,0,0,1,0,0,0,0,0,0,"- ","- ",35.647899627685547,-119.89026641845703,KERN,UNINCORPORATED,-119.89035034179688,35.647842407226562
91611039,2021,2021-10-29,9420,2021-10-28,1300,016767,,4,1,9,1500,0,1,3,,1,650,SR-65,"MERCED AVENUE",7920.00,N,N,A,-,Y,,,65,,,,,,,N,3,0,1,3,A,-,03,22350,,N,C,C,A,A,H,-,A,D,0,,,,Y,Y,,F,26,0,1,0,0,0,0,0,0,0,"- ","- ",35.551959991455078,-119.08757019042969,KERN,UNINCORPORATED,-119.08760833740234,35.551952362060547
91611063,2021,2021-10-29,9426,2021-10-23,1730,019206,,6,2,9,1500,0,1,3,,1,332,"STATE ROUTE 33","SODA LAKE RD.",85.00,S,N,B,-,Y,,,33,,,,,,,N,3,0,1,2,A,-,03,22350,,N,C,C,A,A,H,-,A,D,0,,,,,Y,,D,22,0,1,0,0,0,0,0,0,0,"- ","- ",34.962978363037109,-119.44625854492188,KERN,UNINCORPORATED,-119.44627380371094,34.962985992431641
91611075,2021,2021-10-29,9426,2021-10-27,0600,014967,,3,1,9,1500,0,1,3,,1,460,"SR-46 W/B (PASO ROBLES HWY)",SR-33,1056.00,E,N,A,-,Y,,,46,,,,,,W,Y,4,0,1,3,A,-,03,22350,,N,C,C,A,A,H,-,D,A,0,,,,Y,Y,,A,01,0,0,1,0,0,0,0,0,0,"- ","- ",35.615058898925781,-119.86299133300781,KERN,UNINCORPORATED,-119.86299133300781,35.614990234375
91611099,2021,2021-10-29,9420,2021-10-28,1610,019868,,4,2,9,1500,0,1,3,,2,586,"SR-58 E/B","TEJON HWY",500.00,E,N,A,-,Y,,,58,,,,,,E,Y,3,0,2,1,C,-,18,,,N,E,J,A,A,H,-,A,D,0,,,,,Y,,-,"- ",0,1,1,0,0,0,0,0,0,"- ","- ",35.333461761474609,-118.82295989990234,KERN,UNINCORPORATED,-118.82299041748047,35.333320617675781