CASE_ID,ACCIDENT_YEAR,PROC_DATE,JURIS,COLLISION_DATE,COLLISION_TIME,OFFICER_ID,REPORTING_DISTRICT,DAY_OF_WEEK,CHP_SHIFT,POPULATION,CNTY_CITY_LOC,SPECIAL_COND,BEAT_TYPE,CHP_BEAT_TYPE,CITY_DIVISION_LAPD,CHP_BEAT_CLASS,BEAT_NUMBER,PRIMARY_RD,SECONDARY_RD,DISTANCE,DIRECTION,INTERSECTION,WEATHER_1,WEATHER_2,STATE_HWY_IND,CALTRANS_COUNTY,CALTRANS_DISTRICT,STATE_ROUTE,ROUTE_SUFFIX,POSTMILE_PREFIX,POSTMILE,LOCATION_TYPE,RAMP_INTERSECTION,SIDE_OF_HWY,TOW_AWAY,COLLISION_SEVERITY,NUMBER_KILLED,NUMBER_INJURED,PARTY_COUNT,PRIMARY_COLL_FACTOR,PCF_CODE_OF_VIOL,PCF_VIOL_CATEGORY,PCF_VIOLATION,PCF_VIOL_SUBSECTION,HIT_AND_RUN,TYPE_OF_COLLISION,MVIW,PED_ACTION,ROAD_SURFACE,ROAD_COND_1,ROAD_COND_2,LIGHTING,CONTROL_DEVICE,CHP_ROAD_TYPE,PEDESTRIAN_ACCIDENT,BICYCLE_ACCIDENT,MOTORCYCLE_ACCIDENT,TRUCK_ACCIDENT,NOT_PRIVATE_PROPERTY,ALCOHOL_INVOLVED,STWD_VEHTYPE_AT_FAULT,CHP_VEHTYPE_AT_FAULT,COUNT_SEVERE_INJ,COUNT_VISIBLE_INJ,COUNT_COMPLAINT_PAIN,COUNT_PED_KILLED,COUNT_PED_INJURED,COUNT_BICYCLIST_KILLED,COUNT_BICYCLIST_INJURED,COUNT_MC_KILLED,COUNT_MC_INJURED,PRIMARY_RAMP,SECONDARY_RAMP,LATITUDE,LONGITUDE,COUNTY,CITY,POINT_X,POINT_Y
91703496,2022,2022-02-17,9420,2022-02-13,1335,021600,,7,1,9,1500,0,3,5,,2,671,"FLORENCE ST.","PARISH AVE.",364.00,W,N,A,-,N,,,,,,,,,,Y,2,0,1,3,A,-,06,21750,A,N,D,C,A,A,H,-,A,D,0,,,Y,,Y,,C,02,1,0,0,0,0,0,0,0,1,"- ","- ",35.239578247070312,-118.91721343994141,KERN,UNINCORPORATED,-118.91708374023438,35.239669799804688
91703509,2022,2022-02-17,9420,2022-02-13,1425,021572,,7,2,9,1500,0,3,5,,2,672,"E WILSON RD","S VINELAND RD",1056.00,W,N,A,-,N,,,,,,,,,,N,4,0,1,2,C,-,18,,,N,A,C,A,A,H,-,A,D,0,,,,,Y,,-,"- ",0,0,1,0,0,0,0,0,0,"- ","- ",35.332561492919922,-118.89942169189453,KERN,UNINCORPORATED,-118.89994812011719,35.332611083984375
91704093,2022,2022-02-18,9420,2022-02-08,1810,017243,,2,2,9,1500,0,1,3,,2,090,SR-99,"LERDO HWY",5280.00,S,N,A,-,Y,,,,,,,,,,N,4,0,1,2,A,-,07,21658,A,N,B,C,A,A,H,-,D,D,0,,,,,Y,,A,01,0,0,1,0,0,0,0,0,0,"- ","- ",35.486709594726562,-119.15061950683594,KERN,UNINCORPORATED,-119.15116882324219,35.48956298828125
91704118,2022,2022-02-18,9420,2022-02-09,0730,016978,,3,1,9,1500,0,3,5,,2,671,"MALAGA ROAD","SUNSET BOULEVARD",0.00,,Y,A,-,N,,,,,,,,,,Y,4,0,1,2,A,-,12,22450,A,F,D,C,A,A,H,-,A,A,0,,,,,Y,,D,22,0,0,1,0,0,0,0,0,0,"- ","- ",35.223251342773438,-118.86025238037109,KERN,UNINCORPORATED,-118.86028289794922,35.223480224609375
91704148,2022,2022-02-18,9420,2022-02-10,1315,013851,,4,1,9,1500,0,3,5,,2,672,"WHEELER RIDGE ROAD","SR-223 (BEAR MOUNTAIN BOULEVARD)",43.00,S,N,A,-,Y,KER,,223,,R,16.013,H,,R,N,4,0,1,2,A,-,03,22350,,N,C,C,A,A,H,-,A,A,0,,,,,Y,,A,01,0,0,1,0,0,0,0,0,0,"- ","- ",35.208549499511719,-118.91451263427734,KERN,UNINCORPORATED,-118.91451263427734,35.208713531494141
91704181,2022,2022-05-06,9420,2022-02-13,1805,021140,,7,2,9,1500,0,3,5,,2,040,"RIVER BOULEVARD","BERNARD STREET",0.00,,Y,A,-,N,,,,,,,,,,N,4,0,2,2,D,-,00,,,N,D,C,A,A,H,-,C,A,0,,,,,Y,,-,"- ",0,0,2,0,0,0,0,0,0,"- ","- ",35.39044189453125,-118.98497772216797,KERN,UNINCORPORATED,-118.98497772216797,35.390411376953125
91704208,2022,2022-02-18,9420,2022-02-14,1615,020163,,1,2,6,1502,0,1,3,,2,094,"SR-99 N/B FROM WHITE LANE W/B","WHITE LANE",220.00,N,N,A,-,Y,,,,,,,,,,Y,3,0,1,1,A,-,08,22107,,N,F,A,A,A,H,-,A,D,0,,,,,Y,,A,01,0,1,0,0,0,0,0,0,0,"- ","- ",35.318241119384766,-119.035888671875,KERN,BAKERSFIELD,-119.035888671875,35.318241119384766
91704224,2022,2022-02-18,9420,2022-02-14,2255,021503,,1,3,9,1500,0,3,5,,2,070,"HALEY STREET","GRACE STREET",50.00,S,N,A,-,N,,,,,,,,,,N,3,0,1,2,A,-,08,22107,,N,C,E,A,A,H,-,C,D,0,,,,,Y,,A,01,0,1,0,0,0,0,0,0,0,"- ","- ",35.386398315429688,-118.97772979736328,KERN,UNINCORPORATED,-118.97765350341797,35.386688232421875
91704238,2022,2022-02-18,9420,2022-02-16,0635,019353,,3,1,6,1502,0,1,3,,2,092,"SR-99 N/B","CALIFORNIA AVENUE",200.00,N,N,A,-,Y,,,,,,,,,,N,4,0,1,2,A,-,03,22350,,N,C,C,A,A,D,-,A,D,0,,,,Y,Y,,F,26,0,0,1,0,0,0,0,0,0,"- ","- ",35.421428680419922,-119.02069091796875,KERN,BAKERSFIELD,-119.04193115234375,35.368923187255859
91704729,2022,2022-02-21,9430,2022-02-11,2010,018631,,5,2,9,1500,0,1,1,,2,052,"I-5 N/B","LEBEC SERVICE ROAD OVERCROSS",1700.00,S,N,A,-,Y,,,,,,,,,,N,3,0,1,2,A,-,03,22350,,N,C,C,A,A,H,-,D,D,0,,,,,Y,,A,01,0,1,0,0,0,0,0,0,0,"- ","- ",34.831451416015625,-118.86669158935547,KERN,UNINCORPORATED,-118.86704254150391,34.831806182861328
91705062,2022,2022-02-21,9830,2022-02-14,1945,020655,,1,2,9,1500,0,3,5,,2,003,"UNITED ST","PURDY AVE",5.00,N,N,A,-,N,,,,,,,,,,Y,4,0,1,1,A,-,03,22350,,N,E,I,A,A,H,-,D,D,0,,,,,Y,,A,01,0,0,1,0,0,0,0,0,0,"- ","- ",35.025089263916016,-118.14945220947266,KERN,UNINCORPORATED,-118.14946746826172,35.024852752685547
91705516,2022,2022-02-22,9420,2022-02-14,2203,021981,,1,3,9,1500,0,1,3,,2,178,"STATE ROUTE 178","PAUL'S PLACE DRIVE",1169.00,W,N,A,-,Y,KER,,178,,R,56.576,H,,R,Y,2,0,1,1,A,-,05,21460,A,N,F,I,A,A,H,-,D,A,0,,,,,Y,,D,22,1,0,0,0,0,0,0,0,0,"- ","- ",35.663051605224609,-118.30712127685547,KERN,UNINCORPORATED,-118.30721282958984,35.663154602050781
91705525,2022,2022-02-22,9420,2022-02-17,1510,019868,,4,2,9,1500,0,3,5,,2,060,"SNOW ROAD","QUAIL CREEK ROAD",0.00,,Y,A,-,N,,,,,,,,,,Y,2,0,2,2,A,-,12,22450,A,N,D,C,A,A,H,-,A,A,0,,,,,Y,,A,01,1,0,1,0,0,0,0,0,0,"- ","- ",35.419830322265625,-119.10111236572266,KERN,UNINCORPORATED,-119.10114288330078,35.427005767822266
91705536,2022,2022-02-22,9420,2022-02-12,1515,021140,,6,2,9,1500,0,3,5,,2,050,"DECATUR STREET","OILDALE DRIVE",345.00,W,N,A,-,N,,,,,,,,,,N,3,0,1,2,A,-,08,22102,,N,D,C,A,A,H,-,A,D,0,,,,,Y,,A,01,0,1,0,0,0,0,0,0,0,"- ","- ",35.413688659667969,-119.03124237060547,KERN,UNINCORPORATED,-119.03114318847656,35.413639068603516
91705538,2022,2022-02-22,9420,2022-02-13,1705,021572,,7,2,9,1500,0,3,5,,2,070,"EDWARDS AVE","ELTON AVE",0.00,,Y,A,-,N,,,,,,,,,,N,4,0,1,2,A,-,09,21802,A,N,D,C,A,A,H,-,A,A,0,,,,,Y,,D,22,0,0,1,0,0,0,0,0,0,"- ","- ",35.386020660400391,-118.95987701416016,KERN,UNINCORPORATED,-118.96690368652344,35.385280609130859
91705751,2022,2022-02-22,9830,2022-02-12,2125,022390,,6,2,9,1500,0,1,3,,1,061,SR-178,"RANDSBURG WASH RD",9504.00,E,N,A,-,Y,SBD,,178,,,4.017,H,,R,Y,2,0,3,1,A,-,08,22107,,N,F,A,A,A,H,-,D,D,0,,,,,Y,,A,01,1,2,0,0,0,0,0,0,0,"- ","- ",35.637550354003906,-117.56842041015625,KERN,UNINCORPORATED,-117.56838226318359,35.637477874755859
91705968,2022,2022-02-22,9420,2022-02-08,1513,021134,,2,2,9,1500,0,3,5,,2,610,"S P ST","VINE DR",65.00,N,N,A,-,N,,,,,,,,,,N,3,0,1,2,A,-,11,21954,A,N,G,B,D,A,H,-,A,D,0,Y,,,,Y,,N,60,0,1,0,0,1,0,0,0,0,"- ","- ",35.338790893554688,-119.01190948486328,KERN,UNINCORPORATED,-119.01186370849609,35.338687896728516
91706073,2022,2022-02-22,9420,2022-02-14,1422,021134,,1,2,9,1500,0,1,3,,1,184,SR-184,"BENGSTON AVE",30.00,N,N,A,-,Y,KER,,184,,,6.831,H,,R,N,4,0,3,2,A,-,03,22350,,N,C,C,A,A,H,-,A,D,0,,,,,Y,,A,07,0,0,3,0,0,0,0,0,0,"- ","- ",35.336360931396484,-118.91432952880859,KERN,UNINCORPORATED,-118.91429138183594,35.336360931396484
91706119,2022,2022-02-22,9420,2022-02-15,2145,020409,,2,2,9,1500,0,2,4,,1,051,"OILDALE DRIVE","BELLE AVE",0.00,,Y,A,-,N,,,,,,,,,,N,3,0,1,2,A,-,10,21952,,F,G,B,E,A,H,-,C,D,0,Y,,,,Y,,-,99,0,1,0,0,1,0,0,0,0,"- ","- ",35.410511016845703,-119.0299072265625,KERN,UNINCORPORATED,-119.02996826171875,35.410438537597656
91706751,2022,2022-02-23,9420,2022-02-17,1855,020366,,4,2,9,1500,0,1,3,,2,097,"STATE ROUTE 99 (SR-99 S/B)","STATE ROUTE 223 (SR-223)",9504.00,S,N,A,-,Y,KER,,99,,,11.598,H,,L,Y,3,0,1,1,A,-,08,22107,,N,E,8,A,D,H,-,D,D,0,,,,,Y,,A,01,0,1,0,0,0,0,0,0,0,"- ","- ",35.182369232177734,-119.00623321533203,KERN,UNINCORPORATED,-119.00625610351562,35.182365417480469
91706836,2022,2022-02-23,9420,2022-02-07,0620,017256,,1,1,9,1500,0,1,3,,1,650,"STATE ROUTE 65","SHERWOOD AVENUE",1478.00,N,N,A,-,Y,KER,,65,,,16.163,H,,R,Y,2,0,2,3,A,-,03,22350,,N,D,2,A,A,C,-,B,D,0,,,,Y,Y,,D,22,1,0,1,0,0,0,0,0,0,"- ","- ",35.663860321044922,-119.07633209228516,KERN,UNINCORPORATED,-119.07643127441406,35.663875579833984
91706864,2021,2022-02-23,9420,2021-12-03,2028,017243,,5,2,9,1500,0,1,3,,2,091,"STATE ROUTE 99","LERDO HIGHWAY",6336.00,S,N,A,-,Y,,,99,,,,,,,Y,1,1,1,3,A,-,08,22107,,N,C,E,E,A,H,-,D,D,0,Y,,,Y,Y,,D,22,0,1,0,0,1,0,0,0,0,"- ","- ",35.488441467285156,-119.14984130859375,KERN,UNINCORPORATED,-119.14980316162109,35.488483428955078
91707268,2022,2022-02-23,9426,2022-02-10,1630,018610,,4,2,9,1500,0,2,S,,2,050,"MONTVIEW AVE.","CRYSTAL STREET",176.00,S,N,A,-,N,,,,,,,,,,N,4,0,1,2,A,-,08,22107,,M,D,C,A,A,H,-,A,D,0,,,,,Y,,D,22,0,0,1,0,0,0,0,0,0,"- ","- ",35.13385009765625,-119.45378875732422,KERN,UNINCORPORATED,-119.45381927490234,35.134017944335938
91707290,2022,2022-02-24,9430,2022-02-17,0250,016681,,4,3,9,1500,0,1,3,,2,090,"SR-99 N/B","I-5 O/C",2065.00,S,N,A,-,Y,KER,,99,,,2.361,H,,R,Y,3,0,1,2,A,-,08,22107,,N,C,C,A,A,H,-,D,D,0,,,,Y,Y,,A,01,0,1,0,0,0,0,0,0,0,"- ","- ",35.052619934082031,-118.96607971191406,KERN,UNINCORPORATED,-118.96614074707031,35.052608489990234
91707590,2022,2022-02-24,9830,2022-02-21,1912,019400,,1,2,9,1500,0,3,5,,2,001,"TEHACHAPI WILLOW SPRINGS RD","HIGHLINE RD",90.00,S,N,A,-,Y,,,,,,,,,,Y,4,0,1,2,A,-,03,22350,,N,C,C,A,A,H,-,D,D,0,,,,,Y,,A,01,0,0,1,0,0,0,0,0,0,"- ","- ",35.109428405761719,-118.39666748046875,KERN,UNINCORPORATED,-118.39668273925781,35.109462738037109
91707597,2022,2022-02-24,9420,2022-02-14,1458,021134,,1,2,9,1500,0,3,5,,2,672,"EAST BELLE TERRACE","S UNION AVE",300.00,E,N,A,-,N,,,,,,,,,,N,3,0,1,2,A,-,09,21801,A,F,D,C,A,A,H,-,A,D,0,,,,,Y,,M,94,0,1,0,0,0,0,0,0,0,"- ","- ",35.346710205078125,-119.00186920166016,KERN,UNINCORPORATED,-119.00192260742188,35.346702575683594
91707781,2022,2022-02-24,9420,2022-02-07,0550,016828,,1,3,9,1500,0,3,5,,2,630,"MILLUX ROAD","OLD RIVER ROAD",2640.00,W,N,A,-,N,,,,,,,,,,Y,4,0,1,1,A,-,08,22107,,N,E,I,A,A,H,-,B,D,0,,,,,Y,,D,22,0,0,1,0,0,0,0,0,0,"- ","- ",35.180301666259766,-119.11903381347656,KERN,UNINCORPORATED,-119.11882019042969,35.180397033691406
91707787,2022,2022-02-24,9426,2022-02-13,1300,018023,,7,1,9,1500,0,1,3,,1,460,SR-46,"LOST HILLS RD",0.00,,Y,A,-,Y,KER,,46,,,30.481,H,,R,N,4,0,2,2,A,-,12,22450,A,N,D,C,A,A,D,-,A,A,0,,,,,Y,,A,07,0,0,2,0,0,0,0,0,0,"- ","- ",35.616111755371094,-119.68977355957031,KERN,UNINCORPORATED,-119.68976593017578,35.616024017333984
91707861,2022,2022-02-24,9420,2022-02-10,1950,019098,,4,2,6,1502,0,1,3,,2,092,"SR-99 N/B","OLIVE DRIVE",505.00,N,N,A,-,Y,KER,,99,,,28.018,H,,R,Y,3,0,1,2,A,-,01,23152,A,N,F,A,A,A,D,E,C,D,0,,,Y,Y,Y,Y,C,02,0,1,0,0,0,0,0,0,1,"- ","- ",35.4139404296875,-119.05661010742188,KERN,BAKERSFIELD,-119.05657958984375,35.413963317871094
91707873,2022,2022-02-24,9420,2022-02-11,0001,021480,,5,3,9,1500,0,1,3,,2,090,"SR-99 N/B","LERDO HWY",10.00,S,N,A,-,Y,KER,,99,,,36.498,H,,R,N,3,0,1,1,A,-,08,22107,,N,E,8,A,A,H,-,C,D,0,,,,,Y,,A,01,0,1,0,0,0,0,0,0,0,"- ","- ",35.499481201171875,-119.16294097900391,KERN,UNINCORPORATED,-119.16297149658203,35.499454498291016
91707930,2022,2022-03-08,9420,2022-02-21,0950,016153,,1,1,9,1500,0,3,5,,2,060,"MOHAWK ST.","ROSEDALE HWY.",2112.00,N,N,A,-,N,,,,,,,,,,Y,1,1,0,1,A,-,08,22107,,N,F,A,A,A,H,-,A,D,0,,,,Y,Y,,F,26,0,0,0,0,0,0,0,0,0,"- ","- ",35.385730743408203,-119.06495666503906,KERN,UNINCORPORATED,-119.06577301025391,35.377826690673828
91707985,2022,2022-02-24,9420,2022-02-20,0845,021915,,7,1,9,1500,0,1,3,,2,178,SR-178,"DEMOCRAT ROAD",4224.00,W,N,A,-,Y,KER,,178,,,25.853,H,,R,Y,3,0,1,1,A,-,03,22350,,N,F,A,A,A,H,-,A,D,0,,,Y,,Y,,C,02,0,1,0,0,0,0,0,0,1,"- ","- ",35.5235595703125,-118.66812133789062,KERN,UNINCORPORATED,-118.66812896728516,35.523582458496094
91708014,2022,2022-02-24,9420,2022-02-23,1210,016153,,3,1,9,1500,0,2,4,,2,062,"ROSEDALE HWY. W/B","ALLEN RD.",295.00,E,N,B,-,N,,,,,,,,,,N,4,0,2,2,A,-,03,22350,,N,C,C,A,A,H,-,A,D,0,,,,,Y,,D,22,0,0,2,0,0,0,0,0,0,"- ","- ",35.383651733398438,-119.1444091796875,KERN,UNINCORPORATED,-119.14458465576172,35.383628845214844
91708028,2022,2022-02-24,9420,2022-02-24,0909,019353,,4,1,9,1500,0,2,4,,1,077,"S. FAIRFAX RD","HALLELUIAH STREET",80.00,N,N,A,-,N,,,,,,,,,,N,4,0,1,2,A,-,03,22350,,N,C,C,A,A,H,-,A,D,0,,,,,Y,,D,22,0,0,1,0,0,0,0,0,0,"- ","- ",35.328109741210938,-118.93196868896484,KERN,UNINCORPORATED,-118.93205261230469,35.3289794921875
91708059,2022,2022-02-24,9420,2022-02-24,0910,019184,,4,1,6,1502,0,1,3,,2,093,SR-99,SR-65,2640.00,S,N,A,-,Y,KER,,99,,R,29.282,H,,R,N,4,0,1,2,A,-,07,21658,A,N,B,C,A,A,H,-,A,D,0,,,,,Y,,A,01,0,0,1,0,0,0,0,0,0,"- ","- ",35.42803955078125,-119.06920623779297,KERN,BAKERSFIELD,-119.06904602050781,35.428199768066406
91708181,2022,2022-02-24,9426,2022-02-18,2030,019335,,5,2,9,1500,0,1,1,,2,502,"INTERSTATE 5 N/B","7TH STANDARD ROAD",9504.00,S,N,A,-,Y,KER,,5,,,54.828,H,,R,Y,3,0,1,1,A,-,08,22107,,N,E,I,A,A,H,-,D,D,0,,,,,Y,,A,01,0,1,0,0,0,0,0,0,0,"- ","- ",35.424880981445312,-119.43253326416016,KERN,UNINCORPORATED,-119.43256378173828,35.424846649169922
91709343,2022,2022-02-25,9430,2022-02-18,1520,021565,,5,2,9,1500,0,1,3,,1,066,SR-166,"KERN COUNTY DRAIN DITCH",500.00,W,N,A,-,N,,,,,,,,,,Y,3,0,2,2,A,-,08,22107,,N,A,C,A,A,H,-,A,D,0,,,,Y,Y,,D,22,0,2,0,0,0,0,0,0,0,"- ","- ",35.058521270751953,-119.18222808837891,KERN,UNINCORPORATED,-119.18222808837891,35.05853271484375
91709346,2022,2022-02-25,9430,2022-02-19,1305,017152,,6,1,9,1500,0,2,4,,1,024,"MIL POTRERO HWY","WARD DR.",528.00,W,N,A,-,N,,,,,,,,,,Y,3,0,1,2,A,-,03,22350,,N,A,C,A,C,H,-,A,D,0,,,Y,,Y,,C,02,0,1,0,0,0,0,0,0,1,"- ","- ",34.85260009765625,-119.14730834960938,KERN,UNINCORPORATED,-119.14027404785156,34.851184844970703
91709739,2021,2022-02-25,9430,2021-11-05,0550,021197,,5,3,9,1500,0,2,4,,1,021,"FRAZIER MOUNTAIN PARK ROAD","GRAND TERRACE ESTATES DRIVE",314.00,W,N,A,-,N,,,,,,,,,,N,1,1,0,2,A,-,11,21954,A,N,G,B,E,A,H,-,D,D,0,Y,,,,Y,,N,60,0,0,0,1,0,0,0,0,0,"- ","- ",34.818679809570312,-118.91461181640625,KERN,UNINCORPORATED,-118.91502380371094,34.818855285644531
91709748,2022,2022-02-25,9420,2022-01-29,1625,021601,,6,2,9,1500,0,3,5,,2,610,"S. CHESTER AVE","DORIAN DRIVE",0.00,,Y,A,-,N,,,,,,,,,,N,3,0,1,2,A,-,05,21650,,N,H,G,A,A,H,-,A,A,0,,Y,,,Y,,L,04,0,1,0,0,0,0,1,0,0,"- ","- ",35.331081390380859,-119.01322174072266,KERN,UNINCORPORATED,-119.0133056640625,35.330940246582031
91709809,2022,2022-02-25,9420,2022-02-18,1600,019098,,5,2,6,1502,0,1,3,,2,093,"SR-99 S/B","GILMORE AVENUE",1056.00,N,N,A,-,Y,KER,,99,,,26.189,H,,L,N,4,0,1,2,A,-,03,22350,,N,C,C,A,A,D,E,A,D,0,,,,,Y,,E,22,0,0,1,0,0,0,0,0,0,"- ","- ",35.390899658203125,-119.04463958740234,KERN,BAKERSFIELD,-119.04470062255859,35.390899658203125
91709819,2022,2022-02-25,9420,2022-02-08,2235,019311,,2,3,9,1500,0,3,5,,2,070,"MONTEREY ST.","TATE ST.",135.00,E,N,A,-,N,,,,,,,,,,N,3,0,1,2,C,-,18,,,N,C,E,A,A,H,-,D,D,0,,,,,Y,Y,-,"- ",0,1,0,0,0,0,0,0,0,"- ","- ",35.222999572753906,-118.56491088867188,KERN,UNINCORPORATED,-118.947021484375,35.375003814697266
91709833,2022,2022-02-25,9420,2022-02-23,0735,013851,,3,1,9,1500,0,2,4,,1,051,"MANOR STREET","FERGUSON AVENUE",0.00,,Y,B,-,N,,,,,,,,,,Y,3,0,2,2,A,-,09,21801,A,N,D,C,A,A,H,-,A,D,0,,,,,Y,,A,01,0,1,1,0,0,0,0,0,0,"- ","- ",35.4163818359375,-119.01286315917969,KERN,UNINCORPORATED,-119.01284790039062,35.416351318359375
91709848,2022,2022-02-25,9830,2022-02-22,2210,019400,,2,3,9,1500,0,1,3,,2,014,"SR-58 W/B","THE CAMERON CANYON ROAD OVERPASS",11088.00,E,N,D,-,Y,KER,,58,,,104.176,H,,L,Y,4,0,1,1,A,-,03,22350,,N,E,I,A,C,H,-,D,D,0,,,,Y,Y,,G,25,0,0,1,0,0,0,0,0,0,"- ","- ",35.10491943359375,-118.25845336914062,KERN,UNINCORPORATED,-118.25845336914062,35.104946136474609
91709862,2022,2022-02-28,9830,2022-02-22,1630,019400,,2,2,9,1500,0,1,3,,1,015,SR-202,"TAMARON DRIVE",528.00,W,N,D,-,Y,KER,,202,,R,3.389,H,,R,Y,4,0,1,3,A,-,03,22350,,N,A,2,A,C,H,-,A,D,0,,,,,Y,,D,22,0,0,1,0,0,0,0,0,0,"- ","- ",35.129901885986328,-118.55072021484375,KERN,UNINCORPORATED,-118.55067443847656,35.129962921142578
91710050,2022,2022-02-25,9420,2022-02-19,1735,021572,,6,2,9,1500,0,1,3,,2,586,"SR-58 E/B","TOWERLINE ROAD",3650.00,E,N,A,-,Y,KER,,58,,,66.396,H,,R,Y,3,0,1,1,A,-,08,22107,,N,F,0,A,A,H,-,A,D,0,,,,,Y,Y,D,22,0,1,0,0,0,0,0,0,0,"- ","- ",35.323860168457031,-118.79736328125,KERN,UNINCORPORATED,-118.79724884033203,35.323944091796875
91710060,2022,2022-02-25,9420,2022-02-21,1530,021572,,1,2,9,1500,0,3,5,,2,070,"LINCOLN ST","MILLER ST",0.00,,Y,A,-,N,,,,,,,,,,N,3,0,2,2,A,-,09,21800,A,N,D,C,A,A,H,-,A,D,0,,,,,Y,,A,01,0,1,1,0,0,0,0,0,0,"- ","- ",35.385078430175781,-118.97992706298828,KERN,UNINCORPORATED,-118.97991943359375,35.385066986083984
91710084,2022,2022-02-25,9430,2022-02-20,1325,018627,,7,1,9,1500,0,1,1,,2,052,"I-5 N/B (GOLDEN STATE FREEWAY)","FORT TEJON OVERCROSSING",2640.00,S,N,A,-,Y,,,,,,,,,,Y,4,0,2,2,A,-,03,22350,,N,C,C,A,A,H,-,A,D,0,,,,,Y,,-,"- ",0,0,2,0,0,0,0,0,0,"- ","- ",38.582401275634766,-121.49539947509766,KERN,UNINCORPORATED,-118.89269256591797,34.87506103515625
91710091,2022,2022-02-25,9430,2022-02-18,2100,021296,,5,2,9,1500,0,1,1,,2,055,"I-5 N/B","GRAPEVINE RD.",550.00,N,N,A,-,Y,KER,,5,,,10.247,H,,R,Y,4,0,1,2,A,-,17,22109,,N,C,C,A,A,H,-,D,D,0,,,,Y,Y,,A,01,0,0,1,0,0,0,0,0,0,"- ","- ",34.94036865234375,-118.93031311035156,KERN,UNINCORPORATED,-118.93032836914062,34.940364837646484
91710096,2022,2022-02-25,9420,2022-02-25,0755,013851,,5,1,9,1500,0,1,3,,2,093,"SR-99 SOUTHBOUND",SR-65,1821.00,S,N,A,-,Y,KER,,99,,R,29.447,H,,L,Y,4,0,1,2,A,-,03,22350,,N,C,C,A,A,D,-,A,D,0,,,,,Y,,A,01,0,0,1,0,0,0,0,0,0,"- ","- ",35.429828643798828,-119.07144165039062,KERN,UNINCORPORATED,-119.07148742675781,35.429798126220703
91710428,2022,2022-02-28,9426,2022-02-18,2116,019206,,5,2,9,1500,0,1,1,,2,502,"INTERSTATE 5 N/B","BUTTONWILLOW REST AREA",2640.00,N,N,A,-,Y,KER,,5,,,54.751,H,,R,Y,4,0,1,2,A,-,03,22350,,N,C,C,A,A,H,-,D,D,0,,,,,Y,,D,22,0,0,1,0,0,0,0,0,0,"- ","- ",35.424098968505859,-119.43154907226562,KERN,UNINCORPORATED,-119.43154144287109,35.424106597900391
91710430,2022,2022-02-28,9426,2022-02-12,1835,018610,,6,2,9,1500,0,3,5,,2,081,"HARRISON STREET","GREVILLEA STREET",0.00,,Y,A,-,N,,,,,,,,,,Y,2,0,1,2,A,-,17,24250,,N,D,C,A,A,H,-,C,D,0,,,,,Y,,M,96,1,0,0,0,0,0,0,0,0,"- ","- ",35.161128997802734,-119.4564208984375,KERN,UNINCORPORATED,-119.45635986328125,35.160823822021484
91710511,2022,2022-02-28,9830,2022-02-13,2129,021642,,7,2,9,1500,0,2,4,,1,032,"SIERRA HWY","DAWN RD",7920.00,S,N,A,-,N,,,,,,,,,,Y,3,0,1,2,A,-,01,23152,A,N,E,I,A,A,H,-,D,D,0,,,,,Y,Y,A,01,0,1,0,0,0,0,0,0,0,"- ","- ",34.886070251464844,-118.16580963134766,KERN,UNINCORPORATED,-118.16499328613281,34.889072418212891
91710681,2022,2022-02-28,9830,2022-02-18,2355,022202,,5,3,9,1500,0,1,3,,2,012,"SR-58 W/B","CAMERON CANYON RD",3379.00,W,N,A,-,Y,KER,,58,,R,100.924,H,,L,Y,4,0,1,1,A,-,01,23152,A,N,F,A,A,A,H,-,D,D,0,,,,,Y,Y,D,22,0,0,1,0,0,0,0,0,0,"- ","- ",35.097301483154297,-118.30377960205078,KERN,UNINCORPORATED,-118.30378723144531,35.097244262695312
91710702,2022,2022-02-28,9420,2022-02-13,2215,020093,,7,3,9,1500,0,2,4,,1,051,"N CHESTER AVE","UNIVERSE AVE",15.00,N,N,A,-,N,,,,,,,,,,N,2,0,1,2,A,-,11,21453,D,F,G,B,B,A,H,-,C,A,0,Y,,,,Y,,N,60,1,0,0,0,1,0,0,0,0,"- ","- ",35.431350708007812,-119.02140808105469,KERN,UNINCORPORATED,-119.02136993408203,35.431232452392578
91711078,2022,2022-02-28,9420,2022-02-15,1416,021134,,2,2,9,1500,0,2,4,,1,075,"S UNION AVE","WHITE LN",0.00,,Y,B,-,N,,,,,,,,,,Y,4,0,3,3,A,-,12,21453,A,N,D,C,A,B,H,-,A,A,0,,,,,Y,,A,01,0,0,3,0,0,0,0,0,0,"- ","- ",35.317680358886719,-119.00312042236328,KERN,UNINCORPORATED,-119.00312805175781,35.317611694335938