CASE_ID,ACCIDENT_YEAR,PROC_DATE,JURIS,COLLISION_DATE,COLLISION_TIME,OFFICER_ID,REPORTING_DISTRICT,DAY_OF_WEEK,CHP_SHIFT,POPULATION,CNTY_CITY_LOC,SPECIAL_COND,BEAT_TYPE,CHP_BEAT_TYPE,CITY_DIVISION_LAPD,CHP_BEAT_CLASS,BEAT_NUMBER,PRIMARY_RD,SECONDARY_RD,DISTANCE,DIRECTION,INTERSECTION,WEATHER_1,WEATHER_2,STATE_HWY_IND,CALTRANS_COUNTY,CALTRANS_DISTRICT,STATE_ROUTE,ROUTE_SUFFIX,POSTMILE_PREFIX,POSTMILE,LOCATION_TYPE,RAMP_INTERSECTION,SIDE_OF_HWY,TOW_AWAY,COLLISION_SEVERITY,NUMBER_KILLED,NUMBER_INJURED,PARTY_COUNT,PRIMARY_COLL_FACTOR,PCF_CODE_OF_VIOL,PCF_VIOL_CATEGORY,PCF_VIOLATION,PCF_VIOL_SUBSECTION,HIT_AND_RUN,TYPE_OF_COLLISION,MVIW,PED_ACTION,ROAD_SURFACE,ROAD_COND_1,ROAD_COND_2,LIGHTING,CONTROL_DEVICE,CHP_ROAD_TYPE,PEDESTRIAN_ACCIDENT,BICYCLE_ACCIDENT,MOTORCYCLE_ACCIDENT,TRUCK_ACCIDENT,NOT_PRIVATE_PROPERTY,ALCOHOL_INVOLVED,STWD_VEHTYPE_AT_FAULT,CHP_VEHTYPE_AT_FAULT,COUNT_SEVERE_INJ,COUNT_VISIBLE_INJ,COUNT_COMPLAINT_PAIN,COUNT_PED_KILLED,COUNT_PED_INJURED,COUNT_BICYCLIST_KILLED,COUNT_BICYCLIST_INJURED,COUNT_MC_KILLED,COUNT_MC_INJURED,PRIMARY_RAMP,SECONDARY_RAMP,LATITUDE,LONGITUDE,COUNTY,CITY,POINT_X,POINT_Y
9174735,2020,2020-12-29,1503,2020-10-03,2221,10116,3010,6,5,4,1503,0,0,0,,0,,"CECIL AV","ASTI ST",110.00,E,N,A,-,N,,,,,,,,,,Y,3,0,1,1,A,-,01,23152,A,M,B,E,A,A,H,-,C,D,0,,,,,Y,Y,A,01,0,1,0,0,0,0,0,0,0,"- ","- ",35.775539398193359,-119.25356292724609,KERN,DELANO,,
9174736,2020,2020-12-17,1503,2020-10-03,2222,10116,3009,6,5,4,1503,0,0,0,,0,,"ALBANY ST","W 15TH AV",715.00,S,N,A,-,N,,,,,,,,,,N,3,0,1,2,A,-,01,23152,A,N,B,E,A,-,H,-,C,D,0,,,,,Y,Y,A,07,0,1,0,0,0,0,0,0,0,"- ","- ",35.770771026611328,-119.25874328613281,KERN,DELANO,-119.25849914550781,35.772117614746094
9174737,2020,2020-12-18,1503,2020-10-03,2223,10116,,6,5,4,1503,0,0,0,,0,,"CECIL AV","DOVER PL",100.00,E,N,A,-,N,,,,,,,,,,N,3,0,1,2,A,-,01,23152,A,N,B,E,A,A,H,-,C,D,0,,,,,Y,Y,A,07,0,1,0,0,0,0,0,0,0,"- ","- ",35.775539398193359,-119.25356292724609,KERN,DELANO,-119.25397491455078,35.775924682617188
91748112,2022,2022-04-14,9420,2022-04-02,2300,021601,,6,3,9,1500,0,3,5,,2,610,"TRINITY AVE","DAWN ST",183.00,E,N,A,-,N,,,,,,,,,,N,3,0,1,2,A,-,01,23152,A,N,B,E,A,A,H,-,C,D,0,,,,,Y,Y,A,01,0,1,0,0,0,0,0,0,0,"- ","- ",35.344799041748047,-119.0064697265625,KERN,UNINCORPORATED,-119.00629425048828,35.344825744628906
91748120,2022,2022-04-14,9430,2022-04-09,0638,018631,,6,1,9,1500,0,1,1,,2,052,"I-5 N/B","LEBEC ROAD OVERCROSSING",5280.00,S,N,A,-,Y,KER,,5,,,3.072,H,,R,Y,4,0,1,2,A,-,03,22350,,N,C,D,A,A,H,-,B,D,0,,,,Y,Y,,D,22,0,0,1,0,0,0,0,0,0,"- ","- ",34.854568481445312,-118.87367248535156,KERN,UNINCORPORATED,-118.87375640869141,34.854530334472656
91748181,2022,2022-04-14,9420,2022-04-03,1710,021667,,7,2,9,1500,0,3,5,,2,672,"800 BLOCK OF CASA LOMA DRIVE","1500 BLOCK OF LOTUS LANE",0.00,,Y,A,-,N,,,,,,,,,,Y,4,0,2,3,A,-,03,22350,,N,C,C,A,A,H,-,A,D,0,,,,,Y,,A,07,0,0,2,0,0,0,0,0,0,"- ","- ",35.339500427246094,-118.98995971679688,KERN,UNINCORPORATED,-118.989881,35.339433
91748247,2022,2022-04-14,9420,2022-04-03,2015,021766,,7,2,6,1502,0,1,3,,1,176,SR-178,"MORNING DR.",870.00,E,N,A,-,Y,KER,,178,,R,8.277,H,,L,Y,4,0,1,1,A,-,08,22107,,N,F,A,A,A,H,-,C,A,0,,,,,Y,,A,01,0,0,1,0,0,0,0,0,0,"- ","- ",35.397098541259766,-118.90364074707031,KERN,BAKERSFIELD,-118.90364074707031,35.396999359130859
91748821,2022,2022-04-15,9830,2022-04-09,2030,019977,,6,2,3,1509,0,3,5,,2,001,"BANDUCCI RD","AROSA RD",15.00,E,N,A,-,N,,,,,,,,,,Y,3,0,1,1,A,-,01,23152,A,N,E,I,A,A,H,-,D,D,0,,,,,Y,Y,A,08,0,1,0,0,0,0,0,0,0,"- ","- ",35.102249145507812,-118.52606201171875,KERN,TEHACHAPI,-118.52621459960938,35.102264404296875
91749067,2022,2022-04-15,9420,2022-04-03,2040,021667,,7,2,9,1500,0,1,3,,1,184,"SR-184 (WEEDPATCH HWY)","REDBANK ROAD",2930.00,S,N,A,-,N,,,,,,,,,,N,4,0,1,2,A,-,01,23152,A,N,B,C,A,A,H,-,D,D,0,,,,,Y,Y,A,01,0,0,1,0,0,0,0,0,0,"- ","- ",35.331779479980469,-118.91426849365234,KERN,UNINCORPORATED,-118.91429901123047,35.331779479980469
91749087,2022,2022-04-15,9420,2022-04-02,0700,020451,,6,1,9,1500,0,1,3,,2,583,"SNOW RD.","DOLE CT.",0.00,,Y,A,-,N,,,,,,,,,,Y,3,0,2,2,A,-,05,21460,A,N,D,C,A,A,H,-,A,D,0,,,,,Y,,-,"- ",0,1,1,0,0,0,0,0,0,"- ","- ",35.42694091796875,-119.07112121582031,KERN,UNINCORPORATED,-119.07118225097656,35.426914215087891
91749789,2022,2022-04-18,9420,2022-03-19,2122,021632,,6,2,9,1500,0,2,4,,1,051,"N. CHESTER AVENUE","ARVIN STREET",0.00,,Y,C,-,N,,,,,,,,,,Y,2,0,1,2,A,-,05,21650,,F,D,G,A,B,H,-,C,A,0,,Y,,,Y,,L,04,1,0,0,0,0,0,1,0,0,"- ","- ",35.423160552978516,-119.02136993408203,KERN,UNINCORPORATED,-119.02129364013672,35.423198699951172
91749805,2022,2022-04-18,9420,2022-04-01,0845,018626,,5,1,6,1502,0,1,3,,2,094,"SR-99 N/B","PACHECO RD",350.00,N,N,A,-,Y,KER,,99,,,20.641,H,,R,Y,3,0,1,1,A,-,03,22350,,N,F,A,A,A,D,-,A,D,0,,,Y,,Y,,C,02,0,1,0,0,0,0,0,0,1,"- ","- ",35.311458587646484,-119.03444671630859,KERN,BAKERSFIELD,-119.03446960449219,35.311454772949219
91749815,2022,2022-04-18,9420,2022-04-03,1703,021134,,7,2,9,1500,0,3,5,,2,630,"MILLUX RD","RT 5",3168.00,E,N,A,-,N,,,,,,,,,,Y,4,0,1,1,A,-,08,22107,,N,E,I,A,A,H,-,A,D,0,,,,,Y,,A,07,0,0,1,0,0,0,0,0,0,"- ","- ",35.180488586425781,-119.11860656738281,KERN,UNINCORPORATED,-119.13216400146484,35.180011749267578
91749830,2022,2022-04-18,9420,2022-04-04,1400,021134,,1,2,9,1500,0,3,5,,2,672,"WHEELER RIDGE RD","DAVID RD",3400.00,N,N,A,-,N,,,,,,,,,,Y,4,0,2,3,A,-,08,22107,,N,B,C,A,A,H,-,A,D,0,,,,,Y,,A,01,0,0,2,0,0,0,0,0,0,"- ","- ",35.102031707763672,-118.91459655761719,KERN,UNINCORPORATED,-118.91471862792969,35.092910766601562
91749881,2022,2022-04-18,9420,2022-04-05,1628,019686,,2,2,9,1500,0,1,3,,2,177,SR-178,"POWERHOUSE #1",10560.00,E,N,A,-,Y,KER,,178,,,17.353,H,,R,Y,3,0,1,1,A,-,08,22107,,N,E,I,A,A,H,-,A,D,0,,,Y,,Y,,C,02,0,1,0,0,0,0,0,0,1,"- ","- ",35.470069885253906,-118.75061798095703,KERN,UNINCORPORATED,-118.75069427490234,35.470115661621094
91749894,2022,2022-04-18,9830,2022-04-08,0830,020866,,5,1,9,1500,0,1,3,,2,010,SR-58,"BROOME RD.",5280.00,E,N,A,-,Y,KER,,58,,R,86.341,H,,R,N,4,0,1,2,A,-,03,22350,,N,C,C,A,A,H,-,A,D,0,,,,,Y,,D,22,0,0,1,0,0,0,0,0,0,"- ","- ",35.190078735351562,-118.50665283203125,KERN,UNINCORPORATED,-118.50664520263672,35.190086364746094
91749915,2022,2022-04-18,9420,2022-04-07,2110,019868,,4,2,9,1500,0,2,4,,1,064,"OLIVE DR","FRUITVALE AVE",0.00,,Y,A,-,N,,,,,,,,,,Y,3,0,1,2,A,-,12,21453,A,N,D,C,A,A,H,-,C,A,0,,,,,Y,,A,07,0,1,0,0,0,0,0,0,0,"- ","- ",35.412319183349609,-119.07441711425781,KERN,UNINCORPORATED,-119.07460784912109,35.412399291992188
91749954,2022,2022-04-18,9420,2022-04-08,0230,020573,,5,3,9,1500,0,1,3,,2,091,"SR-99 S/B FROM LERDO HWY.","LERDO HWY.",170.00,S,N,A,-,Y,,,,,,,,,,Y,3,0,1,1,A,-,01,23152,A,N,F,I,A,A,H,-,C,D,0,,,,,Y,Y,-,"- ",0,1,0,0,0,0,0,0,0,"- ","- ",35.499298095703125,-119.16377258300781,KERN,UNINCORPORATED,-119.16377258300781,35.499298095703125
91749981,2022,2022-04-28,9420,2022-04-08,1620,021773,,5,2,9,1500,0,3,5,,2,672,"COMANCHE DRIVE","PANAMA LANE",30.00,N,N,A,-,N,,,,,,,,,,Y,4,0,1,2,A,-,06,21750,,N,B,C,A,A,H,-,A,D,0,,,,Y,Y,,A,01,0,0,1,0,0,0,0,0,0,"- ","- ",35.296661376953125,-118.84294128417969,KERN,UNINCORPORATED,-118.84293365478516,35.296501159667969
91749983,2022,2022-04-18,9430,2022-04-09,0615,016825,,6,1,9,1500,0,1,3,,2,090,SR-99,SR-166,5808.00,S,N,A,-,Y,KER,,99,,,1.834,H,,R,Y,3,0,1,2,A,-,08,22107,,M,B,D,A,A,H,-,B,D,0,,,,,Y,,-,99,0,1,0,0,0,0,0,0,0,"- ","- ",35.045150756835938,-118.96411895751953,KERN,UNINCORPORATED,-118.96380615234375,35.045215606689453
91749989,2022,2022-05-10,9430,2022-04-10,1450,021565,,7,2,9,1500,0,1,1,,2,052,"I-5 S/B","FRAZIER MOUNTAIN PARK RD",190.00,N,N,A,-,Y,KER,,5,,R,0.028,H,,L,Y,3,0,1,3,A,-,03,22350,,N,C,C,A,A,H,-,A,D,0,,,,,Y,,A,01,0,1,0,0,0,0,0,0,0,"- ","- ",34.818149566650391,-118.88160705566406,KERN,UNINCORPORATED,-118.881591796875,34.818134307861328
91749994,2021,2022-04-18,9420,2021-12-20,0800,016978,,1,1,9,1500,0,1,3,,2,097,"SR-99 S/B",SR-223,1000.00,S,N,E,-,Y,,,99,,,,,,S,Y,1,1,1,1,A,-,08,22107,,N,E,I,A,A,H,-,A,D,0,,,,,Y,,D,22,1,0,0,0,0,0,0,0,0,"- ","- ",35.205329895019531,-119.01004791259766,KERN,UNINCORPORATED,-119.00989532470703,35.205352783203125
91750181,2022,2022-04-18,9420,2022-04-06,1758,017243,,3,2,9,1500,0,3,5,,2,530,"KIMBERLINA ROAD","POPLAR AVENUE",0.00,,Y,A,-,N,,,,,,,,,,Y,2,0,4,2,A,-,09,21802,A,N,D,C,A,A,H,-,A,A,0,,,,,Y,,D,22,1,0,3,0,0,0,0,0,0,"- ","- ",35.558139801025391,-119.29525756835938,KERN,UNINCORPORATED,-119.29527282714844,35.558135986328125
91750277,2022,2022-04-18,9420,2022-04-11,1620,019311,,1,2,9,1500,0,3,5,,2,672,"SYCAMORE RD.","S. EDISON RD",0.00,,Y,A,-,N,,,,,,,,,,Y,3,0,4,2,A,-,09,21802,A,N,D,C,A,A,H,-,A,A,0,,,,,Y,,A,07,0,1,3,0,0,0,0,0,0,"- ","- ",35.194229125976562,-118.87805938720703,KERN,UNINCORPORATED,-118.87811279296875,35.194240570068359
91750278,2022,2022-04-18,9420,2022-01-20,1920,019868,,4,2,9,1500,0,2,4,,1,052,"ROBERTS LANE","SEQUOIA DRIVE",0.00,,Y,A,-,N,,,,,,,,,,Y,1,1,0,2,A,-,12,21453,A,N,D,C,A,A,H,-,C,A,0,,,Y,,Y,,C,02,0,0,0,0,0,0,0,1,0,"- ","- ",35.408649444580078,-119.03411865234375,KERN,UNINCORPORATED,-119.03411865234375,35.408618927001953
91750300,2022,2022-04-18,9420,2022-02-02,0613,018225,,3,1,9,1500,0,1,3,,2,462,"STATE ROUTE 46","ROOT AVENUE",1156.00,E,N,A,-,Y,KER,,46,,,52.351,H,,R,Y,1,1,1,4,A,-,06,21751,,N,A,C,A,A,H,-,D,D,0,,,,Y,Y,,A,01,0,0,1,0,0,0,0,0,0,"- ","- ",35.601589202880859,-119.307861328125,KERN,UNINCORPORATED,-119.307861328125,35.601615905761719
91750341,2022,2022-04-18,9426,2022-04-11,0235,016579,,1,3,9,1500,0,1,3,,2,331,SR-33,"BROWN MATERIAL RD.",5808.00,S,N,A,-,N,,,,,,,,,,N,3,0,1,1,A,-,08,22107,,N,F,A,A,A,H,-,D,D,0,,,,,Y,,A,07,0,1,0,0,0,0,0,0,0,"- ","- ",35.546600341796875,-119.78362274169922,KERN,UNINCORPORATED,-119.78363037109375,35.546585083007812
91750353,2022,2022-04-18,9420,2022-02-13,2255,021566,,7,3,9,1500,0,1,3,,1,176,"SR-178 E/B","ALTA VISTA DRIVE OVERCROSSING",165.00,W,N,A,-,Y,KER,,178,,R,2.751,H,,R,Y,1,1,0,1,A,-,08,22107,,N,E,8,A,A,H,-,C,D,0,,,,,Y,,A,01,0,0,0,0,0,0,0,0,0,"- ","- ",35.383430480957031,-118.99729919433594,KERN,UNINCORPORATED,-118.99729919433594,35.383430480957031
91750922,2022,2022-04-19,9830,2022-04-11,2300,021751,,1,3,9,1500,0,3,5,,2,001,"RED APPLE AVENUE","REEVES STREET",192.00,E,N,A,-,N,,,,,,,,,,Y,3,0,1,1,A,-,01,23152,A,N,E,J,A,A,H,-,D,D,0,,,,,Y,Y,A,07,0,1,0,0,0,0,0,0,0,"- ","- ",35.131881713867188,-118.47556304931641,KERN,UNINCORPORATED,-118.47676849365234,35.132904052734375
91750925,2022,2022-04-19,9830,2022-04-17,1438,021870,,7,2,9,1500,0,3,5,,2,003,"40TH ST  W","PACIFIC AVE",78.00,N,N,A,-,N,,,,,,,,,,Y,2,0,1,1,A,-,08,22107,,N,E,I,A,A,H,-,A,D,0,,,Y,,Y,,C,02,1,0,0,0,0,0,0,0,1,"- ","- ",34.8526611328125,-118.20159912109375,KERN,UNINCORPORATED,-118.20146942138672,34.852741241455078
91750938,2021,2022-04-19,9420,2021-11-26,0227,021133,,5,3,9,1500,0,1,3,,1,184,"STATE ROUTE 184","SMITH ROAD",81.00,N,N,A,-,Y,,,184,,,,,,,Y,1,3,1,2,A,-,01,23152,A,N,A,C,A,A,H,-,D,D,0,,,,,Y,Y,A,01,1,0,0,0,0,0,0,0,0,"- ","- ",35.342788696289062,-118.91428375244141,KERN,UNINCORPORATED,-118.91427612304688,35.342788696289062
91750953,2022,2022-04-19,9830,2022-04-06,0430,015977,,3,3,9,1500,0,1,3,,1,051,SR-178,"WALKER PASS CAMPGROUND RD",13200.00,E,N,A,-,Y,KER,,178,,,80.307,H,,R,Y,3,0,1,1,A,-,08,22107,,N,F,A,A,A,H,-,D,D,0,,,,,Y,,A,07,0,1,0,0,0,0,0,0,0,"- ","- ",35.660430908203125,-118.02065277099609,KERN,UNINCORPORATED,-118.0206298828125,35.660469055175781
91750979,2022,2022-04-19,9830,2022-04-08,2130,022390,,5,2,9,1500,0,1,3,,1,051,SR-178,SR-14,5280.00,W,N,A,-,Y,KER,,178,,,87.255,H,,R,Y,3,0,1,1,A,-,08,22107,,N,E,I,A,A,H,-,D,D,0,,,,,Y,,A,07,0,1,0,0,0,0,0,0,0,"- ","- ",35.603111267089844,-117.92083740234375,KERN,UNINCORPORATED,-117.92085266113281,35.603069305419922
91751020,2022,2022-04-19,9420,2022-04-13,0535,016973,,3,3,9,1500,0,2,4,,1,052,"CHINA GRADE LOOP","MONTE CRISTO RD.",15.00,W,N,A,-,N,,,,,,,,,,Y,3,0,2,2,A,-,03,22350,,N,C,C,A,A,H,-,D,D,0,,,,,Y,,A,01,0,2,0,0,0,0,0,0,0,"- ","- ",35.42681884765625,-119.00360107421875,KERN,UNINCORPORATED,-119.00347900390625,35.42681884765625
91751108,2022,2022-04-19,9420,2022-04-14,1425,020402,,4,2,6,1502,0,1,3,,2,093,"SR-99 S/B","CALIFORNIA AVENUE",100.00,N,N,A,-,Y,KER,,99,,,24.644,H,,L,N,3,0,1,2,A,-,07,21658,A,N,B,C,A,A,H,-,A,D,0,,,,Y,Y,,-,"- ",0,1,0,0,0,0,0,0,0,"- ","- ",35.368778228759766,-119.04203033447266,KERN,BAKERSFIELD,-119.04212951660156,35.368751525878906
91751153,2022,2022-04-19,9420,2022-04-14,1540,021547,,4,2,9,1500,0,3,5,,2,020,"MOUNTAIN 50","GREAT WESTERN DIVIDE HIGHWAY",2640.00,E,N,A,-,N,,,,,,,,,,Y,4,0,2,1,A,-,08,22107,,N,E,I,A,A,H,-,A,D,0,,,,,Y,,A,01,0,0,2,0,0,0,0,0,0,"- ","- ",35.953701019287109,-118.60507202148438,KERN,UNINCORPORATED,,
91751177,2022,2022-04-19,9420,2022-04-14,2233,021632,,4,3,9,1500,0,2,4,,1,051,"N. CHESTER AVENUE","W. DAY AVENUE",0.00,,Y,A,-,N,,,,,,,,,,Y,4,0,1,2,A,-,12,21453,A,N,D,C,A,A,H,-,C,A,0,,,,,Y,Y,A,07,0,0,1,0,0,0,0,0,0,"- ","- ",35.4351806640625,-119.02143859863281,KERN,UNINCORPORATED,-119.02140045166016,35.435188293457031
91751339,2022,2022-04-19,9420,2022-04-12,1045,019353,,2,1,9,1500,0,2,4,,2,062,"ROSEDALE HIGHWAY E/B","LANDCO DRIVE",60.00,W,N,A,-,N,,,,,,,,,,N,4,0,1,2,A,-,03,22350,,N,C,C,A,A,H,-,A,D,0,,,,,Y,,I,20,0,0,1,0,0,0,0,0,0,"- ","- ",35.415561676025391,-119.14694976806641,KERN,UNINCORPORATED,-119.05921173095703,35.383380889892578
91751409,2021,2022-04-19,9420,2021-12-14,0550,016828,,2,3,9,1500,0,3,5,,2,520,"PALM AVENUE","TAUSSIG AVENUE",2640.00,S,N,C,-,N,,,,,,,,,,Y,1,1,0,2,A,-,08,22107,,N,D,C,A,B,H,-,C,D,0,,,,,Y,,A,01,0,0,0,0,0,0,0,0,0,"- ","- ",35.645439147949219,-119.34880065917969,KERN,UNINCORPORATED,-119.34877777099609,35.645114898681641
91751422,2022,2022-04-19,9830,2022-04-13,0000,021751,,3,3,9,1500,0,2,4,,1,023,"TWENTY MULE TEAM ROAD","PARK KNOLLS BLVD",3168.00,W,N,A,-,N,,,,,,,,,,Y,3,0,1,1,A,-,08,22107,,N,E,I,A,A,H,-,D,D,0,,,,,Y,,D,22,0,1,0,0,0,0,0,0,0,"- ","- ",35.000640869140625,-117.67977142333984,KERN,UNINCORPORATED,-117.67810821533203,35.000679016113281
91751507,2022,2022-04-19,9426,2022-04-10,1725,019592,,7,2,9,1500,0,1,3,,1,460,"SR-46 W/B","ANNETTE RD",6336.00,E,N,A,-,Y,KER,,46,,,4.585,H,,L,N,4,0,1,2,A,-,01,23152,A,N,C,C,A,A,H,-,A,D,0,,,,Y,Y,Y,A,01,0,0,1,0,0,0,0,0,0,"- ","- ",35.691230773925781,-120.12455749511719,KERN,UNINCORPORATED,-120.12439727783203,35.691455841064453
91751613,2022,2022-04-19,9430,2022-04-14,2330,016681,,4,3,9,1500,0,2,4,,1,021,"MT. PINOS WAY","FRAZIER MOUNTAIN PARK RD",15.00,N,N,A,-,N,,,,,,,,,,Y,4,0,1,1,A,-,08,22107,,M,E,I,A,A,H,-,D,D,0,,,,,Y,,A,01,0,0,1,0,0,0,0,0,0,"- ","- ",34.821151733398438,-118.97023773193359,KERN,UNINCORPORATED,-118.96965026855469,34.821308135986328
91752250,2022,2022-04-20,9420,2022-04-06,0256,020093,,3,3,6,1502,0,2,S,,2,901,"BERMUDA ST","GLEN OAKS DR",0.00,,Y,A,-,N,,,,,,,,,,Y,3,0,1,2,A,-,01,23152,A,M,E,I,A,A,H,-,C,D,0,,,,,Y,Y,A,01,0,1,0,0,0,0,0,0,0,"- ","- ",35.352909088134766,-119.06524658203125,KERN,BAKERSFIELD,-119.0654296875,35.352970123291016
91752256,2022,2022-04-20,9420,2022-04-09,0013,021144,,6,3,9,1500,0,1,3,,2,090,"SR-99 N/B","KIMBERLINA RD.",3130.00,S,N,A,-,Y,KER,,99,,,40.339,H,,R,Y,2,0,1,1,A,-,01,23152,A,N,F,A,A,A,H,-,D,D,0,,,,,Y,Y,A,01,1,0,0,0,0,0,0,0,0,"- ","- ",35.546669006347656,-119.19528198242188,KERN,UNINCORPORATED,-119.19522094726562,35.546680450439453
91752328,2022,2022-04-20,9830,2022-04-11,1208,020866,,1,1,9,1500,0,1,3,,1,031,SR-14,"BUSINESS 58 EAST",100.00,S,N,A,-,N,,,,,,,,,,N,4,0,1,2,A,-,03,22350,,N,C,C,A,A,H,-,A,A,0,,,,,Y,,A,01,0,0,1,0,0,0,0,0,0,"- ","- ",35.046909332275391,-118.17180633544922,KERN,UNINCORPORATED,-118.17184448242188,35.046897888183594
91752335,2022,2022-04-20,9420,2022-04-15,1430,021260,,5,2,6,1502,0,1,3,,2,092,"STATE ROUTE 99 NORTHBOUND","ROSEDALE HIGHWAY",2112.00,S,N,A,-,Y,KER,,99,,,25.244,H,,R,N,4,0,1,3,A,-,03,22350,,N,C,C,A,A,D,-,A,D,0,,,,,Y,,D,22,0,0,1,0,0,0,0,0,0,"- ","- ",35.377239227294922,-119.04434204101562,KERN,BAKERSFIELD,-119.04436492919922,35.377239227294922
91752481,2022,2022-04-20,9830,2022-04-13,1800,019977,,3,2,9,1500,0,3,5,,2,002,"L ST","CERRO GORDO RD",70.00,S,N,A,-,N,,,,,,,,,,Y,3,0,2,2,A,-,08,22107,,N,C,E,A,A,H,-,A,D,0,,,,,Y,,A,01,0,2,0,0,0,0,0,0,0,"- ","- ",35.053871154785156,-118.17141723632812,KERN,UNINCORPORATED,-118.17137908935547,35.053993225097656
91752603,2022,2022-04-20,9830,2022-04-10,0924,020866,,7,1,9,1500,0,1,3,,2,030,SR-14,"DAWN RD.",11088.00,S,N,A,-,Y,KER,,14,,R,3.923,H,,L,Y,4,0,1,1,A,-,01,23152,F,N,E,I,A,A,D,-,A,D,0,,,,,Y,,A,01,0,0,1,0,0,0,0,0,0,"- ","- ",34.876750946044922,-118.16863250732422,KERN,UNINCORPORATED,-118.1685791015625,34.876720428466797
91752615,2022,2022-04-20,9830,2022-04-14,1500,019977,,4,2,9,1500,0,3,5,,2,004,"REDROCK RANDSBURG RD","GARLOCK RD.",1584.00,W,N,A,-,N,,,,,,,,,,Y,4,0,1,2,A,-,05,21460,A,N,E,I,A,A,H,-,A,D,0,,,,,Y,,A,08,0,0,1,0,0,0,0,0,0,"- ","- ",35.389801025390625,-117.81404876708984,KERN,UNINCORPORATED,-117.80360412597656,35.391624450683594
91752685,2022,2022-04-20,9426,2022-03-18,0147,018919,,5,3,9,1500,0,1,3,,2,582,"STATE ROUTE 58","STATE ROUTE 43",4224.00,W,N,A,-,Y,KER,,58,,R,38.872,H,,R,Y,1,1,1,2,A,-,01,23152,A,N,A,D,A,A,H,-,D,D,0,,,,Y,Y,Y,A,07,1,0,0,0,0,0,0,0,0,"- ","- ",35.354438781738281,-119.25892639160156,KERN,UNINCORPORATED,-119.25892639160156,35.354438781738281
91752715,2022,2022-04-20,9426,2022-04-18,1455,019896,,1,2,9,1500,0,1,1,,2,502,"I-5 N/B","MAIN DRAIN RD",100.00,N,N,A,-,Y,KER,,5,,,69.592,H,,R,Y,4,0,2,2,A,-,03,22350,,N,C,C,A,A,H,-,A,D,0,,,,,Y,,A,01,0,0,2,0,0,0,0,0,0,"- ","- ",35.576408386230469,-119.61714935302734,KERN,UNINCORPORATED,-119.6170654296875,35.576465606689453
91752883,2022,2022-04-20,9430,2022-04-16,0915,018631,,6,1,9,1500,0,1,3,,1,066,"SR-166 W/B","BASIC SCHOOL ROAD",18480.00,E,N,A,-,Y,KER,,166,,,8.477,H,,L,Y,3,0,1,2,A,-,06,21751,,N,D,C,A,A,H,-,A,D,0,,,,Y,Y,,A,07,0,1,0,0,0,0,0,0,0,"- ","- ",35.058151245117188,-119.25196838378906,KERN,UNINCORPORATED,-119.25196838378906,35.058181762695312
91752896,2022,2022-04-20,9426,2022-04-13,2030,019592,,3,2,9,1500,0,3,5,,2,086,"MAGNOLIA AVE","FRESNO AVE",1056.00,N,N,A,-,N,,,,,,,,,,Y,2,0,1,2,A,-,03,22350,,N,C,C,A,A,H,-,D,D,0,,,,,Y,,A,01,1,0,0,0,0,0,0,0,0,"- ","- ",35.516971588134766,-119.36778259277344,KERN,UNINCORPORATED,-119.36770629882812,35.51751708984375
91753575,2022,2022-04-21,9420,2022-04-04,1556,021134,,1,2,9,1500,0,2,4,,2,074,"PANAMA RD","HOUSTON AVE",40.00,E,N,A,-,N,,,,,,,,,,N,4,0,4,3,A,-,03,22350,,N,C,C,A,A,H,-,A,A,0,,,,,Y,,D,22,0,0,4,0,0,0,0,0,0,"- ","- ",35.267009735107422,-118.90804290771484,KERN,UNINCORPORATED,-118.90811920166016,35.266979217529297
91753749,2022,2022-04-21,9420,2022-04-11,0645,017829,,1,1,9,1500,0,1,3,,2,589,"SR-58 WB","BEALVILLE ROAD",2640.00,E,N,A,-,Y,KER,,58,,,77.633,H,,L,Y,4,0,1,1,A,-,08,22107,,N,E,I,A,A,H,-,A,D,0,,,,,Y,,A,01,0,0,1,0,0,0,0,0,0,"- ","- ",35.262611389160156,-118.62328338623047,KERN,UNINCORPORATED,-118.62326812744141,35.262664794921875
91753765,2022,2022-04-21,9420,2022-04-13,1210,019140,,3,1,9,1500,0,3,5,,2,410,"JACK RANCH ROAD","WHITE RIVER ROAD",21120.00,N,N,A,-,N,,,,,,,,,,Y,4,0,1,1,A,-,08,22107,,N,E,I,A,A,H,-,A,D,0,,,,,Y,,D,22,0,0,1,0,0,0,0,0,0,"- ","- ",35.786781311035156,-118.76484680175781,KERN,UNINCORPORATED,-118.70319366455078,35.786582946777344