CASE_ID,ACCIDENT_YEAR,PROC_DATE,JURIS,COLLISION_DATE,COLLISION_TIME,OFFICER_ID,REPORTING_DISTRICT,DAY_OF_WEEK,CHP_SHIFT,POPULATION,CNTY_CITY_LOC,SPECIAL_COND,BEAT_TYPE,CHP_BEAT_TYPE,CITY_DIVISION_LAPD,CHP_BEAT_CLASS,BEAT_NUMBER,PRIMARY_RD,SECONDARY_RD,DISTANCE,DIRECTION,INTERSECTION,WEATHER_1,WEATHER_2,STATE_HWY_IND,CALTRANS_COUNTY,CALTRANS_DISTRICT,STATE_ROUTE,ROUTE_SUFFIX,POSTMILE_PREFIX,POSTMILE,LOCATION_TYPE,RAMP_INTERSECTION,SIDE_OF_HWY,TOW_AWAY,COLLISION_SEVERITY,NUMBER_KILLED,NUMBER_INJURED,PARTY_COUNT,PRIMARY_COLL_FACTOR,PCF_CODE_OF_VIOL,PCF_VIOL_CATEGORY,PCF_VIOLATION,PCF_VIOL_SUBSECTION,HIT_AND_RUN,TYPE_OF_COLLISION,MVIW,PED_ACTION,ROAD_SURFACE,ROAD_COND_1,ROAD_COND_2,LIGHTING,CONTROL_DEVICE,CHP_ROAD_TYPE,PEDESTRIAN_ACCIDENT,BICYCLE_ACCIDENT,MOTORCYCLE_ACCIDENT,TRUCK_ACCIDENT,NOT_PRIVATE_PROPERTY,ALCOHOL_INVOLVED,STWD_VEHTYPE_AT_FAULT,CHP_VEHTYPE_AT_FAULT,COUNT_SEVERE_INJ,COUNT_VISIBLE_INJ,COUNT_COMPLAINT_PAIN,COUNT_PED_KILLED,COUNT_PED_INJURED,COUNT_BICYCLIST_KILLED,COUNT_BICYCLIST_INJURED,COUNT_MC_KILLED,COUNT_MC_INJURED,PRIMARY_RAMP,SECONDARY_RAMP,LATITUDE,LONGITUDE,COUNTY,CITY,POINT_X,POINT_Y
91818132,2022,2022-07-15,9420,2022-07-11,1650,018481,,1,2,9,1500,0,3,5,,2,550,"LERDO HWY.","ZERKER RD.",2640.00,E,N,A,-,N,,,,,,,,,,Y,4,0,1,2,A,-,09,21804,A,N,D,C,A,A,H,-,A,D,0,,,,Y,Y,,A,01,0,0,1,0,0,0,0,0,0,"- ","- ",35.499629974365234,-119.14340972900391,KERN,UNINCORPORATED,-119.14366149902344,35.499580383300781
91818137,2022,2022-07-15,9420,2022-07-12,0440,021503,,2,3,9,1500,0,3,5,,2,070,"GRACE STREET","MILLER STREET",0.00,,Y,A,-,N,,,,,,,,,,Y,4,0,1,2,A,-,09,21800,A,N,D,C,A,A,H,-,C,D,0,,,,,Y,,A,01,0,0,1,0,0,0,0,0,0,"- ","- ",35.387081146240234,-118.97920989990234,KERN,UNINCORPORATED,-118.97913360595703,35.38720703125
91818173,2022,2022-07-15,9420,2022-07-14,1045,020782,,4,1,9,1500,0,3,5,,2,320,"BODFISH CANYON ROAD","LAKE ISABELLA BOULEVARD",528.00,E,N,A,-,N,,,,,,,,,,Y,2,0,1,1,A,-,08,22107,,N,F,I,A,A,H,-,A,D,0,,,,,Y,,D,22,1,0,0,0,0,0,0,0,0,"- ","- ",35.595199584960938,-118.48998260498047,KERN,UNINCORPORATED,-118.49037933349609,35.595657348632812
91818190,2022,2022-07-15,9420,2022-07-05,1500,021766,,2,2,6,1502,0,1,3,,2,584,"SR-58 E/B","CHESTER AVE.",45.00,E,N,A,-,Y,KER,,58,,R,53.536,H,,R,Y,4,0,1,2,A,-,03,22350,,N,D,C,A,A,H,-,A,D,0,,,,Y,Y,,A,07,0,0,1,0,0,0,0,0,0,"- ","- ",35.352378845214844,-119.01863098144531,KERN,BAKERSFIELD,-119.01863098144531,35.352397918701172
91818252,2022,2022-07-15,9420,2022-07-15,0515,016978,,5,3,9,1500,0,1,3,,2,097,"STATE ROUTE 99 (S/B)","STATE ROUTE 223",5280.00,N,N,A,-,Y,KER,,223,,,10.337,H,,R,N,4,0,1,3,A,-,07,21658,A,M,B,C,A,A,H,-,B,D,0,,,,,Y,,-,99,0,0,1,0,0,0,0,0,0,"- ","- ",35.208610534667969,-119.01381683349609,KERN,UNINCORPORATED,-119.01381683349609,35.208599090576172
91818258,2022,2022-07-15,9426,2022-07-13,1110,014887,,3,1,9,1500,0,1,1,,2,500,"I-5 S/B","TWISSELMAN RD",11.00,S,N,A,-,Y,KER,,5,,,82.341,H,,L,Y,3,0,2,2,A,-,01,23152,A,N,C,C,A,A,H,-,A,D,0,,,,Y,Y,Y,A,07,0,1,1,0,0,0,0,0,0,"- ","- ",35.731929779052734,-119.73928070068359,KERN,UNINCORPORATED,-119.73947143554688,35.731838226318359
91818295,2022,2022-07-15,9830,2022-06-08,1107,019872,,3,1,9,1500,0,3,5,,2,001,"HIGHLINE RD","TEHACHAPI WILLOW SPRINGS RD",12.00,E,N,A,-,N,,,,,,,,,,N,4,0,1,1,A,-,03,22350,,N,E,I,A,A,H,-,A,A,0,,,,,Y,,A,01,0,0,1,0,0,0,0,0,0,"- ","- ",35.109611511230469,-118.3966064453125,KERN,UNINCORPORATED,-118.39663696289062,35.109710693359375
91818328,2022,2022-07-15,9430,2022-07-09,1340,018631,,6,1,9,1500,0,1,1,,2,054,"I-5 S/B","CHP GRAPEVINE SCALES FACILITY",200.00,N,N,A,-,Y,KER,,5,,,12.138,H,,L,N,4,0,2,2,A,-,03,22350,,M,C,C,A,A,H,-,A,D,0,,,,,Y,,-,99,0,0,2,0,0,0,0,0,0,"- ","- ",34.966781616210938,-118.93921661376953,KERN,UNINCORPORATED,-118.93929290771484,34.966762542724609
91819089,2022,2022-07-18,9420,2022-07-03,0210,019901,,7,3,9,1500,0,1,3,,1,650,SR-65,"SNOW QUEEN AVE.",1053.00,N,N,A,-,Y,KER,,65,,,19.770,H,,R,Y,2,0,2,2,A,-,01,23152,A,N,B,C,A,A,H,-,D,D,0,,,,,Y,Y,-,"- ",1,1,0,0,0,0,0,0,0,"- ","- ",35.714191436767578,-119.06491851806641,KERN,UNINCORPORATED,-119.06494903564453,35.714187622070312
91819104,2022,2022-07-18,9420,2022-07-07,1434,019735,,4,2,9,1500,0,3,5,,2,620,"NORD AVE","BRIMHALL RD",0.00,,Y,A,-,N,,,,,,,,,,Y,2,0,4,2,A,-,12,22450,A,N,D,C,A,A,H,-,A,A,0,,,,,Y,,A,01,3,1,0,0,0,0,0,0,0,"- ","- ",35.369148254394531,-119.19882202148438,KERN,UNINCORPORATED,-119.19879150390625,35.368911743164062
91819165,2022,2022-07-18,9420,2022-07-11,1820,021140,,1,2,9,1500,0,3,5,,2,050,"MERLE HAGGARD DRIVE",SR-65,2904.00,E,N,A,-,N,,,,,,,,,,N,3,0,1,1,A,-,03,22350,,N,E,J,A,A,H,-,A,D,0,,,,,Y,,M,96,0,1,0,0,0,0,0,0,0,"- ","- ",35.442649841308594,-119.06462097167969,KERN,UNINCORPORATED,-119.06513977050781,35.442649841308594
91820122,2022,2022-07-19,9420,2022-07-10,0311,021144,,7,3,9,1500,0,1,3,,1,176,"SR-178 E/B TO BEALE AVE.","BEALE AVE.",450.00,E,N,A,-,Y,,,,,,,,,,Y,4,0,1,1,A,-,01,23152,A,N,E,8,A,A,H,-,D,D,0,,,,,Y,Y,A,01,0,0,1,0,0,0,0,0,0,"- ","- ",35.386100769042969,-118.98448181152344,KERN,UNINCORPORATED,-118.98448181152344,35.386100769042969
91820184,2022,2022-07-19,9420,2022-07-10,1815,021572,,7,2,9,1500,0,1,3,,2,091,"SR-99 S/B","RT 46",532.00,S,N,A,-,Y,KER,,99,,,44.251,H,,L,Y,3,0,1,1,A,-,01,23152,A,N,E,9,A,A,H,-,A,D,0,,,,,Y,Y,D,22,0,1,0,0,0,0,0,0,0,"- ","- ",35.601200103759766,-119.21131896972656,KERN,UNINCORPORATED,-119.21122741699219,35.601215362548828
91820234,2022,2022-07-19,9420,2022-07-12,0745,016828,,2,1,9,1500,0,3,5,,2,050,"7TH STANDARD ROAD","QUINN ROAD",120.00,W,N,A,-,N,,,,,,,,,,N,4,0,1,2,A,-,03,22350,,N,C,C,A,A,H,-,A,D,0,,,,,Y,,A,01,0,0,1,0,0,0,0,0,0,"- ","- ",35.441379547119141,-119.07672882080078,KERN,UNINCORPORATED,-119.08222198486328,35.441459655761719
91820356,2022,2022-07-19,9420,2022-07-04,1655,021134,,1,2,6,1502,0,1,3,,2,095,"SR-99 S/B","WHITE LN",120.00,S,N,A,-,Y,KER,,99,,,21.042,H,,L,Y,4,0,1,3,A,-,03,22350,,N,C,C,A,A,D,-,A,D,0,,,,,Y,,A,07,0,0,1,0,0,0,0,0,0,"- ","- ",35.317131042480469,-119.03611755371094,KERN,BAKERSFIELD,-119.03623199462891,35.317111968994141
91820358,2022,2022-07-19,9430,2022-07-11,1110,018631,,1,1,9,1500,0,1,1,,2,052,"I-5 S/B","FRAZIER MOUNTAIN PARK ROAD",1635.00,N,N,A,-,Y,KER,,5,,R,0.324,H,,L,Y,4,0,1,2,A,-,03,22350,,N,C,C,A,A,H,-,A,D,0,,,,Y,Y,,G,27,0,0,1,0,0,0,0,0,0,"- ","- ",34.821418762207031,-118.87818145751953,KERN,UNINCORPORATED,-118.87816619873047,34.8214111328125
91820393,2022,2022-07-19,9420,2022-07-04,2048,021773,,1,2,9,1500,0,2,4,,1,052,"ROBERTS LANE (300 BLOCK)","LOCUST STREET",280.00,E,N,A,-,N,,,,,,,,,,Y,3,0,2,2,A,-,09,21801,A,N,A,C,A,A,H,-,C,D,0,,,,,Y,,A,08,0,2,0,0,0,0,0,0,0,"- ","- ",35.408618927001953,-119.02787780761719,KERN,UNINCORPORATED,-119.02792358398438,35.40863037109375
91820474,2022,2022-07-19,9830,2022-07-12,1050,020524,,2,1,9,1500,0,3,5,,2,003,"TEHACHAPI WILLOW SPRINGS RD","BACKUS ROAD",0.00,,Y,A,-,N,,,,,,,,,,Y,3,0,1,2,A,-,09,21801,A,N,D,C,A,A,H,-,A,D,0,,,,,Y,,A,07,0,1,0,0,0,0,0,0,0,"- ","- ",34.950969696044922,-118.29170227050781,KERN,UNINCORPORATED,-118.29174041748047,34.950878143310547
91820511,2022,2022-07-19,9420,2022-07-13,2234,020484,,3,3,9,1500,0,1,3,,1,176,"SR-178 W/B FROM HALEY ST.","HALEY STREET",450.00,E,N,A,-,Y,KER,,178,,R,4.140,H,,L,N,4,0,2,2,A,-,08,22107,,N,C,C,A,A,H,-,D,D,0,,,,,Y,,A,01,0,0,2,0,0,0,0,0,0,"- ","- ",35.392570495605469,-118.97572326660156,KERN,UNINCORPORATED,-118.97568511962891,35.392486572265625
91820575,2022,2022-07-19,9830,2022-07-12,0900,019872,,2,1,9,1500,0,3,5,,2,004,"NEURALIA RD","DODSON AVE",20.00,S,N,A,-,N,,,,,,,,,,N,4,0,2,1,A,-,08,22107,,N,E,I,A,A,H,-,A,D,0,,,,,Y,,A,01,0,0,2,0,0,0,0,0,0,"- ","- ",35.212898254394531,-117.9854736328125,KERN,UNINCORPORATED,-117.98587036132812,35.213184356689453
91820616,2022,2022-07-19,9426,2022-05-26,1633,018610,,4,2,9,1500,0,2,S,,2,050,"ROSEDALE HIGHWAY","CANNON STREET",0.00,,Y,A,-,N,,,,,,,,,,Y,1,1,1,2,A,-,09,21802,A,N,D,C,A,A,H,-,A,A,0,,,,,Y,,A,07,0,1,0,0,0,0,0,0,0,"- ","- ",35.398471832275391,-119.32360076904297,KERN,UNINCORPORATED,-119.32313537597656,35.398456573486328
91821071,2022,2022-07-20,9420,2022-07-10,0210,020573,,7,3,9,1500,0,3,5,,2,070,"RAYBURN WAY","REXROTH AVE.",155.00,S,N,A,-,N,,,,,,,,,,Y,3,0,1,2,A,-,01,23152,A,N,C,E,A,A,H,-,C,D,0,,,,,Y,Y,A,01,0,1,0,0,0,0,0,0,0,"- ","- ",35.385959625244141,-118.9393310546875,KERN,UNINCORPORATED,-118.93935394287109,35.385997772216797
91821078,2022,2022-07-20,9420,2022-07-10,1700,021915,,7,2,9,1500,0,3,5,,2,320,"SAGEBRUSH ROAD","MCCRAY ROAD",528.00,E,N,A,-,N,,,,,,,,,,Y,4,0,1,2,B,-,22,,,N,B,C,A,A,H,-,A,D,0,,,Y,,Y,,J,48,0,0,1,0,0,0,0,0,1,"- ","- ",35.630088806152344,-118.40599060058594,KERN,UNINCORPORATED,-118.40670013427734,35.630149841308594
91821091,2022,2022-07-20,9420,2022-07-11,1441,019686,,1,2,9,1500,0,1,3,,2,223,SR-223,"TOWERLINE ROAD",0.00,,Y,A,-,Y,KER,,223,,,22.199,H,,R,Y,3,0,5,3,A,-,09,21802,A,N,D,C,A,A,H,-,A,A,0,,,,,Y,,A,07,0,5,0,0,0,0,0,0,0,"- ","- ",35.209159851074219,-118.80628204345703,KERN,UNINCORPORATED,-118.80628204345703,35.209194183349609
91821106,2022,2022-07-20,9830,2022-07-12,2227,021642,,2,3,9,1500,0,1,3,,1,031,"SR-14 S/B","BUSINESS ROUTE 58 EAST",265.00,S,N,A,-,Y,KER,,14,,,16.013,H,,L,Y,3,0,2,2,A,-,03,22350,,N,C,C,A,A,H,-,D,D,0,,,,Y,Y,,A,08,0,2,0,0,0,0,0,0,0,"- ","- ",35.047031402587891,-118.1719970703125,KERN,UNINCORPORATED,-118.17198944091797,35.047031402587891
91821141,2022,2022-07-20,9426,2022-07-11,0025,017281,,1,3,9,1500,0,1,3,,2,432,SR-43,"MUNZER RD.",25.00,N,N,A,-,N,,,,,,,,,,Y,2,0,1,2,A,-,01,23152,A,N,C,C,A,A,H,-,D,D,0,,,,,Y,Y,A,01,1,0,0,0,0,0,0,0,0,"- ","- ",35.325450897216797,-119.25241851806641,KERN,UNINCORPORATED,-119.25235748291016,35.325450897216797
91821174,2022,2022-07-20,9420,2022-07-11,2041,019686,,1,2,9,1500,0,1,3,,2,097,"SR-99 N/B",SR-223,800.00,N,N,A,-,Y,KER,,99,,,14.023,H,,R,Y,4,0,7,3,A,-,03,22350,,N,C,C,A,A,C,-,D,D,0,,,,,Y,,A,01,0,0,7,0,0,0,0,0,0,"- ","- ",35.217338562011719,-119.01161193847656,KERN,UNINCORPORATED,-119.01153564453125,35.21734619140625
91821396,2022,2022-07-20,9420,2022-07-15,1110,020402,,5,1,9,1500,0,3,5,,2,050,"FERGUSON AVE","N. CHESTER AVE",40.00,E,N,A,-,N,,,,,,,,,,N,4,0,1,2,A,-,05,21460,A,F,B,C,A,A,H,-,A,D,0,,,,,Y,,A,01,0,0,1,0,0,0,0,0,0,"- ","- ",35.415790557861328,-119.02085113525391,KERN,UNINCORPORATED,-119.02108764648438,35.415611267089844
91821650,2022,2022-07-20,9830,2022-07-12,1402,019762,,2,2,9,1500,0,1,3,,2,014,"SR-58 E/B","CAMERON RD.",1056.00,E,N,A,-,Y,KER,,58,,R,101.836,H,,L,Y,3,0,3,1,A,-,08,22107,,N,F,A,A,A,H,-,A,D,0,,,,,Y,,M,47,0,3,0,0,0,0,0,0,0,"- ","- ",35.100780487060547,-118.28839874267578,KERN,UNINCORPORATED,-118.28836059570312,35.100666046142578
9182198,2020,2020-12-04,1501,2020-10-17,1427,987,24,6,5,3,1501,0,0,0,,0,003,"SOUTH A ST","MARY ST",0.00,,Y,A,-,N,,,,,,,,,,Y,3,0,2,2,A,-,12,22450,A,N,D,C,A,A,H,-,A,A,0,,,,,Y,,A,07,0,1,1,0,0,0,0,0,0,"- ","- ",35.192741394042969,-118.82859802246094,KERN,ARVIN,-118.82856750488281,35.1927490234375
91822003,2022,2022-07-21,9420,2022-07-07,0255,021480,,4,3,9,1500,0,3,5,,2,510,"CASEY ROAD","CECIL AVENUE",2038.00,N,N,A,-,N,,,,,,,,,,N,2,0,1,1,A,-,08,22107,,N,E,I,A,A,H,-,C,D,0,,,,,Y,Y,A,07,1,0,0,0,0,0,0,0,0,"- ","- ",35.779579162597656,-119.29434967041016,KERN,UNINCORPORATED,-119.29428100585938,35.781421661376953
91822018,2022,2022-07-21,9420,2022-07-13,0400,019649,,3,3,9,1500,0,1,3,,1,184,SR-184,"DI MILLER DR",4.00,N,N,A,-,Y,KER,,184,,,7.646,H,,R,Y,3,0,1,2,A,-,01,23152,A,N,C,C,A,A,H,-,D,D,0,,,,,Y,Y,A,01,0,1,0,0,0,0,0,0,0,"- ","- ",35.347980499267578,-118.9144287109375,KERN,UNINCORPORATED,-118.91425323486328,35.347953796386719
91822034,2022,2022-07-21,9420,2022-06-16,1558,019686,,4,2,9,1500,0,1,3,,2,585,"SR-58 W/B","SOUTH H STREET",10.00,E,N,A,-,Y,KER,,58,,R,53.397,H,,L,Y,2,0,6,8,A,-,01,23152,F,N,C,C,A,A,H,-,A,A,0,,,,Y,Y,,G,25,4,1,1,0,0,0,0,0,0,"- ","- ",35.352729797363281,-119.02110290527344,KERN,UNINCORPORATED,-119.02110290527344,35.352725982666016
91822039,2022,2022-07-21,9420,2022-07-10,2030,021134,,7,2,9,1500,0,3,5,,2,671,"PANAMA RD",SR-184,70.00,E,N,A,-,N,,,,,,,,,,N,4,0,1,2,A,-,03,22350,,M,C,C,A,A,H,-,B,D,0,,,,,Y,,D,22,0,0,1,0,0,0,0,0,0,"- ","- ",35.266990661621094,-118.91401672363281,KERN,UNINCORPORATED,-118.91424560546875,35.266971588134766
91822042,2022,2022-07-21,9420,2022-07-11,1740,019316,,1,2,6,1502,0,1,3,,2,095,"SR-99 S/B TO PANAMA LN","PANAMA LANE",800.00,N,N,A,-,Y,KER,,99,,,19.714,H,,L,Y,4,0,2,2,A,-,03,22350,,N,C,C,A,A,H,-,A,A,0,,,,,Y,,A,01,0,0,2,0,0,0,0,0,0,"- ","- ",35.298309326171875,-119.03141021728516,KERN,BAKERSFIELD,-119.03130340576172,35.298328399658203
91822064,2022,2022-07-21,9420,2022-07-17,0825,019098,,7,1,6,1502,0,1,3,,2,095,"SR-99 S/B FROM PANAMA LANE E/B","PANAMA LANE",20.00,S,N,A,-,Y,,,,,,,,,,Y,4,0,1,1,A,-,08,22107,,N,E,8,A,A,D,E,A,D,0,,,,,Y,,D,22,0,0,1,0,0,0,0,0,0,"- ","- ",35.295658111572266,-119.03111267089844,KERN,BAKERSFIELD,-119.03111267089844,35.295658111572266
91822088,2022,2022-07-21,9420,2022-07-17,0155,019901,,7,3,9,1500,0,1,3,,2,091,"SR-99 S/B","KIMBERLINA RD.",1167.00,N,N,A,-,Y,KER,,99,,R,41.397,H,,L,Y,3,0,1,1,A,-,01,23152,A,N,E,I,A,A,H,-,C,D,0,,,,,Y,Y,A,01,0,1,0,0,0,0,0,0,0,"- ","- ",35.561710357666016,-119.19891357421875,KERN,UNINCORPORATED,-119.19876098632812,35.561756134033203
91822146,2022,2022-07-21,9830,2022-06-16,2315,022390,,4,3,9,1500,0,1,3,,1,052,"STATE ROUTE-178","STRECKER STREET",90.00,E,N,A,-,Y,KER,,178,,,95.136,H,,R,N,1,1,0,2,A,-,11,21954,A,N,G,B,E,A,H,-,D,D,0,Y,,,,Y,,N,60,0,0,0,1,0,0,0,0,0,"- ","- ",35.651859283447266,-117.76715087890625,KERN,UNINCORPORATED,-117.76715087890625,35.651905059814453
91822164,2022,2022-07-21,9430,2022-07-08,1115,017153,,5,1,9,1500,0,1,1,,2,052,"I-5 S/B","LEBEC SERVICE ROAD",1056.00,S,N,A,-,Y,,,,,,,,,,N,3,0,1,2,A,-,08,22107,,N,B,C,A,A,H,-,A,D,0,,,,,Y,,D,22,0,1,0,0,0,0,0,0,0,"- ","- ",34.495738983154297,-118.51592254638672,KERN,UNINCORPORATED,-118.8660888671875,34.832710266113281
91822180,2022,2022-07-21,9420,2022-07-20,1240,016978,,3,1,9,1500,0,3,5,,2,672,"EDISON ROAD","HERRING ROAD",0.00,,Y,A,-,N,,,,,,,,,,Y,3,0,1,2,A,-,09,21802,A,N,D,C,A,A,H,-,A,A,0,,,,,Y,,D,22,0,1,0,0,0,0,0,0,0,"- ","- ",35.217170715332031,-119.0115966796875,KERN,UNINCORPORATED,-118.8780517578125,35.150688171386719
91822492,2022,2022-07-21,9830,2022-07-10,1000,020655,,7,1,9,1500,0,2,4,,1,032,"SIERRA HWY","DAWN RD.",2534.00,S,N,A,-,N,,,,,,,,,,Y,2,0,2,2,A,-,01,23152,A,N,B,C,A,A,H,-,A,D,0,,,,,Y,Y,A,01,1,0,1,0,0,0,0,0,0,"- ","- ",34.901939392089844,-118.15680694580078,KERN,UNINCORPORATED,-118.15668487548828,34.902141571044922
91822559,2022,2022-07-21,9830,2022-07-13,1305,020524,,3,1,9,1500,0,3,5,,2,003,"HOOK AVENUE","WYANDOTTE LANE",0.00,,Y,A,-,N,,,,,,,,,,N,3,0,1,1,A,-,08,22107,,N,F,A,A,A,H,-,A,D,0,,,Y,,Y,,C,02,0,1,0,0,0,0,0,0,1,"- ","- ",34.873680114746094,-118.15644836425781,KERN,UNINCORPORATED,-118.15642547607422,34.873676300048828
91822952,2022,2022-07-22,9420,2022-07-15,2115,021667,,5,2,9,1500,0,2,4,,1,072,"BRUNDAGE LANE","OSWELL STREET",1000.00,E,N,A,-,N,,,,,,,,,,N,4,0,1,2,A,-,03,22350,,N,C,C,A,A,H,-,C,D,0,,,,,Y,,A,01,0,0,1,0,0,0,0,0,0,"- ","- ",35.354198455810547,-118.9462890625,KERN,UNINCORPORATED,-118.94657135009766,35.354228973388672
91822955,2022,2022-07-22,9420,2022-07-16,2320,019901,,6,3,9,1500,0,3,5,,2,510,"WALLACE RD.","CECIL AVE.",2100.00,N,N,A,-,N,,,,,,,,,,Y,3,0,1,1,A,-,03,22350,,N,E,I,A,A,H,-,D,D,0,,,,,Y,,A,01,0,1,0,0,0,0,0,0,0,"- ","- ",35.781791687011719,-119.16986083984375,KERN,UNINCORPORATED,-119.16968536376953,35.781742095947266
91822986,2022,2022-07-22,9420,2022-07-17,0805,020451,,7,1,9,1500,0,1,3,,2,589,"SR58 W/B","BEALVILLE RD.",3696.00,E,N,A,-,Y,KER,,58,,,77.773,H,,L,Y,4,0,1,1,A,-,08,22107,,N,E,I,A,A,H,-,A,D,0,,,,,Y,,A,01,0,0,1,0,0,0,0,0,0,"- ","- ",35.262199401855469,-118.620849609375,KERN,UNINCORPORATED,-118.62088012695312,35.262149810791016
91823030,2022,2022-07-22,9430,2022-07-19,2230,016681,,2,3,9,1500,0,3,5,,2,002,"LEBEC RD","MPM 5KER R5.04",700.00,S,N,A,-,N,,,,,,,,,,N,3,0,1,1,A,-,08,22107,,N,E,I,A,A,H,-,D,D,0,,,,,Y,,A,07,0,1,0,0,0,0,0,0,0,"- ","- ",34.875968933105469,-118.89251708984375,KERN,UNINCORPORATED,,
91823031,2022,2022-07-22,9430,2022-07-20,0010,021504,,3,3,9,1500,0,2,4,,1,022,"E/B FRAZIER MOUNTAIN PARK ROAD","LAKEWOOD PL.",60.00,E,N,A,-,N,,,,,,,,,,Y,4,0,1,1,C,-,18,,,N,E,H,A,A,H,-,D,D,0,,,,,Y,,-,"- ",0,0,1,0,0,0,0,0,0,"- ","- ",34.81842041015625,-118.99706268310547,KERN,UNINCORPORATED,-118.99701690673828,34.818328857421875
91823258,2022,2022-07-22,9426,2022-07-19,1155,019335,,2,1,9,1500,0,3,5,,2,085,"FRESNO AVE","MAGNOLIA AVE",0.00,,Y,A,-,N,,,,,,,,,,Y,4,0,1,2,A,-,09,21802,A,N,D,C,A,A,H,-,A,A,0,,,,,Y,,E,22,0,0,1,0,0,0,0,0,0,"- ","- ",35.514728546142578,-119.36785125732422,KERN,UNINCORPORATED,-119.36772155761719,35.514621734619141
91823325,2022,2022-07-22,9426,2022-07-21,0545,014967,,4,3,9,1500,0,3,5,,2,082,"7TH STANDARD ROAD","MAYER AVENUE",662.00,E,N,A,-,N,,,,,,,,,,Y,3,0,2,2,A,-,08,22107,,N,D,C,A,A,H,-,B,D,0,,,,,Y,,A,01,0,2,0,0,0,0,0,0,0,"- ","- ",35.441810607910156,-119.28469848632812,KERN,UNINCORPORATED,-119.28507995605469,35.4417724609375
91823407,2022,2022-07-22,9430,2022-07-08,0936,019531,,5,1,9,1500,0,3,5,,2,001,"MOUNT PINOS WAY","OAK LANE",180.00,W,N,A,-,N,,,,,,,,,,Y,4,0,1,1,A,-,03,22350,,M,E,I,A,A,H,-,A,D,0,,,,,Y,,A,01,0,0,1,0,0,0,0,0,0,"- ","- ",34.819938659667969,-118.93460845947266,KERN,UNINCORPORATED,-118.93512725830078,34.819793701171875
91823709,2022,2022-07-25,9830,2022-07-21,0924,020427,,4,1,9,1500,0,1,3,,2,011,"SR-58 W/B","DENNISON RD",1584.00,W,N,A,-,Y,KER,,58,,R,92.410,H,,L,N,4,0,1,2,A,-,07,21658,A,F,B,C,A,A,H,-,A,D,0,,,,,Y,,-,99,0,0,1,0,0,0,0,0,0,"- ","- ",35.139801025390625,-118.43776702880859,KERN,UNINCORPORATED,-118.43776702880859,35.139808654785156
91823950,2022,2022-07-25,9420,2022-07-14,2325,021632,,4,3,9,1500,0,2,4,,2,074,"PANAMA ROAD","PRIMROSE AVENUE",140.00,W,N,A,-,N,,,,,,,,,,Y,3,0,1,2,A,-,01,23152,A,N,C,E,A,A,H,-,D,D,0,,,,,Y,Y,A,07,0,1,0,0,0,0,0,0,0,"- ","- ",35.266891479492188,-118.91162872314453,KERN,UNINCORPORATED,-118.91168212890625,35.2669677734375
91823967,2022,2022-07-25,9420,2022-07-18,1350,021572,,1,1,9,1500,0,3,5,,2,040,"JEFFREY ST","BERKELEY ST",0.00,,Y,A,-,N,,,,,,,,,,N,2,0,1,2,A,-,09,21800,A,N,H,G,A,A,H,-,A,D,0,,Y,,,Y,,L,04,1,0,0,0,0,0,1,0,0,"- ","- ",35.394809722900391,-118.98300170898438,KERN,UNINCORPORATED,-118.98298645019531,35.394786834716797
91823970,2022,2022-07-25,9420,2022-07-19,1111,020672,,2,1,9,1500,0,3,5,,2,040,"GRANITE RD","FAMOSO RD",1056.00,S,N,A,-,N,,,,,,,,,,Y,4,0,4,2,A,-,08,22107,,N,D,C,A,A,H,-,A,D,0,,,,,Y,,A,01,0,0,4,0,0,0,0,0,0,"- ","- ",35.605129241943359,-118.9500732421875,KERN,UNINCORPORATED,-118.9500732421875,35.605022430419922
91823991,2022,2022-07-25,9420,2022-07-02,0421,021632,,6,3,9,1500,0,2,4,,1,072,"NILES STREET","CRESTMONT DRIVE",262.00,E,N,A,-,N,,,,,,,,,,N,2,0,1,2,A,-,11,21954,A,F,G,B,E,A,H,-,D,D,0,Y,,,,Y,,N,60,1,0,0,0,1,0,0,0,0,"- ","- ",35.375991821289062,-118.95317840576172,KERN,UNINCORPORATED,-118.95323944091797,35.375968933105469
91824003,2022,2022-07-25,9420,2022-07-11,0510,021144,,1,3,9,1500,0,1,3,,2,589,"SR-58 W/B","BEALVILLE RD.",1200.00,W,N,A,-,Y,KER,,58,,,76.614,H,,L,Y,2,0,4,3,A,-,03,22350,,N,C,C,A,A,B,-,B,D,0,,,,,Y,,D,22,1,1,2,0,0,0,0,0,0,"- ","- ",35.262859344482422,-118.64096069335938,KERN,UNINCORPORATED,-118.64096069335938,35.262851715087891