CASE_ID,ACCIDENT_YEAR,PROC_DATE,JURIS,COLLISION_DATE,COLLISION_TIME,OFFICER_ID,REPORTING_DISTRICT,DAY_OF_WEEK,CHP_SHIFT,POPULATION,CNTY_CITY_LOC,SPECIAL_COND,BEAT_TYPE,CHP_BEAT_TYPE,CITY_DIVISION_LAPD,CHP_BEAT_CLASS,BEAT_NUMBER,PRIMARY_RD,SECONDARY_RD,DISTANCE,DIRECTION,INTERSECTION,WEATHER_1,WEATHER_2,STATE_HWY_IND,CALTRANS_COUNTY,CALTRANS_DISTRICT,STATE_ROUTE,ROUTE_SUFFIX,POSTMILE_PREFIX,POSTMILE,LOCATION_TYPE,RAMP_INTERSECTION,SIDE_OF_HWY,TOW_AWAY,COLLISION_SEVERITY,NUMBER_KILLED,NUMBER_INJURED,PARTY_COUNT,PRIMARY_COLL_FACTOR,PCF_CODE_OF_VIOL,PCF_VIOL_CATEGORY,PCF_VIOLATION,PCF_VIOL_SUBSECTION,HIT_AND_RUN,TYPE_OF_COLLISION,MVIW,PED_ACTION,ROAD_SURFACE,ROAD_COND_1,ROAD_COND_2,LIGHTING,CONTROL_DEVICE,CHP_ROAD_TYPE,PEDESTRIAN_ACCIDENT,BICYCLE_ACCIDENT,MOTORCYCLE_ACCIDENT,TRUCK_ACCIDENT,NOT_PRIVATE_PROPERTY,ALCOHOL_INVOLVED,STWD_VEHTYPE_AT_FAULT,CHP_VEHTYPE_AT_FAULT,COUNT_SEVERE_INJ,COUNT_VISIBLE_INJ,COUNT_COMPLAINT_PAIN,COUNT_PED_KILLED,COUNT_PED_INJURED,COUNT_BICYCLIST_KILLED,COUNT_BICYCLIST_INJURED,COUNT_MC_KILLED,COUNT_MC_INJURED,PRIMARY_RAMP,SECONDARY_RAMP,LATITUDE,LONGITUDE,COUNTY,CITY,POINT_X,POINT_Y
91873189,2022,2022-09-26,9420,2022-09-17,1650,020451,,6,2,6,1502,0,1,3,,2,093,"SR-99 S/B","TRUXTUN AVE.",528.00,N,N,A,-,Y,KER,,99,,,25.185,H,,L,Y,4,0,1,2,A,-,03,22350,,N,C,2,A,A,H,-,A,D,0,,,,,Y,,A,01,0,0,1,0,0,0,0,0,0,"- ","- ",35.376251220703125,-119.04450225830078,KERN,BAKERSFIELD,-119.04453277587891,35.376247406005859
91873337,2022,2022-09-26,9420,2022-09-19,1735,020402,,1,2,9,1500,0,2,4,,2,062,"ROSEDALE HWY","CASE ST",120.00,E,N,A,-,N,,,,,,,,,,Y,3,0,2,2,A,-,08,22107,,N,E,I,A,A,H,-,A,D,0,,,,,Y,Y,A,07,0,2,0,0,0,0,0,0,0,"- ","- ",35.383289337158203,-119.05609893798828,KERN,UNINCORPORATED,-119.05604553222656,35.38336181640625
91873548,2022,2022-09-26,9420,2022-09-22,1800,021133,,4,2,9,1500,0,2,4,,1,052,"ROBERTS LANE","PLYMOUTH AVENUE",0.00,,Y,A,-,N,,,,,,,,,,Y,4,0,1,2,A,-,09,21802,A,N,D,C,A,A,H,-,A,A,0,,,Y,,Y,,C,02,0,0,1,0,0,0,0,0,1,"- ","- ",35.243118286132812,-119.13181304931641,KERN,UNINCORPORATED,-119.02554321289062,35.408626556396484
91873576,2022,2022-09-26,9420,2022-09-23,0741,019735,,5,1,6,1502,0,3,5,,2,672,"E. PACHECO ROAD","S. UNION AVENUE",175.00,W,N,A,-,N,,,,,,,,,,N,3,0,1,2,A,-,09,21804,A,N,B,C,A,A,H,-,A,D,0,,,,,Y,,A,07,0,1,0,0,0,0,0,0,0,"- ","- ",35.310398101806641,-119.00380706787109,KERN,BAKERSFIELD,-119.00371551513672,35.310390472412109
91873670,2022,2022-09-26,9420,2022-09-23,1520,020782,,5,2,9,1500,0,2,4,,1,052,"ROBERTS LANE","OILDALE DRIVE",45.00,E,N,A,-,N,,,,,,,,,,N,4,0,1,2,A,-,03,22350,,M,C,C,A,A,H,-,A,D,0,,,,,Y,,A,01,0,0,1,0,0,0,0,0,0,"- ","- ",35.40869140625,-119.02974700927734,KERN,UNINCORPORATED,-119.02980041503906,35.40863037109375
91873692,2022,2022-09-26,9420,2022-09-23,1626,020782,,5,2,9,1500,0,3,5,,2,050,"YOSEMITE DRIVE","EL TEJON AVENUE",8.00,S,N,A,-,N,,,,,,,,,,N,3,0,1,2,D,-,00,,,N,D,G,A,A,H,-,A,D,0,,Y,,,Y,,-,"- ",0,1,0,0,0,0,1,0,0,"- ","- ",35.418170928955078,-119.03225708007812,KERN,UNINCORPORATED,-119.03224945068359,35.418178558349609
91874213,2022,2022-09-27,9830,2022-09-21,2142,021851,,3,2,9,1500,0,1,3,,2,030,"SR-14 SOUTHBOUND","SILVER QUEEN ROAD OVERCROSSING",2285.00,S,N,A,-,Y,KER,,14,,R,11.731,H,,R,Y,2,0,1,1,A,-,03,22350,,F,E,I,A,A,D,-,D,D,0,,,,,Y,,A,07,1,0,0,0,0,0,0,0,0,"- ","- ",34.989429473876953,-118.15892028808594,KERN,UNINCORPORATED,-118.15918731689453,34.989421844482422
91874219,2022,2022-09-27,9830,2022-09-21,2143,021851,,3,2,9,1500,0,3,5,,2,002,"OPEN DESERT TERRAIN","SILVER QUEEN ROAD",3960.00,S,N,A,-,Y,,,,,,,,,,Y,2,0,1,1,A,-,03,22350,,F,E,I,A,A,G,-,D,D,0,,,,,Y,,A,07,1,0,0,0,0,0,0,0,0,"- ","- ",34.984439849853516,-118.155029296875,KERN,UNINCORPORATED,,
91874238,2022,2022-09-27,9420,2022-09-16,0610,016229,,5,1,9,1500,0,1,3,,2,431,SR-43,"ORANGE STREET",0.00,,Y,A,-,Y,,,,,,,,,,Y,3,0,2,2,A,-,09,21802,A,N,D,C,A,A,H,-,A,A,0,,,,Y,Y,,D,22,0,1,1,0,0,0,0,0,0,"- ","- ",35.532958984375,-119.18543243408203,KERN,UNINCORPORATED,-119.26083374023438,35.478019714355469
91874468,2022,2022-09-27,9426,2022-09-25,1810,016953,,7,2,9,1500,0,1,1,,2,502,"I-5 S/B","EAST SIDE CANAL O/C",1056.00,N,N,A,-,Y,KER,,5,,,68.111,H,,L,Y,3,0,1,2,A,-,03,22350,,N,C,C,A,A,H,-,A,D,0,,,Y,,Y,,C,02,0,1,0,0,0,0,0,0,1,"- ","- ",35.559951782226562,-119.60018157958984,KERN,UNINCORPORATED,-119.60025787353516,35.559890747070312
91874640,2022,2022-09-27,9420,2022-09-25,2028,020634,,7,2,9,1500,0,2,4,,1,051,"N. CHESTER AVENUE","CHINA GRADE LOOP",495.00,N,N,A,-,N,,,,,,,,,,N,2,0,1,1,A,-,08,22107,,N,E,I,A,A,H,-,C,D,0,,,Y,,Y,Y,C,02,1,0,0,0,0,0,0,0,1,"- ","- ",35.428211212158203,-119.02129364013672,KERN,UNINCORPORATED,-119.02120208740234,35.428077697753906
91874661,2022,2022-09-27,9420,2022-09-26,0734,020366,,1,1,9,1500,0,2,4,,2,074,"PANAMA ROAD","TEJON HWY",0.00,,Y,A,-,N,,,,,,,,,,Y,3,0,2,2,A,-,09,21802,A,N,D,C,A,A,H,-,A,A,0,,,,,Y,,A,01,0,1,1,0,0,0,0,0,0,"- ","- ",35.267250061035156,-118.82486724853516,KERN,UNINCORPORATED,-118.82491302490234,35.267364501953125
91874779,2022,2022-09-27,9420,2022-09-26,0950,016153,,1,1,9,1500,0,3,5,,2,060,"CALLOWAY DR.","SNOW RD.",0.00,,Y,A,-,N,,,,,,,,,,Y,3,0,1,2,A,-,12,21457,A,N,D,C,A,A,H,-,A,A,0,,,,,Y,,D,22,0,1,0,0,0,0,0,0,0,"- ","- ",35.426979064941406,-119.09229278564453,KERN,UNINCORPORATED,-119.11000061035156,35.427078247070312
91874787,2022,2022-09-27,9420,2022-09-24,1820,020634,,6,2,9,1500,0,3,5,,2,050,"WASHINGTON AVENUE","SHELDON DRIVE",0.00,,Y,A,-,N,,,,,,,,,,N,2,0,1,2,A,-,09,21801,A,N,A,C,A,A,H,-,A,D,0,,,,,Y,,A,01,1,0,0,0,0,0,0,0,0,"- ","- ",35.415500640869141,-119.04949188232422,KERN,UNINCORPORATED,-119.04951477050781,35.415504455566406
91874798,2022,2022-09-27,9420,2022-09-26,1300,016153,,1,1,9,1500,0,3,5,,2,060,"ALLEN RD.","ROSEDALE HWY.",210.00,S,N,A,-,N,,,,,,,,,,N,3,0,1,2,A,-,08,22107,,N,H,G,A,A,H,-,A,D,0,,Y,,,Y,,D,22,0,1,0,0,0,0,1,0,0,"- ","- ",35.382968902587891,-119.14569091796875,KERN,UNINCORPORATED,-119.14556884765625,35.383064270019531
91874815,2022,2022-09-27,9420,2022-09-25,2015,020672,,7,2,9,1500,0,1,3,,2,090,"SR-99 N/B","GLENWOOD ST",282.00,S,N,A,-,Y,KER,,99,,,57.070,H,,R,Y,4,0,2,3,A,-,03,22350,,N,C,2,A,A,H,-,C,D,0,,,,,Y,,A,01,0,0,2,0,0,0,0,0,0,"- ","- ",35.783271789550781,-119.25228881835938,KERN,UNINCORPORATED,-119.25228118896484,35.78326416015625
91875012,2022,2022-09-27,9426,2022-09-24,0730,016804,,6,1,9,1500,0,3,5,,2,082,"RUDNICK RD.","BUTTONWILLOW DR.",104.00,E,N,A,-,N,,,,,,,,,,Y,3,0,3,1,A,-,08,22107,,N,F,A,A,A,H,-,A,D,0,,,,,Y,,D,22,0,2,1,0,0,0,0,0,0,"- ","- ",35.453788757324219,-119.47444915771484,KERN,UNINCORPORATED,,
91875354,2022,2022-09-28,9830,2022-09-21,0658,020866,,3,1,9,1500,0,2,4,,1,034,"ROSAMOND BLVD.","DIAMOND ST.",50.00,E,N,A,-,N,,,,,,,,,,N,4,0,1,4,A,-,03,22350,,N,C,C,A,A,H,-,A,A,0,,,,,Y,,D,22,0,0,1,0,0,0,0,0,0,"- ","- ",34.864360809326172,-118.16436004638672,KERN,UNINCORPORATED,-118.16450500488281,34.864372253417969
91875377,2022,2022-09-28,9830,2022-07-01,1128,019872,,5,1,3,1509,0,1,3,,2,012,"STATE ROUTE 58 EASTBOUND","DENNISON ROAD",225.00,W,N,A,-,Y,KER,,58,,R,92.804,H,,R,Y,1,1,0,1,A,-,01,23152,A,N,E,8,A,A,H,-,A,D,0,,,,,Y,Y,D,22,0,0,0,0,0,0,0,0,0,"- ","- ",35.138069152832031,-118.43122100830078,KERN,TEHACHAPI,-118.43116760253906,35.138156890869141
91875429,2022,2022-09-28,9420,2022-09-16,1500,017243,,5,2,9,1500,0,3,5,,2,320,"GOLDEN SPUR ST","WAGON WHEEL DR",0.00,,Y,A,-,N,,,,,,,,,,N,2,0,1,1,A,-,03,22350,,N,E,I,A,A,H,-,A,D,0,,,Y,,Y,,C,02,1,0,0,0,0,0,0,0,1,"- ","- ",35.628688812255859,-118.47112274169922,KERN,UNINCORPORATED,-118.47121429443359,35.628715515136719
91875442,2022,2022-09-28,9426,2022-09-22,1020,016804,,4,1,9,1500,0,3,5,,2,081,"A ST.","S. 10TH ST.",0.00,,Y,C,-,N,,,,,,,,,,N,3,0,1,2,A,-,09,21802,A,N,D,C,A,A,H,-,A,A,0,,,,,Y,,A,01,0,1,0,0,0,0,0,0,0,"- ","- ",35.136928558349609,-119.46553039550781,KERN,UNINCORPORATED,-119.46511840820312,35.136810302734375
91875557,2022,2022-09-28,9420,2022-09-27,0904,020366,,2,1,9,1500,0,3,5,,2,672,"COMANCHE DRIVE",SR-178,1950.00,S,N,A,-,N,,,,,,,,,,Y,4,0,1,2,A,-,03,22350,,N,C,C,A,A,H,-,A,D,0,,,,,Y,,A,07,0,0,1,0,0,0,0,0,0,"- ","- ",35.402149200439453,-118.85823059082031,KERN,UNINCORPORATED,-118.86212921142578,35.4068603515625
91875560,2022,2022-09-28,9830,2022-09-25,1243,019762,,7,1,9,1500,0,1,3,,1,040,"SR-14 S/B","PINE TREE CANYON RD.",4224.00,S,N,A,-,Y,KER,,14,,,29.056,H,,L,Y,3,0,1,1,A,-,08,22107,,N,F,A,A,A,H,-,A,D,0,,,,,Y,,A,07,0,1,0,0,0,0,0,0,0,"- ","- ",35.221199035644531,-118.05200958251953,KERN,UNINCORPORATED,-118.05191040039062,35.221176147460938
91875564,2022,2022-09-28,9420,2022-09-27,1350,020672,,2,1,9,1500,0,1,3,,1,176,"SR-178 E/B TO MT VERNON AVE","MT VERNON AVE",9.00,W,N,A,-,Y,,,,,,,,,,N,4,0,1,2,A,-,21,22106,,N,C,C,A,A,H,-,A,A,0,,,,,Y,,A,07,0,0,1,0,0,0,0,0,0,"- ","- ",35.393951416015625,-118.96768951416016,KERN,UNINCORPORATED,-118.96768951416016,35.393951416015625
91875809,2022,2022-09-28,9420,2022-09-27,0555,016229,,2,3,4,1503,0,1,3,,2,090,"SR-99 N/B","COUNTY LINE ROAD",2640.00,S,N,A,-,Y,KER,,99,,,56.789,H,,R,Y,4,0,4,2,A,-,03,22350,,N,C,2,A,A,H,-,B,D,0,,,,,Y,,A,01,0,0,4,0,0,0,0,0,0,"- ","- ",35.779430389404297,-119.25302886962891,KERN,DELANO,-119.25312805175781,35.7794189453125
91875861,2022,2022-09-28,9420,2022-09-19,1030,016828,,1,1,9,1500,0,1,3,,2,091,"SR-99 S/B",SR-155,450.00,S,N,A,-,Y,KER,,99,,,55.251,H,,L,Y,3,0,1,2,A,-,08,22107,,N,C,C,A,A,H,-,A,D,0,,,,Y,Y,,A,01,0,1,0,0,0,0,0,0,0,"- ","- ",35.757579803466797,-119.24816131591797,KERN,UNINCORPORATED,-119.24831390380859,35.757553100585938
91876480,2022,2022-09-29,9830,2022-09-19,0708,020524,,1,1,9,1500,0,3,5,,2,001,"HIGHLINE ROAD","TEHACHAPI WILLOW SPRINGS ROAD",0.00,,Y,A,-,N,,,,,,,,,,N,3,0,1,1,A,-,12,22450,A,N,E,I,A,A,H,-,A,A,0,,,,,Y,,A,01,0,1,0,0,0,0,0,0,0,"- ","- ",35.109508514404297,-118.39617919921875,KERN,UNINCORPORATED,-118.39667510986328,35.109710693359375
91876637,2022,2022-09-29,9830,2022-09-20,0110,015977,,2,3,9,1500,0,1,3,,2,010,"SR-58 E/B","BROOME RD",525.00,W,N,A,-,Y,KER,,58,,R,84.708,H,,R,Y,4,0,2,3,A,-,03,22350,,N,C,C,A,A,H,-,D,D,0,,,,Y,Y,,G,25,0,0,2,0,0,0,0,0,0,"- ","- ",35.202968597412109,-118.52887725830078,KERN,UNINCORPORATED,-118.52887725830078,35.202976226806641
91876694,2022,2022-09-29,9426,2022-09-24,1120,014967,,6,1,9,1500,0,3,5,,2,082,"MAGNOLIA AVENUE","7TH STANDARD ROAD",7392.00,N,N,A,-,N,,,,,,,,,,Y,3,0,1,1,A,-,08,22107,,N,F,A,A,A,H,-,A,A,0,,,,Y,Y,,G,25,0,1,0,0,0,0,0,0,0,"- ","- ",35.463298797607422,-119.36817932128906,KERN,UNINCORPORATED,-119.36811065673828,35.462368011474609
91876955,2022,2022-09-29,9830,2022-09-27,0626,019762,,2,1,9,1500,0,1,3,,2,012,"SR-58 W/B","SAND CANYON RD.",1056.00,E,N,A,-,Y,KER,,58,,R,99.646,H,,L,N,4,0,1,1,A,-,01,23152,A,N,F,A,A,A,H,-,B,D,0,,,,,Y,Y,A,07,0,0,1,0,0,0,0,0,0,"- ","- ",35.109329223632812,-118.32032775878906,KERN,UNINCORPORATED,-118.32041168212891,35.109237670898438
91877007,2022,2022-09-29,9426,2022-09-29,0740,014967,,4,1,9,1500,0,3,5,,2,082,"ROSEDALE HIGHWAY","MAYER AVENUE",6600.00,W,N,A,-,N,,,,,,,,,,Y,3,0,2,2,A,-,03,22350,,N,C,C,A,A,C,-,A,D,0,,,,,Y,,A,01,0,2,0,0,0,0,0,0,0,"- ","- ",35.398479461669922,-119.30960083007812,KERN,UNINCORPORATED,-119.30966186523438,35.398429870605469
91877080,2022,2022-09-29,9420,2022-09-21,1625,018481,,3,2,9,1500,0,1,3,,2,091,"SR-99 S/B","7TH STANDARD RD.",10560.00,N,N,B,-,Y,,,,,,,,,,Y,4,0,1,2,A,-,07,21658,A,N,B,C,A,A,H,-,A,D,0,,,,,Y,,A,01,0,0,1,0,0,0,0,0,0,"- ","- ",34.462360382080078,-119.11522674560547,KERN,UNINCORPORATED,-119.11104583740234,35.459312438964844
91878788,2022,2022-09-30,9420,2022-09-15,1705,019353,,4,2,9,1500,0,3,5,,2,620,"STOCKDALE HIGHWAY","SUPERIOR ROAD",1000.00,W,N,A,-,N,,,,,,,,,,Y,3,0,1,2,A,-,21,22106,,N,B,C,A,A,H,-,A,D,0,,,,,Y,,A,01,0,1,0,0,0,0,0,0,0,"- ","- ",35.396690368652344,-119.04286193847656,KERN,UNINCORPORATED,-119.23767852783203,35.354312896728516
91878822,2022,2022-09-30,9420,2022-09-22,0240,021134,,4,3,4,1503,0,1,3,,2,091,"SR-99 S/B","WOOLLOMES AVE",1600.00,S,N,A,-,Y,KER,,99,,,54.170,H,,L,N,2,0,1,2,A,-,11,21954,A,F,G,B,E,A,H,-,D,D,0,Y,,,,Y,,N,60,1,0,0,0,1,0,0,0,0,"- ","- ",35.742679595947266,-119.24236297607422,KERN,DELANO,-119.24232482910156,35.742683410644531
91878827,2022,2022-09-30,9420,2022-09-22,1920,021133,,4,2,9,1500,0,2,4,,1,051,"AIRPORT DRIVE","EL TEJON AVENUE",40.00,N,N,A,-,N,,,,,,,,,,N,4,0,1,2,A,-,11,21954,A,N,G,B,D,A,H,-,C,D,0,Y,,,,Y,,N,60,0,0,1,0,1,0,0,0,0,"- ","- ",35.418270111083984,-119.03896331787109,KERN,UNINCORPORATED,-119.03916168212891,35.418178558349609
91879010,2022,2022-09-30,9420,2022-09-26,0435,021601,,1,3,9,1500,0,1,3,,1,184,SR-184,"CHOATE STREET",25.00,N,N,A,-,Y,KER,,184,,,6.396,H,,R,N,3,0,1,2,A,-,03,22350,,F,C,C,A,A,H,-,C,D,0,,,,,Y,,-,99,0,1,0,0,0,0,0,0,0,"- ","- ",35.329929351806641,-118.91432189941406,KERN,UNINCORPORATED,-118.914306640625,35.329929351806641
91879057,2022,2022-09-30,9420,2022-09-27,1745,019868,,2,2,9,1500,0,2,4,,2,062,"ROSEDALE HWY","MOHAWK ST",500.00,E,N,A,-,N,,,,,,,,,,N,4,0,1,2,A,-,03,22350,,N,C,C,A,A,H,-,A,A,0,,,,,Y,,D,22,0,0,1,0,0,0,0,0,0,"- ","- ",35.383460998535156,-119.06362152099609,KERN,UNINCORPORATED,-119.06377410888672,35.383296966552734
91879109,2022,2022-09-30,9420,2022-09-22,2130,017243,,4,2,9,1500,0,1,3,,2,178,SR-178,"ELIZABETH NORRIS RD",2112.00,E,N,A,-,Y,KER,,178,,R,42.215,H,,R,Y,4,0,1,1,C,-,18,,,N,H,H,A,A,H,-,D,D,0,,,,,Y,,-,"- ",0,0,1,0,0,0,0,0,0,"- ","- ",35.619010925292969,-118.48477172851562,KERN,UNINCORPORATED,-118.48481750488281,35.619029998779297
91879139,2022,2022-09-30,9420,2022-09-28,1753,021534,,3,2,9,1500,0,2,4,,1,075,"SOUTH UNION AVE","MING AVE",150.00,S,N,A,-,N,,,,,,,,,,Y,2,0,1,2,A,-,03,22350,,N,C,C,A,A,H,-,A,D,0,,,,,Y,,A,01,1,0,0,0,0,0,0,0,0,"- ","- ",35.338829040527344,-119.00295257568359,KERN,UNINCORPORATED,-119.00309753417969,35.339076995849609
91879152,2022,2022-10-10,9420,2022-09-29,1610,019868,,4,2,9,1500,0,3,5,,2,060,"ALLEN RD","SANTA FE WAY",40.00,N,N,A,-,N,,,,,,,,,,Y,4,0,1,2,A,-,07,21658,A,N,B,C,A,A,H,-,A,A,0,,,,,Y,,-,"- ",0,0,1,0,0,0,0,0,0,"- ","- ",35.397731781005859,-119.14568328857422,KERN,UNINCORPORATED,-119.14588928222656,35.396675109863281
91879218,2022,2022-09-30,9420,2022-08-19,2300,020573,,5,3,9,1500,0,3,5,,2,040,"COLUMBUS STREET","N. KING STREET",0.00,,Y,A,-,N,,,,,,,,,,N,2,0,1,2,A,-,11,21954,A,F,G,B,D,A,H,-,C,D,0,Y,,,,Y,,N,60,1,0,0,0,1,0,0,0,0,"- ","- ",35.397491455078125,-118.98609161376953,KERN,UNINCORPORATED,-118.98597717285156,35.397529602050781
91879289,2022,2022-09-30,9426,2022-09-26,0320,022015,,1,3,9,1500,0,3,5,,2,087,"LAKE RD","HILL RD",739.00,W,N,A,-,N,,,,,,,,,,Y,3,0,1,1,A,-,08,22107,,N,E,I,A,A,H,-,D,D,0,,,,,Y,,A,01,0,1,0,0,0,0,0,0,0,"- ","- ",35.152431488037109,-119.20147705078125,KERN,UNINCORPORATED,-119.20220947265625,35.152118682861328
91880167,2022,2022-10-03,9420,2022-09-20,2205,021761,,2,3,9,1500,0,2,4,,1,071,"OSWELL ST.","OSWELL ST. FRONTAGE RD.",0.00,,Y,A,-,N,,,,,,,,,,Y,3,0,2,1,A,-,08,22107,,N,E,I,A,A,H,-,C,D,0,,,,,Y,Y,A,01,0,2,0,0,0,0,0,0,0,"- ","- ",35.365821838378906,-118.94962310791016,KERN,UNINCORPORATED,-118.94992065429688,35.35418701171875
91880171,2022,2022-10-03,9420,2022-09-25,1940,021534,,7,2,9,1500,0,2,4,,1,077,"S. FAIRFAX ROAD","E. PANAMA LANE",2660.00,N,N,A,-,N,,,,,,,,,,Y,3,0,2,2,A,-,09,21804,A,N,D,C,A,A,H,-,A,D,0,,,,,Y,,D,22,0,2,0,0,0,0,0,0,0,"- ","- ",35.303260803222656,-118.93209075927734,KERN,UNINCORPORATED,-118.93208312988281,35.303287506103516
91880181,2022,2022-10-03,9420,2022-09-28,1500,020672,,3,2,9,1500,0,2,4,,2,074,"PANAMA RD","STOBAUGH ST",0.00,,Y,A,-,N,,,,,,,,,,N,4,0,3,2,A,-,09,21802,A,N,D,C,A,A,H,-,A,A,0,,,,,Y,,D,22,0,0,3,0,0,0,0,0,0,"- ","- ",35.267009735107422,-118.91548919677734,KERN,UNINCORPORATED,-118.91548919677734,35.266975402832031
91880269,2022,2022-10-03,9830,2022-09-21,1505,021851,,3,2,9,1500,0,3,5,,2,003,"ROSAMOND BOULEVARD","35TH STREET WEST",190.00,E,N,A,-,N,,,,,,,,,,Y,4,0,2,3,A,-,04,21703,,N,C,C,A,A,H,-,A,A,0,,,,,Y,,A,01,0,0,2,0,0,0,0,0,0,"- ","- ",34.863948822021484,-118.19287109375,KERN,UNINCORPORATED,-118.19303894042969,34.863910675048828
91880273,2022,2022-10-03,9420,2022-09-22,1742,019686,,4,2,9,1500,0,3,5,,2,671,"DI GIORGIO RD.","WOOD STREET",0.00,,Y,A,-,N,,,,,,,,,,N,4,0,1,2,A,-,03,22350,,N,C,C,A,A,H,-,A,D,0,,,,,Y,,A,01,0,0,1,0,0,0,0,0,0,"- ","- ",35.252429962158203,-118.92433166503906,KERN,UNINCORPORATED,-118.92437744140625,35.252395629882812
91880632,2022,2022-10-03,9420,2022-09-24,1240,019098,,6,1,6,1502,0,1,3,,2,093,"SR-99 S/B","WHITE LANE",1584.00,S,N,A,-,Y,KER,,99,,,20.591,H,,L,Y,4,0,1,2,A,-,03,22350,,N,C,C,A,A,D,E,A,B,0,,,,,Y,,-,"- ",0,0,1,0,0,0,0,0,0,"- ","- ",35.310710906982422,-119.03446960449219,KERN,BAKERSFIELD,-119.03455352783203,35.310695648193359
91880769,2022,2022-10-03,9430,2022-09-23,1520,019845,,5,2,9,1500,0,1,1,,2,055,"I-5 SOUTHBOUND","FORT TEJON ROAD O/C",150.00,N,N,A,-,Y,KER,,5,,,5.077,H,,L,N,4,0,3,3,D,-,00,,,N,C,C,A,A,H,-,A,D,0,,,,,Y,,-,"- ",0,0,3,0,0,0,0,0,0,"- ","- ",34.877460479736328,-118.89556884765625,KERN,UNINCORPORATED,-118.89566802978516,34.877368927001953
91881390,2022,2022-10-04,9426,2022-10-01,1430,017254,,6,2,9,1500,0,1,3,,1,460,SR-46,"FARNSWORTH AVE",0.00,,Y,A,-,Y,KER,,46,,,30.222,H,,R,Y,3,0,2,2,A,-,09,21802,A,N,D,3,A,A,D,-,A,A,0,,,,,Y,,A,01,0,2,0,0,0,0,0,0,0,"- ","- ",35.616230010986328,-119.69422912597656,KERN,UNINCORPORATED,-119.69422912597656,35.616065979003906
91881405,2022,2022-10-04,9420,2022-09-22,1402,019316,,4,2,6,1502,0,1,3,,2,092,SR-99,"CALIFORNIA AVENUE",550.00,N,N,A,-,Y,KER,,99,,,24.740,H,,R,Y,3,0,3,2,A,-,07,21658,A,N,B,2,A,A,H,-,A,D,0,,,,,Y,,D,22,0,1,2,0,0,0,0,0,0,"- ","- ",35.370098114013672,-119.04248046875,KERN,BAKERSFIELD,-119.04253387451172,35.370082855224609
91881465,2022,2022-10-04,9420,2022-09-16,1542,019353,,5,2,9,1500,0,3,5,,2,530,"7TH STANDARD ROAD","COFFEE ROAD",500.00,E,N,A,-,N,,,,,,,,,,Y,3,0,1,3,A,-,03,22350,,N,C,C,A,A,H,-,A,D,0,,,,,Y,,A,01,0,1,0,0,0,0,0,0,0,"- ","- ",35.441051483154297,-119.08818817138672,KERN,UNINCORPORATED,-119.09053039550781,35.441070556640625
91881486,2022,2022-10-04,9420,2022-09-18,0955,019140,,7,1,9,1500,0,2,4,,2,031,"LAKE ISABELLA BOULEVARD","NUGGET AVENUE",800.00,N,N,A,-,N,,,,,,,,,,N,3,0,1,1,A,-,16,24002,A,N,F,A,A,A,H,-,A,D,0,,,Y,,Y,,C,02,0,1,0,0,0,0,0,0,1,"- ","- ",35.612888336181641,-118.47325897216797,KERN,UNINCORPORATED,-118.47403717041016,35.627285003662109
91881490,2022,2022-10-04,9426,2022-10-01,1545,017254,,6,2,9,1500,0,1,3,,2,331,SR-33,"LERDO HWY",5280.00,N,N,A,-,Y,KER,,33,,,50.171,H,,R,N,4,0,2,1,A,-,08,22107,,N,E,J,A,A,H,-,A,D,0,,,,,Y,,A,01,0,0,2,0,0,0,0,0,0,"- ","- ",35.510368347167969,-119.74754333496094,KERN,UNINCORPORATED,-119.74781036376953,35.510234832763672
91881495,2022,2022-10-04,9420,2022-09-26,1325,019686,,1,1,9,1500,0,1,3,,2,430,SR-43,"GARCES HIGHWAY",0.00,,Y,A,-,Y,KER,,43,,,36.669,H,,R,N,4,0,1,2,A,-,09,21802,A,N,D,C,A,A,H,-,A,A,0,,,,,Y,,A,01,0,0,1,0,0,0,0,0,0,"- ","- ",35.761199951171875,-119.34442138671875,KERN,UNINCORPORATED,-119.34443664550781,35.761196136474609
91881508,2022,2022-10-04,9830,2022-09-29,1930,019400,,4,2,9,1500,0,3,5,,2,004,"NEURALIA RD","PHILLIPS RD",13200.00,N,N,A,-,N,,,,,,,,,,N,3,0,2,3,A,-,03,22350,,F,E,J,E,A,H,-,D,D,0,Y,,,,Y,,-,99,0,2,0,0,2,0,0,0,0,"- ","- ",35.235591888427734,-117.98592376708984,KERN,UNINCORPORATED,-117.98591613769531,35.234954833984375
91881589,2022,2022-10-04,9420,2022-09-26,1730,020451,,1,2,6,1502,0,1,3,,2,093,"SR-99 S/B","PALM ST.",528.00,N,N,A,-,Y,KER,,99,,,24.266,H,,L,N,4,0,1,2,A,-,03,22350,,N,C,C,A,A,H,-,A,D,0,,,,,Y,,A,01,0,0,1,0,0,0,0,0,0,"- ","- ",35.363548278808594,-119.04006958007812,KERN,BAKERSFIELD,-119.04000854492188,35.363559722900391