CASE_ID,ACCIDENT_YEAR,PROC_DATE,JURIS,COLLISION_DATE,COLLISION_TIME,OFFICER_ID,REPORTING_DISTRICT,DAY_OF_WEEK,CHP_SHIFT,POPULATION,CNTY_CITY_LOC,SPECIAL_COND,BEAT_TYPE,CHP_BEAT_TYPE,CITY_DIVISION_LAPD,CHP_BEAT_CLASS,BEAT_NUMBER,PRIMARY_RD,SECONDARY_RD,DISTANCE,DIRECTION,INTERSECTION,WEATHER_1,WEATHER_2,STATE_HWY_IND,CALTRANS_COUNTY,CALTRANS_DISTRICT,STATE_ROUTE,ROUTE_SUFFIX,POSTMILE_PREFIX,POSTMILE,LOCATION_TYPE,RAMP_INTERSECTION,SIDE_OF_HWY,TOW_AWAY,COLLISION_SEVERITY,NUMBER_KILLED,NUMBER_INJURED,PARTY_COUNT,PRIMARY_COLL_FACTOR,PCF_CODE_OF_VIOL,PCF_VIOL_CATEGORY,PCF_VIOLATION,PCF_VIOL_SUBSECTION,HIT_AND_RUN,TYPE_OF_COLLISION,MVIW,PED_ACTION,ROAD_SURFACE,ROAD_COND_1,ROAD_COND_2,LIGHTING,CONTROL_DEVICE,CHP_ROAD_TYPE,PEDESTRIAN_ACCIDENT,BICYCLE_ACCIDENT,MOTORCYCLE_ACCIDENT,TRUCK_ACCIDENT,NOT_PRIVATE_PROPERTY,ALCOHOL_INVOLVED,STWD_VEHTYPE_AT_FAULT,CHP_VEHTYPE_AT_FAULT,COUNT_SEVERE_INJ,COUNT_VISIBLE_INJ,COUNT_COMPLAINT_PAIN,COUNT_PED_KILLED,COUNT_PED_INJURED,COUNT_BICYCLIST_KILLED,COUNT_BICYCLIST_INJURED,COUNT_MC_KILLED,COUNT_MC_INJURED,PRIMARY_RAMP,SECONDARY_RAMP,LATITUDE,LONGITUDE,COUNTY,CITY,POINT_X,POINT_Y
91888447,2022,2022-10-12,9420,2022-10-10,0715,013851,,1,1,9,1500,0,2,4,,1,064,"OLIVE DRIVE","OAKLEAF STREET",128.00,E,N,A,-,N,,,,,,,,,,Y,4,0,1,2,A,-,03,22350,,N,C,C,A,A,H,-,A,D,0,,,,,Y,,A,07,0,0,1,0,0,0,0,0,0,"- ","- ",35.412311553955078,-119.07164001464844,KERN,UNINCORPORATED,-119.07180023193359,35.412330627441406
91888460,2022,2022-10-12,9420,2022-10-10,0900,013851,,1,1,6,1502,0,1,3,,2,094,"SR-99 NORTHBOUND","PANAMA LANE",2640.00,N,N,A,-,Y,KER,,99,,,20.008,H,,R,Y,4,0,1,3,A,-,03,22350,,N,C,C,A,A,D,-,A,D,0,,,,,Y,,D,22,0,0,1,0,0,0,0,0,0,"- ","- ",35.302471160888672,-119.0322265625,KERN,BAKERSFIELD,-119.03212738037109,35.302486419677734
91888468,2022,2022-10-12,9420,2022-10-11,0755,013851,,2,1,6,1502,0,1,3,,2,094,"SR-99 NORTHBOUND","PLANZ ROAD",387.00,S,N,A,-,Y,KER,,99,,,21.522,H,,R,Y,4,0,1,3,A,-,03,22350,,N,C,C,A,A,D,-,A,D,0,,,,,Y,,A,01,0,0,1,0,0,0,0,0,0,"- ","- ",35.323909759521484,-119.0377197265625,KERN,BAKERSFIELD,-119.0377197265625,35.323909759521484
91888575,2022,2022-10-12,9426,2022-10-07,0625,021948,,5,1,9,1500,0,3,5,,2,085,"HOLLOWAY RD","G P ROAD",1250.00,N,N,A,-,N,,,,,,,,,,Y,3,0,2,3,A,-,08,22107,,N,B,C,A,A,H,-,B,D,0,,,,,Y,,-,"- ",0,2,0,0,0,0,0,0,0,"- ","- ",35.647628784179688,-119.7646484375,KERN,UNINCORPORATED,-119.76459503173828,35.647567749023438
91888595,2022,2022-10-12,9420,2022-10-06,1535,019868,,4,2,9,1500,0,2,4,,1,071,"MT VERNON AVE","PACIFIC ST",0.00,,Y,A,-,N,,,,,,,,,,N,4,0,2,2,A,-,09,21802,A,N,D,C,A,A,H,-,A,A,0,,,,,Y,,A,01,0,0,2,0,0,0,0,0,0,"- ","- ",35.378608703613281,-118.96749877929688,KERN,UNINCORPORATED,-118.96755218505859,35.378612518310547
91888737,2022,2022-10-12,9426,2022-09-10,1336,019442,,6,1,9,1500,0,1,1,,2,500,"INTERSTATE 5 SOUTHBOUND","STATE ROUTE 46",10032.00,N,N,A,-,Y,KER,,5,,,74.952,H,,L,Y,1,1,1,1,A,-,08,22107,,N,F,A,A,A,H,-,A,D,0,,,,,Y,Y,A,07,1,0,0,0,0,0,0,0,0,"- ","- ",35.640121459960938,-119.67122650146484,KERN,UNINCORPORATED,-119.67123413085938,35.640117645263672
91889150,2022,2022-10-13,9420,2022-10-02,0235,021601,,7,3,9,1500,0,2,4,,1,071,"OSWELL STREET","EDISON HIGHWAY",634.00,S,N,A,-,N,,,,,,,,,,Y,3,0,1,1,A,-,01,23152,A,N,E,I,A,A,H,-,C,A,0,,,,,Y,Y,A,01,0,1,0,0,0,0,0,0,0,"- ","- ",35.364990234375,-118.94973754882812,KERN,UNINCORPORATED,-118.95015716552734,35.366569519042969
91889151,2022,2022-10-13,9420,2022-10-07,0340,021596,,5,3,6,1502,0,1,3,,2,095,"SR-99 SOUTHBOUND","SR-119 (TAFT HIGHWAY)",418.00,N,N,A,-,Y,KER,,99,,,17.600,H,,L,Y,3,0,2,1,A,-,01,23152,A,N,F,0,A,A,H,-,C,D,0,,,,,Y,Y,D,22,0,2,0,0,0,0,0,0,0,"- ","- ",35.268260955810547,-119.0235595703125,KERN,BAKERSFIELD,-119.02342224121094,35.268283843994141
91889227,2022,2022-10-13,9830,2022-10-05,0045,021751,,3,3,9,1500,0,1,3,,2,030,"STATE ROUTE 14 NORTHBOUND","DAWN ROAD",2112.00,N,N,A,-,Y,KER,,14,,R,6.899,H,,R,Y,4,0,1,3,A,-,03,22350,,N,C,C,A,A,H,-,D,D,0,,,,Y,Y,,A,01,0,0,1,0,0,0,0,0,0,"- ","- ",34.919460296630859,-118.16336822509766,KERN,UNINCORPORATED,-118.16342163085938,34.919464111328125
91889281,2022,2022-10-13,9420,2022-09-29,1715,018481,,4,2,9,1500,0,1,3,,2,430,SR-43,"WASCO AVE.",0.00,,Y,A,-,Y,KER,,43,,R,21.274,H,,R,Y,4,0,2,2,A,-,09,21802,A,N,D,C,A,A,H,-,A,D,0,,,,,Y,,A,01,0,0,2,0,0,0,0,0,0,"- ","- ",35.545829772949219,-119.33110809326172,KERN,UNINCORPORATED,-119.3310546875,35.545856475830078
91889285,2022,2022-10-13,9420,2022-09-30,1505,018481,,5,2,9,1500,0,3,5,,2,510,"CECIL AVE.","ZACHARY AVE.",0.00,,Y,A,-,N,,,,,,,,,,Y,4,0,1,2,A,-,09,21801,A,N,D,C,A,A,H,-,A,D,0,,,,,Y,,D,22,0,0,1,0,0,0,0,0,0,"- ","- ",35.77593994140625,-119.18769836425781,KERN,UNINCORPORATED,-119.18748474121094,35.775928497314453
91889434,2022,2022-10-13,9426,2022-10-01,2230,018932,,6,3,9,1500,0,1,3,,2,331,SR-33,"LERDO HIGHWAY",12144.00,N,N,A,-,Y,KER,,33,,,51.583,H,,R,N,2,0,1,1,A,-,08,22107,,N,F,A,A,A,H,-,D,D,0,,,Y,,Y,,C,02,1,0,0,0,0,0,0,0,1,"- ","- ",35.527870178222656,-119.76049041748047,KERN,UNINCORPORATED,-119.76056671142578,35.527812957763672
91889474,2022,2022-10-13,9426,2022-10-06,0040,016579,,4,3,9,1500,0,1,1,,2,502,"I-5 S/B","MERCED AVE",1584.00,N,N,A,-,N,,,,,,,,,,Y,3,0,2,2,A,-,01,23152,A,N,B,C,A,A,H,-,D,D,0,,,,,Y,Y,A,01,0,1,1,0,0,0,0,0,0,"- ","- ",35.532268524169922,-119.57034301757812,KERN,UNINCORPORATED,-119.57028961181641,35.532325744628906
91889495,2022,2022-10-13,9420,2022-10-05,1733,019353,,3,2,6,1502,0,1,3,,2,092,"SR-99 N/B","OLIVE DRIVE",300.00,S,N,A,-,Y,KER,,99,,,27.657,H,,R,N,3,0,2,2,A,-,03,22350,,N,C,C,A,A,H,-,A,D,0,,,,,Y,,A,01,0,2,0,0,0,0,0,0,0,"- ","- ",35.410190582275391,-119.05220031738281,KERN,BAKERSFIELD,-119.05231475830078,35.410102844238281
91889555,2022,2022-10-13,9420,2022-09-30,1610,018481,,5,2,9,1500,0,3,5,,2,510,"COUNTY LINE RD.","PANDOL RD.",500.00,E,N,A,-,N,,,,,,,,,,Y,3,0,1,2,A,-,09,21804,A,F,D,C,A,A,H,-,A,D,0,,,,,Y,,-,99,0,1,0,0,0,0,0,0,0,"- ","- ",35.790069580078125,-119.13134002685547,KERN,UNINCORPORATED,-119.13240814208984,35.790725708007812
91889588,2022,2022-10-13,9420,2022-06-23,1827,017243,,4,2,9,1500,0,1,3,,2,178,"STATE ROUTE 178","DEMOCRAT ROAD",29568.00,W,N,A,-,Y,KER,,178,,,21.031,H,,R,Y,1,1,0,2,A,-,05,21460,A,N,B,C,A,A,H,-,A,D,0,,,Y,,Y,,C,02,0,0,0,0,0,0,0,1,0,"- ","- ",35.476791381835938,-118.71150970458984,KERN,UNINCORPORATED,-118.7115478515625,35.476814270019531
91889688,2022,2022-10-13,9420,2022-09-30,1155,018626,,5,1,9,1500,0,2,4,,1,051,"MANOR STREET","EAST NORRIS ROAD",0.00,,Y,A,-,N,,,,,,,,,,Y,4,0,1,2,A,-,12,21453,A,N,D,C,A,A,H,-,A,A,0,,,,Y,Y,,E,22,0,0,1,0,0,0,0,0,0,"- ","- ",35.41973876953125,-119.01275634765625,KERN,UNINCORPORATED,-119.01285552978516,35.419715881347656
91889697,2022,2022-10-13,9426,2022-09-30,2203,018919,,5,3,9,1500,0,1,3,,1,460,"CORCORAN RD","MCCOMBS AVE",11616.00,N,N,A,-,N,,,,,,,,,,Y,2,0,3,3,A,-,02,22400,A,N,C,C,A,A,H,-,D,D,0,,,Y,Y,Y,,C,02,2,0,1,0,0,0,0,0,1,"- ","- ",35.651660919189453,-119.58003234863281,KERN,UNINCORPORATED,-119.580078125,35.647594451904297
91890267,2022,2022-10-14,9420,2022-10-05,1530,021144,,3,2,9,1500,0,2,4,,1,076,"S. DR. MARTIN LUTHER KING, JR BLVD.","E. BELLE TERRACE",0.00,,Y,A,-,N,,,,,,,,,,N,2,0,1,2,A,-,12,21453,A,F,D,C,A,A,H,-,A,A,0,,,Y,,Y,,-,99,1,0,0,0,0,0,0,0,1,"- ","- ",35.346660614013672,-118.98513793945312,KERN,UNINCORPORATED,-118.98545074462891,35.346698760986328
91890495,2022,2022-10-14,9430,2022-10-10,2320,017152,,1,3,9,1500,0,1,1,,2,052,"I-5 N/B","TEJON ROAD O/C",230.00,S,N,A,-,Y,KER,,5,,,4.984,H,,R,Y,4,0,1,1,A,-,08,22107,,N,E,I,A,A,H,-,C,D,0,,,,,Y,,-,"- ",0,0,1,0,0,0,0,0,0,"- ","- ",34.876701354980469,-118.89421844482422,KERN,UNINCORPORATED,-118.89430999755859,34.876621246337891
91890996,2022,2022-10-17,9830,2022-10-09,1733,022181,,7,2,9,1500,0,2,4,,1,034,"ROSAMOND BLVD","B STREET",0.00,,Y,A,-,N,,,,,,,,,,N,4,0,1,2,A,-,08,22107,,N,D,C,A,A,H,-,A,A,0,,,,,Y,,A,01,0,0,1,0,0,0,0,0,0,"- ","- ",34.864269256591797,-118.16905212402344,KERN,UNINCORPORATED,-118.1690673828125,34.864307403564453
91891163,2022,2022-10-17,9426,2022-09-29,0625,014887,,4,1,9,1500,0,1,3,,2,330,"KIMBERLINA RD","CENTRAL AVE",195.00,E,N,A,-,N,,,,,,,,,,Y,2,0,2,2,A,-,05,21650,,N,A,C,A,A,H,-,B,D,0,,,,,Y,,A,07,2,0,0,0,0,0,0,0,0,"- ","- ",38.557979583740234,-119.35780334472656,KERN,UNINCORPORATED,-119.35779571533203,35.557971954345703
91891166,2022,2022-10-17,9426,2022-10-10,0222,021365,,1,3,9,1500,0,1,1,,2,502,"I-5 S/B","LERDO HIGHWAY",3590.00,S,N,A,-,Y,KER,,5,,,61.936,H,,L,Y,4,0,1,1,A,-,01,23152,A,N,E,8,A,A,H,-,D,D,0,,,,,Y,Y,A,01,0,0,1,0,0,0,0,0,0,"- ","- ",35.493000030517578,-119.52742767333984,KERN,UNINCORPORATED,-119.52721405029297,35.493194580078125
91891201,2022,2022-10-17,9426,2022-10-04,1550,021948,,2,2,9,1500,0,1,3,,2,432,SR-43,"PANAMA LN",4171.00,N,N,A,-,Y,KER,,43,,,2.898,H,,R,N,4,0,1,1,C,-,18,,,N,E,I,A,A,H,-,A,D,0,,,,Y,Y,,-,"- ",0,0,1,0,0,0,0,0,0,"- ","- ",35.307819366455078,-119.25229644775391,KERN,UNINCORPORATED,-119.25245666503906,35.307819366455078
91891385,2022,2022-10-17,9420,2022-10-01,2300,021667,,6,3,9,1500,0,1,3,,2,097,"SR-99, S/B","HERRING ROAD",300.00,N,N,A,-,Y,KER,,99,,,9.331,H,,L,N,3,0,1,2,A,-,03,22350,,N,C,C,A,A,H,-,A,D,0,,,Y,,Y,,A,01,0,1,0,0,0,0,0,0,1,"- ","- ",35.150611877441406,-118.99742889404297,KERN,UNINCORPORATED,-118.99746704101562,35.150600433349609
91891387,2022,2022-10-17,9420,2022-10-04,0205,021667,,2,3,9,1500,0,3,5,,2,060,"VICTOR STREET","OLIVE DRIVE",825.00,N,N,A,-,Y,,,,,,,,,,N,2,0,1,2,A,-,08,22107,,N,C,E,A,A,H,-,C,D,0,,,,,Y,,A,01,1,0,0,0,0,0,0,0,0,"- ","- ",35.414710998535156,-119.06243133544922,KERN,UNINCORPORATED,-119.06230926513672,35.414554595947266
91891396,2022,2022-10-17,9420,2022-10-07,0919,019735,,5,1,9,1500,0,3,5,,2,070,"ASH DRIVE","PACIFIC DRIVE",50.00,S,N,A,-,N,,,,,,,,,,N,3,0,1,2,A,-,08,22107,,F,G,B,E,A,H,-,A,D,0,Y,,,,Y,,N,60,0,1,0,0,1,0,0,0,0,"- ","- ",35.378009796142578,-118.96575164794922,KERN,UNINCORPORATED,-118.96566772460938,35.378009796142578
91891397,2022,2022-10-17,9830,2022-10-12,1300,020524,,3,1,9,1500,0,3,5,,2,003,"60TH STREET WEST","HOLIDAY AVENUE",0.00,,Y,A,-,N,,,,,,,,,,N,3,0,2,2,A,-,09,21802,A,N,D,C,A,A,H,-,A,A,0,,,,,Y,,A,07,0,1,1,0,0,0,0,0,0,"- ","- ",34.849151611328125,-118.23795318603516,KERN,UNINCORPORATED,-118.2379150390625,34.849159240722656
91891402,2022,2022-10-17,9830,2022-10-10,0325,021851,,1,3,9,1500,0,1,2,,1,053,"US-395 S/B","SR-14 N/B OVERPASS",360.00,S,N,A,-,Y,KER,,395,,R,29.543,H,,L,Y,4,0,1,1,A,-,08,22107,,N,F,A,A,A,H,-,C,D,0,,,,,Y,,D,22,0,0,1,0,0,0,0,0,0,"- ","- ",35.693550109863281,-117.86620330810547,KERN,UNINCORPORATED,-117.86620330810547,35.69354248046875
91891405,2022,2022-10-17,9420,2022-10-07,1815,021983,,5,2,9,1500,0,3,5,,2,070,"HALEY ST","CUNHA ST",35.00,S,N,A,-,N,,,,,,,,,,N,4,0,2,2,A,-,08,22107,,N,D,C,A,A,H,-,A,D,0,,,,,Y,,D,22,0,0,2,0,0,0,0,0,0,"- ","- ",35.390209197998047,-118.976318359375,KERN,UNINCORPORATED,-118.9764404296875,35.390167236328125
91891526,2022,2022-10-17,9420,2022-10-05,1440,018481,,3,2,9,1500,0,1,3,,2,090,"SR-99 N/B","POND RD.",2640.00,S,N,A,-,Y,KER,,99,,,51.764,H,,R,Y,4,0,1,1,A,-,08,22107,,N,E,I,A,A,H,-,A,D,0,,,,,Y,,A,01,0,0,1,0,0,0,0,0,0,"- ","- ",35.708469390869141,-119.23403167724609,KERN,UNINCORPORATED,-119.234130859375,35.708454132080078
91891635,2022,2022-10-17,9420,2022-10-06,1805,021134,,4,2,9,1500,0,3,5,,2,672,"DI GIORGIO RD","S. UNION AVE.",2300.00,E,N,A,-,N,,,,,,,,,,Y,4,0,1,2,A,-,03,22350,,N,C,C,A,A,H,-,A,D,0,,,,,Y,,D,22,0,0,1,0,0,0,0,0,0,"- ","- ",35.252178192138672,-118.99501800537109,KERN,UNINCORPORATED,-118.99530792236328,35.252285003662109
91891643,2022,2022-10-17,9420,2022-10-06,2105,021134,,4,2,9,1500,0,1,3,,1,184,SR-184,"DI GIORGIO RD",0.00,,Y,A,-,Y,KER,,184,,,1.007,H,,R,N,4,0,1,2,A,-,09,21801,A,N,D,C,A,A,H,-,C,A,0,,,,,Y,,A,01,0,0,1,0,0,0,0,0,0,"- ","- ",35.25244140625,-118.91438293457031,KERN,UNINCORPORATED,-118.91438293457031,35.25244140625
91891980,2022,2022-10-17,9420,2022-10-10,1425,021895,,1,2,6,1502,0,1,3,,2,584,"SR-58 W/B","H ST",500.00,W,N,A,-,Y,,,,,,,,,,Y,4,0,2,3,A,-,03,22350,,N,C,C,A,A,H,-,A,D,0,,,,,Y,,A,01,0,0,2,0,0,0,0,0,0,"- ","- ",,,KERN,BAKERSFIELD,-119.02288055419922,35.35272216796875
91892697,2022,2022-10-18,9420,2022-10-03,1545,018481,,1,2,9,1500,0,2,4,,1,075,"S. UNION AVE.","SHAFTER RD.",500.00,N,N,A,-,N,,,,,,,,,,Y,2,0,1,1,A,-,08,22107,,N,F,A,A,A,H,-,A,D,0,,,Y,,Y,,C,02,1,0,0,0,0,0,0,0,1,"- ","- ",35.226268768310547,-119.00299835205078,KERN,UNINCORPORATED,-119.00308227539062,35.224521636962891
91892715,2022,2022-10-18,9426,2022-10-11,1530,021948,,2,2,9,1500,0,1,1,,2,504,"I-5 N/B","STOCKDALE HWY",4910.00,S,N,A,-,Y,KER,,5,,,46.601,H,,R,Y,3,0,1,2,A,-,03,22350,,N,C,C,A,A,H,-,A,D,0,,,,Y,Y,,A,01,0,1,0,0,0,0,0,0,0,"- ","- ",35.346019744873047,-119.3231201171875,KERN,UNINCORPORATED,-119.32311248779297,35.346023559570312
91892755,2022,2022-10-18,9420,2022-10-06,1537,019353,,4,2,6,1502,0,1,3,,2,094,"SR-99 N/B","PACHECO ROAD",300.00,N,N,A,-,Y,KER,,99,,,20.555,H,,R,N,3,0,2,3,A,-,03,22350,,N,C,C,A,A,D,-,A,D,0,,,,,Y,,A,01,0,2,0,0,0,0,0,0,0,"- ","- ",35.310268402099609,-119.03388214111328,KERN,BAKERSFIELD,-119.03414916992188,35.310222625732422
91892958,2022,2022-10-18,9426,2022-10-14,1355,017254,,5,1,9,1500,0,1,1,,2,504,"I-5 SOUTHBOUND",SR-58,1056.00,S,N,A,-,Y,KER,,5,,,51.565,H,,L,Y,4,0,1,2,A,-,03,22350,,N,C,C,A,A,H,-,A,D,0,,,,,Y,,D,22,0,0,1,0,0,0,0,0,0,"- ","- ",35.393348693847656,-119.38983917236328,KERN,UNINCORPORATED,-119.38991546630859,35.393280029296875
91893048,2022,2022-10-18,9420,2022-10-12,0340,021140,,3,3,9,1500,0,2,4,,1,077,SR-223,"S. FAIRFAX RD.",0.00,,Y,A,-,N,,,,,,,,,,Y,4,0,2,1,A,-,12,22450,A,N,E,J,A,A,H,-,D,A,0,,,,,Y,,A,01,0,0,2,0,0,0,0,0,0,"- ","- ",35.208629608154297,-118.93225860595703,KERN,UNINCORPORATED,-118.93219757080078,35.208667755126953
91893062,2022,2022-10-18,9420,2022-08-15,0722,019311,,1,1,9,1500,0,1,3,,1,119,"SR-119 (TAFT HIGHWAY)","BUENA VISTA ROAD",0.00,,Y,A,-,Y,KER,,119,,,25.260,H,,R,Y,1,1,1,2,A,-,09,21802,A,N,D,C,A,A,H,-,A,A,0,,,,Y,Y,,D,22,0,1,0,0,0,0,0,0,0,"- ","- ",35.267261505126953,-119.12834167480469,KERN,UNINCORPORATED,-119.12834167480469,35.267234802246094
91893081,2022,2022-10-18,9420,2022-10-14,0355,021596,,5,3,6,1502,0,1,3,,2,094,"SR-99 N/B","PANAMA LN",160.00,N,N,A,-,Y,,,,,,,,,,Y,3,0,1,1,C,-,18,,,N,E,J,A,A,H,-,C,D,0,,,Y,,Y,,-,"- ",0,1,0,0,0,0,0,0,1,"- ","- ",35.29656982421875,-119.03021240234375,KERN,BAKERSFIELD,-119.03055572509766,35.296474456787109
91893879,2022,2022-10-19,9420,2022-10-13,0820,016229,,4,1,4,1503,0,1,3,,2,090,"SR-155(GARCES HIGHWAY)","ZACHARY AVENUE",1320.00,E,N,B,-,Y,KER,,155,,R,4.099,H,,R,Y,4,0,2,2,A,-,03,22350,,F,C,C,A,A,H,-,A,D,0,,,,,Y,,A,01,0,0,2,0,0,0,0,0,0,"- ","- ",35.761478424072266,-119.17626190185547,KERN,DELANO,-119.17626190185547,35.761516571044922
91893883,2022,2022-10-19,9420,2022-10-11,0345,019598,,2,3,9,1500,0,3,5,,2,672,"CALIENTE BODFISH ROAD","CALIENTE CREEK ROAD",16896.00,N,N,A,-,N,,,,,,,,,,Y,3,0,2,1,A,-,08,22107,,N,E,I,A,A,H,-,D,D,0,,,,,Y,,A,01,0,1,1,0,0,0,0,0,0,"- ","- ",35.331218719482422,-118.58680725097656,KERN,UNINCORPORATED,-118.58688354492188,35.331390380859375
91895079,2022,2022-10-20,9420,2022-10-08,0140,021572,,6,3,9,1500,0,3,5,,2,050,"WOODROW AVENUE","SEQUOIA DR",50.00,W,N,A,-,N,,,,,,,,,,N,3,0,1,1,A,-,08,22107,,N,F,A,A,A,H,-,C,D,0,,,,,Y,Y,-,99,0,1,0,0,0,0,0,0,0,"- ","- ",35.416370391845703,-119.03469848632812,KERN,UNINCORPORATED,-119.03461456298828,35.416370391845703
91895310,2022,2022-10-20,9420,2022-10-17,1345,021134,,1,1,9,1500,0,3,5,,2,671,"DI GIORGIO RD","SAN DIEGO ST",15.00,W,N,A,-,N,,,,,,,,,,N,4,0,1,2,A,-,03,22350,,M,C,C,A,A,H,-,A,D,0,,,,,Y,,-,99,0,0,1,0,0,0,0,0,0,"- ","- ",35.252399444580078,-118.91896820068359,KERN,UNINCORPORATED,-118.91887664794922,35.252391815185547
91895373,2022,2022-10-20,9420,2022-10-19,0020,019598,,3,3,9,1500,0,3,5,,2,040,"RIVER BOULEVARD","BERNARD STREET",35.00,N,N,A,-,N,,,,,,,,,,Y,4,0,1,1,A,-,01,23152,A,N,E,I,A,A,H,-,C,D,0,,,,,Y,Y,A,01,0,0,1,0,0,0,0,0,0,"- ","- ",35.390579223632812,-118.98516845703125,KERN,UNINCORPORATED,-118.98501586914062,35.3905029296875
91895438,2022,2022-10-20,9420,2022-10-16,1525,021895,,7,2,9,1500,0,1,3,,1,184,SR-184,"BRUNDAGE LANE",200.00,S,N,A,-,N,,,,,,,,,,N,4,0,2,2,A,-,09,21802,A,N,D,C,A,A,H,-,A,A,0,,,,,Y,,A,01,0,0,2,0,0,0,0,0,0,"- ","- ",35.353401184082031,-118.91409301757812,KERN,UNINCORPORATED,-118.91419982910156,35.353401184082031
91895515,2022,2022-10-20,9426,2022-10-19,0127,018919,,3,3,9,1500,0,1,3,,1,460,SR-46,"ANNETTE RD",3168.00,E,N,A,-,Y,KER,,46,,,3.983,H,,R,Y,2,0,1,1,A,-,01,23152,A,N,F,A,A,A,H,-,D,D,0,,,,,Y,Y,-,"- ",1,0,0,0,0,0,0,0,0,"- ","- ",35.695590972900391,-120.13371276855469,KERN,UNINCORPORATED,-120.13368988037109,35.69561767578125
91896025,2022,2022-10-21,9420,2022-10-08,1745,021983,,6,2,9,1500,0,3,5,,2,070,"COLLEGE AVE","MANLEY AVE",0.00,,Y,A,-,N,,,,,,,,,,Y,2,0,3,2,A,-,01,23152,A,N,D,C,A,A,H,-,A,D,0,,,,,Y,Y,A,01,1,1,1,0,0,0,0,0,0,"- ","- ",35.383121490478516,-118.96253967285156,KERN,UNINCORPORATED,-118.96250915527344,35.383041381835938
91896067,2022,2022-10-21,9830,2022-10-19,1920,019400,,3,2,9,1500,0,2,4,,1,034,"ROSAMOND BOULEVARD","B STREET",0.00,,Y,A,-,N,,,,,,,,,,N,4,0,1,2,A,-,03,22350,,N,C,C,A,A,H,-,C,D,0,,,,,Y,,A,07,0,0,1,0,0,0,0,0,0,"- ","- ",34.864269256591797,-118.16909790039062,KERN,UNINCORPORATED,-118.1690673828125,34.864307403564453
91896155,2022,2022-10-21,9830,2022-10-09,0930,019872,,7,1,9,1500,0,1,3,,1,031,"SR-14 N/B","HIGHWAY 58",30.00,S,N,A,-,Y,KER,,14,,L,16.080,H,,R,N,4,0,1,2,A,-,03,22350,,M,C,C,A,A,H,-,A,A,0,,,,,Y,,E,22,0,0,1,0,0,0,0,0,0,"- ","- ",35.047798156738281,-118.17214202880859,KERN,UNINCORPORATED,-118.17211151123047,35.047805786132812
91896185,2022,2022-12-16,9420,2022-10-12,0450,019903,,3,3,9,1500,0,2,4,,1,052,"E. ROBERTS LANE","WISTERIA STREET",305.00,E,N,A,-,N,,,,,,,,,,Y,4,0,1,2,A,-,08,22107,,N,B,E,A,A,H,-,D,D,0,,,,,Y,,A,07,0,0,1,0,0,0,0,0,0,"- ","- ",35.408729553222656,-119.01770782470703,KERN,UNINCORPORATED,-119.01776123046875,35.408649444580078
91896329,2022,2022-10-21,9420,2022-10-13,2145,019903,,4,2,9,1500,0,3,5,,2,520,"ELMO HWY","DAVIS AVENUE",634.00,E,N,A,-,N,,,,,,,,,,Y,4,0,1,2,A,-,01,23152,A,M,B,G,A,A,H,-,D,D,0,,,,,Y,Y,D,22,0,0,1,0,0,0,0,0,0,"- ","- ",35.689159393310547,-119.22971343994141,KERN,UNINCORPORATED,-119.22987365722656,35.689128875732422
91896456,2022,2022-10-21,9420,2022-10-13,1529,021983,,4,2,9,1500,0,1,3,,1,184,SR-184,"NILES ST",365.00,S,N,A,-,N,,,,,,,,,,N,4,0,2,2,A,-,09,21801,A,N,D,C,A,A,H,-,A,D,0,,,,,Y,,A,07,0,0,2,0,0,0,0,0,0,"- ","- ",35.375068664550781,-118.91380310058594,KERN,UNINCORPORATED,-118.91423034667969,35.375068664550781
91896491,2022,2022-10-21,9420,2022-10-14,1425,021915,,5,2,9,1500,0,1,3,,2,155,SR-155,"CYPRESS LANE",50.00,E,N,A,-,Y,KER,,155,,,65.096,H,,R,N,3,0,2,1,A,-,03,22350,,N,F,A,A,A,H,-,A,D,0,,,Y,,Y,,C,02,0,1,1,0,0,0,0,0,2,"- ","- ",35.698280334472656,-118.46233367919922,KERN,UNINCORPORATED,-118.46235656738281,35.698307037353516
91896498,2022,2022-10-21,9420,2022-10-17,1415,020163,,1,2,9,1500,0,3,5,,2,070,"FAIRFAX FRONTAGE RD EAST","EDISON HWY.",475.00,S,N,A,-,N,,,,,,,,,,Y,3,0,1,2,A,-,08,22107,,N,B,C,A,A,H,-,A,D,0,,,,,Y,,A,01,0,1,0,0,0,0,0,0,0,"- ","- ",35.361278533935547,-118.93192291259766,KERN,UNINCORPORATED,-118.931425,35.361055999999998