CASE_ID,ACCIDENT_YEAR,PROC_DATE,JURIS,COLLISION_DATE,COLLISION_TIME,OFFICER_ID,REPORTING_DISTRICT,DAY_OF_WEEK,CHP_SHIFT,POPULATION,CNTY_CITY_LOC,SPECIAL_COND,BEAT_TYPE,CHP_BEAT_TYPE,CITY_DIVISION_LAPD,CHP_BEAT_CLASS,BEAT_NUMBER,PRIMARY_RD,SECONDARY_RD,DISTANCE,DIRECTION,INTERSECTION,WEATHER_1,WEATHER_2,STATE_HWY_IND,CALTRANS_COUNTY,CALTRANS_DISTRICT,STATE_ROUTE,ROUTE_SUFFIX,POSTMILE_PREFIX,POSTMILE,LOCATION_TYPE,RAMP_INTERSECTION,SIDE_OF_HWY,TOW_AWAY,COLLISION_SEVERITY,NUMBER_KILLED,NUMBER_INJURED,PARTY_COUNT,PRIMARY_COLL_FACTOR,PCF_CODE_OF_VIOL,PCF_VIOL_CATEGORY,PCF_VIOLATION,PCF_VIOL_SUBSECTION,HIT_AND_RUN,TYPE_OF_COLLISION,MVIW,PED_ACTION,ROAD_SURFACE,ROAD_COND_1,ROAD_COND_2,LIGHTING,CONTROL_DEVICE,CHP_ROAD_TYPE,PEDESTRIAN_ACCIDENT,BICYCLE_ACCIDENT,MOTORCYCLE_ACCIDENT,TRUCK_ACCIDENT,NOT_PRIVATE_PROPERTY,ALCOHOL_INVOLVED,STWD_VEHTYPE_AT_FAULT,CHP_VEHTYPE_AT_FAULT,COUNT_SEVERE_INJ,COUNT_VISIBLE_INJ,COUNT_COMPLAINT_PAIN,COUNT_PED_KILLED,COUNT_PED_INJURED,COUNT_BICYCLIST_KILLED,COUNT_BICYCLIST_INJURED,COUNT_MC_KILLED,COUNT_MC_INJURED,PRIMARY_RAMP,SECONDARY_RAMP,LATITUDE,LONGITUDE,COUNTY,CITY,POINT_X,POINT_Y
91969977,2023,2023-01-17,9420,2023-01-06,1657,019098,,5,2,6,1502,0,2,S,,2,901,"PLANZ ROAD","SANDRA DRIVE",40.00,W,N,A,-,N,,,,,,,,,,N,4,0,1,2,A,-,03,22350,,M,C,C,A,A,H,-,A,D,0,,,Y,,Y,,C,02,0,0,1,0,0,0,0,0,1,"- ","- ",35.324859619140625,-119.01693725585938,KERN,BAKERSFIELD,-119.01681518554688,35.324920654296875
91970102,2023,2023-01-17,9830,2023-01-12,1250,019762,,4,1,9,1500,0,3,5,,2,001,"BANDUCCI RD.","EDWARD ST.",1056.00,W,N,B,-,N,,,,,,,,,,Y,3,0,3,2,A,-,08,22107,,N,A,C,A,A,H,-,A,D,0,,,,,Y,,A,07,0,2,1,0,0,0,0,0,0,"- ","- ",35.094589233398438,-118.61538696289062,KERN,UNINCORPORATED,-118.6146240234375,35.094535827636719
91970526,2023,2023-01-18,9420,2023-01-08,"145 ",021766,,7,3,9,1500,0,1,3,,1,184,SR-184,"PIONEER DR.",0.00,,Y,A,-,Y,KER,,184," "," ",9.115,H,,R,Y,4,0,1,2,A,-,09,21801,A,N,D,C,A,A,H,-,C,D,0,,,,,Y,,A,01,0,0,1,0,0,0,0,0,0,"- ","- ",35.368888854980469,-118.91428375244141,KERN,UNINCORPORATED,-118.91420745849609,35.368888854980469
91970589,2023,2023-01-18,9420,2023-01-10,1630,020402,,2,2,9,1500,0,2,4,,2,074,"PANAMA RD","COTTONWOOD RD",0.00,,Y,B,-,N,,,,,,,,,,Y,4,0,1,2,D,-,00,,,N,D,C,A,B,H,-,B,A,0,,,,,Y,,-,"- ",0,0,1,0,0,0,0,0,0,"- ","- ",35.266880035400391,-118.98536682128906,KERN,UNINCORPORATED,-118.98532867431641,35.266876220703125
91970608,2023,2023-01-18,9420,2023-01-10,1825,019021,,2,2,6,1502,0,1,3,,2,093,"SR-99 SOUTHBOUND","CALIFORNIA AVE.",1056.00,S,N,B,-,Y,KER,,99," "," ",24.483,H,,L,N,4,0,1,2,A,-,07,21658,A,N,B,C,A,A,H,-,D,D,0,,,,,Y,,A,07,0,0,1,0,0,0,0,0,0,"- ","- ",35.366550445556641,-119.0411376953125,KERN,BAKERSFIELD,-119.04116058349609,35.366546630859375
91970650,2022,2023-01-18,9420,2022-12-31,1411,021134,,6,2,9,1500,0,3,5,,2,672,"N RANCHO DR","GRASSHOPPER LN",857.00,S,N,A,-,N,,,,,,,,,,Y,2,0,2,1,A,-,08,22107,,N,E,I,A,A,H,-,A,D,0,,,,,Y,,A,01,1,0,1,0,0,0,0,0,0,"- ","- ",35.112178802490234,-118.85066223144531,KERN,UNINCORPORATED,-118.85057067871094,35.112216949462891
91970943,2023,2023-01-18,9420,2023-01-10,1904,020634,,2,2,9,1500,0,1,3,,1,184,SR-184,"NILES STREET",8.00,S,N,A,-,Y,KER,,184," "," ",9.591,H,,R,N,4,0,1,2,A,-,09,21453,B,F,H,G,A,A,H,-,C,A,0,,Y,,,Y,,-,99,0,0,1,0,0,0,1,0,0,"- ","- ",35.376110076904297,-118.91413879394531,KERN,UNINCORPORATED,-118.91419982910156,35.376110076904297
91970950,2023,2023-01-18,9420,2023-01-05,1605,018481,,4,2,9,1500,0,1,3,,2,091,"SR-99 S/B","11TH AVE.",375.00,N,N,C,-,Y,KER,,99," "," ",56.167,H,,L,Y,3,0,2,2,A,-,03,22350,,N,C,C,A,B,H,-,A,D,0,,,,Y,Y,,G,25,0,1,1,0,0,0,0,0,0,"- ","- ",35.770599365234375,-119.25132751464844,KERN,UNINCORPORATED,-119.25135803222656,35.770595550537109
91971030,2023,2023-01-18,9420,2023-01-13,"625 ",016767,,5,1,9,1500,0,3,5,,2,520,"ELMO HIGHWAY","FAMOSO PORTERVILLE HIGHWAY",0.00,,Y,B,-,N,,,,,,,,,,Y,3,0,2,2,A,-,09,21802,A,N,D,C,A,A,H,-,B,A,0,,,,,Y,,A,01,0,2,0,0,0,0,0,0,0,"- ","- ",35.689128875732422,-119.17745208740234,KERN,UNINCORPORATED,-119.17745971679688,35.689140319824219
91971097,2023,2023-01-18,9420,2023-01-14,1415,020484,,6,2,9,1500,0,1,3,,2,091,"SR-99 S/B","KIMBERLINA  ROAD",250.00,N,N,C,-,Y,KER,,99," ",R,41.293,H,,L,Y,3,0,1,2,A,-,03,22350,,N,D,C,A,B,H,-,A,D,0,,,,Y,Y,,A,01,0,1,0,0,0,0,0,0,0,"- ","- ",35.560329437255859,-119.19815063476562,KERN,UNINCORPORATED,-119.19808959960938,35.560344696044922
91971749,2023,2023-01-19,9420,2023-01-13,"800 ",018626,,5,1,6,1502,0,1,3,,2,095,"SR-99 S/B","WHITE LN",1478.00,N,N,B,-,Y,KER,,99," "," ",21.365,H,,L,Y,4,0,1,3,A,-,03,22350,,N,C,C,A,A,D,-,A,D,0,,,,,Y,,D,22,0,0,1,0,0,0,0,0,0,"- ","- ",35.321659088134766,-119.03746795654297,KERN,BAKERSFIELD,-119.03742218017578,35.321666717529297
91971783,2022,2023-01-19,9420,2022-12-30,0915,020782,,5,1,9,1500,0,1,3,,2,177,"STATE ROUTE-178","MILE POST MARKER 178 KER 17.00",466.00,E,N,B,-,Y,KER,,178,,,17.127,H,,R,Y,1,2,0,2,A,-,03,22350,,N,D,C,A,B,H,-,A,D,0,,,,,Y,,A,01,0,0,0,0,0,0,0,0,0,"- ","- ",35.468368530273438,-118.75380706787109,KERN,UNINCORPORATED,-118.75382232666016,35.468379974365234
91971790,2023,2023-01-19,9426,2023-01-09,"505 ",022015,,1,3,9,1500,0,1,3,,1,460,SR-46,"LOST HILLS RD",0.00,,Y,A,-,N,,,,,,,,,,Y,3,0,1,2,A,-,09,21801,A,N,D,C,A,A,H,-,C,A,0,,,,Y,Y,,-,"- ",0,1,0,0,0,0,0,0,0,"- ","- ",35.616111755371094,-118.68978881835938,KERN,UNINCORPORATED,-119.68977355957031,35.616058349609375
91971792,2022,2023-01-19,9420,2022-10-28,0012,019903,,5,3,9,1500,0,3,5,,2,060,"DOWNING AVENUE","FRUITVALE AVENUE",0.00,,Y,A,-,N,,,,,,,,,,Y,1,1,0,2,A,-,01,23152,A,N,E,J,A,A,H,-,D,A,0,,,,,Y,Y,A,01,0,0,0,0,0,0,0,0,0,"- ","- ",35.390499114990234,-119.07422637939453,KERN,UNINCORPORATED,-119.07436370849609,35.390518188476562
91971796,2022,2023-01-19,9420,2022-11-17,0455,020573,,4,3,9,1500,0,3,5,,2,510,"DRIVER ROAD","9TH AVENUE",0.00,,Y,A,-,N,,,,,,,,,,Y,1,1,1,2,A,-,12,22450,A,N,D,C,A,A,H,-,D,A,0,,,,Y,Y,,D,22,0,1,0,0,0,0,0,0,0,"- ","- ",35.768608093261719,-119.20529174804688,KERN,UNINCORPORATED,-119.20526123046875,35.768619537353516
91971828,2023,2023-01-19,9426,2023-01-10,"552 ",018023,,2,3,9,1500,0,1,3,,2,330,SR-33,"TWISSELMAN ROAD",4752.00,S,N,C,-,Y,KER,,33," "," ",68.307,H,,R,N,3,0,1,2,A,-,03,22350,,N,C,C,A,B,F,-,D,D,0,,,,,Y,,A,01,0,1,0,0,0,0,0,0,0,"- ","- ",35.719829559326172,-119.93746185302734,KERN,UNINCORPORATED,-119.93747711181641,35.719821929931641
91971838,2023,2023-01-19,9420,2023-01-15,1203,020782,,7,1,9,1500,0,2,4,,2,021,"SIERRA WAY","LIMESTONE DRIVE",1056.00,N,N,B,-,N,,,,,,,,,,Y,4,0,1,1,A,-,08,22107,,N,E,J,A,B,H,-,A,D,0,,,,,Y,,A,01,0,0,1,0,0,0,0,0,0,"- ","- ",35.681549072265625,-118.392578125,KERN,UNINCORPORATED,-118.39300537109375,35.681110382080078
91971847,2023,2023-01-19,9430,2023-01-10,"910 ",015185,,2,1,9,1500,0,1,1,,2,053,"INTERSTATE 5 S/B","#3 TURN THROUGH",2376.00,N,N,B,C,Y,KER,,5," "," ",7.486,H,,L,Y,4,0,1,1,A,-,03,22350,,N,F,A,A,B,H,-,A,D,0,,,,,Y,,D,22,0,0,1,0,0,0,0,0,0,"- ","- ",34.901859283447266,-118.9229736328125,KERN,UNINCORPORATED,-118.92304992675781,34.901851654052734
91971868,2023,2023-01-19,9426,2023-01-11,2115,018932,,3,2,9,1500,0,1,3,,2,331,SR-58,SR-33,0.00,,Y,A,-,Y,KER,,58," "," ",15.410,H,,R,N,4,0,2,1,A,-,12,22450,A,N,E,I,A,A,H,-,D,A,0,,,,,Y,,A,07,0,0,2,0,0,0,0,0,0,"- ","- ",35.296760559082031,-119.62522888183594,KERN,UNINCORPORATED,-119.62553405761719,35.296714782714844
91971885,2023,2023-01-19,9426,2023-01-11,2145,017281,,3,2,9,1500,0,1,1,,2,504,"I-5 N/B",SR-43,528.00,N,N,A,-,Y,KER,,5," "," ",41.505,H,,R,Y,3,0,1,1,A,-,08,22107,,N,E,8,A,A,H,-,C,D,0,,,,,Y,,-,"- ",0,1,0,0,0,0,0,0,0,"- ","- ",35.296981811523438,-119.25601196289062,KERN,UNINCORPORATED,-119.25611114501953,35.296901702880859
91971886,2023,2023-01-19,9420,2023-01-09,"445 ",021773,,1,3,9,1500,0,3,5,,2,040,"LERDO HIGHWAY","INDUSTRIAL FARM ROAD",0.00,,Y,B,-,N,,,,,,,,,,Y,2,0,2,2,A,-,09,21802,A,N,D,C,A,B,H,-,C,A,0,,,,,Y,,A,01,1,1,0,0,0,0,0,0,0,"- ","- ",35.499591827392578,-119.10871887207031,KERN,UNINCORPORATED,-119.10873413085938,35.499580383300781
91971925,2023,2023-01-19,9430,2023-01-11,2245,016388,,3,3,9,1500,0,1,1,,2,055,"I-5 S/B",SR-166,1584.00,S,N,A,-,Y,KER,,5," "," ",19.300,H,,L,Y,4,0,1,2,A,-,07,21658,A,N,B,C,A,A,H,-,D,D,0,,,,Y,Y,,G,25,0,0,1,0,0,0,0,0,0,"- ","- ",35.055889129638672,-118.99581146240234,KERN,UNINCORPORATED,-118.99578857421875,35.055908203125
91971929,2023,2023-01-19,9426,2023-01-12,1431,016953,,4,2,9,1500,0,1,1,,2,500,"I-5 N/B","LOST HILLS RD",3168.00,N,N,A,-,Y,KER,,5," "," ",77.765,H,,R,Y,3,0,5,7,A,-,03,22350,,N,B,C,A,A,H,-,A,D,0,,,,Y,Y,,G,25,0,4,1,0,0,0,0,0,0,"- ","- ",35.675281524658203,-119.69689178466797,KERN,UNINCORPORATED,-119.69693756103516,35.675258636474609
91971956,2023,2023-01-19,9426,2023-01-14,"655 ",016804,,6,1,9,1500,0,1,3,,2,432,SR-43,"STOCKDALE HWY.",5808.00,S,N,B,-,Y,KER,,43," "," ",4.933,H,,R,Y,3,0,2,3,A,-,08,22107,,F,B,C,A,A,H,-,B,D,0,,,,,Y,,-,99,0,2,0,0,0,0,0,0,0,"- ","- ",35.337371826171875,-119.25221252441406,KERN,UNINCORPORATED,-119.25234222412109,35.337371826171875
91972145,2023,2023-01-19,9420,2023-01-09,1630,021134,,1,2,9,1500,0,3,5,,2,070,"COLLEGE AVE","RIDGEWOOD DR",45.00,W,N,B,C,N,,,,,,,,,,Y,4,0,3,2,A,-,08,22103,,N,D,C,A,B,H,-,A,D,0,,,,,Y,,A,01,0,0,3,0,0,0,0,0,0,"- ","- ",35.383121490478516,-118.95115661621094,KERN,UNINCORPORATED,-118.95105743408203,35.383140563964844
91972158,2023,2023-01-19,9420,2023-01-17,1145,016973,,2,1,9,1500,0,2,4,,2,062,"ROSEDALE HWY.","RENFRO RD.",250.00,E,N,B,-,N,,,,,,,,,,Y,3,0,1,3,A,-,03,22350,,N,C,C,A,A,H,-,A,D,0,,,,,Y,,A,07,0,1,0,0,0,0,0,0,0,"- ","- ",35.383541107177734,-119.16252136230469,KERN,UNINCORPORATED,-119.16245269775391,35.383525848388672
9197230,2020,2021-01-30,1507,2020-11-28,2205,282,16,6,5,3,1507,0,0,0,,0,,"ATKINSON AV","ATKINSON AV 100 BLK",0.00,,N,A,-,N,,,,,,,,,,Y,2,0,2,2,A,-,01,23152,B,N,C,E,A,A,H,-,C,D,0,,,,,Y,Y,D,22,2,0,0,0,0,0,0,0,0,"- ","- ",35.494419097900391,-119.27838134765625,KERN,SHAFTER,,
91972714,2023,2023-01-20,9420,2023-01-14,2315,021632,,6,3,9,1500,0,3,5,,2,050,"PLYMOUTH AVENUE","BELLE AVENUE",0.00,,Y,B,-,N,,,,,,,,,,Y,3,0,1,3,A,-,12,22450,A,N,D,C,A,A,H,-,C,A,0,,,,,Y,,A,07,0,1,0,0,0,0,0,0,0,"- ","- ",35.410449981689453,-119.02558898925781,KERN,UNINCORPORATED,-119.02555847167969,35.410465240478516
91972715,2023,2023-01-20,9420,2023-01-15,1253,018807,,7,1,9,1500,0,3,5,,2,620,"VERDUGO LANE","GLENN STREET",59.00,N,N,B,-,N,,,,,,,,,,N,2,0,1,1,A,-,08,22107,,N,F,A,A,B,H,-,A,D,0,,,Y,,Y,,C,02,1,0,0,0,0,0,0,0,1,"- ","- ",35.377658843994141,-119.11895751953125,KERN,UNINCORPORATED,-119.11896514892578,35.377613067626953
91972720,2023,2023-01-20,9420,2023-01-05,1135,017256,,4,1,9,1500,0,3,5,,2,060,"MOHAWK STREET","ROSEDALE HIGHWAY",165.00,N,N,B,C,N,,,,,,,,,,N,4,0,1,2,A,-,21,22106,,N,C,C,A,B,H,-,A,A,0,,,,,Y,,D,22,0,0,1,0,0,0,0,0,0,"- ","- ",35.383930206298828,-119.06548309326172,KERN,UNINCORPORATED,-119.06555938720703,35.383159637451172
91972759,2023,2023-01-20,9420,2023-01-09,1615,019098,,1,2,6,1502,0,1,3,,2,094,"SR-99 N/B","HOSKING AVENUE",1650.00,N,N,B,C,Y,KER,,99," "," ",18.854,H,,R,Y,4,0,1,1,A,-,03,22350,,N,E,9,A,B,D,E,A,D,0,,,,,Y,,A,01,0,0,1,0,0,0,0,0,0,"- ","- ",35.286098480224609,-119.02768707275391,KERN,BAKERSFIELD,-119.02782440185547,35.286075592041016
91972930,2023,2023-01-20,9420,2023-01-13,1803,019021,,5,2,6,1502,0,1,3,,2,092,"SR-99 SOUTHBOUND","ROSEDALE HWY. UNDERCROSSING",1584.00,S,N,B,-,Y,KER,,99," "," ",25.240,H,,R,Y,4,0,1,3,A,-,08,22107,,N,B,C,A,A,H,-,D,D,0,,,,Y,Y,,-,"- ",0,0,1,0,0,0,0,0,0,"- ","- ",35.377178192138672,-119.04422760009766,KERN,BAKERSFIELD,-119.04436492919922,35.377178192138672
91973023,2023,2023-01-20,9430,2023-01-09,1345,020255,,1,1,9,1500,0,1,1,,2,052,"I-5 N/B (GOLDEN STATE FWY)","FRAZIER MOUNTAIN PARK RD",4541.00,N,N,B,C,Y,KER,,5," "," ",0.830,H,,R,Y,4,0,2,1,A,-,07,21658,A,N,F,I,A,B,H,-,A,D,0,,,,,Y,,D,22,0,0,2,0,0,0,0,0,0,"- ","- ",34.827018737792969,-118.87220001220703,KERN,UNINCORPORATED,-118.87209320068359,34.826942443847656
91973058,2023,2023-01-20,9420,2023-01-09,1830,019098,,1,2,9,1500,0,1,3,,2,092,"SR-99 N/B","OLIVE DRIVE",2112.00,N,N,B,C,Y,KER,,99," ",R,28.153,H,,R,Y,4,0,1,2,A,-,03,22350,,N,C,C,A,B,H,-,C,D,0,,,,Y,Y,,A,01,0,0,1,0,0,0,0,0,0,"- ","- ",35.415420532226562,-119.05815887451172,KERN,UNINCORPORATED,-119.05817413330078,35.415409088134766
91973138,2023,2023-01-20,9426,2023-01-20,"637 ",016804,,5,1,9,1500,0,1,3,,2,432,SR-43,"PANAMA LN.",792.00,S,N,A,-,Y,KER,,43," "," ",2.173,H,,R,N,3,0,1,2,A,-,03,22350,,N,C,C,A,A,H,-,B,D,0,,,,,Y,,D,22,0,1,0,0,0,0,0,0,0,"- ","- ",35.297279357910156,-119.25240325927734,KERN,UNINCORPORATED,-119.25247192382812,35.297279357910156
91973201,2023,2023-01-20,9430,2023-01-16,"755 ",017152,,1,1,9,1500,0,2,4,,1,023,"CUDDY VALLEY ROAD","IVINS DR",26.00,W,N,B,-,N,,,,,,,,,,Y,3,0,1,2,A,-,05,21460,A,N,B,C,A,C,H,-,A,D,0,,,,,Y,,A,01,0,1,0,0,0,0,0,0,0,"- ","- ",34.819599151611328,-119.00464630126953,KERN,UNINCORPORATED,-119.00453186035156,34.81951904296875
91973323,2023,2023-01-20,9426,2023-01-19,1720,017254,,4,2,9,1500,0,3,5,,2,085,"LOST HILLS RD","LERDO HWY",15840.00,N,N,A,-,N,,,,,,,,,,Y,3,0,1,1,A,-,08,22107,,N,E,I,A,A,H,-,A,D,0,,,,,Y,,A,01,0,1,0,0,0,0,0,0,0,"- ","- ",35.543411254882812,-119.68968963623047,KERN,UNINCORPORATED,-119.68975067138672,35.542633056640625
91974110,2023,2023-01-23,9830,2023-01-13,1305,023087,,5,1,9,1500,0,1,3,,1,040,SR-14,SR-58,676.00,N,N,B,-,Y,KER,,14," "," ",19.249,H,,R,N,4,0,1,1,A,-,08,22107,,N,F,A,A,A,H,-,A,D,0,,,,,Y,,A,01,0,0,1,0,0,0,0,0,0,"- ","- ",35.100490570068359,-118.14273071289062,KERN,UNINCORPORATED,-118.14287567138672,35.100566864013672
91974121,2023,2023-01-23,9420,2023-01-15,1822,020484,,7,2,9,1500,0,1,3,,2,094,"SR-99 N/B","WILSON RD OVER-CROSSING",40.00,S,N,C,-,Y,KER,,99," "," ",22.079,H,,R,N,4,0,1,1,A,-,03,22350,,N,E,I,A,B,H,-,D,D,0,,,,,Y,,A,01,0,0,1,0,0,0,0,0,0,"- ","- ",35.331901550292969,-119.03962707519531,KERN,UNINCORPORATED,-119.03951263427734,35.331901550292969
91974453,2023,2023-01-23,9420,2023-01-16,2135,021667,,1,2,9,1500,0,2,4,,1,051,"MERLE HAGGARD DRIVE","NORTH CHESTER AVENUE",0.00,,Y,A,-,N,,,,,,,,,,N,3,0,1,2,A,-,12,21453,A,N,D,C,A,A,H,-,C,A,0,,,,,Y,,D,22,0,1,0,0,0,0,0,0,0,"- ","- ",35.439849853515625,-119.02147674560547,KERN,UNINCORPORATED,-119.02156829833984,35.44000244140625
91974529,2023,2023-01-23,9420,2023-01-18,"510 ",021761,,3,3,9,1500,0,1,3,,2,583,"STOCKDALE HIGHWAY","SUPERIOR ROAD",500.00,W,N,B,-,N,,,,,,,,,,N,4,0,1,2,A,-,03,22350,,N,C,C,A,A,H,-,D,D,0,,,,,Y,,-,"- ",0,0,1,0,0,0,0,0,0,"- ","- ",35.354351043701172,-119.23818969726562,KERN,UNINCORPORATED,-119.23600769042969,35.354320526123047
91974553,2023,2023-01-23,9420,2023-01-19,"850 ",018626,,4,1,9,1500,0,3,5,,2,610,"SOUTH REAL RD","BELLE TERACE",195.00,N,N,B,-,N,,,,,,,,,,N,4,0,2,2,A,-,03,22350,,N,C,C,A,A,H,-,A,D,0,,,,,Y,,A,01,0,0,2,0,0,0,0,0,0,"- ","- ",35.347400665283203,-119.04345703125,KERN,UNINCORPORATED,-119.04339599609375,35.347305297851562
91974620,2023,2023-01-23,9830,2023-01-20,"721 ",020427,,5,1,9,1500,0,3,5,,2,001,"RED APPLE AVE","WESTWOOD BLVD",300.00,E,N,A,-,N,,,,,,,,,,Y,4,0,1,2,A,-,03,22350,,N,D,C,A,C,H,-,A,D,0,,,,,Y,,A,01,0,0,1,0,0,0,0,0,0,"- ","- ",35.134319305419922,-118.47840881347656,KERN,UNINCORPORATED,-118.47865295410156,35.134380340576172
91974697,2023,2023-01-23,9420,2023-01-11,1635,018481,,3,2,9,1500,0,2,4,,1,064,"DECATUR ST.","SEQUOIA DR.",40.00,W,N,A,-,N,,,,,,,,,,N,4,0,1,2,A,-,11,21954,A,N,G,B,D,A,H,-,A,D,0,Y,,,,Y,,N,60,0,0,1,0,1,0,0,0,0,"- ","- ",35.413688659667969,-119.03459167480469,KERN,UNINCORPORATED,-119.03457641601562,35.413608551025391
91974775,2023,2023-01-23,9420,2023-01-21,1518,020634,,6,2,9,1500,0,3,5,,2,050,"ALLEY NORTH OF WOODROW AVENUE","SEQOUIA DR",195.00,W,N,A,-,N,,,,,,,,,,Y,3,0,2,1,A,-,08,22107,,N,E,I,A,A,H,-,A,D,0,,,,,Y,,A,01,0,1,1,0,0,0,0,0,0,"- ","- ",35.416801452636719,-119.03517150878906,KERN,UNINCORPORATED,-119.03517150878906,35.416835784912109
91974889,2023,2023-01-23,9830,2023-01-10,2025,020655,,2,2,9,1500,0,3,5,,2,004,"CALIFORNIA CITY BLVD",SR-14,7392.00,W,N,A,-,N,,,,,,,,,,Y,3,0,1,1,A,-,01,23152,A,N,E,I,A,A,H,-,D,D,0,,,,,Y,Y,A,01,0,1,0,0,0,0,0,0,0,"- ","- ",35.125320434570312,-118.14897155761719,KERN,UNINCORPORATED,-118.12364196777344,35.125438690185547
91975444,2023,2023-01-24,9420,2023-01-09,1840,021503,,1,2,9,1500,0,1,3,,2,092,"SR-99 N/B","7TH STANDARD",1056.00,S,N,C,-,Y,KER,,99," ",R,30.115,H,,R,N,3,0,1,2,A,-,03,22350,,N,D,C,A,B,H,-,C,D,0,,,,,Y,,D,22,0,1,0,0,0,0,0,0,0,"- ","- ",35.437248229980469,-119.07888031005859,KERN,UNINCORPORATED,-119.078857421875,35.437267303466797
91975445,2023,2023-01-24,9830,2023-01-17,1025,021903,,2,1,9,1500,0,3,5,,2,005,"CHINA LAKE BLVD",US-395,22.00,N,N,A,-,N,,,,,,,,,,N,4,0,1,2,A,-,21,22106,,N,C,C,A,A,H,-,A,A,0,,,,,Y,,D,22,0,0,1,0,0,0,0,0,0,"- ","- ",35.551101684570312,-117.71360015869141,KERN,UNINCORPORATED,-117.71366119384766,35.551063537597656
91975447,2023,2023-01-24,9420,2023-01-16,1318,019735,,1,1,9,1500,0,1,3,,1,184,SR-184,"CHOATE STREET",10.00,N,N,B,-,Y,KER,,184," "," ",6.395,H,,R,Y,4,0,1,1,A,-,03,22350,,N,E,I,A,A,H,-,A,D,0,,,,,Y,,A,01,0,0,1,0,0,0,0,0,0,"- ","- ",35.329910278320312,-118.91436004638672,KERN,UNINCORPORATED,-118.914306640625,35.329910278320312
91975533,2023,2023-01-24,9420,2023-01-21,1538,020402,,6,2,6,1502,0,1,3,,2,093,"SR-99 S/B","PALM AVE",1100.00,N,N,A,-,Y,KER,,99," "," ",24.342,H,,L,Y,4,0,5,2,A,-,08,22107,,N,C,C,A,A,H,-,A,D,0,,,,,Y,,A,01,0,0,5,0,0,0,0,0,0,"- ","- ",35.364608764648438,-119.04038238525391,KERN,BAKERSFIELD,-119.04034423828125,35.364620208740234
91975538,2023,2023-01-24,9420,2023-01-17,1730,019098,,2,2,6,1502,0,1,3,,2,095,"SR-99 S/B","WHITE LANE",850.00,N,N,A,-,Y,KER,,99," "," ",21.364,H,,L,N,4,0,1,2,A,-,03,22350,,N,C,C,A,A,H,-,B,D,0,,,,,Y,,A,08,0,0,1,0,0,0,0,0,0,"- ","- ",35.321651458740234,-119.03746795654297,KERN,BAKERSFIELD,-119.03742218017578,35.321659088134766
91976150,2023,2023-01-24,9830,2023-01-21,1845,021870,,6,2,9,1500,0,3,5,,2,002,"NADEAU ST","L ST",110.00,W,N,A,-,N,,,,,,,,,,Y,4,0,1,3,A,-,08,22107,,N,D,E,A,A,H,-,D,D,0,,,,,Y,,A,01,0,0,1,0,0,0,0,0,0,"- ","- ",35.056610107421875,-118.17266845703125,KERN,UNINCORPORATED,-118.17264556884766,35.056625366210938
91976176,2023,2023-01-24,9426,2023-01-13,2028,018610,,5,2,9,1500,0,3,5,,2,082,"7TH STANDARD ROAD","RUDNICK ROAD",5.00,E,N,A,-,Y,,,,,,,,,,Y,4,0,1,2,A,-,09,21802,A,N,B,C,A,A,H,-,C,A,0,,,,,Y,,A,01,0,0,1,0,0,0,0,0,0,"- ","- ",35.442298889160156,-119.4591064453125,KERN,UNINCORPORATED,,
91976216,2023,2023-01-24,9426,2023-01-21,"615 ",017254,,6,1,9,1500,0,1,3,,1,460,SR-46,"LOST HILLS RD",0.00,,Y,A,-,Y,KER,,46," "," ",30.478,H,,R,Y,4,0,2,2,A,-,12,21453,A,N,D,C,A,A,H,-,C,A,0,,,,,Y,,A,08,0,0,2,0,0,0,0,0,0,"- ","- ",35.616180419921875,-119.68982696533203,KERN,UNINCORPORATED,-119.68983459472656,35.616024017333984
91976648,2023,2023-01-25,9830,2023-01-17,1745,019977,,2,2,9,1500,0,1,3,,2,014,"SR-58 E/B","CAMERON CANYON RD",11616.00,E,N,D,-,Y,KER,,58," "," ",104.370,H,,R,Y,2,0,4,2,A,-,01,23152,F,F,E,8,A,B,H,-,D,D,0,,,,,Y,,A,01,3,1,0,0,0,0,0,0,0,"- ","- ",35.105140686035156,-118.25499725341797,KERN,UNINCORPORATED,-118.25502014160156,35.105220794677734