CASE_ID,ACCIDENT_YEAR,PROC_DATE,JURIS,COLLISION_DATE,COLLISION_TIME,OFFICER_ID,REPORTING_DISTRICT,DAY_OF_WEEK,CHP_SHIFT,POPULATION,CNTY_CITY_LOC,SPECIAL_COND,BEAT_TYPE,CHP_BEAT_TYPE,CITY_DIVISION_LAPD,CHP_BEAT_CLASS,BEAT_NUMBER,PRIMARY_RD,SECONDARY_RD,DISTANCE,DIRECTION,INTERSECTION,WEATHER_1,WEATHER_2,STATE_HWY_IND,CALTRANS_COUNTY,CALTRANS_DISTRICT,STATE_ROUTE,ROUTE_SUFFIX,POSTMILE_PREFIX,POSTMILE,LOCATION_TYPE,RAMP_INTERSECTION,SIDE_OF_HWY,TOW_AWAY,COLLISION_SEVERITY,NUMBER_KILLED,NUMBER_INJURED,PARTY_COUNT,PRIMARY_COLL_FACTOR,PCF_CODE_OF_VIOL,PCF_VIOL_CATEGORY,PCF_VIOLATION,PCF_VIOL_SUBSECTION,HIT_AND_RUN,TYPE_OF_COLLISION,MVIW,PED_ACTION,ROAD_SURFACE,ROAD_COND_1,ROAD_COND_2,LIGHTING,CONTROL_DEVICE,CHP_ROAD_TYPE,PEDESTRIAN_ACCIDENT,BICYCLE_ACCIDENT,MOTORCYCLE_ACCIDENT,TRUCK_ACCIDENT,NOT_PRIVATE_PROPERTY,ALCOHOL_INVOLVED,STWD_VEHTYPE_AT_FAULT,CHP_VEHTYPE_AT_FAULT,COUNT_SEVERE_INJ,COUNT_VISIBLE_INJ,COUNT_COMPLAINT_PAIN,COUNT_PED_KILLED,COUNT_PED_INJURED,COUNT_BICYCLIST_KILLED,COUNT_BICYCLIST_INJURED,COUNT_MC_KILLED,COUNT_MC_INJURED,PRIMARY_RAMP,SECONDARY_RAMP,LATITUDE,LONGITUDE,COUNTY,CITY,POINT_X,POINT_Y
91978295,2023,2023-01-26,9426,2023-01-21,1239,016804,,6,1,9,1500,0,1,3,,2,432,SR-43,"MUNZER RD.",2640.00,S,N,A,-,Y,KER,,43," "," ",3.540,H,,R,Y,3,0,1,1,A,-,08,22107,,N,E,I,A,A,H,-,A,A,0,,,,,Y,,A,07,0,1,0,0,0,0,0,0,0,"- ","- ",35.317180633544922,-119.25260925292969,KERN,UNINCORPORATED,-119.25244140625,35.317180633544922
91978312,2023,2023-01-26,9420,2023-01-24,1545,019098,,2,2,6,1502,0,1,3,,2,093,"SR-99 S/B","CALIFORNIA AVENUE",1584.00,S,N,A,-,Y,KER,,99," "," ",24.383,H,,L,N,4,0,2,3,A,-,04,21703,,N,C,C,A,A,H,-,A,D,0,,,,Y,Y,,G,25,0,0,2,0,0,0,0,0,0,"- ","- ",35.365161895751953,-119.04062652587891,KERN,BAKERSFIELD,-119.04055786132812,35.365180969238281
91978319,2023,2023-01-26,9426,2023-01-23,"850 ",017321,,1,1,9,1500,0,1,1,,2,502,"I-5 N/B","MERCED AVENUE",1056.00,N,N,A,-,Y,,,,,,,,,,Y,4,0,2,2,A,-,03,22350,,N,C,C,A,A,H,-,A,D,0,,,,,Y,,A,01,0,0,2,0,0,0,0,0,0,"- ","- ",35.053028106689453,-119.05674743652344,KERN,UNINCORPORATED,-119.54607391357422,35.510540008544922
91978346,2023,2023-01-26,9420,2023-01-23,"710 ",016767,,1,1,9,1500,0,1,3,,2,223,SR-223,"EDISON ROAD",0.00,,Y,A,-,Y,KER,,223," ",R,18.091,H,,R,Y,3,0,2,2,A,-,09,21802,A,N,D,C,A,A,H,-,A,A,0,,,,Y,Y,,F,26,0,2,0,0,0,0,0,0,0,"- ","- ",35.208808898925781,-118.87812805175781,KERN,UNINCORPORATED,-118.87812805175781,35.208820343017578
91978368,2023,2023-01-26,9420,2023-01-25,"815 ",018387,,3,1,9,1500,0,2,4,,1,071,"FAIRFAX RD","MONTEREY ST",410.00,S,N,A,-,N,,,,,,,,,,Y,4,0,1,2,C,-,18,,,N,H,H,A,A,H,-,A,D,0,,,,,Y,,-,"- ",0,0,1,0,0,0,0,0,0,"- ","- ",35.374191284179688,-118.93205261230469,KERN,UNINCORPORATED,-118.93203735351562,35.373935699462891
91978380,2023,2023-01-26,9420,2023-01-14,1330,021134,,6,1,9,1500,0,3,5,,2,671,"DI GIORGIO RD","S VINELAND RD",0.00,,Y,B,C,N,,,,,,,,,,Y,2,0,2,2,A,-,01,23152,A,F,D,C,A,B,H,-,A,A,0,,,,,Y,Y,A,01,1,1,0,0,0,0,0,0,0,"- ","- ",35.252521514892578,-118.89630889892578,KERN,UNINCORPORATED,-118.89627838134766,35.252479553222656
91978390,2022,2023-01-26,9420,2022-11-25,2500,021915,,5,4,9,1500,0,1,3,,2,178,"STATE ROUTE 178","DELONEGHA BRIDGE",15312.00,E,N,A,-,Y,KER,,178,,R,34.691,H,,R,Y,1,1,0,1,A,-,00,22017,,N,F,A,A,A,H,-,D,D,0,,,,,Y,,A,07,0,0,0,0,0,0,0,0,0,"- ","- ",35.567718505859375,-118.58551025390625,KERN,UNINCORPORATED,-118.58528137207031,35.56756591796875
91978399,2022,2023-02-08,9420,2022-12-16,1745,021915,,5,2,9,1500,0,1,3,,2,178,"STATE ROUTE 178","PATTERSON LANE",150.00,E,N,A,-,Y,KER,,178,,,53.848,H,,R,N,1,1,0,2,A,-,11,21956,A,F,G,B,E,A,H,-,D,D,0,Y,,,,Y,Y,N,60,0,0,0,1,0,0,0,0,0,"- ","- ",35.652389526367188,-118.35250091552734,KERN,UNINCORPORATED,-118.35251617431641,35.652416229248047
91978431,2023,2023-01-26,9420,2023-01-16,1210,020163,,1,1,9,1500,0,2,4,,1,072,"EDISON HWY.","E. CALIFONIA AVE.",1300.00,E,N,B,-,N,,,,,,,,,,Y,3,0,2,2,A,-,08,22107,,N,C,E,A,A,H,-,A,D,0,,,,,Y,,A,01,0,1,1,0,0,0,0,0,0,"- ","- ",35.367580413818359,-118.95329284667969,KERN,UNINCORPORATED,-118.95310974121094,35.367630004882812
91978468,2023,2023-01-26,9426,2023-01-25,"615 ",017321,,3,1,9,1500,0,1,3,,1,460,"SR-46 TO I-5 SOUTH",SR-46,75.00,S,N,A,-,Y,,,,,,,,,,N,4,0,1,1,A,-,08,22107,,N,E,I,A,A,H,-,C,D,0,,,,,Y,,A,08,0,0,1,0,0,0,0,0,0,"- ","- ",35.061611175537109,-119.06552886962891,KERN,UNINCORPORATED,,
91978806,2023,2023-01-26,9426,2023-01-24,1310,017230,,2,1,9,1500,0,1,1,,2,504,"INTERSTATE 5","KERN RIVER UTILITY ROAD OVER CROSSING",650.00,S,N,A,-,Y,KER,,5," "," ",42.849,H,,R,Y,3,0,1,1,A,-,08,22107,,N,F,I,A,A,H,-,A,D,0,,,,,Y,,A,07,0,1,0,0,0,0,0,0,0,"- ","- ",35.310230255126953,-119.27294158935547,KERN,UNINCORPORATED,-119.27298736572266,35.310188293457031
9198001,2020,2021-02-04,1507,2020-12-31,1900,281,,4,5,3,1507,0,0,0,,0,,"SANTA FE WY",RIVERSIDE,0.00,,Y,A,-,N,,,,,,,,,,N,3,0,1,2,A,-,09,21802,A,N,D,C,A,A,H,-,D,A,0,,,,,Y,,A,01,0,1,0,0,0,0,0,0,0,"- ","- ",35.485260009765625,-119.25241851806641,KERN,SHAFTER,-119.25238037109375,35.485271453857422
91980199,2023,2023-01-27,9420,2023-01-18,1200,017243,,3,1,9,1500,0,3,5,,2,070,"VIRGINIA AVE.","EASTER ST",60.00,E,N,B,-,N,,,,,,,,,,N,2,0,1,2,A,-,03,22350,,F,G,B,D,A,H,-,A,D,0,Y,,,,Y,,-,99,1,0,0,0,1,0,0,0,0,"- ","- ",35.36138916015625,-118.96282196044922,KERN,UNINCORPORATED,-118.96231079101562,35.361339569091797
91980212,2023,2023-03-22,9420,2023-01-20,"720 ",018626,,5,1,9,1500,0,1,3,,2,093,"SR-99 SOUTHBOUND",SR-65,1250.00,S,N,A,-,Y,KER,,99," ",R,29.633,H,,L,Y,3,0,1,1,A,-,03,22350,,N,E,I,A,A,H,-,A,D,0,,,,,Y,,A,01,0,1,0,0,0,0,0,0,0,"- ","- ",35.431888580322266,-119.07344818115234,KERN,UNINCORPORATED,-119.07341766357422,35.431907653808594
91980244,2023,2023-01-27,9420,2023-01-25,1735,018481,,3,2,9,1500,0,1,3,,2,096,"SR-99 N/B","SANDRINI RD.",500.00,S,N,A,-,Y,KER,,99," "," ",7.145,H,,R,Y,4,0,1,2,A,-,08,22107,,N,C,C,A,A,H,-,D,D,0,,,,Y,Y,,A,01,0,0,1,0,0,0,0,0,0,"- ","- ",35.119869232177734,-118.98734283447266,KERN,UNINCORPORATED,-118.98741149902344,35.119853973388672
91980553,2023,2023-01-27,9420,2023-01-26,"700 ",016767,,4,1,9,1500,0,3,5,,2,520,"ELMO HIGHWAY","DRIVER ROAD",0.00,,Y,A,-,N,,,,,,,,,,Y,3,0,1,2,A,-,09,21802,A,N,D,C,A,A,H,-,A,D,0,,,,,Y,,A,01,0,1,0,0,0,0,0,0,0,"- ","- ",35.689121246337891,-119.20480346679688,KERN,UNINCORPORATED,-119.20481872558594,35.689113616943359
91980566,2023,2023-01-27,9420,2023-01-13,1903,021134,,5,2,9,1500,0,1,3,,2,223,SR-223,"ADOBE RD",4757.00,E,N,B,-,Y,KER,,223," ",R,13.890,H,,R,Y,3,0,1,1,C,-,18,,,N,H,H,A,A,H,-,D,D,0,,,,,Y,,-,"- ",0,1,0,0,0,0,0,0,0,"- ","- ",35.208690643310547,-118.95172882080078,KERN,UNINCORPORATED,-118.95172882080078,35.208656311035156
91980655,2023,2023-01-27,9430,2023-01-19,1335,017152,,4,1,9,1500,0,1,1,,2,053,"I-5 S/B","FORT TEJON ROAD O/C",1056.00,N,N,B,C,Y,KER,,5," "," ",5.154,H,,L,Y,3,0,1,1,A,-,03,22350,,N,F,A,A,B,H,-,A,D,0,,,,,Y,,A,07,0,1,0,0,0,0,0,0,0,"- ","- ",34.878108978271484,-118.89659118652344,KERN,UNINCORPORATED,-118.89663696289062,34.878063201904297
91980756,2023,2023-01-27,9430,2023-01-19,1640,020875,,4,2,9,1500,0,2,4,,1,021,"FRAZIER MOUNTAIN PARK ROAD","CUDDY CANYON ROAD",25.00,W,N,B,-,N,,,,,,,,,,Y,4,0,1,3,A,-,03,22350,,N,C,C,A,B,H,-,B,D,0,,,,,Y,,A,01,0,0,1,0,0,0,0,0,0,"- ","- ",34.818008422851562,-118.90218353271484,KERN,UNINCORPORATED,-118.90301513671875,34.818069458007812
91981529,2023,2023-01-30,9830,2023-01-22,1925,020655,,7,2,9,1500,0,1,3,,1,020,SR-14,"MONO ST",283.00,N,N,A,-,Y,KER,,14," ",L,16.829,H,,R,N,3,0,1,2,A,-,07,21658,A,N,C,C,A,A,H,-,D,D,0,,,,,Y,,A,01,0,1,0,0,0,0,0,0,0,"- ","- ",35.058151245117188,-118.17545318603516,KERN,UNINCORPORATED,-118.17544555664062,35.058151245117188
91981600,2023,2023-01-30,9420,2023-01-05,1807,019686,,4,2,9,1500,0,3,5,,2,672,"SOUTH EDISON ROAD","HERMOSA ROAD",3256.00,S,N,B,C,N,,,,,,,,,,Y,2,0,1,2,A,-,08,22107,,N,E,I,A,B,F,-,D,D,0,,,,,Y,,D,22,1,0,0,0,0,0,0,0,0,"- ","- ",35.302059173583984,-118.87848663330078,KERN,UNINCORPORATED,-118.8785400390625,35.301895141601562
91981694,2023,2023-01-30,9420,2023-01-17,1527,019316,,2,2,9,1500,0,2,4,,1,051,"NORTH CHESTER AVENUE","BELLE AVENUE",0.00,,Y,A,-,N,,,,,,,,,,N,2,0,1,2,A,-,11,21954,A,N,G,B,D,A,H,-,A,D,0,Y,,,,Y,,N,60,1,0,0,0,1,0,0,0,0,"- ","- ",35.41046142578125,-119.02107238769531,KERN,UNINCORPORATED,-119.02108764648438,35.410480499267578
91981943,2023,2023-01-30,9420,2023-01-21,2335,020093,,6,3,9,1500,0,3,5,,2,671,"DI GIORGIO RD","S VINELAND RD",0.00,,Y,A,-,N,,,,,,,,,,Y,3,0,3,2,A,-,09,21802,A,N,D,2,A,A,H,-,D,A,0,,,,,Y,,A,01,0,3,0,0,0,0,0,0,0,"- ","- ",35.252490997314453,-118.89634704589844,KERN,UNINCORPORATED,-118.89627838134766,35.252479553222656
91982041,2023,2023-01-30,9420,2023-01-25,"808 ",019735,,3,1,9,1500,0,3,5,,2,040,"ROUND MOUNTAIN RD","RIO MESA DR",374.00,E,N,A,-,N,,,,,,,,,,Y,3,0,1,1,A,-,03,22350,,N,E,I,A,A,H,-,A,D,0,,,,,Y,,D,22,0,1,0,0,0,0,0,0,0,"- ","- ",35.449321746826172,-118.91886901855469,KERN,UNINCORPORATED,-118.91896820068359,35.44921875
91982171,2023,2023-01-30,9420,2023-01-26,1100,016767,,4,1,9,1500,0,3,5,,2,510,"CECIL AVENUE","ZACHARY AVENUE",220.00,W,N,A,-,N,,,,,,,,,,Y,3,0,2,2,A,-,06,21750,A,N,D,C,A,A,D,-,A,A,0,,,,Y,Y,,A,01,0,2,0,0,0,0,0,0,0,"- ","- ",35.775920867919922,-119.18824768066406,KERN,UNINCORPORATED,-119.18821716308594,35.775928497314453
91982347,2023,2023-01-30,9420,2023-01-27,1555,020634,,5,2,9,1500,0,3,5,,2,050,"YOSEMITE DR","LINCOLN AVE",0.00,,Y,A,-,N,,,,,,,,,,Y,4,0,1,2,A,-,09,21800,A,N,D,C,A,A,H,-,A,D,0,,,,,Y,,A,01,0,0,1,0,0,0,0,0,0,"- ","- ",35.414600372314453,-119.03225708007812,KERN,UNINCORPORATED,-119.03224182128906,35.414569854736328
91982452,2023,2023-01-30,9430,2023-01-26,1530,020504,,4,2,9,1500,0,1,1,,2,053,"I-5 S/B","GRAPEVINE RD",12144.00,S,N,A,-,Y,KER,,5," "," ",7.809,H,,L,Y,4,0,1,4,A,-,03,22350,,N,C,C,A,A,H,-,A,D,0,,,,Y,Y,,D,22,0,0,1,0,0,0,0,0,0,"- ","- ",34.906440734863281,-118.92404174804688,KERN,UNINCORPORATED,-118.92403411865234,34.906440734863281
91982815,2023,2023-01-31,9420,2023-01-18,1010,015977,,3,1,9,1500,0,1,3,,2,155,SR-155,"DEADRICH RANCH RD",1056.00,E,N,A,-,Y,KER,,155," "," ",65.600,H,,R,Y,3,0,1,1,A,-,08,22107,,N,E,I,A,A,H,-,A,D,0,,,,,Y,,A,01,0,1,0,0,0,0,0,0,0,"- ","- ",35.693519592285156,-118.46808624267578,KERN,UNINCORPORATED,-118.46802520751953,35.693515777587891
91982891,2023,2023-01-31,9420,2023-01-27,1800,021895,,5,2,9,1500,0,2,4,,1,072,"EDISON HWY","EXCHANGE ST",20.00,E,N,A,-,N,,,,,,,,,,Y,4,0,2,2,A,-,03,22350,,F,C,C,A,A,H,-,C,D,0,,,,,Y,,A,01,0,0,2,0,0,0,0,0,0,"- ","- ",35.370460510253906,-118.96495819091797,KERN,UNINCORPORATED,-118.96504211425781,35.370494842529297
91982903,2023,2023-01-31,9420,2023-01-28,"520 ",019735,,6,3,9,1500,0,3,5,,2,520,"FAMOSO PORTERVILLE HIGHWAY","WHISLER ROAD",15.00,N,N,B,-,N,,,,,,,,,,Y,2,0,1,1,A,-,03,22350,,N,E,J,A,A,H,-,A,D,0,,,,,Y,,A,01,1,0,0,0,0,0,0,0,0,"- ","- ",35.645648956298828,-119.20072174072266,KERN,UNINCORPORATED,-119.20069122314453,35.645557403564453
91982957,2023,2023-01-31,9420,2023-01-28,"620 ",018626,,6,1,6,1502,0,1,3,,2,095,"SR-99 S/B FROM MING AVE","MING AVENUE",860.00,S,N,A,-,Y,KER,,99," "," ",22.455,H,,L,N,4,0,2,1,A,-,08,22107,,N,E,I,A,A,H,-,A,D,0,,,,,Y,,A,01,0,0,2,0,0,0,0,0,0,"- ","- ",35.337310791015625,-119.04006195068359,KERN,BAKERSFIELD,-119.03973388671875,35.337306976318359
91983089,2023,2023-01-31,9420,2023-01-28,1720,021895,,6,2,9,1500,0,2,4,,1,071,"MOUNT VERNON AVE","NILES ST",40.00,N,N,A,-,N,,,,,,,,,,N,4,0,1,2,A,-,03,22350,,N,C,C,A,A,H,-,A,A,0,,,,,Y,,A,01,0,0,1,0,0,0,0,0,0,"- ","- ",35.376678466796875,-118.96759033203125,KERN,UNINCORPORATED,-118.96757507324219,35.376518249511719
91983110,2023,2023-01-31,9420,2023-01-28,2200,020782,,6,3,9,1500,0,3,5,,2,320,"CALIENTE BODFISH ROAD","RIM ROAD",8448.00,S,N,A,-,N,,,,,,,,,,Y,2,0,1,1,A,-,03,22350,,N,F,A,A,A,H,-,D,D,0,,,,,Y,,A,01,1,0,0,0,0,0,0,0,0,"- ","- ",35.578540802001953,-118.50489807128906,KERN,UNINCORPORATED,-118.49517822265625,35.590068817138672
91983117,2023,2023-01-31,9420,2023-01-29,"125 ",020782,,7,3,9,1500,0,1,3,,2,178,SR-178,"DEMOCRAT ROAD",528.00,E,N,A,-,Y,KER,,178," "," ",26.659,H,,R,Y,4,0,2,1,A,-,03,22350,,N,E,I,A,C,H,-,D,D,0,,,,,Y,,A,08,0,0,2,0,0,0,0,0,0,"- ","- ",35.528881072998047,-118.65717315673828,KERN,UNINCORPORATED,-118.65715026855469,35.5289306640625
91983179,2023,2023-01-31,9420,2023-01-29,1625,020634,,7,2,9,1500,0,3,5,,2,050,"OLIVE DRIVE","TEAKWOOD DRIVE",320.00,E,N,A,-,N,,,,,,,,,,Y,2,0,1,2,A,-,08,22100,,N,D,C,A,A,H,-,A,D,0,,,,,Y,,A,01,1,0,0,0,0,0,0,0,0,"- ","- ",35.412319183349609,-119.04077911376953,KERN,UNINCORPORATED,-119.04051971435547,35.412288665771484
91983246,2023,2023-01-31,9420,2023-01-30,"150 ",020573,,1,3,6,1502,0,1,3,,2,095,"SR-99 S/B","WIBLE RD",170.00,S,N,B,-,Y,KER,,99," "," ",21.920,H,,L,Y,4,0,1,1,A,-,08,22107,,N,E,I,A,B,H,-,C,D,0,,,,,Y,,A,01,0,0,1,0,0,0,0,0,0,"- ","- ",35.329498291015625,-119.039306640625,KERN,BAKERSFIELD,-119.03942108154297,35.329483032226562
91983268,2023,2023-01-31,9420,2023-01-30,1320,016973,,1,1,9,1500,0,2,4,,2,062,"ROSEDALE HWY","NORD RD.",0.00,,Y,B,-,N,,,,,,,,,,Y,4,0,1,2,A,-,12,22450,A,N,D,C,A,A,H,-,A,A,0,,,,,Y,,A,01,0,0,1,0,0,0,0,0,0,"- ","- ",35.383468627929688,-119.19882202148438,KERN,UNINCORPORATED,-119.19878387451172,35.38348388671875
91983276,2023,2023-01-31,9420,2023-01-29,1545,020402,,7,2,9,1500,0,2,4,,1,064,"OLIVE DR W/B","OAKHAVEN ST",340.00,E,N,B,-,N,,,,,,,,,,Y,4,0,4,2,A,-,07,21658,A,N,C,C,A,A,H,-,A,D,0,,,,,Y,,A,07,0,0,4,0,0,0,0,0,0,"- ","- ",35.412448883056641,-119.06877136230469,KERN,UNINCORPORATED,-119.06892395019531,35.412326812744141
91983313,2023,2023-01-31,9420,2023-01-19,"605 ",016828,,4,1,9,1500,0,3,5,,2,672,"BUENA VISTA BLVD","ADOBE ROAD",800.00,E,N,A,-,N,,,,,,,,,,Y,4,0,1,1,A,-,03,22350,,N,E,I,A,B,F,-,B,D,0,,,,,Y,,A,07,0,0,1,0,0,0,0,0,0,"- ","- ",35.237720489501953,-118.94979858398438,KERN,UNINCORPORATED,-118.96499633789062,35.237800598144531
91983316,2023,2023-01-31,9426,2023-01-22,1903,021948,,7,2,9,1500,0,1,3,,1,118,SR-119,"MIDWAY RD",640.00,E,N,A,-,Y,KER,,119," "," ",3.296,H,,R,Y,3,0,2,3,A,-,03,22350,,M,C,C,A,A,H,-,D,D,0,,,,,Y,,D,22,0,1,1,0,0,0,0,0,0,"- ","- ",35.182418823242188,-119.45359802246094,KERN,UNINCORPORATED,-119.45364379882812,35.182437896728516
91983363,2023,2023-01-31,9830,2023-01-17,"535 ",019872,,2,3,9,1500,0,1,3,,2,014,"STATE ROUTE 58 W/B","CAMERON CANYON RD",10560.00,E,N,D,-,Y,KER,,58," "," ",104.562,H,,L,Y,3,0,2,1,A,-,08,22107,,N,F,A,A,C,H,-,D,A,0,,,,,Y,,D,22,0,1,1,0,0,0,0,0,0,"- ","- ",35.10614013671875,-118.2518310546875,KERN,UNINCORPORATED,-118.25182342529297,35.106121063232422
91983386,2023,2023-01-31,9426,2023-01-24,1310,018023,,2,1,9,1500,0,1,3,,1,460,"SR-46 W/B","BITTERWATER VALLEY RD",8976.00,W,N,A,-,Y,KER,,46," "," ",14.072,H,,L,Y,3,0,1,1,C,-,18,,,N,E,I,A,A,H,-,A,D,0,,,,,Y,,-,"- ",0,1,0,0,0,0,0,0,0,"- ","- ",35.621471405029297,-119.97924041748047,KERN,UNINCORPORATED,-119.97915649414062,35.62158203125
91983887,2023,2023-02-01,9420,2023-01-29,2325,019598,,7,3,9,1500,0,1,3,,1,184,SR-184,"EAST PANAMA LANE",641.00,N,N,B,-,Y,KER,,184," "," ",4.150,H,,R,Y,3,0,1,1,A,-,08,22107,,N,E,I,A,B,H,-,C,D,0,,,,,Y,,D,22,0,1,0,0,0,0,0,0,0,"- ","- ",35.298309326171875,-118.91454315185547,KERN,UNINCORPORATED,-118.91436004638672,35.298309326171875
91983901,2023,2023-02-01,9420,2023-01-24,1555,019021,,2,2,6,1502,0,1,3,,2,094,"SR-99 NORTHBOUND","WIBLE RD.",375.00,S,N,A,-,Y,KER,,99," "," ",21.841,H,,R,Y,3,0,1,5,A,-,03,22350,,N,C,C,A,A,H,-,A,D,0,,,,,Y,,A,07,0,1,0,0,0,0,0,0,0,"- ","- ",35.328620910644531,-119.03893280029297,KERN,BAKERSFIELD,-119.03894805908203,35.328617095947266
91983909,2023,2023-02-01,9830,2023-01-27,2225,022181,,5,3,9,1500,0,1,3,,1,022,"SR-58 EB","BORON AVE",4870.00,E,N,A,-,Y,KER,,58," ",R,143.818,H,,R,Y,3,0,2,1,A,-,08,22107,,N,F,A,A,A,H,-,D,D,0,,,,,Y,,A,07,0,2,0,0,0,0,0,0,0,"- ","- ",35.009990692138672,-117.63327026367188,KERN,UNINCORPORATED,-117.63327026367188,35.010025024414062
91984059,2023,2023-02-01,9420,2023-01-31,"45  ",019598,,2,3,9,1500,0,1,3,,1,176,"SR-178 WESTBOUND","BAKER STREET",907.00,W,N,B,-,Y,KER,,178," ",R,2.956,H,,L,Y,4,0,1,1,A,-,08,22107,,M,E,J,A,A,H,-,D,D,0,,,,,Y,,A,01,0,0,1,0,0,0,0,0,0,"- ","- ",35.384239196777344,-118.99369812011719,KERN,UNINCORPORATED,-118.99369812011719,35.384243011474609
91984066,2023,2023-02-01,9420,2023-01-29,"850 ",019184,,7,1,9,1500,0,3,5,,2,050,"MERLE HAGGARD DR.","WINGS WAY",500.00,W,N,A,-,N,,,,,,,,,,N,3,0,1,1,A,-,08,22107,,N,E,I,A,A,H,-,A,D,0,,,,,Y,,A,01,0,1,0,0,0,0,0,0,0,"- ","- ",35.441360473632812,-119.05426025390625,KERN,UNINCORPORATED,-119.0540771484375,35.441257476806641
91984253,2023,2023-02-01,9830,2023-01-21,"935 ",019872,,6,1,3,1509,0,1,3,,2,011,"STATE ROUTE 58 W/B","STATE ROUTE 202",1700.00,E,N,A,-,Y,KER,,58," ",R,91.088,H,,L,Y,4,0,1,1,A,-,08,22107,,N,E,8,A,A,H,-,A,D,0,,,,,Y,,A,01,0,0,1,0,0,0,0,0,0,"- ","- ",35.139911651611328,-118.46109771728516,KERN,TEHACHAPI,-118.46106719970703,35.140033721923828
91984260,2023,2023-02-01,9830,2023-01-26,1507,022202,,4,2,9,1500,0,2,4,,1,032,"SIERRA HWY","AVENUE A",3274.00,N,N,A,-,N,,,,,,,,,,Y,4,0,1,3,A,-,03,22350,,N,B,C,A,A,H,-,A,D,0,,,,,Y,,A,01,0,0,1,0,0,0,0,0,0,"- ","- ",34.829631805419922,-118.15737152099609,KERN,UNINCORPORATED,-118.15749359130859,34.829582214355469
91984307,2023,2023-02-01,9420,2023-01-24,1933,017243,,2,2,9,1500,0,1,3,,2,090,SR-99,"LERDO HWY",5280.00,S,N,A,-,Y,KER,,99," "," ",35.503,H,,R,Y,4,0,1,1,A,-,08,22107,,N,E,I,A,A,H,-,D,D,0,,,,,Y,,A,01,0,0,1,0,0,0,0,0,0,"- ","- ",35.48944091796875,-119.15035247802734,KERN,UNINCORPORATED,-119.15049743652344,35.489307403564453
91984325,2023,2023-02-01,9426,2023-01-28,1045,017254,,6,1,9,1500,0,3,5,,2,085,"KIMBERLINA ROAD","PALM AVENUE",0.00,,Y,A,-,N,,,,,,,,,,Y,3,0,3,2,A,-,12,22450,A,N,D,C,A,A,H,-,A,A,0,,,,,Y,,D,22,0,2,1,0,0,0,0,0,0,"- ","- ",35.557991027832031,-119.34963989257812,KERN,UNINCORPORATED,-119.349609375,35.5579833984375
91984869,2023,2023-02-02,9420,2023-01-22,1310,018626,,7,1,6,1502,0,1,3,,2,095,"SR-99 S/B TO WHITE LANE","WHITE LANE",15.00,N,N,A,-,Y,,,,,,,,,,N,4,0,1,2,A,-,03,22350,,M,B,C,A,A,H,-,A,D,0,,,,,Y,,A,01,0,0,1,0,0,0,0,0,0,"- ","- ",35.317939758300781,-119.03782653808594,KERN,BAKERSFIELD,-119.03782653808594,35.317939758300781
91984919,2023,2023-02-02,9426,2023-02-01,"910 ",017254,,3,1,9,1500,0,1,3,,1,460,SR-46,"BITTERWATER VALLEY RD",12672.00,W,N,A,-,Y,KER,,46," "," ",14.859,H,,L,Y,3,0,1,1,A,-,08,22107,,N,F,A,A,A,H,-,A,D,0,,,,,Y,,A,01,0,1,0,0,0,0,0,0,0,"- ","- ",35.615978240966797,-119.96701049804688,KERN,UNINCORPORATED,-119.96712493896484,35.615818023681641
91984969,2023,2023-02-02,9420,2023-02-01,"305 ",021480,,3,3,9,1500,0,3,5,,2,060,"KNUDSEN DR","OLIVE DR",800.00,N,N,A,-,N,,,,,,,,,,Y,2,0,2,1,A,-,01,23152,F,N,E,I,A,A,H,-,C,D,0,,,,,Y,,A,01,1,0,1,0,0,0,0,0,0,"- ","- ",35.414730072021484,-119.05860137939453,KERN,UNINCORPORATED,-119.05876922607422,35.414463043212891
91985011,2022,2023-02-02,9420,2022-12-02,0411,019903,,5,3,9,1500,0,3,5,,2,620,"HEATH ROAD","CLARISSE STREET",35.00,S,N,B,C,N,,,,,,,,,,N,1,1,0,2,C,-,18,,,N,G,B,E,B,H,-,C,D,0,Y,,,,Y,,-,"- ",0,0,0,1,0,0,0,0,0,"- ","- ",35.379730224609375,-119.18099975585938,KERN,UNINCORPORATED,-119.18105316162109,35.379745483398438
91985262,2023,2023-02-02,9420,2023-01-21,1508,021134,,6,2,9,1500,0,1,3,,2,223,SR-223,"S VINELAND RD",0.00,,Y,A,-,Y,KER,,223," ",R,17.056,H,,R,Y,4,0,1,2,A,-,03,22350,,N,C,C,A,A,H,-,A,D,0,,,,,Y,,A,08,0,0,1,0,0,0,0,0,0,"- ","- ",35.208759307861328,-118.89623260498047,KERN,UNINCORPORATED,-118.89623260498047,35.208778381347656