CASE_ID,ACCIDENT_YEAR,PROC_DATE,JURIS,COLLISION_DATE,COLLISION_TIME,OFFICER_ID,REPORTING_DISTRICT,DAY_OF_WEEK,CHP_SHIFT,POPULATION,CNTY_CITY_LOC,SPECIAL_COND,BEAT_TYPE,CHP_BEAT_TYPE,CITY_DIVISION_LAPD,CHP_BEAT_CLASS,BEAT_NUMBER,PRIMARY_RD,SECONDARY_RD,DISTANCE,DIRECTION,INTERSECTION,WEATHER_1,WEATHER_2,STATE_HWY_IND,CALTRANS_COUNTY,CALTRANS_DISTRICT,STATE_ROUTE,ROUTE_SUFFIX,POSTMILE_PREFIX,POSTMILE,LOCATION_TYPE,RAMP_INTERSECTION,SIDE_OF_HWY,TOW_AWAY,COLLISION_SEVERITY,NUMBER_KILLED,NUMBER_INJURED,PARTY_COUNT,PRIMARY_COLL_FACTOR,PCF_CODE_OF_VIOL,PCF_VIOL_CATEGORY,PCF_VIOLATION,PCF_VIOL_SUBSECTION,HIT_AND_RUN,TYPE_OF_COLLISION,MVIW,PED_ACTION,ROAD_SURFACE,ROAD_COND_1,ROAD_COND_2,LIGHTING,CONTROL_DEVICE,CHP_ROAD_TYPE,PEDESTRIAN_ACCIDENT,BICYCLE_ACCIDENT,MOTORCYCLE_ACCIDENT,TRUCK_ACCIDENT,NOT_PRIVATE_PROPERTY,ALCOHOL_INVOLVED,STWD_VEHTYPE_AT_FAULT,CHP_VEHTYPE_AT_FAULT,COUNT_SEVERE_INJ,COUNT_VISIBLE_INJ,COUNT_COMPLAINT_PAIN,COUNT_PED_KILLED,COUNT_PED_INJURED,COUNT_BICYCLIST_KILLED,COUNT_BICYCLIST_INJURED,COUNT_MC_KILLED,COUNT_MC_INJURED,PRIMARY_RAMP,SECONDARY_RAMP,LATITUDE,LONGITUDE,COUNTY,CITY,POINT_X,POINT_Y
92043372,2023,2023-04-12,9426,2023-04-11,1720,016953,,2,2,9,1500,0,3,5,,2,086,"MAGNOLIA AVE","POSO AVE",0.00,,Y,A,-,N,,,,,,,,,,Y,4,0,1,2,A,-,09,21801,A,N,A,2,A,A,H,-,A,D,0,,,,,Y,,A,01,0,0,1,0,0,0,0,0,0,"- ","- ",35.586898803710938,-119.36710357666016,KERN,UNINCORPORATED,-119.36711883544922,35.586997985839844
92043451,2023,2023-04-12,9426,2023-03-31,1812,018610,,5,2,9,1500,0,1,3,,1,118,SR-119,"SUNRIDGE AVE.",1056.00,W,N,A,-,Y,KER,,119," "," ",8.581,H,,R,Y,2,0,1,1,C,-,18,,,N,E,H,A,A,H,-,A,D,0,,,,,Y,,-,"- ",1,0,0,0,0,0,0,0,0,"- ","- ",35.222938537597656,-119.38516235351562,KERN,UNINCORPORATED,-119.38520812988281,35.222984313964844
92043455,2023,2023-04-12,9420,2023-04-07,"953 ",018807,,5,1,9,1500,0,3,5,,2,610,"ELCIA DR","WILLIAMSON WAY",0.00,,Y,B,-,N,,,,,,,,,,Y,3,0,1,2,A,-,08,22107,,N,B,E,A,A,H,-,A,D,0,,,,,Y,,A,07,0,1,0,0,0,0,0,0,0,"- ","- ",35.351299285888672,-119.04518890380859,KERN,UNINCORPORATED,-119.04508209228516,35.351341247558594
92043988,2023,2023-04-13,9830,2023-04-06,1945,019977,,4,2,9,1500,0,3,5,,2,002,"K ST","SHASTA ST",63.00,S,N,A,-,N,,,,,,,,,,N,3,0,1,2,A,-,11,21954,A,N,G,B,D,A,H,-,C,D,0,Y,,,,Y,,N,60,0,1,0,0,1,0,0,0,0,"- ","- ",35.049831390380859,-118.17137145996094,KERN,UNINCORPORATED,-118.17144775390625,35.049922943115234
92044018,2023,2023-04-13,9430,2023-03-31,"655 ",021849,,5,1,9,1500,0,1,3,,2,167,"SR-166 (MARICOPA HIGHWAY)","SCHALLOCK ROAD",2.00,E,N,A,-,Y,KER,,166," "," ",17.059,H,,R,Y,3,0,2,2,A,-,03,22350,,N,C,C,A,A,H,-,A,D,0,,,,,Y,,A,01,0,1,1,0,0,0,0,0,0,"- ","- ",35.058971405029297,-119.10037231445312,KERN,UNINCORPORATED,-119.10037231445312,35.058975219726562
92044028,2023,2023-04-13,9430,2023-03-31,1520,017152,,5,2,9,1500,0,3,5,,2,004,"WHEELER RIDGE ROAD","SEBASTIAN ROAD",0.00,,Y,A,-,N,,,,,,,,,,Y,3,0,1,1,A,-,03,22350,,N,E,I,A,A,H,-,A,A,0,,,,,Y,,A,01,0,1,0,0,0,0,0,0,0,"- ","- ",35.045398712158203,-118.91777801513672,KERN,UNINCORPORATED,-118.91763305664062,35.045398712158203
92044051,2023,2023-04-13,9420,2023-04-08,1510,021144,,6,2,9,1500,0,3,5,,2,610,"PACHECO RD.","GARBER WAY",453.00,E,N,A,-,N,,,,,,,,,,Y,2,0,1,2,A,-,01,23152,A,N,C,C,A,A,H,-,A,D,0,,,,,Y,Y,A,01,1,0,0,0,0,0,0,0,0,"- ","- ",35.310379028320312,-118.99714660644531,KERN,UNINCORPORATED,-118.99710083007812,35.310409545898438
92044060,2023,2023-05-02,9420,2023-04-09,2035,020402,,7,2,9,1500,0,3,5,,2,050,"DECATUR ST","SEQUOIA DR",200.00,W,N,A,-,N,,,,,,,,,,N,2,0,1,2,A,-,11,21954,A,N,G,B,D,A,H,-,C,D,0,Y,,,,Y,Y,N,60,1,0,0,0,1,0,0,0,0,"- ","- ",35.413539886474609,-119.03533935546875,KERN,UNINCORPORATED,-119.03511047363281,35.413581848144531
92044354,2023,2023-04-13,9420,2023-03-31,1355,019098,,5,1,9,1500,0,3,5,,2,060,"ALLEN ROAD","MEACHAM ROAD",1150.00,S,N,A,-,N,,,,,,,,,,N,2,0,1,2,A,-,08,22100,A,N,H,G,A,A,H,-,A,D,0,,Y,,,Y,,L,04,1,0,0,0,0,0,1,0,0,"- ","- ",35.387340545654297,-119.14559173583984,KERN,UNINCORPORATED,-119.14554595947266,35.387622833251953
92044526,2023,2023-04-13,9830,2023-04-04,"5   ",021851,,2,3,9,1500,0,1,3,,2,010,"SR-58 EASTBOUND","BROOME ROAD OVERCROSSING",3696.00,E,N,A,-,Y,KER,,58," ",R,85.930,H,,R,Y,4,0,1,2,A,-,08,22107,,N,C,C,A,D,H,-,E,D,0,,,,Y,Y,,A,01,0,0,1,0,0,0,0,0,0,"- ","- ",35.193611145019531,-118.51183319091797,KERN,UNINCORPORATED,-118.51183319091797,35.193607330322266
92044541,2023,2023-04-13,9830,2023-03-31,1240,020655,,5,1,9,1500,0,2,4,,1,034,"ROSAMOND BLVD","30TH ST WEST",0.00,,Y,A,-,N,,,,,,,,,,Y,4,0,3,2,A,-,12,21453,A,N,D,C,A,A,H,-,A,A,0,,,,,Y,,-,"- ",0,0,3,0,0,0,0,0,0,"- ","- ",34.864128112792969,-118.18477630615234,KERN,UNINCORPORATED,-118.18489074707031,34.864048004150391
92044599,2023,2023-04-13,9430,2023-04-02,"945 ",018631,,7,1,9,1500,0,1,1,,2,052,"I-5 S/B","LEBEC SERVICE ROAD OVERCROSSING",1925.00,N,N,A,-,Y,KER,,5," "," ",1.969,H,,L,Y,4,0,2,3,A,-,08,22107,,N,C,C,A,A,H,-,A,D,0,,,,Y,Y,,A,01,0,0,2,0,0,0,0,0,0,"- ","- ",34.840728759765625,-118.86396026611328,KERN,UNINCORPORATED,-118.86399078369141,34.840717315673828
92044899,2023,2023-04-14,9420,2023-03-28,"800 ",016828,,2,1,9,1500,0,2,4,,2,074,"E. PANAMA ROAD","S. FAIRFAX ROAD",200.00,W,N,A,-,N,,,,,,,,,,N,4,0,1,2,A,-,21,22106,,N,C,C,A,A,H,-,A,D,0,,,,,Y,,A,01,0,0,1,0,0,0,0,0,0,"- ","- ",35.266990661621094,-118.93257904052734,KERN,UNINCORPORATED,-118.93280029296875,35.266971588134766
92044904,2023,2023-04-14,9420,2023-04-06,1330,021144,,4,1,9,1500,0,2,4,,1,052,"ROBERTS LN.","HART ST.",0.00,,Y,A,-,N,,,,,,,,,,Y,3,0,1,2,A,-,12,22450,A,M,D,C,A,A,H,-,A,A,0,,,,,Y,,A,07,0,1,0,0,0,0,0,0,0,"- ","- ",35.40863037109375,-119.01880645751953,KERN,UNINCORPORATED,-119.01878356933594,35.408638000488281
92044907,2023,2023-04-14,9420,2023-04-13,"620 ",016767,,4,1,9,1500,0,1,3,,2,097,"SR-99 S/B","COPUS ROAD O/C",3168.00,N,N,B,-,Y,KER,,99," "," ",5.946,H,,L,Y,3,0,1,1,A,-,08,22107,,N,E,I,A,A,H,-,B,D,0,,,,,Y,,A,01,0,1,0,0,0,0,0,0,0,"- ","- ",35.103080749511719,-118.98229217529297,KERN,UNINCORPORATED,-118.98241424560547,35.103054046630859
92044919,2023,2023-04-14,9830,2023-04-08,1908,021191,,6,2,9,1500,0,3,5,,2,003,"25TH STREET WEST","ROSAMOND BOULEVARD",150.00,N,N,A,-,N,,,,,,,,,,N,3,0,1,2,A,-,09,21804,A,N,D,C,A,A,H,-,A,D,0,,,,,Y,,A,07,0,1,0,0,0,0,0,0,0,"- ","- ",34.864650726318359,-118.17591857910156,KERN,UNINCORPORATED,-118.17596435546875,34.864612579345703
92045207,2023,2023-04-14,9420,2023-02-07,1843,021134,,2,2,9,1500,0,2,4,,1,075,"SOUTH UNION AVENUE NORTHBOUND","ADAMS STREET",0.00,,Y,A,-,N,,,,,,,,,,N,1,1,0,2,A,-,11,21950,B,N,G,B,B,A,H,-,D,D,0,Y,,,,Y,,N,60,0,0,0,1,0,0,0,0,0,"- ","- ",35.343620300292969,-119.00293731689453,KERN,UNINCORPORATED,-119.00295257568359,35.343612670898438
92045422,2023,2023-06-23,9420,2023-03-01,1541,021144,,3,2,9,1500,0,1,3,,1,650,"STATE ROUTE 65","MERLE HAGGARD DRIVE",0.00,,Y,B,-,Y,KER,,65," "," ",0.667,H,,R,Y,1,1,2,3,A,-,12,21453,A,N,D,C,A,A,H,-,A,A,0,,,,,Y,,A,07,1,1,0,0,0,0,0,0,0,"- ","- ",35.441341400146484,-119.07459259033203,KERN,UNINCORPORATED,-119.07472229003906,35.441341400146484
92045455,2023,2023-04-14,9430,2023-04-06,"220 ",021486,,4,3,9,1500,0,1,1,,2,051,"I-5 N/B","FRAZIER MOUNTAIN PARK RD",1600.00,S,N,A,-,Y,LA,,5," ",R,88.242,H,,R,Y,3,0,2,2,A,-,01,23152,A,N,C,C,A,A,G,-,C,D,0,,,,Y,Y,Y,D,22,0,1,1,0,0,0,0,0,0,"- ","- ",34.813240051269531,-118.88450622558594,KERN,UNINCORPORATED,-118.884521484375,34.813240051269531
92045466,2023,2023-04-14,9430,2023-04-06,"720 ",017187,,4,1,9,1500,0,1,1,,2,053,"I-5 N/B","GRAPEVINE ROAD U/C",4224.00,S,N,A,-,Y,LA,,5," ",R,87.250,H,,R,N,4,0,1,2,A,-,07,21658,A,M,C,C,A,A,H,-,A,A,0,,,,,Y,,-,99,0,0,1,0,0,0,0,0,0,"- ","- ",34.801799774169922,-118.87535858154297,KERN,UNINCORPORATED,-118.87542724609375,34.801750183105469
92045467,2023,2023-04-14,9430,2023-04-06,1610,015185,,4,2,9,1500,0,1,1,,2,054,"INTERSTATE 5 NB GRAPEVINE ON RAMP","EDMONSTON PUMP PLANT ROAD",569.00,N,N,A,-,Y,,,,,,,,,,N,3,0,1,1,A,-,08,22107,,N,F,I,A,A,H,-,A,D,0,,,,,Y,,A,01,0,1,0,0,0,0,0,0,0,"- ","- ",34.942371368408203,-118.92981719970703,KERN,UNINCORPORATED,-118.92981719970703,34.942371368408203
92046045,2023,2023-04-17,9830,2023-03-20,1624,021851,,1,2,9,1500,0,3,5,,2,002,"ALLEY EAST OF M STREET","PANAMINT STREET",105.00,S,N,A,-,N,,,,,,,,,,N,3,0,1,2,A,-,03,22350,,N,D,G,A,A,H,-,A,D,0,,Y,,,Y,,J,48,0,1,0,0,0,0,1,0,0,"- ","- ",35.051681518554688,-118.16854095458984,KERN,UNINCORPORATED,-118.16860198974609,35.0517578125
92046246,2023,2023-04-17,9830,2023-04-10,2329,023211,,1,3,3,1509,0,1,3,,2,012,SR58,"TEHACHAPI BLVD",436.00,W,N,A,-,Y,KER,,58," ",R,94.108,H,,R,N,3,0,1,1,A,-,08,22107,,N,E,I,A,A,H,-,D,D,0,,,,,Y,,A,07,0,1,0,0,0,0,0,0,0,"- ","- ",35.128501892089844,-118.41197204589844,KERN,TEHACHAPI,-118.41192626953125,35.128517150878906
92046353,2023,2023-04-17,9420,2023-04-07,1335,021260,,5,1,9,1500,0,2,4,,1,071,"OSWELL STREET","PICO AVENUE",30.00,S,N,A,-,N,,,,,,,,,,Y,4,0,1,2,A,-,03,22350,,N,C,C,A,A,H,-,A,A,0,,,,,Y,,A,07,0,0,1,0,0,0,0,0,0,"- ","- ",35.390159606933594,-118.94966888427734,KERN,UNINCORPORATED,-118.94983673095703,35.390346527099609
92046465,2023,2023-04-17,9420,2023-04-09,1406,021134,,7,2,9,1500,0,1,3,,1,119,SR-119,"PAR ST",1900.00,E,N,A,-,Y,KER,,119," "," ",26.744,H,,R,Y,4,0,1,2,A,-,03,22350,,N,C,C,A,A,H,-,A,D,0,,,,,Y,,A,01,0,0,1,0,0,0,0,0,0,"- ","- ",35.26715087890625,-119.10178375244141,KERN,UNINCORPORATED,-119.10178375244141,35.267158508300781
92046605,2023,2023-04-17,9430,2023-04-06,1155,017187,,4,1,9,1500,0,1,1,,2,053,"I-5 N/B","GRAPEVINE ROAD U/C",10560.00,S,N,A,-,Y,KER,,5," "," ",7.915,H,,R,Y,3,0,2,2,A,-,03,22350,,N,C,C,A,A,H,-,A,A,0,,,,,Y,,A,07,0,1,1,0,0,0,0,0,0,"- ","- ",34.908370971679688,-118.92376708984375,KERN,UNINCORPORATED,-118.92366790771484,34.908363342285156
92046619,2023,2023-08-04,9420,2023-04-14,"845 ",020484,,5,1,9,1500,0,3,5,,2,672,"ZEPHYR LANE","FAIRFAX RD",400.00,W,N,A,-,N,,,,,,,,,,N,4,0,1,2,A,-,09,21804,A,N,D,C,A,A,H,-,A,D,0,,,,,Y,,A,07,0,0,1,0,0,0,0,0,0,"- ","- ",35.347011566162109,-118.93363189697266,KERN,UNINCORPORATED,-118.93338012695312,35.347030639648438
92046764,2023,2023-04-17,9830,2023-04-05,"535 ",019872,,3,3,9,1500,0,3,5,,2,003,"REED AVENUE","LONE BUTTE ROAD",50.00,E,N,A,-,N,,,,,,,,,,Y,3,0,1,1,A,-,03,22350,,N,E,I,A,A,H,-,D,D,0,,,,,Y,,A,07,0,1,0,0,0,0,0,0,0,"- ","- ",34.981319427490234,-118.14095306396484,KERN,UNINCORPORATED,-118.14088439941406,34.981452941894531
92046766,2023,2023-04-17,9420,2023-04-15,"655 ",020409,,6,1,9,1500,0,1,3,,2,588,"SR-58 EASTBOUND","BEALVILLE RD",2112.00,E,N,A,-,Y,KER,,58," "," ",77.491,H,,R,Y,3,0,3,2,A,-,07,21658,A,N,C,C,A,A,H,-,A,D,0,,,,,Y,,A,07,0,1,2,0,0,0,0,0,0,"- ","- ",35.263141632080078,-118.62570953369141,KERN,UNINCORPORATED,-118.62570953369141,35.263137817382812
92046773,2023,2023-04-17,9420,2023-04-15,"710 ",019868,,6,1,9,1500,0,3,5,,2,530,"7TH STANDARD RD","GOLDEN STATE AVE",50.00,W,N,A,-,N,,,,,,,,,,Y,4,0,4,3,A,-,03,22350,,N,C,C,A,A,H,-,A,A,0,,,,,Y,,A,01,0,0,4,0,0,0,0,0,0,"- ","- ",35.441131591796875,-119.08698272705078,KERN,UNINCORPORATED,-119.08682250976562,35.441253662109375
92046782,2023,2023-04-17,9830,2023-04-10,1308,020866,,1,1,9,1500,0,2,4,,1,034,"ROSAMOND BLVD","GLENDOWER ST",50.00,E,N,A,-,N,,,,,,,,,,N,4,0,1,2,A,-,00,21082,,N,D,C,A,A,H,-,A,A,0,,,,,Y,,A,01,0,0,1,0,0,0,0,0,0,"- ","- ",34.86431884765625,-118.16886901855469,KERN,UNINCORPORATED,-118.16890716552734,34.864311218261719
92046822,2023,2023-04-17,9426,2023-04-08,1418,021365,,6,2,9,1500,0,1,3,,2,432,SR-43,"PANAMA LN",4752.00,N,N,A,-,Y,KER,,43," "," ",3.027,H,,R,Y,3,0,1,1,A,-,08,22107,,N,F,A,A,A,H,-,A,D,0,,,,,Y,Y,A,07,0,1,0,0,0,0,0,0,0,"- ","- ",35.309711456298828,-119.2523193359375,KERN,UNINCORPORATED,-119.25245666503906,35.309711456298828
92046833,2023,2023-04-17,9426,2023-04-08,2201,022015,,6,3,9,1500,0,1,A,,2,710,"SR-166 E/B","ELKHORN GRADE RD",5280.00,W,N,A,-,N,,,,,,,,,,Y,4,0,1,1,C,-,18,,,N,E,H,A,A,H,-,D,D,0,,,,,Y,,-,"- ",0,0,1,0,0,0,0,0,0,"- ","- ",35.028438568115234,-119.41848754882812,KERN,UNINCORPORATED,-119.42031860351562,35.042270660400391
92046883,2022,2023-04-17,9420,2022-10-04,2307,021566,,2,3,9,1500,0,2,4,,1,051,"N CHESTER AVENUE","BANCROFT DRIVE",0.00,,Y,A,-,N,,,,,,,,,,Y,1,2,1,2,A,-,03,22350,,N,D,C,A,A,H,-,C,D,0,,,Y,,Y,,C,02,0,1,0,0,0,0,0,2,0,"- ","- ",35.430629730224609,-119.02123260498047,KERN,UNINCORPORATED,-119.02123260498047,35.430622100830078
92046884,2023,2023-04-17,9426,2023-04-10,1455,021905,,1,2,9,1500,0,1,3,,1,460,"SR-46 E/B","LOST HILLS RD",30.00,W,N,A,-,N,,,,,,,,,,N,3,0,1,2,A,-,03,22350,,N,C,C,A,A,D,E,A,A,0,,,,Y,Y,,G,25,0,1,0,0,0,0,0,0,0,"- ","- ",35.616039276123047,-119.69017791748047,KERN,UNINCORPORATED,-119.69017791748047,35.616073608398438
92047266,2023,2023-04-18,9830,2023-04-05,1055,019872,,3,1,9,1500,0,1,3,,1,031,"STATE ROUTE 14","MEYER RD",50.00,N,N,A,-,Y,KER,,14," ",R,15.596,H,,R,Y,4,0,1,2,A,-,08,22107,,N,B,C,A,A,H,-,A,D,0,,,,,Y,,A,01,0,0,1,0,0,0,0,0,0,"- ","- ",35.041801452636719,-118.17031097412109,KERN,UNINCORPORATED,-118.17018890380859,35.041824340820312
92047280,2023,2023-04-18,9420,2023-04-05,2350,020573,,3,3,9,1500,0,3,5,,2,520,"WHISLER RD.","GARZOLI AVE.",1056.00,W,N,A,-,N,,,,,,,,,,Y,3,0,1,1,A,-,08,22107,,N,E,J,A,A,H,-,D,D,0,,,,,Y,,A,01,0,1,0,0,0,0,0,0,0,"- ","- ",35.64556884765625,-119.24485778808594,KERN,UNINCORPORATED,-119.24459838867188,35.645458221435547
92047282,2023,2023-04-18,9420,2023-04-10,1300,020366,,1,1,9,1500,0,2,4,,1,051,"N CHESTER AVENUE","ARVIN STREET",35.00,N,N,A,-,N,,,,,,,,,,N,4,0,1,2,A,-,03,22350,,N,C,C,A,A,H,-,A,A,0,,,,,Y,,A,01,0,0,1,0,0,0,0,0,0,"- ","- ",35.423381805419922,-119.02131652832031,KERN,UNINCORPORATED,-119.02129364013672,35.423297882080078
92047283,2023,2023-04-18,9420,2023-04-08,2152,021826,,6,2,6,1502,0,1,3,,2,095,"SR-99 SB","PANAMA LANE",1650.00,S,N,A,-,Y,KER,,99," "," ",19.187,H,,L,N,2,0,1,2,A,-,11,21954,A,N,G,B,D,A,H,-,C,D,0,Y,,,Y,Y,,N,60,1,0,0,0,1,0,0,0,0,"- ","- ",35.290821075439453,-119.02935028076172,KERN,BAKERSFIELD,-119.02928161621094,35.29083251953125
92047287,2023,2023-04-18,9420,2023-04-16,1150,020409,,7,1,9,1500,0,2,4,,1,072,"E. BRUNDAGE LANE","STERLING ROAD",60.00,E,N,A,-,N,,,,,,,,,,N,4,0,2,2,A,-,03,22350,,N,C,C,A,A,H,-,A,A,0,,,,,Y,,D,22,0,0,2,0,0,0,0,0,0,"- ","- ",35.354259490966797,-118.94049835205078,KERN,UNINCORPORATED,-118.94071197509766,35.354228973388672
92047384,2023,2023-04-18,9420,2023-02-04,"720 ",019868,,6,1,9,1500,0,3,5,,2,040,"ALTA VISTA DRIVE","IRENE STREET",0.00,,Y,A,-,N,,,,,,,,,,Y,1,1,2,2,A,-,01,23152,A,F,D,C,A,A,H,-,A,A,0,,,,,Y,Y,A,01,1,1,0,0,0,0,0,0,0,"- ","- ",35.393421173095703,-118.99407196044922,KERN,UNINCORPORATED,-118.99398803710938,35.393409729003906
92047514,2023,2023-04-18,9430,2023-04-08,"410 ",021504,,6,3,9,1500,0,1,1,,2,053,"I-5 S/B","GRAPEVINE ROAD U/C",422.00,S,N,A,-,Y,KER,,5," "," ",9.301,H,,L,N,4,0,1,2,A,-,01,23152,A,N,C,C,A,A,H,-,D,D,0,,,,Y,Y,Y,A,07,0,0,1,0,0,0,0,0,0,"- ","- ",34.926898956298828,-118.92880249023438,KERN,UNINCORPORATED,-118.92868804931641,34.926895141601562
92047583,2023,2023-06-09,9420,2023-01-06,2225,021766,,5,3,6,1502,0,1,3,,1,176,"SR-178 W/B TO SR-204 N/B","O STREET",339.00,E,N,A,-,Y,KER,,204," "," ",4.359,H,,R,Y,1,1,0,4,C,-,18,,,N,G,B,E,A,H,-,C,D,0,Y,,,,Y,,-,"- ",0,0,0,1,0,0,0,0,0,"- ","- ",35.383148193359375,-119.01181793212891,KERN,BAKERSFIELD,-119.01190948486328,35.383029937744141
92047638,2023,2023-04-18,9420,2023-04-05,2351,020573,,3,3,9,1500,0,3,5,,2,520,"WHISLER RD.","GARZOLI AVE.",1056.00,W,N,A,-,N,,,,,,,,,,Y,3,0,1,1,A,-,08,22107,,N,F,A,A,A,H,-,D,D,0,,,,,Y,,A,01,0,1,0,0,0,0,0,0,0,"- ","- ",35.645320892333984,-119.24955749511719,KERN,UNINCORPORATED,-119.24459838867188,35.645458221435547
92047784,2023,2023-04-18,9830,2023-04-12,1630,019883,,3,2,4,1506,0,1,3,,1,052,"SR-178 W/B","SAGUARO ST",1584.00,E,N,A,-,Y,KER,,178," "," ",94.629,H,,L,N,4,0,1,2,A,-,11,21954,A,N,G,B,E,A,H,-,A,D,0,Y,,,,Y,,N,60,0,0,1,0,1,0,0,0,0,"- ","- ",35.652099609375,-117.7760009765625,KERN,RIDGECREST,-117.7760009765625,35.652050018310547
92047790,2023,2023-04-18,9420,2023-04-14,"915 ",018387,,5,1,9,1500,0,2,4,,1,071,"MT VERNON AVE","CALIFORNIA AVE",0.00,,Y,A,-,N,,,,,,,,,,Y,4,0,1,2,A,-,12,21453,A,N,D,C,A,A,H,-,A,D,0,,,,,Y,,A,01,0,0,1,0,0,0,0,0,0,"- ","- ",35.368568420410156,-118.9674072265625,KERN,UNINCORPORATED,-118.96762847900391,35.368549346923828
92047873,2023,2023-04-18,9426,2023-04-02,1125,019592,,7,1,9,1500,0,3,5,,2,081,"CEDAR ST","MONROE ST",0.00,,Y,A,-,N,,,,,,,,,,Y,3,0,1,2,A,-,03,22350,,N,D,C,A,A,H,-,A,A,0,,,,,Y,,A,07,0,1,0,0,0,0,0,0,0,"- ","- ",35.154548645019531,-119.45301055908203,KERN,UNINCORPORATED,-119.4525146484375,35.154548645019531
92048478,2023,2023-04-19,9420,2023-04-07,1714,021134,,5,2,9,1500,0,3,5,,2,630,"S H ST","CURNOW RD",380.00,N,N,A,-,N,,,,,,,,,,N,3,0,1,1,A,-,08,22107,,N,F,A,A,A,H,-,A,D,0,,,Y,,Y,,C,02,0,1,0,0,0,0,0,0,1,"- ","- ",35.260761260986328,-119.02056884765625,KERN,UNINCORPORATED,-119.02423095703125,35.259571075439453
92048889,2023,2023-04-19,9426,2023-04-14,2235,021948,,5,3,9,1500,0,1,3,,2,581,SR-58,"OLD TRACY AVE",1000.00,E,N,A,-,Y,KER,,58," "," ",30.987,H,,R,Y,4,0,2,1,A,-,01,23152,A,M,F,A,A,A,H,-,D,D,0,,,,,Y,Y,A,01,0,0,2,0,0,0,0,0,0,"- ","- ",35.399509429931641,-119.40888977050781,KERN,UNINCORPORATED,-119.40885925292969,35.399326324462891
92049220,2023,2023-04-20,9420,2023-04-15,"440 ",021895,,6,3,9,1500,0,3,5,,2,672,"DAVID RD","RANCHO DR",0.00,,Y,A,-,N,,,,,,,,,,Y,4,0,1,1,A,-,12,22450,,M,E,I,A,A,H,-,D,D,0,,,,,Y,,A,07,0,0,1,0,0,0,0,0,0,"- ","- ",35.092731475830078,-118.85044097900391,KERN,UNINCORPORATED,-118.85041809082031,35.0927734375
92049265,2023,2023-04-20,9830,2023-04-10,"130 ",023209,,1,3,9,1500,0,1,3,,2,021,"STATE ROUTE 58","CALIFORNIA CITY BLVD",5280.00,W,N,A,-,Y,KER,,58," ",R,126.595,H,,R,Y,3,0,1,1,A,-,08,22107,,N,E,I,A,A,H,-,D,D,0,,,,,Y,,A,01,0,1,0,0,0,0,0,0,0,"- ","- ",35.013240814208984,-117.93524932861328,KERN,UNINCORPORATED,-117.93524169921875,35.013298034667969
92049303,2023,2023-04-20,9420,2023-04-09,"250 ",021773,,7,3,9,1500,0,1,3,,2,096,"STATE ROUTE 99 NORTHBOUND","STATE ROUTE 223",2640.00,N,N,A,-,Y,KER,,99," "," ",13.915,H,,R,Y,2,0,1,2,A,-,03,22350,,F,C,2,A,A,D,-,C,D,0,,,,,Y,,D,22,1,0,0,0,0,0,0,0,0,"- ","- ",35.215801239013672,-119.01123046875,KERN,UNINCORPORATED,-119.01129150390625,35.215793609619141
92049321,2023,2023-04-20,9830,2023-04-08,"550 ",019872,,6,3,9,1500,0,1,3,,1,022,"STATE ROUTE 58 E/B","ROSAMOND BLVD",20.00,W,N,A,-,Y,,,,,,,,,,Y,4,0,1,1,A,-,08,22107,,N,E,I,A,A,H,-,D,D,0,,,,,Y,,A,07,0,0,1,0,0,0,0,0,0,"- ","- ",35.008640289306641,-117.88108062744141,KERN,UNINCORPORATED,-118.23378753662109,34.863780975341797
92049378,2023,2023-04-20,9420,2023-04-12,1600,019531,,3,2,9,1500,0,1,3,,2,093,"STATE ROUTE 99 (SR-99) SOUTHBOUND FROM AIRORT DRIV","RIO MIRADA DRIVE",650.00,N,N,A,-,Y,,,,,,,,,,N,4,0,1,1,A,-,08,22107,,N,E,I,A,A,H,-,A,D,0,,,,,Y,,A,08,0,0,1,0,0,0,0,0,0,"- ","- ",35.400379180908203,-119.04353332519531,KERN,UNINCORPORATED,-119.04353332519531,35.400379180908203
92049386,2023,2023-04-20,9830,2023-04-09,1850,020655,,7,2,9,1500,0,3,5,,2,001,"JAMESON RD","JAMESON ST",32.00,E,N,A,-,N,,,,,,,,,,Y,4,0,1,1,A,-,01,23152,A,N,E,I,A,A,H,-,B,D,0,,,,,Y,Y,D,22,0,0,1,0,0,0,0,0,0,"- ","- ",35.115081787109375,-118.37889099121094,KERN,UNINCORPORATED,-118.37909698486328,35.115280151367188
92049451,2023,2023-04-20,9420,2023-04-19,"545 ",020163,,3,3,9,1500,0,1,3,,2,585,SR-58,"HUGHES LN",50.00,W,N,A,-,Y,KER,,58," ",R,52.875,H,,R,Y,4,0,1,2,A,-,03,22350,,N,C,C,A,A,H,-,A,D,0,,,,,Y,,A,01,0,0,1,0,0,0,0,0,0,"- ","- ",35.352729797363281,-119.03032684326172,KERN,UNINCORPORATED,-119.03033447265625,35.352470397949219