CASE_ID,ACCIDENT_YEAR,PROC_DATE,JURIS,COLLISION_DATE,COLLISION_TIME,OFFICER_ID,REPORTING_DISTRICT,DAY_OF_WEEK,CHP_SHIFT,POPULATION,CNTY_CITY_LOC,SPECIAL_COND,BEAT_TYPE,CHP_BEAT_TYPE,CITY_DIVISION_LAPD,CHP_BEAT_CLASS,BEAT_NUMBER,PRIMARY_RD,SECONDARY_RD,DISTANCE,DIRECTION,INTERSECTION,WEATHER_1,WEATHER_2,STATE_HWY_IND,CALTRANS_COUNTY,CALTRANS_DISTRICT,STATE_ROUTE,ROUTE_SUFFIX,POSTMILE_PREFIX,POSTMILE,LOCATION_TYPE,RAMP_INTERSECTION,SIDE_OF_HWY,TOW_AWAY,COLLISION_SEVERITY,NUMBER_KILLED,NUMBER_INJURED,PARTY_COUNT,PRIMARY_COLL_FACTOR,PCF_CODE_OF_VIOL,PCF_VIOL_CATEGORY,PCF_VIOLATION,PCF_VIOL_SUBSECTION,HIT_AND_RUN,TYPE_OF_COLLISION,MVIW,PED_ACTION,ROAD_SURFACE,ROAD_COND_1,ROAD_COND_2,LIGHTING,CONTROL_DEVICE,CHP_ROAD_TYPE,PEDESTRIAN_ACCIDENT,BICYCLE_ACCIDENT,MOTORCYCLE_ACCIDENT,TRUCK_ACCIDENT,NOT_PRIVATE_PROPERTY,ALCOHOL_INVOLVED,STWD_VEHTYPE_AT_FAULT,CHP_VEHTYPE_AT_FAULT,COUNT_SEVERE_INJ,COUNT_VISIBLE_INJ,COUNT_COMPLAINT_PAIN,COUNT_PED_KILLED,COUNT_PED_INJURED,COUNT_BICYCLIST_KILLED,COUNT_BICYCLIST_INJURED,COUNT_MC_KILLED,COUNT_MC_INJURED,PRIMARY_RAMP,SECONDARY_RAMP,LATITUDE,LONGITUDE,COUNTY,CITY,POINT_X,POINT_Y
92049648,2023,2023-04-20,9426,2023-04-13,1534,021365,,4,2,9,1500,0,1,1,,2,506,"I-5 N/B OFF-RAMP TO SR-223",SR-223,0.00,,Y,A,-,Y,KER,,223," "," ",1.986,H,,R,Y,4,0,1,2,A,-,09,21802,A,N,D,C,A,A,H,-,A,D,0,,,,,Y,,A,07,0,0,1,0,0,0,0,0,0,"- ","- ",35.209091186523438,-119.16055297851562,KERN,UNINCORPORATED,-119.16055297851562,35.209083557128906
92049691,2023,2023-04-20,9426,2023-04-16,1104,019442,,7,1,9,1500,0,1,3,,2,581,"SR-58 W/B",SR-33,10560.00,E,N,A,-,Y,KER,,58," "," ",16.784,H,,L,N,4,0,1,1,A,-,08,22107,,N,E,I,A,A,H,-,A,D,0,,,Y,,Y,,C,02,0,0,1,0,0,0,0,0,1,"- ","- ",35.325119018554688,-119.61617279052734,KERN,UNINCORPORATED,-119.61611175537109,35.325119018554688
92049698,2023,2023-04-20,9830,2023-04-08,1130,019872,,6,1,9,1500,0,3,5,,2,004,"POWERLINE RD (LA2)","DOVE SPRING CANYON RD (CS103)",5280.00,S,N,A,-,N,,,,,,,,,,Y,2,0,1,2,D,-,00,,,N,A,C,A,A,G,-,A,D,0,,,Y,,Y,,-,"- ",1,0,0,0,0,0,0,0,1,"- ","- ",35.412418365478516,-118.00608062744141,KERN,UNINCORPORATED,,
92049704,2023,2023-04-20,9426,2023-04-17,"645 ",017281,,1,1,9,1500,0,1,3,,1,460,SR-46,"PAVILLION WAY",3696.00,W,N,A,-,Y,KER,,46," "," ",29.615,H,,R,Y,3,0,1,2,A,-,09,21804,A,N,D,C,A,A,H,-,A,D,0,,,,Y,Y,,G,25,0,1,0,0,0,0,0,0,0,"- ","- ",35.616069793701172,-119.70545959472656,KERN,UNINCORPORATED,-119.70545959472656,35.615978240966797
92049725,2023,2023-04-20,9420,2023-04-06,1405,021601,,4,2,9,1500,0,1,3,,2,585,"SR-58 W/B","S. CHESTER AVE",6.00,E,N,A,-,Y,KER,,58," ",R,53.535,H,,L,Y,3,0,1,2,A,-,03,22350,,N,C,C,A,A,H,-,A,D,0,,,,,Y,,M,47,0,1,0,0,0,0,0,0,0,"- ","- ",35.352668762207031,-119.01866149902344,KERN,UNINCORPORATED,-119.01866149902344,35.352691650390625
92049765,2023,2023-04-20,9426,2023-04-19,1155,017281,,3,1,9,1500,0,3,5,,2,082,"SHAFTER AVE.","7TH STANDARD RD.",200.00,N,N,A,-,N,,,,,,,,,,Y,4,0,1,3,A,-,03,22350,,N,C,2,A,A,H,-,A,A,0,,,,,Y,,D,22,0,0,1,0,0,0,0,0,0,"- ","- ",35.442119598388672,-119.27880859375,KERN,UNINCORPORATED,-119.27895355224609,35.442298889160156
92049781,2023,2023-04-20,9420,2023-04-13,1450,021601,,4,2,9,1500,0,2,4,,1,075,"S. UNION AVE","S. CHESTER AVE",0.00,,Y,A,-,N,,,,,,,,,,N,3,0,1,2,A,-,06,21755,A,N,D,C,A,A,H,-,A,A,0,,,Y,,Y,,C,02,0,1,0,0,0,0,0,0,1,"- ","- ",35.318828582763672,-119.00319671630859,KERN,UNINCORPORATED,-119.00312805175781,35.318374633789062
92049783,2023,2023-04-20,9420,2023-04-13,1520,021601,,4,2,9,1500,0,2,4,,1,072,"E. BRUNDAGE LANE","FAIRFAX RD",177.00,W,N,A,-,N,,,,,,,,,,N,3,0,1,2,A,-,09,21804,A,N,D,C,A,A,H,-,A,A,0,,,,,Y,,A,01,0,1,0,0,0,0,0,0,0,"- ","- ",35.354290008544922,-118.93282318115234,KERN,UNINCORPORATED,-118.93262481689453,35.354270935058594
92049786,2023,2023-04-20,9420,2023-04-15,1755,021601,,6,2,9,1500,0,3,5,,2,050,"YOSEMITE DRIVE","WILSON AVE",0.00,,Y,A,-,N,,,,,,,,,,N,3,0,1,1,A,-,08,22107,,N,H,A,A,A,H,-,A,D,0,,,Y,,Y,,C,02,0,1,0,0,0,0,0,0,1,"- ","- ",35.417339324951172,-119.0323486328125,KERN,UNINCORPORATED,-119.03224182128906,35.417304992675781
92049802,2023,2023-04-20,9830,2023-04-09,1540,021191,,7,2,9,1500,0,1,3,,1,031,"SIERRA HIGHWAY","MEYER ROAD",150.00,N,N,A,-,Y,KER,,14," ",R,15.628,H,,R,Y,3,0,2,2,A,-,09,21801,A,N,D,C,A,A,H,-,A,D,0,,,,,Y,,D,22,0,1,1,0,0,0,0,0,0,"- ","- ",35.042259216308594,-118.17032623291016,KERN,UNINCORPORATED,-118.17033386230469,35.042259216308594
92049868,2023,2023-04-20,9426,2023-04-20,1150,017230,,4,1,9,1500,0,1,3,,2,582,"STATE ROUTE 58 (STOCKDALE HIGHWAY)","STONER DRIVE",275.00,E,N,A,-,Y,KER,,58," ",R,34.886,H,,R,Y,4,0,1,1,A,-,03,22350,,N,E,I,A,A,H,-,A,D,0,,,,,Y,,A,07,0,0,1,0,0,0,0,0,0,"- ","- ",35.354690551757812,-119.32951354980469,KERN,UNINCORPORATED,-119.32950592041016,35.354843139648438
92051141,2023,2023-04-24,9830,2023-04-22,"942 ",020427,,6,1,9,1500,0,2,4,,1,034,"ROSAMOND BLVD.","45TH ST  W",0.00,,Y,A,-,N,,,,,,,,,,Y,3,0,2,2,A,-,09,21801,A,N,D,C,A,A,H,-,A,D,0,,,,,Y,,A,01,0,2,0,0,0,0,0,0,0,"- ","- ",34.863731384277344,-118.21154022216797,KERN,UNINCORPORATED,-118.21148681640625,34.863750457763672
92051548,2023,2023-04-24,9420,2023-04-10,2141,019311,,1,2,9,1500,0,1,3,,1,119,SR-119,"I-5 NB TO SR-119",0.00,,Y,A,-,Y,KER,,119," "," ",19.921,H,,R,Y,4,0,2,2,A,-,09,21802,A,N,D,C,A,A,H,-,C,A,0,,,,Y,Y,,A,01,0,0,2,0,0,0,0,0,0,"- ","- ",35.267101287841797,-119.22199249267578,KERN,UNINCORPORATED,-119.22199249267578,35.267086029052734
92051560,2023,2023-04-24,9420,2023-04-14,1430,021565,,5,2,9,1500,0,2,4,,1,072,"NILES ST","VISTA ST",0.00,,Y,A,-,N,,,,,,,,,,Y,4,0,2,2,A,-,09,21802,A,N,D,C,A,A,H,-,A,A,0,,,,,Y,,A,01,0,0,2,0,0,0,0,0,0,"- ","- ",35.375919342041016,-118.95188903808594,KERN,UNINCORPORATED,-118.951904296875,35.375885009765625
92051563,2023,2023-04-24,9420,2023-04-14,1725,021565,,5,2,9,1500,0,1,3,,1,184,"STATE ROUTE 184 (SR-184)","PIONEER DRIVE",15.00,N,N,A,-,Y,KER,,184," "," ",9.120,H,,R,N,4,0,1,2,A,-,01,23152,A,N,C,C,A,A,H,-,A,D,0,,,,,Y,Y,A,01,0,0,1,0,0,0,0,0,0,"- ","- ",35.368961334228516,-118.91426849365234,KERN,UNINCORPORATED,-118.91420745849609,35.36895751953125
92051718,2023,2023-04-24,9420,2023-03-26,1448,020782,,7,2,9,1500,0,1,3,,2,155,SR-155,"HUNGRY GULCH CAMPGROUND",528.00,W,N,B,-,Y,KER,,155," "," ",67.138,H,,R,Y,4,0,1,1,A,-,08,22107,,N,E,I,A,A,H,-,A,D,0,,,,,Y,,A,01,0,0,1,0,0,0,0,0,0,"- ","- ",35.672691345214844,-118.47148895263672,KERN,UNINCORPORATED,-118.47145080566406,35.672695159912109
92051752,2023,2023-04-24,9420,2023-04-11,1435,017243,,2,2,9,1500,0,2,4,,1,075,"S. UNION AVE","CURNOW RD",0.00,,Y,A,-,N,,,,,,,,,,Y,4,0,3,2,A,-,09,21802,A,N,D,C,A,A,H,-,A,A,0,,,,,Y,,A,01,0,0,3,0,0,0,0,0,0,"- ","- ",35.259590148925781,-119.00302124023438,KERN,UNINCORPORATED,-119.00313568115234,35.259552001953125
92051802,2023,2023-04-24,9420,2023-04-13,1355,019686,,4,1,9,1500,0,1,3,,2,096,"SR-99 N/B",SR-223,2640.00,S,N,A,-,Y,KER,,99," "," ",12.357,H,,R,Y,3,0,3,3,A,-,03,22350,,N,C,C,A,A,D,-,A,D,0,,,,,Y,,A,01,0,1,2,0,0,0,0,0,0,"- ","- ",35.19342041015625,-119.00782775878906,KERN,UNINCORPORATED,-119.00778961181641,35.193424224853516
92051863,2023,2023-04-24,9420,2023-04-13,1605,019098,,4,2,6,1502,0,1,3,,2,094,"SR-99 N/B","PACHECO ROAD",1584.00,S,N,A,-,Y,KER,,99," "," ",20.350,H,,R,N,4,0,1,3,A,-,04,21703,,N,C,C,A,A,D,E,A,D,0,,,,,Y,,A,07,0,0,1,0,0,0,0,0,0,"- ","- ",35.307308197021484,-119.033447265625,KERN,BAKERSFIELD,-119.03338623046875,35.307319641113281
9205204,2021,2021-03-25,1500,2021-01-06,1004,202381,WA02,3,5,3,1510,0,0,0,,0,4401,"RT 46","PALM AV",235.00,W,N,E,-,Y,KER,6,46,-,-,49.970,H,-,E,Y,4,0,1,2,A,-,08,22105,,N,C,C,A,A,H,-,A,A,0,,,,Y,Y,,A,01,0,0,1,0,0,0,0,0,0,"- ","- ",,,KERN,WASCO,-119.35018157958984,35.601558685302734
92052050,2023,2023-04-24,9420,2023-04-15,1721,019686,,6,2,9,1500,0,3,5,,2,510,"SR-99 N/B TO POND RD.","POND RD.",0.00,,Y,A,-,Y,KER,,99," "," ",52.448,H,,R,Y,4,0,1,2,A,-,09,21802,A,N,D,C,A,A,H,-,A,D,0,,,,,Y,,A,07,0,0,1,0,0,0,0,0,0,"- ","- ",35.718101501464844,-119.23686981201172,KERN,UNINCORPORATED,-119.23716735839844,35.718055725097656
92052473,2023,2023-04-25,9420,2023-04-14,1950,021565,,5,2,9,1500,0,3,5,,2,070,"PIONEER DR","JANE ST",10.00,E,N,A,-,N,,,,,,,,,,Y,3,0,1,4,A,-,01,23152,A,N,B,4,A,A,H,-,D,D,0,,,,,Y,Y,A,01,0,1,0,0,0,0,0,0,0,"- ","- ",35.368740081787109,-118.93412017822266,KERN,UNINCORPORATED,-118.93419647216797,35.368770599365234
92052484,2023,2023-04-25,9830,2023-04-19,2040,023087,,3,2,9,1500,0,3,5,,2,003,"20TH ST","ORANGE ST",0.00,,Y,A,-,N,,,,,,,,,,Y,4,0,1,2,A,-,12,22450,A,N,D,C,A,A,H,-,C,A,0,,,,,Y,,A,08,0,0,1,0,0,0,0,0,0,"- ","- ",34.857200622558594,-118.16706085205078,KERN,UNINCORPORATED,-118.16709899902344,34.857162475585938
92052518,2023,2023-04-25,9420,2023-04-16,1401,019316,,7,2,6,1502,0,1,3,,2,095,"SR-99 S/B","WHITE LANE",200.00,N,N,A,-,Y,KER,,99," "," ",21.121,H,,L,Y,4,0,1,5,A,-,03,22350,,M,C,C,A,A,D,-,A,D,0,,,,,Y,,A,01,0,0,1,0,0,0,0,0,0,"- ","- ",35.318271636962891,-119.03627777099609,KERN,BAKERSFIELD,-119.03652191162109,35.318225860595703
92052594,2023,2023-04-25,9830,2023-04-17,1500,019883,,1,2,9,1500,0,3,5,,2,005,"JOHNSTON AVE",SR-178,528.00,S,N,A,-,N,,,,,,,,,,N,3,0,1,1,A,-,08,22107,,N,E,I,A,A,H,-,A,D,0,,,,,Y,,A,01,0,1,0,0,0,0,0,0,0,"- ","- ",35.650798797607422,-117.75309753417969,KERN,UNINCORPORATED,,
92052696,2023,2023-04-25,9420,2023-04-18,"935 ",019868,,2,1,9,1500,0,2,4,,1,051,"AIRPORT DR","ROBERTS LN",50.00,S,N,A,-,N,,,,,,,,,,N,4,0,3,2,A,-,21,22106,,N,C,C,A,A,H,-,A,A,0,,,,,Y,,D,22,0,0,3,0,0,0,0,0,0,"- ","- ",35.408340454101562,-119.03884124755859,KERN,UNINCORPORATED,-119.03894805908203,35.408481597900391
92052810,2023,2023-04-25,9830,2023-02-04,2049,021870,,6,2,9,1500,0,1,3,,2,030,"STATE ROUTE 14 NORTHBOUND","BACKUS ROAD",2640.00,N,N,A,-,Y,KER,,178," "," ",83.712,H,,R,Y,1,1,0,1,A,-,01,23152,A,N,E,I,A,A,H,-,D,D,0,,,,,Y,Y,D,22,0,0,0,0,0,0,0,0,0,"- ","- ",35.633941650390625,-117.97087097167969,KERN,UNINCORPORATED,-117.9708251953125,35.633987426757812
92052828,2023,2023-04-25,9420,2023-04-20,2055,021601,,4,2,9,1500,0,2,4,,1,051,"AIRPORT DRIVE","NORRIS ROAD",905.00,N,N,C,-,N,,,,,,,,,,N,1,1,0,2,A,-,05,21202,A,N,H,G,A,A,H,-,C,A,0,,Y,,,Y,,L,04,0,0,0,0,0,1,0,0,0,"- ","- ",35.422229766845703,-119.03907012939453,KERN,UNINCORPORATED,-119.0391845703125,35.422046661376953
92052911,2023,2023-04-25,9420,2023-04-16,1224,021981,,7,1,9,1500,0,1,3,,2,177,"STATE ROUTE 178","178 KER 18.50",528.00,E,N,A,-,Y,KER,,178," "," ",18.665,H,,R,Y,3,0,1,2,A,-,03,22350,,N,F,A,A,A,H,-,A,D,0,,,Y,,Y,,C,02,0,1,0,0,0,0,0,0,1,"- ","- ",35.479530334472656,-118.74240875244141,KERN,UNINCORPORATED,-118.74241638183594,35.479522705078125
92052924,2023,2023-04-25,9420,2023-04-20,1215,016153,,4,1,9,1500,0,3,5,,2,060,"SANTA FE WAY","HAGEMAN RD.",1100.00,N,N,A,-,N,,,,,,,,,,Y,4,0,1,1,A,-,08,22107,,N,E,I,A,A,H,-,A,D,0,,,,,Y,,D,22,0,0,1,0,0,0,0,0,0,"- ","- ",35.400981903076172,-119.15010833740234,KERN,UNINCORPORATED,-119.15009307861328,35.400711059570312
9205296,2021,2021-03-11,1506,2021-01-02,1740,7809,37,6,5,4,1506,0,0,0,,0,,"S CHINA LAKE BL","WILSON AV",0.00,,Y,A,-,N,,,,,,,,,,N,3,0,2,2,A,-,09,21802,A,F,D,C,A,A,H,-,C,D,0,,,,,Y,,D,22,0,2,0,0,0,0,0,0,0,"- ","- ",35.616840362548828,-117.66974639892578,KERN,RIDGECREST,-117.67005157470703,35.617076873779297
92052961,2023,2023-04-25,9420,2023-04-20,1836,021601,,4,2,9,1500,0,3,5,,2,050,"CHARLANA DR","MCCRAY STREET",0.00,,Y,A,-,N,,,,,,,,,,N,3,0,1,2,A,-,10,21950,A,N,G,B,B,A,H,-,A,A,0,Y,,,,Y,,D,22,0,1,0,0,1,0,0,0,0,"- ","- ",35.424301147460938,-119.03009796142578,KERN,UNINCORPORATED,-119.03009796142578,35.424243927001953
92053067,2023,2023-04-25,9420,2023-04-21,"930 ",019184,,5,1,9,1500,0,2,4,,1,075,"S. UNION AVE.","WHITE LN.",520.00,S,N,A,-,N,,,,,,,,,,Y,3,0,2,2,A,-,09,21804,A,N,C,C,A,A,H,-,A,D,0,,,,,Y,,D,22,0,2,0,0,0,0,0,0,0,"- ","- ",35.316169738769531,-119.00295257568359,KERN,UNINCORPORATED,-119.00312805175781,35.316184997558594
92053092,2023,2023-04-25,9420,2023-04-21,1615,021870,,5,2,9,1500,0,3,5,,2,672,"MULLER ST","SOUTH VINELAND RD",0.00,,Y,C,-,N,,,,,,,,,,Y,4,0,1,2,A,-,12,22450,A,M,D,C,A,A,H,-,A,A,0,,,,,Y,,-,99,0,0,1,0,0,0,0,0,0,"- ","- ",35.325328826904297,-118.89643096923828,KERN,UNINCORPORATED,-118.89640808105469,35.325325012207031
92053098,2023,2023-04-25,9430,2023-04-17,"605 ",016750,,1,1,9,1500,0,3,5,,2,004,"WHEELER RIDGE ROAD","LEGRAY ROAD",0.00,,Y,A,-,N,,,,,,,,,,Y,3,0,3,2,A,-,12,22450,A,N,D,D,A,A,H,-,A,A,0,,,,,Y,,A,07,0,2,1,0,0,0,0,0,0,"- ","- ",35.030918121337891,-118.92637634277344,KERN,UNINCORPORATED,-118.92648315429688,35.030879974365234
92053103,2023,2023-04-25,9420,2023-04-21,2000,021565,,5,2,9,1500,0,3,5,,2,630,"COSTAJO RD","SHAFTER RD",1596.00,S,N,A,-,N,,,,,,,,,,Y,4,0,1,2,A,-,14,24252,A,N,C,C,A,A,H,-,D,D,0,,,,Y,Y,,D,22,0,0,1,0,0,0,0,0,0,"- ","- ",35.218009948730469,-119.01216888427734,KERN,UNINCORPORATED,-119.01232147216797,35.218814849853516
92053116,2023,2023-04-25,9426,2023-04-16,1525,021905,,7,2,9,1500,0,1,3,,1,460,"SR-46 E/B","WARREN ST",60.00,W,N,A,-,N,,,,,,,,,,N,4,0,1,2,A,-,03,22350,,M,C,C,A,A,H,-,A,A,0,,,,,Y,Y,-,99,0,0,1,0,0,0,0,0,0,"- ","- ",35.616058349609375,-119.65975189208984,KERN,UNINCORPORATED,-119.65975189208984,35.616157531738281
92053143,2023,2023-04-25,9426,2023-04-17,"13  ",021959,,1,3,9,1500,0,3,5,,2,086,"STOCKDALE HWY",SR-43,7920.00,W,N,A,-,Y,KER,,58," ",R,37.764,H,,R,Y,4,0,1,2,A,-,01,23152,A,M,B,E,A,A,H,-,D,D,0,,,,,Y,Y,A,07,0,0,1,0,0,0,0,0,0,"- ","- ",35.354591369628906,-119.27854919433594,KERN,UNINCORPORATED,-119.27854919433594,35.354537963867188
92053476,2023,2023-04-26,9420,2023-04-20,2355,021503,,4,3,9,1500,0,1,3,,1,650,SR-65,"MERLE HAGGARD DRIVE",0.00,,Y,A,-,Y,KER,,65," "," ",0.673,H,,R,N,4,0,1,2,A,-,12,21453,A,N,D,C,A,A,H,-,C,D,0,,,,,Y,Y,A,01,0,0,1,0,0,0,0,0,0,"- ","- ",35.441421508789062,-119.07459259033203,KERN,UNINCORPORATED,-119.07472229003906,35.441421508789062
92053582,2023,2023-04-26,9420,2023-04-16,"50  ",021983,,7,3,9,1500,0,3,5,,2,050,"PEGASUS DR","UNICORN RD",280.00,N,N,A,-,N,,,,,,,,,,Y,3,0,1,1,A,-,08,22107,,N,E,8,A,A,H,-,C,D,0,,,,,Y,,A,08,0,1,0,0,0,0,0,0,0,"- ","- ",35.439708709716797,-119.07270812988281,KERN,UNINCORPORATED,-119.07257843017578,35.439720153808594
92053633,2023,2023-04-26,9420,2023-04-15,"310 ",020093,,6,3,9,1500,0,3,5,,2,540,"WILDWOOD RD","ELMO HWY",5280.00,S,N,A,-,N,,,,,,,,,,Y,3,0,1,1,A,-,01,23152,A,N,E,I,A,A,H,-,D,D,0,,,,,Y,Y,A,07,0,1,0,0,0,0,0,0,0,"- ","- ",35.673770904541016,-119.43733978271484,KERN,UNINCORPORATED,-119.43736267089844,35.673957824707031
92053713,2023,2023-04-26,9420,2023-04-23,1637,021133,,7,2,9,1500,0,1,3,,2,091,"SR-99 S/B","LERDO HWY",14256.00,S,N,A,-,Y,,,,,,,,,,Y,3,0,1,1,C,-,18,,,N,F,A,A,A,H,-,A,D,0,,,,,Y,,-,"- ",0,1,0,0,0,0,0,0,0,"- ","- ",35.283130645751953,-119.745849609375,KERN,UNINCORPORATED,-119.12902069091797,35.472873687744141
92053717,2023,2023-04-26,9420,2023-04-24,"325 ",019598,,1,3,9,1500,0,3,5,,2,672,"WHEELER RIDGE ROAD","DAVID ROAD",1901.00,S,N,A,-,N,,,,,,,,,,Y,3,0,1,1,A,-,08,22107,,N,F,A,A,A,H,-,D,D,0,,,,,Y,,A,01,0,1,0,0,0,0,0,0,0,"- ","- ",35.089099884033203,-118.91629028320312,KERN,UNINCORPORATED,-118.91680145263672,35.088069915771484
92053787,2023,2023-04-26,9830,2023-04-19,1013,019872,,3,1,9,1500,0,1,3,,2,012,"STATE ROUTE 58 E/B","CAMERON CANYON ROAD",200.00,W,N,A,-,Y,KER,,58," ",R,101.247,H,,R,Y,4,0,1,1,A,-,08,22107,,N,F,0,A,A,H,-,A,D,0,,,,,Y,,B,07,0,0,1,0,0,0,0,0,0,"- ","- ",35.097949981689453,-118.29830169677734,KERN,UNINCORPORATED,-118.29832458496094,35.098007202148438
92053954,2023,2023-04-26,9420,2023-04-20,1700,019270,,4,2,6,1502,0,1,3,,2,584,"SR-58 W/B","S. UNION AVE",2640.00,E,N,A,-,Y,KER,,58," ",R,55.011,H,,L,N,4,0,2,2,A,-,03,22350,,N,C,C,A,A,H,-,A,D,0,,,,,Y,,A,01,0,0,2,0,0,0,0,0,0,"- ","- ",35.352508544921875,-118.99253082275391,KERN,BAKERSFIELD,-118.99253082275391,35.352558135986328
92054066,2023,2023-04-26,9426,2023-04-21,1515,019658,,5,2,9,1500,0,3,5,,2,085,"LERDO HWY","LOST HILLS ROAD",21.00,W,N,A,-,N,,,,,,,,,,N,3,0,1,2,A,-,03,22350,,N,C,C,A,A,H,-,A,A,0,,,Y,,Y,,C,02,0,1,0,0,0,0,0,0,1,"- ","- ",35.499088287353516,-119.68997192382812,KERN,UNINCORPORATED,-119.68972015380859,35.499149322509766
92054121,2023,2023-04-26,9426,2023-04-24,"700 ",017281,,1,1,9,1500,0,1,3,,2,330,SR-33,SR-46,0.00,,Y,A,-,Y,KER,,33," ",R,60.187,H,,R,Y,3,0,3,2,A,-,12,21453,A,N,D,C,A,A,H,-,A,A,0,,,,,Y,,A,01,0,1,2,0,0,0,0,0,0,"- ","- ",35.615310668945312,-119.86782073974609,KERN,UNINCORPORATED,-119.86768341064453,35.615310668945312
92054127,2023,2023-04-26,9426,2023-04-24,1407,016804,,1,2,9,1500,0,1,1,,2,504,"I-5 N/B",SR-119,6336.00,S,N,A,-,Y,KER,,5," "," ",38.138,H,,R,Y,3,0,3,2,A,-,03,22350,,N,C,C,A,A,H,-,A,D,0,,,,,Y,,A,01,0,3,0,0,0,0,0,0,0,"- ","- ",35.259918212890625,-119.21676635742188,KERN,UNINCORPORATED,-119.21673583984375,35.259944915771484
92054140,2023,2023-04-26,9426,2023-04-24,1510,016315,,1,2,9,1500,0,3,5,,2,081,"KERTO ROAD",SR-33,16.00,E,N,A,-,N,,,,,,,,,,Y,3,0,2,2,A,-,08,22107,,N,B,C,A,A,H,-,A,A,0,,,,Y,Y,,F,27,0,2,0,0,0,0,0,0,0,"- ","- ",35.083858489990234,-119.40151214599609,KERN,UNINCORPORATED,-119.40151977539062,35.083755493164062
92054148,2023,2023-04-26,9426,2023-04-25,1415,016804,,2,2,9,1500,0,3,5,,2,086,"CANNON ST.","HAGEMAN RD.",1320.00,N,N,A,-,N,,,,,,,,,,Y,3,0,1,1,A,-,08,22107,,N,E,I,A,A,H,-,A,D,0,,,,,Y,,A,01,0,1,0,0,0,0,0,0,0,"- ","- ",35.404071807861328,-119.32337951660156,KERN,UNINCORPORATED,-119.32309722900391,35.402057647705078
92054501,2023,2023-04-27,9830,2023-04-17,"552 ",020866,,1,3,9,1500,0,1,3,,2,030,SR-14,"SILVER QUEEN RD.",7920.00,S,N,A,-,Y,KER,,14," ",R,10.653,H,,R,Y,2,0,1,1,A,-,01,23152,,N,F,A,A,A,H,-,B,D,0,,,,,Y,Y,A,07,1,0,0,0,0,0,0,0,0,"- ","- ",34.973800659179688,-118.15931701660156,KERN,UNINCORPORATED,-118.15927124023438,34.973796844482422
92054726,2023,2023-04-27,9420,2023-04-24,"920 ",018387,,1,1,9,1500,0,1,3,,1,184,SR-184,"BRUNDAGE LN",550.00,N,N,A,-,N,,,,,,,,,,Y,4,0,1,2,A,-,03,22350,,N,B,C,A,A,H,-,A,D,0,,,,Y,Y,,A,08,0,0,1,0,0,0,0,0,0,"- ","- ",35.356040954589844,-118.91403961181641,KERN,UNINCORPORATED,-118.91422271728516,35.356037139892578
92054948,2023,2023-04-27,9426,2023-04-19,1442,018610,,3,2,9,1500,0,1,1,,2,506,"I-5 S/B OFF-RAMP","COPUS ROAD",0.00,,Y,A,-,Y,,,,,,,,,,Y,3,0,1,2,A,-,03,22350,,N,D,C,A,A,H,-,A,A,0,,,,Y,Y,,A,01,0,1,0,0,0,0,0,0,0,"- ","- ",35.095130920410156,-119.03547668457031,KERN,UNINCORPORATED,,
92054983,2023,2023-04-27,9420,2023-04-14,1429,021601,,5,2,9,1500,0,1,3,,2,589,"SR-58 W/B","BENA ROAD",489.00,E,N,A,-,Y,KER,,58," "," ",74.280,H,,L,Y,2,0,1,2,A,-,03,22350,,N,C,C,A,A,H,-,A,D,0,,,,Y,Y,,A,01,1,0,0,0,0,0,0,0,0,"- ","- ",35.269931793212891,-118.68096160888672,KERN,UNINCORPORATED,-118.68096160888672,35.269939422607422
92054991,2023,2023-04-27,9420,2023-04-21,1612,021601,,5,2,9,1500,0,2,4,,1,072,"EDISON HWY",SR-184,486.00,E,N,A,-,N,,,,,,,,,,Y,3,0,2,2,A,-,08,22107,,N,D,C,A,A,H,-,A,A,0,,,,,Y,,D,22,0,2,0,0,0,0,0,0,0,"- ","- ",35.357879638671875,-118.91251373291016,KERN,UNINCORPORATED,-118.91265106201172,35.357917785644531
92054994,2023,2023-04-27,9430,2023-04-20,2120,015185,,4,2,9,1500,0,1,1,,2,055,"INTERSTATE 5 NB","STATE ROUTE 166",5280.00,S,N,A,-,Y,KER,,5," "," ",18.960,H,,R,N,4,0,1,2,D,-,00,,,N,B,C,A,A,H,-,D,D,0,,,,,Y,,-,"- ",0,0,1,0,0,0,0,0,0,"- ","- ",35.052318572998047,-118.99134826660156,KERN,UNINCORPORATED,-118.99140930175781,35.052280426025391