CASE_ID,ACCIDENT_YEAR,PROC_DATE,JURIS,COLLISION_DATE,COLLISION_TIME,OFFICER_ID,REPORTING_DISTRICT,DAY_OF_WEEK,CHP_SHIFT,POPULATION,CNTY_CITY_LOC,SPECIAL_COND,BEAT_TYPE,CHP_BEAT_TYPE,CITY_DIVISION_LAPD,CHP_BEAT_CLASS,BEAT_NUMBER,PRIMARY_RD,SECONDARY_RD,DISTANCE,DIRECTION,INTERSECTION,WEATHER_1,WEATHER_2,STATE_HWY_IND,CALTRANS_COUNTY,CALTRANS_DISTRICT,STATE_ROUTE,ROUTE_SUFFIX,POSTMILE_PREFIX,POSTMILE,LOCATION_TYPE,RAMP_INTERSECTION,SIDE_OF_HWY,TOW_AWAY,COLLISION_SEVERITY,NUMBER_KILLED,NUMBER_INJURED,PARTY_COUNT,PRIMARY_COLL_FACTOR,PCF_CODE_OF_VIOL,PCF_VIOL_CATEGORY,PCF_VIOLATION,PCF_VIOL_SUBSECTION,HIT_AND_RUN,TYPE_OF_COLLISION,MVIW,PED_ACTION,ROAD_SURFACE,ROAD_COND_1,ROAD_COND_2,LIGHTING,CONTROL_DEVICE,CHP_ROAD_TYPE,PEDESTRIAN_ACCIDENT,BICYCLE_ACCIDENT,MOTORCYCLE_ACCIDENT,TRUCK_ACCIDENT,NOT_PRIVATE_PROPERTY,ALCOHOL_INVOLVED,STWD_VEHTYPE_AT_FAULT,CHP_VEHTYPE_AT_FAULT,COUNT_SEVERE_INJ,COUNT_VISIBLE_INJ,COUNT_COMPLAINT_PAIN,COUNT_PED_KILLED,COUNT_PED_INJURED,COUNT_BICYCLIST_KILLED,COUNT_BICYCLIST_INJURED,COUNT_MC_KILLED,COUNT_MC_INJURED,PRIMARY_RAMP,SECONDARY_RAMP,LATITUDE,LONGITUDE,COUNTY,CITY,POINT_X,POINT_Y
92111074,2023,2023-07-06,9420,2023-04-13,"5   ",015977,,4,3,9,1500,0,1,3,,2,178,"STATE ROUTE 178","POPLAR ST",4224.00,E,N,A,-,Y,KER,,178," "," ",51.445,H,,R,N,1,1,0,1,A,-,08,22107,,N,E,I,A,A,H,-,D,D,0,,,Y,,Y,,C,02,0,0,0,0,0,0,0,1,0,"- ","- ",35.632511138916016,-118.38661193847656,KERN,UNINCORPORATED,-118.38661193847656,35.632572174072266
92111129,2023,2023-07-06,9420,2023-05-01,2500,015977,,1,4,9,1500,0,2,4,,2,021,"SIERRA WAY","STATE ROUTE 178",4224.00,N,N,A,-,N,,,,,,,,,,Y,1,1,0,1,A,-,03,22350,,N,H,A,A,A,A,C,D,D,0,,,,,Y,,D,22,0,0,0,0,0,0,0,0,0,"- ","- ",35.669170379638672,-118.32314300537109,KERN,UNINCORPORATED,-118.32289886474609,35.668746948242188
92111597,2023,2023-07-07,9420,2023-06-22,1448,019531,,4,2,9,1500,0,1,3,,2,587,"STATE ROUTE 58 (SR-58) WESTBOUND (W/B)","GENERAL BEALE ROAD",450.00,W,N,A,-,Y,KER,,58," "," ",69.673,H,,L,Y,3,0,1,2,A,-,01,23152,A,N,C,C,A,A,H,-,A,D,0,,,,,Y,Y,A,01,0,1,0,0,0,0,0,0,0,"- ","- ",35.293220520019531,-118.75415802001953,KERN,UNINCORPORATED,-118.75418090820312,35.293186187744141
92111600,2023,2023-07-07,9420,2023-07-02,1000,020163,,7,1,9,1500,0,1,3,,2,430,SR-43,"GARCES HWY",0.00,,Y,A,-,Y,KER,,43," "," ",36.668,H,,R,Y,4,0,5,2,A,-,09,21802,A,N,D,C,A,A,H,-,A,A,0,,,,,Y,,A,01,0,0,5,0,0,0,0,0,0,"- ","- ",35.761188507080078,-119.34441375732422,KERN,UNINCORPORATED,-119.34442901611328,35.761184692382812
92111630,2023,2023-07-07,9830,2023-06-26,1840,021788,,1,2,9,1500,0,1,2,,1,053,US-395,"ATHEL STREET",153.00,S,N,A,-,Y,KER,,395," "," ",27.886,H,,R,Y,3,0,1,2,A,-,08,22107,,N,B,C,A,A,H,-,A,D,0,,,,Y,Y,,A,01,0,1,0,0,0,0,0,0,0,"- ","- ",35.681060791015625,-117.84142303466797,KERN,UNINCORPORATED,-117.84140777587891,35.681076049804688
92111687,2023,2023-07-07,9830,2023-04-05,1525,019883,,3,2,9,1500,0,1,3,,1,052,"STATE ROUTE 178 EASTBOUND","PINTO STREET",0.00,,Y,A,-,Y,KER,,178," "," ",96.263,H,,R,Y,1,1,2,2,A,-,09,21801,A,N,D,C,A,A,H,-,A,D,0,,,,,Y,,A,01,1,1,0,0,0,0,0,0,0,"- ","- ",35.651901245117188,-117.74710083007812,KERN,UNINCORPORATED,-117.74710083007812,35.651836395263672
92111735,2023,2023-07-07,9426,2023-07-01,1821,019442,,6,2,9,1500,0,1,3,,2,461,SR-46,"MAIN DRAIN RD",1056.00,E,N,A,-,Y,KER,,46," "," ",34.812,H,,R,Y,3,0,2,1,A,-,08,22107,,N,F,I,A,A,H,-,A,D,0,,,,,Y,,A,01,0,2,0,0,0,0,0,0,0,"- ","- ",35.615928649902344,-119.61276245117188,KERN,UNINCORPORATED,-119.61276245117188,35.615997314453125
92111911,2023,2023-07-07,9430,2023-06-29,1450,022345,,4,2,9,1500,0,2,4,,1,023,"CUDDY VALLEY RD","STEINHOFF ROAD",2112.00,E,N,A,-,N,,,,,,,,,,Y,4,0,1,1,A,-,08,22107,,N,E,I,A,A,H,-,A,D,0,,,,,Y,,A,01,0,0,1,0,0,0,0,0,0,"- ","- ",34.844760894775391,-119.07711791992188,KERN,UNINCORPORATED,-119.07740783691406,34.844654083251953
92111935,2023,2023-07-07,9420,2023-06-23,2047,019686,,5,2,9,1500,0,2,4,,1,072,"NILES STREET","OSWELL STREET",0.00,,Y,A,-,N,,,,,,,,,,Y,4,0,2,2,A,-,01,23152,A,N,D,C,A,A,H,-,C,A,0,,,,,Y,Y,A,01,0,0,2,0,0,0,0,0,0,"- ","- ",35.375850677490234,-118.94969177246094,KERN,UNINCORPORATED,-118.94982147216797,35.375965118408203
92111966,2023,2023-07-07,9420,2023-07-06,"805 ",018387,,4,1,9,1500,0,3,5,,2,630,"VALPREDO AVE","RT 5",3168.00,E,N,A,-,N,,,,,,,,,,Y,4,0,1,1,A,-,08,22107,,N,F,A,A,A,H,-,A,D,0,,,,,Y,,D,22,0,0,1,0,0,0,0,0,0,"- ","- ",35.076309204101562,-119.00717926025391,KERN,UNINCORPORATED,-119.00959014892578,35.076324462890625
92112455,2023,2023-07-10,9830,2023-06-29,2245,022181,,4,3,9,1500,0,3,5,,2,001,"WATER CANYON RD","PARADISE VALLEY ROAD",1000.00,S,N,A,-,N,,,,,,,,,,Y,4,0,2,1,A,-,08,22107,,N,E,I,A,A,H,-,D,D,0,,,,,Y,Y,A,08,0,0,2,0,0,0,0,0,0,"- ","- ",35.080360412597656,-118.49510955810547,KERN,UNINCORPORATED,-118.49398803710938,35.075401306152344
92112721,2023,2023-07-10,9420,2023-06-29,2243,020573,,4,3,9,1500,0,3,5,,2,630,"HOUGHTON RD.","STINE RD.",2112.00,E,N,A,-,N,,,,,,,,,,N,3,0,1,2,A,-,01,23152,A,N,B,E,A,A,H,-,D,D,0,,,,Y,Y,Y,A,07,0,1,0,0,0,0,0,0,0,"- ","- ",35.237979888916016,-119.05032348632812,KERN,UNINCORPORATED,-119.04972839355469,35.237922668457031
92112763,2023,2023-07-10,9420,2023-06-26,"510 ",021773,,1,3,9,1500,0,3,5,,2,530,"KIMBERLINA RD","DRIVER RD",2218.00,W,N,A,-,N,,,,,,,,,,Y,4,0,7,3,A,-,03,22350,,N,C,C,A,A,H,-,A,D,0,,,,,Y,,A,01,0,0,7,0,0,0,0,0,0,"- ","- ",35.558578491210938,-119.21214294433594,KERN,UNINCORPORATED,-119.21200561523438,35.558479309082031
9211277,2020,2021-02-02,1511,2020-11-06,0100,53022,,5,5,2,1511,0,0,0,,0,DIRT,"RUDNICK BL","110TH ST",0.00,,Y,A,-,N,,,,,,,,,,Y,2,0,2,1,A,-,03,22350,,N,F,A,A,A,G,-,D,D,0,,,Y,,Y,,C,06,1,1,0,0,0,0,0,0,2,"- ","- ",35.166000366210938,-117.93556213378906,KERN,"CALIFORNIA CITY",-117.93270111083984,35.169490814208984
92112772,2023,2023-07-10,9420,2023-06-26,2020,021134,,1,2,9,1500,0,1,3,,2,585,"SR-58 W/B","MT VERNON AVE",700.00,W,N,A,-,Y,KER,,58," ",R,56.300,H,,L,N,2,0,1,3,A,-,11,21954,A,N,G,B,E,A,H,-,B,D,0,Y,,,,Y,,N,60,1,0,0,0,1,0,0,0,0,"- ","- ",35.352989196777344,-118.96971893310547,KERN,UNINCORPORATED,-118.9697265625,35.353023529052734
92112786,2023,2023-07-10,9420,2023-07-03,2120,021503,,1,2,9,1500,0,3,5,,2,070,"PARK DRIVE","ROSEWOOD AVE",210.00,S,N,A,-,N,,,,,,,,,,N,3,0,1,2,A,-,16,24002,A,N,H,G,A,A,H,-,D,D,0,,Y,,,Y,,L,04,0,1,0,0,0,0,1,0,0,"- ","- ",35.371929168701172,-118.91870880126953,KERN,UNINCORPORATED,-118.91866302490234,35.371932983398438
92112795,2023,2023-07-10,9420,2023-07-01,1758,021480,,6,2,9,1500,0,1,3,,2,204,"SR-204 N/B","AIRPORT DR",5280.00,S,N,A,-,Y,KER,,204," "," ",5.677,H,,R,N,2,0,1,2,A,-,08,22107,,N,H,G,A,A,H,-,A,D,0,,Y,,,Y,,L,04,1,0,0,0,0,0,1,0,0,"- ","- ",35.39501953125,-119.0299072265625,KERN,UNINCORPORATED,-119.02999877929688,35.394943237304688
92112981,2023,2023-07-10,9830,2023-07-05,"450 ",021751,,3,3,9,1500,0,3,5,,2,004,"GARLOCK ROAD","REDROCK RANDSBURG ROAD",10032.00,E,N,A,-,N,,,,,,,,,,Y,2,0,1,1,A,-,08,22107,,N,F,A,A,A,H,-,B,D,0,,,,,Y,,D,22,1,0,0,0,0,0,0,0,0,"- ","- ",35.413261413574219,-117.77703094482422,KERN,UNINCORPORATED,-117.77816772460938,35.412796020507812
92113173,2023,2023-07-10,9420,2023-07-05,"5   ",020409,,3,3,9,1500,0,3,5,,2,671,"COPPER AVE","SILVER STREET",65.00,W,N,A,-,N,,,,,,,,,,N,3,0,1,3,A,-,01,23152,A,N,B,E,A,A,H,-,C,D,0,,,,,Y,Y,A,01,0,1,0,0,0,0,0,0,0,"- ","- ",35.2611083984375,-118.91148376464844,KERN,UNINCORPORATED,-118.91139984130859,35.261070251464844
92113198,2023,2023-07-10,9420,2023-07-06,1437,020782,,4,2,9,1500,0,1,3,,2,178,SR-178,"NAVAJO AVENUE",0.00,,Y,A,-,Y,KER,,178," "," ",53.286,H,,R,Y,4,0,3,2,A,-,09,21802,A,N,D,C,A,A,H,-,A,A,0,,,,,Y,,A,01,0,0,3,0,0,0,0,0,0,"- ","- ",35.647579193115234,-118.36087036132812,KERN,UNINCORPORATED,-118.36087036132812,35.647575378417969
92113318,2023,2023-07-10,9420,2023-07-07,1130,020402,,5,1,9,1500,0,2,4,,1,051,"N. CHESTER AVE N/B","DAY AVENUE",20.00,S,N,A,-,N,,,,,,,,,,N,4,0,1,2,A,-,03,22350,,N,C,C,A,A,H,-,A,A,0,,,Y,,Y,,A,07,0,0,1,0,0,0,0,0,1,"- ","- ",35.435050964355469,-119.02133178710938,KERN,UNINCORPORATED,-119.02140045166016,35.435134887695312
92113646,2023,2023-07-11,9420,2023-06-27,1915,021503,,2,2,9,1500,0,3,5,,2,070,"BUDDY DRIVE","RICHARDS AVENUE",0.00,,Y,A,-,N,,,,,,,,,,N,3,0,2,2,A,-,09,21800,B,N,D,C,A,A,H,-,A,D,0,,,,,Y,,D,22,0,1,1,0,0,0,0,0,0,"- ","- ",35.36322021484375,-118.9564208984375,KERN,UNINCORPORATED,-118.95641326904297,35.363185882568359
9211381,2020,2021-01-27,1511,2020-10-31,0126,53316,4,6,5,2,1511,0,0,0,,0,00A,"POPPY BL","NORTH LOOP",72.00,W,N,A,-,N,,,,,,,,,,Y,3,0,1,2,A,-,08,22107,,N,D,C,A,A,H,-,D,D,0,,,,Y,Y,,-,,0,1,0,0,0,0,0,0,0,"- ","- ",35.131431579589844,-117.97225952148438,KERN,"CALIFORNIA CITY",-117.97245025634766,35.131549835205078
92114136,2023,2023-07-11,9420,2023-07-06,"406 ",019598,,4,3,6,1502,0,1,3,,2,585,"SR-58 WESTBOUND","SOUTH H STREET",725.00,W,N,A,-,Y,KER,,58," ",R,53.260,H,,L,Y,3,0,2,2,A,-,08,22107,,N,D,C,A,A,H,-,C,D,0,,,,,Y,,D,22,0,1,1,0,0,0,0,0,0,"- ","- ",35.352691650390625,-119.02352905273438,KERN,BAKERSFIELD,-119.02352905273438,35.352737426757812
92114159,2023,2023-07-11,9420,2023-07-08,1940,021534,,6,2,9,1500,0,3,5,,2,070,"E. BRUNDAGE LANE",SR-184,150.00,W,N,A,-,N,,,,,,,,,,Y,4,0,1,2,A,-,09,21804,A,N,D,C,A,A,H,-,A,D,0,,,,,Y,,A,07,0,0,1,0,0,0,0,0,0,"- ","- ",35.3548583984375,-118.91483306884766,KERN,UNINCORPORATED,-118.91477966308594,35.354381561279297
92114228,2023,2023-07-11,9420,2023-07-08,"630 ",019098,,6,1,9,1500,0,2,4,,1,051,"N. CHESTER AVENUE","ROBERTS LANE",0.00,,Y,A,-,N,,,,,,,,,,Y,4,0,2,2,A,-,12,21453,A,N,D,C,A,A,H,-,A,A,0,,,,,Y,,A,01,0,0,2,0,0,0,0,0,0,"- ","- ",35.408588409423828,-119.02091979980469,KERN,UNINCORPORATED,-119.02108001708984,35.408638000488281
92114234,2023,2023-07-11,9495,2023-07-04,1355,019829,,2,1,9,1500,0,1,3,,1,011,"STATE ROUTE 41","KINGS / KERN COUNTY LINE",5280.00,S,N,A,-,Y,,,,,,,,,,N,3,0,1,2,A,-,01,23152,A,N,B,C,A,A,H,-,A,D,0,,,,,Y,Y,A,01,0,1,0,0,0,0,0,0,0,"- ","- ",35.782211303710938,-120.12227630615234,KERN,UNINCORPORATED,-120.12239074707031,35.782497406005859
92114236,2023,2023-07-11,9426,2023-06-21,1025,017254,,3,1,9,1500,0,1,1,,2,502,"I-5 N/B","ROWLEE ROAD",2904.00,N,N,A,-,Y,KER,,5," "," ",58.608,H,,R,Y,1,1,1,2,A,-,08,22107,,N,C,C,A,A,H,-,A,D,0,,,,Y,Y,,A,07,0,1,0,0,0,0,0,0,0,"- ","- ",35.461399078369141,-119.48285675048828,KERN,UNINCORPORATED,-119.48285675048828,35.461406707763672
92114271,2023,2023-12-06,9420,2023-07-10,1516,020634,,1,2,9,1500,0,1,3,,2,204,SR-204,"AIRPORT DRIVE",250.00,N,N,A,-,Y,KER,,204," "," ",6.747,H,,L,Y,4,0,2,2,A,-,03,22350,,N,C,C,A,A,H,-,A,D,0,,,,,Y,,A,01,0,0,2,0,0,0,0,0,0,"- ","- ",35.403160095214844,-119.04562377929688,KERN,UNINCORPORATED,-119.04560852050781,35.403179168701172
92114400,2023,2023-07-11,9426,2023-07-02,1003,021365,,7,1,9,1500,0,1,3,,1,118,SR-119,SR-43,5280.00,W,N,A,-,Y,KER,,119," "," ",16.877,H,,R,Y,4,0,1,2,A,-,08,22107,,N,D,C,A,A,H,-,A,D,0,,,,,Y,,A,01,0,0,1,0,0,0,0,0,0,"- ","- ",35.267421722412109,-119.27552032470703,KERN,UNINCORPORATED,-119.27552032470703,35.267444610595703
92114468,2023,2023-07-12,9430,2023-06-30,1020,021849,,5,1,9,1500,0,3,5,,2,004,"SEBASTIAN RD","RANCHO RD",0.00,,Y,A,-,N,,,,,,,,,,Y,3,0,2,2,A,-,12,22450,A,N,D,C,A,A,H,-,A,A,0,,,,,Y,,D,22,0,2,0,0,0,0,0,0,0,"- ","- ",35.045391082763672,-118.84661102294922,KERN,UNINCORPORATED,-118.84661102294922,35.045398712158203
92114469,2023,2023-11-06,9430,2023-06-30,1610,022355,,5,2,9,1500,0,1,1,,2,053,"I-5 NB","GRAPEVINE ROAD",150.00,S,N,A,-,Y,KER,,5," "," ",10.136,H,,R,Y,4,0,1,3,A,-,08,22107,,N,B,C,E,A,H,-,A,D,0,Y,,,Y,Y,,G,25,0,0,1,0,1,0,0,0,0,"- ","- ",34.938919067382812,-118.92932891845703,KERN,UNINCORPORATED,-118.92936706542969,34.938899993896484
92114470,2023,2023-07-12,9430,2023-07-02,1425,022093,,7,2,9,1500,0,1,1,,2,055,"I-5 SOUTHBOUND","SABODAN STREET",1350.00,N,N,A,-,Y,KER,,5," "," ",17.831,H,,L,N,4,0,1,2,A,-,03,22350,,N,C,C,A,A,H,-,A,D,0,,,,,Y,,A,01,0,0,1,0,0,0,0,0,0,"- ","- ",35.039211273193359,-118.9793701171875,KERN,UNINCORPORATED,-118.97937774658203,35.039203643798828
92114750,2023,2023-07-12,9420,2023-07-06,2140,021503,,4,2,9,1500,0,1,3,,2,588,"SR-58 EASTBOUND",SR-223,0.00,,Y,A,-,Y,KER,,58," "," ",75.604,H,,R,Y,3,0,1,2,A,-,01,23152,A,N,A,C,A,A,H,-,C,D,0,,,,,Y,,D,22,0,1,0,0,0,0,0,0,0,"- ","- ",35.264240264892578,-118.65866851806641,KERN,UNINCORPORATED,-118.65867614746094,35.264202117919922
92115118,2023,2023-07-12,9420,2023-07-03,"913 ",019311,,1,1,9,1500,0,1,3,,1,184,SR-184,"DI GIORGIO RD",0.00,,Y,A,-,Y,KER,,184," "," ",1.006,H,,R,Y,4,0,1,2,D,-,00,,,N,D,C,A,A,H,-,A,A,0,,,,Y,Y,,-,"- ",0,0,1,0,0,0,0,0,0,"- ","- ",35.252429962158203,-118.91432952880859,KERN,UNINCORPORATED,-118.91438293457031,35.252429962158203
92115176,2023,2023-07-12,9420,2023-07-06,1100,016978,,4,1,6,1502,0,1,3,,2,095,"STATE ROUTE 99 (SOUTHBOUND)","PLANZ ROAD",300.00,N,N,A,-,Y,KER,,99," "," ",21.650,H,,R,N,4,0,2,2,A,-,03,22350,,N,C,C,A,A,D,-,A,D,0,,,Y,,Y,,C,02,0,0,2,0,0,0,0,0,2,"- ","- ",35.325740814208984,-119.03836059570312,KERN,BAKERSFIELD,-119.0382080078125,35.325767517089844
92115232,2023,2023-07-12,9420,2023-07-02,"806 ",019686,,7,1,9,1500,0,3,5,,2,510,"CECIL AVE","FAMOSO-PORTERVILLE HIGHWAY",0.00,,Y,A,-,N,,,,,,,,,,Y,3,0,1,2,A,-,01,23152,A,N,D,C,A,A,H,-,A,A,0,,,,,Y,Y,A,01,0,1,0,0,0,0,0,0,0,"- ","- ",35.776229858398438,-119.12368774414062,KERN,UNINCORPORATED,-119.12369537353516,35.776180267333984
92115274,2023,2023-07-12,9420,2023-05-19,2032,018607,,5,2,9,1500,0,2,4,,1,075,"S. UNION AVE","MACHADO AVE",370.00,S,N,A,-,N,,,,,,,,,,N,2,0,1,2,A,-,03,22350,,F,G,B,E,A,H,-,C,D,0,Y,,,,Y,,A,01,1,0,0,0,1,0,0,0,0,"- ","- ",35.2635498046875,-119.00319671630859,KERN,UNINCORPORATED,-119.00299072265625,35.263694763183594
9211548,2020,2022-06-11,1508,2020-12-26,2348,34,4B,6,5,2,1508,0,0,0,,0,,"6TH ST","ASH ST",326.00,S,N,A,-,N,,,,,,,,,,Y,1,2,0,1,A,-,01,23152,A,N,E,I,A,A,H,-,C,D,0,,,Y,,Y,Y,C,02,0,0,0,0,0,0,0,2,0,"- ","- ",35.150821685791016,-119.456298828125,KERN,TAFT,-119.45630645751953,35.150505065917969
92115731,2023,2023-07-13,9420,2023-06-28,1520,019531,,3,2,9,1500,0,2,4,,1,052,"NORRIS ROAD","STATE ROUTE 99 (SR-99)",15.00,E,N,A,-,N,,,,,,,,,,Y,4,0,1,3,A,-,03,22350,,M,C,C,A,A,H,-,A,D,0,,,,,Y,,E,22,0,0,1,0,0,0,0,0,0,"- ","- ",35.421218872070312,-119.06069183349609,KERN,UNINCORPORATED,-119.06080627441406,35.421318054199219
9211585,2020,2022-06-14,1506,2020-10-18,2010,3830,903,7,5,4,1506,0,0,0,,0,,"E BOWMAN RD","RICHMOND RD",1134.00,S,N,A,-,N,,,,,,,,,,Y,1,1,0,2,A,-,08,22107,,N,A,C,A,A,H,-,D,D,0,,,Y,,Y,,C,06,0,0,0,0,0,0,0,1,0,"- ","- ",35.608070373535156,-117.65248870849609,KERN,RIDGECREST,-117.64829254150391,35.608081817626953
92115950,2023,2023-07-13,9420,2023-07-10,1635,020634,,1,2,9,1500,0,3,5,,2,050,"MERLE HAGGARD DRIVE","AIRPORT DRIVE",0.00,,Y,A,-,N,,,,,,,,,,Y,4,0,1,2,A,-,12,21453,A,N,D,C,A,A,H,-,A,A,0,,,,,Y,,A,01,0,0,1,0,0,0,0,0,0,"- ","- ",35.441219329833984,-119.03903198242188,KERN,UNINCORPORATED,-119.03887176513672,35.441116333007812
92115961,2023,2023-07-13,9420,2023-07-06,1203,020402,,4,1,9,1500,0,1,3,,1,184,SR-184,"SMITH ROAD",220.00,N,N,A,-,Y,KER,,184," "," ",7.325,H,,R,Y,3,0,1,5,A,-,08,22107,,N,D,E,A,A,H,-,A,D,0,,,,,Y,,A,08,0,1,0,0,0,0,0,0,0,"- ","- ",35.343170166015625,-118.91433715820312,KERN,UNINCORPORATED,-118.91427612304688,35.343170166015625
9211600,2021,2021-02-11,1506,2021-01-11,0557,1304,43,1,5,4,1506,0,0,0,,0,,"W BOWMAN RD","S NORMA ST",720.00,E,N,A,-,N,,,,,,,,,,Y,1,1,0,2,A,-,11,21954,A,N,C,B,E,A,H,-,D,D,0,Y,,,,Y,,N,60,0,0,0,1,0,0,0,0,0,"- ","- ",35.607810974121094,-117.67902374267578,KERN,RIDGECREST,-117.6766357421875,35.607818603515625
92116012,2023,2023-07-13,9426,2023-06-30,1530,019592,,5,2,9,1500,0,1,3,,2,432,SR43,"I-5 S/B OFF RAMP.",0.00,,Y,A,-,N,,,,,,,,,,Y,4,0,1,3,A,-,09,21802,A,N,D,C,A,A,H,-,A,D,0,,,,Y,Y,,A,01,0,0,1,0,0,0,0,0,0,"- ","- ",35.291290283203125,-119.25257873535156,KERN,UNINCORPORATED,-119.25251007080078,35.293087005615234
92116090,2023,2023-07-13,9420,2023-07-07,2030,020484,,5,2,9,1500,0,3,5,,2,040,"ALFRED HARRELL HWY","FAIRFAX ROAD",2640.00,E,N,A,-,N,,,,,,,,,,Y,3,0,1,1,A,-,08,22107,,N,E,I,A,A,H,-,D,D,0,,,Y,,Y,,C,02,0,1,0,0,0,0,0,0,1,"- ","- ",35.426311492919922,-118.93840789794922,KERN,UNINCORPORATED,-118.95033264160156,35.423198699951172
92116130,2023,2023-07-13,9426,2023-07-07,1130,017254,,5,1,9,1500,0,1,3,,1,460,SR-46,"ROWLEE ROAD",100.00,E,N,A,-,Y,KER,,46," "," ",43.043,H,,R,Y,3,0,4,3,A,-,03,22350,,N,C,C,A,A,H,-,A,D,0,,,,Y,Y,,A,01,0,4,0,0,0,0,0,0,0,"- ","- ",35.601158142089844,-119.47309112548828,KERN,UNINCORPORATED,-119.47309112548828,35.601108551025391
92116136,2023,2023-07-13,9426,2023-07-07,1829,019442,,5,2,9,1500,0,3,5,,2,085,"PETERSON RD","GUN CLUB RD",37.00,W,N,A,-,N,,,,,,,,,,Y,4,0,1,1,A,-,08,22107,,N,E,8,A,A,H,-,A,D,0,,,,,Y,,A,01,0,0,1,0,0,0,0,0,0,"- ","- ",35.702789306640625,-119.50868225097656,KERN,UNINCORPORATED,-119.50864410400391,35.702800750732422
92116145,2023,2023-07-13,9426,2023-07-07,2040,019896,,5,2,9,1500,0,3,5,,2,086,"SULLIVAN RD","GATSON ST",0.00,,Y,A,-,N,,,,,,,,,,N,2,0,3,1,A,-,08,22107,,N,F,A,A,A,H,-,D,D,0,,,Y,,Y,,C,06,1,0,2,0,0,0,0,0,3,"- ","- ",35.412879943847656,-119.31629180908203,KERN,UNINCORPORATED,-119.31632995605469,35.412857055664062
92116173,2023,2023-07-13,9420,2023-07-13,"345 ",019598,,4,3,9,1500,0,2,4,,1,071,"OSWELL STREET","OSWELL FRONTAGE ROAD SE",43.00,N,N,A,-,N,,,,,,,,,,Y,3,0,1,1,A,-,08,22107,,N,E,I,A,A,H,-,C,D,0,,,,,Y,,A,07,0,1,0,0,0,0,0,0,0,"- ","- ",35.364898681640625,-118.94980621337891,KERN,UNINCORPORATED,-118.94980621337891,35.365016937255859
92116238,2023,2023-07-13,9420,2023-06-10,2500,020163,,6,4,9,1500,0,1,3,,2,589,"STATE ROUTE 58","BENA ROAD",1680.00,W,N,B,-,Y,,,,,,,,,,Y,1,1,0,1,A,-,01,23152,A,N,E,I,A,A,H,-,D,D,0,,,,,Y,Y,A,07,0,0,0,0,0,0,0,0,0,"- ","- ",35.270370483398438,-118.68818664550781,KERN,UNINCORPORATED,-118.68812561035156,35.269985198974609
92116322,2023,2023-07-13,9426,2023-07-11,1000,017321,,2,1,9,1500,0,1,3,,2,581,SR-58,SR-33,5808.00,E,N,A,-,Y,,,,,,,,,,Y,4,0,1,1,A,-,08,22107,,N,E,A,A,A,H,-,A,A,0,,,Y,,Y,,-,"- ",0,0,1,0,0,0,0,0,1,"- ","- ",35.032138824462891,-119.06197357177734,KERN,UNINCORPORATED,-119.62276458740234,35.306461334228516
92116330,2023,2023-07-13,9426,2023-07-11,1647,016953,,2,2,9,1500,0,1,3,,2,582,"SR-58 (STOCKDALE HWY)","BUSSELL RD",5808.00,E,N,A,-,Y,KER,,58," ",R,37.377,H,,R,Y,3,0,1,1,A,-,08,22107,,N,E,8,A,A,H,-,A,D,0,,,,,Y,,-,"- ",0,1,0,0,0,0,0,0,0,"- ","- ",35.354579925537109,-119.285400390625,KERN,UNINCORPORATED,-119.285400390625,35.354572296142578
92116355,2023,2023-07-13,9426,2023-07-12,1342,019442,,3,1,9,1500,0,1,3,,2,461,SR-46,"MCKIBBEN RD",200.00,E,N,A,-,Y,KER,,46," "," ",44.067,H,,R,Y,3,0,1,2,A,-,08,22107,,N,B,C,A,A,H,-,A,D,0,,,,Y,Y,,A,01,0,1,0,0,0,0,0,0,0,"- ","- ",35.601169586181641,-119.45490264892578,KERN,UNINCORPORATED,-119.45490264892578,35.601215362548828
92116443,2023,2023-07-14,9430,2023-07-02,2055,022093,,7,2,9,1500,0,1,1,,2,054,"I-5 NORTHBOUND","S. WHEELER RIDGE ROAD",5333.00,S,N,A,-,Y,KER,,5," "," ",12.523,H,,R,Y,4,0,2,4,A,-,03,22350,,N,C,C,A,A,H,-,D,D,0,,,,,Y,,E,22,0,0,2,0,0,0,0,0,0,"- ","- ",34.97222900390625,-118.94068908691406,KERN,UNINCORPORATED,-118.94069671630859,34.97222900390625
92116890,2023,2023-07-14,9426,2023-06-29,"347 ",018610,,4,3,9,1500,0,1,1,,2,504,"I-5 S/B","BUENA VISTA ROAD",6864.00,N,N,A,-,Y,KER,,5," "," ",35.884,H,,L,Y,2,0,2,2,A,-,08,22107,,N,B,C,A,A,H,-,D,D,0,,,,Y,Y,,G,27,1,0,1,0,0,0,0,0,0,"- ","- ",35.235321044921875,-119.19077301025391,KERN,UNINCORPORATED,-119.19088745117188,35.235233306884766