CASE_ID,ACCIDENT_YEAR,PROC_DATE,JURIS,COLLISION_DATE,COLLISION_TIME,OFFICER_ID,REPORTING_DISTRICT,DAY_OF_WEEK,CHP_SHIFT,POPULATION,CNTY_CITY_LOC,SPECIAL_COND,BEAT_TYPE,CHP_BEAT_TYPE,CITY_DIVISION_LAPD,CHP_BEAT_CLASS,BEAT_NUMBER,PRIMARY_RD,SECONDARY_RD,DISTANCE,DIRECTION,INTERSECTION,WEATHER_1,WEATHER_2,STATE_HWY_IND,CALTRANS_COUNTY,CALTRANS_DISTRICT,STATE_ROUTE,ROUTE_SUFFIX,POSTMILE_PREFIX,POSTMILE,LOCATION_TYPE,RAMP_INTERSECTION,SIDE_OF_HWY,TOW_AWAY,COLLISION_SEVERITY,NUMBER_KILLED,NUMBER_INJURED,PARTY_COUNT,PRIMARY_COLL_FACTOR,PCF_CODE_OF_VIOL,PCF_VIOL_CATEGORY,PCF_VIOLATION,PCF_VIOL_SUBSECTION,HIT_AND_RUN,TYPE_OF_COLLISION,MVIW,PED_ACTION,ROAD_SURFACE,ROAD_COND_1,ROAD_COND_2,LIGHTING,CONTROL_DEVICE,CHP_ROAD_TYPE,PEDESTRIAN_ACCIDENT,BICYCLE_ACCIDENT,MOTORCYCLE_ACCIDENT,TRUCK_ACCIDENT,NOT_PRIVATE_PROPERTY,ALCOHOL_INVOLVED,STWD_VEHTYPE_AT_FAULT,CHP_VEHTYPE_AT_FAULT,COUNT_SEVERE_INJ,COUNT_VISIBLE_INJ,COUNT_COMPLAINT_PAIN,COUNT_PED_KILLED,COUNT_PED_INJURED,COUNT_BICYCLIST_KILLED,COUNT_BICYCLIST_INJURED,COUNT_MC_KILLED,COUNT_MC_INJURED,PRIMARY_RAMP,SECONDARY_RAMP,LATITUDE,LONGITUDE,COUNTY,CITY,POINT_X,POINT_Y
92171135,2023,2023-09-15,9426,2023-09-12,"740 ",016162,,2,1,9,1500,0,3,5,,2,085,"FRESNO AVE","SCARONI AVE",0.00,,Y,A,-,N,,,,,,,,,,Y,4,0,1,2,A,-,12,22450,A,N,D,C,A,A,H,-,A,A,0,,,,,Y,,D,22,0,0,1,0,0,0,0,0,0,"- ","- ",35.514678955078125,-119.31369018554688,KERN,UNINCORPORATED,-119.31364440917969,35.514450073242188
92171248,2023,2023-09-15,9426,2023-09-13,"707 ",017230,,3,1,9,1500,0,3,5,,2,087,"SUNRIDGE AVENUE","STATE ROUTE 119",0.00,,Y,A,-,Y,KER,,119," "," ",8.658,H,,R,Y,4,0,1,2,A,-,09,21802,A,N,D,C,A,A,H,-,A,A,0,,,,,Y,,A,01,0,0,1,0,0,0,0,0,0,"- ","- ",35.223949432373047,-119.38368988037109,KERN,UNINCORPORATED,-119.38372039794922,35.223979949951172
92171269,2023,2023-09-15,9426,2023-09-13,1120,016162,,3,1,9,1500,0,3,5,,2,086,"LERDO HWY","WILDWOOD RD",0.00,,Y,A,-,N,,,,,,,,,,Y,4,0,1,2,A,-,05,21752,D,N,D,C,A,A,H,-,A,A,0,,,,,Y,,D,22,0,0,1,0,0,0,0,0,0,"- ","- ",35.499698638916016,-119.47479248046875,KERN,UNINCORPORATED,-119.43927001953125,35.500564575195312
92171353,2023,2023-09-15,9426,2023-09-14,"628 ",016804,,4,1,9,1500,0,3,5,,2,085,"KIMBERLINA RD.","GRIFFITH AVE.",551.00,E,N,A,-,N,,,,,,,,,,Y,3,0,2,2,A,-,08,22107,,N,B,2,A,A,H,-,B,D,0,,,,,Y,,A,01,0,2,0,0,0,0,0,0,0,"- ","- ",35.558048248291016,-119.33867645263672,KERN,UNINCORPORATED,-119.33957672119141,35.5579833984375
92172223,2023,2023-09-18,9830,2023-09-14,"639 ",019872,,4,1,9,1500,0,1,3,,2,043,"STATE ROUTE 58 W/B","BUSINESS 58 NORTH",1850.00,E,N,A,-,Y,KER,,58," ",M,109.527,H,,L,Y,4,0,1,1,A,-,08,22107,,N,E,8,A,A,H,-,A,D,0,,,,,Y,,A,01,0,0,1,0,0,0,0,0,0,"- ","- ",35.110561370849609,-118.16889190673828,KERN,UNINCORPORATED,-118.16901397705078,35.110363006591797
92172234,2023,2023-09-18,9420,2023-08-29,1335,021981,,2,1,9,1500,0,3,5,,2,030,"WALKER BASIN ROAD","PIUTE MOUTNAIN ROAD",17424.00,W,N,A,-,N,,,,,,,,,,Y,2,0,1,1,A,-,08,22107,,N,E,I,A,A,H,-,A,D,0,,,Y,,Y,Y,C,02,1,0,0,0,0,0,0,0,1,"- ","- ",35.399131774902344,-118.46663665771484,KERN,UNINCORPORATED,-118.46297454833984,35.398761749267578
92172245,2023,2023-09-18,9420,2023-08-31,1740,019353,,4,2,6,1502,0,1,3,,2,094,"SR-99 N/B","WIBLE ROAD O/C",150.00,S,N,A,-,Y,KER,,99," "," ",21.881,H,,R,N,4,0,1,2,A,-,03,22350,,N,C,C,A,A,H,-,A,D,0,,,,,Y,,A,01,0,0,1,0,0,0,0,0,0,"- ","- ",35.329208374023438,-119.03913116455078,KERN,BAKERSFIELD,-119.03910064697266,35.329216003417969
92172265,2023,2023-09-18,9420,2023-09-02,1634,021981,,6,2,9,1500,0,1,3,,2,155,"STATE ROUTE 155","DEADRICH RANCH ROAD",900.00,E,N,A,-,Y,KER,,155," "," ",65.633,H,,R,Y,2,0,1,1,A,-,08,22107,,N,E,I,A,A,H,-,A,D,0,,,,,Y,,A,01,1,0,0,0,0,0,0,0,0,"- ","- ",35.693038940429688,-118.46798706054688,KERN,UNINCORPORATED,-118.46798706054688,35.693038940429688
92172270,2023,2023-09-18,9420,2023-09-09,1235,021133,,6,1,9,1500,0,1,3,,2,090,"SR-99 N/B","GARCES HIGHWAY",500.00,N,N,A,-,Y,KER,,99," "," ",55.619,H,,R,N,4,0,1,2,A,-,07,21658,A,N,B,C,A,A,H,-,A,D,0,,,,Y,Y,,-,"- ",0,0,1,0,0,0,0,0,0,"- ","- ",35.762798309326172,-119.249267578125,KERN,UNINCORPORATED,-119.24930572509766,35.762794494628906
92172275,2023,2023-09-18,9420,2023-09-09,"850 ",021133,,6,1,9,1500,0,1,3,,2,430,SR-43,"GARCES HWY",0.00,,Y,A,-,Y,KER,,43," "," ",36.672,H,,R,Y,4,0,2,2,A,-,12,22450,A,N,D,C,A,A,H,-,A,A,0,,,,Y,Y,,A,01,0,0,2,0,0,0,0,0,0,"- ","- ",35.761238098144531,-119.344482421875,KERN,UNINCORPORATED,-119.34445190429688,35.761245727539062
92172280,2023,2023-09-18,9420,2023-09-07,2500,021766,,4,4,9,1500,0,1,3,,2,223,SR-223,"GENERAL BEALE RD.",395.00,W,N,A,-,N,,,,,,,,,,Y,4,0,1,1,A,-,08,22107,,N,E,I,A,A,H,-,C,D,0,,,,,Y,,A,01,0,0,1,0,0,0,0,0,0,"- ","- ",35.209518432617188,-118.75396728515625,KERN,UNINCORPORATED,-118.75396728515625,35.209400177001953
92172289,2023,2023-09-18,9420,2023-09-03,1430,022151,,7,2,9,1500,0,1,3,,1,176,SR-178,"HALEY ST",20.00,W,N,A,-,Y,KER,,178," ",R,4.088,H,,R,Y,4,0,3,2,A,-,08,22107,,N,D,C,A,A,H,-,A,D,0,,,,,Y,,A,01,0,0,3,0,0,0,0,0,0,"- ","- ",35.391971588134766,-118.97654724121094,KERN,UNINCORPORATED,-118.97653198242188,35.391933441162109
92172291,2023,2023-09-18,9830,2023-09-05,"340 ",021851,,2,3,9,1500,0,1,3,,2,012,"SR-58 E/B","TEHACHAPI WILLOW SPRINGS RD",9240.00,E,N,A,-,Y,KER,,58," ",R,96.977,H,,R,Y,3,0,2,1,A,-,08,22107,,N,F,A,A,A,H,-,D,D,0,,,,,Y,,D,22,0,2,0,0,0,0,0,0,0,"- ","- ",35.114681243896484,-118.36637115478516,KERN,UNINCORPORATED,-118.36637115478516,35.114665985107422
92172360,2023,2023-09-18,9420,2023-08-20,1720,021773,,7,2,9,1500,0,1,3,,2,090,"SR-99 S/B",SR-155,340.00,N,N,B,C,Y,KER,,99," "," ",55.589,H,,L,Y,4,0,2,3,A,-,03,22350,,N,C,C,A,B,H,-,A,D,0,,,,,Y,,A,01,0,0,2,0,0,0,0,0,0,"- ","- ",35.762378692626953,-119.24939727783203,KERN,UNINCORPORATED,-119.24944305419922,35.762374877929688
92172395,2023,2023-09-18,9420,2023-08-20,2043,021773,,7,2,9,1500,0,1,3,,2,091,"SR-99 S/B","NORTH RD EDGE OF SR-155 OVER-CROSSING",10.00,S,N,B,C,Y,KER,,99," "," ",55.522,H,,L,Y,4,0,2,1,A,-,03,22350,,N,E,8,A,B,F,-,A,D,0,,,,,Y,,D,22,0,0,2,0,0,0,0,0,0,"- ","- ",35.761409759521484,-119.24923706054688,KERN,UNINCORPORATED,-119.24922180175781,35.76141357421875
92172452,2023,2023-09-18,9420,2023-08-18,"745 ",016153,,5,1,9,1500,0,3,5,,2,060,"ROSEDALE HWY.","JENKINS RD.",192.00,E,N,A,-,N,,,,,,,,,,Y,4,0,2,3,A,-,03,22350,,N,C,C,A,A,H,-,A,D,0,,,,,Y,,D,22,0,0,2,0,0,0,0,0,0,"- ","- ",35.383491516113281,-119.15373992919922,KERN,UNINCORPORATED,-119.15380859375,35.383529663085938
92172458,2023,2023-09-18,9420,2023-08-28,1819,021981,,1,2,9,1500,0,1,3,,2,155,"STATE ROUTE 178 TO SR-155","STATE ROUTE 155",0.00,,Y,A,-,Y,KER,,155," ",R,70.959,H,,L,Y,3,0,3,2,A,-,09,21802,A,N,D,C,A,A,H,-,A,D,0,,,,,Y,,A,01,0,2,1,0,0,0,0,0,0,"- ","- ",35.628520965576172,-118.47872161865234,KERN,UNINCORPORATED,-118.478759765625,35.628486633300781
92172832,2023,2023-09-18,9420,2023-09-04,1059,019901,,1,1,9,1500,0,1,3,,2,090,"SR-99 N/B","MERCED AVE.",2323.00,S,N,A,-,Y,KER,,99," "," ",38.672,H,,R,Y,2,0,2,1,C,-,18,,,N,F,A,A,A,H,-,A,A,0,,,Y,,Y,,-,"- ",2,0,0,0,0,0,0,0,2,"- ","- ",35.5235595703125,-119.18715667724609,KERN,UNINCORPORATED,-119.18710327148438,35.523582458496094
92173224,2023,2023-09-19,9830,2023-09-06,"335 ",021851,,3,3,9,1500,0,1,3,,1,022,"SR-58 E/B","BORAX ROAD",2218.00,W,N,A,-,Y,KER,,58," ",R,139.375,H,,R,Y,4,0,1,2,A,-,03,22350,,M,C,D,A,D,H,-,D,D,0,,,,Y,Y,,G,25,0,0,1,0,0,0,0,0,0,"- ","- ",35.006641387939453,-117.71083068847656,KERN,UNINCORPORATED,-117.71083068847656,35.00665283203125
92173301,2023,2023-09-19,9420,2023-08-10,2223,020573,,4,3,6,1502,0,3,5,,2,671,"S. FAIRFAX RD","HERMOSA RD",0.00,,Y,B,-,N,,,,,,,,,,Y,2,0,3,2,A,-,01,23153,A,N,D,C,A,A,H,-,D,A,0,,,,,Y,Y,A,01,1,1,1,0,0,0,0,0,0,"- ","- ",35.310638427734375,-118.93206787109375,KERN,BAKERSFIELD,-118.93208312988281,35.310592651367188
92173309,2023,2023-09-19,9420,2023-08-30,1522,021134,,3,2,9,1500,0,2,4,,1,071,"MT VERNON AVE","OREGON ST",0.00,,Y,A,-,N,,,,,,,,,,N,4,0,1,2,A,-,08,22100,B,N,D,C,A,A,H,-,A,D,0,,,,,Y,,A,01,0,0,1,0,0,0,0,0,0,"- ","- ",35.377490997314453,-118.96742248535156,KERN,UNINCORPORATED,-118.96755981445312,35.377532958984375
92173342,2023,2023-09-19,9420,2023-08-31,1536,021134,,4,2,9,1500,0,3,5,,2,672,"ADOBE RD","HERRING RD",3300.00,N,N,A,-,N,,,,,,,,,,Y,3,0,5,1,A,-,08,22107,,N,F,I,A,A,H,-,A,D,0,,,,,Y,,M,57,0,1,4,0,0,0,0,0,0,"- ","- ",35.160079956054688,-118.96775817871094,KERN,UNINCORPORATED,-118.96768188476562,35.160079956054688
92173400,2023,2023-09-19,9420,2023-09-03,"240 ",021983,,7,3,9,1500,0,1,3,,1,176,"SR-178 E/B",BEALE,750.00,W,N,A,-,Y,KER,,178," ",R,3.287,H,,R,N,3,0,1,1,A,-,01,23152,A,N,F,A,A,A,H,-,D,D,0,,,,,Y,Y,A,01,0,1,0,0,0,0,0,0,0,"- ","- ",35.385501861572266,-118.98793029785156,KERN,UNINCORPORATED,-118.98793792724609,35.385513305664062
92173414,2023,2023-09-19,9420,2023-09-05,1200,016978,,2,1,9,1500,0,1,3,,1,184,"STATE ROUTE 184","WILSON ROAD",0.00,,Y,A,-,Y,,,,,,,,,,Y,3,0,1,2,A,-,05,21460,A,N,D,2,A,A,H,-,A,D,0,,,,,Y,,D,22,0,1,0,0,0,0,0,0,0,"- ","- ",35.3326416015625,-118.91391754150391,KERN,UNINCORPORATED,-118.91429901123047,35.332569122314453
92173771,2023,2023-09-19,9420,2023-09-04,1905,021134,,1,2,9,1500,0,1,3,,2,223,SR-223,"OLD RIVER RD",0.00,,Y,A,-,Y,KER,,223," "," ",4.864,H,,R,Y,4,0,1,2,A,-,12,22450,A,N,D,C,A,A,H,-,A,A,0,,,,Y,Y,,G,25,0,0,1,0,0,0,0,0,0,"- ","- ",35.208881378173828,-119.10997009277344,KERN,UNINCORPORATED,-119.10997009277344,35.2088623046875
92173836,2023,2023-09-19,9426,2023-09-08,2019,021948,,5,2,9,1500,0,3,5,,2,082,"STOCKDALE HWY","WASCO WAY",0.00,,Y,A,-,N,,,,,,,,,,Y,2,0,1,1,A,-,03,22350,,N,E,I,A,A,H,-,D,D,0,,,,,Y,,A,01,1,0,0,0,0,0,0,0,0,"- ","- ",35.354660034179688,-119.44777679443359,KERN,UNINCORPORATED,-119.44763946533203,35.354503631591797
92173851,2023,2023-09-19,9420,2023-09-09,"44  ",021802,,6,3,9,1500,0,3,5,,2,672,"MONTEREY ST (2300 BLOCK)","NILES ST",450.00,E,N,A,-,N,,,,,,,,,,Y,2,0,1,3,A,-,01,23152,A,M,B,C,A,A,H,-,C,D,0,,,,,Y,Y,A,01,1,0,0,0,0,0,0,0,0,"- ","- ",35.374961853027344,-118.96558380126953,KERN,UNINCORPORATED,-118.99911499023438,35.3829345703125
92173894,2023,2023-09-19,9420,2023-09-01,1522,021134,,5,2,9,1500,0,3,5,,2,070,"PIONEER DR","PALM DR",310.00,W,N,A,-,N,,,,,,,,,,Y,4,0,6,5,A,-,09,21801,A,N,D,C,A,A,H,-,A,D,0,,,,,Y,,D,22,0,0,6,0,0,0,0,0,0,"- ","- ",35.368919372558594,-118.9197998046875,KERN,UNINCORPORATED,,
92173934,2023,2023-09-19,9426,2023-09-09,1610,021948,,6,2,9,1500,0,1,3,,1,118,"AIRPORT RD",SR-119,0.00,,Y,A,-,N,,,,,,,,,,N,4,0,1,2,A,-,12,22450,A,N,D,C,A,A,H,-,A,A,0,,,,,Y,,A,01,0,0,1,0,0,0,0,0,0,"- ","- ",35.193649291992188,-119.42891693115234,KERN,UNINCORPORATED,-119.42893218994141,35.19366455078125
92173937,2023,2023-09-19,9426,2023-09-14,1820,019896,,4,2,9,1500,0,1,1,,2,500,"I-5 N/B","WEISER RD",3696.00,N,N,A,-,Y,KER,,5," "," ",80.713,H,,R,Y,3,0,3,1,A,-,08,22107,,N,F,A,A,A,H,-,B,D,0,,,,,Y,,D,22,0,3,0,0,0,0,0,0,0,"- ","- ",35.711589813232422,-119.72415161132812,KERN,UNINCORPORATED,-119.72401428222656,35.711654663085938
92174584,2023,2023-09-20,9420,2023-09-01,1630,017243,,5,2,9,1500,0,1,3,,2,090,SR-99,"7TH STANDARD ROAD",5280.00,N,N,A,-,Y,KER,,99," "," ",31.680,H,,R,Y,4,0,2,2,A,-,03,22350,,N,C,C,A,A,H,-,A,D,0,,,,,Y,,A,01,0,0,2,0,0,0,0,0,0,"- ","- ",35.451618194580078,-119.1007080078125,KERN,UNINCORPORATED,-119.10060119628906,35.451713562011719
92174653,2023,2023-09-20,9420,2023-08-29,1830,017243,,2,2,9,1500,0,3,5,,2,672,"PANAMA RD","EDISON RD",14.00,E,N,A,-,N,,,,,,,,,,Y,4,0,1,3,A,-,03,22350,,F,C,C,A,A,H,-,A,A,0,,,,,Y,,A,07,0,0,1,0,0,0,0,0,0,"- ","- ",35.267158508300781,-118.87835693359375,KERN,UNINCORPORATED,-118.87844085693359,35.267158508300781
92174694,2023,2023-09-20,9420,2023-09-09,2358,021983,,6,3,9,1500,0,3,5,,2,050,"MERLE HAGGARD DR","WINGS WAY",0.00,,Y,A,-,N,,,,,,,,,,Y,4,0,1,2,D,-,00,,,N,D,C,A,A,H,-,C,A,0,,,,,Y,,-,"- ",0,0,1,0,0,0,0,0,0,"- ","- ",35.441379547119141,-119.05223083496094,KERN,UNINCORPORATED,-119.05239868164062,35.441242218017578
92174717,2023,2023-09-20,9420,2023-09-11,1600,019316,,1,2,9,1500,0,2,4,,1,051,"NORTH CHESTER AVENUE","RAY STREET",20.00,N,N,A,-,N,,,,,,,,,,Y,4,0,3,2,A,-,03,22350,,N,B,C,A,A,H,-,A,A,0,,,,,Y,,A,01,0,0,3,0,0,0,0,0,0,"- ","- ",35.422340393066406,-119.02117919921875,KERN,UNINCORPORATED,-119.02127838134766,35.422306060791016
92174868,2023,2023-09-20,9420,2023-09-11,"755 ",016767,,1,1,9,1500,0,1,3,,2,094,"SR-99 N/B","WHITE LANE",2112.00,S,N,A,-,Y,KER,,99," "," ",20.751,H,,R,Y,3,0,4,6,A,-,07,21658,A,M,B,C,A,A,H,-,A,D,0,,,,,Y,Y,A,07,0,4,0,0,0,0,0,0,0,"- ","- ",35.313018798828125,-119.03488159179688,KERN,UNINCORPORATED,-119.03488159179688,35.313018798828125
92174946,2023,2023-09-20,9420,2023-09-11,"650 ",019901,,1,1,9,1500,0,1,3,,2,223,SR-223,"S. VINELAND RD.",730.00,E,N,A,-,Y,KER,,223," ",R,17.204,H,,R,Y,3,0,1,2,A,-,09,21804,A,N,D,C,A,A,H,-,B,D,0,,,,Y,Y,,D,22,0,1,0,0,0,0,0,0,0,"- ","- ",35.208770751953125,-118.89364624023438,KERN,UNINCORPORATED,-118.89364624023438,35.208786010742188
92174960,2023,2023-09-20,9420,2023-09-12,1230,016767,,2,1,9,1500,0,2,4,,1,051,"DECATUR STREET","OILDALE DRIVE",0.00,,Y,A,-,N,,,,,,,,,,Y,3,0,2,2,A,-,12,22450,A,N,D,C,A,D,H,-,A,A,0,,,,,Y,,A,01,0,2,0,0,0,0,0,0,0,"- ","- ",35.413658142089844,-119.03000640869141,KERN,UNINCORPORATED,-119.02999114990234,35.413658142089844
92174977,2023,2023-09-20,9420,2023-09-12,1215,021133,,2,1,9,1500,0,2,4,,1,072,"NILES STREET","STERLING ROAD",0.00,,Y,A,-,N,,,,,,,,,,N,3,0,1,2,A,-,12,21453,A,N,D,C,A,A,H,-,A,A,0,,,,,Y,,A,01,0,1,0,0,0,0,0,0,0,"- ","- ",35.376068115234375,-118.94081115722656,KERN,UNINCORPORATED,-118.94081878662109,35.375965118408203
92175064,2023,2023-09-20,9420,2023-09-12,1606,020634,,2,2,9,1500,0,3,5,,2,070,"RIVER BLVD","WATER STREET",0.00,,Y,A,-,N,,,,,,,,,,N,4,0,1,2,A,-,05,21650,,M,D,C,A,A,D,-,A,D,0,,Y,,,Y,,L,04,0,0,1,0,0,0,1,0,0,"- ","- ",35.395729064941406,-118.98509216308594,KERN,UNINCORPORATED,-118.98516845703125,35.395477294921875
92175080,2023,2023-09-20,9420,2023-09-12,1200,018626,,2,1,6,1502,0,1,3,,2,094,"SR-99 N/B","PANAMA LN",1056.00,S,N,A,-,Y,KER,,99," "," ",19.319,H,,R,Y,3,0,1,1,A,-,08,22107,,N,E,J,A,A,D,-,A,D,0,,,,,Y,,D,22,0,1,0,0,0,0,0,0,0,"- ","- ",35.292720794677734,-119.02961730957031,KERN,BAKERSFIELD,-119.02956390380859,35.292728424072266
92175081,2023,2023-09-20,9420,2023-09-12,1950,019316,,2,2,9,1500,0,2,4,,1,051,"NORTH CHESTER AVENUE","MCCORD AVENUE",0.00,,Y,A,-,N,,,,,,,,,,N,3,0,1,2,A,-,05,21650,,M,D,G,A,A,H,-,C,A,0,,Y,,,Y,,L,04,0,1,0,0,0,0,1,0,0,"- ","- ",35.406780242919922,-119.02114105224609,KERN,UNINCORPORATED,-119.02105712890625,35.406791687011719
92175129,2023,2023-09-20,9420,2023-09-03,1910,021134,,7,2,9,1500,0,3,5,,2,671,"WOOD ST","CENTER ST",270.00,S,N,A,-,N,,,,,,,,,,Y,3,0,1,1,A,-,01,23152,A,N,E,I,A,A,H,-,A,D,0,,,,,Y,Y,D,22,0,1,0,0,0,0,0,0,0,"- ","- ",35.249809265136719,-118.92446136474609,KERN,UNINCORPORATED,-118.92440032958984,35.249847412109375
92175192,2023,2023-09-20,9426,2023-09-12,1550,019592,,2,2,9,1500,0,1,3,,2,331,SR33,"LERDO HWY",1584.00,N,N,A,-,Y,KER,,33," "," ",49.645,H,,R,Y,3,0,1,1,A,-,03,22350,,N,E,I,A,A,H,-,A,D,0,,,,Y,Y,,G,25,0,1,0,0,0,0,0,0,0,"- ","- ",35.503890991210938,-119.74266052246094,KERN,UNINCORPORATED,-119.74293518066406,35.503753662109375
92175198,2023,2023-09-20,9420,2023-09-11,"600 ",017256,,1,1,9,1500,0,1,3,,2,090,"STATE ROUTE 99 NORTHBOUND","MERCED AVENUE",6706.00,S,N,A,-,Y,KER,,99," "," ",37.833,H,,R,Y,4,0,1,4,A,-,03,22350,,M,C,C,A,A,H,-,A,D,0,,,,,Y,,A,01,0,0,1,0,0,0,0,0,0,"- ","- ",35.5130615234375,-119.17967987060547,KERN,UNINCORPORATED,-119.1795654296875,35.513126373291016
92175202,2023,2023-09-20,9420,2023-09-10,1850,022189,,7,2,6,1502,0,3,5,,2,070,"COLLEGE AVE","PICKWICK ST",0.00,,Y,A,-,N,,,,,,,,,,N,4,0,1,2,A,-,09,21802,A,N,D,C,A,A,H,-,A,A,0,,,,,Y,,A,01,0,0,1,0,0,0,0,0,0,"- ","- ",35.383228302001953,-118.94702911376953,KERN,BAKERSFIELD,-118.94704437255859,35.383167266845703
92175216,2023,2023-09-20,9420,2023-09-08,1600,021134,,5,2,9,1500,0,1,3,,2,096,"SR-99 N/B",SR-223,1400.00,N,N,A,-,Y,KER,,99," "," ",13.679,H,,R,N,4,0,1,3,A,-,03,22350,,N,C,C,A,A,D,-,A,D,0,,,,,Y,,-,"- ",0,0,1,0,0,0,0,0,0,"- ","- ",35.212390899658203,-119.01080322265625,KERN,UNINCORPORATED,-119.01074981689453,35.212394714355469
92175256,2023,2023-09-20,9420,2023-09-11,1600,019270,,1,2,9,1500,0,1,3,,1,184,SR-184,"BERNARD AVE",0.00,,Y,A,-,Y,KER,,184," "," ",1.446,H,,R,Y,4,0,2,3,A,-,09,21801,A,N,D,C,F,A,H,-,A,A,0,Y,,,,Y,,D,22,0,0,2,0,1,0,0,0,0,"- ","- ",35.258758544921875,-118.914306640625,KERN,UNINCORPORATED,-118.91436004638672,35.258758544921875
92175269,2023,2023-09-20,9830,2023-09-12,1445,019977,,2,2,9,1500,0,3,5,,2,004,"CALIFORNIA CITY BLVD","FOREST BLVD",303.00,E,N,A,-,N,,,,,,,,,,Y,3,0,1,1,A,-,01,23152,A,N,E,I,A,A,H,-,A,D,0,,,,,Y,Y,A,01,0,1,0,0,0,0,0,0,0,"- ","- ",35.101650238037109,-117.9176025390625,KERN,UNINCORPORATED,-117.91834259033203,35.102455139160156
92175888,2023,2023-09-21,9426,2023-09-18,"315 ",018932,,1,3,9,1500,0,1,3,,1,118,SR-119,"MIDWAY ROAD",356.00,S,N,A,-,Y,KER,,119," "," ",3.041,H,,R,Y,3,0,1,1,A,-,01,23152,A,N,F,A,A,A,H,-,D,D,0,,,,,Y,Y,D,22,0,1,0,0,0,0,0,0,0,"- ","- ",35.178749084472656,-119.45388031005859,KERN,UNINCORPORATED,-119.45387268066406,35.178749084472656
92175910,2023,2023-09-21,9420,2023-09-14,1703,022153,,4,2,9,1500,0,3,5,,2,050,"AIRPORT DRIVE","WASHINGTON AVENUE",50.00,S,N,A,-,Y,,,,,,,,,,Y,3,0,2,2,A,-,03,22350,,N,C,C,A,A,H,-,A,D,0,,,,,Y,,A,01,0,2,0,0,0,0,0,0,0,"- ","- ",34.415290832519531,-119.03893280029297,KERN,UNINCORPORATED,-119.03894805908203,35.415332794189453
92175921,2023,2023-09-21,9420,2023-09-15,"740 ",016229,,5,1,6,1502,0,1,3,,2,583,"HEATH ROAD","STOCKDALE HIGHWAY",40.00,N,N,A,-,N,,,,,,,,,,N,3,0,1,2,A,-,03,22350,,N,C,C,A,A,H,-,A,A,0,,,,,Y,,A,01,0,1,0,0,0,0,0,0,0,"- ","- ",35.354640960693359,-119.18093109130859,KERN,BAKERSFIELD,-119.18093872070312,35.354560852050781
92176055,2023,2023-09-21,9420,2023-09-16,1600,020402,,6,2,9,1500,0,2,4,,1,051,"MANOR STREET","CHINA GRADE LOOP",0.00,,Y,A,-,N,,,,,,,,,,N,4,0,3,2,A,-,12,21453,A,N,D,C,A,A,H,-,A,A,0,,,,,Y,,A,07,0,0,3,0,0,0,0,0,0,"- ","- ",35.426799774169922,-119.01242065429688,KERN,UNINCORPORATED,-119.01244354248047,35.426761627197266
9217770,2021,2021-03-10,1508,2021-01-24,1324,111,6B,7,5,2,1508,0,0,0,,0,,"CADET RD","PETROLEUM CLUB RD",2616.00,E,N,A,-,N,,,,,,,,,,Y,3,0,1,1,A,-,08,22107,,N,F,A,A,A,H,-,D,D,0,,,,,Y,Y,A,07,0,1,0,0,0,0,0,0,0,"- ","- ",35.098758697509766,-119.40239715576172,KERN,TAFT,-119.39407348632812,35.100948333740234
9217771,2021,2021-03-10,1508,2021-01-19,1844,53,3B,2,5,2,1508,0,0,0,,0,,"CENTER ST","6TH ST",0.00,,Y,A,-,N,,,,,,,,,,Y,3,0,1,2,A,-,12,22450,,M,D,C,A,A,H,-,C,D,0,,,,,Y,,A,01,0,1,0,0,0,0,0,0,0,"- ","- ",35.141429901123047,-119.46045684814453,KERN,TAFT,-119.46045684814453,35.14141845703125
9217772,2021,2021-03-10,1508,2021-01-12,2300,138,,2,5,2,1508,0,0,0,,0,,"10TH ST","NORTH ST",190.00,S,N,A,-,N,,,,,,,,,,N,3,0,1,2,A,-,08,22107,,N,H,A,A,A,H,-,C,D,0,,,Y,,Y,,A,01,0,1,0,0,0,0,0,0,1,"- ","- ",35.142890930175781,-119.46513366699219,KERN,TAFT,-119.46514129638672,35.143306732177734
92178181,2023,2023-09-25,9420,2023-07-21,"310 ",020573,,5,3,9,1500,0,2,4,,2,062,"ROSEDALE HWY","KARLA ST.",30.00,E,N,A,-,N,,,,,,,,,,Y,3,0,1,1,A,-,08,22107,,M,E,I,A,A,H,-,C,D,0,,,,,Y,,A,01,0,1,0,0,0,0,0,0,0,"- ","- ",35.383350372314453,-119.12030029296875,KERN,UNINCORPORATED,-119.12033843994141,35.383548736572266