CASE_ID,ACCIDENT_YEAR,PROC_DATE,JURIS,COLLISION_DATE,COLLISION_TIME,OFFICER_ID,REPORTING_DISTRICT,DAY_OF_WEEK,CHP_SHIFT,POPULATION,CNTY_CITY_LOC,SPECIAL_COND,BEAT_TYPE,CHP_BEAT_TYPE,CITY_DIVISION_LAPD,CHP_BEAT_CLASS,BEAT_NUMBER,PRIMARY_RD,SECONDARY_RD,DISTANCE,DIRECTION,INTERSECTION,WEATHER_1,WEATHER_2,STATE_HWY_IND,CALTRANS_COUNTY,CALTRANS_DISTRICT,STATE_ROUTE,ROUTE_SUFFIX,POSTMILE_PREFIX,POSTMILE,LOCATION_TYPE,RAMP_INTERSECTION,SIDE_OF_HWY,TOW_AWAY,COLLISION_SEVERITY,NUMBER_KILLED,NUMBER_INJURED,PARTY_COUNT,PRIMARY_COLL_FACTOR,PCF_CODE_OF_VIOL,PCF_VIOL_CATEGORY,PCF_VIOLATION,PCF_VIOL_SUBSECTION,HIT_AND_RUN,TYPE_OF_COLLISION,MVIW,PED_ACTION,ROAD_SURFACE,ROAD_COND_1,ROAD_COND_2,LIGHTING,CONTROL_DEVICE,CHP_ROAD_TYPE,PEDESTRIAN_ACCIDENT,BICYCLE_ACCIDENT,MOTORCYCLE_ACCIDENT,TRUCK_ACCIDENT,NOT_PRIVATE_PROPERTY,ALCOHOL_INVOLVED,STWD_VEHTYPE_AT_FAULT,CHP_VEHTYPE_AT_FAULT,COUNT_SEVERE_INJ,COUNT_VISIBLE_INJ,COUNT_COMPLAINT_PAIN,COUNT_PED_KILLED,COUNT_PED_INJURED,COUNT_BICYCLIST_KILLED,COUNT_BICYCLIST_INJURED,COUNT_MC_KILLED,COUNT_MC_INJURED,PRIMARY_RAMP,SECONDARY_RAMP,LATITUDE,LONGITUDE,COUNTY,CITY,POINT_X,POINT_Y
92329294,2024,2024-03-04,9420,2024-02-26,2006,023531,,1,2,9,1500,0,1,3,,2,589,"SR-58 W/B","BEALVILLE ROAD",2640.00,E,N,A,-,Y,KER,,58," "," ",77.738,H,,L,Y,3,0,1,1,A,-,08,22107,,N,F,J,A,A,H,-,C,D,0,,,,,Y,,A,01,0,1,0,0,0,0,0,0,0,"- ","- ",35.262378692626953,-118.62142944335938,KERN,UNINCORPORATED,-118.62145233154297,35.2623291015625
9232971,2021,2021-03-05,1507,2021-01-28,1659,281,27,4,5,3,1507,0,0,0,,0,,"EAST LERDO HWY","DRIVER RD",245.00,E,N,C,-,N,,,,,,,,,,N,2,0,1,1,A,-,03,22350,,N,E,J,A,B,F,-,C,D,0,,,,,Y,,A,01,1,0,0,0,0,0,0,0,0,"- ","- ",35.499759674072266,-119.20577239990234,KERN,SHAFTER,-119.20494842529297,35.499660491943359
92330309,2024,2024-03-05,9420,2024-03-01,2300,022173,,5,3,9,1500,0,1,3,,2,154,"SR-155 EASTBOUND",SR-65,3000.00,W,N,C,-,N,,,,,,,,,,N,4,0,1,1,C,-,18,,,N,E,H,A,B,H,-,C,D,0,,,,,Y,,-,"- ",0,0,1,0,0,0,0,0,0,"- ","- ",35.761951446533203,-119.06278991699219,KERN,UNINCORPORATED,-119.06278991699219,35.762001037597656
92330315,2024,2024-03-05,9420,2024-03-02,"100 ",023401,,6,3,9,1500,0,1,3,,2,178,"STATE ROUTE 178","BOREL RD.",12144.00,W,N,C,-,Y,KER,,178," ",R,36.860,H,,R,Y,3,0,1,1,A,-,08,22107,,N,E,I,A,B,H,-,D,D,0,,,,,Y,,E,22,0,1,0,0,0,0,0,0,0,"- ","- ",35.581829071044922,-118.55740356445312,KERN,UNINCORPORATED,-118.55740356445312,35.581832885742188
92330974,2024,2024-03-06,9420,2024-02-25,2500,021983,,7,4,9,1500,0,1,3,,2,589,"SR-58 E/B",SR-223,2500.00,W,N,A,-,Y,KER,,58," "," ",75.075,H,,R,N,4,0,1,1,A,-,08,22107,,N,F,A,A,A,H,-,D,D,0,,,,,Y,,A,07,0,0,1,0,0,0,0,0,0,"- ","- ",35.266620635986328,-118.66754913330078,KERN,UNINCORPORATED,-118.66761016845703,35.2664794921875
92330986,2024,2024-03-06,9420,2024-02-25,"427 ",021983,,7,3,9,1500,0,2,4,,1,072,"BRUNDAGE LN","FAIRFAX RD",200.00,W,N,A,-,N,,,,,,,,,,Y,3,0,2,1,A,-,08,22107,,N,E,8,A,A,H,-,C,D,0,,,,,Y,,A,01,0,2,0,0,0,0,0,0,0,"- ","- ",35.354328155517578,-118.93373107910156,KERN,UNINCORPORATED,-118.93270111083984,35.354270935058594
92331015,2024,2024-03-06,9830,2024-02-27,1920,021642,,2,2,9,1500,0,1,3,,1,051,"SR-178 E/B","MILE POST MARKER 178 KER 80.50",300.00,W,N,A,-,Y,KER,,178," "," ",80.477,H,,R,Y,4,0,1,1,A,-,01,23152,A,N,E,I,A,A,H,-,D,D,0,,,,,Y,Y,D,22,0,0,1,0,0,0,0,0,0,"- ","- ",35.659751892089844,-118.01775360107422,KERN,UNINCORPORATED,-118.01776123046875,35.659709930419922
92331071,2024,2024-03-06,9420,2024-03-01,1847,019686,,5,2,9,1500,0,1,3,,1,650,SR-65,"COUNTY LINE AVENUE",5280.00,S,N,C,-,Y,KER,,65," "," ",24.356,H,,R,Y,4,0,1,3,A,-,03,22350,,N,C,C,A,B,H,-,D,D,0,,,,,Y,,A,01,0,0,1,0,0,0,0,0,0,"- ","- ",35.778919219970703,-119.05329132080078,KERN,UNINCORPORATED,-119.05336761474609,35.778919219970703
92331110,2024,2024-03-06,9420,2024-02-20,1416,021134,,2,2,9,1500,0,2,4,,1,075,"S UNION AVENUE SOUTHBOUND","PLANZ ROAD",995.00,N,N,B,-,N,,,,,,,,,,Y,2,0,3,2,A,-,07,21658,A,N,B,C,A,A,H,-,A,D,0,,,,,Y,,A,01,1,1,1,0,0,0,0,0,0,"- ","- ",35.327808380126953,-119.00315093994141,KERN,UNINCORPORATED,-119.00309753417969,35.327651977539062
92331191,2024,2024-03-06,9420,2024-02-23,1822,021134,,5,2,9,1500,0,1,3,,1,184,SR-184,"COLLISON ST",0.00,,Y,A,-,Y,KER,,184," "," ",2.268,H,,R,N,3,0,1,2,A,-,09,21801,A,N,A,C,A,A,H,-,D,D,0,,,,,Y,,A,01,0,1,0,0,0,0,0,0,0,"- ","- ",35.270610809326172,-118.91438293457031,KERN,UNINCORPORATED,-118.91439056396484,35.270610809326172
92331201,2024,2024-03-06,9420,2024-03-05,1530,020402,,2,2,9,1500,0,1,3,,1,184,SR-184,"SEGRUE RD",0.00,,Y,A,-,N,,,,,,,,,,Y,4,0,4,2,A,-,12,21453,A,N,D,C,A,A,H,-,A,A,0,,,,,Y,,A,07,0,0,4,0,0,0,0,0,0,"- ","- ",35.256069183349609,-118.91449737548828,KERN,UNINCORPORATED,-118.91449737548828,35.256069183349609
92331421,2024,2024-03-06,9426,2024-02-29,"624 ",016804,,4,1,9,1500,0,1,3,,2,582,SR-58,"BUSSELL RD.",3071.00,E,N,E,-,Y,KER,,58," ",R,36.836,H,,R,Y,2,0,2,2,A,-,03,22350,,N,C,C,A,A,H,-,B,D,0,,,,,Y,,A,01,2,0,0,0,0,0,0,0,0,"- ","- ",35.354640960693359,-119.29499053955078,KERN,UNINCORPORATED,-119.29499053955078,35.354637145996094
92331468,2024,2024-03-06,9426,2024-03-04,"800 ",016162,,1,1,9,1500,0,3,5,,2,085,"FRESNO AVE","PALM AVE",0.00,,Y,B,-,N,,,,,,,,,,Y,3,0,1,2,A,-,09,21802,A,N,D,C,A,A,H,-,A,A,0,,,,,Y,,D,22,0,1,0,0,0,0,0,0,0,"- ","- ",35.514389038085938,-119.34993743896484,KERN,UNINCORPORATED,-119.34996032714844,35.514556884765625
92331491,2024,2024-03-06,9426,2024-03-05,1100,019658,,2,1,9,1500,0,1,3,,1,118,SR-119,"TUPMAN RD",0.00,,Y,A,-,Y,KER,,119," ",R,13.290,H,,R,Y,4,0,1,2,A,-,09,21802,A,N,D,C,A,A,H,-,A,A,0,,,,,Y,,D,22,0,0,1,0,0,0,0,0,0,"- ","- ",35.265800476074219,-119.31194305419922,KERN,UNINCORPORATED,-119.31192779541016,35.265785217285156
92331513,2024,2024-03-06,9426,2024-02-12,"333 ",018023,,1,3,9,1500,0,1,1,,2,502,"INTERSTATE 5 S/B TO LERDO HIGHWAY","LERDO HIGHWAY",705.00,N,N,A,-,Y,KER,,5," "," ",62.784,H,,L,Y,1,1,2,2,A,-,08,22107,,N,C,E,A,A,H,-,C,D,0,,,,Y,Y,Y,A,07,1,1,0,0,0,0,0,0,0,"- ","- ",35.502048492431641,-119.53768920898438,KERN,UNINCORPORATED,-119.53748321533203,35.502201080322266
92331556,2024,2024-03-06,9830,2024-02-24,"130 ",021751,,6,3,9,1500,0,3,5,,2,003,"60TH STREET WEST","AVENUE A",1740.00,N,N,A,-,N,,,,,,,,,,Y,2,0,1,1,A,-,01,23152,A,N,E,I,A,A,H,-,D,D,0,,,,,Y,Y,A,01,1,0,0,0,0,0,0,0,0,"- ","- ",34.824958801269531,-118.23764801025391,KERN,UNINCORPORATED,-118.23773193359375,34.824901580810547
9233210,2021,2021-03-23,1509,2021-02-04,1714,942,W,4,5,3,1509,0,0,0,,0,,"W TEHACHAPI BL","TUCKER RD",0.00,,Y,A,-,N,,,,,,,,,,Y,3,0,1,1,A,-,03,22350,,N,B,I,A,A,H,-,A,A,0,,,,,Y,,A,01,0,1,0,0,0,0,0,0,0,"- ","- ",35.132240295410156,-118.46647644042969,KERN,TEHACHAPI,-118.46728515625,35.131771087646484
92332185,2024,2024-03-07,9420,2024-02-23,1452,023531,,5,2,6,1502,0,1,3,,2,095,"SR-99 S/B TO WHITE LANE","WHITE LANE",1051.00,N,N,A,-,Y,KER,,99," "," ",21.292,H,,L,Y,4,0,1,3,A,-,01,23152,A,N,C,C,A,A,H,-,A,D,0,,,,,Y,Y,A,01,0,0,1,0,0,0,0,0,0,"- ","- ",35.320629119873047,-119.03726959228516,KERN,BAKERSFIELD,-119.03715515136719,35.320648193359375
92332208,2024,2024-03-07,9830,2024-02-23,"902 ",020866,,5,1,9,1500,0,3,5,,2,003,"20TH ST. W.","ELDER AVE.",1056.00,S,N,A,-,N,,,,,,,,,,Y,4,0,1,1,A,-,08,22107,,N,E,J,A,A,H,-,A,D,0,,,,,Y,,A,01,0,0,1,0,0,0,0,0,0,"- ","- ",34.824748992919922,-118.1669921875,KERN,UNINCORPORATED,-118.16693878173828,34.825054168701172
92332232,2024,2024-03-07,9420,2024-02-23,2032,021134,,5,2,9,1500,0,1,3,,1,119,SR-119,"CERRO DR",0.00,,Y,A,-,Y,KER,,119," "," ",30.512,H,,R,Y,4,0,2,3,A,-,09,21801,A,N,D,C,A,A,H,-,D,D,0,,,,,Y,,D,22,0,0,2,0,0,0,0,0,0,"- ","- ",35.266880035400391,-119.03623962402344,KERN,UNINCORPORATED,-119.03623962402344,35.266899108886719
92332233,2024,2024-03-07,9420,2024-02-25,"550 ",020366,,7,3,9,1500,0,1,3,,1,184,SR-184,"DI GIORGIO ROAD",0.00,,Y,A,-,Y,KER,,184," "," ",1.011,H,,R,Y,3,0,1,1,A,-,01,23152,A,N,E,I,A,A,H,-,B,A,0,,,,,Y,Y,A,01,0,1,0,0,0,0,0,0,0,"- ","- ",35.252498626708984,-118.91458129882812,KERN,UNINCORPORATED,-118.91438293457031,35.252498626708984
92332267,2024,2024-03-07,9420,2024-03-02,1030,021144,,6,1,9,1500,0,1,3,,1,176,"SR-178 E/B","HALEY ST. OVER-CROSS (O/C)",500.00,W,N,C,-,Y,KER,,178," ",R,3.951,H,,R,Y,3,0,1,1,A,-,03,22350,,N,E,I,A,B,H,-,A,D,0,,,,,Y,,D,22,0,1,0,0,0,0,0,0,0,"- ","- ",35.391151428222656,-118.97863006591797,KERN,UNINCORPORATED,-118.97860717773438,35.391117095947266
92332305,2024,2024-03-07,9830,2024-03-05,1716,019400,,2,2,9,1500,0,1,3,,1,015,"SR-202 W/B","WOODFORD TEHACHAPI ROAD",307.00,E,N,A,-,Y,KER,,202," "," ",7.372,H,,L,Y,4,0,2,3,A,-,03,22350,,N,C,C,A,A,H,-,A,D,0,,,,,Y,,E,22,0,0,2,0,0,0,0,0,0,"- ","- ",35.124351501464844,-118.49371337890625,KERN,UNINCORPORATED,-118.49371337890625,35.124382019042969
92332314,2024,2024-03-07,9420,2024-02-28,2230,020409,,3,3,9,1500,0,3,5,,2,610,"WIBLE ROAD","WOOD LANE",1500.00,S,N,A,-,N,,,,,,,,,,Y,4,0,3,2,A,-,08,22107,,F,D,C,A,A,H,-,C,D,0,,,,,Y,,A,01,0,0,3,0,0,0,0,0,0,"- ","- ",35.343650817871094,-119.03904724121094,KERN,UNINCORPORATED,-119.03903961181641,35.340793609619141
92332347,2024,2024-03-07,9420,2024-03-04,1459,019686,,1,2,9,1500,0,1,3,,2,090,"SR-99 N/B","7TH STANDARD RD.",5280.00,N,N,A,-,Y,KER,,99," "," ",32.219,H,,R,N,4,0,1,2,A,-,16,24002,A,M,E,J,A,A,H,-,A,D,0,,,,,Y,,-,99,0,0,1,0,0,0,0,0,0,"- ","- ",35.457008361816406,-119.10771942138672,KERN,UNINCORPORATED,-119.10769653320312,35.457035064697266
92332358,2024,2024-03-07,9420,2024-02-28,2313,021632,,3,3,9,1500,0,1,3,,1,650,"STATE ROUTE 65","SHERWOOD AVENUE",10032.00,N,N,A,-,Y,KER,,65," "," ",17.836,H,,R,Y,3,0,1,3,A,-,01,23152,A,N,A,C,A,A,H,-,D,D,0,,,,Y,Y,Y,A,07,0,1,0,0,0,0,0,0,0,"- ","- ",35.686870574951172,-119.06730651855469,KERN,UNINCORPORATED,-119.06729888916016,35.686866760253906
92332770,2024,2024-03-07,9420,2024-03-04,1535,019316,,1,2,9,1500,0,1,3,,2,204,"SR-99 S/B TO SR-204","SANTA FE RAILROAD OVER CROSSING",750.00,S,N,A,-,Y,,,,,,,,,,Y,3,0,2,1,C,-,18,,,N,F,I,A,A,H,-,A,D,0,,,,,Y,,-,"- ",0,1,1,0,0,0,0,0,0,"- ","- ",35.404888153076172,-119.04750061035156,KERN,UNINCORPORATED,-119.04750061035156,35.404888153076172
92333319,2024,2024-03-08,9426,2024-03-01,1908,018610,,5,2,9,1500,0,1,3,,1,118,SR-119,"I-5 S/B",900.00,W,N,B,-,Y,KER,,119," "," ",19.523,H,,R,Y,3,0,3,2,A,-,09,21804,A,N,B,C,A,A,H,-,C,D,0,,,,,Y,,A,01,0,1,2,0,0,0,0,0,0,"- ","- ",35.267120361328125,-119.22898101806641,KERN,UNINCORPORATED,-119.22898101806641,35.267086029052734
92333533,2024,2024-03-08,9420,2024-02-26,2345,022355,,1,3,9,1500,0,2,4,,1,051,"N CHESTER AVENUE","WILSON AVENUE",10.00,S,N,A,-,N,,,,,,,,,,N,4,0,1,2,A,-,11,21954,A,F,G,B,D,A,H,-,D,D,0,Y,,,,Y,,N,60,0,0,1,0,1,0,0,0,0,"- ","- ",35.417190551757812,-119.02121734619141,KERN,UNINCORPORATED,-119.021240234375,35.417270660400391
92334484,2024,2024-03-11,9420,2024-02-13,"20  ",022355,,2,3,9,1500,0,1,3,,2,093,"STATE ROUTE 99 NORTHBOUND (N/B)","OLIVE DRIVE",1911.00,S,N,A,-,Y,KER,,99," "," ",27.492,H,,R,Y,1,1,0,2,A,-,11,21954,A,N,G,B,E,A,H,-,D,D,0,Y,,,,Y,Y,N,60,0,0,0,1,0,0,0,0,0,"- ","- ",35.408298492431641,-119.05048370361328,KERN,UNINCORPORATED,-119.05039978027344,35.408359527587891
92334501,2023,2024-03-11,9420,2023-12-12,2156,020093,,2,2,9,1500,0,1,3,,2,223,"STATE ROUTE 223","STATE ROUTE 184",156.00,W,N,A,-,Y,KER,,223," ",R,15.984,H,,R,Y,1,1,0,1,A,-,01,23152,A,N,E,8,A,A,H,-,C,D,0,,,,,Y,Y,A,01,0,0,0,0,0,0,0,0,0,"- ","- ",35.208671569824219,-118.91500854492188,KERN,UNINCORPORATED,-118.91500854492188,35.208713531494141
92334736,2024,2024-03-11,9420,2024-02-15,1635,022464,,4,2,9,1500,0,2,4,,1,072,"EDISON STREET","WASHINGTON STREET",0.00,,Y,A,-,N,,,,,,,,,,Y,3,0,2,2,A,-,09,21802,A,N,D,C,A,A,H,-,D,A,0,,,,,Y,,D,22,0,2,0,0,0,0,0,0,0,"- ","- ",35.372951507568359,-118.97637939453125,KERN,UNINCORPORATED,-118.97632598876953,35.372978210449219
92334748,2024,2024-03-11,9420,2024-02-28,"525 ",020634,,3,3,9,1500,0,3,5,,2,060,"ALLEN ROAD","MIRA SOL DR",300.00,N,N,A,-,N,,,,,,,,,,N,4,0,1,2,A,-,11,21954,A,N,G,B,E,A,H,-,D,D,0,Y,,,,Y,,N,60,0,0,1,0,1,0,0,0,0,"- ","- ",35.387428283691406,-119.1455078125,KERN,UNINCORPORATED,-119.14555358886719,35.387374877929688
92334921,2024,2024-03-11,9420,2024-02-16,1615,022464,,5,2,9,1500,0,2,4,,1,077,"S. FAIRFAX ROAD","MORRO DRIVE",239.00,N,N,A,-,N,,,,,,,,,,N,4,0,1,2,A,-,03,22350,,N,C,C,A,A,H,-,A,A,0,,,,,Y,,D,22,0,0,1,0,0,0,0,0,0,"- ","- ",35.34954833984375,-118.93206787109375,KERN,UNINCORPORATED,-118.93204498291016,35.349506378173828
92335182,2023,2024-03-11,9420,2023-12-14,1348,021134,,4,1,9,1500,0,1,3,,2,097,"STATE ROUTE 99 SOUTHBOUND","HERRING ROAD",350.00,N,N,A,-,Y,KER,,99," "," ",9.371,H,,L,Y,1,1,0,1,A,-,08,22107,,N,E,8,A,A,H,-,A,D,0,,,,,Y,,D,22,0,0,0,0,0,0,0,0,0,"- ","- ",35.151149749755859,-118.99765777587891,KERN,UNINCORPORATED,-118.99764251708984,35.151153564453125
92335229,2024,2024-03-11,9420,2024-01-23,"600 ",016229,,2,1,6,1502,0,2,4,,2,062,"ROSEDALE HIGHWAY","HEATH ROAD",1478.00,E,N,B,-,N,,,,,,,,,,N,1,1,0,2,A,-,11,21954,A,N,G,B,D,B,H,-,D,D,0,Y,,,,Y,,N,60,0,0,0,1,0,0,0,0,0,"- ","- ",35.383460998535156,-119.17622375488281,KERN,BAKERSFIELD,-119.17608642578125,35.383491516113281
9233534,2020,2021-04-01,1501,2020-10-06,1809,998,13,2,5,3,1501,0,0,0,,0,001,"BEAR MOUNTAIN BL","N DERBY ST",40.00,S,N,A,-,N,,,223,,,,,,,N,3,0,3,2,A,-,09,21804,A,F,H,C,A,A,H,-,A,D,0,,,,,Y,,A,01,0,3,0,0,0,0,0,0,0,"- ","- ",35.209159851074219,-118.82427215576172,KERN,ARVIN,-118.82427215576172,35.209117889404297
92335916,2024,2024-03-12,9420,2024-02-27,1500,021667,,2,2,9,1500,0,3,5,,2,070,"COLUMBUS STREET","RIVER BOULEVARD",500.00,E,N,B,-,N,,,,,,,,,,N,4,0,1,2,A,-,05,21651,A,N,D,C,A,A,H,-,A,D,0,,,,,Y,,M,94,0,0,1,0,0,0,0,0,0,"- ","- ",35.397411346435547,-118.98442077636719,KERN,UNINCORPORATED,-118.98351287841797,35.397560119628906
92335981,2024,2024-03-12,9420,2024-02-27,1615,021134,,2,2,9,1500,0,1,3,,1,119,SR-119,"S ALLEN RD",6255.00,W,N,A,-,Y,KER,,119," "," ",23.054,H,,R,Y,3,0,1,1,A,-,04,21703,,N,E,8,A,A,H,-,A,D,0,,,Y,,Y,,C,02,0,1,0,0,0,0,0,0,1,"- ","- ",35.267181396484375,-119.16703796386719,KERN,UNINCORPORATED,-119.16703796386719,35.267162322998047
92336004,2024,2024-03-12,9420,2024-02-28,1351,021134,,3,1,9,1500,0,3,5,,2,040,"RIVER BLVD","WATER ST",0.00,,Y,A,-,N,,,,,,,,,,N,4,0,1,2,A,-,09,21802,A,N,D,C,A,A,H,-,A,D,0,,,,,Y,,D,22,0,0,1,0,0,0,0,0,0,"- ","- ",35.395679473876953,-118.9852294921875,KERN,UNINCORPORATED,-118.98516845703125,35.395477294921875
92336048,2024,2024-03-12,9420,2024-02-29,"625 ",019311,,4,1,9,1500,0,3,5,,2,671,"TEJON HWY","PANAMA RD",86.00,S,N,A,-,N,,,,,,,,,,N,4,0,1,2,A,-,03,22350,,N,C,C,A,A,H,-,A,D,0,,,,,Y,,A,01,0,0,1,0,0,0,0,0,0,"- ","- ",35.267120361328125,-118.82491302490234,KERN,UNINCORPORATED,-118.82490539550781,35.267124176025391
92336050,2024,2024-03-12,9426,2024-02-08,2500,018610,,4,4,9,1500,0,3,5,,2,087,"BEAR MOUNTAIN BOULEVARD","I-5 S/B",5808.00,W,N,B,-,N,,,,,,,,,,Y,1,1,0,1,A,-,08,22107,,N,E,A,A,A,B,-,A,D,0,,,,,Y,,A,01,0,0,0,0,0,0,0,0,0,"- ","- ",35.209228515625,-119.18170928955078,KERN,UNINCORPORATED,-119.16526794433594,35.209098815917969
92336093,2024,2024-04-11,9420,2024-02-03,1930,021134,,6,2,9,1500,0,1,3,,1,184,"STATE ROUTE 184","DUNNSMERE STREET",1475.00,S,N,B,-,Y,KER,,184," "," ",0.559,H,,R,Y,1,1,0,1,A,-,01,23152,A,N,E,8,A,A,H,-,D,D,0,,,,,Y,,A,01,0,0,0,0,0,0,0,0,0,"- ","- ",35.246040344238281,-118.91452789306641,KERN,UNINCORPORATED,-118.9144287109375,35.246040344238281
92336110,2024,2024-03-12,9420,2024-02-29,1317,021134,,4,1,9,1500,0,3,5,,2,630,"COPUS RD",SR-99,5280.00,W,N,A,-,N,,,,,,,,,,Y,4,0,1,2,A,-,03,22350,,N,C,C,A,A,H,-,A,D,0,,,,,Y,,D,22,0,0,1,0,0,0,0,0,0,"- ","- ",35.095378875732422,-118.99727630615234,KERN,UNINCORPORATED,-118.99714660644531,35.095355987548828
92336122,2024,2024-03-12,9420,2024-02-29,1725,019903,,4,2,9,1500,0,3,5,,2,060,"NORRIS ROAD","FORREST PARK ST",230.00,E,N,A,-,N,,,,,,,,,,Y,3,0,2,3,A,-,01,23152,F,N,C,C,A,A,H,-,A,D,0,,,,,Y,,A,01,0,2,0,0,0,0,0,0,0,"- ","- ",35.419788360595703,-119.10259246826172,KERN,UNINCORPORATED,-119.10250091552734,35.419792175292969
92336187,2024,2024-03-12,9426,2024-03-05,1605,019658,,2,2,9,1500,0,3,5,,2,081,"GOLF COURSE RD","IRONBARK RD",557.00,E,N,A,-,N,,,,,,,,,,N,3,0,1,1,A,-,08,22107,,N,F,8,A,A,H,-,A,D,0,,,,,Y,Y,A,07,0,1,0,0,0,0,0,0,0,"- ","- ",35.242938995361328,-119.30507659912109,KERN,UNINCORPORATED,-119.30506134033203,35.242954254150391
92336204,2024,2024-03-12,9426,2024-03-08,1510,016804,,5,2,9,1500,0,1,3,,2,581,SR-58,SR-33,2112.00,E,N,A,-,Y,KER,,58," "," ",15.849,H,,R,Y,3,0,1,1,A,-,03,22350,,N,F,A,A,A,H,-,A,D,0,,,,Y,Y,,F,26,0,1,0,0,0,0,0,0,0,"- ","- ",35.314559936523438,-119.62359619140625,KERN,UNINCORPORATED,-119.62357330322266,35.314502716064453
92336218,2024,2024-03-12,9426,2024-03-09,"630 ",016804,,6,1,9,1500,0,1,1,,2,502,"I-5 S/B","ROWLEE RD.",4224.00,N,N,A,-,Y,KER,,5," "," ",58.809,H,,L,Y,3,0,1,1,A,-,08,22107,,N,E,8,A,A,H,-,B,D,0,,,,,Y,,A,01,0,1,0,0,0,0,0,0,0,"- ","- ",35.462890625,-119.48573303222656,KERN,UNINCORPORATED,-119.48560333251953,35.463008880615234
92336324,2024,2024-03-12,9420,2024-02-29,1821,023531,,4,2,9,1500,0,2,4,,1,077,"S. FAIRFAX RD.","PANAMA LANE",1056.00,N,N,A,-,N,,,,,,,,,,Y,2,0,2,2,A,-,08,22107,,N,A,C,A,A,H,-,D,D,0,,,,,Y,,A,01,1,1,0,0,0,0,0,0,0,"- ","- ",35.299240112304688,-118.93211364746094,KERN,UNINCORPORATED,-118.93209838867188,35.298885345458984
92336335,2024,2024-12-18,9420,2024-02-17,"135 ",021802,,6,3,9,1500,0,3,5,,2,070,"PIONEER DRIVE","DENNISON LANE",223.00,E,N,A,-,N,,,,,,,,,,Y,1,1,4,2,A,-,01,23152,A,N,A,C,A,A,H,-,C,D,0,,,,,Y,Y,A,07,3,1,0,0,0,0,0,0,0,"- ","- ",35.368881225585938,-118.92070007324219,KERN,UNINCORPORATED,-118.92072296142578,35.368869781494141
92336381,2024,2024-03-12,9420,2024-03-02,"710 ",018807,,6,1,6,1502,0,1,3,,2,093,"SR-99 (SOUTHBOUND)","GILMORE AVE",0.20,N,N,B,C,Y,KER,,99," "," ",26.342,H,,R,Y,4,0,2,3,A,-,03,22350,,N,C,C,A,B,H,-,A,D,0,,,,,Y,,D,22,0,0,2,0,0,0,0,0,0,"- ","- ",35.393089294433594,-119.04476165771484,KERN,BAKERSFIELD,-119.04454040527344,35.393093109130859
92336426,2024,2024-03-12,9430,2024-03-06,"416 ",021486,,3,3,9,1500,0,1,1,,2,053,"I-5 N/B","GRAPEVINE RD O/C",4752.00,S,N,A,-,Y,KER,,5," "," ",9.217,H,,R,Y,4,0,1,2,A,-,08,22107,,N,C,C,A,A,H,-,D,D,0,,,,Y,Y,,A,07,0,0,1,0,0,0,0,0,0,"- ","- ",34.926998138427734,-118.9222412109375,KERN,UNINCORPORATED,-118.92225646972656,34.926998138427734
92336461,2024,2024-03-12,9420,2024-03-01,1740,021480,,5,2,9,1500,0,3,5,,2,050,"STATE ROAD","OLIVE DRIVE",1750.00,N,N,B,-,N,,,,,,,,,,N,4,0,1,1,A,-,03,22350,,N,E,I,A,A,H,-,D,D,0,,,Y,,Y,Y,C,02,0,0,1,0,0,0,0,0,1,"- ","- ",35.4163818359375,-119.05869293212891,KERN,UNINCORPORATED,-119.05717468261719,35.414718627929688
92336467,2024,2024-03-12,9420,2024-03-04,1520,023531,,1,2,9,1500,0,2,4,,1,075,"S. UNION AVE","PACHECO RD",517.00,S,N,A,-,N,,,,,,,,,,Y,3,0,3,2,A,-,17,21657,,N,D,2,A,A,H,-,A,D,0,,,,,Y,,D,22,0,1,2,0,0,0,0,0,0,"- ","- ",35.308868408203125,-119.00314331054688,KERN,UNINCORPORATED,-119.00312805175781,35.308971405029297
92336942,2024,2024-03-13,9420,2024-02-28,2305,019901,,3,3,9,1500,0,3,5,,2,672,"TEJON HWY.","PANAMA LN.",0.00,,Y,A,-,N,,,,,,,,,,Y,4,0,1,1,C,-,18,,,N,E,J,A,A,C,-,D,D,0,,,,,Y,,-,"- ",0,0,1,0,0,0,0,0,0,"- ","- ",35.296489715576172,-118.82508850097656,KERN,UNINCORPORATED,-118.82503509521484,35.296470642089844