CASE_ID,ACCIDENT_YEAR,PROC_DATE,JURIS,COLLISION_DATE,COLLISION_TIME,OFFICER_ID,REPORTING_DISTRICT,DAY_OF_WEEK,CHP_SHIFT,POPULATION,CNTY_CITY_LOC,SPECIAL_COND,BEAT_TYPE,CHP_BEAT_TYPE,CITY_DIVISION_LAPD,CHP_BEAT_CLASS,BEAT_NUMBER,PRIMARY_RD,SECONDARY_RD,DISTANCE,DIRECTION,INTERSECTION,WEATHER_1,WEATHER_2,STATE_HWY_IND,CALTRANS_COUNTY,CALTRANS_DISTRICT,STATE_ROUTE,ROUTE_SUFFIX,POSTMILE_PREFIX,POSTMILE,LOCATION_TYPE,RAMP_INTERSECTION,SIDE_OF_HWY,TOW_AWAY,COLLISION_SEVERITY,NUMBER_KILLED,NUMBER_INJURED,PARTY_COUNT,PRIMARY_COLL_FACTOR,PCF_CODE_OF_VIOL,PCF_VIOL_CATEGORY,PCF_VIOLATION,PCF_VIOL_SUBSECTION,HIT_AND_RUN,TYPE_OF_COLLISION,MVIW,PED_ACTION,ROAD_SURFACE,ROAD_COND_1,ROAD_COND_2,LIGHTING,CONTROL_DEVICE,CHP_ROAD_TYPE,PEDESTRIAN_ACCIDENT,BICYCLE_ACCIDENT,MOTORCYCLE_ACCIDENT,TRUCK_ACCIDENT,NOT_PRIVATE_PROPERTY,ALCOHOL_INVOLVED,STWD_VEHTYPE_AT_FAULT,CHP_VEHTYPE_AT_FAULT,COUNT_SEVERE_INJ,COUNT_VISIBLE_INJ,COUNT_COMPLAINT_PAIN,COUNT_PED_KILLED,COUNT_PED_INJURED,COUNT_BICYCLIST_KILLED,COUNT_BICYCLIST_INJURED,COUNT_MC_KILLED,COUNT_MC_INJURED,PRIMARY_RAMP,SECONDARY_RAMP,LATITUDE,LONGITUDE,COUNTY,CITY,POINT_X,POINT_Y
92342830,2024,2024-03-20,9420,2024-03-06,1610,022387,,3,2,9,1500,0,1,3,,1,176,"SR-178 W/B",SR-204,2905.00,E,N,C,-,Y,KER,,178," ",R,2.571,H,,L,Y,4,0,1,2,A,-,03,22350,,N,B,C,A,B,H,-,D,D,0,,,,,Y,,D,22,0,0,1,0,0,0,0,0,0,"- ","- ",35.383701324462891,-119.00041198730469,KERN,UNINCORPORATED,-119.00041198730469,35.383693695068359
92342846,2024,2024-03-20,9420,2024-03-19,"840 ",016973,,2,1,9,1500,0,2,4,,1,052,"NORRIS RD.","ROBERTS LN.",20.00,E,N,A,-,N,,,,,,,,,,Y,4,0,1,2,A,-,03,22350,,N,C,C,A,A,H,-,A,D,0,,,,,Y,,A,01,0,0,1,0,0,0,0,0,0,"- ","- ",35.420341491699219,-119.05848693847656,KERN,UNINCORPORATED,-119.05858612060547,35.420406341552734
92343042,2024,2024-03-20,9420,2024-03-09,1450,021845,,6,2,9,1500,0,1,3,,2,090,"SR-99 N/B TO WOOLLOMES AVE","WOOLLOMES AVE",90.00,S,N,B,-,Y,,,,,,,,,,Y,4,0,1,2,A,-,03,22350,,N,C,C,A,A,H,-,A,A,0,,,,,Y,,A,01,0,0,1,0,0,0,0,0,0,"- ","- ",35.746589660644531,-119.24304962158203,KERN,UNINCORPORATED,-119.24421691894531,35.748096466064453
92343275,2024,2024-03-20,9420,2024-03-14,1115,021144,,4,1,9,1500,0,1,3,,1,184,SR-184,"WATERGRASS RD.",1187.00,N,N,A,-,Y,KER,,184," "," ",10.372,H,,R,N,3,0,1,2,A,-,06,21750,A,F,F,A,A,A,H,-,A,D,0,,Y,,,Y,,-,99,0,1,0,0,0,0,1,0,0,"- ","- ",35.381179809570312,-118.90213775634766,KERN,UNINCORPORATED,-118.90215301513672,35.381191253662109
92343587,2024,2024-03-21,9420,2024-03-16,"210 ",021870,,6,3,9,1500,0,1,3,,1,176,"SR-178 E/B","FAIRFAX RD",1056.00,E,N,A,-,Y,KER,,178," ",R,7.021,H,,R,Y,4,0,1,1,A,-,08,22107,,N,E,I,A,A,H,-,C,D,0,,,,,Y,,A,01,0,0,1,0,0,0,0,0,0,"- ","- ",35.396419525146484,-118.9256591796875,KERN,UNINCORPORATED,-118.9256591796875,35.396511077880859
92343589,2024,2024-03-21,9420,2024-03-16,"30  ",021632,,6,3,9,1500,0,3,5,,2,610,"CECIL BRUNNER DRIVE","S. OLEANDER AVENUE",93.00,E,N,A,-,N,,,,,,,,,,N,3,0,1,2,A,-,01,23152,A,N,B,E,A,A,H,-,D,D,0,,,,,Y,Y,A,01,0,1,0,0,0,0,0,0,0,"- ","- ",35.344940185546875,-119.02506256103516,KERN,UNINCORPORATED,-119.02548980712891,35.344993591308594
92343591,2024,2024-03-21,9420,2024-03-09,"105 ",020409,,6,3,9,1500,0,3,5,,2,672,"DAVID ROAD","S. EDISON ROAD",56.00,W,N,A,-,N,,,,,,,,,,Y,3,0,1,1,A,-,01,23152,A,N,E,8,A,A,H,-,D,D,0,,,,,Y,Y,A,07,0,1,0,0,0,0,0,0,0,"- ","- ",35.092910766601562,-118.87812042236328,KERN,UNINCORPORATED,-118.87794494628906,35.092819213867188
92343595,2024,2024-03-21,9420,2024-03-11,1900,017243,,1,2,9,1500,0,2,4,,1,075,"S. UNION AVE","TORO CT.",6336.00,S,N,A,-,Y,,,,,,,,,,N,4,0,1,1,A,-,08,22107,,N,E,I,A,A,H,-,C,D,0,,,,,Y,,D,22,0,0,1,0,0,0,0,0,0,"- ","- ",35.177059173583984,-119.00318145751953,KERN,UNINCORPORATED,-119.00345611572266,35.177684783935547
92343739,2024,2024-03-21,9420,2024-03-20,1305,016973,,3,1,9,1500,0,3,5,,2,050,"MERGLE HAGGARD DR.","WINGS WAY",0.00,,Y,A,-,N,,,,,,,,,,Y,4,0,2,2,A,-,12,21453,A,N,A,C,A,A,H,-,A,A,0,,,,,Y,,A,01,0,0,2,0,0,0,0,0,0,"- ","- ",35.441379547119141,-119.05236053466797,KERN,UNINCORPORATED,-119.05239868164062,35.441242218017578
92343806,2024,2024-03-21,9830,2024-03-13,1245,023211,,3,1,9,1500,0,1,3,,1,031,"SR-14 S/B TO SILVERQUEEN ROAD","SILVERQUEEN ROAD",867.00,N,N,A,-,Y,,,,,,,,,,Y,4,0,1,1,A,-,08,22107,,N,F,A,A,A,H,-,A,D,0,,,,,Y,,D,22,0,0,1,0,0,0,0,0,0,"- ","- ",34.997661590576172,-118.16045379638672,KERN,UNINCORPORATED,-118.16045379638672,34.997661590576172
92344066,2024,2024-03-21,9420,2024-01-03,"325 ",021766,,3,3,9,1500,0,1,3,,2,096,"STATE ROUTE 99","STATE ROUTE 119",946.00,S,N,C,-,Y,KER,,99," "," ",16.810,H,,R,Y,1,1,0,2,A,-,08,22107,,N,C,E,A,B,H,-,D,D,0,,,,Y,Y,,G,25,0,0,0,0,0,0,0,0,0,"- ","- ",35.257118225097656,-119.02014923095703,KERN,UNINCORPORATED,-119.02021026611328,35.257110595703125
92344850,2024,2024-03-22,9830,2024-03-14,1555,019872,,4,2,9,1500,0,3,5,,2,002,"ROSAMOND BOULEVARD","AIRMENS DRIVE",0.00,,Y,A,-,N,,,,,,,,,,Y,3,0,2,2,A,-,09,21801,A,N,D,C,A,A,H,-,A,D,0,,,,,Y,,A,01,0,1,1,0,0,0,0,0,0,"- ","- ",34.919479370117188,-117.90615081787109,KERN,UNINCORPORATED,-117.90608978271484,34.919460296630859
92344868,2024,2024-03-22,9830,2024-03-22,"535 ",018700,,5,3,9,1500,0,1,3,,1,031,"SR-14 N/B","PURDY AVE",0.00,,Y,A,-,Y,KER,,14," ",R,14.383,H,,R,Y,4,0,2,2,A,-,09,21801,A,N,D,2,A,A,H,-,D,D,0,,,,,Y,,A,01,0,0,2,0,0,0,0,0,0,"- ","- ",35.024658203125,-118.16561126708984,KERN,UNINCORPORATED,-118.16567230224609,35.024646759033203
92345857,2024,2024-03-25,9420,2024-01-02,1833,021480,,2,2,9,1500,0,1,3,,2,092,"SR-99 NORTHBOUND (N/B)","OLIVE DRIVE",1000.00,N,N,B,E,Y,KER,,99," ",R,28.056,H,,R,N,1,1,0,4,A,-,11,21954,A,F,G,B,D,D,H,-,C,D,0,Y,,,,Y,,N,60,0,0,0,1,0,0,0,0,0,"- ","- ",35.414329528808594,-119.05709838867188,KERN,UNINCORPORATED,-119.05703735351562,35.414379119873047
92345990,2024,2024-03-25,9420,2024-03-02,1240,021667,,6,1,9,1500,0,1,3,,2,091,SR-99,"KIMBERLINA ROAD",1845.00,S,N,C,-,Y,KER,,99," ",R,40.821,H,,R,Y,4,0,1,1,A,-,08,22107,,N,E,I,A,B,H,-,A,D,0,,,,,Y,,A,01,0,0,1,0,0,0,0,0,0,"- ","- ",35.553558349609375,-119.19699859619141,KERN,UNINCORPORATED,-119.19679260253906,35.553573608398438
92345994,2024,2024-03-25,9420,2024-03-10,1100,021144,,7,1,9,1500,0,3,5,,2,070,"STERLING RD.","CENTER ST.",114.00,S,N,A,-,N,,,,,,,,,,Y,3,0,1,2,A,-,08,22100,B,N,C,C,A,A,H,-,A,D,0,,,,,Y,,A,01,0,1,0,0,0,0,0,0,0,"- ","- ",35.371978759765625,-118.94091033935547,KERN,UNINCORPORATED,,
92346125,2024,2024-03-25,9420,2024-03-16,"230 ",021632,,6,3,9,1500,0,1,3,,1,176,"COLUMBUS STREET","N. INYO STREET",120.00,E,N,A,-,N,,,,,,,,,,Y,4,0,1,3,A,-,08,22107,,N,E,8,A,A,H,-,D,D,0,,,,,Y,,A,01,0,0,1,0,0,0,0,0,0,"- ","- ",35.397609710693359,-118.99185180664062,KERN,UNINCORPORATED,-118.99202728271484,35.39752197265625
92346193,2023,2024-03-25,9420,2023-11-17,1440,022093,,5,2,9,1500,0,3,5,,2,510,"BENNER AVENUE","SCHUSTER ROAD",0.00,,Y,A,-,N,,,,,,,,,,Y,1,1,0,4,A,-,12,22450,A,F,D,C,E,A,H,-,A,A,0,Y,,,,Y,,A,07,0,0,0,1,0,0,0,0,0,"- ","- ",35.732200622558594,-119.3118896484375,KERN,UNINCORPORATED,-119.31190490722656,35.732223510742188
92346230,2024,2024-03-25,9420,2024-03-14,1825,022387,,4,2,9,1500,0,1,3,,2,091,"SR-99 S/B",SR-155,2105.00,S,N,A,-,Y,KER,,99," "," ",55.117,H,,L,N,3,0,1,2,A,-,07,21658,A,N,B,C,A,A,H,-,A,D,0,,,,,Y,,A,08,0,1,0,0,0,0,0,0,0,"- ","- ",35.755699157714844,-119.24762725830078,KERN,UNINCORPORATED,-119.2476806640625,35.755683898925781
92346404,2024,2024-03-25,9420,2024-03-12,1600,017243,,2,2,9,1500,0,3,5,,2,671,"E. HOSKING AVE.","E. HOSKING AVE",30.00,N,N,A,-,N,,,,,,,,,,N,4,0,1,1,A,-,03,22350,,N,E,I,A,A,H,-,A,A,0,,,,,Y,,-,"- ",0,0,1,0,0,0,0,0,0,"- ","- ",35.281429290771484,-118.98533630371094,KERN,UNINCORPORATED,-119.00307464599609,35.281368255615234
92346428,2023,2024-03-25,9420,2023-12-25,2045,021882,,1,2,9,1500,0,1,3,,2,091,"STATE ROUTE 99 SOUTHBOUND","LERDO HIGHWAY",5280.00,S,N,A,-,Y,KER,,99," "," ",33.383,H,,L,Y,1,1,1,3,A,-,11,21954,A,N,G,1,E,A,H,-,D,D,0,Y,,,,Y,Y,N,60,1,0,0,1,0,0,0,0,0,"- ","- ",35.468410491943359,-119.12303924560547,KERN,UNINCORPORATED,-119.12309265136719,35.468360900878906
92346443,2024,2024-03-25,9420,2024-03-10,1900,022387,,7,2,9,1500,0,1,3,,1,176,"SR-178 W/B","BEALE AVE",2532.00,E,N,A,-,Y,KER,,178," ",R,3.904,H,,L,Y,3,0,2,2,A,-,07,21658,A,N,B,C,A,A,H,-,B,D,0,,,,,Y,,A,01,0,2,0,0,0,0,0,0,0,"- ","- ",35.390911102294922,-118.97953796386719,KERN,UNINCORPORATED,-118.97958374023438,35.390960693359375
92346504,2024,2024-03-25,9426,2024-03-19,1915,021365,,2,2,9,1500,0,3,5,,2,081,"ELKHORN GRADE ROAD",SR-166,1584.00,W,N,A,-,N,,,,,,,,,,Y,4,0,1,1,A,-,03,22350,,N,F,A,A,A,H,-,B,D,0,,,,,Y,,A,07,0,0,1,0,0,0,0,0,0,"- ","- ",35.040111541748047,-119.42510223388672,KERN,UNINCORPORATED,-119.42417144775391,35.039707183837891
92346511,2024,2024-03-25,9426,2024-03-21,1028,016804,,4,1,9,1500,0,1,3,,2,581,"SR-58 E/B","KERN COUNTY LINE",7392.00,E,N,A,-,Y,KER,,58," "," ",0.840,H,,R,Y,3,0,1,1,A,-,08,22107,,N,F,A,A,A,H,-,A,D,0,,,,,Y,,A,01,0,1,0,0,0,0,0,0,0,"- ","- ",35.354839324951172,-119.82292175292969,KERN,UNINCORPORATED,-119.82296752929688,35.354850769042969
92346546,2024,2024-03-25,9420,2024-02-16,1935,021667,,5,2,9,1500,0,1,3,,1,184,SR-184,"NILES STREET",0.00,,Y,A,-,Y,KER,,184," "," ",9.589,H,,R,N,2,0,1,2,A,-,10,21950,A,F,G,B,B,A,H,-,C,A,0,Y,,,,Y,,-,99,1,0,0,0,1,0,0,0,0,"- ","- ",35.376091003417969,-118.91426086425781,KERN,UNINCORPORATED,-118.91419982910156,35.376091003417969
92346557,2024,2024-03-25,9426,2024-03-22,2147,022015,,5,2,9,1500,0,1,3,,2,582,"STOCKDALE HWY",SR-43,9504.00,W,N,B,-,N,,,,,,,,,,Y,4,0,1,2,A,-,06,21751,,N,B,C,A,A,H,-,D,D,0,,,,,Y,,A,01,0,0,1,0,0,0,0,0,0,"- ","- ",35.354568481445312,-119.28585815429688,KERN,UNINCORPORATED,-119.28414154052734,35.354568481445312
92347083,2024,2024-03-26,9430,2024-03-18,"200 ",016681,,1,3,9,1500,0,1,1,,2,053,"I-5 N/B","GRAPEVINE RD U/C.",528.00,N,N,A,-,Y,KER,,5," "," ",10.298,H,,R,N,4,0,1,2,A,-,03,22350,,M,C,C,A,A,H,-,D,D,0,,,,Y,Y,,D,22,0,0,1,0,0,0,0,0,0,"- ","- ",34.941051483154297,-118.93074798583984,KERN,UNINCORPORATED,-118.93070983886719,34.941062927246094
92347137,2024,2024-03-26,9830,2024-03-16,2000,023211,,6,2,9,1500,0,2,4,,1,032,"SIERRA HIGHWAY","PATTERSON RD",1090.00,N,N,A,-,N,,,,,,,,,,Y,4,0,1,2,A,-,08,22107,,N,D,C,A,A,H,-,D,D,0,,,,,Y,,A,01,0,0,1,0,0,0,0,0,0,"- ","- ",34.838340759277344,-118.15892028808594,KERN,UNINCORPORATED,-118.15888977050781,34.838291168212891
92347239,2024,2024-03-26,9830,2024-03-24,1100,019762,,7,1,9,1500,0,3,5,,2,003,"AVENUE A",SR-14,300.00,W,N,B,-,N,,,,,,,,,,N,4,0,2,2,A,-,08,22105,,N,D,C,A,A,H,-,A,D,0,,,,,Y,,A,01,0,0,2,0,0,0,0,0,0,"- ","- ",34.820510864257812,-118.17169952392578,KERN,UNINCORPORATED,-118.17022705078125,34.820499420166016
92347353,2024,2024-03-26,9420,2024-03-19,1530,019098,,2,2,6,1502,0,3,5,,2,060,"FRUITVALE AVENUE","DOWNING AVENUE",320.00,N,N,A,-,N,,,,,,,,,,Y,3,0,1,2,A,-,09,21804,A,N,D,C,A,A,H,-,A,D,0,,,,,Y,,D,22,0,1,0,0,0,0,0,0,0,"- ","- ",35.391460418701172,-119.0743408203125,KERN,BAKERSFIELD,-119.07435607910156,35.391399383544922
9234742,2021,2021-04-07,1503,2021-02-11,1800,10172,4011,4,5,4,1503,0,0,0,,0,,"9TH AV","LEXINGTON ST",23.00,W,N,A,-,N,,,,,,,,,,N,4,0,1,2,A,-,12,22450,A,N,A,C,A,A,H,-,C,A,0,,,,,Y,Y,-,,0,0,1,0,0,0,0,0,0,"- ","- ",35.768421173095703,-119.24136352539062,KERN,DELANO,-119.24143981933594,35.768379211425781
92347524,2024,2024-03-26,9420,2024-03-23,1828,019098,,6,2,6,1502,0,1,3,,2,093,"SR-99 S/B FROM CALIFORNIA AVENUE","CALIFORNIA AVENUE",150.00,N,N,B,C,Y,KER,,99," "," ",24.649,H,,L,Y,3,0,1,2,A,-,03,22350,,N,E,I,A,B,H,-,B,D,0,,,,,Y,,A,08,0,1,0,0,0,0,0,0,0,"- ","- ",35.368759155273438,-119.04234313964844,KERN,BAKERSFIELD,-119.04216003417969,35.368812561035156
92347583,2024,2024-03-26,9420,2024-03-23,"435 ",022173,,6,3,6,1502,0,1,3,,2,095,"SR-99 (GOLDEN STATE HIGHWAY)","TRUXUN AVENUE",500.00,S,N,C,-,Y,KER,,99," "," ",24.908,H,,R,N,4,0,1,1,A,-,08,22107,,N,E,I,A,B,H,-,C,D,0,,,,,Y,,A,01,0,0,1,0,0,0,0,0,0,"- ","- ",35.372341156005859,-119.04367828369141,KERN,BAKERSFIELD,-119.04352569580078,35.37237548828125
92347597,2024,2024-03-26,9420,2024-03-19,1508,021915,,2,2,9,1500,0,1,3,,2,179,SR-178,"LUPINE LANE",1056.00,E,N,A,-,Y,KER,,178," "," ",77.083,H,,R,Y,2,0,3,1,A,-,08,22107,,N,F,A,A,A,H,-,A,D,0,,,,,Y,,A,07,3,0,0,0,0,0,0,0,0,"- ","- ",35.686920166015625,-118.05133819580078,KERN,UNINCORPORATED,-118.05130767822266,35.686946868896484
92347599,2024,2024-03-26,9420,2024-03-24,1540,021534,,7,2,9,1500,0,1,3,,2,430,SR-43,"WHISLER ROAD",5280.00,S,N,C,-,Y,KER,,43," "," ",27.397,H,,R,N,4,0,3,1,A,-,08,22107,,N,F,A,A,B,H,-,A,D,0,,,,,Y,,A,07,0,0,3,0,0,0,0,0,0,"- ","- ",35.631549835205078,-119.33125305175781,KERN,UNINCORPORATED,-119.33115386962891,35.631549835205078
92347634,2024,2024-03-26,9420,2024-03-23,1235,021773,,6,1,9,1500,0,1,3,,2,589,"SR-58 W/B","HART FLAT RD",8606.00,W,N,B,-,Y,KER,,58," "," ",78.563,H,,L,N,4,0,1,1,C,-,18,,,N,E,I,A,B,H,-,A,D,0,,,,,Y,,-,"- ",0,0,1,0,0,0,0,0,0,"- ","- ",35.255828857421875,-118.60945892333984,KERN,UNINCORPORATED,-118.60945129394531,35.255847930908203
92347642,2024,2024-03-26,9420,2024-03-18,"645 ",021773,,1,1,9,1500,0,3,5,,2,520,"WILDWOOD RD","MCCOMBS RD",0.00,,Y,A,-,N,,,,,,,,,,Y,2,0,5,2,A,-,09,21802,A,N,D,2,A,A,H,-,A,A,0,,,,,Y,,A,01,1,0,4,0,0,0,0,0,0,"- ","- ",35.615898132324219,-119.43788909912109,KERN,UNINCORPORATED,-119.43787384033203,35.615890502929688
92347665,2024,2024-03-26,9420,2024-03-17,2115,021480,,7,2,9,1500,0,3,5,,2,050,"N. CHESTER AVENUE","ROBERTS LANE",0.00,,Y,A,-,N,,,,,,,,,,N,2,0,1,2,A,-,12,21453,A,N,D,C,A,A,H,-,C,A,0,,,,,Y,,M,96,1,0,0,0,0,0,0,0,0,"- ","- ",35.408699035644531,-119.02101898193359,KERN,UNINCORPORATED,-119.02108001708984,35.408638000488281
92347677,2024,2024-03-26,9420,2024-03-21,2035,021915,,4,2,9,1500,0,1,3,,2,178,SR-178,"YANKEE CANYON ROAD",3696.00,E,N,A,-,Y,KER,,178," "," ",48.062,H,,R,Y,2,0,2,2,A,-,06,21751,,N,A,C,A,A,H,-,D,D,0,,,,,Y,,A,01,1,1,0,0,0,0,0,0,0,"- ","- ",35.655288696289062,-118.42984771728516,KERN,UNINCORPORATED,-118.42986297607422,35.655288696289062
92347684,2024,2024-03-26,9420,2024-03-18,"800 ",021849,,1,1,9,1500,0,3,5,,2,530,"MCMURTREY AVE","INDUSTRY PARKWAY",0.00,,Y,A,-,N,,,,,,,,,,N,4,0,1,2,A,-,09,21802,A,N,D,C,A,A,H,-,A,A,0,,,,Y,Y,,A,01,0,0,1,0,0,0,0,0,0,"- ","- ",35.443611145019531,-119.07866668701172,KERN,UNINCORPORATED,-119.07864379882812,35.443645477294922
92347732,2024,2024-03-26,9420,2024-03-16,2125,021565,,6,2,9,1500,0,3,5,,2,050,"AIRPORT DR","OLIVE DR",363.00,S,N,A,-,N,,,,,,,,,,N,2,0,1,2,A,-,11,21954,A,F,G,B,D,A,H,-,C,D,0,Y,,,,Y,,-,"- ",1,0,0,0,1,0,0,0,0,"- ","- ",35.411220550537109,-119.03901672363281,KERN,UNINCORPORATED,-119.03904724121094,35.411273956298828
92348165,2024,2024-03-27,9830,2024-03-17,1950,021642,,7,2,9,1500,0,3,5,,2,002,"SILVER QUEEN RD","BUTTE ST",308.00,E,N,A,-,N,,,,,,,,,,Y,3,0,1,1,A,-,08,22107,,N,E,I,A,A,H,-,D,D,0,,,,,Y,,A,01,0,1,0,0,0,0,0,0,0,"- ","- ",34.994979858398438,-118.17572021484375,KERN,UNINCORPORATED,,
92348233,2024,2024-03-27,9420,2024-02-21,1040,021895,,3,1,6,1502,0,2,4,,1,051,"N. CHESTER AVE","CHINA GRADE LOOP",20.00,N,N,B,-,N,,,,,,,,,,N,4,0,2,2,A,-,03,22350,,N,C,C,A,A,H,-,A,A,0,,,,,Y,,A,08,0,0,2,0,0,0,0,0,0,"- ","- ",35.426998138427734,-119.02130889892578,KERN,BAKERSFIELD,-119.02117919921875,35.426773071289062
92348271,2024,2024-03-27,9420,2024-03-24,1418,021480,,7,2,9,1500,0,1,3,,2,094,"SR-99 N/B TO PANAMA LANE","PANAMA LANE",120.00,S,N,B,C,Y,,,,,,,,,,Y,4,0,1,3,A,-,03,22350,,N,C,C,A,B,H,-,A,A,0,,,,Y,Y,,M,47,0,0,1,0,0,0,0,0,0,"- ","- ",35.295509338378906,-119.02896881103516,KERN,UNINCORPORATED,-119.03028106689453,35.295639038085938
92348280,2024,2024-03-27,9420,2024-03-23,2230,022464,,6,3,9,1500,0,3,5,,2,030,"SR-178 E/B","MM 26",75.00,E,N,C,-,N,,,,,,,,,,Y,2,0,2,1,A,-,03,22350,,N,E,I,A,B,H,-,D,D,0,,,,,Y,,A,07,1,0,1,0,0,0,0,0,0,"- ","- ",35.525428771972656,-118.6649169921875,KERN,UNINCORPORATED,-118.66489410400391,35.525409698486328
92348340,2024,2024-03-27,9420,2024-03-15,1345,021882,,5,1,9,1500,0,3,5,,2,040,"RIVER BLVD","HEIGHT ST",40.00,N,N,A,-,N,,,,,,,,,,N,4,0,1,2,A,-,03,22350,,N,C,C,A,A,H,-,A,D,0,,,,,Y,,A,01,0,0,1,0,0,0,0,0,0,"- ","- ",35.393978118896484,-118.98525238037109,KERN,UNINCORPORATED,-118.98516845703125,35.394001007080078
92348391,2024,2024-03-27,9420,2024-03-12,1636,019686,,2,2,9,1500,0,3,5,,2,040,"BERNARD STREET","BAKER STREET",0.00,,Y,A,-,N,,,,,,,,,,Y,4,0,3,2,A,-,08,22107,,N,A,C,A,A,H,-,A,A,0,,,,,Y,,A,07,0,0,3,0,0,0,0,0,0,"- ","- ",35.390308380126953,-118.98815155029297,KERN,UNINCORPORATED,-118.98812103271484,35.3902587890625
92348431,2023,2024-03-27,9830,2023-06-30,1905,020655,,5,2,9,1500,0,1,3,,2,010,"SR-58 W/B","BROOME RD.",9768.00,E,N,A,-,Y,KER,,58," ",R,87.164,H,,L,Y,4,0,1,1,C,-,18,,,N,F,A,A,A,H,-,A,D,0,,,,,Y,,-,"- ",0,0,1,0,0,0,0,0,0,"- ","- ",35.182838439941406,-118.49683380126953,KERN,UNINCORPORATED,-118.49688720703125,35.182762145996094
92348497,2024,2024-03-27,9420,2024-03-21,2045,021915,,4,2,9,1500,0,2,4,,2,031,"LAKE ISABELLA BOULEVARD","ERSKINE CREEK ROAD",340.00,S,N,A,-,N,,,,,,,,,,N,3,0,1,1,A,-,03,22350,,N,F,A,A,A,H,-,C,D,0,,,Y,,Y,,C,03,0,1,0,0,0,0,0,0,1,"- ","- ",35.615550994873047,-118.47898101806641,KERN,UNINCORPORATED,-118.47896575927734,35.615631103515625
92348641,2024,2024-03-27,9430,2024-03-15,1740,022405,,5,2,9,1500,0,3,5,,2,002,"HUDSON RANCH RD.","FOREST ROUTE 9N27",27984.00,W,N,B,-,N,,,,,,,,,,N,4,0,1,1,A,-,08,22107,,N,E,8,A,A,H,-,A,D,0,,,Y,,Y,,C,02,0,0,1,0,0,0,0,0,1,"- ","- ",34.870948791503906,-119.30471038818359,KERN,UNINCORPORATED,-119.30379486083984,34.870510101318359
92348718,2024,2024-03-27,9420,2024-03-18,1848,019098,,1,2,9,1500,0,3,5,,2,060,"NORRIS ROAD","MIGNONETTE STREET",154.00,W,N,A,-,N,,,,,,,,,,Y,3,0,1,2,A,-,01,23152,A,N,C,E,A,A,H,-,A,D,0,,,,,Y,Y,A,07,0,1,0,0,0,0,0,0,0,"- ","- ",35.419761657714844,-119.0802001953125,KERN,UNINCORPORATED,-119.08018493652344,35.419681549072266
92349244,2024,2024-03-28,9420,2024-03-21,"23  ",023531,,4,3,9,1500,0,1,3,,2,223,SR-223,"OLD RIVER RD",8448.00,W,N,A,-,Y,KER,,223," "," ",3.246,H,,R,Y,3,0,1,1,A,-,08,22107,,N,F,I,A,A,H,-,D,D,0,,,,,Y,,D,22,0,1,0,0,0,0,0,0,0,"- ","- ",35.208858489990234,-119.13844299316406,KERN,UNINCORPORATED,-119.13844299316406,35.208892822265625
92349424,2024,2024-03-28,9426,2024-03-23,2153,021959,,6,2,9,1500,0,3,5,,2,081,"S 10TH ST","WOOD ST",0.00,,Y,B,-,N,,,,,,,,,,N,3,0,1,2,A,-,01,23152,A,N,D,E,A,A,H,-,C,A,0,,,,,Y,Y,D,22,0,1,0,0,0,0,0,0,0,"- ","- ",35.133148193359375,-119.46485137939453,KERN,UNINCORPORATED,-119.46479034423828,35.133136749267578
92349538,2024,2024-03-28,9430,2024-03-24,2140,016681,,7,2,9,1500,0,1,3,,2,167,SR-166,"OLD RIVER RD",1027.00,E,N,B,-,N,,,,,,,,,,N,3,0,1,1,A,-,03,22350,,N,E,I,A,B,F,-,D,D,0,,,,,Y,,A,07,0,1,0,0,0,0,0,0,0,"- ","- ",35.058841705322266,-119.13556671142578,KERN,UNINCORPORATED,-119.13556671142578,35.058788299560547
92349581,2024,2024-03-28,9420,2024-03-18,2030,017243,,1,2,9,1500,0,1,3,,2,223,SR-223,"OLD RIVER RD",7392.00,W,N,A,-,Y,KER,,223," "," ",3.422,H,,R,Y,4,0,1,1,A,-,08,22107,,N,F,A,A,A,H,-,C,D,0,,,,Y,Y,,G,25,0,0,1,0,0,0,0,0,0,"- ","- ",35.208930969238281,-119.13533782958984,KERN,UNINCORPORATED,-119.13533782958984,35.208889007568359
92349613,2024,2024-03-28,9420,2024-03-23,"758 ",018807,,6,1,6,1502,0,1,3,,2,094,"SR-99 N/B FROM PANAMA LN","PANAMA LANE",370.00,N,N,B,C,Y,,,,,,,,,,Y,4,0,2,1,A,-,03,22350,,N,F,A,A,B,H,-,A,D,0,,,,,Y,,D,22,0,0,2,0,0,0,0,0,0,"- ","- ",35.296791076660156,-119.0302734375,KERN,BAKERSFIELD,-119.0302734375,35.296791076660156