CASE_ID,ACCIDENT_YEAR,PROC_DATE,JURIS,COLLISION_DATE,COLLISION_TIME,OFFICER_ID,REPORTING_DISTRICT,DAY_OF_WEEK,CHP_SHIFT,POPULATION,CNTY_CITY_LOC,SPECIAL_COND,BEAT_TYPE,CHP_BEAT_TYPE,CITY_DIVISION_LAPD,CHP_BEAT_CLASS,BEAT_NUMBER,PRIMARY_RD,SECONDARY_RD,DISTANCE,DIRECTION,INTERSECTION,WEATHER_1,WEATHER_2,STATE_HWY_IND,CALTRANS_COUNTY,CALTRANS_DISTRICT,STATE_ROUTE,ROUTE_SUFFIX,POSTMILE_PREFIX,POSTMILE,LOCATION_TYPE,RAMP_INTERSECTION,SIDE_OF_HWY,TOW_AWAY,COLLISION_SEVERITY,NUMBER_KILLED,NUMBER_INJURED,PARTY_COUNT,PRIMARY_COLL_FACTOR,PCF_CODE_OF_VIOL,PCF_VIOL_CATEGORY,PCF_VIOLATION,PCF_VIOL_SUBSECTION,HIT_AND_RUN,TYPE_OF_COLLISION,MVIW,PED_ACTION,ROAD_SURFACE,ROAD_COND_1,ROAD_COND_2,LIGHTING,CONTROL_DEVICE,CHP_ROAD_TYPE,PEDESTRIAN_ACCIDENT,BICYCLE_ACCIDENT,MOTORCYCLE_ACCIDENT,TRUCK_ACCIDENT,NOT_PRIVATE_PROPERTY,ALCOHOL_INVOLVED,STWD_VEHTYPE_AT_FAULT,CHP_VEHTYPE_AT_FAULT,COUNT_SEVERE_INJ,COUNT_VISIBLE_INJ,COUNT_COMPLAINT_PAIN,COUNT_PED_KILLED,COUNT_PED_INJURED,COUNT_BICYCLIST_KILLED,COUNT_BICYCLIST_INJURED,COUNT_MC_KILLED,COUNT_MC_INJURED,PRIMARY_RAMP,SECONDARY_RAMP,LATITUDE,LONGITUDE,COUNTY,CITY,POINT_X,POINT_Y
92601728,2024,2024-10-31,9830,2024-07-09,2329,023147,,2,3,9,1500,0,1,3,,1,015,SR-202,"CUMMINGS VALLEY RD",13.00,S,N,A,-,Y,KER,,202," ",R,2.155,H,,R,Y,3,0,1,1,A,-,01,23152,A,N,E,I,A,A,H,-,C,A,0,,,,,Y,Y,A,07,0,1,0,0,0,0,0,0,0,"- ","- ",35.131591796875,-118.56816101074219,KERN,UNINCORPORATED,-118.56804656982422,35.131507873535156
92601871,2024,2024-07-25,9830,2024-07-24,1317,018700,,3,1,9,1500,0,3,5,,2,001,"UMTALI ROAD","ROPER ST",1056.00,W,N,A,-,N,,,,,,,,,,Y,4,0,1,1,A,-,08,22107,,N,E,I,A,A,H,-,A,D,0,,,,,Y,,D,22,0,0,1,0,0,0,0,0,0,"- ","- ",35.172798156738281,-118.34478759765625,KERN,UNINCORPORATED,-118.34539031982422,35.173259735107422
92601876,2024,2024-07-25,9830,2024-07-24,"727 ",018700,,3,1,9,1500,0,1,3,,1,015,SR-202,"CUMMINGS VALLEY ROAD",1580.00,W,N,A,-,Y,KER,,202," ",R,4.594,H,,R,Y,4,0,1,2,A,-,08,22107,,N,B,C,A,A,H,-,A,A,0,,,,Y,Y,,A,01,0,0,1,0,0,0,0,0,0,"- ","- ",35.119670867919922,-118.53392791748047,KERN,UNINCORPORATED,-118.53399658203125,35.119640350341797
92602194,2024,2024-09-23,9420,2024-07-22,"655 ",019868,,1,1,9,1500,0,3,5,,2,060,"LUPINE AVE","OAKHAVEN ST",275.00,W,N,A,-,N,,,,,,,,,,N,4,0,1,2,A,-,03,22350,,N,G,B,E,A,H,-,A,D,0,Y,,,,Y,,A,01,0,0,1,0,1,0,0,0,0,"- ","- ",35.41741943359375,-119.07109069824219,KERN,UNINCORPORATED,-119.07101440429688,35.417430877685547
92602288,2024,2024-07-25,9420,2024-07-22,1610,022740,,1,2,9,1500,0,2,4,,1,072,"LARCUS AVENUE","RICHMOND STREET",145.00,W,N,A,-,N,,,,,,,,,,Y,4,0,1,2,A,-,09,21804,A,N,D,C,A,A,H,-,A,D,0,,,,,Y,,A,01,0,0,1,0,0,0,0,0,0,"- ","- ",35.36676025390625,-118.97251129150391,KERN,UNINCORPORATED,-118.97240447998047,35.366718292236328
92602328,2024,2024-07-25,9420,2024-07-13,"327 ",021773,,6,3,9,1500,0,1,3,,1,176,"SR-178 E/B","MORNING DR",792.00,W,N,A,-,Y,KER,,178," ",R,7.602,H,,R,Y,2,0,1,1,A,-,01,23152,A,N,F,I,A,A,H,-,C,D,0,,,,,Y,Y,A,07,1,0,0,0,0,0,0,0,0,"- ","- ",35.396568298339844,-118.91593933105469,KERN,UNINCORPORATED,-118.91593933105469,35.396617889404297
92602364,2024,2024-07-25,9420,2024-07-24,1305,019868,,3,1,9,1500,0,2,4,,1,072,"EDISON HWY","EXCHANGE ST",0.00,,Y,A,-,N,,,,,,,,,,Y,4,0,4,2,A,-,09,21801,A,N,D,2,A,A,H,-,A,D,0,,,,,Y,,A,01,0,0,4,0,0,0,0,0,0,"- ","- ",35.370491027832031,-118.96520233154297,KERN,UNINCORPORATED,-118.96511077880859,35.370513916015625
9260237,2021,2021-05-20,1506,2021-04-16,2136,9229,19,5,5,4,1506,0,0,0,,0,,"N DOWNS ST","EL SERENO WY",170.00,S,N,A,-,N,,,,,,,,,,Y,3,0,1,2,A,-,03,22350,,N,B,C,A,-,H,-,C,B,0,,,,,Y,Y,-,,0,1,0,0,0,0,0,0,0,"- ","- ",35.629810333251953,-117.68763732910156,KERN,RIDGECREST,-117.68777465820312,35.631153106689453
92602393,2024,2024-07-25,9420,2024-07-21,1300,023401,,7,1,9,1500,0,3,5,,2,030,"MOUNTAIN 99","GOLD LEDGE CAMP GROUND",528.00,S,N,A,-,N,,,,,,,,,,Y,3,0,1,1,A,-,03,22350,,N,F,A,A,A,H,-,A,D,0,,,Y,,Y,,C,02,0,1,0,0,0,0,0,0,1,"- ","- ",35.871711730957031,-118.45448303222656,KERN,UNINCORPORATED,,
92602503,2024,2024-07-25,9420,2024-07-16,1646,021134,,2,2,9,1500,0,3,5,,2,630,"COPUS RD",SR-99,4805.00,W,N,A,-,N,,,,,,,,,,Y,3,0,1,1,A,-,08,22107,,N,E,I,A,A,H,-,A,D,0,,,,Y,Y,,F,21,0,1,0,0,0,0,0,0,0,"- ","- ",35.095428466796875,-118.99566650390625,KERN,UNINCORPORATED,-118.99555969238281,35.095371246337891
9260851,2021,2021-07-15,1507,2021-06-10,1344,281,,4,5,3,1507,0,0,0,,0,,"EAST LERDO HWY","CARVER ST",0.00,,Y,A,-,N,,,,,,,,,,N,3,0,2,2,A,-,09,21801,A,N,D,C,A,A,H,-,A,D,0,,,,,Y,,D,22,0,1,1,0,0,0,0,0,0,"- ","- ",35.500099182128906,-119.1749267578125,KERN,SHAFTER,-119.17903137207031,35.499671936035156
9261352,2021,2021-05-13,1506,2021-03-26,1530,5614,36,5,5,4,1506,0,0,0,,0,,"S CHINA LAKE BL","CHURCH AV",0.00,,Y,A,-,N,,,,,,,,,,N,3,0,1,2,A,-,03,22350,,N,B,C,A,A,H,-,A,A,0,,,,,Y,,A,07,0,1,0,0,0,0,0,0,0,"- ","- ",35.619178771972656,-117.67254638671875,KERN,RIDGECREST,-117.66999816894531,35.618877410888672
9263023,2021,2021-06-02,1500,2021-03-29,2052,201846,WA-02,1,5,3,1510,0,0,0,,0,4401,"RT 46","MAPLE AV",169.00,E,N,A,-,Y,KER,6,46,-,-,50.180,H,-,W,Y,4,0,1,2,A,-,09,21804,A,N,D,C,A,A,C,-,C,A,0,,,,,Y,,A,01,0,0,1,0,0,0,0,0,0,"- ","- ",,,KERN,WASCO,-119.34647369384766,35.601551055908203
9263089,2021,2021-05-25,1508,2021-04-18,1030,111,3B,7,5,2,1508,0,0,0,,0,,"RT 33","E MAIN ST",13.00,S,N,A,-,Y,KER,6,33,-,-,17.960,H,-,N,Y,4,0,2,2,A,-,03,22350,,N,C,C,A,A,H,-,A,A,0,,,Y,,Y,,C,03,0,0,2,0,0,0,0,0,2,"- ","- ",35.156558990478516,-119.47451019287109,KERN,TAFT,-119.44818115234375,35.136730194091797
9263431,2021,2021-05-13,1511,2021-03-15,1756,53316,2,1,5,2,1511,0,0,0,,0,00A,"NEURALIA RD","POPPY BL",0.00,,Y,A,-,N,,,,,,,,,,N,2,0,1,2,A,-,09,21802,A,N,B,C,A,A,H,-,A,A,0,,,,,Y,,A,08,1,0,0,0,0,0,0,0,0,"- ","- ",35.133079528808594,-117.98584747314453,KERN,"CALIFORNIA CITY",-117.98586273193359,35.133056640625
9263839,2020,2021-05-25,1511,2020-12-24,1455,53083,1,4,5,2,1511,0,0,0,,0,00A,"CALIFORNIA CITY BL","NEURALIA RD",0.00,,-,A,-,N,,,,,,,,,,N,2,0,2,2,A,-,08,22107,,N,F,A,A,A,H,-,A,D,0,,,,,Y,,-,,1,0,1,0,0,0,0,0,0,"- ","- ",35.125801086425781,-117.98590087890625,KERN,"CALIFORNIA CITY",-117.98593139648438,35.126029968261719
9264053,2021,2021-05-26,1500,2021-04-29,1533,201111,WA02,4,5,3,1510,0,0,0,,0,4401,"RT 43","FILBURN AV",0.00,,Y,A,-,Y,KER,6,43,-,R,23.624,I,5,S,Y,2,0,2,2,A,-,09,21802,A,N,D,C,A,A,H,-,A,A,0,,,Y,,Y,,A,01,1,1,0,0,0,0,0,0,1,"- ","- ",,,KERN,WASCO,-119.33409881591797,35.579723358154297
9264295,2021,2021-06-04,1509,2021-04-24,0950,1005,E,6,5,3,1509,0,0,0,,0,,"EAST TEHACHAPI BL","S ROBINSON ST",0.00,,Y,A,-,N,,,,,,,,,,N,3,0,1,2,A,-,10,21950,A,N,G,B,B,A,H,-,A,A,0,Y,,,,Y,,D,82,0,1,0,0,1,0,0,0,0,"- ","- ",35.131889343261719,-118.44593811035156,KERN,TEHACHAPI,-118.4459228515625,35.131870269775391
9264351,2021,2021-06-11,1509,2021-04-08,1455,983,W,4,5,3,1509,0,0,0,,0,,"TUCKER RD","CONWAY AV",0.00,,-,A,-,Y,KER,6,202,-,R,9.125,H,-,E,N,3,0,1,2,A,-,03,22350,,N,C,C,A,A,H,-,A,A,0,,,,,Y,,D,82,0,1,0,0,0,0,0,0,0,"- ","- ",35.129508972167969,-118.46575927734375,KERN,TEHACHAPI,-118.46768951416016,35.128349304199219
9264643,2021,2021-05-20,1509,2021-04-05,1029,1002,W,1,5,3,1509,0,0,0,,0,,"TEHACHAPI BL","MOUNT VIEW AV",14.00,E,N,A,-,N,,,,,,,,,,Y,3,0,2,2,A,-,12,22450,A,N,B,C,A,A,H,-,A,A,0,,,,,Y,,A,01,0,1,1,0,0,0,0,0,0,"- ","- ",,,KERN,TEHACHAPI,-118.45980834960938,35.131790161132812
9265930,2021,2021-05-26,1501,2021-05-16,1747,997,15,7,5,3,1501,0,0,0,,0,002,"MONROE ST","HAVEN DR",7.00,S,N,A,-,N,,,,,,,,,,N,4,0,3,2,A,-,12,22450,A,F,A,C,A,A,H,-,A,D,0,,,,,Y,Y,B,01,0,0,3,0,0,0,0,0,0,"- ","- ",35.204639434814453,-118.82749176025391,KERN,ARVIN,-118.83653259277344,35.205402374267578
9268862,2021,2021-06-07,1507,2021-04-15,1241,281,21,4,5,3,1507,0,0,0,,0,,"RIVERSIDE ST","CHERRY AV",0.00,,Y,A,-,N,,,,,,,,,,N,2,0,1,2,A,-,12,22450,A,N,D,D,A,A,H,-,A,A,0,,,,,Y,,-,,1,0,0,0,0,0,0,0,0,"- ","- ",35.485210418701172,-119.24294281005859,KERN,SHAFTER,-119.24296569824219,35.485210418701172
9268958,2021,2021-05-28,1506,2021-04-07,1656,3232,11,3,5,4,1506,0,0,0,,0,,"N SIERRA VIEW ST","W SYDNOR AV",51.00,S,N,A,-,N,,,,,,,,,,Y,3,0,2,2,A,-,"- ",,,N,C,C,A,A,H,-,A,D,0,,,,,Y,,A,01,0,2,0,0,0,0,0,0,0,"- ","- ",35.640560150146484,-117.68289947509766,KERN,RIDGECREST,-117.68318939208984,35.640621185302734
9269021,2021,2021-05-26,1506,2021-05-14,1808,2692,36,5,5,4,1506,0,0,0,,0,,"S HELENA ST","W WILSON AV",0.00,,Y,A,-,N,,,,,,,,,,Y,2,0,3,2,A,-,01,23153,F,N,H,A,A,A,H,-,A,A,0,,,,,Y,,-,,2,0,1,0,0,0,0,0,0,"- ","- ",35.617069244384766,-117.6767578125,KERN,RIDGECREST,-117.6767578125,35.617069244384766
9269025,2021,2021-05-26,1506,2021-05-13,2005,9229,38,4,5,4,1506,0,0,0,,0,,"EAST CALIFORNIA AV","S SUNLAND ST",0.00,,Y,A,-,N,,,,,,,,,,N,3,0,2,2,A,-,01,23153,,F,C,C,A,A,H,-,D,D,0,,,,,Y,Y,A,01,0,2,0,0,0,0,0,0,0,"- ","- ",35.620700836181641,-117.66107940673828,KERN,RIDGECREST,-117.66108703613281,35.620704650878906
9269395,2021,2021-05-27,1507,2021-05-15,2154,287,,6,5,3,1507,0,0,0,,0,,"SANTA FE","E LOS ANGELES",31.00,S,N,A,-,N,,,,,,,,,,N,4,0,3,2,A,-,01,23153,A,N,C,C,A,A,H,-,D,A,0,,,,,Y,Y,A,07,0,0,3,0,0,0,0,0,0,"- ","- ",35.492210388183594,-119.26091766357422,KERN,SHAFTER,-119.26103973388672,35.492149353027344
92700317,2024,2024-07-26,9420,2024-07-20,"135 ",022151,,6,3,9,1500,0,3,5,,2,510,"GARCES HWY",SR-43,1056.00,E,N,A,-,N,,,,,,,,,,N,3,0,1,1,A,-,01,23152,A,M,E,I,A,A,H,-,D,D,0,,,,,Y,Y,D,22,0,1,0,0,0,0,0,0,0,"- ","- ",35.761138916015625,-119.34063720703125,KERN,UNINCORPORATED,-119.34089660644531,35.76123046875
9270054,2021,2021-06-14,1507,2021-05-13,0855,278,34,4,5,3,1507,0,0,0,,0,,"ZACHARY AV","ZACHARY AV 300",0.00,,-,A,-,N,,,,,,,,,,Y,4,0,1,8,A,-,08,22107,,M,H,C,A,A,H,-,A,D,0,,,,,Y,,A,01,0,0,1,0,0,0,0,0,0,"- ","- ",35.4451904296875,-119.1920166015625,KERN,SHAFTER,-119.18986511230469,35.443115234375
9270152,2021,2021-06-23,1500,2021-05-19,1404,203205,1500,3,5,3,1510,0,0,0,,0,4401,"MAGNOLIA AV","RT 46",528.00,S,N,A,-,Y,KER,6,46,-,-,49.021,I,6,E,N,3,0,1,2,A,-,08,22107,A,N,C,G,A,A,H,-,A,D,0,,Y,,Y,Y,Y,L,04,0,1,0,0,0,0,1,0,0,"- ","- ",,,KERN,WASCO,-119.36700439453125,35.601524353027344
9270226,2021,2021-06-25,1500,2021-05-20,1912,202050,WA02,4,5,3,1510,0,0,0,,0,4401,"POSO DR",BROADWAY,0.00,,Y,A,-,N,,,,,,,,,,Y,3,0,1,2,A,-,08,22107,,F,B,C,A,A,H,-,A,A,0,,,,,Y,Y,A,07,0,1,0,0,0,0,0,0,0,"- ","- ",,,KERN,WASCO,-119.33821868896484,35.587017059326172
9270435,2021,2021-06-07,1509,2021-05-12,1709,58030,B,3,5,3,1509,0,0,0,,0,,"BEAR VALLEY RD","JACARANDA DR",30.00,E,N,A,-,N,,,,,,,,,,N,2,0,1,3,A,-,12,22450,A,N,D,G,A,A,H,-,A,A,0,,Y,,,Y,,L,04,1,0,0,0,0,0,1,0,0,"- ","- ",35.169139862060547,-118.60877990722656,KERN,TEHACHAPI,-118.61008453369141,35.169754028320312
9270923,2021,2021-06-29,1503,2021-01-26,1759,10160,2007,2,5,4,1503,0,0,0,,0,,"CECELIA CT",POLE,3.00,W,N,A,-,N,,,,,,,,,,Y,2,0,3,3,A,-,04,21703,,N,C,D,A,A,H,-,D,D,0,,,,,Y,Y,A,01,3,0,0,0,0,0,0,0,0,"- ","- ",35.775859832763672,-119.27631378173828,KERN,DELANO,,
9270927,2021,2021-06-09,1507,2021-05-15,1857,288,7,6,5,3,1507,0,0,0,,0,,"WEST LERDO HWY","POPLAR AV",4.00,W,N,A,-,N,,,,,,,,,,Y,3,0,2,2,A,-,09,21802,A,N,D,C,A,A,H,-,A,A,0,,,,,Y,,A,01,0,2,0,0,0,0,0,0,0,"- ","- ",35.499748229980469,-119.29606628417969,KERN,SHAFTER,-119.29611968994141,35.499889373779297
9271839,2021,2021-06-11,1509,2021-05-31,0940,1005,E,1,5,3,1509,0,0,0,,0,,"EAST TEHACHAPI BL","STEUBER RD",175.00,W,N,A,-,N,,,,,,,,,,N,2,0,1,1,A,-,08,22107,,N,E,I,A,A,H,-,A,-,0,,,Y,,Y,,C,02,1,0,0,0,0,0,0,0,1,"- ","- ",35.127689361572266,-118.41423797607422,KERN,TEHACHAPI,-118.41480255126953,35.127758026123047
9275466,2021,2021-07-07,1506,2021-04-27,1653,1304,901,2,5,4,1506,0,0,0,,0,,"E RIDGECREST BL","SAN BERNARDINO COUNTY LINE RD",20.00,E,N,A,-,N,,,,,,,,,,Y,3,0,1,2,A,-,08,22107,,N,B,C,A,A,H,-,A,D,0,,,,,Y,,A,01,0,1,0,0,0,0,0,0,0,"- ","- ",35.622501373291016,-117.63439178466797,KERN,RIDGECREST,-117.63426208496094,35.622501373291016
9277337,2021,2021-06-09,1500,2021-05-13,1203,202473,WA02,4,5,3,1510,0,0,0,,0,4401,"D ST","STEPHENS CT",0.00,,Y,A,-,N,,,,,,,,,,Y,4,0,1,2,A,-,05,21650,,N,A,C,A,A,H,-,A,D,0,,,,,Y,,A,01,0,0,1,0,0,0,0,0,0,"- ","- ",,,KERN,WASCO,-119.33609771728516,35.582660675048828
9277811,2021,2021-06-21,1500,2021-04-28,1323,202315,WA02,3,5,3,1510,0,0,0,,0,4401,"PALM AV","5TH ST",0.00,,Y,A,-,N,,,,,,,,,,N,4,0,1,2,A,-,12,22450,A,N,D,G,A,A,H,-,A,A,0,,Y,,,Y,,L,04,0,0,1,0,0,0,1,0,0,"- ","- ",,,KERN,WASCO,-119.34927368164062,35.597034454345703
9277863,2020,2021-07-15,1503,2020-09-26,1509,10106,KERN,6,5,4,1503,0,0,0,,0,,"LEXINGTON ST","13TH AV",160.00,S,N,A,-,N,,,,,,,,,,Y,4,0,1,2,A,-,08,22107,,F,B,E,A,A,H,-,A,D,0,,,,,Y,Y,A,01,0,0,1,0,0,0,0,0,0,"- ","- ",35.773178100585938,-119.24224853515625,KERN,DELANO,-119.24247741699219,35.773159027099609
9278113,2021,2021-06-25,1511,2021-05-16,1634,53303,2,7,5,2,1511,0,0,0,,0,00A,"CALIFORNAI CITY BL","REFERENCE PONT",18.00,W,N,A,-,N,,,,,,,,,,Y,2,0,3,3,A,-,09,21801,A,N,D,C,A,A,H,-,A,D,0,,,,,Y,,A,01,1,2,0,0,0,0,0,0,0,"- ","- ",35.126308441162109,-118.00124359130859,KERN,"CALIFORNIA CITY",,
9278114,2021,2021-06-25,1511,2021-05-03,0734,53303,3,1,5,2,1511,0,0,0,,0,00A,"CALIFORNIA CITY BL","KENNISTON SIGN",78.00,E,N,A,-,N,,,,,,,,,,N,3,0,1,2,A,-,04,21703,,N,C,C,A,A,H,-,A,D,0,,,,,Y,,A,08,0,1,0,0,0,0,0,0,0,"- ","- ",35.125728607177734,-117.9881591796875,KERN,"CALIFORNIA CITY",,
9278115,2021,2021-06-25,1511,2021-05-06,1356,53025,2,4,5,2,1511,0,0,0,,0,00A,"YERBA BL","LANDIS DR",34.00,N,N,A,-,N,,,,,,,,,,Y,3,0,1,2,A,-,09,21804,A,N,D,C,A,A,H,-,A,A,0,,,,,Y,,A,01,0,1,0,0,0,0,0,0,0,"- ","- ",35.130409240722656,-118.00361633300781,KERN,"CALIFORNIA CITY",-118.00363159179688,35.130374908447266
9279122,2021,2021-07-09,1507,2021-06-08,0310,269,18,2,5,3,1507,0,0,0,,0,,"EAST LERDO HWY","S BEECH AV",0.00,,Y,A,-,N,,,,,,,,,,N,3,0,1,2,A,-,12,21453,A,N,D,C,A,A,H,-,C,A,0,,,,,Y,,M,51,0,1,0,0,0,0,0,0,0,"- ","- ",35.499778747558594,-119.26052093505859,KERN,SHAFTER,-119.26053619384766,35.499797821044922
9279271,2021,2021-06-21,1508,2021-05-12,1239,138,4B,3,5,2,1508,0,0,0,,0,,"FINLEY DR","FOURTH ST",213.00,W,N,A,-,N,,,,,,,,,,Y,3,0,1,2,A,-,09,21804,A,N,B,C,A,A,H,-,A,D,0,,,,,Y,,A,01,0,1,0,0,0,0,0,0,0,"- ","- ",35.150009155273438,-119.45388031005859,KERN,TAFT,-119.45378875732422,35.150035858154297
9279460,2021,2021-06-16,1506,2021-05-10,0655,3232,43,1,5,4,1506,0,0,0,,0,,"S DOWNS ST","W UPJOHN AV",0.00,,Y,A,-,N,,,,,,,,,,N,3,0,1,2,A,-,12,22450,A,N,D,G,A,A,H,-,A,A,0,,Y,,,Y,,L,04,0,1,0,0,0,0,1,0,0,"- ","- ",35.615219116210938,-117.68781280517578,KERN,RIDGECREST,-117.68788146972656,35.615215301513672
9279910,2021,2021-07-15,1500,2021-06-12,1607,202421,WA02,6,5,3,1510,0,0,0,,0,4401,"RT 46","J ST",0.00,,Y,A,-,Y,KER,6,46,-,-,51.215,I,6,E,Y,3,0,1,2,A,-,08,22107,,N,D,C,A,A,H,-,A,D,0,,,,,Y,Y,D,22,0,1,0,0,0,0,0,0,0,"- ","- ",,,KERN,WASCO,-119.32819366455078,35.601539611816406
92799944,2024,2024-07-29,9430,2024-07-19,1840,022533,,5,2,9,1500,0,1,1,,2,054,"SR-99 N/B","LAVAL RD",8078.00,N,N,A,-,Y,KER,,99," ",L,0.088,H,,R,N,3,0,1,1,A,-,08,22107,,N,E,I,A,A,H,-,A,D,0,,,,,Y,,A,07,0,1,0,0,0,0,0,0,0,"- ","- ",35.008258819580078,-118.95198822021484,KERN,UNINCORPORATED,-118.95209503173828,35.00823974609375
92800927,2024,2024-07-29,9420,2024-07-19,2250,022173,,5,3,9,1500,0,3,5,,2,510,"CECIL AVENUE","PANDOL ROAD",0.00,,Y,A,-,N,,,,,,,,,,N,4,0,1,2,A,-,08,22107,,M,D,C,A,A,H,-,C,D,0,,,,,Y,,-,99,0,0,1,0,0,0,0,0,0,"- ","- ",35.776168823242188,-119.13387298583984,KERN,UNINCORPORATED,-119.134033203125,35.776096343994141
9280097,2021,2021-06-18,1507,2021-05-21,2048,281,12,5,5,3,1507,0,0,0,,0,,"CENTRAL VALLEY HWY","NORTH SHAFTER AV",0.00,,Y,C,-,Y,KER,6,43,-,-,17.168,I,5,N,N,3,0,1,2,A,-,09,21801,A,N,A,C,A,B,H,-,C,A,0,,,,,Y,,A,07,0,1,0,0,0,0,0,0,0,"- ","- ",35.503101348876953,-119.27548980712891,KERN,SHAFTER,-119.2781982421875,35.506057739257812
9280173,2021,2021-06-21,1506,2021-05-25,1710,3830,12,2,5,4,1506,0,0,0,,0,,"W WARD AV","N MOUNTAIN VIEW ST",50.00,W,N,A,-,N,,,,,,,,,,N,4,0,1,2,A,-,08,22107,,N,B,C,A,A,H,-,A,D,0,,,,,Y,,A,01,0,0,1,0,0,0,0,0,0,"- ","- ",35.644359588623047,-117.67655944824219,KERN,RIDGECREST,-117.67681884765625,35.644359588623047
9280383,2021,2021-06-28,1506,2021-06-03,1829,2692,21,4,5,4,1506,0,0,0,,0,,"E LAS FLORES AV","NORTH CHINA LAKE BL",0.00,,Y,A,-,Y,KER,6,178,-,-,102.100,I,5,W,Y,3,0,1,1,A,-,08,22107,,N,E,J,A,A,H,-,A,A,0,,,,,Y,,A,01,0,1,0,0,0,0,0,0,0,"- ","- ",35.629798889160156,-117.66986083984375,KERN,RIDGECREST,-117.66978454589844,35.629795074462891
9280612,2021,2021-07-20,1507,2021-06-18,1501,283,,5,5,3,1507,0,0,0,,0,,"EAST LERDO HWY","RT 99",0.00,,N,A,-,N,,,,,,,,,,N,4,0,1,2,A,-,03,22350,,N,C,C,A,A,H,-,A,D,0,,,,,Y,,A,01,0,0,1,0,0,0,0,0,0,EO,"- ",35.498519897460938,-119.17411804199219,KERN,SHAFTER,-119.16426849365234,35.499927520751953
9280614,2021,2021-07-16,1507,2021-06-09,2027,289,6,3,5,3,1507,0,0,0,,0,,"N VENTRAL VALLEY HWY","FRESNO AV",0.00,,Y,A,-,N,,,,,,,,,,N,2,0,3,2,A,-,09,21801,A,N,D,C,A,A,H,-,B,D,0,,,,,Y,,A,01,3,0,0,0,0,0,0,0,0,"- ","- ",35.514381408691406,-119.28803253173828,KERN,SHAFTER,-119.28825378417969,35.514369964599609
9280615,2021,2021-07-16,1506,2021-06-09,1240,5293,4,3,5,4,1506,0,0,0,,0,,"W REEVES ST","NORMA ST",300.00,E,N,A,-,N,,,,,,,,,,N,3,0,1,2,A,-,00,23103,,F,H,G,A,A,H,-,A,A,0,,Y,,,Y,,-,,0,1,0,0,0,0,1,0,0,"- ","- ",35.644451141357422,-117.67878723144531,KERN,RIDGECREST,-117.67774963378906,35.646190643310547
92806722,2024,2024-07-29,9420,2024-07-14,"436 ",022464,,7,3,9,1500,0,2,4,,1,051,"SYCAMORE DRIVE","MAY STREET",424.00,E,N,A,-,N,,,,,,,,,,Y,2,0,2,3,A,-,01,23152,A,F,A,E,A,A,H,-,D,D,0,,,,,Y,Y,A,01,1,1,0,0,0,0,0,0,0,"- ","- ",35.403488159179688,-119.02742004394531,KERN,UNINCORPORATED,-119.02745819091797,35.403438568115234
9280872,2021,2021-07-01,1506,2021-05-23,0755,1080,12,7,5,4,1506,0,0,0,,0,,"N SIERRA VIEW ST","WEST DRUMMOND AV",0.00,,Y,A,-,N,,,,,,,,,,Y,3,0,1,1,A,-,01,23152,F,N,E,I,A,A,H,-,A,D,0,,,,,Y,,A,07,0,1,0,0,0,0,0,0,0,"- ","- ",35.640861511230469,-117.67118835449219,KERN,RIDGECREST,-117.68509674072266,35.637172698974609
9282844,2021,2021-07-21,1506,2021-06-03,0850,1304,4,4,5,4,1506,0,0,0,,0,,"N NORMA ST","W REEVES AV",100.00,N,N,A,-,N,,,,,,,,,,N,4,0,1,1,B,-,22,,,N,E,I,A,A,H,-,A,D,0,,,Y,,Y,,-,"- ",0,0,1,0,0,0,0,0,1,"- ","- ",35.646701812744141,-117.67790222167969,KERN,RIDGECREST,-117.67876434326172,35.646465301513672
9282846,2021,2021-07-21,1507,2021-06-21,1230,271,4,1,5,3,1507,0,0,0,,0,,"CENTRAL AV","CALLOWAY ST",4.00,E,N,A,-,N,,,,,,,,,,Y,4,0,1,2,A,-,12,22450,A,N,A,C,A,A,H,-,A,D,0,,,,,Y,Y,A,01,0,0,1,0,0,0,0,0,0,"- ","- ",35.503990173339844,-119.26834106445312,KERN,SHAFTER,-119.27108764648438,35.505619049072266
92833292,2024,2024-07-29,9420,2024-07-17,"515 ",023531,,3,3,9,1500,0,1,3,,2,178,"SR-178 E/B","SHAWNEE RD",300.00,E,N,A,-,Y,KER,,178," "," ",53.780,H,,R,N,2,0,1,2,A,-,05,21460,,M,B,C,A,A,H,-,D,D,0,,,Y,,Y,,-,99,1,0,0,0,0,0,0,0,1,"- ","- ",35.651988983154297,-118.3536376953125,KERN,UNINCORPORATED,-118.35362243652344,35.651966094970703
9283421,2021,2021-07-12,1506,2021-04-22,1120,1304,11,4,5,4,1506,0,0,0,,0,,"N NORMA ST","DRUMMOND AV",226.00,W,N,A,-,N,,,,,,,,,,N,3,0,1,2,A,-,03,22350,,N,F,J,A,A,H,-,A,D,0,,,,,Y,,-,,0,1,0,0,0,0,0,0,0,"- ","- ",35.639400482177734,-117.67842102050781,KERN,RIDGECREST,-117.67872619628906,35.637008666992188