CASE_ID,ACCIDENT_YEAR,PROC_DATE,JURIS,COLLISION_DATE,COLLISION_TIME,OFFICER_ID,REPORTING_DISTRICT,DAY_OF_WEEK,CHP_SHIFT,POPULATION,CNTY_CITY_LOC,SPECIAL_COND,BEAT_TYPE,CHP_BEAT_TYPE,CITY_DIVISION_LAPD,CHP_BEAT_CLASS,BEAT_NUMBER,PRIMARY_RD,SECONDARY_RD,DISTANCE,DIRECTION,INTERSECTION,WEATHER_1,WEATHER_2,STATE_HWY_IND,CALTRANS_COUNTY,CALTRANS_DISTRICT,STATE_ROUTE,ROUTE_SUFFIX,POSTMILE_PREFIX,POSTMILE,LOCATION_TYPE,RAMP_INTERSECTION,SIDE_OF_HWY,TOW_AWAY,COLLISION_SEVERITY,NUMBER_KILLED,NUMBER_INJURED,PARTY_COUNT,PRIMARY_COLL_FACTOR,PCF_CODE_OF_VIOL,PCF_VIOL_CATEGORY,PCF_VIOLATION,PCF_VIOL_SUBSECTION,HIT_AND_RUN,TYPE_OF_COLLISION,MVIW,PED_ACTION,ROAD_SURFACE,ROAD_COND_1,ROAD_COND_2,LIGHTING,CONTROL_DEVICE,CHP_ROAD_TYPE,PEDESTRIAN_ACCIDENT,BICYCLE_ACCIDENT,MOTORCYCLE_ACCIDENT,TRUCK_ACCIDENT,NOT_PRIVATE_PROPERTY,ALCOHOL_INVOLVED,STWD_VEHTYPE_AT_FAULT,CHP_VEHTYPE_AT_FAULT,COUNT_SEVERE_INJ,COUNT_VISIBLE_INJ,COUNT_COMPLAINT_PAIN,COUNT_PED_KILLED,COUNT_PED_INJURED,COUNT_BICYCLIST_KILLED,COUNT_BICYCLIST_INJURED,COUNT_MC_KILLED,COUNT_MC_INJURED,PRIMARY_RAMP,SECONDARY_RAMP,LATITUDE,LONGITUDE,COUNTY,CITY,POINT_X,POINT_Y
94467506,2024,2024-11-13,9830,2024-11-04,1755,023954,,1,2,9,1500,0,3,5,,2,003,"BACKUS RD","85TH ST  W",1267.00,E,N,A,-,N,,,,,,,,,,Y,4,0,1,2,A,-,08,22107,,N,A,C,A,A,H,-,D,D,0,,,,,Y,,A,01,0,0,1,0,0,0,0,0,0,"- ","- ",34.948188781738281,-118.27874755859375,KERN,UNINCORPORATED,-118.27872467041016,34.948154449462891
94467989,2024,2024-11-13,9420,2024-11-07,1507,021845,,4,2,9,1500,0,1,3,,2,154,SR-155,"WALLACE RD",0.00,,Y,A,-,Y,KER,,155," ",R,4.474,H,,R,N,4,0,1,2,A,-,09,21802,A,N,D,C,A,A,H,-,A,A,0,,,,,Y,,A,01,0,0,1,0,0,0,0,0,0,"- ","- ",35.761478424072266,-119.16963958740234,KERN,UNINCORPORATED,-119.16963958740234,35.761493682861328
94468032,2024,2024-11-13,9830,2024-09-22,"331 ",023045,,7,3,9,1500,0,2,4,,1,034,"ROSAMOND BOULEVARD","50TH STREET WEST",1320.00,E,N,A,-,N,,,,,,,,,,N,1,1,0,2,A,-,11,21954,A,N,G,B,E,A,H,-,D,D,0,Y,,,,Y,,N,60,0,0,0,1,0,0,0,0,0,"- ","- ",34.863761901855469,-118.21836853027344,KERN,UNINCORPORATED,-118.21592712402344,34.863758087158203
94468049,2024,2024-11-13,9420,2024-11-07,1805,021667,,4,2,9,1500,0,3,5,,2,060,"ALLEN ROAD","NORIEGA ROAD",175.00,S,N,A,-,N,,,,,,,,,,Y,4,0,1,2,A,-,09,21801,A,N,D,C,A,A,H,-,C,D,0,,,,,Y,,A,01,0,0,1,0,0,0,0,0,0,"- ","- ",35.404628753662109,-119.14547729492188,KERN,UNINCORPORATED,-119.1455078125,35.404739379882812
94468303,2024,2024-11-13,9420,2024-11-08,"500 ",021905,,5,3,6,1502,0,1,3,,1,176,SR-178,"BEALE AVE",634.00,E,N,A,-,Y,KER,,178," ",R,3.553,H,,R,N,4,0,4,4,A,-,03,22350,,N,C,C,A,A,H,-,C,D,0,,,,,Y,,A,01,0,0,4,0,0,0,0,0,0,"- ","- ",35.38739013671875,-118.98409271240234,KERN,BAKERSFIELD,-118.98392486572266,35.387245178222656
94468325,2024,2024-11-13,9420,2024-11-08,"540 ",021895,,5,3,9,1500,0,3,5,,2,520,"FAMOSO PORTERVILLE HWY","CECIL AVE",0.00,,Y,A,-,N,,,,,,,,,,Y,4,0,4,2,A,-,09,21802,A,N,D,2,A,A,H,-,D,A,0,,,,,Y,,A,01,0,0,4,0,0,0,0,0,0,"- ","- ",35.776199340820312,-119.1236572265625,KERN,UNINCORPORATED,-119.12369537353516,35.776180267333984
94468366,2024,2024-11-13,9420,2024-11-08,"745 ",022806,,5,1,9,1500,0,1,3,,2,584,"SR-58 E/B","WASHINGTON AVE",275.00,E,N,A,-,Y,KER,,58," ",R,55.946,H,,R,N,3,0,2,2,A,-,08,22107,,N,D,C,A,A,H,-,A,D,0,,,,,Y,,A,01,0,1,1,0,0,0,0,0,0,"- ","- ",35.352329254150391,-118.97599792480469,KERN,UNINCORPORATED,-118.97599792480469,35.352294921875
94468674,2024,2024-11-13,9426,2024-10-21,1545,018919,,1,2,9,1500,0,3,5,,2,082,"SUDAN AVENUE","WILLOW STREET",252.00,E,N,A,-,N,,,,,,,,,,N,3,0,1,2,A,-,11,21954,A,N,G,B,D,A,H,-,A,D,0,Y,,,,Y,,N,60,0,1,0,0,1,0,0,0,0,"- ","- ",35.402931213378906,-119.46231079101562,KERN,UNINCORPORATED,-119.46223449707031,35.402904510498047
94469139,2024,2024-11-14,9420,2024-11-05,1445,022305,,2,2,9,1500,0,2,4,,1,075,"S UNION AVE","CASA LOMA DR",120.00,S,N,A,-,N,,,,,,,,,,N,4,0,1,2,A,-,03,22350,,N,C,C,A,A,H,-,A,D,0,,,,,Y,,D,22,0,0,1,0,0,0,0,0,0,"- ","- ",35.338390350341797,-119.0029296875,KERN,UNINCORPORATED,-119.00296783447266,35.339160919189453
94469155,2024,2024-11-14,9420,2024-11-06,1445,019316,,3,2,9,1500,0,2,4,,1,052,"ROBERTS LANE","CENTRAL AVENUE",75.00,E,N,A,-,N,,,,,,,,,,N,4,0,2,2,A,-,09,21804,A,N,D,C,A,A,H,-,A,D,0,,,,,Y,,A,01,0,0,2,0,0,0,0,0,0,"- ","- ",35.408599853515625,-119.02297973632812,KERN,UNINCORPORATED,-119.02304077148438,35.40863037109375
94469425,2024,2024-11-14,9420,2024-11-05,1845,021144,,2,2,9,1500,0,2,4,,1,072,"EDISON HWY.",SR-184,1508.00,W,N,A,-,N,,,,,,,,,,N,3,0,2,4,A,-,03,22350,,M,C,C,A,A,H,-,C,D,0,,,,,Y,,A,08,0,2,0,0,0,0,0,0,0,"- ","- ",35.359420776367188,-118.91909790039062,KERN,UNINCORPORATED,-118.91905975341797,35.359458923339844
94469435,2024,2024-11-14,9420,2024-11-06,1445,021144,,3,2,9,1500,0,2,4,,1,072,"NILES ST.","WEBSTER ST.",0.00,,Y,A,-,N,,,,,,,,,,N,3,0,3,2,A,-,09,21802,A,N,A,C,A,A,H,-,A,A,0,,,,,Y,,D,22,0,3,0,0,0,0,0,0,0,"- ","- ",35.375759124755859,-118.96304321289062,KERN,UNINCORPORATED,-118.96302032470703,35.375812530517578
94469764,2024,2024-11-14,9420,2024-11-10,2320,022567,,7,3,9,1500,0,1,3,,2,093,"SR-99 S/B","7TH STANDARD ROAD",10560.00,N,N,A,-,Y,,,,,,,,,,Y,3,0,1,1,A,-,08,22107,,N,F,J,A,A,H,-,C,D,0,,,,,Y,,D,22,0,1,0,0,0,0,0,0,0,"- ","- ",35.459800720214844,-119.11073303222656,KERN,UNINCORPORATED,-119.11104583740234,35.459312438964844
94469771,2024,2024-11-14,9420,2024-11-11,1540,022305,,1,2,9,1500,0,3,5,,2,070,"EDISON HIGHWAY","FAIRFAX RD",500.00,E,N,B,-,N,,,,,,,,,,Y,3,0,1,2,A,-,08,22107,,N,D,2,A,A,H,-,A,D,0,,,,,Y,,D,22,0,1,0,0,0,0,0,0,0,"- ","- ",35.361301422119141,-118.92662811279297,KERN,UNINCORPORATED,-118.93003845214844,35.362014770507812
94469904,2024,2024-11-14,9420,2024-11-14,"923 ",020634,,4,1,9,1500,0,1,3,,1,184,"MORNING DR","FILLMORE ST",0.00,,Y,A,-,N,,,,,,,,,,Y,4,0,1,2,A,-,09,21802,B,N,D,C,A,A,D,-,A,D,0,,,,,Y,,A,01,0,0,1,0,0,0,0,0,0,"- ","- ",35.369911193847656,-118.91413879394531,KERN,UNINCORPORATED,-118.91425323486328,35.369884490966797
94469927,2024,2024-11-14,9420,2024-11-09,1100,022806,,6,1,9,1500,0,2,4,,1,072,"MOUNT VERNON AVE S/B","CALIFORNIA AVE",1200.00,N,N,A,-,N,,,,,,,,,,N,3,0,1,3,A,-,03,22350,,N,C,C,A,A,H,-,A,D,0,,,,,Y,,A,01,0,1,0,0,0,0,0,0,0,"- ","- ",35.371200561523438,-118.96761322021484,KERN,UNINCORPORATED,-118.96759033203125,35.371841430664062
94469964,2024,2024-11-14,9420,2024-11-14,"800 ",022806,,4,1,9,1500,0,3,5,,2,610,"PACHECO ROAD E/B","UNION AVE",200.00,E,N,A,-,N,,,,,,,,,,N,4,0,1,3,A,-,08,22107,,N,D,2,A,A,H,-,A,D,0,,,,,Y,,A,01,0,0,1,0,0,0,0,0,0,"- ","- ",35.310390472412109,-119.00224304199219,KERN,UNINCORPORATED,-119.0023193359375,35.310390472412109
94470845,2024,2024-11-15,9830,2024-11-05,"630 ",024033,,2,1,9,1500,0,1,3,,1,040,"STATE ROUTE 14","BUSINESS ROUTE 58 NORTH",173.00,N,N,A,-,Y,KER,,14," "," ",16.114,H,,R,Y,3,0,1,1,A,-,03,22350,,N,F,A,A,A,H,-,A,D,0,,,,Y,Y,,G,25,0,1,0,0,0,0,0,0,0,"- ","- ",35.066699981689453,-118.17756652832031,KERN,UNINCORPORATED,-118.17756652832031,35.066692352294922
94470892,2024,2024-11-15,9420,2024-10-17,1625,022387,,4,2,9,1500,0,1,3,,1,176,"WEST DR","PACIFIC ST",138.00,S,N,A,-,N,,,,,,,,,,Y,4,0,1,2,C,-,18,,,N,C,E,A,A,H,-,A,D,0,,,,,Y,,-,"- ",0,0,1,0,0,0,0,0,0,"- ","- ",35.379650115966797,-118.97355651855469,KERN,UNINCORPORATED,-118.97344970703125,35.379665374755859
94470942,2024,2024-11-15,9420,2024-11-04,1810,019903,,1,2,9,1500,0,3,5,,2,060,"MOHAWK STREET","ROSEDALE HWY",2429.00,N,N,C,-,N,,,,,,,,,,N,4,0,1,1,A,-,03,22350,,N,F,8,A,B,H,-,D,D,0,,,,,Y,,A,07,0,0,1,0,0,0,0,0,0,"- ","- ",35.390350341796875,-119.06549072265625,KERN,UNINCORPORATED,-119.06594085693359,35.376968383789062
94470948,2024,2024-11-15,9420,2024-08-07,"210 ",021849,,3,3,6,1502,0,1,3,,1,176,"SR-178 E/B","MORNING DRIVE",2000.00,W,N,A,-,Y,KER,,178," ",R,7.366,H,,R,Y,4,0,2,3,A,-,03,22350,,M,C,C,A,A,H,-,C,D,0,,,,,Y,,A,07,0,0,2,0,0,0,0,0,0,"- ","- ",35.396530151367188,-118.91988372802734,KERN,BAKERSFIELD,-118.91988372802734,35.396560668945312
94470998,2024,2024-11-15,9420,2024-11-09,1435,022740,,6,2,9,1500,0,1,3,,2,090,"SR-99 N/B","PERKINS AVENUE",675.00,N,N,A,-,Y,KER,,99," "," ",50.089,H,,R,Y,4,0,1,2,A,-,08,22107,,N,B,2,A,A,H,-,A,D,0,,,,,Y,,A,01,0,0,1,0,0,0,0,0,0,"- ","- ",35.684638977050781,-119.22872924804688,KERN,UNINCORPORATED,-119.22869110107422,35.684642791748047
94471022,2024,2024-11-15,9420,2024-11-07,1840,022740,,4,2,9,1500,0,2,4,,1,072,"NILES STREET","FAIRFAX ROAD",90.00,E,N,A,-,N,,,,,,,,,,N,2,0,1,2,A,-,11,21954,A,F,G,B,D,A,H,-,C,D,0,Y,,,,Y,,N,60,1,0,0,0,1,0,0,0,0,"- ","- ",35.376029968261719,-118.93154907226562,KERN,UNINCORPORATED,-118.93173980712891,35.375991821289062
94471140,2024,2024-11-15,9420,2024-11-04,"810 ",016978,,1,1,9,1500,0,2,4,,1,075,"S. UNION AVENUE (SOUTHBOUND)","HOUGHTON ROAD",1272.00,S,N,A,-,N,,,,,,,,,,Y,4,0,2,2,A,-,03,22350,,N,C,C,A,A,H,-,A,D,0,,,,,Y,,A,01,0,0,2,0,0,0,0,0,0,"- ","- ",35.226978302001953,-119.00319671630859,KERN,UNINCORPORATED,-119.00318908691406,35.234241485595703
94471155,2024,2024-11-15,9420,2024-11-09,1930,022615,,6,2,6,1502,0,1,3,,2,584,"SR-58 WESTBOUND","UNION AVE",2640.00,E,N,A,-,Y,,,,,,,,,,Y,3,0,1,2,A,-,03,22350,,N,C,2,A,A,H,-,C,D,0,,,,,Y,,A,01,0,1,0,0,0,0,0,0,0,"- ","- ",35.352569580078125,-118.00182342529297,KERN,BAKERSFIELD,-118.99407958984375,35.352550506591797
94471420,2024,2024-11-15,9420,2024-11-14,1150,016973,,4,1,9,1500,0,2,4,,2,062,"ROSEDALE HWY.","JENKINS RD.",50.00,W,N,A,-,N,,,,,,,,,,Y,4,0,1,2,A,-,03,22350,,N,C,C,A,A,H,-,A,D,0,,,,,Y,,A,01,0,0,1,0,0,0,0,0,0,"- ","- ",35.383499145507812,-119.15470886230469,KERN,UNINCORPORATED,-119.15461730957031,35.383529663085938
94471543,2024,2024-11-15,9420,2024-11-05,"535 ",016978,,2,3,9,1500,0,3,5,,2,630,"COPUS ROAD","STATE ROUTE 99",2640.00,W,N,A,-,N,,,,,,,,,,Y,3,0,1,1,A,-,08,22107,,N,E,8,A,A,H,-,B,D,0,,,,,Y,,A,07,0,1,0,0,0,0,0,0,0,"- ","- ",35.095340728759766,-119.00837707519531,KERN,UNINCORPORATED,-118.98833465576172,35.095432281494141
94471559,2024,2024-11-15,9420,2024-11-07,2009,022740,,4,2,9,1500,0,2,4,,1,072,"NILES STREET","OSWELL STREET",50.00,E,N,A,-,N,,,,,,,,,,N,4,0,1,2,A,-,21,22106,,N,C,C,A,A,H,-,C,A,0,,,,,Y,,D,22,0,0,1,0,0,0,0,0,0,"- ","- ",35.376010894775391,-118.94938659667969,KERN,UNINCORPORATED,-118.94965362548828,35.375968933105469
94471720,2024,2024-11-15,9420,2024-11-09,1535,022415,,6,2,9,1500,0,1,3,,2,095,"SR-99 S/B","HOUGHTON RD",1500.00,N,N,A,-,Y,KER,,99," "," ",16.140,H,,L,Y,4,0,1,2,A,-,07,21658,A,N,B,C,A,A,H,-,A,D,0,,,,Y,Y,,G,25,0,0,1,0,0,0,0,0,0,"- ","- ",35.247570037841797,-119.01804351806641,KERN,UNINCORPORATED,-119.01796722412109,35.247581481933594
94471736,2024,2024-11-15,9420,2024-11-10,1730,022615,,7,2,9,1500,0,1,3,,2,584,"DR MARTIN LUTHER KING JR BLVD","CHEATHAM AVE",80.00,S,N,A,-,N,,,,,,,,,,Y,4,0,2,2,A,-,01,23152,A,N,C,C,A,A,H,-,C,D,0,,,,,Y,Y,A,08,0,0,2,0,0,0,0,0,0,"- ","- ",35.342380523681641,-118.98542022705078,KERN,UNINCORPORATED,-118.98543548583984,35.342330932617188
94471755,2024,2024-11-15,9420,2024-11-05,1455,019903,,2,2,9,1500,0,1,3,,2,583,"STOCKDALE HWY","CHERRY AVENUE",528.00,W,N,A,-,Y,KER,,58," ",R,39.655,H,,R,Y,2,0,2,2,A,-,09,21801,A,N,D,C,A,A,H,-,A,D,0,,,,,Y,,D,22,1,0,1,0,0,0,0,0,0,"- ","- ",35.3543701171875,-119.24506378173828,KERN,UNINCORPORATED,-119.24506378173828,35.3543701171875
94471786,2024,2024-11-15,9426,2024-11-02,"630 ",016828,,6,1,9,1500,0,1,3,,1,460,SR-46,"WARREN STREET",40.00,E,N,C,-,N,,,,,,,,,,Y,4,0,3,2,A,-,03,22350,,N,C,C,A,B,H,-,C,A,0,,,,,Y,,A,01,0,0,3,0,0,0,0,0,0,"- ","- ",35.616329193115234,-119.65908050537109,KERN,UNINCORPORATED,-119.65925598144531,35.616264343261719
94471794,2024,2024-11-15,9426,2024-11-02,"835 ",019611,,6,1,9,1500,0,1,3,,1,167,SR-166,"SODA LAKE RD",8976.00,W,N,C,-,Y,KER,,33," "," ",4.249,H,,R,N,3,0,2,1,A,-,03,22350,,N,F,I,A,B,H,-,A,D,0,,,,,Y,,D,22,0,2,0,0,0,0,0,0,0,"- ","- ",34.984779357910156,-119.43390655517578,KERN,UNINCORPORATED,-119.43389129638672,34.984767913818359
94471801,2024,2024-11-15,9426,2024-11-02,1300,019611,,6,1,9,1500,0,1,3,,2,432,SR-43,"RT 5",528.00,S,N,B,-,Y,KER,,43," "," ",1.735,H,,R,Y,3,0,4,2,A,-,09,21804,A,N,D,C,A,B,H,-,A,A,0,,,,,Y,,A,01,0,4,0,0,0,0,0,0,0,"- ","- ",35.290859222412109,-119.2525634765625,KERN,UNINCORPORATED,-119.25251770019531,35.290859222412109
94471810,2024,2024-11-15,9426,2024-11-02,2125,021948,,6,2,9,1500,0,3,5,,2,087,"OLD RIVER RD","HERRING RD",15.00,S,N,A,-,N,,,,,,,,,,Y,4,0,1,1,A,-,08,22107,,N,E,I,A,A,H,-,D,D,0,,,,,Y,,A,07,0,0,1,0,0,0,0,0,0,"- ","- ",35.151878356933594,-119.10968780517578,KERN,UNINCORPORATED,-119.10981750488281,35.151908874511719
94471825,2024,2024-11-15,9426,2024-11-04,"745 ",017321,,1,1,9,1500,0,1,1,,2,504,"I-5 N/B","STATION ROAD",1056.00,S,N,A,-,Y,,,,,,,,,,Y,4,0,1,2,A,-,02,22400,A,N,C,C,A,A,H,-,A,D,0,,,,,Y,,A,01,0,0,1,0,0,0,0,0,0,"- ","- ",35.033058166503906,-119.03012084960938,KERN,UNINCORPORATED,,
94473029,2024,2024-11-18,9830,2024-11-05,"905 ",022181,,2,1,9,1500,0,1,3,,1,040,"SR-14 SB","SR-14 S/B FROM SR-58 E/B",0.00,,Y,B,-,Y,KER,,14," "," ",18.988,H,,L,Y,4,0,1,2,A,-,09,21802,A,N,D,C,A,A,H,-,A,A,0,,,,,Y,,A,01,0,0,1,0,0,0,0,0,0,"- ","- ",35.097499847412109,-118.14556884765625,KERN,UNINCORPORATED,-118.14562225341797,35.097530364990234
94473150,2024,2024-11-18,9420,2024-11-04,"409 ",022819,,1,3,9,1500,0,1,3,,2,430,"SR-43 S/B","MERCED AVE",344.00,S,N,A,-,N,,,,,,,,,,Y,4,0,2,2,A,-,03,22350,,N,C,2,A,A,H,-,C,D,0,,,,,Y,,A,01,0,0,2,0,0,0,0,0,0,"- ","- ",35.528331756591797,-119.30535125732422,KERN,UNINCORPORATED,-119.30538940429688,35.528385162353516
94473156,2024,2024-11-18,9420,2024-11-03,"0   ",022567,,7,3,9,1500,0,3,5,,2,672,"RUBEN STREET","THOMAS WAY",0.00,,Y,A,-,N,,,,,,,,,,Y,2,0,1,1,A,-,01,23152,A,N,E,I,A,A,H,-,C,D,0,,,Y,,Y,Y,C,02,1,0,0,0,0,0,0,0,1,"- ","- ",35.271579742431641,-118.91280364990234,KERN,UNINCORPORATED,-118.91280364990234,35.271629333496094
94473184,2024,2024-11-18,9420,2024-10-13,1740,022328,,7,2,9,1500,0,3,5,,2,510,"COUNTY LINE ROAD (AVE 0)","ROAD 128",1690.00,E,N,A,-,N,,,,,,,,,,N,3,0,1,1,A,-,08,22107,,N,F,A,A,A,H,-,B,D,0,,,Y,,Y,,C,06,0,1,0,0,0,0,0,0,1,"- ","- ",35.790321350097656,-119.28031158447266,KERN,UNINCORPORATED,-119.28028869628906,35.790374755859375
94474197,2024,2024-11-18,9830,2024-11-11,1638,024033,,1,2,9,1500,0,2,4,,1,034,"ROSAMOND BLVD","15TH ST WEST",55.00,W,N,A,-,N,,,,,,,,,,Y,3,0,3,3,A,-,01,23152,A,F,C,C,A,A,H,-,B,A,0,,,,,Y,Y,D,22,0,3,0,0,0,0,0,0,0,"- ","- ",34.86444091796875,-118.15857696533203,KERN,UNINCORPORATED,-118.15841674804688,34.864467620849609
94474286,2024,2024-11-18,9426,2024-11-08,"717 ",019442,,5,1,9,1500,0,3,5,,2,086,"7TH STANDARD RD","WASCO WAY",1000.00,E,N,A,-,N,,,,,,,,,,Y,3,0,1,2,A,-,08,22107,,N,D,C,A,A,H,-,A,D,0,,,,Y,Y,,E,22,0,1,0,0,0,0,0,0,0,"- ","- ",35.442428588867188,-119.46006011962891,KERN,UNINCORPORATED,-119.45783996582031,35.442291259765625
9447478,2022,2022-08-11,1507,2022-06-03,0456,301,100,5,5,3,1507,0,0,0,,0,,"7TH STANDARD","WEIDENACH ST",891.00,W,N,A,-,N,,,,,,,,,,Y,2,0,1,1,A,-,08,22107,,N,E,I,A,A,H,-,B,D,0,,,,,Y,,D,22,1,0,0,0,0,0,0,0,0,"- ","- ",35.441638946533203,-119.19953918457031,KERN,SHAFTER,-119.22824096679688,35.441661834716797
94474972,2024,2024-11-19,9830,2024-11-10,1418,024033,,7,2,9,1500,0,3,5,,2,003,"LONE BUTTE RD","SOPP RD",5808.00,N,N,A,-,N,,,,,,,,,,Y,2,0,1,1,A,-,08,22107,,N,F,0,A,A,H,-,A,D,0,,,,,Y,,D,22,1,0,0,0,0,0,0,0,0,"- ","- ",34.953578948974609,-118.14060211181641,KERN,UNINCORPORATED,-118.14080047607422,34.95361328125
94474973,2024,2024-11-19,9420,2024-11-03,"510 ",022674,,7,3,9,1500,0,1,3,,1,650,"STATE ROUTE 65","LERDO HIGHWAY",5755.00,N,N,A,-,N,,,,,,,,,,Y,3,0,4,2,A,-,08,22107,,N,A,C,A,A,H,-,A,D,0,,,,,Y,,A,01,0,1,3,0,0,0,0,0,0,"- ","- ",35.515228271484375,-119.07881927490234,KERN,UNINCORPORATED,-119.07879638671875,35.515106201171875
94474981,2024,2024-11-19,9830,2024-11-11,2227,019400,,1,3,9,1500,0,1,3,,2,010,"SR-58 W/B",SR-202,11088.00,W,N,A,-,Y,KER,,58," ",R,88.870,H,,L,Y,4,0,1,1,A,-,08,22107,,N,E,I,A,B,H,-,D,D,0,,,,,Y,,A,01,0,0,1,0,0,0,0,0,0,"- ","- ",35.169349670410156,-118.47463226318359,KERN,UNINCORPORATED,-118.47459411621094,35.169376373291016
94475281,2024,2024-11-19,9420,2024-11-11,1530,019021,,1,2,6,1502,0,1,3,,2,093,"SR-99 SOUTHBOUND","CALIFORNIA AVE. UNDERCROSSING",20.00,S,N,B,-,Y,KER,,99," "," ",24.596,H,,L,Y,3,0,1,1,A,-,08,22107,,N,F,I,A,A,H,-,A,D,0,,,,,Y,,A,08,0,1,0,0,0,0,0,0,0,"- ","- ",35.368049621582031,-119.04194641113281,KERN,BAKERSFIELD,-119.04183959960938,35.368083953857422
94475388,2024,2024-11-19,9430,2024-11-11,1100,021296,,1,1,9,1500,0,1,1,,2,052,"I-5 S/B","GRAPEVINE ROAD",15840.00,S,N,A,-,Y,KER,,5," "," ",7.072,H,,L,Y,4,0,1,2,A,-,03,22350,,N,C,C,A,A,H,-,A,D,0,,,,Y,Y,,A,07,0,0,1,0,0,0,0,0,0,"- ","- ",34.896278381347656,-118.92070770263672,KERN,UNINCORPORATED,-118.92069244384766,34.896289825439453
94475434,2024,2024-11-19,9830,2024-08-22,2046,022701,,4,2,9,1500,0,1,3,,1,020,"STATE ROUTE 14 (SIERRA HIGHWAY)","CERRO GORDO STREET",170.00,N,N,A,-,Y,KER,,14," ",L,16.524,H,,R,N,1,1,0,2,A,-,11,21954,A,F,G,B,E,A,H,-,C,D,0,Y,,,,Y,Y,N,60,0,0,0,1,0,0,0,0,0,"- ","- ",35.053890228271484,-118.17404174804688,KERN,UNINCORPORATED,-118.17408752441406,35.053878784179688
94475580,2024,2024-11-19,9420,2024-11-15,1924,022740,,5,2,9,1500,0,2,4,,1,071,"FAIRFAX ROAD","EUCALYPTUS DR",185.00,S,N,A,-,N,,,,,,,,,,Y,4,0,1,1,A,-,08,22107,,N,E,I,A,A,H,-,C,D,0,,,,,Y,,A,01,0,0,1,0,0,0,0,0,0,"- ","- ",35.364620208740234,-118.93195343017578,KERN,UNINCORPORATED,-118.93210601806641,35.364681243896484
94475719,2024,2024-11-19,9420,2024-11-15,1355,018387,,5,1,9,1500,0,1,3,,2,155,SR-155,"DEADRICH RANCH RD",2376.00,W,N,B,-,Y,KER,,155," "," ",65.971,H,,R,N,4,0,1,2,A,-,05,21460,,N,E,I,A,B,H,-,A,D,0,,,,,Y,,D,22,0,0,1,0,0,0,0,0,0,"- ","- ",35.688430786132812,-118.46605682373047,KERN,UNINCORPORATED,-118.46611022949219,35.688426971435547
94475763,2024,2024-11-19,9420,2024-11-16,"953 ",022868,,6,1,9,1500,0,1,3,,1,184,"SR-184 N/B","BRECKENRIDGE RD",176.00,S,N,A,-,Y,KER,,184," "," ",8.558,H,,R,N,4,0,1,2,A,-,03,22350,,N,C,C,A,A,H,-,A,A,0,,,,,Y,,D,22,0,0,1,0,0,0,0,0,0,"- ","- ",35.361099243164062,-118.91425323486328,KERN,UNINCORPORATED,-118.91423797607422,35.361099243164062
9447584,2022,2022-09-29,1501,2022-09-11,1020,989,12,7,5,3,1501,0,0,0,,0,001,"CAMPUS DR","BEAR MOUNTAIN BL",0.00,,Y,A,-,N,,,,,,,,,,Y,3,0,3,2,A,-,09,21801,,N,D,C,A,A,H,-,A,A,0,,,,,Y,,A,01,0,3,0,0,0,0,0,0,0,"- ","- ",35.209129333496094,-118.83321380615234,KERN,ARVIN,-118.83322143554688,35.209144592285156
94476049,2024,2024-11-19,9426,2024-11-10,"305 ",022873,,7,3,9,1500,0,1,1,,2,502,"I-5 N/B","LERDO HWY",5280.00,N,N,A,-,Y,KER,,5," "," ",63.841,H,,R,Y,3,0,3,1,A,-,08,22107,,N,E,I,A,A,H,-,D,D,0,,,,,Y,,A,01,0,3,0,0,0,0,0,0,0,"- ","- ",35.513790130615234,-119.54945373535156,KERN,UNINCORPORATED,-119.54953002929688,35.51373291015625
94476097,2024,2024-11-19,9426,2024-11-18,"200 ",017281,,1,3,9,1500,0,1,3,,2,331,SR-33,"7TH STANDARD RD.",5280.00,N,N,A,-,Y,KER,,33," "," ",46.433,H,,R,N,3,0,1,1,A,-,08,22107,,N,F,A,A,A,H,-,D,D,0,,,,,Y,,A,01,0,1,0,0,0,0,0,0,0,"- ","- ",35.464511871337891,-119.71256256103516,KERN,UNINCORPORATED,-119.71254730224609,35.464515686035156
94476707,2024,2024-11-20,9420,2024-11-16,1525,022385,,6,2,9,1500,0,1,3,,2,094,"SR-99 N/B","PLANZ ROAD",469.00,S,N,A,-,Y,KER,,99," "," ",21.497,H,,R,Y,4,0,2,1,A,-,08,22107,,N,E,I,A,A,H,-,A,D,0,,,,,Y,,A,01,0,0,2,0,0,0,0,0,0,"- ","- ",35.323551177978516,-119.03765106201172,KERN,UNINCORPORATED,-119.03762817382812,35.323554992675781