CASE_ID,ACCIDENT_YEAR,PROC_DATE,JURIS,COLLISION_DATE,COLLISION_TIME,OFFICER_ID,REPORTING_DISTRICT,DAY_OF_WEEK,CHP_SHIFT,POPULATION,CNTY_CITY_LOC,SPECIAL_COND,BEAT_TYPE,CHP_BEAT_TYPE,CITY_DIVISION_LAPD,CHP_BEAT_CLASS,BEAT_NUMBER,PRIMARY_RD,SECONDARY_RD,DISTANCE,DIRECTION,INTERSECTION,WEATHER_1,WEATHER_2,STATE_HWY_IND,CALTRANS_COUNTY,CALTRANS_DISTRICT,STATE_ROUTE,ROUTE_SUFFIX,POSTMILE_PREFIX,POSTMILE,LOCATION_TYPE,RAMP_INTERSECTION,SIDE_OF_HWY,TOW_AWAY,COLLISION_SEVERITY,NUMBER_KILLED,NUMBER_INJURED,PARTY_COUNT,PRIMARY_COLL_FACTOR,PCF_CODE_OF_VIOL,PCF_VIOL_CATEGORY,PCF_VIOLATION,PCF_VIOL_SUBSECTION,HIT_AND_RUN,TYPE_OF_COLLISION,MVIW,PED_ACTION,ROAD_SURFACE,ROAD_COND_1,ROAD_COND_2,LIGHTING,CONTROL_DEVICE,CHP_ROAD_TYPE,PEDESTRIAN_ACCIDENT,BICYCLE_ACCIDENT,MOTORCYCLE_ACCIDENT,TRUCK_ACCIDENT,NOT_PRIVATE_PROPERTY,ALCOHOL_INVOLVED,STWD_VEHTYPE_AT_FAULT,CHP_VEHTYPE_AT_FAULT,COUNT_SEVERE_INJ,COUNT_VISIBLE_INJ,COUNT_COMPLAINT_PAIN,COUNT_PED_KILLED,COUNT_PED_INJURED,COUNT_BICYCLIST_KILLED,COUNT_BICYCLIST_INJURED,COUNT_MC_KILLED,COUNT_MC_INJURED,PRIMARY_RAMP,SECONDARY_RAMP,LATITUDE,LONGITUDE,COUNTY,CITY,POINT_X,POINT_Y
94533609,2025,2025-01-10,9426,2025-01-01,"625 ",018610,,3,1,9,1500,0,3,5,,2,086,"MAGNOLIA AVE","KIMBERLINA ROAD",405.00,N,N,B,-,N,,,,,,,,,,Y,3,0,1,1,A,-,08,22107,,N,E,I,A,A,H,-,B,D,0,,,,,Y,,A,01,0,1,0,0,0,0,0,0,0,"- ","- ",35.558509826660156,-119.36734771728516,KERN,UNINCORPORATED,-119.36734771728516,35.559062957763672
94533621,2025,2025-01-10,9426,2025-01-02,1251,019442,,4,1,9,1500,0,3,5,,2,085,"WASCO AVE","W. TULARE AVE.",528.00,N,N,A,-,N,,,,,,,,,,N,4,0,1,1,A,-,08,22107,,N,E,8,A,A,H,-,A,D,0,,,,,Y,,D,22,0,0,1,0,0,0,0,0,0,"- ","- ",35.509418487548828,-119.33235931396484,KERN,UNINCORPORATED,-119.33220672607422,35.508689880371094
94533782,2025,2025-01-10,9420,2025-01-05,1740,023204,,7,2,9,1500,0,2,4,,1,071,"MOUNT VERNON AVENUE","NILES STREET",35.00,N,N,A,-,N,,,,,,,,,,N,3,0,2,2,A,-,03,22350,,M,C,C,A,A,H,-,C,D,0,,,,,Y,,-,99,0,2,0,0,0,0,0,0,0,"- ","- ",35.376640319824219,-118.96758270263672,KERN,UNINCORPORATED,-118.96757507324219,35.376506805419922
94534622,2024,2025-01-13,9830,2024-12-22,1930,023380,,7,2,9,1500,0,1,3,,1,040,"STATE ROUTE 14 SOUTHBOUND","SR58 EASTBOUND TO SR14",0.00,,Y,A,-,Y,KER,,14," "," ",18.986,H,,L,Y,2,0,3,2,A,-,09,21802,A,N,D,C,A,A,H,-,C,A,0,,,,,Y,Y,D,22,1,2,0,0,0,0,0,0,0,"- ","- ",35.097450256347656,-118.14553070068359,KERN,UNINCORPORATED,-118.14564514160156,35.097507476806641
94534624,2024,2025-01-13,9830,2024-12-31,1815,023045,,2,2,9,1500,0,1,3,,2,021,"SR-58 EASTBOUND","CALIFORNIA CITY BLVD",5280.00,W,N,A,-,Y,KER,,58," ",R,128.840,H,,R,Y,4,0,3,2,A,-,08,22107,,N,B,C,A,A,H,-,D,D,0,,,,,Y,,-,"- ",0,0,3,0,0,0,0,0,0,"- ","- ",35.010768890380859,-117.89576721191406,KERN,UNINCORPORATED,-117.89579010009766,35.010593414306641
94534720,2025,2025-01-13,9430,2025-01-06,1840,018681,,1,2,9,1500,0,3,5,,2,004,"WHEELER RIDGE RD","I-5 UNDER CROSS",600.00,E,N,A,-,N,,,,,,,,,,N,4,0,2,3,A,-,07,21658,A,N,D,C,A,A,H,-,C,A,0,,,,,Y,,D,22,0,0,2,0,0,0,0,0,0,"- ","- ",34.988140106201172,-118.94403076171875,KERN,UNINCORPORATED,,
94535279,2025,2025-01-13,9420,2025-01-01,"330 ",021905,,3,3,9,1500,0,3,5,,2,050,"MCCRAY STREET","MERLE HAGGARD",0.00,,Y,A,-,N,,,,,,,,,,N,3,0,1,2,A,-,03,22350,,N,A,C,A,A,H,-,C,A,0,,,,,Y,,A,01,0,1,0,0,0,0,0,0,0,"- ","- ",35.440921783447266,-119.02986145019531,KERN,UNINCORPORATED,-119.02982330322266,35.441154479980469
94535492,2024,2025-01-13,9420,2024-12-31,1540,022615,,2,2,9,1500,0,1,3,,2,588,"CALIENTE CREEK RD","INDIAN CREEK RD",27562.00,W,N,A,-,N,,,,,,,,,,Y,3,0,1,1,A,-,03,22350,,N,E,J,A,A,H,-,A,D,0,,,,,Y,,A,07,0,1,0,0,0,0,0,0,0,"- ","- ",35.315689086914062,-118.52866363525391,KERN,UNINCORPORATED,-118.50365447998047,35.313785552978516
94535568,2025,2025-01-13,9420,2025-01-02,"722 ",020634,,4,1,9,1500,0,3,5,,2,050,"N. CHESTER AVENUE EXT.","PETROL RD",0.00,,Y,A,-,N,,,,,,,,,,Y,2,0,2,2,A,-,09,21802,A,N,D,C,A,A,H,-,A,A,0,,,,,Y,,A,01,1,0,1,0,0,0,0,0,0,"- ","- ",35.448501586914062,-119.02700805664062,KERN,UNINCORPORATED,-119.02699279785156,35.448463439941406
94535575,2025,2025-01-13,9420,2025-01-01,"310 ",021915,,3,3,9,1500,0,1,3,,2,155,SR-155,"SAWMILL ROAD",400.00,W,N,A,-,Y,KER,,155," "," ",66.502,H,,R,Y,3,0,1,1,A,-,01,23152,A,N,E,I,A,A,H,-,D,D,0,,,,,Y,Y,A,07,0,1,0,0,0,0,0,0,0,"- ","- ",35.681739807128906,-118.47012329101562,KERN,UNINCORPORATED,-118.47012329101562,35.681739807128906
94535583,2025,2025-01-13,9420,2025-01-08,1945,023079,,3,2,9,1500,0,3,5,,2,671,"FAIRFAX ROAD","PANAMA ROAD",0.00,,Y,A,-,N,,,,,,,,,,N,3,0,1,2,A,-,09,21802,A,N,D,C,A,A,H,-,D,A,0,,,,,Y,,A,01,0,1,0,0,0,0,0,0,0,"- ","- ",35.266990661621094,-118.93215179443359,KERN,UNINCORPORATED,-118.93212890625,35.2669677734375
94535614,2024,2025-01-13,9426,2024-11-01,1115,021959,,5,1,9,1500,0,1,3,,1,460,"STATE ROUTE 46 (WESTBOUND)","BITTERWATER VALLEY ROAD",6336.00,W,N,A,-,Y,KER,,46," "," ",14.345,H,,R,Y,1,1,0,2,A,-,01,23153,A,N,D,C,A,A,H,-,A,D,0,,,,Y,Y,Y,G,25,0,0,0,0,0,0,0,0,0,"- ","- ",35.619430541992188,-119.97498321533203,KERN,UNINCORPORATED,-119.97503662109375,35.619346618652344
94535793,2025,2025-01-13,9426,2025-01-11,1830,022535,,6,2,9,1500,0,1,3,,1,460,SR-46,"HOLLOWAY RD",7392.00,W,N,A,-,Y,KER,,46," "," ",25.986,H,,R,Y,4,0,1,2,A,-,03,22350,,N,C,C,A,A,G,-,D,D,0,,,,,Y,,A,01,0,0,1,0,0,0,0,0,0,"- ","- ",35.615879058837891,-119.76985931396484,KERN,UNINCORPORATED,-119.76985931396484,35.615657806396484
94535867,2024,2025-01-13,9426,2024-12-31,1415,016828,,2,2,9,1500,0,1,3,,1,460,SR-46,"LOST HILLS ROAD",0.00,,Y,A,-,Y,KER,,46," "," ",30.484,H,,R,Y,4,0,1,2,A,-,12,21453,A,N,D,C,A,A,H,-,A,A,0,,,Y,,Y,,C,02,0,0,1,0,0,0,0,0,1,"- ","- ",35.616180419921875,-119.68972015380859,KERN,UNINCORPORATED,-119.68972015380859,35.616024017333984
94535880,2025,2025-01-13,9420,2025-01-02,1855,020782,,4,2,9,1500,0,2,4,,1,051,"N. CHESTER AVENUE","WARREN AVENUE",10.00,S,N,A,-,N,,,,,,,,,,N,2,0,1,2,A,-,11,21954,A,N,G,B,E,A,H,-,D,D,0,Y,,,,Y,,N,60,1,0,0,0,1,0,0,0,0,"- ","- ",35.4122314453125,-119.02114868164062,KERN,UNINCORPORATED,-119.02112579345703,35.412242889404297
94535882,2025,2025-01-13,9426,2025-01-03,1530,019442,,5,2,9,1500,0,1,3,,1,460,"SR-46 W/B","I-5 S/B",150.00,W,N,A,-,Y,KER,,46," "," ",32.440,H,,L,N,4,0,1,3,A,-,03,22350,,M,C,C,A,A,H,-,A,D,0,,,,,Y,,-,99,0,0,1,0,0,0,0,0,0,"- ","- ",35.616298675537109,-119.65493011474609,KERN,UNINCORPORATED,-119.65492248535156,35.616184234619141
94535921,2025,2025-01-13,9426,2025-01-05,"140 ",021959,,7,3,9,1500,0,3,5,,2,081,SR-119,SR-43,5808.00,W,N,A,-,Y,KER,,119," "," ",16.986,H,,R,Y,4,0,1,1,A,-,08,22107,,N,F,I,A,A,H,-,D,D,0,,,,,Y,,D,22,0,0,1,0,0,0,0,0,0,"- ","- ",35.267330169677734,-119.27359771728516,KERN,UNINCORPORATED,-119.27359771728516,35.267425537109375
94536084,2025,2025-01-13,9420,2025-01-05,1255,021849,,7,1,9,1500,0,1,3,,2,155,SR-155,"WOODY ROAD",10560.00,W,N,A,-,Y,KER,,155," ",R,20.963,H,,R,Y,3,0,1,1,A,-,08,22107,,N,B,I,A,A,H,-,A,D,0,,,,,Y,,A,07,0,1,0,0,0,0,0,0,0,"- ","- ",35.742191314697266,-118.88903045654297,KERN,UNINCORPORATED,-118.88903045654297,35.742172241210938
94536089,2025,2025-01-13,9420,2025-01-04,"540 ",021802,,6,3,9,1500,0,2,4,,1,072,"NILES STREET","MT VERNON AVENUE",0.00,,Y,A,-,N,,,,,,,,,,Y,4,0,1,1,A,-,01,23152,A,N,E,I,A,A,H,-,C,A,0,,,,,Y,Y,D,22,0,0,1,0,0,0,0,0,0,"- ","- ",35.376541137695312,-118.96766662597656,KERN,UNINCORPORATED,-118.96758270263672,35.376407623291016
94536113,2024,2025-01-13,9420,2024-12-28,1225,022305,,6,1,9,1500,0,3,5,,2,040,"ALFRED HARRELL HWY","GOODMANVILLE RD",2123.00,S,N,B,-,N,,,,,,,,,,Y,3,0,1,1,A,-,01,23152,A,N,B,C,A,A,H,-,A,D,0,,,,,Y,Y,A,01,0,1,0,0,0,0,0,0,0,"- ","- ",35.430419921875,-118.93299102783203,KERN,UNINCORPORATED,-118.93305206298828,35.430709838867188
94536122,2025,2025-01-13,9426,2025-01-02,"940 ",019592,,4,1,9,1500,0,1,1,,2,506,"INTERSTATE 5","BUENA VISTA CANAL RD O/C",1500.00,N,N,A,-,Y,KER,,5," "," ",36.102,H,,R,N,3,0,1,1,A,-,01,23152,A,N,E,I,A,A,H,-,A,D,0,,,,,Y,Y,A,01,0,1,0,0,0,0,0,0,0,"- ","- ",35.237728118896484,-119.19319915771484,KERN,UNINCORPORATED,-119.193115234375,35.237789154052734
94536155,2025,2025-01-13,9426,2025-01-05,1357,018610,,7,1,9,1500,0,1,1,,2,500,"I-5 N/B","WEISER ROAD",300.00,S,N,A,-,Y,KER,,5," "," ",79.914,H,,R,Y,4,0,1,2,A,-,07,21658,A,N,C,C,A,A,H,-,A,D,0,,,,Y,Y,,A,07,0,0,1,0,0,0,0,0,0,"- ","- ",35.701740264892578,-119.71668243408203,KERN,UNINCORPORATED,-119.71664428710938,35.701759338378906
9453620,2022,2022-06-21,1500,2022-05-31,0956,202421,"WA 02",2,5,3,1510,0,0,0,,0,4401,"POPLAR AV","7TH ST",0.00,,Y,A,-,N,,,,,,,,,,N,2,0,1,2,A,-,12,22450,,N,D,G,A,A,H,-,A,A,0,,Y,,,Y,,L,04,1,0,0,0,0,0,1,0,0,"- ","- ",,,KERN,WASCO,-119.3448486328125,35.594272613525391
94536935,2025,2025-01-14,9426,2025-01-06,"810 ",016315,,1,1,9,1500,0,3,5,,2,087,"HERRING ROAD","OLD RIVER ROAD",0.00,,Y,A,-,N,,,,,,,,,,Y,3,0,3,2,A,-,09,21802,A,N,D,C,A,A,H,-,A,A,0,,,,,Y,,A,07,0,2,1,0,0,0,0,0,0,"- ","- ",35.15203857421875,-119.10980987548828,KERN,UNINCORPORATED,-119.10981750488281,35.151947021484375
94537015,2025,2025-01-14,9420,2025-01-06,1020,020409,,1,1,9,1500,0,3,5,,2,070,"TANGERINE ST","COLLEGE AVE",385.00,S,N,A,-,N,,,,,,,,,,N,4,0,1,2,A,-,08,22107,,N,D,C,A,A,H,-,A,D,0,,,,,Y,,A,01,0,0,1,0,0,0,0,0,0,"- ","- ",35.382240295410156,-118.92740631103516,KERN,UNINCORPORATED,-118.92737579345703,35.382286071777344
94537036,2025,2025-01-14,9426,2025-01-05,1550,017321,,7,2,9,1500,0,1,3,,1,118,SR-119,"MIDWAY ROAD",0.00,,Y,A,-,Y,,,,,,,,,,Y,4,0,1,2,A,-,09,21453,C,N,D,C,A,A,H,-,A,A,0,,,,,Y,,A,01,0,0,1,0,0,0,0,0,0,"- ","- ",35.018058776855469,-119.04540252685547,KERN,UNINCORPORATED,-119.45401000976562,35.180629730224609
94537074,2025,2025-01-14,9420,2025-01-02,2040,022415,,4,2,9,1500,0,1,3,,1,176,"SR-178 W/B FROM FAIRFAX RD S/B","FAIRFAX RD",1200.00,W,N,A,-,Y,KER,,178," ",R,6.527,H,,L,Y,4,0,1,2,A,-,03,22350,,M,C,C,A,A,H,-,C,D,0,,,,,Y,,A,01,0,0,1,0,0,0,0,0,0,"- ","- ",35.396800994873047,-118.93418121337891,KERN,UNINCORPORATED,-118.93417358398438,35.396640777587891
94537107,2025,2025-01-14,9420,2025-01-07,1459,020782,,2,2,9,1500,0,2,4,,1,051,"AIRPORT DRIVE","TAFT AVENUE",0.00,,Y,A,-,N,,,,,,,,,,Y,4,0,1,2,A,-,03,22350,,N,C,C,A,A,H,-,A,D,0,,,,,Y,,A,07,0,0,1,0,0,0,0,0,0,"- ","- ",35.413589477539062,-119.03890228271484,KERN,UNINCORPORATED,-119.0389404296875,35.413597106933594
94537202,2025,2025-01-14,9420,2025-01-08,2125,021915,,3,2,9,1500,0,1,3,,2,178,SR-178,"DEMOCRAT ROAD",5280.00,W,N,A,-,Y,KER,,178," "," ",26.125,H,,R,Y,4,0,1,1,A,-,08,22107,,N,E,I,A,A,H,-,D,D,0,,,,,Y,,A,01,0,0,1,0,0,0,0,0,0,"- ","- ",35.5260009765625,-118.66481781005859,KERN,UNINCORPORATED,-118.664794921875,35.526004791259766
94537223,2025,2025-01-14,9426,2025-01-09,1255,016315,,4,1,9,1500,0,3,5,,2,087,"COPUS ROAD","RT 5",8448.00,W,N,A,-,N,,,,,,,,,,Y,4,0,1,2,A,-,08,22107,,N,D,C,A,A,H,-,A,D,0,,,,Y,Y,,A,01,0,0,1,0,0,0,0,0,0,"- ","- ",35.094879150390625,-119.06984710693359,KERN,UNINCORPORATED,-119.03874969482422,35.095001220703125
94537345,2025,2025-01-14,9420,2025-01-10,"745 ",022050,,5,1,9,1500,0,1,3,,2,584,"SR-58 E/B TO FAIRFAX RD","FAIRFAX RD",1080.00,W,N,A,-,Y,KER,,58," ",R,58.225,H,,R,N,3,0,1,2,A,-,03,22350,,M,C,C,A,A,H,-,A,D,0,,,,,Y,,-,99,0,1,0,0,0,0,0,0,0,"- ","- ",35.352069854736328,-118.9356689453125,KERN,UNINCORPORATED,-118.9356689453125,35.352153778076172
94537473,2025,2025-01-14,9420,2025-01-12,1245,021802,,7,1,9,1500,0,3,5,,2,070,"HALEY STREET","JEFFERSON STREET",35.00,S,N,A,-,N,,,,,,,,,,Y,4,0,4,2,A,-,08,22107,,N,D,C,A,A,H,-,A,A,0,,,,,Y,,A,07,0,0,4,0,0,0,0,0,0,"- ","- ",35.385631561279297,-118.97808837890625,KERN,UNINCORPORATED,-118.97802734375,35.385658264160156
94537710,2025,2025-01-14,9420,2025-01-02,1840,021134,,4,2,9,1500,0,1,3,,2,096,"SR-99 N/B","HERRING RD",780.00,N,N,A,-,Y,KER,,99," "," ",9.446,H,,R,N,4,0,1,1,A,-,08,22107,,N,E,I,A,A,H,-,D,D,0,,,,,Y,,A,07,0,0,1,0,0,0,0,0,0,"- ","- ",35.152130126953125,-118.99752807617188,KERN,UNINCORPORATED,-118.99757385253906,35.152122497558594
94537725,2024,2025-01-14,9426,2024-12-31,1225,017321,,2,1,9,1500,0,1,1,,2,504,"I-5 N/B",SR-58,528.00,S,N,A,-,Y,,,,,,,,,,Y,4,0,3,5,A,-,03,22350,,N,C,C,A,A,H,-,A,D,0,,,,Y,Y,,F,25,0,0,3,0,0,0,0,0,0,"- ","- ",35.039878845214844,-119.03968811035156,KERN,UNINCORPORATED,-119.39591979980469,35.397891998291016
94538033,2024,2025-01-15,9420,2024-01-12,1453,017243,,5,2,9,1500,0,1,3,,2,430,"STATE ROUTE 43","POND ROAD",0.00,,Y,A,-,Y,KER,,43," "," ",33.471,H,,R,Y,1,1,2,4,A,-,03,22350,,N,D,C,A,A,H,-,A,A,0,,,,,Y,,D,22,2,0,0,0,0,0,0,0,0,"- ","- ",35.717708587646484,-119.33039855957031,KERN,UNINCORPORATED,-119.33043670654297,35.717704772949219
94538750,2025,2025-01-15,9420,2025-01-02,"853 ",021849,,4,1,9,1500,0,3,5,,2,040,"BERNARD ST","N KERN STREET",170.00,E,N,A,-,N,,,,,,,,,,Y,4,0,1,5,C,-,18,,,N,B,4,A,A,H,-,A,D,0,,,,,Y,,-,"- ",0,0,1,0,0,0,0,0,0,"- ","- ",35.3902587890625,-118.98857879638672,KERN,UNINCORPORATED,-118.98860168457031,35.390254974365234
94538823,2024,2025-01-15,9426,2024-12-31,1155,016828,,2,1,9,1500,0,1,1,,2,502,"I-5 S/B","7TH STANDARD ROAD",1584.00,S,N,A,-,Y,KER,,5," "," ",55.359,H,,L,Y,2,0,1,3,A,-,03,22350,,N,C,C,A,A,H,-,A,D,0,,,,Y,Y,,A,07,1,0,0,0,0,0,0,0,0,"- ","- ",35.429901123046875,-119.44004821777344,KERN,UNINCORPORATED,-119.44004821777344,35.429901123046875
94538901,2025,2025-02-27,9830,2025-01-06,"200 ",022130,,1,3,9,1500,0,3,5,,2,003,"59TH ST W","ALICE AVE",130.00,N,N,A,-,N,,,,,,,,,,N,4,0,1,2,A,-,08,22107,,F,G,B,E,D,H,-,D,D,0,Y,,,,Y,,-,99,0,0,1,0,1,0,0,0,0,"- ","- ",34.949428558349609,-118.23647308349609,KERN,UNINCORPORATED,-118.23653411865234,34.949596405029297
94539034,2025,2025-01-15,9430,2025-01-07,1535,017187,,2,2,9,1500,0,1,3,,2,090,"SR-99 N/B","SR-166 O/C",10032.00,S,N,A,-,Y,KER,,99," "," ",0.826,H,,R,N,4,0,1,1,A,-,08,22107,,N,E,8,A,A,H,-,A,A,0,,,,,Y,,A,01,0,0,1,0,0,0,0,0,0,"- ","- ",35.031101226806641,-118.95915222167969,KERN,UNINCORPORATED,-118.95932769775391,35.031063079833984
94539172,2025,2025-01-15,9420,2025-01-10,1857,021134,,5,2,9,1500,0,1,3,,2,097,"SR-99 S/B",SR-223,4000.00,S,N,A,-,Y,KER,,99," "," ",12.766,H,,L,N,4,0,2,3,A,-,08,22107,,M,B,C,A,A,H,-,D,D,0,,,,Y,Y,,-,99,0,0,2,0,0,0,0,0,0,"- ","- ",35.19921875,-119.00897216796875,KERN,UNINCORPORATED,-119.00894165039062,35.199222564697266
94539240,2025,2025-01-16,9420,2025-01-05,1535,022882,,7,2,9,1500,0,1,3,,2,090,"SR-99 NB",SR-46,4752.00,S,N,A,-,Y,KER,,99," ",R,43.336,H,,R,Y,2,0,1,2,A,-,01,23152,A,N,B,C,A,A,H,-,A,D,0,,,Y,Y,Y,Y,C,02,1,0,0,0,0,0,0,0,1,"- ","- ",35.589710235595703,-119.2041015625,KERN,UNINCORPORATED,-119.20410919189453,35.589710235595703
94539243,2025,2025-01-16,9420,2025-01-07,1615,021480,,2,2,9,1500,0,1,3,,2,093,"SR-99 S/B","CALIFORNIA AVE",200.00,S,N,A,-,Y,KER,,99," "," ",24.423,H,,L,N,4,0,1,2,A,-,03,22350,,N,C,C,A,A,H,-,A,D,0,,,,,Y,,A,01,0,0,1,0,0,0,0,0,0,"- ","- ",35.365711212158203,-119.0408935546875,KERN,UNINCORPORATED,-119.04080200195312,35.365737915039062
94539245,2025,2025-01-16,9420,2025-01-08,1730,021667,,3,2,9,1500,0,2,4,,1,071,"MOUNT VERNON AVENUE","POTOMAC AVENUE",500.00,S,N,A,-,N,,,,,,,,,,Y,4,0,2,2,A,-,03,22350,,N,C,C,A,A,H,-,C,D,0,,,,,Y,,A,08,0,0,2,0,0,0,0,0,0,"- ","- ",35.363739013671875,-118.96762847900391,KERN,UNINCORPORATED,-118.96759796142578,35.36358642578125
94539247,2025,2025-01-16,9420,2025-01-09,1535,021667,,4,2,9,1500,0,2,4,,1,071,"OSWELL STREET","PICO AVENUE",60.00,N,N,A,-,N,,,,,,,,,,N,4,0,1,2,A,-,03,22350,,N,C,C,A,A,H,-,A,D,0,,,,,Y,,A,07,0,0,1,0,0,0,0,0,0,"- ","- ",35.390640258789062,-118.94979858398438,KERN,UNINCORPORATED,-118.94983673095703,35.390594482421875
94539604,2025,2025-01-16,9420,2025-01-01,"310 ",021826,,3,3,9,1500,0,3,5,,2,070,"PESANTE RD","LAKE STEET",55.00,N,N,A,-,N,,,,,,,,,,Y,3,0,1,6,A,-,01,23152,A,N,C,C,A,A,H,-,D,D,0,,,,,Y,Y,A,01,0,1,0,0,0,0,0,0,0,"- ","- ",35.374359130859375,-118.94310760498047,KERN,UNINCORPORATED,-118.94303894042969,35.374290466308594
94539735,2025,2025-01-16,9420,2025-01-10,1220,022050,,5,1,9,1500,0,3,5,,2,672,"EDISON HWY","COMANCHE DR",0.00,,Y,A,-,N,,,,,,,,,,Y,3,0,3,2,A,-,12,22450,A,N,D,C,A,A,H,-,A,A,0,,,,,Y,,D,22,0,3,0,0,0,0,0,0,0,"- ","- ",35.341228485107422,-118.84319305419922,KERN,UNINCORPORATED,-118.84321594238281,35.341228485107422
94540197,2025,2025-01-16,9420,2025-01-14,1040,020366,,2,1,9,1500,0,1,3,,1,119,SR-119,"PAR STREET",0.00,,Y,A,-,Y,KER,,119," "," ",26.363,H,,R,Y,4,0,2,2,A,-,09,21801,A,N,D,C,A,A,H,-,A,D,0,,,,,Y,,D,22,0,0,2,0,0,0,0,0,0,"- ","- ",35.267139434814453,-119.10817718505859,KERN,UNINCORPORATED,-119.10817718505859,35.267177581787109
94540554,2025,2025-01-16,9420,2025-01-06,1500,023089,,1,2,9,1500,0,1,3,,1,184,"SR-184 N/B","WANCHEK WAY",0.00,,Y,A,-,Y,KER,,184," "," ",7.777,H,,R,N,3,0,3,2,A,-,09,21802,A,N,D,C,A,A,H,-,A,D,0,,,,,Y,,D,22,0,3,0,0,0,0,0,0,0,"- ","- ",35.349948883056641,-118.91414642333984,KERN,UNINCORPORATED,-118.91412353515625,35.349948883056641
94541626,2024,2025-01-17,9830,2024-12-27,1625,020866,,5,2,9,1500,0,1,3,,1,031,"SR-14 SOUTHBOUND","SILVER QUEEN RD.",528.00,N,N,G,-,Y,KER,,14," ",R,13.215,H,,L,Y,3,0,1,1,C,-,18,,,N,F,A,A,A,H,-,A,D,0,,,,Y,Y,,-,"- ",0,1,0,0,0,0,0,0,0,"- ","- ",35.010749816894531,-118.16146087646484,KERN,UNINCORPORATED,-118.16149139404297,35.0107421875
94541635,2025,2025-01-17,9830,2025-01-03,1300,022202,,5,1,9,1500,0,3,5,,2,001,"HIGHLINE RD","QUAKER RD",0.00,,Y,A,-,N,,,,,,,,,,Y,3,0,1,2,A,-,03,22350,,N,C,C,A,A,H,-,A,D,0,,,,,Y,,A,01,0,1,0,0,0,0,0,0,0,"- ","- ",35.109390258789062,-118.48161315917969,KERN,UNINCORPORATED,-118.48159790039062,35.109359741210938
94542039,2024,2025-01-17,9830,2024-12-25,1440,020866,,3,2,9,1500,0,3,5,,2,002,"JOHN ST.","ROBERTA AVE",310.00,W,N,A,-,N,,,,,,,,,,N,2,0,1,1,A,-,08,22107,,N,E,I,A,A,H,-,A,D,0,,,,,Y,,A,42,1,0,0,0,0,0,0,0,0,"- ","- ",34.996730804443359,-117.65310668945312,KERN,UNINCORPORATED,-117.65299987792969,34.996814727783203
94542430,2025,2025-01-17,9420,2025-01-08,1715,021480,,3,2,9,1500,0,1,3,,2,095,SR-99,SR-58,800.00,N,N,A,-,Y,KER,,99," "," ",24.025,H,,R,Y,4,0,1,2,A,-,03,22350,,N,C,C,A,A,H,-,C,D,0,,,,,Y,,A,07,0,0,1,0,0,0,0,0,0,"- ","- ",35.360080718994141,-119.03958892822266,KERN,UNINCORPORATED,-119.03936004638672,35.360084533691406
94542838,2025,2025-01-20,9420,2025-01-16,1830,022963,,4,2,3,1507,0,1,3,,2,091,"SR-99 S/B FROM LERDO HWY","LERDO HWY",312.00,S,N,A,-,Y,,,,,,,,,,Y,2,0,1,1,A,-,08,22107,,N,F,I,A,A,H,-,D,D,0,,,,,Y,,A,01,1,0,0,0,0,0,0,0,0,"- ","- ",35.499309539794922,-119.16378784179688,KERN,SHAFTER,-119.16294860839844,35.499164581298828
94543945,2025,2025-01-21,9420,2025-01-10,1550,021480,,5,2,9,1500,0,1,3,,2,095,"SR-99 S/B","PLANZ ROAD",300.00,N,N,A,-,Y,KER,,99," "," ",21.696,H,,L,N,4,0,1,3,A,-,03,22350,,N,C,C,A,A,H,-,A,D,0,,,,,Y,,A,01,0,0,1,0,0,0,0,0,0,"- ","- ",35.326339721679688,-119.03867340087891,KERN,UNINCORPORATED,-119.03863525390625,35.326347351074219
94544303,2025,2025-01-21,9420,2025-01-05,1805,022387,,7,2,9,1500,0,3,5,,2,630,"HOUGHTON RD","STINE RD",2474.00,W,N,A,-,N,,,,,,,,,,Y,2,0,1,1,C,-,18,,,N,A,H,A,A,H,-,D,D,0,,,Y,,Y,,-,"- ",1,0,0,0,0,0,0,0,1,"- ","- ",35.237941741943359,-119.06510925292969,KERN,UNINCORPORATED,-119.0650634765625,35.237953186035156
94544602,2025,2025-01-21,9420,2025-01-10,2130,022464,,5,2,9,1500,0,3,5,,2,070,"BUTTERNUT AVE","MONICA STREET",272.00,E,N,A,-,N,,,,,,,,,,N,3,0,1,1,A,-,08,22107,,N,F,J,A,A,H,-,D,D,0,,,Y,,Y,,C,03,0,1,0,0,0,0,0,0,1,"- ","- ",35.364631652832031,-118.90428924560547,KERN,UNINCORPORATED,-118.90439605712891,35.364612579345703
94544796,2025,2025-01-21,9420,2025-01-08,1800,021134,,3,2,9,1500,0,2,4,,1,075,"S UNION AVE","TAFT HWY",0.00,,Y,A,-,N,,,,,,,,,,Y,2,0,3,2,A,-,01,23152,A,N,D,C,A,A,H,-,C,A,0,,,,,Y,Y,A,07,1,1,1,0,0,0,0,0,0,"- ","- ",35.266860961914062,-119.00314331054688,KERN,UNINCORPORATED,-119.00315856933594,35.266849517822266