CASE_ID,ACCIDENT_YEAR,PROC_DATE,JURIS,COLLISION_DATE,COLLISION_TIME,OFFICER_ID,REPORTING_DISTRICT,DAY_OF_WEEK,CHP_SHIFT,POPULATION,CNTY_CITY_LOC,SPECIAL_COND,BEAT_TYPE,CHP_BEAT_TYPE,CITY_DIVISION_LAPD,CHP_BEAT_CLASS,BEAT_NUMBER,PRIMARY_RD,SECONDARY_RD,DISTANCE,DIRECTION,INTERSECTION,WEATHER_1,WEATHER_2,STATE_HWY_IND,CALTRANS_COUNTY,CALTRANS_DISTRICT,STATE_ROUTE,ROUTE_SUFFIX,POSTMILE_PREFIX,POSTMILE,LOCATION_TYPE,RAMP_INTERSECTION,SIDE_OF_HWY,TOW_AWAY,COLLISION_SEVERITY,NUMBER_KILLED,NUMBER_INJURED,PARTY_COUNT,PRIMARY_COLL_FACTOR,PCF_CODE_OF_VIOL,PCF_VIOL_CATEGORY,PCF_VIOLATION,PCF_VIOL_SUBSECTION,HIT_AND_RUN,TYPE_OF_COLLISION,MVIW,PED_ACTION,ROAD_SURFACE,ROAD_COND_1,ROAD_COND_2,LIGHTING,CONTROL_DEVICE,CHP_ROAD_TYPE,PEDESTRIAN_ACCIDENT,BICYCLE_ACCIDENT,MOTORCYCLE_ACCIDENT,TRUCK_ACCIDENT,NOT_PRIVATE_PROPERTY,ALCOHOL_INVOLVED,STWD_VEHTYPE_AT_FAULT,CHP_VEHTYPE_AT_FAULT,COUNT_SEVERE_INJ,COUNT_VISIBLE_INJ,COUNT_COMPLAINT_PAIN,COUNT_PED_KILLED,COUNT_PED_INJURED,COUNT_BICYCLIST_KILLED,COUNT_BICYCLIST_INJURED,COUNT_MC_KILLED,COUNT_MC_INJURED,PRIMARY_RAMP,SECONDARY_RAMP,LATITUDE,LONGITUDE,COUNTY,CITY,POINT_X,POINT_Y
94579895,2025,2025-02-14,9830,2025-02-13,2250,023211,,4,3,9,1500,0,1,3,,2,012,"SR-58 W/B","SAND CANYON",8818.00,W,N,C,-,Y,KER,,58," ",R,97.817,H,,L,Y,4,0,1,1,A,-,03,22350,,N,E,I,A,B,H,-,D,D,0,,,,,Y,,D,22,0,0,1,0,0,0,0,0,0,"- ","- ",35.111019134521484,-118.35234069824219,KERN,UNINCORPORATED,-118.35237121582031,35.110919952392578
94580326,2025,2025-02-14,9420,2025-01-25,1800,023124,,6,2,9,1500,0,1,3,,1,184,"SR-184 N/B","WILSON RD",500.00,N,N,A,-,N,,,,,,,,,,Y,4,0,2,2,A,-,01,23152,A,N,C,C,A,A,H,-,D,A,0,,,,,Y,Y,D,22,0,0,2,0,0,0,0,0,0,"- ","- ",35.333938598632812,-118.91428375244141,KERN,UNINCORPORATED,-118.91428375244141,35.333942413330078
94580361,2025,2025-02-14,9420,2025-02-05,1610,021845,,3,2,9,1500,0,1,3,,2,090,"SR-99 N/B TO POND RD","POND RD",150.00,S,N,B,-,Y,,,,,,,,,,Y,3,0,1,1,A,-,01,23152,A,N,F,A,A,A,H,-,A,D,0,,,,,Y,Y,A,07,0,1,0,0,0,0,0,0,0,"- ","- ",35.717601776123047,-119.23654937744141,KERN,UNINCORPORATED,-119.23705291748047,35.717647552490234
94580372,2025,2025-02-14,9420,2025-02-02,2000,019140,,7,2,9,1500,0,3,5,,2,310,"SAWMILL ROAD","STATE ROUTE 155",3696.00,W,N,A,-,Y,,,,,,,,,,N,4,0,1,1,A,-,08,22107,,N,F,A,A,A,H,-,D,D,0,,,,,Y,,D,22,0,0,1,0,0,0,0,0,0,"- ","- ",35.679080963134766,-118.47740936279297,KERN,UNINCORPORATED,-118.47769927978516,35.679122924804688
94580398,2025,2025-02-14,9420,2025-02-06,2230,021773,,4,3,9,1500,0,1,3,,1,176,"SR-178 W/B","UNION AVE",430.00,E,N,A,-,Y,KER,,178," ",R,2.536,H,,L,Y,2,0,1,1,A,-,08,22107,,N,E,I,A,A,H,-,D,D,0,,,,,Y,,D,22,1,0,0,0,0,0,0,0,0,"- ","- ",35.383739471435547,-119.00102996826172,KERN,UNINCORPORATED,-119.00102996826172,35.383686065673828
9458196,2022,2022-06-13,1506,2022-04-28,1715,7501,12,4,5,4,1506,0,0,0,,0,,"WEST RIDGECREST BL","W RIDGECREST BL 200",0.00,,Y,A,-,N,,,,,,,,,,N,3,0,2,2,D,-,00,,,N,G,B,E,A,H,-,A,D,0,Y,,,,Y,,-,"- ",0,2,0,0,1,0,0,0,0,"- ","- ",35.640861511230469,-117.67118835449219,KERN,RIDGECREST,-117.67755889892578,35.622512817382812
94582373,2024,2025-02-18,9830,2024-12-31,1940,021788,,2,2,9,1500,0,1,3,,1,051,SR-178W,SR-14,3.00,E,N,A,-,Y,KER,,178," "," ",88.260,H,,R,Y,4,0,1,1,A,-,03,22350,,N,F,A,A,A,H,-,C,A,0,,,,Y,Y,,G,26,0,0,1,0,0,0,0,0,0,"- ","- ",35.601688385009766,-117.90286254882812,KERN,UNINCORPORATED,-117.90306854248047,35.601612091064453
9458250,2022,2022-06-14,1509,2022-05-24,1005,1008,W,2,5,3,1509,0,0,0,,0,,"W TEHACHAPI BL","OLD TUCKER RD",594.00,E,N,A,-,N,,,,,,,,,,N,3,0,2,2,A,-,08,22107,,N,B,E,A,A,H,-,A,-,0,,,,,Y,,A,07,0,2,0,0,0,0,0,0,0,"- ","- ",35.131778717041016,-118.45986175537109,KERN,TEHACHAPI,-118.46530914306641,35.131725311279297
94582647,2025,2025-02-18,9426,2025-02-09,2255,021572,,7,3,9,1500,0,1,3,,1,118,SR-119,SR-43,0.00,,Y,A,-,Y,KER,,119," "," ",18.188,H,,R,Y,4,0,1,2,A,-,09,21800,A,M,D,C,A,A,H,-,C,A,0,,,,,Y,,-,99,0,0,1,0,0,0,0,0,0,"- ","- ",35.267501831054688,-119.25241088867188,KERN,UNINCORPORATED,-119.25241088867188,35.267356872558594
94582773,2024,2025-02-18,9420,2024-10-31,1835,019903,,4,2,9,1500,0,1,3,,2,583,"STATE ROUTE 58 WESTBOUND","ALLEN ROAD",1373.00,E,N,A,-,Y,KER,,58," ",R,46.100,H,,L,N,1,1,0,2,A,-,11,21954,A,N,G,B,E,A,H,-,D,D,0,Y,,,,Y,,N,60,0,0,0,1,0,0,0,0,0,"- ","- ",35.362110137939453,-119.13278198242188,KERN,UNINCORPORATED,-119.13278198242188,35.362094879150391
94582781,2024,2025-02-18,9420,2024-11-13,"546 ",019903,,3,3,9,1500,0,2,4,,1,052,"CHINA GRADE LOOP","BEDFORD WAY",115.00,W,N,G,-,N,,,,,,,,,,N,1,1,0,2,A,-,11,21954,A,N,G,B,D,A,H,-,D,D,0,Y,,,,Y,,N,60,0,0,0,1,0,0,0,0,0,"- ","- ",35.426780700683594,-119.01882171630859,KERN,UNINCORPORATED,-119.01870727539062,35.426971435546875
94582784,2024,2025-02-18,9420,2024-07-12,2126,022151,,5,2,9,1500,0,2,4,,1,051,"UNIVERSE AVENUE","NORTH CHESTER AVENUE",436.00,W,N,A,-,N,,,,,,,,,,N,1,1,0,2,A,-,11,21954,A,F,G,B,D,A,H,-,C,D,0,Y,,,,Y,,A,07,0,0,0,1,0,0,0,0,0,"- ","- ",35.431278228759766,-119.02297210693359,KERN,UNINCORPORATED,-119.02283477783203,35.431209564208984
94582799,2024,2025-02-18,9420,2024-12-07,"730 ",021547,,6,1,9,1500,0,3,5,,2,530,"KIMBERLINA ROAD","ROOT AVENUE",0.00,,Y,E,-,N,,,,,,,,,,Y,1,1,0,2,A,-,03,22350,,N,D,C,A,A,H,-,A,A,0,,,,,Y,,D,22,0,0,0,0,0,0,0,0,0,"- ","- ",35.558021545410156,-119.31304168701172,KERN,UNINCORPORATED,-119.31314086914062,35.558063507080078
94582826,2024,2025-02-18,9420,2024-12-10,1932,019316,,2,2,9,1500,0,3,5,,2,050,"AIRPORT DRIVE NORTHBOUND","WASHINGTON AVENUE",95.00,S,N,A,-,N,,,,,,,,,,Y,1,1,0,2,A,-,11,21954,A,N,G,B,D,A,H,-,D,D,0,Y,,,,Y,,N,60,0,0,0,1,0,0,0,0,0,"- ","- ",35.415271759033203,-119.03893280029297,KERN,UNINCORPORATED,-119.03894805908203,35.415210723876953
94582831,2024,2025-02-18,9426,2024-09-23,1540,017321,,1,2,9,1500,0,1,3,,1,332,"STATE ROUTE 33","GROCER GRADE BRAKE CHECK",150.00,S,N,A,-,Y,,,,,,,,,,Y,1,1,2,2,A,-,05,21650,,N,A,C,A,A,H,-,A,D,0,,,,Y,Y,,G,25,1,0,1,0,0,0,0,0,0,"- ","- ",34.09722900390625,-119.043701171875,KERN,UNINCORPORATED,,
94582839,2025,2025-02-18,9426,2025-02-13,1555,019896,,4,2,9,1500,0,1,1,,2,502,"I-5 N/B",SR-46,7920.00,S,N,B,G,Y,KER,,5," "," ",71.486,H,,R,Y,3,0,1,1,A,-,01,23152,A,N,E,8,A,A,H,-,A,D,0,,,,,Y,Y,-,"- ",0,1,0,0,0,0,0,0,0,"- ","- ",35.597999572753906,-119.63793182373047,KERN,UNINCORPORATED,-119.63777923583984,35.598094940185547
94582844,2025,2025-02-18,9420,2025-02-05,1150,019901,,3,1,9,1500,0,2,4,,1,072,"EDISON HWY.","EXCHANGE ST.",200.00,W,N,B,-,N,,,,,,,,,,Y,2,0,1,3,A,-,08,22107,,N,C,E,A,A,H,-,A,D,0,,,,,Y,,A,01,1,0,0,0,0,0,0,0,0,"- ","- ",35.370620727539062,-118.9659423828125,KERN,UNINCORPORATED,-118.96575164794922,35.370662689208984
94582891,2025,2025-02-18,9420,2025-02-07,1531,023204,,5,2,9,1500,0,3,5,,2,070,"SR-184 N/B","BRUNDAGE LANE",257.00,N,N,A,-,N,,,,,,,,,,N,3,0,2,2,A,-,07,21658,A,N,C,C,A,A,H,-,A,D,0,,,,,Y,,A,01,0,1,1,0,0,0,0,0,0,"- ","- ",35.355239868164062,-118.91412353515625,KERN,UNINCORPORATED,-118.91408538818359,35.355083465576172
94583814,2025,2025-02-19,9830,2025-02-13,1447,018700,,4,2,9,1500,0,1,3,,2,010,"SR-58 W/B",SR-202,14467.00,W,N,B,C,Y,KER,,58," ",R,88.190,H,,L,Y,3,0,1,1,A,-,03,22350,,N,E,8,A,B,H,-,A,D,0,,,,,Y,,A,07,0,1,0,0,0,0,0,0,0,"- ","- ",35.177398681640625,-118.48171234130859,KERN,UNINCORPORATED,-118.48179626464844,35.177333831787109
94584296,2025,2025-02-19,9830,2025-02-11,1517,016450,,2,2,9,1500,0,1,3,,1,015,"SR-202 E/B","GOLDEN HILLS BLVD",430.00,W,N,A,-,Y,KER,,202," "," ",7.728,H,,R,Y,4,0,1,2,A,-,03,22350,,N,C,C,A,A,H,-,A,D,0,,,,,Y,,A,07,0,0,1,0,0,0,0,0,0,"- ","- ",35.124290466308594,-118.48735046386719,KERN,UNINCORPORATED,-118.48735046386719,35.124282836914062
94584468,2025,2025-02-19,9426,2025-02-14,1535,016315,,5,2,9,1500,0,1,1,,2,504,"I-5 (N/B)","SR-58 (STOCKDALE HIGHWAY)",0.00,,Y,B,-,Y,KER,,58," ",R,34.644,H,,R,Y,3,0,3,2,A,-,09,21802,A,N,D,C,A,A,H,-,A,A,0,,,,,Y,,A,01,0,1,2,0,0,0,0,0,0,"- ","- ",35.354930877685547,-119.33379364013672,KERN,UNINCORPORATED,-119.33379364013672,35.354915618896484
94584987,2025,2025-02-20,9420,2025-02-01,1420,022732,,6,2,9,1500,0,1,3,,2,430,SR-43,"GROMER AVE",1265.00,N,N,B,-,Y,KER,,43," "," ",26.024,H,,R,Y,2,0,1,1,A,-,08,22107,,N,F,I,A,A,H,-,A,D,0,,,,,Y,,A,01,1,0,0,0,0,0,0,0,0,"- ","- ",35.612258911132812,-119.33135986328125,KERN,UNINCORPORATED,-119.33133697509766,35.612258911132812
94585049,2025,2025-02-20,9830,2025-02-13,1648,018700,,4,2,9,1500,0,3,5,,2,001,"TEHACHAPI WILLOW SPRINGS ROAD","HIGHLINE ROAD",0.00,,Y,B,C,N,,,,,,,,,,Y,2,0,5,2,A,-,09,21801,A,N,A,C,A,B,H,-,A,D,0,,,,,Y,,A,07,2,0,3,0,0,0,0,0,0,"- ","- ",35.109630584716797,-118.39669799804688,KERN,UNINCORPORATED,-118.39667510986328,35.109710693359375
94585087,2025,2025-02-20,9426,2025-02-11,1710,019611,,2,2,9,1500,0,3,5,,2,087,"AIRPORT ROAD","HONOLULU ROAD",1848.00,N,N,A,-,N,,,,,,,,,,Y,3,0,3,1,A,-,01,23152,A,N,F,I,A,A,H,-,A,D,0,,,,,Y,Y,A,01,0,1,2,0,0,0,0,0,0,"- ","- ",35.167949676513672,-119.42186737060547,KERN,UNINCORPORATED,-119.42171478271484,35.167884826660156
94585145,2025,2025-02-20,9420,2025-02-12,"830 ",020402,,3,1,9,1500,0,2,4,,1,077,"FAIRFAX RD","SUGARLOAF LN",310.00,S,N,A,-,N,,,,,,,,,,Y,4,0,2,2,A,-,03,22350,,N,C,C,A,A,H,-,A,D,0,,,,,Y,,A,01,0,0,2,0,0,0,0,0,0,"- ","- ",35.356071472167969,-118.93206024169922,KERN,UNINCORPORATED,-118.93202972412109,35.356090545654297
94585183,2025,2025-02-20,9420,2025-02-11,1033,021802,,2,1,9,1500,0,1,3,,1,176,"SR-178 (W/B)","VIEW STREET",150.00,E,N,A,-,Y,KER,,178," "," ",8.823,H,,R,Y,4,0,2,2,A,-,08,22107,,N,B,2,A,A,H,-,A,D,0,,,,,Y,,A,01,0,0,2,0,0,0,0,0,0,"- ","- ",35.405281066894531,-118.86728668212891,KERN,UNINCORPORATED,-118.86727142333984,35.405235290527344
94585238,2025,2025-02-20,9420,2025-02-07,"730 ",016978,,5,1,9,1500,0,1,3,,2,092,"SR-99 (N/B) TO SR-65","MERLE HAGGARD DRIVE",100.00,S,N,B,-,Y,,,,,,,,,,Y,4,0,1,2,A,-,03,22350,,N,C,C,A,A,H,-,A,D,0,,,,,Y,,A,01,0,0,1,0,0,0,0,0,0,"- ","- ",35.441028594970703,-119.07618713378906,KERN,UNINCORPORATED,-119.08384704589844,35.440971374511719
94585300,2025,2025-02-20,9420,2025-02-13,"455 ",022355,,4,3,9,1500,0,1,3,,2,585,"SR-58 W/B",SR-184,25.00,W,N,B,C,Y,KER,,58," ",R,59.194,H,,L,Y,4,0,1,1,A,-,03,22350,,N,F,A,A,B,H,-,D,D,0,,,,,Y,,A,01,0,0,1,0,0,0,0,0,0,"- ","- ",35.352649688720703,-118.91857147216797,KERN,UNINCORPORATED,-118.91857147216797,35.352535247802734
94585428,2025,2025-02-20,9420,2025-02-13,1205,020366,,4,1,9,1500,0,2,4,,1,052,"ROBERTS LANE","N. CHESTER AVENUE",44.00,E,N,B,-,N,,,,,,,,,,N,4,0,1,2,A,-,21,22106,,N,C,C,A,A,H,-,A,A,0,,,,,Y,,D,22,0,0,1,0,0,0,0,0,0,"- ","- ",35.408710479736328,-119.02069854736328,KERN,UNINCORPORATED,-119.02108001708984,35.408641815185547
94585463,2025,2025-02-20,9420,2025-02-12,1800,022963,,3,2,6,1502,0,1,3,,1,176,"SR-178 E/B","UNION AVE",3035.00,W,N,C,-,Y,KER,,178," ",R,1.833,H,,R,N,4,0,1,2,A,-,08,22107,,N,B,C,A,B,H,-,C,D,0,,,,,Y,,A,01,0,0,1,0,0,0,0,0,0,"- ","- ",35.380729675292969,-119.01262664794922,KERN,BAKERSFIELD,-119.01264953613281,35.380760192871094
94586171,2025,2025-02-21,9420,2025-02-13,1650,021849,,4,2,9,1500,0,1,3,,2,178,SR-178,"MOBILE DRIVE",7814.00,W,N,B,C,Y,KER,,178," "," ",47.783,H,,R,Y,4,0,2,1,A,-,03,22350,,N,F,I,A,B,H,-,A,D,0,,,,,Y,,A,01,0,0,2,0,0,0,0,0,0,"- ","- ",35.658180236816406,-118.43234252929688,KERN,UNINCORPORATED,-118.43234252929688,35.658195495605469
94586263,2025,2025-02-21,9420,2025-02-14,1230,016973,,5,1,6,1502,0,1,3,,2,093,"SR-99 S/B","KERN RIVER",100.00,S,N,B,C,Y,KER,,99," "," ",25.327,H,,L,N,3,0,2,1,A,-,08,22107,,N,F,A,A,B,H,-,A,D,0,,,,,Y,,A,01,0,1,1,0,0,0,0,0,0,"- ","- ",35.378261566162109,-119.04470062255859,KERN,BAKERSFIELD,-119.04459381103516,35.378261566162109
94586347,2025,2025-02-21,9420,2025-02-17,1110,019901,,1,1,9,1500,0,3,5,,2,630,"OLD RIVER RD.","SHAFTER RD.",0.00,,Y,A,-,N,,,,,,,,,,Y,4,0,4,2,A,-,05,21752,D,N,C,C,A,A,H,-,A,A,0,,,,,Y,,A,07,0,0,4,0,0,0,0,0,0,"- ","- ",35.223430633544922,-119.10987854003906,KERN,UNINCORPORATED,-119.10991668701172,35.223415374755859
94586396,2024,2025-02-21,9830,2024-09-13,1905,022701,,5,2,9,1500,0,3,5,,2,002,"GEPHART ROAD","LOCUST AVENUE",4277.00,N,N,A,-,N,,,,,,,,,,Y,1,1,0,1,A,-,01,23152,A,N,F,A,A,A,G,-,D,D,0,,,Y,,Y,,C,02,0,0,0,0,0,0,0,1,0,"- ","- ",35.047248840332031,-117.73916625976562,KERN,UNINCORPORATED,,
94586400,2025,2025-02-21,9830,2025-02-20,1245,019762,,4,1,9,1500,0,1,3,,1,040,SR-14,"REDROCK RANDSBURG RD.",1056.00,S,N,A,-,Y,KER,,14," "," ",36.344,H,,R,Y,4,0,1,1,A,-,08,22107,,N,F,A,A,A,H,-,A,D,0,,,,,Y,,A,01,0,0,1,0,0,0,0,0,0,"- ","- ",35.309661865234375,-117.98919677734375,KERN,UNINCORPORATED,-117.98932647705078,35.309749603271484
94587307,2025,2025-02-24,9420,2025-02-09,"50  ",022464,,7,3,9,1500,0,2,4,,1,071,"OSWELL STREET","KENTUCKY STREET",83.00,N,N,A,-,N,,,,,,,,,,N,3,0,1,2,A,-,11,21954,A,F,G,B,E,A,H,-,D,D,0,Y,,,,Y,,N,60,0,1,0,0,1,0,0,0,0,"- ","- ",35.373249053955078,-118.94969177246094,KERN,UNINCORPORATED,-118.94980621337891,35.373409271240234
94587309,2025,2025-02-24,9420,2025-02-10,1450,021667,,1,2,9,1500,0,3,5,,2,070,"BERNARD STREET","SOLANO DRIVE",20.00,E,N,A,-,N,,,,,,,,,,N,4,0,1,2,A,-,03,22350,,N,C,C,A,A,H,-,A,D,0,,,,,Y,,A,01,0,0,1,0,0,0,0,0,0,"- ","- ",35.389720916748047,-118.97522735595703,KERN,UNINCORPORATED,-118.97519683837891,35.3896484375
94587310,2025,2025-02-24,9420,2025-02-10,1645,022615,,1,2,9,1500,0,2,4,,1,072,"NILES ST","PESANTE RD",290.00,E,N,A,-,N,,,,,,,,,,Y,3,0,4,4,A,-,03,22350,,N,C,C,A,A,H,-,A,D,0,,,,,Y,,A,01,0,2,2,0,0,0,0,0,0,"- ","- ",35.375980377197266,-118.94199371337891,KERN,UNINCORPORATED,-118.94209289550781,35.376056671142578
94587793,2025,2025-02-24,9426,2025-02-14,2115,022349,,5,2,9,1500,0,1,1,,2,502,"I-5 S/B",SR-46,11616.00,S,N,A,-,Y,KER,,5," "," ",70.800,H,,L,Y,2,0,1,2,A,-,08,22107,,N,C,C,A,A,H,-,D,D,0,,,,Y,Y,,A,01,1,0,0,0,0,0,0,0,0,"- ","- ",35.590019226074219,-119.63057708740234,KERN,UNINCORPORATED,-119.63057708740234,35.590023040771484
94587842,2025,2025-03-18,9420,2025-02-12,2207,022464,,3,3,9,1500,0,1,3,,2,090,"SR-99 N/B","CECIL AVE",686.00,N,N,C,-,Y,KER,,99," "," ",56.678,H,,R,Y,4,0,1,2,A,-,03,22350,,N,C,C,A,B,H,-,D,D,0,,,,,Y,,A,01,0,0,1,0,0,0,0,0,0,"- ","- ",35.777889251708984,-119.25276947021484,KERN,UNINCORPORATED,-119.25279998779297,35.777885437011719
94587879,2025,2025-02-24,9420,2025-02-13,"848 ",020366,,4,1,9,1500,0,3,5,,2,050,"BEARDSLEY AVE","BENDIX ST",112.00,E,N,B,-,N,,,,,,,,,,Y,3,0,1,1,A,-,08,22107,,N,E,I,A,A,H,-,A,D,0,,,,,Y,,A,01,0,1,0,0,0,0,0,0,0,"- ","- ",35.405010223388672,-119.03109741210938,KERN,UNINCORPORATED,-119.03115844726562,35.40496826171875
94588001,2025,2025-05-21,9420,2025-01-04,2500,023401,,6,4,9,1500,0,1,3,,2,178,"STATE ROUTE 178","MILE POST MARKER 178 KER 36.00",1056.00,E,N,A,-,Y,KER,,178," ",R,36.133,H,,R,Y,1,1,0,1,A,-,01,23152,A,N,E,I,A,A,H,-,A,D,0,,,,,Y,Y,D,22,0,0,0,0,0,0,0,0,0,"- ","- ",35.574058532714844,-118.56491088867188,KERN,UNINCORPORATED,-118.56494903564453,35.574123382568359
94588108,2025,2025-02-24,9420,2025-02-14,1620,019316,,5,2,6,1502,0,1,3,,2,095,"SR-99 S/B TO MING AVE","MING AVENUE",750.00,N,N,A,-,Y,KER,,99," "," ",22.716,H,,L,Y,3,0,1,2,A,-,03,22350,,N,C,C,A,A,H,-,A,D,0,,,,,Y,,A,01,0,1,0,0,0,0,0,0,0,"- ","- ",35.341091156005859,-119.04007720947266,KERN,BAKERSFIELD,-119.03975677490234,35.341087341308594
94588143,2025,2025-02-24,9430,2025-02-08,"435 ",023145,,6,3,9,1500,0,1,1,,2,052,"I-5 N/B","LEBEC SERVICE ROAD",3379.00,N,N,A,-,Y,KER,,5," "," ",2.252,H,,R,Y,3,0,1,1,A,-,01,23152,A,N,E,8,A,A,H,-,D,D,0,,,,,Y,Y,A,01,0,1,0,0,0,0,0,0,0,"- ","- ",34.844371795654297,-118.86608123779297,KERN,UNINCORPORATED,-118.86624145507812,34.844291687011719
94588146,2025,2025-02-24,9430,2025-02-13,1205,018627,,4,1,9,1500,0,1,1,,2,052,"I-5 N/B","FRAZIER MOUNTAIN PARK RD",1056.00,N,N,B,C,Y,KER,,5," "," ",0.682,H,,R,Y,3,0,1,1,A,-,08,22107,,N,E,I,A,B,H,-,A,D,0,,,,,Y,,A,01,0,1,0,0,0,0,0,0,0,"- ","- ",34.825199127197266,-118.87361907958984,KERN,UNINCORPORATED,-118.87378692626953,34.8253173828125
94588161,2025,2025-02-24,9420,2025-02-12,1735,022305,,3,2,9,1500,0,3,5,,2,610,"CASA LOMA DR","S. UNION AVE",350.00,E,N,B,-,N,,,,,,,,,,N,4,0,1,2,A,-,08,22107,,N,D,C,A,B,H,-,C,D,0,,,,,Y,,D,22,0,0,1,0,0,0,0,0,0,"- ","- ",35.339458465576172,-119.00200653076172,KERN,UNINCORPORATED,-119.00179290771484,35.339458465576172
94588202,2025,2025-02-24,9420,2025-02-13,1310,022050,,4,1,9,1500,0,2,4,,1,072,"FAIRFAX RD","PIONEER DR",0.00,,Y,B,-,N,,,,,,,,,,N,3,0,1,2,A,-,12,21453,A,N,D,C,A,B,H,-,A,A,0,,,,,Y,,-,"- ",0,1,0,0,0,0,0,0,0,"- ","- ",35.368869781494141,-118.93202209472656,KERN,UNINCORPORATED,-118.93193817138672,35.368766784667969
94588224,2025,2025-02-24,9420,2025-02-13,"914 ",022050,,4,1,9,1500,0,2,4,,1,072,"FAIRFAX RD","E BRUNDAGE LN",350.00,N,N,B,-,N,,,,,,,,,,N,3,0,1,2,A,-,03,22350,,N,C,C,A,B,H,-,A,D,0,,,,,Y,,D,22,0,1,0,0,0,0,0,0,0,"- ","- ",35.355369567871094,-118.93211364746094,KERN,UNINCORPORATED,-118.93202972412109,35.355228424072266
94588232,2025,2025-02-24,9420,2025-02-13,1655,021534,,4,2,9,1500,0,1,3,,2,094,SR-99,SR-119,50.00,N,N,B,C,Y,KER,,99," "," ",17.521,H,,R,N,4,0,1,2,A,-,03,22350,,N,D,C,A,B,F,-,A,D,0,,,,Y,Y,,A,07,0,0,1,0,0,0,0,0,0,"- ","- ",35.267169952392578,-119.02288055419922,KERN,UNINCORPORATED,-119.02288055419922,35.267169952392578
94588245,2025,2025-02-24,9420,2025-02-11,"540 ",016978,,2,3,9,1500,0,3,5,,2,671,"WHEELER RIDGE ROAD","DAVID ROAD",0.00,,Y,A,-,N,,,,,,,,,,Y,4,0,1,2,A,-,12,22450,A,N,D,C,A,A,H,-,D,A,0,,,,,Y,,A,01,0,0,1,0,0,0,0,0,0,"- ","- ",35.092918395996094,-118.91475677490234,KERN,UNINCORPORATED,-118.91471862792969,35.092906951904297
94588260,2025,2025-02-24,9426,2025-02-20,1715,022535,,4,2,9,1500,0,1,3,,2,581,"SR-58 (BLUE STAR MEMORIAL HIGHWAY)","BUTTONWILLOW DR",0.00,,Y,A,-,Y,KER,,58," "," ",27.275,H,,R,Y,4,0,2,2,A,-,09,21801,A,N,A,C,A,A,H,-,A,D,0,,,,,Y,,A,01,0,0,2,0,0,0,0,0,0,"- ","- ",35.399299621582031,-119.47427368164062,KERN,UNINCORPORATED,-119.47427368164062,35.399311065673828
94588412,2025,2025-02-24,9420,2025-02-11,"812 ",021802,,2,1,9,1500,0,3,5,,2,040,"RIVER BLVD","HAWTHORNE AVENUE",0.00,,Y,A,-,N,,,,,,,,,,N,4,0,2,2,A,-,08,22107,,M,D,C,A,A,H,-,A,A,0,,,,,Y,,A,01,0,0,2,0,0,0,0,0,0,"- ","- ",35.401218414306641,-118.98529815673828,KERN,UNINCORPORATED,-118.98522186279297,35.401321411132812
94588424,2025,2025-02-24,9420,2025-02-14,1835,023124,,5,2,9,1500,0,1,3,,1,184,SR-184,"MORNING DR.",210.00,E,N,A,-,Y,KER,,184," "," ",9.655,H,,R,Y,4,0,3,2,A,-,09,21804,A,N,D,C,A,A,H,-,C,D,0,,,,,Y,,A,08,0,0,3,0,0,0,0,0,0,"- ","- ",35.376220703125,-118.91336822509766,KERN,UNINCORPORATED,-118.91336822509766,35.376277923583984
94588439,2025,2025-02-24,9426,2025-02-21,1820,022015,,5,2,9,1500,0,1,3,,1,118,SR-119,"ORANGE ST",15.00,E,N,A,-,N,,,,,,,,,,Y,4,0,3,2,A,-,03,22350,,N,C,C,A,A,H,-,D,D,0,,,,,Y,,A,07,0,0,3,0,0,0,0,0,0,"- ","- ",35.207588195800781,-119.40823364257812,KERN,UNINCORPORATED,-119.40827178955078,35.207504272460938
94588481,2025,2025-02-24,9420,2025-02-15,1451,023204,,6,2,9,1500,0,2,4,,1,072,"NILES STREET","CATALPA WAY",0.00,,Y,A,-,N,,,,,,,,,,Y,4,0,1,2,D,-,00,,,N,D,C,A,A,H,-,A,A,0,,,,,Y,,-,"- ",0,0,1,0,0,0,0,0,0,"- ","- ",35.375770568847656,-118.95857238769531,KERN,UNINCORPORATED,-118.95854949951172,35.375839233398438
94589047,2025,2025-02-25,9430,2025-02-10,"900 ",020875,,1,1,9,1500,0,1,1,,2,052,"I-5 S/B (GOLDEN STATE HIGHWAY)","LEBEC SERVICE ROAD",700.00,S,N,B,-,Y,KER,,5," "," ",1.548,H,,L,Y,4,0,1,1,A,-,08,22107,,N,E,I,A,A,H,-,A,D,0,,,,,Y,,D,22,0,0,1,0,0,0,0,0,0,"- ","- ",34.834888458251953,-118.86414337158203,KERN,UNINCORPORATED,-118.86421966552734,34.834938049316406