CASE_ID,ACCIDENT_YEAR,PROC_DATE,JURIS,COLLISION_DATE,COLLISION_TIME,OFFICER_ID,REPORTING_DISTRICT,DAY_OF_WEEK,CHP_SHIFT,POPULATION,CNTY_CITY_LOC,SPECIAL_COND,BEAT_TYPE,CHP_BEAT_TYPE,CITY_DIVISION_LAPD,CHP_BEAT_CLASS,BEAT_NUMBER,PRIMARY_RD,SECONDARY_RD,DISTANCE,DIRECTION,INTERSECTION,WEATHER_1,WEATHER_2,STATE_HWY_IND,CALTRANS_COUNTY,CALTRANS_DISTRICT,STATE_ROUTE,ROUTE_SUFFIX,POSTMILE_PREFIX,POSTMILE,LOCATION_TYPE,RAMP_INTERSECTION,SIDE_OF_HWY,TOW_AWAY,COLLISION_SEVERITY,NUMBER_KILLED,NUMBER_INJURED,PARTY_COUNT,PRIMARY_COLL_FACTOR,PCF_CODE_OF_VIOL,PCF_VIOL_CATEGORY,PCF_VIOLATION,PCF_VIOL_SUBSECTION,HIT_AND_RUN,TYPE_OF_COLLISION,MVIW,PED_ACTION,ROAD_SURFACE,ROAD_COND_1,ROAD_COND_2,LIGHTING,CONTROL_DEVICE,CHP_ROAD_TYPE,PEDESTRIAN_ACCIDENT,BICYCLE_ACCIDENT,MOTORCYCLE_ACCIDENT,TRUCK_ACCIDENT,NOT_PRIVATE_PROPERTY,ALCOHOL_INVOLVED,STWD_VEHTYPE_AT_FAULT,CHP_VEHTYPE_AT_FAULT,COUNT_SEVERE_INJ,COUNT_VISIBLE_INJ,COUNT_COMPLAINT_PAIN,COUNT_PED_KILLED,COUNT_PED_INJURED,COUNT_BICYCLIST_KILLED,COUNT_BICYCLIST_INJURED,COUNT_MC_KILLED,COUNT_MC_INJURED,PRIMARY_RAMP,SECONDARY_RAMP,LATITUDE,LONGITUDE,COUNTY,CITY,POINT_X,POINT_Y
94607456,2025,2025-03-18,9420,2025-03-11,1155,019140,,2,1,9,1500,0,1,3,,2,177,"STATE ROUTE 178","LIVE OAK ROAD",5280.00,W,N,B,-,Y,KER,,178," "," ",16.551,H,,R,Y,3,0,1,1,A,-,08,22107,,N,E,I,A,A,H,-,A,D,0,,,,,Y,,D,22,0,1,0,0,0,0,0,0,0,"- ","- ",35.463249206542969,-118.76065063476562,KERN,UNINCORPORATED,-118.76072692871094,35.463268280029297
94607464,2025,2025-03-18,9430,2025-03-06,1435,022345,,4,2,9,1500,0,1,1,,2,052,"I-5 N/B","FORT TEJON RD",1056.00,S,N,D,-,Y,KER,,5," "," ",4.464,H,,R,Y,4,0,1,1,A,-,03,22350,,N,E,I,A,C,H,-,A,D,0,,,,,Y,,A,07,0,0,1,0,0,0,0,0,0,"- ","- ",34.870578765869141,-118.88802337646484,KERN,UNINCORPORATED,-118.88785552978516,34.870700836181641
94607516,2025,2025-03-18,9430,2025-03-10,1630,020875,,1,2,9,1500,0,3,5,,2,004,"S. WHEELER RIDGE ROAD","LEGRAY ROAD",0.00,,Y,A,-,N,,,,,,,,,,Y,3,0,1,2,A,-,03,22350,,N,B,C,A,A,H,-,A,D,0,,,,,Y,,D,22,0,1,0,0,0,0,0,0,0,"- ","- ",35.030860900878906,-118.92652130126953,KERN,UNINCORPORATED,-118.92648315429688,35.030879974365234
94607728,2025,2025-03-18,9430,2025-03-08,1120,021296,,6,1,9,1500,0,2,4,,1,024,"MIL POTRERO HWY","CEDARWOOD DRIVE",1576.00,W,N,A,-,N,,,,,,,,,,Y,2,0,1,1,A,-,03,22350,,N,E,I,A,A,H,-,A,D,0,,,Y,,Y,,C,02,1,0,0,0,0,0,0,0,1,"- ","- ",34.852939605712891,-119.17945861816406,KERN,UNINCORPORATED,-119.18063354492188,34.853084564208984
94607868,2025,2025-03-18,9426,2025-03-08,1400,022015,,6,2,9,1500,0,1,3,,1,167,"SR-166 E/B","SODA LAKE RD",50.00,W,N,A,-,N,,,,,,,,,,Y,4,0,5,4,A,-,03,22350,,N,C,C,A,A,H,-,A,D,0,,,,,Y,,A,07,0,0,5,0,0,0,0,0,0,"- ","- ",34.963031768798828,-119.44624328613281,KERN,UNINCORPORATED,-119.44618988037109,34.963130950927734
94607881,2025,2025-03-18,9420,2025-03-13,1615,022740,,4,2,9,1500,0,1,3,,2,430,SR-43,"POND RD",0.00,,Y,A,-,N,,,,,,,,,,Y,4,0,2,2,A,-,09,21802,A,N,D,C,A,A,H,-,A,A,0,,,,,Y,,A,08,0,0,2,0,0,0,0,0,0,"- ","- ",35.717720031738281,-119.33039855957031,KERN,UNINCORPORATED,-119.33041381835938,35.717689514160156
94607922,2025,2025-03-18,9420,2025-03-13,1720,022740,,4,2,9,1500,0,1,3,,2,090,"SR-99 S/B","POND RD",1056.00,S,N,C,-,Y,KER,,99," "," ",52.216,H,,L,Y,3,0,1,2,A,-,08,22107,,N,D,C,A,B,H,-,A,D,0,,,,Y,Y,,A,01,0,1,0,0,0,0,0,0,0,"- ","- ",35.714839935302734,-119.23616027832031,KERN,UNINCORPORATED,-119.23613739013672,35.714847564697266
94607955,2025,2025-03-18,9420,2025-03-13,"725 ",020782,,4,1,9,1500,0,1,3,,1,176,"SR1-178 E/B","BERNARD STREET",135.00,W,N,B,C,Y,KER,,178," ",R,3.764,H,,R,Y,2,0,3,2,A,-,03,22350,,N,B,C,A,B,H,-,A,D,0,,,,,Y,,D,22,1,2,0,0,0,0,0,0,0,"- ","- ",35.389518737792969,-118.98116302490234,KERN,UNINCORPORATED,-118.98114776611328,35.389511108398438
94608243,2025,2025-03-18,9430,2025-03-13,1830,022405,,4,2,9,1500,0,1,1,,2,052,"I-5 N/B (GOLDEN STATE FREEWAY)","FORT TEJON RD. OVER CROSS",3960.00,S,N,C,-,Y,KER,,5," "," ",4.255,H,,R,Y,4,0,2,1,A,-,03,22350,,N,E,I,A,C,H,-,B,D,0,,,,,Y,,A,07,0,0,2,0,0,0,0,0,0,"- ","- ",34.868431091308594,-118.88577270507812,KERN,UNINCORPORATED,-118.88566589355469,34.868495941162109
94608442,2025,2025-03-18,9420,2025-03-05,1350,021134,,3,1,9,1500,0,1,3,,1,184,SR-184,"E WILSON RD",0.00,,Y,B,C,Y,KER,,184," "," ",6.589,H,,R,N,4,0,2,1,A,-,03,22350,,N,E,8,A,B,H,-,A,D,0,,,,,Y,,D,22,0,0,2,0,0,0,0,0,0,"- ","- ",35.332679748535156,-118.91435241699219,KERN,UNINCORPORATED,-118.91429901123047,35.332679748535156
94608491,2025,2025-03-18,9420,2025-03-07,1620,022093,,5,2,6,1502,0,1,3,,2,092,"SR-99 NORTHBOUND","OLIVE DRIVE",960.00,S,N,A,-,Y,KER,,99," "," ",27.673,H,,R,Y,3,0,3,3,A,-,03,22350,,N,C,C,A,A,H,-,A,D,0,,,,,Y,,A,01,0,1,2,0,0,0,0,0,0,"- ","- ",35.410331726074219,-119.05242156982422,KERN,BAKERSFIELD,-119.05250549316406,35.410270690917969
94608530,2025,2025-03-18,9420,2025-03-07,1834,022153,,5,2,9,1500,0,2,4,,1,051,"ROBERTS LANE","OLIVE DRIVE",500.00,E,N,A,-,N,,,,,,,,,,N,3,0,1,2,A,-,03,22350,,M,C,C,A,A,H,-,D,D,0,,,Y,,Y,,A,01,0,1,0,0,0,0,0,0,1,"- ","- ",35.410991668701172,-119.04709625244141,KERN,UNINCORPORATED,-119.04752349853516,35.411357879638672
94608623,2025,2025-03-18,9420,2025-03-08,1845,022701,,6,2,9,1500,0,1,3,,1,184,"SAN DIEGO STREET","PALM AVENUE",40.00,N,N,A,-,N,,,,,,,,,,N,3,0,1,1,A,-,01,23152,A,N,E,8,A,A,H,-,C,D,0,,,,,Y,Y,A,07,0,1,0,0,0,0,0,0,0,"- ","- ",35.258060455322266,-118.91893005371094,KERN,UNINCORPORATED,-118.91883850097656,35.257999420166016
94608789,2025,2025-03-18,9420,2025-03-12,"428 ",021870,,3,3,9,1500,0,3,5,,2,671,"SANDRINI ROAD","EDISON RD",2640.00,W,N,A,-,N,,,,,,,,,,Y,4,0,1,1,A,-,03,22350,,N,E,I,A,D,H,-,D,A,0,,,,,Y,,J,48,0,0,1,0,0,0,0,0,0,"- ","- ",35.121791839599609,-118.88687133789062,KERN,UNINCORPORATED,-118.88655853271484,35.121749877929688
94608844,2025,2025-03-18,9420,2025-03-12,1825,022740,,3,2,9,1500,0,2,4,,1,051,"S GRANITE RD","AMBERHILL LN",500.00,N,N,A,-,N,,,,,,,,,,N,3,0,1,1,A,-,08,22107,,N,E,I,A,A,H,-,A,D,0,,,Y,,Y,,C,02,0,1,0,0,0,0,0,0,1,"- ","- ",35.504451751708984,-118.98606872558594,KERN,UNINCORPORATED,-118.98606109619141,35.504459381103516
94608860,2025,2025-03-18,9430,2025-03-13,"0   ",016681,,4,3,9,1500,0,1,1,,2,052,"I-5 N/B","FRAZIER MOUNTAIN PARK RD",3168.00,N,N,C,-,Y,KER,,5," "," ",0.614,H,,R,N,3,0,1,1,A,-,03,22350,,N,E,I,A,B,H,-,D,D,0,,,,,Y,,A,07,0,1,0,0,0,0,0,0,0,"- ","- ",34.824638366699219,-118.87467956542969,KERN,UNINCORPORATED,-118.87456512451172,34.824562072753906
94608870,2025,2025-03-18,9830,2025-03-14,1356,018700,,5,1,9,1500,0,1,3,,2,010,"SR-58 W/B",SR-202,6336.00,W,N,B,C,Y,KER,,58," ",R,89.635,H,,L,Y,4,0,1,1,A,-,03,22350,,N,E,I,A,B,H,-,A,D,0,,,,,Y,,A,07,0,0,1,0,0,0,0,0,0,"- ","- ",35.157310485839844,-118.47379302978516,KERN,UNINCORPORATED,-118.47377014160156,35.157310485839844
94609015,2025,2025-03-18,9420,2025-03-09,1715,022093,,7,2,4,1503,0,1,3,,2,090,"SR-99 NORTHBOUND","CECIL AVENUE",50.00,S,N,A,-,Y,KER,,99," "," ",56.515,H,,R,Y,3,0,1,2,A,-,03,22350,,M,C,C,A,A,H,-,A,D,0,,,Y,,Y,,C,02,0,1,0,0,0,0,0,0,1,"- ","- ",35.775611877441406,-119.25225067138672,KERN,DELANO,-119.25228118896484,35.775604248046875
94609041,2024,2025-03-18,9830,2024-11-20,"722 ",022181,,3,1,9,1500,0,3,5,,2,001,"TEHACHAPI WILLOW SPRINGS ROAD","OAK CREEK ROAD",568.00,N,N,A,-,N,,,,,,,,,,Y,1,2,5,4,A,-,05,21460,,N,B,C,A,A,H,-,A,D,0,,,,,Y,,D,22,1,0,4,0,0,0,0,0,0,"- ","- ",35.051040649414062,-118.35578918457031,KERN,UNINCORPORATED,-118.36119079589844,35.052845001220703
94609058,2025,2025-04-25,9420,2025-03-13,1930,022740,,4,2,9,1500,0,1,3,,2,090,"SR-65 S/B","ORANGE GROVE AVE",1584.00,N,N,A,-,Y,KER,,65," "," ",18.817,H,,L,Y,3,0,1,1,A,-,11,21954,A,N,F,I,A,B,H,-,D,D,0,,,,,Y,,A,01,0,1,0,0,0,0,0,0,0,"- ","- ",35.7005615234375,-119.06266021728516,KERN,UNINCORPORATED,-119.06266021728516,35.7005615234375
94609747,2025,2025-03-18,9420,2025-03-04,1945,019316,,2,2,9,1500,0,2,4,,1,052,"ROBERTS LANE","WASHINGTON AVENUE",250.00,N,N,A,-,N,,,,,,,,,,Y,3,0,1,1,A,-,01,23152,A,N,E,I,A,A,H,-,D,D,0,,,,,Y,Y,A,01,0,1,0,0,0,0,0,0,0,"- ","- ",35.415699005126953,-119.05323791503906,KERN,UNINCORPORATED,-119.05250549316406,35.415283203125
94609751,2025,2025-03-18,9426,2025-03-07,"856 ",019442,,5,1,9,1500,0,3,5,,2,086,"WASCO AVE","LERDO HWY",0.00,,Y,A,-,N,,,,,,,,,,N,2,0,2,2,A,-,09,21802,A,N,D,C,A,A,H,-,A,A,0,,,,,Y,,A,01,1,0,1,0,0,0,0,0,0,"- ","- ",35.499988555908203,-119.33231353759766,KERN,UNINCORPORATED,-119.33230590820312,35.499988555908203
94609775,2025,2025-03-18,9420,2025-03-06,1640,016978,,4,2,9,1500,0,1,3,,2,223,"STATE ROUTE 223 (SR-223)","FAIRFAX ROAD",1584.00,W,N,B,-,Y,KER,,223," ",R,14.640,H,,R,Y,4,0,1,2,A,-,03,22350,,N,C,C,A,A,H,-,A,D,0,,,,,Y,,A,01,0,0,1,0,0,0,0,0,0,"- ","- ",35.208671569824219,-118.93858337402344,KERN,UNINCORPORATED,-118.93858337402344,35.208667755126953
94609827,2025,2025-03-18,9420,2025-03-08,2150,023079,,6,2,9,1500,0,1,3,,1,119,"OLD RIVER ROAD",SR-119,0.00,,Y,A,-,N,,,,,,,,,,N,4,0,1,3,A,-,01,23152,A,N,D,2,A,A,H,-,D,A,0,,,,,Y,Y,A,07,0,0,1,0,0,0,0,0,0,"- ","- ",35.267200469970703,-119.11006164550781,KERN,UNINCORPORATED,-119.11000061035156,35.267166137695312
94609832,2025,2025-03-18,9420,2025-03-09,2205,022355,,7,3,9,1500,0,3,5,,2,070,"FLOWER STREET","ROBINSON STREET",118.00,E,N,A,-,N,,,,,,,,,,Y,4,0,1,2,A,-,01,23152,A,N,C,C,A,A,H,-,C,D,0,,,,,Y,Y,A,01,0,0,1,0,0,0,0,0,0,"- ","- ",35.384349822998047,-118.98136901855469,KERN,UNINCORPORATED,-118.98145294189453,35.384300231933594
94609908,2025,2025-03-18,9420,2025-03-13,"845 ",019901,,4,1,9,1500,0,1,3,,2,094,"SR-99 N/B","MING AVE.",2112.00,S,N,B,C,Y,KER,,99," "," ",22.201,H,,R,Y,4,0,1,2,A,-,03,22350,,N,B,C,A,B,H,-,A,D,0,,,,,Y,,A,01,0,0,1,0,0,0,0,0,0,"- ","- ",35.333629608154297,-119.03954315185547,KERN,UNINCORPORATED,-119.03950500488281,35.333629608154297
94609973,2025,2025-03-18,9426,2025-03-11,"455 ",018023,,2,3,9,1500,0,1,3,,2,331,SR-33,"ELM AVE",5808.00,N,N,A,-,Y,KER,,33," "," ",30.869,H,,R,Y,3,0,1,2,A,-,06,21751,,N,D,C,A,A,H,-,D,D,0,,,,,Y,,D,22,0,1,0,0,0,0,0,0,0,"- ","- ",35.263740539550781,-119.60852813720703,KERN,UNINCORPORATED,-119.60858154296875,35.263713836669922
94609974,2025,2025-03-18,9830,2025-03-17,1530,019367,,1,2,9,1500,0,1,3,,1,022,"SR-58 E/B","BORAX RD.",2640.00,W,N,B,-,Y,KER,,58," ",R,139.279,H,,R,Y,3,0,1,2,A,-,08,22107,,N,B,C,A,A,H,-,A,D,0,,,,Y,Y,,A,07,0,1,0,0,0,0,0,0,0,"- ","- ",35.006721496582031,-117.71250915527344,KERN,UNINCORPORATED,-117.71250915527344,35.006660461425781
94609977,2025,2025-03-18,9420,2025-03-13,1458,022872,,4,2,9,1500,0,3,5,,2,610,"DR. MARTIN LUTHER KING JR BLVD","REESE AVE",95.00,S,N,C,-,N,,,,,,,,,,Y,4,0,1,3,A,-,08,22107,,N,B,2,A,B,H,-,A,D,0,,,,,Y,,A,01,0,0,1,0,0,0,0,0,0,"- ","- ",35.341400146484375,-118.98548889160156,KERN,UNINCORPORATED,-118.98544311523438,35.341449737548828
94611130,2025,2025-03-19,9420,2025-03-06,1532,021134,,4,2,9,1500,0,1,3,,1,184,SR-184,"MULLER RD",180.00,N,N,B,-,Y,KER,,184," "," ",6.108,H,,R,N,4,0,1,2,A,-,03,22350,,N,C,C,A,B,F,-,A,D,0,,,,,Y,,D,22,0,0,1,0,0,0,0,0,0,"- ","- ",35.325801849365234,-118.914306640625,KERN,UNINCORPORATED,-118.91431427001953,35.325801849365234
94611154,2025,2025-03-19,9420,2025-03-13,"250 ",021773,,4,3,9,1500,0,1,3,,1,176,"SR-178 W/B","MOUNT VERNON AVE",1954.00,E,N,B,C,Y,KER,,178," ",R,5.012,H,,L,N,4,0,1,1,A,-,08,22107,,N,E,I,A,B,H,-,D,D,0,,,,,Y,,A,01,0,0,1,0,0,0,0,0,0,"- ","- ",35.396190643310547,-118.96095275878906,KERN,UNINCORPORATED,-118.96096801757812,35.396286010742188
94611273,2025,2025-03-19,9830,2025-03-17,"748 ",017237,,1,1,9,1500,0,3,5,,2,001,"HIGHLINE RD","TUCKER RD.",290.00,W,N,B,-,N,,,,,,,,,,Y,3,0,1,2,A,-,03,22350,,N,C,C,A,A,H,-,A,A,0,,,,,Y,,D,22,0,1,0,0,0,0,0,0,0,"- ","- ",35.109420776367188,-118.46910858154297,KERN,UNINCORPORATED,-118.46878051757812,35.109451293945312
94611306,2025,2025-03-19,9830,2025-03-08,1552,019872,,6,2,9,1500,0,3,5,,2,002,"CLAYMINE ROAD","HILLCREST AVENUE",0.00,,Y,A,-,N,,,,,,,,,,N,4,0,1,2,A,-,05,21460,A,N,B,C,A,A,H,-,A,A,0,,,,,Y,,D,22,0,0,1,0,0,0,0,0,0,"- ","- ",35.026729583740234,-117.83138275146484,KERN,UNINCORPORATED,-117.83116912841797,35.027153015136719
94611395,2025,2025-03-19,9420,2025-03-13,1945,022701,,4,2,9,1500,0,3,5,,2,672,"DI GIORGIO ROAD",SR-184,180.00,W,N,B,-,N,,,,,,,,,,N,3,0,1,2,A,-,03,22350,,M,C,C,A,B,H,-,C,D,0,,,,,Y,,-,99,0,1,0,0,0,0,0,0,0,"- ","- ",35.252361297607422,-118.9151611328125,KERN,UNINCORPORATED,-118.91509246826172,35.252399444580078
94611736,2025,2025-03-20,9420,2025-03-04,1514,021144,,2,2,9,1500,0,2,4,,1,051,"AIRPORT DR.","EL TEJON AVENUE",0.00,,Y,A,-,N,,,,,,,,,,N,2,0,1,2,A,-,01,23152,A,F,G,B,B,A,H,-,A,A,0,Y,,,,Y,,A,08,1,0,0,0,1,0,0,0,0,"- ","- ",35.41802978515625,-119.03913879394531,KERN,UNINCORPORATED,-119.03916168212891,35.418067932128906
94611767,2025,2025-03-20,9420,2025-02-28,1355,019021,,5,1,6,1502,0,1,3,,2,093,"SR-99 S/B","CALIFORNIA AVE.",2112.00,N,N,B,-,Y,KER,,99," "," ",24.926,H,,L,N,4,0,1,2,A,-,08,22107,,N,B,C,A,A,H,-,A,D,0,,,,Y,Y,,-,"- ",0,0,1,0,0,0,0,0,0,"- ","- ",35.372600555419922,-119.04386138916016,KERN,BAKERSFIELD,-119.04380798339844,35.372611999511719
94611905,2025,2025-03-20,9420,2025-03-14,"820 ",019311,,5,1,9,1500,0,2,4,,1,075,"MCKEE RD","S. UNION AVE",0.00,,Y,B,C,N,,,,,,,,,,N,4,0,1,2,A,-,21,22106,,N,C,C,A,B,H,-,A,A,0,,,,,Y,,A,07,0,0,1,0,0,0,0,0,0,"- ","- ",35.274040222167969,-119.00325775146484,KERN,UNINCORPORATED,-119.00313568115234,35.274078369140625
94611909,2025,2025-03-20,9420,2025-03-14,"655 ",020409,,5,1,9,1500,0,2,4,,1,064,"OLIVE DR","AIRPORT DR",800.00,W,N,A,-,N,,,,,,,,,,Y,4,0,2,2,A,-,09,21804,A,N,D,C,A,B,H,-,C,D,0,,,,,Y,,A,01,0,0,2,0,0,0,0,0,0,"- ","- ",35.412319183349609,-119.04070281982422,KERN,UNINCORPORATED,-119.04177093505859,35.41229248046875
94612015,2025,2025-03-20,9420,2025-03-13,2155,023204,,4,2,9,1500,0,1,3,,2,584,"SOUTH UNION AVENUE","WHITE LANE",857.00,S,N,A,-,N,,,,,,,,,,N,2,0,1,2,A,-,11,21954,A,N,G,C,D,B,H,-,D,D,0,Y,,,,Y,,N,60,1,0,0,0,1,0,0,0,0,"- ","- ",35.315269470214844,-119.00298309326172,KERN,UNINCORPORATED,-119.00312805175781,35.315258026123047
94612135,2025,2025-03-20,9420,2025-03-16,"733 ",021981,,7,1,9,1500,0,1,3,,2,178,"STATE ROUTE 178","178 KER 40.50",1056.00,W,N,A,-,Y,KER,,178," ",R,40.330,H,,R,Y,3,0,1,1,A,-,08,22107,,N,F,I,A,A,H,-,A,D,0,,,,,Y,,D,22,0,1,0,0,0,0,0,0,0,"- ","- ",35.600540161132812,-118.50717926025391,KERN,UNINCORPORATED,-118.50712585449219,35.600467681884766
94612193,2025,2025-03-20,9420,2025-03-13,1800,022740,,4,2,9,1500,0,1,3,,2,090,"SR-99 S/B","WOOLLOMES AVE",5808.00,S,N,A,-,Y,KER,,99," "," ",53.405,H,,L,Y,4,0,1,3,A,-,08,22107,,N,D,2,A,B,H,-,A,D,0,,,,Y,Y,,A,07,0,0,1,0,0,0,0,0,0,"- ","- ",35.731781005859375,-119.23979187011719,KERN,UNINCORPORATED,-119.23979187011719,35.731781005859375
94612234,2025,2025-03-20,9420,2025-03-17,1339,023531,,1,1,9,1500,0,1,3,,2,179,"SR-178 W/B","ALTA VISTA WAY",528.00,W,N,C,-,Y,KER,,178," "," ",68.228,H,,L,Y,2,0,1,1,A,-,08,22107,,N,F,I,A,B,H,-,A,D,0,,,,,Y,,D,22,1,0,0,0,0,0,0,0,0,"- ","- ",35.725669860839844,-118.14881896972656,KERN,UNINCORPORATED,-118.14881134033203,35.725723266601562
94612355,2025,2025-03-20,9430,2025-03-09,"205 ",022533,,7,3,9,1500,0,1,1,,2,052,"I-5 N/B (GOLDEN STATE FREEWAY)","FORT TEJON RD. OVER CROSS",275.00,S,N,A,-,Y,KER,,5," "," ",4.965,H,,R,Y,3,0,2,1,A,-,01,23152,A,N,E,I,A,A,H,-,D,D,0,,,,,Y,Y,A,01,0,2,0,0,0,0,0,0,0,"- ","- ",34.876499176025391,-118.89396667480469,KERN,UNINCORPORATED,-118.89405059814453,34.876426696777344
94612672,2025,2025-03-21,9420,2025-03-12,1307,020409,,3,1,9,1500,0,2,4,,1,071,"MT VERNON AVE","FLOWER STREET",85.00,S,N,A,-,N,,,,,,,,,,Y,4,0,2,2,A,-,03,22350,,F,C,C,A,A,H,-,A,A,0,,,,,Y,,A,01,0,0,2,0,0,0,0,0,0,"- ","- ",35.38079833984375,-118.96737670898438,KERN,UNINCORPORATED,-118.96753692626953,35.3807373046875
94612754,2025,2025-03-21,9420,2025-03-13,"948 ",019901,,4,1,6,1502,0,1,3,,2,094,"SR-99 N/B","PANAMA LN.",500.00,N,N,B,C,Y,KER,,99," "," ",19.738,H,,R,Y,4,0,1,2,A,-,03,22350,,N,C,C,A,B,H,-,A,D,0,,,,,Y,,D,22,0,0,1,0,0,0,0,0,0,"- ","- ",35.298690795898438,-119.03105926513672,KERN,BAKERSFIELD,-119.0311279296875,35.298679351806641
94612767,2025,2025-03-21,9420,2025-03-14,2120,021144,,5,2,9,1500,0,1,3,,2,092,"SR-99 N/B","GILMORE AVE.",2000.00,N,N,C,-,Y,KER,,99," "," ",26.367,H,,R,Y,3,0,1,2,A,-,03,22350,,N,D,C,A,B,H,-,D,D,0,,,,,Y,,A,01,0,1,0,0,0,0,0,0,0,"- ","- ",35.393459320068359,-119.04450988769531,KERN,UNINCORPORATED,-119.04454803466797,35.393459320068359
94612917,2025,2025-03-21,9426,2025-03-19,"716 ",022015,,3,1,9,1500,0,1,3,,2,581,"STOCKDALE HWY","STOCKDALE HWY FROM I-5 S/B",0.00,,Y,A,-,N,,,,,,,,,,Y,4,0,2,2,A,-,09,21802,A,N,D,C,A,A,H,-,A,A,0,,,,,Y,,A,08,0,0,2,0,0,0,0,0,0,"- ","- ",35.354949951171875,-119.33805847167969,KERN,UNINCORPORATED,-119.33623504638672,35.354869842529297
94612927,2025,2025-03-21,9420,2025-03-02,2127,021845,,7,2,9,1500,0,1,3,,1,119,"TAFT HWY","CHEVALIER RD",170.00,E,N,B,C,Y,,,,,,,,,,Y,4,0,2,1,A,-,01,23152,A,N,E,I,A,B,H,-,D,D,0,,,,,Y,Y,A,01,0,0,2,0,0,0,0,0,0,"- ","- ",35.266899108886719,-119.01132202148438,KERN,UNINCORPORATED,-119.01136779785156,35.266841888427734
94612955,2025,2025-03-21,9420,2025-03-17,"850 ",021895,,1,1,9,1500,0,3,5,,2,070,"COLLEGE AVE","PICKWICK DRIVE",0.00,,Y,A,-,N,,,,,,,,,,N,3,0,2,2,A,-,09,21802,A,N,D,2,A,A,H,-,A,A,0,,,,,Y,,A,01,0,1,1,0,0,0,0,0,0,"- ","- ",35.383228302001953,-118.94705963134766,KERN,UNINCORPORATED,-118.94704437255859,35.383167266845703
94612966,2025,2025-03-21,9420,2025-03-17,1312,020782,,1,1,6,1502,0,1,3,,2,585,"SR-58 W/B","S. CHESTER AVENUE",1056.00,E,N,B,-,Y,KER,,58," ",R,53.812,H,,L,Y,4,0,1,2,A,-,03,22350,,N,C,C,A,A,H,-,A,D,0,,,,,Y,,A,01,0,0,1,0,0,0,0,0,0,"- ","- ",35.352619171142578,-119.01374816894531,KERN,BAKERSFIELD,-119.01374816894531,35.3526611328125
94612982,2025,2025-03-21,9420,2025-03-15,"553 ",020366,,6,3,9,1500,0,3,5,,2,630,"OLD RIVER ROAD","I-5 N/B TO OLD RIVER ROAD",0.00,,Y,A,-,N,,,,,,,,,,Y,4,0,2,2,A,-,09,21802,A,N,D,2,A,A,H,-,C,A,0,,,,,Y,,A,07,0,0,2,0,0,0,0,0,0,"- ","- ",35.162448883056641,-119.11039733886719,KERN,UNINCORPORATED,,
94612995,2025,2025-03-21,9420,2025-03-17,1330,019184,,1,1,9,1500,0,2,4,,1,072,"E. BRUNDAGE LN","FAIRFAX RD",115.00,W,N,C,-,N,,,,,,,,,,Y,3,0,2,3,A,-,09,21804,A,N,D,C,A,B,H,-,A,D,0,,,,,Y,,A,01,0,1,1,0,0,0,0,0,0,"- ","- ",35.354290008544922,-118.93258666992188,KERN,UNINCORPORATED,-118.93241882324219,35.354270935058594
94613045,2025,2025-03-21,9420,2025-03-11,1715,022093,,2,2,9,1500,0,1,3,,2,585,"SR-58 WESTBOUND","WIBLE ROAD",1056.00,E,N,A,-,Y,KER,,58," ",R,52.681,H,,L,Y,4,0,2,3,A,-,03,22350,,N,C,C,A,A,H,-,A,D,0,,,,,Y,,A,01,0,0,2,0,0,0,0,0,0,"- ","- ",35.352710723876953,-119.03373718261719,KERN,UNINCORPORATED,-119.03373718261719,35.352775573730469
94613242,2025,2025-03-24,9430,2025-03-15,1358,021296,,6,1,9,1500,0,1,1,,2,055,"I-5 N/B","LAVAL ROAD",1000.00,N,N,A,-,Y,KER,,5," "," ",14.971,H,,R,N,3,0,3,1,C,-,18,,,N,E,J,A,A,H,-,A,D,0,,,,,Y,,-,"- ",0,1,2,0,0,0,0,0,0,"- ","- ",35.006679534912109,-118.95153045654297,KERN,UNINCORPORATED,-118.95150756835938,35.006683349609375
94613381,2025,2025-03-24,9430,2025-03-16,"322 ",022405,,7,3,9,1500,0,1,1,,2,052,"I-5 S/B (GOLDEN STATE FREEWAY)","LEBEC SERVICE RD. OVER CROSS",300.00,S,N,A,-,Y,KER,,5," "," ",1.552,H,,L,Y,4,0,1,1,A,-,01,23152,A,N,B,I,A,A,H,-,D,D,0,,,,,Y,Y,-,"- ",0,0,1,0,0,0,0,0,0,"- ","- ",34.834941864013672,-118.86408996582031,KERN,UNINCORPORATED,-118.86417388916016,34.834991455078125
94613763,2025,2025-03-24,9420,2025-03-13,"237 ",023079,,4,3,9,1500,0,1,3,,2,092,"SR-99 NORTHBOUND","OLIVE DRIVE",950.00,N,N,B,C,Y,KER,,99," ",R,28.083,H,,R,Y,4,0,1,2,A,-,03,22350,,N,E,8,A,B,H,-,D,D,0,,,,Y,Y,,D,22,0,0,1,0,0,0,0,0,0,"- ","- ",35.414600372314453,-119.05742645263672,KERN,UNINCORPORATED,-119.05735015869141,35.414661407470703