CASE_ID,ACCIDENT_YEAR,PROC_DATE,JURIS,COLLISION_DATE,COLLISION_TIME,OFFICER_ID,REPORTING_DISTRICT,DAY_OF_WEEK,CHP_SHIFT,POPULATION,CNTY_CITY_LOC,SPECIAL_COND,BEAT_TYPE,CHP_BEAT_TYPE,CITY_DIVISION_LAPD,CHP_BEAT_CLASS,BEAT_NUMBER,PRIMARY_RD,SECONDARY_RD,DISTANCE,DIRECTION,INTERSECTION,WEATHER_1,WEATHER_2,STATE_HWY_IND,CALTRANS_COUNTY,CALTRANS_DISTRICT,STATE_ROUTE,ROUTE_SUFFIX,POSTMILE_PREFIX,POSTMILE,LOCATION_TYPE,RAMP_INTERSECTION,SIDE_OF_HWY,TOW_AWAY,COLLISION_SEVERITY,NUMBER_KILLED,NUMBER_INJURED,PARTY_COUNT,PRIMARY_COLL_FACTOR,PCF_CODE_OF_VIOL,PCF_VIOL_CATEGORY,PCF_VIOLATION,PCF_VIOL_SUBSECTION,HIT_AND_RUN,TYPE_OF_COLLISION,MVIW,PED_ACTION,ROAD_SURFACE,ROAD_COND_1,ROAD_COND_2,LIGHTING,CONTROL_DEVICE,CHP_ROAD_TYPE,PEDESTRIAN_ACCIDENT,BICYCLE_ACCIDENT,MOTORCYCLE_ACCIDENT,TRUCK_ACCIDENT,NOT_PRIVATE_PROPERTY,ALCOHOL_INVOLVED,STWD_VEHTYPE_AT_FAULT,CHP_VEHTYPE_AT_FAULT,COUNT_SEVERE_INJ,COUNT_VISIBLE_INJ,COUNT_COMPLAINT_PAIN,COUNT_PED_KILLED,COUNT_PED_INJURED,COUNT_BICYCLIST_KILLED,COUNT_BICYCLIST_INJURED,COUNT_MC_KILLED,COUNT_MC_INJURED,PRIMARY_RAMP,SECONDARY_RAMP,LATITUDE,LONGITUDE,COUNTY,CITY,POINT_X,POINT_Y
94677081,2025,2025-05-06,9830,2025-04-27,2025,024289,,7,2,9,1500,0,1,3,,2,021,"SR-58 W/B","25TH ST",655.00,W,N,A,-,Y,KER,,58," ",R,117.810,H,,L,Y,3,0,1,1,A,-,01,23152,A,N,E,I,A,A,H,-,D,D,0,,,,,Y,Y,A,01,0,1,0,0,0,0,0,0,0,"- ","- ",35.029720306396484,-118.08860778808594,KERN,UNINCORPORATED,-118.08858489990234,35.029830932617188
94677097,2025,2025-05-06,9830,2025-04-29,1514,024380,,2,2,9,1500,0,1,3,,1,040,"SR14 NORTHBOUND",CCB,1020.00,S,N,A,-,Y,,,,,,,,,,Y,3,0,1,1,A,-,08,22107,,N,F,A,A,A,H,-,A,D,0,,,,,Y,,A,01,0,1,0,0,0,0,0,0,0,"- ","- ",35.124698638916016,-118.12383270263672,KERN,UNINCORPORATED,,
94677110,2025,2025-05-06,9420,2025-04-23,1430,021667,,3,2,9,1500,0,3,5,,2,060,"NORRIS ROAD","QUAIL CREEK ROAD",0.00,,Y,A,-,N,,,,,,,,,,N,2,0,1,2,A,-,05,21650,,N,G,G,A,A,H,-,A,A,0,,Y,,,Y,,A,01,1,0,0,0,0,0,1,0,0,"- ","- ",35.41986083984375,-119.10121154785156,KERN,UNINCORPORATED,-119.10114288330078,35.419780731201172
94677353,2025,2025-05-06,9420,2025-05-01,"730 ",021895,,4,1,9,1500,0,1,3,,2,584,SR-58,"HUGHES LANE",300.00,E,N,A,-,Y,KER,,58," ",R,53.012,H,,L,Y,4,0,1,2,A,-,03,22350,,N,C,C,A,A,H,-,A,D,0,,,,,Y,,A,01,0,0,1,0,0,0,0,0,0,"- ","- ",35.352771759033203,-119.02790832519531,KERN,UNINCORPORATED,-119.02790832519531,35.352752685546875
94677356,2025,2025-05-06,9830,2025-04-30,"955 ",019883,,3,1,9,1500,0,1,2,,1,054,US-395,"GARLOCK RD.",4224.00,S,N,A,-,Y,KER,,395," "," ",4.441,H,,R,Y,4,0,1,1,A,-,08,22107,,N,E,I,A,A,H,-,A,D,0,,,,,Y,,A,07,0,0,1,0,0,0,0,0,0,"- ","- ",35.423370361328125,-117.67207336425781,KERN,UNINCORPORATED,-117.67216491699219,35.423351287841797
94677362,2025,2025-05-06,9420,2025-04-29,1530,019021,,2,2,6,1502,0,1,3,,2,093,"SR-99 SOUTHBOUND","KERN RIVER UNDERCROSSING (SOUTH EDGE)",35.00,N,N,A,-,Y,KER,,99," "," ",25.418,H,,L,Y,3,0,1,3,A,-,03,22350,,N,C,C,A,A,H,-,A,D,0,,,,,Y,,A,01,0,1,0,0,0,0,0,0,0,"- ","- ",35.379558563232422,-119.04463958740234,KERN,BAKERSFIELD,-119.04462432861328,35.379558563232422
94677455,2025,2025-05-06,9420,2025-04-23,1555,021134,,3,2,9,1500,0,2,4,,1,075,"S UNION AVE N/B","SHAFTER RD",35.00,N,N,A,-,N,,,,,,,,,,N,4,0,1,1,A,-,08,22107,,N,E,I,A,A,H,-,A,D,0,,,,,Y,,A,01,0,0,1,0,0,0,0,0,0,"- ","- ",35.223300933837891,-119.00312805175781,KERN,UNINCORPORATED,-119.00308990478516,35.223247528076172
94677490,2025,2025-05-06,9830,2025-04-28,1000,019367,,1,1,9,1500,0,1,3,,2,012,"SR-58 W/B","SAND CANYON RD.",845.00,W,N,A,-,Y,KER,,58," ",R,99.323,H,,L,Y,3,0,1,1,A,-,08,22107,,N,E,I,A,A,H,-,A,D,0,,,,,Y,,A,01,0,1,0,0,0,0,0,0,0,"- ","- ",35.110370635986328,-118.32582855224609,KERN,UNINCORPORATED,-118.32582855224609,35.110424041748047
94677569,2025,2025-05-06,9830,2025-05-02,"330 ",023400,,5,3,9,1500,0,2,4,,1,034,"ROSAMOND BLVD","70 ST WEST",1320.00,W,N,A,-,N,,,,,,,,,,Y,3,0,1,1,A,-,08,22107,,N,F,A,A,A,H,-,C,D,0,,,,,Y,,A,01,0,1,0,0,0,0,0,0,0,"- ","- ",34.863491058349609,-118.25852203369141,KERN,UNINCORPORATED,-118.26004791259766,34.863670349121094
94678233,2025,2025-05-07,9420,2025-04-27,1620,022882,,7,2,9,1500,0,1,3,,1,184,SR-184,"EDISON HIGHWAY",150.00,N,N,A,-,Y,KER,,184," "," ",8.386,H,,R,Y,4,0,1,2,A,-,01,23152,A,N,C,C,A,A,H,-,A,D,0,,,,,Y,Y,A,01,0,0,1,0,0,0,0,0,0,"- ","- ",35.358791351318359,-118.91422271728516,KERN,UNINCORPORATED,-118.91423797607422,35.358791351318359
94678235,2025,2025-05-07,9420,2025-05-01,1420,022083,,4,2,9,1500,0,1,3,,2,584,"CHESTER AVE","SOUTHGATE DR",0.00,,Y,B,-,N,,,,,,,,,,Y,4,0,1,2,A,-,09,21453,C,N,D,C,A,A,H,-,A,A,0,,,,,Y,,A,01,0,0,1,0,0,0,0,0,0,"- ","- ",35.335880279541016,-119.01647186279297,KERN,UNINCORPORATED,-119.01651000976562,35.335800170898438
94678348,2025,2025-05-07,9830,2025-05-02,1430,024436,,5,2,9,1500,0,2,4,,1,034,"ROSAMOND BLVD","EAGLE WAY",0.00,,Y,A,-,N,,,,,,,,,,Y,3,0,1,2,A,-,09,21801,A,N,D,C,A,A,H,-,A,A,0,,,Y,,Y,,A,08,0,1,0,0,0,0,0,0,1,"- ","- ",34.864280700683594,-118.17816925048828,KERN,UNINCORPORATED,-118.17819976806641,34.864173889160156
94678430,2025,2025-05-07,9420,2025-04-23,1635,021134,,3,2,9,1500,0,3,5,,2,672,"PANAMA RD","COTTONWOOD RD",0.00,,Y,A,-,N,,,,,,,,,,N,4,0,4,2,A,-,12,22450,A,N,D,C,A,A,H,-,A,A,0,,,,,Y,,A,01,0,0,4,0,0,0,0,0,0,"- ","- ",35.266849517822266,-118.98538208007812,KERN,UNINCORPORATED,-118.98532867431641,35.266876220703125
94678930,2025,2025-05-07,9420,2025-05-03,1235,022963,,6,1,9,1500,0,2,4,,1,075,"S UNION AVE","FAIRVIEW RD",0.00,,Y,B,-,N,,,,,,,,,,Y,4,0,1,2,A,-,12,21453,A,N,D,C,A,A,H,-,A,A,0,,,,,Y,,A,07,0,0,1,0,0,0,0,0,0,"- ","- ",35.303150177001953,-119.00299835205078,KERN,UNINCORPORATED,-119.00312805175781,35.303131103515625
94678979,2025,2025-05-07,9420,2025-05-01,1555,022740,,4,2,9,1500,0,3,5,,2,070,"E CALIFORNIA AVE","CHAMBERLAIN AVE",35.00,W,N,A,-,N,,,,,,,,,,N,4,0,1,2,A,-,03,22350,,N,C,C,A,A,H,-,A,A,0,,,,,Y,,D,22,0,0,1,0,0,0,0,0,0,"- ","- ",35.368511199951172,-118.97052001953125,KERN,UNINCORPORATED,-118.97042846679688,35.3685302734375
94678990,2025,2025-05-07,9420,2025-05-01,1710,022083,,4,2,9,1500,0,1,3,,2,585,"SR-58 W/B FROM UNION AVE S/B","UNION AVE",475.00,W,N,A,-,Y,KER,,58," ",R,54.309,H,,L,Y,4,0,1,2,A,-,03,22350,,N,C,C,A,A,H,-,A,A,0,,,,,Y,,A,01,0,0,1,0,0,0,0,0,0,"- ","- ",35.352741241455078,-119.00489807128906,KERN,UNINCORPORATED,-119.00489807128906,35.35260009765625
94679078,2025,2025-05-07,9420,2025-04-30,2338,021870,,3,3,9,1500,0,2,4,,1,075,"S UNION AVE","E SHAFTER AVE",920.00,S,N,A,-,N,,,,,,,,,,Y,4,0,1,1,A,-,08,22107,,N,E,I,A,A,H,-,D,D,0,,,,Y,Y,,F,25,0,0,1,0,0,0,0,0,0,"- ","- ",35.220310211181641,-119.00303649902344,KERN,UNINCORPORATED,-119.00308227539062,35.220516204833984
94679086,2025,2025-05-07,9420,2025-04-30,1850,022701,,3,2,9,1500,0,2,4,,1,072,"NILES ST.","VALENCIA DR.",200.00,E,N,A,-,N,,,,,,,,,,N,4,0,1,1,C,-,18,,,N,E,I,A,A,H,-,A,D,0,,,,,Y,,-,"- ",0,0,1,0,0,0,0,0,0,"- ","- ",35.376079559326172,-118.92440795898438,KERN,UNINCORPORATED,-118.92462921142578,35.376220703125
94679117,2025,2025-05-07,9420,2025-04-29,"703 ",019184,,2,1,6,1502,0,1,3,,2,095,SR-99,"PACHECO RD",1600.00,S,N,A,-,Y,KER,,99," "," ",20.145,H,,R,N,4,0,1,5,A,-,03,22350,,N,C,C,A,A,H,-,A,D,0,,,,Y,Y,,A,01,0,0,1,0,0,0,0,0,0,"- ","- ",35.304401397705078,-119.03278350830078,KERN,BAKERSFIELD,-119.03263092041016,35.304424285888672
9467916,2022,2023-02-14,1501,2022-08-27,1935,997,20,6,5,3,1501,0,0,0,,0,002,"OLSON WY","WALNUT DR",210.00,W,N,A,-,N,,,,,,,,,,N,4,0,1,1,A,-,08,22107,,F,B,C,A,A,H,-,A,D,0,,,,,Y,Y,-,99,0,0,1,0,0,0,0,0,0,"- ","- ",35.197189331054688,-118.83760070800781,KERN,ARVIN,-118.83757019042969,35.197151184082031
94680076,2025,2025-05-08,9420,2025-05-01,"715 ",016973,,4,1,6,1502,0,1,3,,2,092,"SR-99 N/B","PALM ST.",50.00,N,N,A,-,Y,KER,,99," "," ",24.125,H,,R,Y,3,0,2,2,A,-,07,21658,A,N,B,C,A,A,H,-,A,A,0,,,,,Y,,-,"- ",0,2,0,0,0,0,0,0,0,"- ","- ",35.361541748046875,-119.03948211669922,KERN,BAKERSFIELD,-119.03942108154297,35.361541748046875
94680098,2025,2025-06-26,9420,2025-05-02,"425 ",021632,,5,3,9,1500,0,2,4,,1,051,"MANOR STREET","ROBERTS LANE",10.00,N,N,A,-,N,,,,,,,,,,Y,2,0,1,1,A,-,08,22107,,N,E,8,A,A,H,-,D,D,0,,,,,Y,,D,22,1,0,0,0,0,0,0,0,0,"- ","- ",35.410621643066406,-119.01248931884766,KERN,UNINCORPORATED,-119.01235961914062,35.410415649414062
94680370,2025,2025-08-26,9420,2025-05-06,1405,022083,,2,2,9,1500,0,3,5,,2,050,"SHELDON DRIVE","WASHINGTON AVE",0.00,,Y,A,-,N,,,,,,,,,,Y,4,0,2,2,A,-,09,21800,B,N,D,C,A,A,H,-,A,D,0,,,,,Y,,D,22,0,0,2,0,0,0,0,0,0,"- ","- ",35.415500640869141,-119.04950714111328,KERN,UNINCORPORATED,-119.04951477050781,35.415504455566406
94680396,2025,2025-05-08,9426,2025-04-30,"45  ",018932,,3,3,9,1500,0,1,3,,2,581,SR-58,"SAN LUIS OBISPO COUNTY LINE",4752.00,E,N,A,-,Y,SLO,,58," ",D,1.801,H,,R,Y,3,0,2,1,A,-,08,22107,,N,F,I,A,A,H,-,D,D,0,,,,,Y,,-,"- ",0,2,0,0,0,0,0,0,0,"- ","- ",35.347599029541016,-119.81391906738281,KERN,UNINCORPORATED,-119.81417083740234,35.347591400146484
94680405,2025,2025-05-08,9426,2025-05-01,1629,019442,,4,2,9,1500,0,1,3,,2,330,"SR-33 S/B",SR-46,5280.00,N,N,A,-,Y,KER,,33," "," ",61.242,H,,L,Y,3,0,1,1,A,-,08,22107,,N,E,9,A,A,H,-,A,D,0,,,,,Y,,A,01,0,1,0,0,0,0,0,0,0,"- ","- ",35.629619598388672,-119.87779235839844,KERN,UNINCORPORATED,-119.87773132324219,35.629646301269531
94680465,2025,2025-05-08,9420,2025-04-27,2210,022732,,7,3,9,1500,0,3,5,,2,040,"OLD ALFRED HARRELL HWY","MCMANNUS ROAD",2112.00,W,N,A,-,N,,,,,,,,,,N,2,0,1,2,A,-,11,21954,A,N,G,B,E,A,H,-,D,D,0,Y,,,,Y,,N,60,1,0,0,0,1,0,0,0,0,"- ","- ",35.418941497802734,-118.95597839355469,KERN,UNINCORPORATED,,
94680526,2024,2025-05-08,9420,2024-12-27,2500,022355,,5,4,9,1500,0,2,4,,1,051,"ROBERTS LANE","BRANDON WAY",80.00,N,N,A,-,N,,,,,,,,,,N,1,1,0,2,A,-,11,21954,A,F,G,B,D,A,H,-,D,D,0,Y,,,,Y,,N,60,0,0,0,1,0,0,0,0,0,"- ","- ",35.414058685302734,-119.05107879638672,KERN,UNINCORPORATED,-119.05092620849609,35.414104461669922
94680701,2025,2025-05-08,9420,2025-05-07,1355,022740,,3,1,9,1500,0,3,5,,2,672,"STATE ROUTE 58 EASTBOUND TO COMANCHE DRIVE","COMANCHE DRIVE",0.00,,Y,A,-,N,,,,,,,,,,Y,3,0,1,2,A,-,09,21802,A,N,C,2,A,A,H,-,A,A,0,,,,,Y,,A,01,0,1,0,0,0,0,0,0,0,"- ","- ",35.337970733642578,-118.84317779541016,KERN,UNINCORPORATED,-118.84320068359375,35.33819580078125
94680795,2025,2025-05-08,9426,2025-05-04,"259 ",022535,,7,3,9,1500,0,1,1,,2,502,"I-5 S/B (WEST SIDE FWY)","BUTTONWILLOW DR",4224.00,N,N,A,-,Y,KER,,5," "," ",58.813,H,,L,Y,4,0,3,1,A,-,08,22107,,N,F,I,A,A,H,-,D,D,0,,,,,Y,,A,01,0,0,3,0,0,0,0,0,0,"- ","- ",35.463138580322266,-119.48554992675781,KERN,UNINCORPORATED,-119.48564910888672,35.463047027587891
94680850,2025,2025-05-08,9420,2025-04-29,2135,022674,,2,2,4,1503,0,1,3,,2,090,"STATE ROUTE 99 NORTHBOUND","POND ROAD",3854.00,N,N,A,-,Y,KER,,99," "," ",51.714,H,,R,Y,3,0,1,2,D,-,00,,,N,C,C,A,A,H,-,A,D,0,,,,,Y,,-,"- ",0,1,0,0,0,0,0,0,0,"- ","- ",35.707748413085938,-119.23394775390625,KERN,DELANO,-119.23397064208984,35.707748413085938
94681500,2025,2025-05-09,9426,2025-05-02,2010,022535,,5,2,9,1500,0,1,1,,2,502,"I-5 S/B","7TH STANDARD RD",6072.00,S,N,A,-,Y,KER,,5," "," ",55.486,H,,L,Y,4,0,1,2,A,-,01,23152,A,N,B,C,A,A,H,-,D,D,0,,,,Y,Y,Y,F,26,0,0,1,0,0,0,0,0,0,"- ","- ",35.43109130859375,-119.44175720214844,KERN,UNINCORPORATED,-119.44172668457031,35.431121826171875
94681674,2025,2025-05-09,9420,2025-04-30,1329,019901,,3,1,9,1500,0,1,3,,2,091,"SR-99 S/B","7TH STANDARD RD.",528.00,N,N,A,-,Y,KER,,99," ",R,30.680,H,,L,Y,4,0,1,1,A,-,08,22107,,N,E,I,A,A,H,-,A,D,0,,,,,Y,,A,01,0,0,1,0,0,0,0,0,0,"- ","- ",35.442710876464844,-119.0865478515625,KERN,UNINCORPORATED,-119.08652496337891,35.442737579345703
94682297,2025,2025-05-09,9420,2025-05-09,"610 ",020634,,5,1,9,1500,0,2,4,,1,075,"S. UNION AVE","DI GIORGIO RAD",100.00,S,N,A,-,N,,,,,,,,,,N,4,0,1,2,A,-,03,22350,,N,C,C,A,A,H,-,A,D,0,,,,,Y,,A,01,0,0,1,0,0,0,0,0,0,"- ","- ",35.251430511474609,-119.00302124023438,KERN,UNINCORPORATED,-119.00299835205078,35.251995086669922
94682323,2025,2025-05-09,9420,2025-05-01,2010,022701,,4,2,9,1500,0,1,3,,2,462,SR-46,SR-99,4920.00,W,N,A,-,Y,KER,,46," "," ",56.889,H,,R,Y,4,0,1,1,A,-,01,23152,A,N,E,8,A,A,H,-,D,D,0,,,,,Y,Y,A,07,0,0,1,0,0,0,0,0,0,"- ","- ",35.601871490478516,-119.22786712646484,KERN,UNINCORPORATED,-119.22786712646484,35.601943969726562
94683447,2025,2025-05-12,9430,2025-04-19,"522 ",022644,,6,3,9,1500,0,1,1,,2,053,"I-5 S/B","GRAPEVINE ROAD",15840.00,S,N,A,-,Y,KER,,5," "," ",7.214,H,,L,Y,2,0,1,2,A,-,03,22350,,N,C,C,A,A,H,-,D,D,0,,,,,Y,,A,01,1,0,0,0,0,0,0,0,0,"- ","- ",34.898040771484375,-118.92198944091797,KERN,UNINCORPORATED,-118.92198181152344,34.898044586181641
94683451,2025,2025-05-12,9430,2025-04-19,"524 ",022644,,6,3,9,1500,0,1,1,,2,053,"I-5 S/B","GRAPEVINE ROAD",15840.00,S,N,A,-,Y,KER,,5," "," ",7.217,H,,L,Y,4,0,2,3,A,-,03,22350,,N,C,C,A,A,H,-,D,D,0,,,,,Y,,D,22,0,0,2,0,0,0,0,0,0,"- ","- ",34.898078918457031,-118.9219970703125,KERN,UNINCORPORATED,-118.92200469970703,34.898078918457031
94683471,2025,2025-05-12,9420,2025-04-28,2141,022674,,1,2,9,1500,0,3,5,,2,510,"COUNTY LINE ROAD","ROAD 176",50.00,W,N,A,-,N,,,,,,,,,,Y,3,0,2,2,A,-,01,23152,A,N,A,C,A,A,H,-,D,D,0,,,,,Y,Y,A,01,0,1,1,0,0,0,0,0,0,"- ","- ",35.790561676025391,-119.17900848388672,KERN,UNINCORPORATED,,
94683485,2025,2025-05-12,9420,2025-05-02,1715,023229,,5,2,9,1500,0,2,4,,1,075,"SOUTH UNION AVE","FAIRVIEW ROAD",0.00,,Y,A,-,N,,,,,,,,,,Y,2,0,2,2,A,-,12,21453,A,N,D,2,A,A,H,-,A,A,0,,,,,Y,,D,22,1,0,1,0,0,0,0,0,0,"- ","- ",35.30316162109375,-119.00299072265625,KERN,UNINCORPORATED,-119.00312805175781,35.303131103515625
94683519,2025,2025-05-12,9430,2025-05-03,1509,021296,,6,2,9,1500,0,1,1,,2,051,"I-5 S/B","FRAZIER MOUNTAIN PARK RD",2110.00,S,N,A,-,Y,LA,,5," ",R,88.143,H,,L,Y,4,0,1,3,A,-,03,22350,,N,C,C,A,A,H,-,A,D,0,,,,Y,Y,,D,22,0,0,1,0,0,0,0,0,0,"- ","- ",34.811851501464844,-118.88472747802734,KERN,UNINCORPORATED,-118.88470458984375,34.811851501464844
94683535,2025,2025-05-12,9430,2025-05-04,"515 ",023145,,7,3,9,1500,0,3,5,,2,002,"HUDSON RANCH ROAD","CERRO NOROESTE RD",2165.00,W,N,A,-,N,,,,,,,,,,Y,3,0,1,1,A,-,08,22107,,N,E,I,A,A,H,-,D,D,0,,,,,Y,,A,07,0,1,0,0,0,0,0,0,0,"- ","- ",34.861301422119141,-119.21703338623047,KERN,UNINCORPORATED,-119.21573638916016,34.853263854980469
94683573,2025,2025-05-12,9430,2025-05-04,1205,018631,,7,1,9,1500,0,1,1,,2,053,"I-5 N/B","GRAPEVINE ROAD UNDERCROSSING",14256.00,S,N,B,-,Y,KER,,5," "," ",7.378,H,,R,Y,4,0,1,1,A,-,08,22107,,N,E,I,A,A,H,-,A,D,0,,,,,Y,,A,01,0,0,1,0,0,0,0,0,0,"- ","- ",34.900711059570312,-118.92247009277344,KERN,UNINCORPORATED,-118.92258453369141,34.90069580078125
94683724,2025,2025-05-12,9420,2025-04-23,2040,022305,,3,2,9,1500,0,1,3,,2,584,"PACHECO RD","GARBER WAY",0.00,,Y,A,-,N,,,,,,,,,,Y,3,0,2,2,A,-,01,23152,A,N,C,C,A,A,H,-,C,D,0,,,,,Y,Y,A,01,0,1,1,0,0,0,0,0,0,"- ","- ",35.310440063476562,-118.99864959716797,KERN,UNINCORPORATED,-118.99861907958984,35.310409545898438
94684208,2025,2025-05-12,9420,2025-05-05,2050,022923,,1,2,9,1500,0,1,3,,2,586,SR-223,"TOWER LINE ROAD",3696.00,E,N,A,-,N,,,,,,,,,,Y,3,0,1,1,A,-,08,22107,,N,E,I,A,A,H,-,D,D,0,,,,,Y,,A,01,0,1,0,0,0,0,0,0,0,"- ","- ",35.209159851074219,-118.79364776611328,KERN,UNINCORPORATED,-118.79391479492188,35.209239959716797
94684310,2025,2025-05-12,9420,2025-04-30,"830 ",016978,,3,1,9,1500,0,3,5,,2,671,"VARSITY AVENUE","COMANCHE DRIVE",0.00,,Y,A,-,N,,,,,,,,,,N,4,0,1,2,A,-,09,21802,A,N,D,C,A,A,H,-,A,A,0,,,,,Y,,A,01,0,0,1,0,0,0,0,0,0,"- ","- ",35.216331481933594,-118.84223175048828,KERN,UNINCORPORATED,-118.84226226806641,35.216289520263672
94684378,2025,2025-05-12,9420,2025-05-06,"615 ",016973,,2,1,6,1502,0,1,3,,2,092,"SR-99 N/B","KERN RIVER",1000.00,S,N,A,-,Y,KER,,99," "," ",25.165,H,,R,Y,3,0,2,2,A,-,07,21658,A,N,B,C,A,A,H,-,A,A,0,,,,,Y,,A,08,0,1,1,0,0,0,0,0,0,"- ","- ",35.376079559326172,-119.04431915283203,KERN,BAKERSFIELD,-119.04434204101562,35.376079559326172
94684496,2025,2025-05-12,9420,2025-05-07,1320,021895,,3,1,9,1500,0,2,4,,1,072,"BRUNADGE LANE","FAIRFAX RD",200.00,W,N,A,-,N,,,,,,,,,,N,3,0,1,2,D,-,00,,,N,D,C,A,A,H,-,A,D,0,,,,,Y,,-,"- ",0,1,0,0,0,0,0,0,0,"- ","- ",35.354278564453125,-118.93277740478516,KERN,UNINCORPORATED,-118.93270111083984,35.354270935058594
94685039,2025,2025-05-13,9420,2025-05-01,1350,021134,,4,1,9,1500,0,3,5,,2,671,"TEJON HWY","PANAMA RD",0.00,,Y,B,-,N,,,,,,,,,,Y,4,0,2,2,A,-,09,21802,A,N,D,C,A,A,H,-,A,A,0,,,,,Y,,A,01,0,0,2,0,0,0,0,0,0,"- ","- ",35.267391204833984,-118.824951171875,KERN,UNINCORPORATED,-118.82491302490234,35.267364501953125
94685045,2025,2025-05-13,9420,2025-04-24,"830 ",022093,,4,1,9,1500,0,3,5,,2,040,"HUFFT STREET","SKYLINE AVENUE",0.00,,Y,A,-,N,,,,,,,,,,N,4,0,1,2,A,-,09,21800,B,M,D,C,A,A,H,-,A,D,0,,,,,Y,,A,01,0,0,1,0,0,0,0,0,0,"- ","- ",35.398891448974609,-118.98626708984375,KERN,UNINCORPORATED,-118.98619079589844,35.398918151855469
94685601,2025,2025-05-13,9420,2025-04-22,"755 ",019311,,2,1,9,1500,0,3,5,,2,671,"VINELAND ROAD","BUENA VISTA BOULEVARD",0.00,,Y,A,-,N,,,,,,,,,,Y,3,0,3,3,A,-,12,22450,A,N,D,D,A,A,H,-,A,A,0,,,,,Y,,A,01,0,2,1,0,0,0,0,0,0,"- ","- ",35.237911224365234,-118.89620208740234,KERN,UNINCORPORATED,-118.89620208740234,35.237907409667969
94685677,2025,2025-05-13,9830,2025-05-03,1520,020866,,6,2,9,1500,0,3,5,,2,003,"BACKUS RD.","SOLEDAD RD",50.00,W,N,A,-,N,,,,,,,,,,N,4,0,1,2,A,-,08,22107,,N,C,C,A,A,H,-,A,D,0,,,,,Y,,B,07,0,0,1,0,0,0,0,0,0,"- ","- ",34.951950073242188,-118.15715789794922,KERN,UNINCORPORATED,-118.15666961669922,34.951976776123047
94685843,2025,2025-05-13,9420,2025-05-08,1220,016973,,4,1,6,1502,0,1,3,,2,094,"SR-99 S/B","PLANZ RD.",950.00,S,N,A,-,Y,KER,,99," "," ",21.427,H,,L,Y,3,0,2,3,A,-,03,22350,,N,C,C,A,A,H,-,A,D,0,,,,,Y,,A,01,0,1,1,0,0,0,0,0,0,"- ","- ",35.322528839111328,-119.03781127929688,KERN,BAKERSFIELD,-119.03765869140625,35.322555541992188
94686030,2025,2025-05-13,9426,2025-05-04,1235,019611,,7,1,9,1500,0,3,5,,2,087,"COPUS ROAD","SCHALLOCK RD",1478.00,E,N,A,-,N,,,,,,,,,,Y,3,0,1,1,A,-,08,22107,,N,F,I,A,A,H,-,A,D,0,,,,,Y,,A,01,0,1,0,0,0,0,0,0,0,"- ","- ",35.094570159912109,-119.09568023681641,KERN,UNINCORPORATED,-119.095703125,35.094642639160156
94687022,2025,2025-05-14,9420,2025-05-08,1440,023229,,4,2,9,1500,0,3,5,,2,070,"QUANTICO AVE","VIRGINIA AVE",0.00,,Y,A,-,Y,,,,,,,,,,Y,4,0,4,2,A,-,12,22450,A,N,D,C,A,A,H,-,A,A,0,,,,,Y,,D,22,0,0,4,0,0,0,0,0,0,"- ","- ",35.36138916015625,-118.95867156982422,KERN,UNINCORPORATED,-118.95861053466797,35.361351013183594
94687126,2025,2025-05-14,9420,2025-05-07,"230 ",023401,,3,3,9,1500,0,1,3,,2,584,"STATE ROUTE 58 E/B","S. CHESTER AVENUE",100.00,E,N,A,-,Y,KER,,58," ",R,53.545,H,,R,Y,2,0,1,2,A,-,01,23152,A,N,C,2,A,A,H,-,D,D,0,,,,,Y,Y,D,22,1,0,0,0,0,0,0,0,0,"- ","- ",35.352378845214844,-119.01846313476562,KERN,UNINCORPORATED,-119.01846313476562,35.352397918701172
94687403,2025,2025-05-14,9420,2025-05-08,1700,023229,,4,2,9,1500,0,2,4,,1,072,"EDISON HWY","OSWELL STREET",1161.00,W,N,A,-,N,,,,,,,,,,Y,4,0,2,4,A,-,03,22350,,N,C,C,A,A,H,-,A,D,0,,,,,Y,,A,07,0,0,2,0,0,0,0,0,0,"- ","- ",35.367919921875,-118.95426177978516,KERN,UNINCORPORATED,-118.95059204101562,35.366970062255859
94687586,2025,2025-05-14,9420,2025-05-07,2115,022415,,3,2,9,1500,0,2,4,,1,052,"ROBERTS LANE","SEQUOIA DRIVE",50.00,W,N,A,-,N,,,,,,,,,,N,4,0,1,2,A,-,09,21801,A,N,D,C,A,A,H,-,C,D,0,,,,,Y,,A,01,0,0,1,0,0,0,0,0,0,"- ","- ",35.40869140625,-119.03462219238281,KERN,UNINCORPORATED,-119.03428649902344,35.408618927001953