CASE_ID,ACCIDENT_YEAR,PROC_DATE,JURIS,COLLISION_DATE,COLLISION_TIME,OFFICER_ID,REPORTING_DISTRICT,DAY_OF_WEEK,CHP_SHIFT,POPULATION,CNTY_CITY_LOC,SPECIAL_COND,BEAT_TYPE,CHP_BEAT_TYPE,CITY_DIVISION_LAPD,CHP_BEAT_CLASS,BEAT_NUMBER,PRIMARY_RD,SECONDARY_RD,DISTANCE,DIRECTION,INTERSECTION,WEATHER_1,WEATHER_2,STATE_HWY_IND,CALTRANS_COUNTY,CALTRANS_DISTRICT,STATE_ROUTE,ROUTE_SUFFIX,POSTMILE_PREFIX,POSTMILE,LOCATION_TYPE,RAMP_INTERSECTION,SIDE_OF_HWY,TOW_AWAY,COLLISION_SEVERITY,NUMBER_KILLED,NUMBER_INJURED,PARTY_COUNT,PRIMARY_COLL_FACTOR,PCF_CODE_OF_VIOL,PCF_VIOL_CATEGORY,PCF_VIOLATION,PCF_VIOL_SUBSECTION,HIT_AND_RUN,TYPE_OF_COLLISION,MVIW,PED_ACTION,ROAD_SURFACE,ROAD_COND_1,ROAD_COND_2,LIGHTING,CONTROL_DEVICE,CHP_ROAD_TYPE,PEDESTRIAN_ACCIDENT,BICYCLE_ACCIDENT,MOTORCYCLE_ACCIDENT,TRUCK_ACCIDENT,NOT_PRIVATE_PROPERTY,ALCOHOL_INVOLVED,STWD_VEHTYPE_AT_FAULT,CHP_VEHTYPE_AT_FAULT,COUNT_SEVERE_INJ,COUNT_VISIBLE_INJ,COUNT_COMPLAINT_PAIN,COUNT_PED_KILLED,COUNT_PED_INJURED,COUNT_BICYCLIST_KILLED,COUNT_BICYCLIST_INJURED,COUNT_MC_KILLED,COUNT_MC_INJURED,PRIMARY_RAMP,SECONDARY_RAMP,LATITUDE,LONGITUDE,COUNTY,CITY,POINT_X,POINT_Y
94695784,2025,2025-05-21,9420,2025-05-14,2038,021144,,3,2,9,1500,0,2,4,,1,051,"OILDALE DR.","BELLE AVE.",160.00,N,N,A,-,N,,,,,,,,,,Y,2,0,1,2,A,-,05,21460,,N,D,2,A,A,H,-,C,D,0,,,Y,,Y,,C,02,1,0,0,0,0,0,0,0,1,"- ","- ",35.410938262939453,-119.02999877929688,KERN,UNINCORPORATED,-119.02997589111328,35.410877227783203
94696116,2025,2025-05-21,9420,2025-05-20,2240,021870,,2,3,9,1500,0,3,5,,2,040,"BERNARD STREET","INYO STREET",92.00,E,N,A,-,N,,,,,,,,,,Y,3,0,2,4,A,-,08,22107,,N,B,E,A,A,H,-,C,D,0,,,,,Y,,A,01,0,1,1,0,0,0,0,0,0,"- ","- ",35.390178680419922,-118.99273681640625,KERN,UNINCORPORATED,-118.99284362792969,35.390224456787109
94697211,2025,2025-05-22,9420,2025-05-21,"518 ",021632,,3,3,9,1500,0,1,3,,2,585,"STATE ROUTE 58 WESTBOUND","WIBLE ROAD",555.00,E,N,A,-,Y,KER,,58," ",R,52.502,H,,L,Y,4,0,2,2,A,-,03,22350,,N,C,C,A,A,H,-,B,D,0,,,,,Y,,D,22,0,0,2,0,0,0,0,0,0,"- ","- ",35.352851867675781,-119.03690338134766,KERN,UNINCORPORATED,-119.03690338134766,35.352787017822266
94697232,2025,2025-05-22,9426,2025-05-19,"505 ",022535,,1,3,9,1500,0,1,1,,2,502,"I-5 N/B (WEST SIDE FWY)","LERDO HWY",1584.00,N,N,A,-,Y,KER,,5," "," ",62.890,H,,R,Y,4,0,1,3,A,-,03,22350,,N,C,C,A,A,H,-,B,D,0,,,,Y,Y,,A,08,0,0,1,0,0,0,0,0,0,"- ","- ",35.503421783447266,-119.53833770751953,KERN,UNINCORPORATED,-119.53833770751953,35.503421783447266
94697286,2025,2025-05-22,9830,2025-05-17,"255 ",023045,,6,3,9,1500,0,1,3,,2,021,SR-58,"CLAYMINE RD",200.00,W,N,A,-,Y,KER,,58," ",R,131.988,H,,R,Y,4,0,1,2,A,-,03,22350,,N,C,D,A,A,H,-,C,D,0,,,,Y,Y,,G,25,0,0,1,0,0,0,0,0,0,"- ","- ",35.006671905517578,-117.84049987792969,KERN,UNINCORPORATED,-117.84049224853516,35.006740570068359
94697521,2025,2025-05-22,9420,2025-05-21,1700,021144,,3,2,9,1500,0,2,4,,1,052,"ROBERTS LN.","OILDALE DR.",400.00,W,N,A,-,N,,,,,,,,,,N,4,0,1,2,A,-,03,22350,,M,C,C,A,A,H,-,A,D,0,,,,,Y,,D,22,0,0,1,0,0,0,0,0,0,"- ","- ",35.408580780029297,-119.03076171875,KERN,UNINCORPORATED,-119.03128814697266,35.40863037109375
94697526,2025,2025-05-22,9420,2025-05-18,"935 ",020634,,7,1,9,1500,0,1,3,,2,092,"SR-99 NB TO CALIFORNIA AVE","CALIFORNIA AVENUE",6.00,S,N,A,-,Y,,,,,,,,,,N,4,0,1,2,D,-,00,,,N,G,B,B,A,H,-,A,A,0,Y,,,,Y,,-,"- ",0,0,1,0,1,0,0,0,0,"- ","- ",35.368400573730469,-119.04022216796875,KERN,UNINCORPORATED,-119.04195404052734,35.368343353271484
94697610,2025,2025-05-22,9420,2025-05-15,2335,022774,,4,3,9,1500,0,1,3,,2,091,"SR-99 S/B",SR-46,3010.00,S,N,A,-,Y,KER,,99," ",R,43.677,H,,L,Y,3,0,1,2,A,-,08,22107,,N,C,C,A,A,H,-,D,D,0,,,,Y,Y,,A,01,0,1,0,0,0,0,0,0,0,"- ","- ",35.593410491943359,-119.208740234375,KERN,UNINCORPORATED,-119.20871734619141,35.593421936035156
94698668,2025,2025-05-23,9420,2025-05-09,1535,022740,,5,2,9,1500,0,1,3,,2,091,"SR-99 S/B",SR-46,1056.00,N,N,A,-,Y,KER,,99," "," ",44.516,H,,L,Y,3,0,2,3,A,-,03,22350,,N,C,2,A,A,H,-,A,D,0,,,,,Y,,A,08,0,1,1,0,0,0,0,0,0,"- ","- ",35.605060577392578,-119.21189117431641,KERN,UNINCORPORATED,-119.21192169189453,35.605060577392578
94698727,2025,2025-05-23,9420,2025-05-13,1930,021845,,2,2,9,1500,0,3,5,,2,610,"TERRACE WAY","BROOKHAVEN DR,",0.00,,Y,A,-,N,,,,,,,,,,N,3,0,1,2,A,-,03,22350,,N,C,C,A,A,H,-,A,D,0,,,,,Y,,M,96,0,1,0,0,0,0,0,0,0,"- ","- ",35.350349426269531,-119.02751159667969,KERN,UNINCORPORATED,-119.02747344970703,35.350326538085938
94698754,2025,2025-05-23,9430,2025-05-11,"335 ",022644,,7,3,9,1500,0,1,A,,2,711,"CALIFORNIA AQUEDUCT ACCESS ROAD","SR-166 (MARICOPA HIGHWAY)",100.00,S,N,A,-,N,,,,,,,,,,Y,3,0,1,1,A,-,13,22515,A,N,H,A,A,A,H,-,D,D,0,,,,,Y,,D,22,0,1,0,0,0,0,0,0,0,"- ","- ",35.058609008789062,-119.09129333496094,KERN,UNINCORPORATED,-119.40094757080078,35.058429718017578
94698871,2025,2025-05-23,9420,2025-05-16,1255,019140,,5,1,9,1500,0,1,3,,2,155,"STATE ROUTE 155","SAWMILL ROAD",8448.00,E,N,A,-,Y,KER,,155," "," ",68.153,H,,R,Y,4,0,1,1,A,-,03,22350,,N,E,I,A,A,H,-,A,D,0,,,,,Y,,A,07,0,0,1,0,0,0,0,0,0,"- ","- ",35.660301208496094,-118.47550964355469,KERN,UNINCORPORATED,-118.47549438476562,35.6602783203125
94699062,2025,2025-05-23,9420,2025-05-19,1948,021667,,1,2,9,1500,0,2,4,,2,062,"ROSEDALE HIGHWAY","LONE OAK",0.00,,Y,A,-,N,,,,,,,,,,N,3,0,2,2,A,-,09,21801,A,N,D,C,A,A,H,-,A,D,0,,,,,Y,,D,22,0,1,1,0,0,0,0,0,0,"- ","- ",35.383579254150391,-119.13160705566406,KERN,UNINCORPORATED,-119.13153076171875,35.383590698242188
94699165,2025,2025-05-23,9420,2025-05-22,"535 ",020366,,4,3,9,1500,0,3,5,,2,671,"PANAMA ROAD","TOWER LINE ROAD",1815.00,W,N,A,-,N,,,,,,,,,,Y,4,0,1,1,A,-,08,22107,,N,F,C,A,A,H,-,A,D,0,,,,,Y,,D,22,0,0,1,0,0,0,0,0,0,"- ","- ",35.267391204833984,-118.81317138671875,KERN,UNINCORPORATED,-118.8131103515625,35.267452239990234
94699182,2025,2025-05-23,9420,2025-05-22,"844 ",018607,,4,1,9,1500,0,3,5,,2,060,"ALLEN RD","SANTE FE WAY",0.00,,Y,A,-,N,,,,,,,,,,Y,4,0,1,2,A,-,12,21453,A,N,D,C,A,A,H,-,A,A,0,,,,,Y,,D,22,0,0,1,0,0,0,0,0,0,"- ","- ",35.397590637207031,-119.14575958251953,KERN,UNINCORPORATED,-119.14591979980469,35.396568298339844
94700487,2025,2025-05-26,9430,2025-05-22,"840 ",021296,,4,1,9,1500,0,1,1,,2,053,"I-5 S/B","GRAPEVINE ROAD",1000.00,S,N,A,-,Y,KER,,5," "," ",9.901,H,,L,Y,4,0,1,2,A,-,03,22350,,N,C,C,A,A,D,-,A,A,0,,,,,Y,,D,22,0,0,1,0,0,0,0,0,0,"- ","- ",34.935161590576172,-118.93083953857422,KERN,UNINCORPORATED,-118.93080902099609,34.935157775878906
94700488,2025,2025-05-26,9430,2025-05-13,2128,022345,,2,2,9,1500,0,2,4,,1,021,"CUDDY VALLEY RD","DARLING AVE",568.00,E,N,A,-,N,,,,,,,,,,N,3,0,2,2,A,-,08,22107,,N,A,2,A,A,H,-,D,D,0,,,,,Y,,A,07,0,2,0,0,0,0,0,0,0,"- ","- ",34.838489532470703,-119.05007934570312,KERN,UNINCORPORATED,-119.05015563964844,34.838504791259766
94700508,2025,2025-05-26,9430,2025-05-23,1350,022087,,5,1,9,1500,0,1,1,,2,054,"I-5 N/B (GOLDEN STATE FREEWAY)","GRAPEVINE RD",40.00,N,N,A,-,Y,KER,,5," "," ",10.176,H,,R,N,4,0,1,2,A,-,07,21658,A,N,E,A,A,A,H,-,A,D,0,,,,,Y,,A,07,0,0,1,0,0,0,0,0,0,"- ","- ",34.939460754394531,-118.92964172363281,KERN,UNINCORPORATED,-118.92973327636719,34.939418792724609
94701067,2025,2025-05-27,9420,2025-05-12,"843 ",022806,,1,1,9,1500,0,1,3,,2,584,"SR-58 E/B TO MOUNT VERNON","MOUNT VERNON",20.00,W,N,A,-,Y,,,,,,,,,,N,4,0,2,2,A,-,03,22350,,F,C,C,A,A,H,-,A,A,0,,,,,Y,,A,01,0,0,2,0,0,0,0,0,0,"- ","- ",35.352470397949219,-118.96782684326172,KERN,UNINCORPORATED,-118.96540069580078,35.352890014648438
94701660,2025,2025-05-27,9420,2025-05-09,"550 ",019311,,5,3,9,1500,0,3,5,,2,672,"RANCHO ROAD","DAVID ROAD",4541.00,N,N,A,-,N,,,,,,,,,,Y,2,0,3,2,A,-,05,21650,,N,A,C,A,A,H,-,A,D,0,,,,Y,Y,,A,01,3,0,0,0,0,0,0,0,0,"- ","- ",35.10504150390625,-118.85054016113281,KERN,UNINCORPORATED,-118.84652709960938,35.092750549316406
94701677,2025,2025-05-27,9420,2025-05-18,"510 ",023079,,7,3,9,1500,0,1,3,,1,119,"SR-119 EASTBOUND","RT 5",6864.00,E,N,A,-,N,,,,,,,,,,Y,3,0,1,2,A,-,03,22350,,N,C,C,A,A,H,-,D,D,0,,,,,Y,,A,08,0,1,0,0,0,0,0,0,0,"- ","- ",35.267101287841797,-119.20060729980469,KERN,UNINCORPORATED,,
94702028,2025,2025-05-27,9420,2025-03-24,"751 ",019311,,1,1,9,1500,0,3,5,,2,510,"STRADLEY AVENUE","PETERSON ROAD",0.00,,Y,A,-,N,,,,,,,,,,Y,1,1,0,2,A,-,03,22350,,N,D,C,A,A,H,-,A,A,0,,,,Y,Y,,A,01,0,0,0,0,0,0,0,0,0,"- ","- ",35.703330993652344,-119.25855255126953,KERN,UNINCORPORATED,-119.25852203369141,35.703289031982422
94702165,2025,2025-05-27,9420,2025-03-10,"0   ",023079,,1,3,9,1500,0,3,5,,2,671,"PANAMA ROAD","FAIRFAX ROAD",6600.00,W,N,A,-,N,,,,,,,,,,N,1,1,1,1,A,-,08,22107,,N,E,8,A,A,H,-,D,D,0,,,,,Y,,A,01,0,0,1,0,0,0,0,0,0,"- ","- ",35.266990661621094,-118.95423126220703,KERN,UNINCORPORATED,-118.95420837402344,35.266910552978516
94702267,2025,2025-07-15,9426,2025-05-13,1645,016315,,2,2,9,1500,0,1,3,,1,118,"SR-119 (TAFT HIGHWAY)","TUPMAN ROAD",2640.00,E,N,B,-,Y,KER,,119," "," ",15.338,H,,R,Y,1,1,3,3,A,-,08,22107,,N,A,C,A,A,H,-,A,D,0,,,,Y,Y,Y,A,07,0,3,0,0,0,0,0,0,0,"- ","- ",35.267551422119141,-119.30255889892578,KERN,UNINCORPORATED,-119.30256652832031,35.267597198486328
94702268,2025,2025-05-27,9420,2025-05-02,1935,023259,,5,2,6,1502,0,2,4,,1,072,"MOUNT VERNON AVE","NILES ST",330.00,S,N,A,-,N,,,,,,,,,,N,4,0,1,2,A,-,09,21804,A,N,H,G,A,A,H,-,B,D,0,,Y,,,Y,,A,01,0,0,1,0,0,0,1,0,0,"- ","- ",35.375320434570312,-118.96733856201172,KERN,BAKERSFIELD,-118.96758270263672,35.375503540039062
9470275,2023,2023-09-13,1506,2023-08-31,1045,9998,35,4,5,4,1506,0,0,0,,0,,"S DOWNS ST","W CHURCH AV",0.00,,Y,A,-,N,,,,,,,,,,Y,4,0,1,2,A,-,09,21804,,N,D,C,A,A,H,-,A,A,0,,,,,Y,,A,01,0,0,1,0,0,0,0,0,0,"- ","- ",35.618881225585938,-117.68784332275391,KERN,RIDGECREST,-117.68782806396484,35.618885040283203
94703349,2025,2025-05-28,9420,2025-05-19,"715 ",021895,,1,1,9,1500,0,2,4,,1,052,"CHINA GRADE LOOP","TANKER RD",150.00,W,N,A,-,N,,,,,,,,,,Y,2,0,3,2,A,-,03,22350,,N,A,2,A,A,H,-,A,D,0,,,,,Y,,D,22,2,1,0,0,0,0,0,0,0,"- ","- ",35.4268798828125,-118.99311828613281,KERN,UNINCORPORATED,-118.99272155761719,35.426856994628906
94703363,2025,2025-05-28,9420,2025-05-15,1210,020366,,4,1,9,1500,0,1,3,,2,097,"SR-99 S/B","HOUGHTON ROAD",265.00,N,N,A,-,Y,KER,,99," "," ",15.485,H,,L,Y,3,0,6,2,A,-,03,22350,,N,C,C,A,A,H,-,A,D,0,,,,Y,Y,,A,01,0,2,4,0,0,0,0,0,0,"- ","- ",35.23828125,-119.01557922363281,KERN,UNINCORPORATED,-119.01560211181641,35.238277435302734
94703465,2025,2025-05-28,9420,2025-05-18,"600 ",023446,,7,1,9,1500,0,1,3,,1,184,SR-184,"MILLS DRIVE",84.00,N,N,A,-,N,,,,,,,,,,Y,3,0,1,2,A,-,01,23152,A,N,C,2,A,A,H,-,A,D,0,,,,,Y,Y,A,01,0,1,0,0,0,0,0,0,0,"- ","- ",35.361961364746094,-118.91432952880859,KERN,UNINCORPORATED,-118.91428375244141,35.361888885498047
94703612,2025,2025-05-28,9420,2025-05-21,2225,022153,,3,3,9,1500,0,3,5,,2,060,"GOLDEN STATE HIGHWAY","SNOW ROAD",2429.00,N,N,A,-,N,,,,,,,,,,Y,3,0,1,1,A,-,01,23152,A,N,E,I,A,A,H,-,D,D,0,,,,,Y,Y,A,01,0,1,0,0,0,0,0,0,0,"- ","- ",35.431568145751953,-119.07440948486328,KERN,UNINCORPORATED,-119.07427215576172,35.431514739990234
94703681,2025,2025-05-28,9420,2025-05-12,1620,019316,,1,2,9,1500,0,1,3,,2,462,SR-46,"BEECH AVENUE",5280.00,E,N,A,-,Y,KER,,46," "," ",56.243,H,,R,Y,3,0,2,2,A,-,01,23152,A,N,A,C,A,A,H,-,A,D,0,,,,,Y,Y,A,01,0,2,0,0,0,0,0,0,0,"- ","- ",35.601890563964844,-119.24063873291016,KERN,UNINCORPORATED,-119.24063873291016,35.601890563964844
94703698,2025,2025-05-28,9420,2025-05-25,"652 ",020634,,7,1,9,1500,0,3,5,,2,070,"FLOWER STREET","WILLIAMS STREET",0.00,,Y,A,-,N,,,,,,,,,,N,4,0,1,2,A,-,09,21802,A,M,D,C,A,A,H,-,A,A,0,,,,,Y,,-,99,0,0,1,0,0,0,0,0,0,"- ","- ",35.382881164550781,-118.97564697265625,KERN,UNINCORPORATED,-118.97567749023438,35.3829345703125
94703714,2025,2025-05-28,9420,2025-05-15,1510,022083,,4,2,6,1502,0,1,3,,2,093,SR-99,"ROSEDALE HWY",270.00,S,N,A,-,Y,KER,,99," "," ",25.593,H,,R,Y,3,0,1,3,A,-,08,22107,,N,B,C,A,A,H,-,A,D,0,,,,Y,Y,,A,01,0,1,0,0,0,0,0,0,0,"- ","- ",35.382228851318359,-119.04451751708984,KERN,BAKERSFIELD,-119.04440307617188,35.382228851318359
94703732,2025,2025-05-28,9420,2025-05-18,1120,022963,,7,1,6,1502,0,1,3,,2,584,"SR-58 W/B",SR-184,2210.00,W,N,A,-,Y,KER,,58," ",R,59.029,H,,L,N,4,0,4,2,A,-,07,21658,A,N,B,C,A,A,H,-,A,D,0,,,,Y,Y,,-,"- ",0,0,4,0,0,0,0,0,0,"- ","- ",35.3525390625,-118.92147827148438,KERN,BAKERSFIELD,-118.92147827148438,35.352519989013672
94703755,2025,2025-05-28,9420,2025-05-23,1035,020634,,5,1,9,1500,0,3,5,,2,050,"OLIVE DRIVE","STATE RD",30.00,E,N,A,-,N,,,,,,,,,,N,4,0,1,3,A,-,03,22350,,N,C,C,A,A,H,-,A,A,0,,,,,Y,,D,22,0,0,1,0,0,0,0,0,0,"- ","- ",35.412380218505859,-119.052490234375,KERN,UNINCORPORATED,-119.05271148681641,35.412261962890625
94703779,2025,2025-05-28,9420,2025-05-22,1335,022740,,4,1,9,1500,0,3,5,,2,070,"EDISON HWY","FAIRFAX FRONTAGE RD W",20.00,E,N,A,-,N,,,,,,,,,,Y,4,0,2,2,A,-,09,21453,B,N,D,C,A,A,H,-,A,A,0,,,,,Y,,A,01,0,0,2,0,0,0,0,0,0,"- ","- ",35.362461090087891,-118.93183898925781,KERN,UNINCORPORATED,,
94703788,2025,2025-05-28,9420,2025-05-23,1940,022083,,5,2,9,1500,0,2,4,,1,052,"NORRIS RD","PEGASUS DR",0.00,,Y,A,-,N,,,,,,,,,,N,3,0,1,2,A,-,12,21453,A,N,D,C,A,A,H,-,B,A,0,,,,,Y,,A,01,0,1,0,0,0,0,0,0,0,"- ","- ",35.42041015625,-119.05861663818359,KERN,UNINCORPORATED,-119.05865478515625,35.420425415039062
94703843,2025,2025-05-28,9420,2025-05-23,2235,022774,,5,3,9,1500,0,2,4,,2,062,"ROSEDALE HIGHWAY","STAGECOACH STREET",470.00,W,N,A,-,Y,,,,,,,,,,Y,4,0,1,2,A,-,08,22107,,N,D,C,A,A,H,-,D,D,0,,,,,Y,,A,07,0,0,1,0,0,0,0,0,0,"- ","- ",35.383499145507812,-119.20387268066406,KERN,UNINCORPORATED,-119.20375823974609,35.383468627929688
94703866,2025,2025-05-28,9420,2025-05-25,2057,023259,,7,2,9,1500,0,3,5,,2,671,"EDISON RD","DI GIORGIO RD",50.00,N,N,A,-,N,,,,,,,,,,N,4,0,1,2,A,-,03,22350,,N,C,C,A,A,H,-,C,D,0,,,,,Y,,A,01,0,0,1,0,0,0,0,0,0,"- ","- ",35.252750396728516,-118.87841796875,KERN,UNINCORPORATED,-118.87839508056641,35.252696990966797
94704058,2025,2025-05-28,9420,2025-05-19,1420,021134,,1,2,9,1500,0,1,3,,2,096,"SR-99 N/B","DAVID RD",3355.00,N,N,A,-,Y,KER,,99," "," ",5.983,H,,R,Y,4,0,1,2,A,-,03,22350,,N,C,C,A,A,H,-,A,D,0,,,,,Y,,A,01,0,0,1,0,0,0,0,0,0,"- ","- ",35.103458404541016,-118.98224639892578,KERN,UNINCORPORATED,-118.98219299316406,35.103473663330078
94704873,2025,2025-05-29,9420,2025-05-21,1140,019311,,3,1,9,1500,0,3,5,,2,520,"ELMO HWY","MELCHER RD",900.00,E,N,A,-,N,,,,,,,,,,N,4,0,1,2,A,-,03,22350,,N,B,E,A,A,H,-,A,D,0,,,,,Y,,A,07,0,0,1,0,0,0,0,0,0,"- ","- ",35.688861846923828,-119.2757568359375,KERN,UNINCORPORATED,-119.27339172363281,35.688770294189453
94704920,2025,2025-05-29,9430,2025-05-22,"500 ",018681,,4,3,9,1500,0,3,5,,2,004,"RANCHO ROAD","LAVAL ROAD",40.00,S,N,A,-,N,,,,,,,,,,Y,4,0,1,1,A,-,03,22350,,N,E,8,A,A,H,-,B,D,0,,,Y,,Y,,-,"- ",0,0,1,0,0,0,0,0,1,"- ","- ",34.992851257324219,-118.8468017578125,KERN,UNINCORPORATED,-118.84660339355469,34.993000030517578
94705133,2025,2025-05-29,9420,2025-03-29,2240,023124,,6,3,9,1500,0,2,4,,1,075,"SOUTH UNION AVENUE SOUTHBOUND (S/B)","WHITE LANE",382.00,S,N,A,-,N,,,,,,,,,,N,1,1,0,2,A,-,11,21954,A,F,G,B,D,A,H,-,C,D,0,Y,,,,Y,Y,N,60,0,0,0,1,0,0,0,0,0,"- ","- ",35.316490173339844,-119.00312042236328,KERN,UNINCORPORATED,-119.00312805175781,35.316562652587891
94705237,2025,2025-05-29,9420,2025-05-28,1310,019311,,3,1,6,1502,0,1,3,,2,094,"SR-99 N/B","WHITE LANE",1320.00,N,N,A,-,Y,KER,,99," "," ",21.340,H,,R,Y,4,0,1,2,A,-,07,21658,A,N,B,C,A,A,H,-,A,D,0,,,,,Y,,A,07,0,0,1,0,0,0,0,0,0,"- ","- ",35.321338653564453,-119.03701019287109,KERN,BAKERSFIELD,-119.03704833984375,35.321331024169922
94705399,2025,2025-05-29,9420,2025-05-16,1700,023030,,5,2,9,1500,0,1,3,,2,431,SR-43,"ORANGE ST",0.00,,Y,A,-,N,,,,,,,,,,Y,2,0,1,2,A,-,09,21802,A,N,D,C,A,A,H,-,A,D,0,,,Y,,Y,,D,22,1,0,0,0,0,0,0,0,1,"- ","- ",35.478031158447266,-119.26081848144531,KERN,UNINCORPORATED,-119.26083374023438,35.478019714355469
94705597,2025,2025-05-29,9420,2025-05-22,"950 ",022963,,4,1,9,1500,0,3,5,,2,070,"WEBSTER ST","CENTER ST",0.00,,Y,A,-,N,,,,,,,,,,Y,3,0,1,3,A,-,12,22450,A,N,D,C,A,A,H,-,A,A,0,,,,,Y,,A,07,0,1,0,0,0,0,0,0,0,"- ","- ",35.372230529785156,-118.96309661865234,KERN,UNINCORPORATED,-118.96305084228516,35.372196197509766
94705653,2025,2025-05-29,9420,2025-05-26,"850 ",022963,,1,1,6,1502,0,2,4,,1,051,"MANOR ST","ROBERTS LANE",289.00,N,N,A,-,N,,,,,,,,,,N,3,0,1,1,A,-,03,22350,,N,E,J,A,A,H,-,A,D,0,,Y,,,Y,,M,91,0,1,0,0,0,0,1,0,0,"- ","- ",35.411350250244141,-119.01277923583984,KERN,BAKERSFIELD,-119.01265716552734,35.411136627197266
94705716,2025,2025-05-29,9420,2025-05-25,1312,020634,,7,1,9,1500,0,3,5,,2,050,"MCCRAY STREET","NORRIS ROAD",90.00,N,N,A,-,N,,,,,,,,,,N,3,0,1,2,A,-,09,21804,A,N,G,B,D,A,H,-,A,D,0,Y,,,,Y,Y,D,22,0,1,0,0,1,0,0,0,0,"- ","- ",35.419898986816406,-119.03008270263672,KERN,UNINCORPORATED,-119.03005981445312,35.419795989990234
94705718,2025,2025-05-29,9420,2025-05-12,1625,021845,,1,2,9,1500,0,3,5,,2,672,"MALAGA RD","MULLER RD",0.00,,Y,A,-,N,,,,,,,,,,Y,3,0,1,2,A,-,09,21802,A,N,D,C,A,A,H,-,A,A,0,,,,,Y,,D,22,0,1,0,0,0,0,0,0,0,"- ","- ",35.325469970703125,-118.86083984375,KERN,UNINCORPORATED,-118.86082458496094,35.325458526611328
94705726,2025,2025-05-29,9420,2025-05-29,"710 ",019140,,4,1,9,1500,0,1,3,,2,155,"STATE ROUTE 155","PONDEROSA DRIVE",600.00,E,N,A,-,Y,KER,,155," "," ",70.537,H,,R,Y,3,0,1,2,A,-,08,22107,,N,B,2,A,A,H,-,A,D,0,,,,,Y,,D,22,0,1,0,0,0,0,0,0,0,"- ","- ",35.633899688720703,-118.48105621337891,KERN,UNINCORPORATED,-118.48102569580078,35.633914947509766
94705738,2025,2025-05-29,9420,2025-05-22,1954,022740,,4,2,9,1500,0,2,4,,1,072,"NILES STREET","MOUNT VERNON AVENUE",145.00,E,N,A,-,N,,,,,,,,,,Y,2,0,2,2,A,-,01,23152,A,N,E,I,A,A,H,-,A,A,0,,,,,Y,Y,A,01,1,0,1,0,0,0,0,0,0,"- ","- ",35.376251220703125,-118.96671295166016,KERN,UNINCORPORATED,-118.96710968017578,35.376300811767578
9470582,2023,2023-10-12,1506,2023-09-16,1542,4449,38,6,5,4,1506,0,0,0,,0,,"E WILSON AV","S HENRY ST",100.00,S,N,A,-,N,,,,,,,,,,Y,3,0,1,2,A,-,01,23152,F,N,C,E,A,A,H,-,A,A,0,,,,,Y,,A,01,0,1,0,0,0,0,0,0,0,"- ","- ",35.616851806640625,-117.65947723388672,KERN,RIDGECREST,-117.65917205810547,35.617069244384766
9470636,2023,2023-10-18,1507,2023-09-21,"551 ",314,18,4,5,3,1507,0,0,0,,0,,"SANTA FE","EAST LOS ANGELES",0.00,,Y,A,-,N,,,,,,,,,,Y,3,0,1,2,A,-,12,22450,A,N,A,C,A,A,H,-,B,A,0,,,,,Y,,A,01,0,1,0,0,0,0,0,0,0,"- ","- ",35.493350982666016,-119.26023864746094,KERN,SHAFTER,-119.26103973388672,35.492149353027344
94706932,2025,2025-05-30,9420,2025-05-19,1340,021134,,1,1,9,1500,0,1,3,,2,097,"SR-99 S/B","HERRING RD",1520.00,N,N,A,-,Y,KER,,99," "," ",9.590,H,,L,Y,3,0,1,1,C,-,18,,,N,E,I,A,A,H,-,A,D,0,,,,,Y,,-,"- ",0,1,0,0,0,0,0,0,0,"- ","- ",35.154220581054688,-118.99851226806641,KERN,UNINCORPORATED,-118.99861145019531,35.154197692871094
94707159,2025,2025-05-30,9420,2025-05-25,1600,022701,,7,2,9,1500,0,3,5,,2,510,"GARCES HWY","WASCO-POND RD",1635.00,W,N,A,-,Y,,,,,,,,,,Y,3,0,1,1,A,-,08,22107,,N,E,8,A,A,H,-,A,D,0,,,,,Y,,D,22,0,1,0,0,0,0,0,0,0,"- ","- ",35.761188507080078,-119.33529663085938,KERN,UNINCORPORATED,-119.33525848388672,35.761245727539062
9470740,2023,2023-12-09,1507,2023-10-11,"629 ",280,27,3,5,3,1507,0,0,0,,0,,"EAST LERDO HWY","ZERKER RD",0.00,,Y,B,-,N,,,,,,,,,,N,3,0,1,2,A,-,09,21801,A,N,D,C,A,A,H,-,D,D,0,,,,,Y,,A,08,0,1,0,0,0,0,0,0,0,"- ","- ",35.499668121337891,-119.17015838623047,KERN,SHAFTER,-119.17018890380859,35.499664306640625