CASE_ID,ACCIDENT_YEAR,PROC_DATE,JURIS,COLLISION_DATE,COLLISION_TIME,OFFICER_ID,REPORTING_DISTRICT,DAY_OF_WEEK,CHP_SHIFT,POPULATION,CNTY_CITY_LOC,SPECIAL_COND,BEAT_TYPE,CHP_BEAT_TYPE,CITY_DIVISION_LAPD,CHP_BEAT_CLASS,BEAT_NUMBER,PRIMARY_RD,SECONDARY_RD,DISTANCE,DIRECTION,INTERSECTION,WEATHER_1,WEATHER_2,STATE_HWY_IND,CALTRANS_COUNTY,CALTRANS_DISTRICT,STATE_ROUTE,ROUTE_SUFFIX,POSTMILE_PREFIX,POSTMILE,LOCATION_TYPE,RAMP_INTERSECTION,SIDE_OF_HWY,TOW_AWAY,COLLISION_SEVERITY,NUMBER_KILLED,NUMBER_INJURED,PARTY_COUNT,PRIMARY_COLL_FACTOR,PCF_CODE_OF_VIOL,PCF_VIOL_CATEGORY,PCF_VIOLATION,PCF_VIOL_SUBSECTION,HIT_AND_RUN,TYPE_OF_COLLISION,MVIW,PED_ACTION,ROAD_SURFACE,ROAD_COND_1,ROAD_COND_2,LIGHTING,CONTROL_DEVICE,CHP_ROAD_TYPE,PEDESTRIAN_ACCIDENT,BICYCLE_ACCIDENT,MOTORCYCLE_ACCIDENT,TRUCK_ACCIDENT,NOT_PRIVATE_PROPERTY,ALCOHOL_INVOLVED,STWD_VEHTYPE_AT_FAULT,CHP_VEHTYPE_AT_FAULT,COUNT_SEVERE_INJ,COUNT_VISIBLE_INJ,COUNT_COMPLAINT_PAIN,COUNT_PED_KILLED,COUNT_PED_INJURED,COUNT_BICYCLIST_KILLED,COUNT_BICYCLIST_INJURED,COUNT_MC_KILLED,COUNT_MC_INJURED,PRIMARY_RAMP,SECONDARY_RAMP,LATITUDE,LONGITUDE,COUNTY,CITY,POINT_X,POINT_Y
94725002,2025,2025-06-13,9420,2025-06-05,"750 ",023401,,4,1,9,1500,0,3,5,,2,070,"SHAEFFER AVE.","EDISON HWY.",10.00,S,N,A,-,N,,,,,,,,,,N,4,0,1,2,A,-,09,21804,B,M,H,G,A,A,H,-,A,A,0,,Y,,,Y,Y,-,99,0,0,1,0,0,0,1,0,0,"- ","- ",35.347358703613281,-118.8719482421875,KERN,UNINCORPORATED,-118.87197113037109,35.34747314453125
94725057,2025,2025-06-13,9830,2025-06-01,"920 ",024380,,7,1,9,1500,0,3,5,,2,002,"PANAMINT ST","M ST",30.00,E,N,A,-,N,,,,,,,,,,Y,2,0,1,3,A,-,01,23152,A,N,C,E,A,A,H,-,A,D,0,,,,,Y,Y,A,01,1,0,0,0,0,0,0,0,0,"- ","- ",35.051891326904297,-118.16905212402344,KERN,UNINCORPORATED,-118.16921997070312,35.051948547363281
94725148,2025,2025-06-13,9830,2025-06-11,2148,024033,,3,2,9,1500,0,1,3,,1,015,"STATE ROUTE 202","OLD TOWN ROAD",1637.00,E,N,A,-,Y,KER,,202," ",R,5.813,H,,R,Y,4,0,1,1,C,-,18,,,N,H,H,A,A,H,-,D,D,0,,,,,Y,,-,"- ",0,0,1,0,0,0,0,0,0,"- ","- ",35.111320495605469,-118.51615905761719,KERN,UNINCORPORATED,-118.51615905761719,35.111324310302734
94725218,2025,2025-06-13,9830,2025-06-06,1408,019872,,5,2,9,1500,0,2,4,,1,034,"ROSAMOND BLVD","WILLOW SPRINGS ROAD",2000.00,E,N,A,-,N,,,,,,,,,,N,4,0,1,2,A,-,08,22107,,N,D,C,A,A,H,-,A,D,0,,,,,Y,,A,01,0,0,1,0,0,0,0,0,0,"- ","- ",34.871200561523438,-117.99152374267578,KERN,UNINCORPORATED,-118.14051055908203,34.864681243896484
94725242,2025,2025-06-13,9420,2025-06-06,1108,022050,,5,1,9,1500,0,1,3,,2,588,"SR-58 E/B","HART FLAT RD",4752.00,W,N,A,-,Y,KER,,58," "," ",79.333,H,,R,N,3,0,4,2,A,-,03,22350,,N,C,C,A,A,H,-,A,D,0,,,,,Y,,D,22,0,4,0,0,0,0,0,0,0,"- ","- ",35.249149322509766,-118.59882354736328,KERN,UNINCORPORATED,-118.59882354736328,35.249130249023438
94725270,2025,2025-06-13,9420,2025-06-06,1825,019316,,5,2,6,1502,0,1,3,,2,095,"SR-99 S/B TO PANAMA LN","PANAMA LANE",20.00,N,N,A,-,Y,,,,,,,,,,N,4,0,1,2,A,-,21,22106,,N,C,C,A,A,H,-,A,A,0,,,,,Y,,A,01,0,0,1,0,0,0,0,0,0,"- ","- ",35.296089172363281,-119.03214263916016,KERN,BAKERSFIELD,-119.03038024902344,35.296012878417969
94725326,2025,2025-06-13,9420,2025-06-12,1549,023446,,4,2,9,1500,0,2,4,,1,072,"NILES STREET","FAIRFAX ROAD",0.00,,Y,A,-,N,,,,,,,,,,Y,4,0,2,4,A,-,12,21453,A,F,D,2,A,A,H,-,A,A,0,,,,,Y,,A,01,0,0,2,0,0,0,0,0,0,"- ","- ",35.375968933105469,-118.93209075927734,KERN,UNINCORPORATED,-118.93203735351562,35.375995635986328
94725840,2025,2025-06-16,9830,2025-06-05,2028,024033,,4,2,9,1500,0,2,4,,1,032,"SIERRA HIGHWAY","MARIE AVENUE",165.00,N,N,A,-,N,,,,,,,,,,Y,2,0,2,2,A,-,01,23152,A,N,A,C,A,A,H,-,C,D,0,,,,,Y,Y,D,22,2,0,0,0,0,0,0,0,0,"- ","- ",34.850601196289062,-118.16082763671875,KERN,UNINCORPORATED,-118.16080474853516,34.850349426269531
94725842,2025,2025-06-16,9830,2025-06-10,"503 ",023211,,2,3,9,1500,0,1,3,,2,010,"STATE ROUTE 58","STATE ROUTE 202",5861.00,W,N,A,-,Y,KER,,58," ",R,89.664,H,,R,Y,4,0,1,1,A,-,03,22350,,N,E,I,A,A,H,-,D,D,0,,,,Y,Y,,G,25,0,0,1,0,0,0,0,0,0,"- ","- ",35.156730651855469,-118.47377014160156,KERN,UNINCORPORATED,-118.47386169433594,35.156715393066406
94726195,2025,2025-06-16,9830,2025-02-21,1830,023147,,5,2,9,1500,0,1,3,,2,010,"STATE ROUTE-58 WESTBOUND","BROOME ROAD",11616.00,E,N,A,-,Y,KER,,58," ",R,87.590,H,,L,Y,1,1,1,1,A,-,08,22107,,N,F,A,A,A,H,-,D,D,0,,,,Y,Y,,G,25,0,1,0,0,0,0,0,0,0,"- ","- ",35.181529998779297,-118.4901123046875,KERN,UNINCORPORATED,-118.4901123046875,35.181507110595703
94726816,2025,2025-06-16,9426,2025-05-27,1315,022015,,2,1,9,1500,1,3,5,,2,086,"WASCO AVE","TULARE AVE",0.00,,Y,A,-,N,,,,,,,,,,Y,3,0,4,2,A,-,12,22450,A,N,D,C,A,A,H,-,A,A,0,,,,,Y,,D,22,0,2,2,0,0,0,0,0,0,"- ","- ",35.507240295410156,-119.33226013183594,KERN,UNINCORPORATED,-119.33222198486328,35.507240295410156
94726820,2025,2025-06-16,9430,2025-06-05,1635,020875,,4,2,9,1500,0,1,3,,2,090,"SR-99 N/B (GOLDEN STATE HIGHWAY)","I-5 N/B (GOLDEN STATE FREEWAY)",100.00,S,N,A,-,Y,KER,,99," ",L,0.685,H,,R,N,4,0,1,1,A,-,03,22350,,N,E,I,A,A,H,-,A,D,0,,,,,Y,,A,01,0,0,1,0,0,0,0,0,0,"- ","- ",35.017509460449219,-118.95478820800781,KERN,UNINCORPORATED,-118.95501708984375,35.017459869384766
94726835,2025,2025-06-16,9830,2025-06-12,1520,024530,,4,2,9,1500,0,2,4,,1,032,"SIERRA HWY","LOCUST ST",30.00,S,N,A,-,N,,,,,,,,,,Y,3,0,1,2,A,-,09,21804,A,N,D,C,A,A,H,-,A,D,0,,,,,Y,,A,07,0,1,0,0,0,0,0,0,0,"- ","- ",34.862400054931641,-118.16295623779297,KERN,UNINCORPORATED,-118.16305541992188,34.862689971923828
94726911,2025,2025-06-16,9420,2025-06-12,1400,023446,,4,2,9,1500,0,3,5,,2,070,"QUANTICO AVENUE","POTOMAC AVENUE",0.00,,Y,A,-,N,,,,,,,,,,N,4,0,2,3,A,-,12,22450,A,N,D,C,A,A,H,-,A,A,0,,,,,Y,,A,01,0,0,2,0,0,0,0,0,0,"- ","- ",35.364971160888672,-118.95870208740234,KERN,UNINCORPORATED,-118.95859527587891,35.364997863769531
94726912,2025,2025-06-16,9420,2025-06-09,1835,022740,,1,2,9,1500,0,3,5,,2,060,"MOHAWK STREET","SIENA LANE",1584.00,S,N,A,-,N,,,,,,,,,,Y,3,0,1,2,A,-,07,21658,A,N,B,C,A,A,H,-,A,D,0,,,,,Y,,D,22,0,1,0,0,0,0,0,0,0,"- ","- ",35.388641357421875,-119.06555938720703,KERN,UNINCORPORATED,-119.06556701660156,35.389163970947266
94727084,2025,2025-06-16,9420,2025-05-31,2325,022882,,6,3,9,1500,0,1,3,,2,091,"SR-99 S/B","LERDO HIGHWAY",2640.00,S,N,A,-,Y,KER,,99," "," ",35.996,H,,L,Y,4,0,1,1,A,-,01,23152,A,N,F,A,A,A,H,-,D,D,0,,,,,Y,Y,A,01,0,0,1,0,0,0,0,0,0,"- ","- ",35.494121551513672,-119.15734100341797,KERN,UNINCORPORATED,-119.15731048583984,35.494148254394531
94727115,2025,2025-06-16,9420,2025-06-10,2040,022615,,2,2,9,1500,0,3,5,,2,610,"SHANNON DR","MCKEE RD",0.00,,Y,A,-,N,,,,,,,,,,N,4,0,1,2,A,-,09,21802,A,N,D,C,A,A,H,-,D,A,0,,,Y,,Y,,C,02,0,0,1,0,0,0,0,0,1,"- ","- ",35.274040222167969,-119.01201629638672,KERN,UNINCORPORATED,-119.01199340820312,35.274059295654297
94727118,2025,2025-06-16,9420,2025-06-05,1505,022806,,4,2,9,1500,0,1,3,,1,184,"SR-184 N/B","CHOATE STREET",0.00,,Y,A,-,N,,,,,,,,,,N,4,0,2,2,A,-,03,22350,,N,C,C,A,A,H,-,A,D,0,,,,,Y,,A,01,0,0,2,0,0,0,0,0,0,"- ","- ",35.329799652099609,-118.91426086425781,KERN,UNINCORPORATED,-118.91429901123047,35.329807281494141
94727124,2025,2025-06-16,9420,2025-06-05,"50  ",022923,,4,3,9,1500,0,3,5,,2,070,"PIONEER DRIVE","JANE STREET",130.00,E,N,A,-,N,,,,,,,,,,N,3,0,1,3,A,-,08,22107,,N,B,E,A,A,H,-,C,D,0,,,,,Y,,A,01,0,1,0,0,0,0,0,0,0,"- ","- ",35.368831634521484,-118.93386840820312,KERN,UNINCORPORATED,-118.93379211425781,35.368770599365234
94727196,2025,2025-06-16,9420,2025-06-06,"620 ",021480,,5,1,9,1500,0,1,3,,2,092,"SR-99 N/B",SR-65,300.00,S,N,A,-,Y,KER,,99," ",R,29.667,H,,R,N,4,0,1,1,A,-,08,22107,,N,E,I,A,A,H,-,A,D,0,,,,,Y,,A,01,0,0,1,0,0,0,0,0,0,"- ","- ",35.432579040527344,-119.07343292236328,KERN,UNINCORPORATED,-119.07351684570312,35.432533264160156
94727307,2025,2025-06-16,9420,2025-06-07,"758 ",022050,,6,1,9,1500,0,1,3,,2,584,"SR-58 E/B","MARTIN LUTHER KING JR BLVD",150.00,W,N,A,-,Y,KER,,58," ",R,55.384,H,,R,N,3,0,1,2,A,-,03,22350,,N,C,C,A,A,H,-,A,D,0,,,,,Y,,D,22,0,1,0,0,0,0,0,0,0,"- ","- ",35.352329254150391,-118.98594665527344,KERN,UNINCORPORATED,-118.98594665527344,35.352268218994141
94727375,2025,2025-06-16,9420,2025-06-08,2018,023531,,7,2,9,1500,0,1,3,,2,155,SR-155,"SAWMILL RD",2640.00,N,N,A,-,Y,KER,,155," "," ",66.169,H,,R,Y,4,0,1,1,A,-,08,22107,,N,E,I,A,A,H,-,D,D,0,,,,,Y,,A,01,0,0,1,0,0,0,0,0,0,"- ","- ",35.686161041259766,-118.46798706054688,KERN,UNINCORPORATED,-118.46797180175781,35.686153411865234
94727638,2025,2025-06-16,9420,2025-06-04,"750 ",021895,,3,1,9,1500,0,1,3,,2,584,"FAIRFAX RD","MORRO DR",100.00,S,N,A,-,N,,,,,,,,,,N,4,0,3,3,A,-,03,22350,,N,C,C,A,A,H,-,A,D,0,,,,,Y,,A,01,0,0,3,0,0,0,0,0,0,"- ","- ",35.348590850830078,-118.9320068359375,KERN,UNINCORPORATED,-118.93203735351562,35.348575592041016
94727640,2025,2025-06-26,9420,2025-06-08,1410,023259,,7,2,9,1500,0,2,4,,1,072,"EDISON HWY","OSWELL ST",370.00,E,N,A,-,Y,,,,,,,,,,N,4,0,3,2,A,-,08,22107,,N,D,C,A,A,H,-,A,D,0,,,,,Y,,A,01,0,0,3,0,0,0,0,0,0,"- ","- ",35.366500854492188,-118.94841003417969,KERN,UNINCORPORATED,-118.94940185546875,35.366683959960938
94727649,2025,2025-06-16,9420,2025-06-04,"420 ",023079,,3,3,9,1500,0,1,3,,2,223,SR-223,"BENA ROAD",7920.00,W,N,A,-,N,,,,,,,,,,N,4,0,1,1,C,-,18,,,N,E,7,A,A,H,-,D,D,0,,,,,Y,,-,"- ",0,0,1,0,0,0,0,0,0,"- ","- ",35.245208740234375,-118.67765808105469,KERN,UNINCORPORATED,-118.67708587646484,35.24560546875
94727734,2025,2025-06-16,9420,2025-06-09,1755,022774,,1,2,9,1500,0,2,4,,1,075,"SOUTH UNION AVENUE","PACHECO ROAD",42.00,S,N,A,-,N,,,,,,,,,,N,4,0,1,2,A,-,06,21755,A,N,B,C,A,A,H,-,A,A,0,,,,,Y,,A,01,0,0,1,0,0,0,0,0,0,"- ","- ",35.310199737548828,-119.00321960449219,KERN,UNINCORPORATED,-119.00312805175781,35.310276031494141
94727797,2025,2025-06-16,9420,2025-03-12,1412,021845,,3,2,9,1500,0,1,3,,2,154,"STATE ROUTE 155","DRIVER ROAD",0.00,,Y,B,-,Y,KER,,155," ",R,2.473,H,,R,Y,1,1,1,2,A,-,09,21802,A,F,E,I,A,A,H,-,A,A,0,,,,,Y,,-,99,0,0,1,0,0,0,0,0,0,"- ","- ",35.761421203613281,-119.2052001953125,KERN,UNINCORPORATED,-119.2052001953125,35.761390686035156
94727816,2025,2025-06-16,9420,2025-06-11,1721,023531,,3,2,9,1500,0,3,5,,2,320,"CALIENTE BODFISH RD","BRECKENRIDGE RD",1056.00,S,N,A,-,N,,,,,,,,,,Y,3,0,2,1,A,-,03,22350,,N,E,I,A,A,H,-,A,D,0,,,,,Y,,A,01,0,1,1,0,0,0,0,0,0,"- ","- ",35.479690551757812,-118.52911376953125,KERN,UNINCORPORATED,-118.52813720703125,35.482612609863281
94727953,2025,2025-06-16,9420,2025-06-07,"754 ",021802,,6,1,9,1500,0,1,3,,2,090,"SR-99 (N/B)",SR-46,1790.00,S,N,A,-,Y,KER,,99," "," ",43.987,H,,R,N,3,0,1,1,A,-,03,22350,,N,F,A,A,A,H,-,A,D,0,,,Y,,Y,,C,02,0,1,0,0,0,0,0,0,1,"- ","- ",35.597400665283203,-119.21003723144531,KERN,UNINCORPORATED,-119.21002960205078,35.597400665283203
94727961,2025,2025-06-16,9420,2025-06-15,1453,022774,,7,2,9,1500,0,3,5,,2,530,"KIMBERLINA ROAD",SR-99,10.00,W,N,A,-,N,,,,,,,,,,Y,3,0,1,3,A,-,03,22350,,N,C,C,A,A,H,-,A,D,0,,,,,Y,,A,01,0,1,0,0,0,0,0,0,0,"- ","- ",35.558498382568359,-119.19766235351562,KERN,UNINCORPORATED,-119.197998046875,35.5584716796875
94728781,2025,2025-10-15,9420,2025-05-24,"200 ",022882,,6,3,9,1500,0,1,3,,2,588,"SR-58 E/B","BEALVILLE ROAD",2640.00,E,N,A,-,Y,KER,,58," "," ",78.213,H,,R,Y,4,0,1,2,A,-,03,22350,,N,C,C,A,A,H,-,D,D,0,,,,Y,Y,,D,22,0,0,1,0,0,0,0,0,0,"- ","- ",35.258220672607422,-118.61469268798828,KERN,UNINCORPORATED,-118.61470794677734,35.258209228515625
94729415,2025,2025-06-17,9426,2025-06-08,1016,019611,,7,1,9,1500,0,1,1,,2,500,"RT 5",SR-46,8870.00,N,N,A,-,Y,KER,,5," "," ",74.705,H,,R,Y,3,0,1,2,A,-,03,22350,,N,C,C,A,A,H,-,A,D,0,,,,Y,Y,,A,01,0,1,0,0,0,0,0,0,0,"- ","- ",35.637260437011719,-119.66867065429688,KERN,UNINCORPORATED,-119.66866302490234,35.637264251708984
94729436,2025,2025-06-17,9426,2025-06-10,"950 ",022535,,2,1,9,1500,0,1,3,,1,118,"SR-119 (TAFT HIGHWAY)","TAMARISK RD",880.00,E,N,A,-,Y,KER,,119," "," ",7.410,H,,R,Y,2,0,2,4,A,-,01,23152,A,N,A,2,A,A,H,-,A,D,0,,,,Y,Y,Y,A,01,1,0,1,0,0,0,0,0,0,"- ","- ",35.212921142578125,-119.40017700195312,KERN,UNINCORPORATED,-119.40019226074219,35.212932586669922
94729974,2025,2025-06-18,9420,2025-05-31,1730,023030,,6,2,9,1500,0,3,5,,2,630,"COPUS RD",SR-99,5385.00,W,N,A,-,N,,,,,,,,,,Y,3,0,2,2,A,-,08,22107,,F,B,C,A,A,H,-,A,D,0,,,,,Y,,A,01,0,1,1,0,0,0,0,0,0,"- ","- ",35.095359802246094,-118.99812316894531,KERN,UNINCORPORATED,-118.99749755859375,35.095355987548828
94730270,2025,2025-06-18,9420,2025-06-03,"600 ",020366,,2,1,9,1500,0,1,3,,2,096,"SR-99 N/B",SR-223,1795.00,S,N,A,-,Y,KER,,99," "," ",13.065,H,,R,Y,2,0,4,2,A,-,08,22107,,N,B,C,A,A,H,-,A,D,0,,,,Y,Y,,D,22,1,0,3,0,0,0,0,0,0,"- ","- ",35.203571319580078,-119.00933074951172,KERN,UNINCORPORATED,-119.00937652587891,35.203563690185547
94730285,2025,2025-06-18,9420,2025-06-13,"735 ",016973,,5,1,6,1502,0,1,3,,2,094,"SR-99 N/B","PANAMA LN.",2640.00,N,N,A,-,Y,KER,,99," "," ",20.049,H,,R,Y,3,0,1,2,A,-,08,22107,,N,E,2,A,A,H,-,A,D,0,,,,Y,Y,,A,01,0,1,0,0,0,0,0,0,0,"- ","- ",35.303070068359375,-119.03230285644531,KERN,BAKERSFIELD,-119.03227996826172,35.303073883056641
9473048,2022,2022-08-17,1507,2022-07-21,1700,267,100,4,5,3,1507,0,0,0,,0,,"SANTA FE WY","CHERRY AV",0.00,,Y,A,-,N,,,,,,,,,,N,3,0,3,2,A,-,09,21802,A,N,D,C,A,A,H,-,A,A,0,,,,,Y,,D,22,0,3,0,0,0,0,0,0,0,"- ","- ",35.477588653564453,-119.2430419921875,KERN,SHAFTER,-119.24305725097656,35.477611541748047
94730522,2025,2025-06-18,9426,2025-06-02,1816,021365,,1,2,9,1500,0,1,1,,2,502,"INTERSTATE 5 SOUTHBOUND","STATE ROUTE 46",7075.00,S,N,A,-,Y,KER,,5," "," ",71.675,H,,L,Y,1,1,0,1,A,-,08,22107,,N,E,8,A,A,H,-,A,D,0,,,,,Y,,A,07,0,0,0,0,0,0,0,0,0,"- ","- ",35.599918365478516,-119.64022064208984,KERN,UNINCORPORATED,-119.64012908935547,35.599979400634766
94731009,2025,2025-06-18,9426,2025-06-14,"920 ",022015,,6,1,9,1500,0,1,3,,2,331,"SR-33 S/B","ELM AVE",528.00,N,N,A,-,N,,,,,,,,,,Y,3,0,1,1,A,-,08,22107,,N,F,A,A,A,H,-,A,D,0,,,,,Y,,A,07,0,1,0,0,0,0,0,0,0,"- ","- ",35.251369476318359,-119.59895324707031,KERN,UNINCORPORATED,-119.59899139404297,35.251285552978516
94731034,2025,2025-06-18,9426,2025-06-15,1559,019611,,7,2,9,1500,0,1,3,,1,460,"SR-46 W/B","HOLLOWAY RD",10560.00,W,N,A,-,Y,KER,,46," "," ",25.367,H,,L,N,3,0,1,1,A,-,08,22107,,N,F,I,A,A,H,-,A,D,0,,,,,Y,,A,07,0,1,0,0,0,0,0,0,0,"- ","- ",35.615760803222656,-119.78096771240234,KERN,UNINCORPORATED,-119.78096771240234,35.615882873535156
94731073,2025,2025-06-18,9420,2025-06-11,1405,022083,,3,2,9,1500,0,3,5,,2,050,"HIGGINS DR","ROBERTS LN",120.00,N,N,A,-,N,,,,,,,,,,Y,4,0,1,1,A,-,08,22107,,N,E,I,A,A,H,-,A,D,0,,,,,Y,,A,01,0,0,1,0,0,0,0,0,0,"- ","- ",35.409011840820312,-119.03205871582031,KERN,UNINCORPORATED,-119.03211975097656,35.408958435058594
94731129,2025,2025-06-18,9420,2025-06-06,1955,022093,,5,2,9,1500,0,1,3,,2,090,"SR-99 NORTHBOUND","MERCED AVENUE",1531.00,S,N,A,-,Y,KER,,99," ",R,38.821,H,,R,Y,3,0,1,1,C,-,18,,,N,E,I,A,A,H,-,B,D,0,,,,,Y,,-,"- ",0,1,0,0,0,0,0,0,0,"- ","- ",35.525588989257812,-119.18804168701172,KERN,UNINCORPORATED,-119.18809509277344,35.525577545166016
94731892,2025,2025-06-19,9420,2025-06-02,"815 ",021134,,1,1,9,1500,0,3,5,,2,671,"TEJON HWY","MOUNTAIN VIEW RD",1217.00,N,N,A,-,N,,,,,,,,,,Y,2,0,2,2,A,-,08,22107,,N,A,C,A,A,H,-,A,D,0,,,,Y,Y,,A,01,1,0,1,0,0,0,0,0,0,"- ","- ",35.285308837890625,-118.82499694824219,KERN,UNINCORPORATED,-118.82497406005859,35.285259246826172
94732064,2025,2025-06-19,9420,2025-06-10,"546 ",021134,,2,3,9,1500,0,3,5,,2,630,"COPUS RD","RT 5",4700.00,E,N,A,-,N,,,,,,,,,,Y,4,0,2,2,A,-,09,21801,A,N,D,C,A,A,H,-,B,D,0,,,,,Y,,A,01,0,0,2,0,0,0,0,0,0,"- ","- ",35.095161437988281,-119.02130126953125,KERN,UNINCORPORATED,-119.02306365966797,35.095165252685547
94732127,2025,2025-06-19,9430,2025-06-12,1349,021296,,4,1,9,1500,0,1,1,,2,053,"I-5 S/B","GRAPEVINE ROAD",10560.00,S,N,A,-,Y,KER,,5," "," ",8.092,H,,L,Y,3,0,1,2,A,-,01,23152,A,N,C,C,A,A,H,-,A,D,0,,,,Y,Y,Y,D,22,0,1,0,0,0,0,0,0,0,"- ","- ",34.910499572753906,-118.92392730712891,KERN,UNINCORPORATED,-118.92396545410156,34.910507202148438
94732633,2025,2025-06-19,9830,2025-06-13,1220,024582,,5,1,9,1500,0,1,3,,1,040,SR-14,"SIERRA HWY",470.00,N,N,A,-,Y,KER,,14," "," ",16.172,H,,R,Y,4,0,1,2,A,-,09,21804,A,N,D,C,A,A,H,-,A,D,0,,,,,Y,,A,01,0,0,1,0,0,0,0,0,0,"- ","- ",35.067161560058594,-118.17681884765625,KERN,UNINCORPORATED,-118.17678070068359,35.067127227783203
9473280,2022,2022-09-02,1507,2022-07-03,0858,300,100,7,5,3,1507,0,0,0,,0,,"SANTA FE WY","MENDOTA ST",92.00,E,N,A,-,N,,,,,,,,,,N,4,0,1,1,A,-,08,22107,,N,E,I,A,A,H,-,A,D,0,,,,,Y,,A,01,0,0,1,0,0,0,0,0,0,"- ","- ",35.470680236816406,-119.23458862304688,KERN,SHAFTER,-119.225218,35.462969999999999
9473303,2022,2022-08-11,1506,2022-07-16,2332,0242,35,6,5,4,1506,0,0,0,,0,,"S SUNSET PL","S HELENA ST",51.00,E,N,A,-,N,,,,,,,,,,N,2,0,1,2,A,-,00,20001,B,M,G,B,E,A,H,-,C,D,0,Y,,,,Y,,A,01,1,0,0,0,1,0,0,0,0,"- ","- ",35.619369506835938,-117.68158721923828,KERN,RIDGECREST,,
94733789,2025,2025-06-20,9420,2025-06-10,1210,021667,,2,1,9,1500,0,2,4,,1,076,"S. DR MARTIN LUTHER KING JR BOULEVARD","FELIZ DRIVE",0.00,,Y,A,-,N,,,,,,,,,,Y,4,0,2,2,A,-,12,21453,A,M,D,C,A,A,H,-,A,A,0,,,,,Y,,-,99,0,0,2,0,0,0,0,0,0,"- ","- ",35.350299835205078,-118.98538208007812,KERN,UNINCORPORATED,-118.98538970947266,35.350315093994141
94734046,2025,2025-06-20,9420,2025-06-16,1450,019021,,1,2,6,1502,0,1,3,,2,092,"SR-99 NORTHBOUND","CALIFORNIA AVE.",528.00,S,N,A,-,Y,KER,,99," "," ",24.563,H,,R,N,4,0,1,2,A,-,07,21658,A,N,B,C,A,A,H,-,A,D,0,,,,Y,Y,,A,01,0,0,1,0,0,0,0,0,0,"- ","- ",35.367679595947266,-119.04142761230469,KERN,BAKERSFIELD,-119.04147338867188,35.367668151855469
94734054,2025,2025-06-20,9420,2025-06-10,1726,021845,,2,2,9,1500,0,1,3,,2,430,SR-43,"TAUSSIG AVE",2112.00,N,N,A,-,Y,KER,,43," "," ",29.271,H,,R,Y,3,0,1,1,A,-,01,23152,A,N,E,I,A,A,H,-,A,D,0,,,,,Y,Y,D,22,0,1,0,0,0,0,0,0,0,"- ","- ",35.658199310302734,-119.33084869384766,KERN,UNINCORPORATED,-119.33089447021484,35.658199310302734
94735432,2025,2025-06-23,9420,2025-06-09,2336,022153,,1,3,9,1500,0,3,5,,2,672,"DI GIORGIO ROAD","S VINELAND ROAD",845.00,E,N,A,-,N,,,,,,,,,,Y,2,0,2,2,A,-,01,23152,A,N,A,C,A,A,H,-,D,D,0,,,,,Y,Y,A,07,2,0,0,0,0,0,0,0,0,"- ","- ",35.252521514892578,-118.89325714111328,KERN,UNINCORPORATED,-118.89345550537109,35.252487182617188
94735440,2025,2025-06-23,9420,2025-06-13,"955 ",021144,,5,1,9,1500,0,3,5,,2,610,"RAMOS AVE.","TAFT HWY.",0.00,,Y,A,-,N,,,,,,,,,,N,4,0,2,2,A,-,03,22350,,N,C,C,A,A,H,-,A,D,0,,,,,Y,,A,01,0,0,2,0,0,0,0,0,0,"- ","- ",35.267051696777344,-119.00750732421875,KERN,UNINCORPORATED,-119.0074462890625,35.266849517822266
94735444,2025,2025-06-23,9420,2025-06-02,1543,023531,,1,2,9,1500,0,2,4,,2,031,"LAKE ISABELLA BLVD","ERSKINE CREEK RD",50.00,S,N,A,-,N,,,,,,,,,,Y,4,0,1,4,A,-,01,23152,A,N,C,C,A,A,H,-,A,D,0,,,,,Y,Y,A,08,0,0,1,0,0,0,0,0,0,"- ","- ",35.616130828857422,-118.47863006591797,KERN,UNINCORPORATED,-118.478515625,35.616336822509766
9473560,2022,2022-08-11,1506,2022-07-05,1642,3672,43,2,5,4,1506,0,0,0,,0,,"S DOWNS ST","W UPJOHN AV",0.00,,Y,A,-,N,,,,,,,,,,N,4,0,1,2,A,-,12,22450,A,N,C,C,A,A,H,-,A,A,0,,,,,Y,,A,01,0,0,1,0,0,0,0,0,0,"- ","- ",35.615219116210938,-117.68779754638672,KERN,RIDGECREST,-117.68788146972656,35.615215301513672
9473566,2022,2022-08-11,1506,2022-06-28,0804,3830,4,2,5,4,1506,0,0,0,,0,,"W WARD AV","N PALO VERDE DR",190.00,W,N,A,-,N,,,,,,,,,,Y,4,0,1,1,A,-,03,22350,,N,E,I,A,A,H,-,A,D,0,,,,,Y,,A,01,0,0,1,0,0,0,0,0,0,"- ","- ",,,KERN,RIDGECREST,-117.67259979248047,35.644359588623047
94735684,2025,2025-06-23,9420,2025-06-12,"703 ",019658,,4,1,9,1500,0,2,4,,1,064,"OLIVE DRIVE","RASMUSSEN STREET",0.00,,Y,A,-,N,,,,,,,,,,N,3,0,1,2,A,-,09,21801,A,N,H,G,A,A,D,-,A,A,0,,Y,,,Y,,A,01,0,1,0,0,0,0,1,0,0,"- ","- ",35.412540435791016,-119.09007263183594,KERN,UNINCORPORATED,-119.09005737304688,35.412490844726562