CASE_ID,ACCIDENT_YEAR,PROC_DATE,JURIS,COLLISION_DATE,COLLISION_TIME,OFFICER_ID,REPORTING_DISTRICT,DAY_OF_WEEK,CHP_SHIFT,POPULATION,CNTY_CITY_LOC,SPECIAL_COND,BEAT_TYPE,CHP_BEAT_TYPE,CITY_DIVISION_LAPD,CHP_BEAT_CLASS,BEAT_NUMBER,PRIMARY_RD,SECONDARY_RD,DISTANCE,DIRECTION,INTERSECTION,WEATHER_1,WEATHER_2,STATE_HWY_IND,CALTRANS_COUNTY,CALTRANS_DISTRICT,STATE_ROUTE,ROUTE_SUFFIX,POSTMILE_PREFIX,POSTMILE,LOCATION_TYPE,RAMP_INTERSECTION,SIDE_OF_HWY,TOW_AWAY,COLLISION_SEVERITY,NUMBER_KILLED,NUMBER_INJURED,PARTY_COUNT,PRIMARY_COLL_FACTOR,PCF_CODE_OF_VIOL,PCF_VIOL_CATEGORY,PCF_VIOLATION,PCF_VIOL_SUBSECTION,HIT_AND_RUN,TYPE_OF_COLLISION,MVIW,PED_ACTION,ROAD_SURFACE,ROAD_COND_1,ROAD_COND_2,LIGHTING,CONTROL_DEVICE,CHP_ROAD_TYPE,PEDESTRIAN_ACCIDENT,BICYCLE_ACCIDENT,MOTORCYCLE_ACCIDENT,TRUCK_ACCIDENT,NOT_PRIVATE_PROPERTY,ALCOHOL_INVOLVED,STWD_VEHTYPE_AT_FAULT,CHP_VEHTYPE_AT_FAULT,COUNT_SEVERE_INJ,COUNT_VISIBLE_INJ,COUNT_COMPLAINT_PAIN,COUNT_PED_KILLED,COUNT_PED_INJURED,COUNT_BICYCLIST_KILLED,COUNT_BICYCLIST_INJURED,COUNT_MC_KILLED,COUNT_MC_INJURED,PRIMARY_RAMP,SECONDARY_RAMP,LATITUDE,LONGITUDE,COUNTY,CITY,POINT_X,POINT_Y
94793339,2025,2025-08-07,9420,2025-07-27,"205 ",023030,,7,3,9,1500,0,2,4,,1,072,"EDISON HWY","MT VERNON AVE",200.00,E,N,A,-,N,,,,,,,,,,Y,4,0,1,2,A,-,01,23152,A,N,D,C,A,A,H,-,C,D,0,,,,,Y,Y,A,07,0,0,1,0,0,0,0,0,0,"- ","- ",35.370891571044922,-118.96675872802734,KERN,UNINCORPORATED,-118.96682739257812,35.370918273925781
94793341,2025,2025-08-07,9420,2025-07-29,1709,021882,,2,2,9,1500,0,2,4,,1,064,"OLIVE DR","STATE RD",40.00,E,N,A,-,N,,,,,,,,,,N,4,0,1,2,A,-,03,22350,,N,C,C,A,A,H,-,A,A,0,,,,,Y,,A,01,0,0,1,0,0,0,0,0,0,"- ","- ",35.412380218505859,-119.05252838134766,KERN,UNINCORPORATED,-119.05267333984375,35.412261962890625
94793642,2025,2025-08-07,9830,2025-07-29,1710,024436,,2,2,9,1500,0,2,4,,1,034,"ROSAMOND BOULEVARD","GLENDOWER ST",55.00,W,N,A,-,N,,,,,,,,,,N,4,0,2,2,A,-,09,21802,A,N,C,C,A,A,H,-,A,A,0,,,,,Y,,A,01,0,0,2,0,0,0,0,0,0,"- ","- ",34.864410400390625,-118.16932678222656,KERN,UNINCORPORATED,-118.16925048828125,34.864307403564453
94793978,2025,2025-08-07,9420,2025-07-26,"729 ",022872,,6,1,9,1500,0,1,3,,2,094,"SR-99 N/B TO SR-58 E/B TRANSITION","SR-58 E/B",415.00,S,N,A,-,Y,,,,,,,,,,Y,4,0,1,1,A,-,03,22350,,N,E,I,A,A,H,-,A,D,0,,,,,Y,,E,22,0,0,1,0,0,0,0,0,0,"- ","- ",35.351280212402344,-119.03846740722656,KERN,UNINCORPORATED,-119.04458618164062,35.381351470947266
94794012,2025,2025-08-07,9430,2025-08-02,1715,021296,,6,2,9,1500,0,2,4,,1,021,"CUDDY VALLEY ROAD","DARLING AVE",1000.00,W,N,A,-,N,,,,,,,,,,N,3,0,1,1,A,-,08,22107,,N,F,A,A,A,H,-,A,D,0,,,Y,,Y,,C,02,0,1,0,0,0,0,0,0,1,"- ","- ",34.840099334716797,-119.05661773681641,KERN,UNINCORPORATED,-119.05516052246094,34.839725494384766
94794068,2025,2025-08-07,9830,2025-07-28,1228,023763,,1,1,9,1500,0,3,5,,2,003,"ROSAMOND BOULEVARD","FRONTAGE ROAD",0.00,,Y,A,-,N,,,,,,,,,,Y,4,0,1,2,A,-,09,21802,A,N,B,C,A,A,H,-,A,A,0,,,,,Y,,D,22,0,0,1,0,0,0,0,0,0,"- ","- ",34.864219665527344,-118.17507934570312,KERN,UNINCORPORATED,-118.17527008056641,34.864208221435547
94794959,2025,2025-08-08,9420,2025-07-29,1528,021845,,2,2,9,1500,0,3,5,,2,050,"7TH STANDARD RD","SPECTRUM PARK WAY",0.00,,Y,A,-,N,,,,,,,,,,Y,2,0,1,3,A,-,09,21801,A,N,D,C,A,A,D,-,A,D,0,,,Y,,Y,,D,22,1,0,0,0,0,0,0,0,1,"- ","- ",35.441268920898438,-119.07656097412109,KERN,UNINCORPORATED,-119.07656860351562,35.441299438476562
94795030,2025,2025-08-08,9420,2025-07-31,1950,023369,,4,2,9,1500,0,1,3,,2,586,"SR-58 WB","RT 223",3700.00,W,N,A,-,Y,KER,,58," "," ",74.892,H,,L,Y,4,0,3,2,A,-,03,22350,,N,C,C,A,A,H,-,B,D,0,,,,,Y,,D,22,0,0,3,0,0,0,0,0,0,"- ","- ",35.267471313476562,-118.67062377929688,KERN,UNINCORPORATED,-118.67060852050781,35.267490386962891
94795110,2025,2025-08-21,9426,2025-06-23,2121,018023,,1,2,9,1500,0,3,5,,2,086,"SNOW RD","MARTIN AVE",483.00,E,N,A,-,N,,,,,,,,,,Y,2,0,2,2,A,-,01,23152,A,N,A,C,A,A,H,-,D,D,0,,,,,Y,Y,D,22,1,1,0,0,0,0,0,0,0,"- ","- ",35.427261352539062,-119.26802062988281,KERN,UNINCORPORATED,-119.26802062988281,35.427249908447266
94795136,2025,2025-08-08,9426,2025-07-19,1055,016828,,6,1,9,1500,0,1,1,,2,500,"I-5 S/B","TWISSELMAN ROAD",150.00,N,N,A,-,Y,KER,,5," "," ",82.405,H,,L,Y,4,0,2,1,A,-,08,22107,,N,F,A,A,A,H,-,A,D,0,,,,,Y,,A,07,0,0,2,0,0,0,0,0,0,"- ","- ",35.732700347900391,-119.73992156982422,KERN,UNINCORPORATED,-119.74006652832031,35.732627868652344
94795156,2025,2025-08-08,9426,2025-07-19,1150,023422,,6,1,9,1500,0,3,5,,2,081,"FILLMORE ST","DATE ST",0.00,,Y,A,-,N,,,,,,,,,,N,4,0,1,2,A,-,09,21800,B,N,D,C,A,A,H,-,A,D,0,,,,,Y,,D,22,0,0,1,0,0,0,0,0,0,"- ","- ",35.156131744384766,-119.46135711669922,KERN,UNINCORPORATED,-119.46138000488281,35.156105041503906
94795188,2025,2025-08-08,9830,2025-07-31,"854 ",024582,,4,1,9,1500,0,1,2,,1,054,"RT 395","CHINA LAKE BLVD",1584.00,S,N,A,-,Y,KER,,395," ",T,14.725,H,,R,Y,3,0,2,2,A,-,05,21460,C,N,B,2,A,A,H,-,A,D,0,,,,,Y,,D,22,0,1,1,0,0,0,0,0,0,"- ","- ",35.548641204833984,-117.71000671386719,KERN,UNINCORPORATED,-117.70999908447266,35.548675537109375
94795255,2025,2025-08-08,9420,2025-08-03,1500,023401,,7,2,9,1500,0,3,5,,2,671,"E. PANAMA LN.","S. FAIRFAX RD.",2640.00,E,N,A,-,N,,,,,,,,,,Y,3,0,1,2,A,-,05,21460,,N,B,C,A,A,H,-,A,D,0,,,,,Y,,A,07,0,1,0,0,0,0,0,0,0,"- ","- ",35.29608154296875,-118.92265319824219,KERN,UNINCORPORATED,-118.92322540283203,35.296058654785156
94795284,2025,2025-08-08,9426,2025-07-24,1622,022535,,4,2,9,1500,0,1,1,,2,502,"SCOFIELD AVE","MERCED AVE",0.00,,Y,A,-,N,,,,,,,,,,Y,4,0,2,2,A,-,09,21802,A,N,D,2,A,A,H,-,A,A,0,,,,,Y,,E,22,0,0,2,0,0,0,0,0,0,"- ","- ",35.528850555419922,-119.40319061279297,KERN,UNINCORPORATED,-119.40319061279297,35.528839111328125
94795361,2025,2025-08-08,9426,2025-07-28,"525 ",017321,,1,3,9,1500,0,1,3,,2,581,SR58,"WASCO WAY",0.00,,Y,A,-,Y,,,,,,,,,,Y,4,0,1,2,A,-,03,22350,,N,C,C,A,A,H,-,D,D,0,,,,,Y,,A,01,0,0,1,0,0,0,0,0,0,"- ","- ",35.039909362792969,-119.04476928710938,KERN,UNINCORPORATED,-119.4476318359375,35.399089813232422
94795368,2025,2025-08-08,9426,2025-07-28,1625,019592,,1,2,9,1500,0,3,5,,2,086,"LERDO HWY","PALM AVENUE",0.00,,Y,A,-,N,,,,,,,,,,Y,4,0,1,2,A,-,08,22107,,F,D,C,A,A,H,-,A,A,0,,,,,Y,,A,01,0,0,1,0,0,0,0,0,0,"- ","- ",35.500110626220703,-119.35018920898438,KERN,UNINCORPORATED,-119.3502197265625,35.500049591064453
94795380,2025,2025-08-08,9426,2025-07-28,2040,018023,,1,2,9,1500,0,1,1,,2,500,"I-5 N/B","KINGS COUNTY LINE",5280.00,S,N,A,-,Y,KER,,5," "," ",86.596,H,,R,N,3,0,1,2,A,-,03,22350,,N,C,C,A,A,H,-,D,D,0,,,,,Y,,A,01,0,1,0,0,0,0,0,0,0,"- ","- ",35.784561157226562,-119.77841186523438,KERN,UNINCORPORATED,-119.77838897705078,35.784568786621094
94795391,2025,2025-08-08,9420,2025-08-05,1245,021144,,2,1,9,1500,0,3,5,,2,060,"MEANY AVE.","COFFEE RD.",500.00,E,N,A,-,N,,,,,,,,,,N,4,0,1,2,A,-,09,21804,A,N,D,C,A,A,H,-,A,D,0,,,,,Y,,A,01,0,0,1,0,0,0,0,0,0,"- ","- ",35.394241333007812,-119.09117126464844,KERN,UNINCORPORATED,-119.09046936035156,35.394245147705078
94795416,2025,2025-08-08,9426,2025-07-30,2029,022535,,3,2,9,1500,0,1,3,,1,460,"LOST HILLS RD","KING ST",7392.00,S,N,A,-,N,,,,,,,,,,Y,2,0,1,1,A,-,01,23152,A,N,F,I,A,A,H,-,D,D,0,,,,,Y,Y,A,07,1,0,0,0,0,0,0,0,0,"- ","- ",35.590351104736328,-119.68994140625,KERN,UNINCORPORATED,,
94795431,2025,2025-08-08,9426,2025-07-31,1255,021572,,4,1,9,1500,0,1,1,,2,502,"RT 5",SR-58E,5808.00,N,N,A,-,Y,KER,,5," "," ",48.643,H,,R,Y,4,0,1,2,A,-,03,22350,,N,C,C,A,A,H,-,A,D,0,,,,,Y,,A,08,0,0,1,0,0,0,0,0,0,"- ","- ",35.365341186523438,-119.35045623779297,KERN,UNINCORPORATED,-119.35039520263672,35.365402221679688
94795433,2025,2025-08-08,9426,2025-07-31,1305,021572,,4,1,9,1500,0,3,5,,2,080,"AIRPORT ROAD","HONOLULU ROAD",1848.00,N,N,A,-,N,,,,,,,,,,Y,4,0,2,1,A,-,03,22350,,M,F,A,A,A,H,-,A,D,0,,,,Y,Y,,F,26,0,0,2,0,0,0,0,0,0,"- ","- ",35.168270111083984,-119.42202758789062,KERN,UNINCORPORATED,-119.42171478271484,35.167884826660156
94795461,2025,2025-08-08,9426,2025-08-01,1815,023415,,5,2,9,1500,0,3,5,,2,081,"OLD RIVER RD","HERRING RD",1584.00,N,N,A,-,N,,,,,,,,,,Y,4,0,1,1,A,-,08,22107,,N,F,I,A,A,H,-,A,D,0,,,,,Y,,D,22,0,0,1,0,0,0,0,0,0,"- ","- ",35.154678344726562,-119.10997009277344,KERN,UNINCORPORATED,-119.10993957519531,35.156291961669922
94795488,2025,2025-08-08,9830,2025-08-01,1216,024582,,5,1,9,1500,0,3,5,,2,003,"BACKUS RD","MOJAVE-TROPICO RD",450.00,E,N,A,-,N,,,,,,,,,,Y,4,0,1,1,A,-,08,22107,,N,F,A,A,A,H,-,A,D,0,,,,,Y,,A,01,0,0,1,0,0,0,0,0,0,"- ","- ",34.950878143310547,-118.21418762207031,KERN,UNINCORPORATED,-118.21111297607422,34.950828552246094
94795513,2025,2025-08-08,9830,2025-08-02,1118,024582,,6,1,9,1500,0,2,4,,1,034,"ROSAMOND BLVD","EAGLE WAY",0.00,,Y,A,-,Y,,,,,,,,,,Y,3,0,1,2,A,-,09,21802,A,N,D,C,A,A,H,-,A,A,0,,,,,Y,,A,07,0,1,0,0,0,0,0,0,0,"- ","- ",34.864139556884766,-118.17813873291016,KERN,UNINCORPORATED,-118.17819976806641,34.864173889160156
94795592,2025,2025-08-08,9830,2025-07-31,1200,020866,,4,1,9,1500,0,3,5,,2,001,"SAND CANYON RD","PINE CANYON RD",528.00,N,N,A,-,N,,,,,,,,,,N,2,0,1,1,A,-,03,22350,,N,H,A,A,A,H,-,A,D,0,,,Y,,Y,,C,02,1,0,0,0,0,0,0,0,1,"- ","- ",35.147251129150391,-118.31095123291016,KERN,UNINCORPORATED,-118.31258392333984,35.143802642822266
94795593,2025,2025-08-08,9420,2025-08-04,1658,023259,,1,2,9,1500,0,1,3,,2,589,"SR-58 W/B",SR-223,2640.00,W,N,A,-,Y,KER,,58," "," ",75.178,H,,L,Y,3,0,1,2,A,-,07,21658,A,N,B,C,A,A,H,-,A,D,0,,,,Y,Y,,A,07,0,1,0,0,0,0,0,0,0,"- ","- ",35.266101837158203,-118.66584777832031,KERN,UNINCORPORATED,-118.66586303710938,35.266075134277344
94795600,2025,2025-08-08,9420,2025-08-07,"535 ",021144,,4,3,9,1500,0,3,5,,2,060,"MOHAWK ST.","ROSEDALE HWY",2006.00,N,N,A,-,N,,,,,,,,,,Y,4,0,1,1,A,-,08,22107,,N,E,I,A,A,H,-,B,D,0,,,,,Y,,A,07,0,0,1,0,0,0,0,0,0,"- ","- ",35.388980865478516,-119.06569671630859,KERN,UNINCORPORATED,-119.06571197509766,35.37811279296875
94795634,2025,2025-08-08,9830,2025-08-01,1141,024582,,5,1,9,1500,0,2,4,,1,034,"ROSAMOND BLVD","SIERRA HYW",325.00,E,N,A,-,N,,,,,,,,,,Y,4,0,4,2,A,-,09,21804,A,N,C,C,A,A,H,-,A,D,0,,,,,Y,,D,22,0,0,4,0,0,0,0,0,0,"- ","- ",34.864509582519531,-118.16220092773438,KERN,UNINCORPORATED,-118.1622314453125,34.864437103271484
94795679,2025,2025-08-08,9830,2025-07-25,1955,024592,,5,2,9,1500,0,1,3,,2,011,"SR-58 W/B","MILL ST",1214.00,W,N,A,-,Y,KER,,58," ",R,91.471,H,,L,Y,3,0,2,1,A,-,08,22107,,N,E,I,A,A,H,-,B,D,0,,,,,Y,,A,01,0,2,0,0,0,0,0,0,0,"- ","- ",35.140079498291016,-118.45436096191406,KERN,UNINCORPORATED,-118.45436096191406,35.139839172363281
94796050,2025,2025-08-11,9830,2025-07-26,2145,024285,,6,2,9,1500,0,3,5,,2,001,"WOODFORD TEHACHAPI RD","OAK KNOLL DR",10.00,N,N,A,-,N,,,,,,,,,,Y,4,0,2,1,A,-,03,22350,,N,E,I,A,A,H,-,D,D,0,,,,,Y,,A,01,0,0,2,0,0,0,0,0,0,"- ","- ",35.161788940429688,-118.49542999267578,KERN,UNINCORPORATED,-118.49542236328125,35.161632537841797
9479649,2022,2022-09-19,1508,2022-07-20,1440,141,2B,3,5,2,1508,0,0,0,,0,,"HILLARD ST","SANDY CREEK",186.00,S,N,A,-,N,,,,,,,,,,Y,2,0,6,2,A,-,08,22107,,N,A,C,A,A,H,-,A,D,0,,,,,Y,,A,01,2,4,0,0,0,0,0,0,0,"- ","- ",35.141841888427734,-119.47367095947266,KERN,TAFT,-119.47399799999999,35.143048999999998
94796990,2025,2025-08-11,9420,2025-07-31,"40  ",023030,,4,3,6,1502,0,1,3,,2,584,"SR-58 E/B","MOUNT VERNON AVE",880.00,E,N,A,-,Y,KER,,58," ",R,56.595,H,,R,Y,3,0,1,1,A,-,01,23152,A,N,E,I,A,A,H,-,C,D,0,,,,,Y,Y,A,01,0,1,0,0,0,0,0,0,0,"- ","- ",35.353008270263672,-118.96444702148438,KERN,BAKERSFIELD,-118.96446228027344,35.352855682373047
94797468,2025,2025-08-11,9430,2025-08-03,"320 ",023145,,7,3,9,1500,0,1,1,,2,053,"I-5 N/B","GRAPEVINE RD",3643.00,S,N,A,-,Y,KER,,5," "," ",9.470,H,,R,Y,3,0,1,2,A,-,08,22107,,N,C,C,A,A,H,-,D,D,0,,,,Y,Y,,A,07,0,1,0,0,0,0,0,0,0,"- ","- ",34.930469512939453,-118.92360687255859,KERN,UNINCORPORATED,-118.92360687255859,34.930469512939453
94797533,2025,2025-08-11,9430,2025-08-06,2103,022644,,3,2,9,1500,0,2,S,,2,020,"LEBEC RD","WAINRIGHT CT",20.00,N,N,A,-,N,,,,,,,,,,N,3,0,1,2,A,-,11,21954,A,N,G,B,E,A,H,-,C,D,0,Y,,,,Y,Y,N,60,0,1,0,0,1,0,0,0,0,"- ","- ",34.818279266357422,-118.88474273681641,KERN,UNINCORPORATED,,
94797586,2025,2025-08-11,9420,2025-08-01,1835,023204,,5,2,9,1500,0,1,3,,2,584,"SR-58 E/B","OSWELL STREET",2270.00,W,N,A,-,Y,KER,,58," ",R,56.980,H,,R,Y,3,0,2,2,C,-,18,,,N,F,0,A,A,H,-,A,D,0,,,,,Y,,-,"- ",0,2,0,0,0,0,0,0,0,"- ","- ",35.352390289306641,-118.95771789550781,KERN,UNINCORPORATED,-118.95771026611328,35.352462768554688
94797673,2025,2025-08-11,9426,2025-07-12,2500,023370,,6,4,9,1500,0,3,5,,2,085,"BELL ROAD","PETERSON ROAD",1321.75,S,N,A,-,N,,,,,,,,,,Y,1,1,0,1,A,-,08,22107,,N,E,I,A,A,H,-,A,D,0,,,,,Y,,-,"- ",0,0,0,0,0,0,0,0,0,"- ","- ",35.698329925537109,-119.49053192138672,KERN,UNINCORPORATED,-119.4906005859375,35.699222564697266
94797710,2025,2025-08-11,9420,2025-08-02,1832,023204,,6,2,9,1500,0,1,3,,1,184,SR-184,"SMITH ROAD",0.00,,Y,A,-,Y,KER,,184," "," ",7.281,H,,R,N,3,0,1,2,A,-,05,21752,D,N,D,C,A,A,H,-,A,D,0,,,,,Y,,A,08,0,1,0,0,0,0,0,0,0,"- ","- ",35.342510223388672,-118.91428375244141,KERN,UNINCORPORATED,-118.91427612304688,35.342510223388672
94798009,2025,2025-08-11,9426,2025-08-06,1549,017321,,3,2,9,1500,0,1,3,,2,432,SR43,SR119,528.00,N,N,A,-,Y,,,,,,,,,,Y,4,0,5,2,A,-,03,22350,,N,C,C,A,A,H,-,A,D,0,,,,,Y,,D,22,0,0,5,0,0,0,0,0,0,"- ","- ",35.026939392089844,-119.0252685546875,KERN,UNINCORPORATED,-119.25260162353516,35.267520904541016
94798025,2025,2025-08-11,9420,2025-08-06,"410 ",023446,,3,3,6,1502,0,1,3,,2,094,"SR-99 S/B","PACHECO ROAD",510.00,S,N,A,-,Y,KER,,99," "," ",20.463,H,,L,N,3,0,1,1,A,-,08,22107,,N,E,I,A,A,H,-,D,D,0,,,,,Y,,A,01,0,1,0,0,0,0,0,0,0,"- ","- ",35.308940887451172,-119.03392028808594,KERN,BAKERSFIELD,-119.03408813476562,35.308910369873047
94798752,2025,2025-08-12,9420,2025-07-27,"437 ",022882,,7,3,9,1500,0,1,3,,1,176,"SR-178 W/B","BEALE AVENUE",20.00,W,N,A,-,Y,KER,,178," ",R,3.422,H,,L,Y,4,0,1,2,A,-,01,23152,A,N,D,C,A,A,H,-,D,D,0,,,,,Y,Y,A,01,0,0,1,0,0,0,0,0,0,"- ","- ",35.386478424072266,-118.98583984375,KERN,UNINCORPORATED,-118.98584747314453,35.386493682861328
94799097,2025,2025-08-12,9420,2025-08-08,2150,022882,,5,2,9,1500,0,2,4,,1,075,"S. UNION AVENUE","MING AVENUE",450.00,N,N,A,-,N,,,,,,,,,,Y,4,0,1,2,A,-,09,21804,A,N,C,C,A,A,H,-,D,D,0,,,,,Y,,D,22,0,0,1,0,0,0,0,0,0,"- ","- ",35.340808868408203,-119.00314331054688,KERN,UNINCORPORATED,-119.00311279296875,35.340724945068359
94799803,2025,2025-08-12,9420,2025-08-05,1555,022083,,2,2,9,1500,0,1,3,,1,176,"SR-178 W/B","OSWELL ST",1795.00,W,N,A,-,Y,KER,,178," ",R,5.299,H,,L,Y,3,0,3,2,A,-,17,23114,A,N,F,A,A,A,H,-,A,D,0,,,,,Y,,D,22,0,3,0,0,0,0,0,0,0,"- ","- ",35.396640777587891,-118.95590209960938,KERN,UNINCORPORATED,-118.95589447021484,35.396472930908203
94800741,2025,2025-08-13,9420,2025-08-08,2135,022774,,5,2,9,1500,0,1,3,,1,650,SR-65,"FAMOSO RD",2640.00,N,N,A,-,Y,KER,,65," "," ",12.388,H,,R,N,4,0,2,2,A,-,03,22350,,F,C,C,A,A,H,-,D,D,0,,,,,Y,,-,99,0,0,2,0,0,0,0,0,0,"- ","- ",35.610118865966797,-119.08711242675781,KERN,UNINCORPORATED,-119.08708953857422,35.610122680664062
94800853,2025,2025-08-13,9430,2025-08-05,1745,023517,,2,2,9,1500,0,1,1,,2,054,"I-5 N/B","WHEELER RIDGE ROAD",45.00,N,N,A,-,Y,KER,,5," "," ",13.551,H,,R,Y,4,0,2,2,A,-,03,22350,,N,C,C,A,A,H,-,A,D,0,,,,Y,Y,,G,25,0,0,2,0,0,0,0,0,0,"- ","- ",34.986881256103516,-118.94532012939453,KERN,UNINCORPORATED,-118.94532012939453,34.986881256103516
94800991,2025,2025-08-13,9420,2025-08-01,1255,019311,,5,1,6,1502,0,1,3,,2,095,"SR-99 S/B TO PANAMA LN","PANAMA LN",5.00,N,N,A,-,Y,,,,,,,,,,N,3,0,1,2,A,-,10,21950,A,N,H,G,A,A,H,-,A,A,0,,Y,,,Y,,A,01,0,1,0,0,0,0,1,0,0,"- ","- ",35.296051025390625,-119.03215026855469,KERN,BAKERSFIELD,-119.03037261962891,35.295974731445312
94801020,2025,2025-08-13,9420,2025-08-07,1553,019021,,4,2,6,1502,0,1,3,,2,093,"SR-99 S/B FROM AIRPORT DR.",SR-99,528.00,E,N,A,-,Y,,,,,,,,,,N,4,0,1,2,A,-,03,22350,,N,C,C,A,A,H,-,A,D,0,,,,,Y,,A,07,0,0,1,0,0,0,0,0,0,"- ","- ",35.400779724121094,-119.04306793212891,KERN,BAKERSFIELD,,
94801037,2025,2025-08-13,9420,2025-08-11,1522,022305,,1,2,9,1500,0,1,3,,2,094,"SR-99 N/B","WHITE LN",45.00,N,N,A,-,Y,KER,,99," "," ",21.098,H,,R,N,4,0,1,3,C,-,18,,,N,C,C,A,A,H,-,A,D,0,,,,,Y,,-,"- ",0,0,1,0,0,0,0,0,0,"- ","- ",35.317901611328125,-119.03617858886719,KERN,UNINCORPORATED,-119.03615570068359,35.317905426025391
94801058,2025,2025-08-13,9426,2025-08-02,1630,021959,,6,2,9,1500,0,3,5,,2,081,"CEDAR STREET","MONROE ST",0.00,,Y,A,-,N,,,,,,,,,,Y,3,0,1,2,A,-,01,23152,A,M,D,C,A,A,H,-,A,A,0,,,,,Y,Y,D,22,0,1,0,0,0,0,0,0,0,"- ","- ",35.154541015625,-119.45246887207031,KERN,UNINCORPORATED,-119.4525146484375,35.154548645019531
94801090,2025,2025-08-13,9420,2025-08-04,"850 ",019901,,1,1,9,1500,0,3,5,,2,510,"POND RD.","FAMOSO PORTERVILLE HWY.",900.00,W,N,A,-,N,,,,,,,,,,Y,4,0,1,2,A,-,01,23152,A,N,D,C,A,A,H,-,A,D,0,,,,,Y,Y,A,01,0,0,1,0,0,0,0,0,0,"- ","- ",35.717960357666016,-119.16280364990234,KERN,UNINCORPORATED,-119.16269683837891,35.717964172363281
94801100,2025,2025-08-13,9426,2025-08-02,1645,016828,,6,2,9,1500,0,1,3,,1,460,"SR-46 E/B","BITTERWAER VALLEY ROAD",10560.00,W,N,A,-,Y,KER,,46," "," ",15.444,H,,R,Y,4,0,1,1,A,-,08,22107,,N,E,I,A,A,H,-,A,D,0,,,,,Y,,D,22,0,0,1,0,0,0,0,0,0,"- ","- ",35.614078521728516,-119.95713806152344,KERN,UNINCORPORATED,-119.95713806152344,35.614234924316406
94801139,2025,2025-08-13,9426,2025-08-11,2156,018919,,1,2,9,1500,0,1,1,,2,502,"I-5 S/B","ROWLEE ROAD",2640.00,S,N,A,-,Y,KER,,5," "," ",57.429,H,,L,Y,4,0,1,2,A,-,03,22350,,N,C,C,A,A,D,-,D,D,0,,,,Y,Y,,G,25,0,0,1,0,0,0,0,0,0,"- ","- ",35.449779510498047,-119.46734619140625,KERN,UNINCORPORATED,-119.46736145019531,35.449771881103516
94801251,2025,2025-08-13,9420,2025-08-09,"240 ",022732,,6,3,9,1500,0,1,3,,2,090,"SR-99 N/B","ELMO HIGHWAY",3432.00,N,N,A,-,Y,KER,,99," "," ",51.060,H,,R,Y,4,0,2,2,A,-,03,22350,,N,C,C,A,A,H,-,D,D,0,,,,,Y,,A,01,0,0,2,0,0,0,0,0,0,"- ","- ",35.698429107666016,-119.23179626464844,KERN,UNINCORPORATED,-119.23179626464844,35.698432922363281
94801300,2025,2025-08-13,9430,2025-08-02,2140,022533,,6,2,9,1500,0,2,4,,1,022,"FRAZIER MOUNTAIN PARK RD","MONTEREY TRL",0.00,,Y,A,-,N,,,,,,,,,,N,3,0,3,4,A,-,12,22450,A,N,G,B,B,A,H,-,C,A,0,Y,,,,Y,,D,22,0,2,1,0,3,0,0,0,0,"- ","- ",34.820629119873047,-118.94566345214844,KERN,UNINCORPORATED,-118.94557952880859,34.820613861083984
94801368,2025,2025-08-13,9420,2025-08-13,1035,020634,,3,1,9,1500,0,2,4,,1,051,"N. CHESTER AVENUE","JUSTINE STREET",60.00,N,N,A,-,N,,,,,,,,,,N,4,0,1,2,A,-,08,22107,,N,C,E,A,A,H,-,A,D,0,,,,,Y,,A,01,0,0,1,0,0,0,0,0,0,"- ","- ",35.420669555664062,-119.02134704589844,KERN,UNINCORPORATED,-119.02127075195312,35.42059326171875
9480159,2022,2022-08-02,1506,2022-05-27,1207,3830,30,5,5,4,1506,0,0,0,,0,,"E RIDGECREST BL","NORTH AMERICAN ST",349.00,W,N,A,-,Y,KER,6,178,-,-,103.200,H,-,E,N,3,0,1,2,A,-,08,22107,,N,B,C,A,A,H,-,A,D,0,,,,Y,Y,,A,01,0,1,0,0,0,0,0,0,0,"- ","- ",35.624130249023438,-117.65796661376953,KERN,RIDGECREST,-117.65944671630859,35.6224365234375
94801793,2025,2025-08-14,9830,2025-07-27,2326,024033,,7,3,9,1500,0,3,5,,2,003,"TEHACHAPI WILLOW SPRINGS ROAD","BACKUS ROAD",2851.00,N,N,A,-,N,,,,,,,,,,Y,2,0,3,2,A,-,01,23152,A,N,A,C,A,A,H,-,D,D,0,,,,Y,Y,Y,A,07,1,2,0,0,0,0,0,0,0,"- ","- ",34.958721160888672,-118.29251861572266,KERN,UNINCORPORATED,-118.29245758056641,34.958606719970703
9480216,2022,2022-07-22,1507,2022-07-09,0130,269,20,6,5,3,1507,0,0,0,,0,,"S BEECH ST","E LOS ANGELES AV",0.00,,Y,A,-,N,,,,,,,,,,Y,4,0,1,1,A,-,01,23152,B,N,E,I,A,A,H,-,D,A,0,,,,,Y,Y,A,01,0,0,1,0,0,0,0,0,0,"- ","- ",35.492519378662109,-119.26064300537109,KERN,SHAFTER,-119.2606201171875,35.492515563964844