CASE_ID,ACCIDENT_YEAR,PROC_DATE,JURIS,COLLISION_DATE,COLLISION_TIME,OFFICER_ID,REPORTING_DISTRICT,DAY_OF_WEEK,CHP_SHIFT,POPULATION,CNTY_CITY_LOC,SPECIAL_COND,BEAT_TYPE,CHP_BEAT_TYPE,CITY_DIVISION_LAPD,CHP_BEAT_CLASS,BEAT_NUMBER,PRIMARY_RD,SECONDARY_RD,DISTANCE,DIRECTION,INTERSECTION,WEATHER_1,WEATHER_2,STATE_HWY_IND,CALTRANS_COUNTY,CALTRANS_DISTRICT,STATE_ROUTE,ROUTE_SUFFIX,POSTMILE_PREFIX,POSTMILE,LOCATION_TYPE,RAMP_INTERSECTION,SIDE_OF_HWY,TOW_AWAY,COLLISION_SEVERITY,NUMBER_KILLED,NUMBER_INJURED,PARTY_COUNT,PRIMARY_COLL_FACTOR,PCF_CODE_OF_VIOL,PCF_VIOL_CATEGORY,PCF_VIOLATION,PCF_VIOL_SUBSECTION,HIT_AND_RUN,TYPE_OF_COLLISION,MVIW,PED_ACTION,ROAD_SURFACE,ROAD_COND_1,ROAD_COND_2,LIGHTING,CONTROL_DEVICE,CHP_ROAD_TYPE,PEDESTRIAN_ACCIDENT,BICYCLE_ACCIDENT,MOTORCYCLE_ACCIDENT,TRUCK_ACCIDENT,NOT_PRIVATE_PROPERTY,ALCOHOL_INVOLVED,STWD_VEHTYPE_AT_FAULT,CHP_VEHTYPE_AT_FAULT,COUNT_SEVERE_INJ,COUNT_VISIBLE_INJ,COUNT_COMPLAINT_PAIN,COUNT_PED_KILLED,COUNT_PED_INJURED,COUNT_BICYCLIST_KILLED,COUNT_BICYCLIST_INJURED,COUNT_MC_KILLED,COUNT_MC_INJURED,PRIMARY_RAMP,SECONDARY_RAMP,LATITUDE,LONGITUDE,COUNTY,CITY,POINT_X,POINT_Y
94878008,2025,2025-11-13,9420,2025-10-06,"958 ",020634,,1,1,9,1500,0,2,4,,1,051,"N. CHESTER AVE","DAY AVENUE",0.00,,Y,A,-,N,,,,,,,,,,N,4,0,1,2,A,-,09,21453,C,N,D,C,A,A,H,-,A,A,0,,,,,Y,,A,01,0,0,1,0,0,0,0,0,0,"- ","- ",35.435199737548828,-119.02137756347656,KERN,UNINCORPORATED,-119.02140045166016,35.435188293457031
94878152,2025,2025-10-08,9426,2025-10-05,1832,018919,,7,2,9,1500,0,1,3,,2,432,"SR-43 S/B","MUNZER ROAD",528.00,N,N,A,-,Y,KER,,43," "," ",4.004,H,,L,Y,4,0,1,1,A,-,08,22107,,N,E,I,A,A,H,-,B,D,0,,,,,Y,,A,01,0,0,1,0,0,0,0,0,0,"- ","- ",35.323928833007812,-119.25257110595703,KERN,UNINCORPORATED,-119.25243377685547,35.323928833007812
94878202,2025,2025-10-08,9426,2025-10-06,"600 ",019592,,1,1,9,1500,0,1,3,,2,581,"STATE ROUTE 58","BUTTONWILLOW DR",0.00,,Y,A,-,Y,KER,,58," "," ",27.277,H,,R,Y,4,0,1,3,A,-,09,21802,A,N,D,C,A,A,H,-,B,A,0,,,,,Y,,A,01,0,0,1,0,0,0,0,0,0,"- ","- ",35.399311065673828,-119.47422790527344,KERN,UNINCORPORATED,-119.47422790527344,35.399314880371094
94878480,2025,2025-10-08,9426,2025-09-28,1000,016828,,7,1,9,1500,0,1,3,,1,460,SR-46,"BRUNING AVENUE",70.00,E,N,A,-,Y,KER,,46," "," ",30.167,H,,R,Y,4,0,5,2,A,-,09,21804,A,N,D,C,A,A,H,-,A,D,0,,,,,Y,,D,22,0,0,5,0,0,0,0,0,0,"- ","- ",35.616069793701172,-119.69561004638672,KERN,UNINCORPORATED,-119.69561004638672,35.616062164306641
94878487,2025,2025-10-08,9426,2025-10-07,"535 ",019896,,2,3,9,1500,0,1,3,,2,461,"ROWLEE RD",SR-46,0.00,,Y,A,-,Y,KER,,46," "," ",43.021,H,,R,Y,3,0,3,2,A,-,12,22450,A,N,D,2,A,A,H,-,B,A,0,,,,,Y,,A,01,0,1,2,0,0,0,0,0,0,"- ","- ",35.601108551025391,-119.47348022460938,KERN,UNINCORPORATED,-119.47348022460938,35.601108551025391
94878504,2025,2025-11-13,9420,2025-10-08,"620 ",020634,,3,1,9,1500,0,2,4,,1,052,"SR-99 N/B FROM NORRIS RD","NORRIS RD",0.00,,Y,A,-,Y,KER,,99," ",R,28.595,H,,R,Y,3,0,1,2,A,-,09,21801,A,N,D,C,A,A,H,-,A,D,0,,,,,Y,,A,07,0,1,0,0,0,0,0,0,0,"- ","- ",35.421249389648438,-119.06063842773438,KERN,UNINCORPORATED,-119.06077575683594,35.421226501464844
94878523,2025,2025-10-08,9420,2025-09-30,1147,021134,,2,1,9,1500,0,1,3,,1,184,SR-184,"DI GIORGIO RD",0.00,,Y,A,-,Y,KER,,184," "," ",1.004,H,,R,Y,4,0,2,2,A,-,12,21453,A,N,D,C,A,A,H,-,A,A,0,,,,,Y,,-,"- ",0,0,2,0,0,0,0,0,0,"- ","- ",35.252399444580078,-118.91452789306641,KERN,UNINCORPORATED,-118.91438293457031,35.252399444580078
94879663,2025,2025-10-09,9420,2025-10-07,"805 ",016586,,2,1,9,1500,0,2,4,,2,062,"ROSEDALE HWY","MAHER WAY",440.00,E,N,A,-,N,,,,,,,,,,Y,4,0,2,3,A,-,09,21801,A,N,D,C,A,A,H,-,A,D,0,,,,,Y,,D,22,0,0,2,0,0,0,0,0,0,"- ","- ",35.383628845214844,-119.14063262939453,KERN,UNINCORPORATED,-119.1407470703125,35.383625030517578
94879726,2025,2025-10-09,9426,2025-08-31,1530,017321,,7,2,9,1500,0,1,3,,1,118,SR-119,"SUNRIDGE AVENUE",452.00,W,N,A,-,Y,,,,,,,,,,Y,1,1,1,2,A,-,05,21460,A,N,A,2,A,A,H,-,A,D,0,,,,,Y,,D,22,1,0,0,0,0,0,0,0,0,"- ","- ",35.022308349609375,-119.03851318359375,KERN,UNINCORPORATED,-119.38475799560547,35.223281860351562
94879763,2025,2025-10-09,9420,2025-09-30,"540 ",019901,,2,3,9,1500,0,3,5,,2,540,"WILDWOOD RD.","POND RD.",0.00,,Y,A,-,N,,,,,,,,,,Y,4,0,5,2,A,-,09,21802,A,N,D,C,A,A,H,-,B,A,0,,,,,Y,,A,08,0,0,5,0,0,0,0,0,0,"- ","- ",35.717521667480469,-119.43717193603516,KERN,UNINCORPORATED,-119.43711853027344,35.717491149902344
94879980,2025,2025-10-09,9420,2025-10-04,1145,021632,,6,1,9,1500,0,3,5,,2,060,"NORRIS ROAD","FOREST PARK STREET",0.00,,Y,A,-,N,,,,,,,,,,Y,3,0,2,3,A,-,09,21801,A,N,D,C,A,A,H,-,A,D,0,,,,,Y,,A,01,0,1,1,0,0,0,0,0,0,"- ","- ",35.419731140136719,-119.10325622558594,KERN,UNINCORPORATED,-119.103271484375,35.419795989990234
94880068,2025,2025-10-09,9420,2025-09-25,1728,022701,,4,2,9,1500,0,3,5,,2,610,"ALLEN ROAD","PALM AVENUE",0.00,,Y,A,-,N,,,,,,,,,,Y,3,0,2,2,A,-,01,23152,A,N,D,C,A,A,H,-,A,D,0,,,,,Y,Y,A,01,0,2,0,0,0,0,0,0,0,"- ","- ",35.376228332519531,-119.14556121826172,KERN,UNINCORPORATED,-119.14556121826172,35.376247406005859
94880179,2025,2025-11-13,9830,2025-09-28,1635,023087,,7,2,9,1500,0,1,3,,1,052,SR-178,"PHILLIPS ST",0.00,,Y,A,-,Y,KER,,178," "," ",95.345,H,,R,Y,3,0,3,2,A,-,08,22100,A,N,D,C,A,A,H,-,A,D,0,,,,,Y,,E,22,0,3,0,0,0,0,0,0,0,"- ","- ",35.651878356933594,-117.763427734375,KERN,UNINCORPORATED,-117.763427734375,35.651889801025391
94880274,2025,2025-10-09,9420,2025-09-25,1515,022305,,4,2,6,1502,0,1,3,,2,093,"SR-99 S/B",SR-65,0.00,,Y,A,-,Y,KER,,99," ",R,29.481,H,,L,Y,4,0,3,3,A,-,07,21658,A,N,B,2,A,A,H,-,A,D,0,,,,Y,Y,,A,01,0,0,3,0,0,0,0,0,0,"- ","- ",35.430130004882812,-119.07190704345703,KERN,BAKERSFIELD,-119.07186889648438,35.430160522460938
94881118,2025,2025-10-10,9420,2025-09-27,1125,022872,,6,1,9,1500,0,1,3,,1,184,SR-184,"MULLER RD",0.00,,Y,A,-,Y,KER,,184," "," ",6.061,H,,R,Y,3,0,1,2,A,-,09,21802,A,M,C,C,A,A,H,-,A,D,0,,,,,Y,,A,01,0,1,0,0,0,0,0,0,0,"- ","- ",35.325141906738281,-118.91433715820312,KERN,UNINCORPORATED,-118.91431427001953,35.325138092041016
94881321,2025,2025-10-10,9830,2025-09-30,"307 ",021642,,2,3,9,1500,0,3,5,,2,003,"BACKUS RD","TEHACHAPI WILLOW SPRINGS RD",1960.00,E,N,A,-,N,,,,,,,,,,Y,3,0,1,1,A,-,08,22107,,N,E,I,A,A,H,-,D,D,0,,,,,Y,,A,01,0,1,0,0,0,0,0,0,0,"- ","- ",34.948108673095703,-118.27900695800781,KERN,UNINCORPORATED,-118.28548431396484,34.949481964111328
94881571,2025,2025-10-10,9430,2025-09-25,"130 ",023517,,4,3,9,1500,0,1,1,,2,053,"I-5 N/B","FORT TEJON ROAD",1050.00,N,N,A,-,Y,KER,,5," "," ",5.232,H,,R,Y,4,0,1,3,C,-,18,,,N,C,C,E,A,H,-,D,D,0,Y,,,Y,Y,Y,-,"- ",0,0,1,0,1,0,0,0,0,"- ","- ",34.879039764404297,-118.89740753173828,KERN,UNINCORPORATED,-118.89742279052734,34.879032135009766
94881616,2025,2025-10-10,9420,2025-10-06,"445 ",022674,,1,3,9,1500,0,3,5,,2,671,"DI GIORGIO ROAD","VINELAND ROAD",0.00,,Y,A,-,N,,,,,,,,,,Y,3,0,1,1,A,-,08,22107,,N,E,I,A,A,H,-,C,D,0,,,,,Y,,A,01,0,1,0,0,0,0,0,0,0,"- ","- ",35.252571105957031,-118.89642333984375,KERN,UNINCORPORATED,-118.89627838134766,35.252479553222656
94883540,2025,2025-10-13,9830,2025-09-25,2320,023400,,4,3,9,1500,0,2,4,,1,032,"SIERRA HIGHWAY","AVENUE A",0.00,,Y,A,-,N,,,,,,,,,,Y,3,0,3,2,A,-,05,21752,D,N,D,C,A,A,H,-,D,A,0,,,,,Y,,A,01,0,3,0,0,0,0,0,0,0,"- ","- ",34.820720672607422,-118.15612030029297,KERN,UNINCORPORATED,-118.15608215332031,34.820674896240234
94883636,2025,2025-10-13,9420,2025-10-06,1815,022083,,1,2,9,1500,0,3,5,,2,040,"MERLE HAGGARD DR","WINGS WAY",1109.00,W,N,A,-,N,,,,,,,,,,Y,3,0,1,1,C,-,18,,,N,E,I,A,A,H,-,B,D,0,,,,,Y,,-,"- ",0,1,0,0,0,0,0,0,0,"- ","- ",35.441669464111328,-119.05648040771484,KERN,UNINCORPORATED,-119.05606079101562,35.441616058349609
94883717,2025,2025-10-13,9420,2025-10-06,"815 ",022050,,1,1,9,1500,0,3,5,,2,671,"PANAMA RD","DUNCAN ST",140.00,E,N,A,-,N,,,,,,,,,,N,3,0,1,1,A,-,08,22107,,N,F,I,A,A,H,-,A,D,0,,,,,Y,,A,01,0,1,0,0,0,0,0,0,0,"- ","- ",35.267158508300781,-118.86907958984375,KERN,UNINCORPORATED,-118.86907196044922,35.267200469970703
94883722,2025,2025-10-13,9420,2025-10-05,"655 ",022050,,7,1,9,1500,0,1,3,,2,584,"SR-58 W/B","HUGHES LN",150.00,W,N,A,-,Y,KER,,58," ",R,52.856,H,,L,Y,3,0,1,1,A,-,08,22107,,N,F,I,A,A,H,-,A,D,0,,,,,Y,,A,01,0,1,0,0,0,0,0,0,0,"- ","- ",35.352821350097656,-119.03066253662109,KERN,UNINCORPORATED,-119.03066253662109,35.352764129638672
94883792,2025,2025-11-13,9426,2025-10-12,1735,022015,,7,2,9,1500,0,3,5,,2,081,"I-5 S/B","COPUS RD",180.00,S,N,A,-,Y,,,,,,,,,,Y,4,0,1,1,A,-,08,22107,,N,F,I,A,A,H,-,A,D,0,,,,,Y,,A,01,0,0,1,0,0,0,0,0,0,"- ","- ",35.094490051269531,-119.03868865966797,KERN,UNINCORPORATED,-119.03645324707031,35.093971252441406
94883815,2025,2025-10-13,9420,2025-09-30,"640 ",019901,,2,1,9,1500,0,1,3,,2,430,SR-43,"CECIL AVE.",0.00,,Y,A,-,Y,KER,,43," "," ",37.739,H,,R,Y,4,0,2,2,A,-,12,22450,A,N,D,C,A,A,H,-,B,A,0,,,,,Y,,A,07,0,0,2,0,0,0,0,0,0,"- ","- ",35.775730133056641,-119.35012817382812,KERN,UNINCORPORATED,-119.35018157958984,35.775718688964844
94883822,2025,2025-10-13,9420,2025-10-03,1645,023286,,5,2,9,1500,0,1,3,,1,184,"SR-184 N/B","LANA ST",125.00,N,N,A,-,Y,KER,,184," "," ",2.120,H,,R,Y,4,0,1,2,A,-,09,21804,A,N,D,C,A,A,H,-,A,D,0,,,,,Y,,A,01,0,0,1,0,0,0,0,0,0,"- ","- ",35.268379211425781,-118.914306640625,KERN,UNINCORPORATED,-118.91433715820312,35.268379211425781
94883855,2025,2025-10-13,9420,2025-10-05,"20  ",023391,,7,3,9,1500,0,3,5,,2,050,"SEQUOIA DRIVE","WILSON AVENUE",30.00,S,N,A,-,N,,,,,,,,,,Y,3,0,1,2,A,-,01,23152,A,N,B,E,A,A,H,-,D,D,0,,,,,Y,Y,A,01,0,1,0,0,0,0,0,0,0,"- ","- ",35.417160034179688,-119.03453063964844,KERN,UNINCORPORATED,-119.03446197509766,35.417186737060547
94883859,2025,2025-11-13,9426,2025-10-04,"20  ",023438,,6,3,9,1500,0,1,1,,2,500,"RT 5","WEISER RD",300.00,S,N,A,-,Y,KER,,5," "," ",79.873,H,,R,Y,4,0,1,2,A,-,07,21658,A,N,C,C,A,A,H,-,D,D,0,,,,Y,Y,,D,22,0,0,1,0,0,0,0,0,0,"- ","- ",35.701141357421875,-119.71649932861328,KERN,UNINCORPORATED,-119.71627044677734,35.701251983642578
94883876,2025,2025-10-13,9426,2025-10-04,"230 ",023438,,6,3,9,1500,0,1,1,,2,502,SR-43,"PANAMA LN",0.00,,Y,A,-,N,,,,,,,,,,Y,4,0,1,1,A,-,03,22350,,N,A,J,A,A,H,-,C,A,0,,,,,Y,,A,01,0,0,1,0,0,0,0,0,0,"- ","- ",35.296180725097656,-119.25267791748047,KERN,UNINCORPORATED,-119.25248718261719,35.296180725097656
94883879,2025,2025-10-13,9420,2025-10-06,1030,022050,,1,1,9,1500,0,2,4,,2,074,"PANAMA RD",SR-184,20.00,E,N,A,-,N,,,,,,,,,,N,3,0,2,2,A,-,21,22106,,N,C,C,A,A,H,-,A,A,0,,,,Y,Y,,G,25,0,2,0,0,0,0,0,0,0,"- ","- ",35.266990661621094,-118.91417694091797,KERN,UNINCORPORATED,-118.91441345214844,35.266971588134766
94884033,2025,2025-10-13,9830,2025-10-11,1740,022390,,6,2,9,1500,0,1,2,,1,054,US-395,"S. TOR RD",918.00,S,N,A,-,Y,KER,,395," "," ",12.738,H,,R,Y,3,0,1,2,A,-,08,22107,,N,D,C,A,A,H,-,B,D,0,,,,,Y,,A,01,0,1,0,0,0,0,0,0,0,"- ","- ",35.533740997314453,-117.68263244628906,KERN,UNINCORPORATED,-117.68260192871094,35.53375244140625
94884086,2025,2025-10-13,9420,2025-10-01,"900 ",019901,,3,1,9,1500,0,1,3,,1,650,SR-65,"SHERWOOD AVE.",5280.00,S,N,A,-,Y,KER,,65," "," ",14.754,H,,R,Y,4,0,1,2,A,-,03,22350,,N,C,C,A,A,H,-,A,D,0,,,,,Y,,A,01,0,0,1,0,0,0,0,0,0,"- ","- ",35.643821716308594,-119.08094787597656,KERN,UNINCORPORATED,-119.08092498779297,35.643814086914062
94884131,2025,2025-10-13,9426,2025-08-21,2500,019592,,4,4,9,1500,0,1,3,,2,581,"STATE ROUTE 58","SEVEN MILE ROAD",17424.00,E,N,A,-,Y,KER,,58," "," ",0.850,H,,R,Y,1,1,0,1,A,-,08,22107,,N,E,I,A,A,H,-,A,D,0,,,,,Y,,D,22,0,0,0,0,0,0,0,0,0,"- ","- ",35.354721069335938,-119.82308959960938,KERN,UNINCORPORATED,-119.82301330566406,35.354705810546875
94884359,2025,2025-10-13,9420,2025-10-04,"505 ",022923,,6,3,9,1500,0,1,3,,2,096,"SR-99 N/B","FAMOSO ROAD",5280.00,S,N,A,-,Y,KER,,99," ",R,43.104,H,,R,Y,4,0,1,1,A,-,08,22107,,N,F,A,A,A,H,-,D,D,0,,,,Y,Y,,G,27,0,0,1,0,0,0,0,0,0,"- ","- ",35.586341857910156,-119.20414733886719,KERN,UNINCORPORATED,-119.20420837402344,35.586341857910156
94884578,2025,2025-10-13,9420,2025-10-01,1626,021845,,3,2,6,1502,0,1,3,,2,095,"SR-99 S/B","WILSON RD",528.00,N,N,A,-,Y,KER,,99," "," ",22.199,H,,L,Y,4,0,2,3,A,-,03,22350,,M,C,C,A,A,H,-,A,D,0,,,,,Y,,A,01,0,0,2,0,0,0,0,0,0,"- ","- ",35.333591461181641,-119.03981781005859,KERN,BAKERSFIELD,-119.03975677490234,35.333591461181641
94884586,2025,2025-10-13,9420,2025-09-10,2015,019316,,3,2,6,1502,0,1,3,,2,094,"SR-99 N/B","MING AVENUE",250.00,N,N,A,-,Y,KER,,99," "," ",22.659,H,,R,Y,4,0,1,2,A,-,07,21658,A,N,B,C,A,A,H,-,C,D,0,,,Y,,Y,,A,07,0,0,1,0,0,0,0,0,1,"- ","- ",35.34027099609375,-119.03948974609375,KERN,BAKERSFIELD,-119.03946685791016,35.34027099609375
94885468,2025,2025-10-14,9420,2025-09-27,"230 ",022774,,6,3,9,1500,0,3,5,,2,610,"WESTWOOD ST","MARSHA ST",0.00,,Y,B,-,N,,,,,,,,,,Y,4,0,2,2,A,-,01,23152,A,F,D,C,A,A,H,-,D,D,0,,,,,Y,Y,A,01,0,0,2,0,0,0,0,0,0,"- ","- ",35.351779937744141,-119.05316162109375,KERN,UNINCORPORATED,-119.05312347412109,35.351737976074219
94885471,2025,2025-10-14,9420,2025-09-29,1855,021845,,1,2,9,1500,0,3,5,,2,540,"WILDWOOD RD","SHERWOOD AVE",1056.00,S,N,B,-,N,,,,,,,,,,Y,3,0,1,1,A,-,08,22107,,N,F,A,A,A,H,-,B,D,0,,,,Y,Y,,G,25,0,1,0,0,0,0,0,0,0,"- ","- ",35.671379089355469,-119.43743896484375,KERN,UNINCORPORATED,-119.4373779296875,35.6710205078125
94885478,2025,2025-11-14,9420,2025-10-02,1330,022415,,4,1,9,1500,0,3,5,,2,620,"HEATH RD","MEACHAM RD",0.00,,Y,A,-,N,,,,,,,,,,Y,4,0,2,2,A,-,09,21802,A,N,D,C,A,A,H,-,A,A,0,,,,,Y,,A,08,0,0,2,0,0,0,0,0,0,"- ","- ",35.390781402587891,-119.18109130859375,KERN,UNINCORPORATED,-119.18106079101562,35.390773773193359
94885563,2025,2025-10-14,9420,2025-10-07,1030,022050,,2,1,9,1500,0,3,5,,2,520,SR-43,"SCHUSTER RD",0.00,,Y,A,-,Y,KER,,43," "," ",34.551,H,,R,N,3,0,1,2,A,-,09,21802,A,N,D,C,A,A,H,-,A,A,0,,,,,Y,,D,22,0,1,0,0,0,0,0,0,0,"- ","- ",35.732219696044922,-119.33524322509766,KERN,UNINCORPORATED,-119.33521270751953,35.732227325439453
94885747,2025,2025-11-13,9420,2025-10-07,1940,022083,,2,2,9,1500,0,2,4,,1,077,"FAIRFAX RD","E. BRUNDAGE LN",485.00,N,N,A,-,N,,,,,,,,,,Y,3,0,1,2,A,-,03,22350,,N,C,C,A,A,H,-,C,D,0,,,,,Y,,A,01,0,1,0,0,0,0,0,0,0,"- ","- ",35.355739593505859,-118.93208312988281,KERN,UNINCORPORATED,-118.93202972412109,35.355602264404297
94886167,2025,2025-10-14,9420,2025-10-08,1610,021915,,3,2,9,1500,0,3,5,,2,320,"NAVAJO AVENUE","APACHE DRIVE",54.00,S,N,A,-,N,,,,,,,,,,N,3,0,1,1,C,-,18,,,N,E,H,A,A,H,-,A,D,0,,,Y,,Y,,-,"- ",0,1,0,0,0,0,0,0,1,"- ","- ",35.646541595458984,-118.35991668701172,KERN,UNINCORPORATED,-118.35990142822266,35.646503448486328
94886348,2025,2025-10-14,9420,2025-10-07,1415,023619,,2,2,9,1500,0,1,3,,2,431,SR-43,"WASCO AVENUE",0.00,,Y,A,-,Y,KER,,43," ",R,21.286,H,,R,Y,4,0,2,2,A,-,09,21802,A,N,D,C,A,A,H,-,A,A,0,,,,,Y,,A,01,0,0,2,0,0,0,0,0,0,"- ","- ",35.546150207519531,-119.33141326904297,KERN,UNINCORPORATED,-119.33128356933594,35.54620361328125
94886351,2025,2025-10-14,9420,2025-10-08,1211,020634,,3,1,9,1500,0,2,4,,1,052,"ROBERTS LANE","OLIVE DRIVE",400.00,S,N,A,-,N,,,,,,,,,,Y,3,0,1,2,A,-,09,21804,A,N,D,C,A,A,H,-,A,D,0,,,,,Y,,A,01,0,1,0,0,0,0,0,0,0,"- ","- ",35.411140441894531,-119.04720306396484,KERN,UNINCORPORATED,-119.04776763916016,35.411544799804688
94886437,2025,2025-10-14,9830,2025-10-09,1430,024592,,4,2,9,1500,0,1,3,,2,030,"SR-14 SB TO AVE A","AVE A",0.00,,Y,A,-,N,,,,,,,,,,N,3,0,4,2,A,-,09,21802,A,N,D,C,A,A,H,-,A,A,0,,,,,Y,,D,22,0,2,2,0,0,0,0,0,0,"- ","- ",34.820518493652344,-118.17166137695312,KERN,UNINCORPORATED,-118.17062377929688,34.82049560546875
94887550,2025,2025-10-15,9420,2025-09-19,"355 ",022923,,5,3,9,1500,0,1,3,,2,090,"SR-99 N/B","WHISLER ROAD",2112.00,S,N,A,-,Y,KER,,99," ",R,46.924,H,,R,Y,4,0,2,2,A,-,08,22107,,N,C,C,A,A,H,-,D,D,0,,,,,Y,,A,07,0,0,2,0,0,0,0,0,0,"- ","- ",35.639480590820312,-119.21803283691406,KERN,UNINCORPORATED,-119.21798706054688,35.639484405517578
94887669,2025,2025-10-15,9420,2025-10-04,"150 ",022732,,6,3,9,1500,0,2,4,,1,075,"SOUTH UNION AVE","MING AVENUE",150.00,S,N,A,-,N,,,,,,,,,,Y,4,0,2,2,A,-,01,23152,A,N,C,C,A,A,H,-,C,A,0,,,,,Y,Y,A,01,0,0,2,0,0,0,0,0,0,"- ","- ",35.338970184326172,-119.00295257568359,KERN,UNINCORPORATED,-119.00309753417969,35.339076995849609
94889169,2025,2025-10-16,9420,2025-10-09,"945 ",022093,,4,1,9,1500,0,3,5,,2,672,REDBANK,SR-184,0.00,,Y,A,-,Y,KER,,184," "," ",7.088,H,,R,Y,4,0,1,2,A,-,09,21802,A,N,D,C,A,A,H,-,A,A,0,,,,,Y,,A,01,0,0,1,0,0,0,0,0,0,"- ","- ",35.339801788330078,-118.91435241699219,KERN,UNINCORPORATED,-118.91428375244141,35.339801788330078
94889193,2025,2025-10-16,9420,2025-09-12,2040,023369,,5,2,9,1500,0,3,5,,2,671,"PANAMA ROAD","SOUTH VINELAND ROAD",1930.00,E,N,A,-,N,,,,,,,,,,Y,4,0,1,2,A,-,05,21650,,F,B,C,A,A,H,-,B,D,0,,,,,Y,,-,99,0,0,1,0,0,0,0,0,0,"- ","- ",35.267070770263672,-118.88984680175781,KERN,UNINCORPORATED,-118.88990020751953,35.267078399658203
94889263,2025,2025-10-16,9420,2025-10-09,1855,021915,,4,2,9,1500,0,3,5,,2,320,"CALIENTE BODFISH ROAD","COLUMBUS AVENUE",100.00,N,N,A,-,N,,,,,,,,,,Y,4,0,1,2,A,-,08,22107,,N,A,C,A,A,H,-,D,D,0,,,,,Y,,A,07,0,0,1,0,0,0,0,0,0,"- ","- ",35.5889892578125,-118.49591827392578,KERN,UNINCORPORATED,-118.49591064453125,35.588924407958984
94889391,2025,2025-10-16,9420,2025-10-09,1839,023631,,4,2,9,1500,0,1,3,,2,589,"STATE ROUTE 58 W/B","BEALVILLE RD",1048.00,W,N,A,-,Y,KER,,58," "," ",77.276,H,,L,Y,3,0,1,1,A,-,08,22107,,N,E,I,A,A,H,-,B,D,0,,,,,Y,,A,01,0,1,0,0,0,0,0,0,0,"- ","- ",35.263881683349609,-118.62937164306641,KERN,UNINCORPORATED,-118.62937164306641,35.263847351074219
94889490,2025,2025-10-16,9420,2025-10-07,1238,016586,,2,1,9,1500,0,3,5,,2,610,"BELLE TERRACE","PIUTE STREET",0.00,,Y,A,-,N,,,,,,,,,,N,2,0,1,2,A,-,08,22107,,N,D,G,A,A,H,-,A,D,0,,Y,,,Y,,L,04,1,0,0,0,0,0,1,0,0,"- ","- ",35.346778869628906,-119.04615020751953,KERN,UNINCORPORATED,-119.04602813720703,35.346771240234375
94889528,2025,2025-10-16,9420,2025-10-04,"530 ",022872,,6,3,9,1500,0,1,3,,2,462,SR-46,"BEECH AVE",135.00,W,N,A,-,Y,KER,,46," "," ",55.055,H,,R,N,3,0,1,2,A,-,08,22107,,F,G,B,E,A,H,-,A,D,0,Y,,,,Y,,-,99,0,1,0,0,1,0,0,0,0,"- ","- ",35.601779937744141,-119.25971221923828,KERN,UNINCORPORATED,-119.25971221923828,35.601814270019531
94889532,2025,2025-10-16,9420,2025-10-10,1230,016973,,5,1,6,1502,0,1,3,,2,093,"SR-99 S/B","CALIFORNIA AVE.",1200.00,S,N,A,-,Y,KER,,99," "," ",24.360,H,,L,N,4,0,1,2,A,-,03,22350,,N,C,C,A,A,H,-,A,D,0,,,,,Y,,D,22,0,0,1,0,0,0,0,0,0,"- ","- ",35.364841461181641,-119.04052734375,KERN,BAKERSFIELD,-119.04042816162109,35.364864349365234
94889605,2025,2025-10-16,9420,2025-10-11,"753 ",021632,,6,1,9,1500,0,2,4,,1,064,"OLIVE DRIVE","KEITH STREET",95.00,W,N,A,-,N,,,,,,,,,,Y,2,0,1,2,A,-,08,22107,,N,E,8,A,A,H,-,B,D,0,,,,,Y,Y,A,07,1,0,0,0,0,0,0,0,0,"- ","- ",35.412311553955078,-119.08917999267578,KERN,UNINCORPORATED,-119.08918762207031,35.412391662597656
94889663,2025,2025-10-16,9420,2025-10-11,"814 ",021134,,6,1,9,1500,0,3,5,,2,610,"HUDSON DR","HUDSON PL",170.00,W,N,B,-,N,,,,,,,,,,N,4,0,1,2,A,-,08,22107,,N,C,E,A,A,H,-,A,D,0,,,,,Y,,D,22,0,0,1,0,0,0,0,0,0,"- ","- ",35.275951385498047,-119.00595092773438,KERN,UNINCORPORATED,-119.00585174560547,35.275901794433594
94889682,2025,2025-10-16,9420,2025-10-01,1110,019140,,3,1,9,1500,0,1,3,,2,178,"STATE ROUTE 178","YANKEE CANYON ROAD",2640.00,W,N,A,-,Y,KER,,178," "," ",46.901,H,,R,Y,4,0,1,2,A,-,03,22350,,N,C,C,A,A,D,-,A,D,0,,,,,Y,,A,01,0,0,1,0,0,0,0,0,0,"- ","- ",35.656951904296875,-118.44743347167969,KERN,UNINCORPORATED,-118.44743347167969,35.656940460205078
94889867,2025,2025-10-16,9426,2025-10-15,2310,023415,,3,3,9,1500,0,1,1,,2,502,"HAGEMAN RD","MEYER AVE",0.00,,Y,A,-,N,,,,,,,,,,Y,3,0,2,2,A,-,09,21801,A,N,D,C,A,A,H,-,D,D,0,,,,,Y,,A,01,0,1,1,0,0,0,0,0,0,"- ","- ",35.398311614990234,-119.28758239746094,KERN,UNINCORPORATED,,