CASE_ID,ACCIDENT_YEAR,PROC_DATE,JURIS,COLLISION_DATE,COLLISION_TIME,OFFICER_ID,REPORTING_DISTRICT,DAY_OF_WEEK,CHP_SHIFT,POPULATION,CNTY_CITY_LOC,SPECIAL_COND,BEAT_TYPE,CHP_BEAT_TYPE,CITY_DIVISION_LAPD,CHP_BEAT_CLASS,BEAT_NUMBER,PRIMARY_RD,SECONDARY_RD,DISTANCE,DIRECTION,INTERSECTION,WEATHER_1,WEATHER_2,STATE_HWY_IND,CALTRANS_COUNTY,CALTRANS_DISTRICT,STATE_ROUTE,ROUTE_SUFFIX,POSTMILE_PREFIX,POSTMILE,LOCATION_TYPE,RAMP_INTERSECTION,SIDE_OF_HWY,TOW_AWAY,COLLISION_SEVERITY,NUMBER_KILLED,NUMBER_INJURED,PARTY_COUNT,PRIMARY_COLL_FACTOR,PCF_CODE_OF_VIOL,PCF_VIOL_CATEGORY,PCF_VIOLATION,PCF_VIOL_SUBSECTION,HIT_AND_RUN,TYPE_OF_COLLISION,MVIW,PED_ACTION,ROAD_SURFACE,ROAD_COND_1,ROAD_COND_2,LIGHTING,CONTROL_DEVICE,CHP_ROAD_TYPE,PEDESTRIAN_ACCIDENT,BICYCLE_ACCIDENT,MOTORCYCLE_ACCIDENT,TRUCK_ACCIDENT,NOT_PRIVATE_PROPERTY,ALCOHOL_INVOLVED,STWD_VEHTYPE_AT_FAULT,CHP_VEHTYPE_AT_FAULT,COUNT_SEVERE_INJ,COUNT_VISIBLE_INJ,COUNT_COMPLAINT_PAIN,COUNT_PED_KILLED,COUNT_PED_INJURED,COUNT_BICYCLIST_KILLED,COUNT_BICYCLIST_INJURED,COUNT_MC_KILLED,COUNT_MC_INJURED,PRIMARY_RAMP,SECONDARY_RAMP,LATITUDE,LONGITUDE,COUNTY,CITY,POINT_X,POINT_Y
94925565,2025,2025-11-12,9420,2025-10-21,2000,021882,,2,2,9,1500,0,2,4,,1,051,"DOUGLAS ST","HOWARD AVE",40.00,W,N,A,-,N,,,,,,,,,,N,2,0,1,2,A,-,08,22107,,N,B,C,A,A,H,-,D,D,0,,Y,,,Y,,L,04,1,0,0,0,0,0,1,0,0,"- ","- ",35.426078796386719,-119.02372741699219,KERN,UNINCORPORATED,-119.02358245849609,35.426090240478516
94925798,2025,2025-11-12,9420,2025-10-26,"121 ",023259,,7,3,9,1500,0,3,5,,2,530,"KIMBERLINA ROAD","KERN CANAL",1180.00,W,N,A,-,N,,,,,,,,,,N,4,0,1,1,A,-,01,23152,A,N,F,0,A,A,H,-,C,D,0,,,,,Y,Y,A,07,0,0,1,0,0,0,0,0,0,"- ","- ",35.558269500732422,-119.25007629394531,KERN,UNINCORPORATED,,
94925803,2025,2025-11-12,9420,2025-11-01,2130,023391,,6,2,6,1502,0,1,3,,2,583,"SR-58 W/B","COFFEE ROAD",750.00,W,N,A,-,Y,KER,,58," ",R,48.368,H,,L,Y,3,0,1,1,A,-,08,22107,,N,E,8,A,A,H,-,C,D,0,,,,,Y,,A,01,0,1,0,0,0,0,0,0,0,"- ","- ",35.365169525146484,-119.09422302246094,KERN,BAKERSFIELD,-119.09416198730469,35.365139007568359
94926052,2025,2025-11-12,9420,2025-10-23,"629 ",021134,,4,1,9,1500,0,3,5,,2,671,"N COMANCHE DR","BUENA VISTA BLVD",0.00,,Y,A,-,N,,,,,,,,,,Y,4,0,2,3,A,-,09,21802,A,N,D,C,A,A,H,-,D,D,0,,,,,Y,,A,01,0,0,2,0,0,0,0,0,0,"- ","- ",35.238128662109375,-118.84259033203125,KERN,UNINCORPORATED,-118.84253692626953,35.238132476806641
94926125,2025,2025-11-12,9420,2025-11-05,1611,023619,,3,2,6,1502,0,1,3,,2,584,"SR-58 (E/B) TO OSWELL STREET","OSWELL STREET",57.00,W,N,A,-,Y,,,,,,,,,,N,4,0,2,2,A,-,03,22350,,N,C,C,A,A,H,-,A,A,0,,,,,Y,,A,01,0,0,2,0,0,0,0,0,0,"- ","- ",35.351318359375,-118.95015716552734,KERN,BAKERSFIELD,-118.95260620117188,35.352451324462891
94926176,2025,2025-11-12,9420,2025-11-06,"549 ",019901,,4,3,9,1500,0,1,3,,2,154,SR-155,"WALLACE RD",1584.00,E,N,A,-,Y,KER,,155," ",R,4.760,H,,R,Y,3,0,1,1,A,-,08,22107,,N,F,A,A,A,H,-,B,D,0,,,,,Y,,A,07,0,1,0,0,0,0,0,0,0,"- ","- ",35.761440277099609,-119.16455078125,KERN,UNINCORPORATED,-119.16455078125,35.761505126953125
94926191,2025,2025-11-12,9420,2025-11-06,"735 ",022963,,4,1,6,1502,0,1,3,,1,176,"SR-178 W/B","M ST",360.00,E,N,C,-,Y,KER,,178," ",R,1.774,H,,L,Y,4,0,1,3,A,-,08,22107,,N,B,C,A,B,H,-,A,A,0,,,,,Y,,A,01,0,0,1,0,0,0,0,0,0,"- ","- ",35.380851745605469,-119.01406097412109,KERN,BAKERSFIELD,-119.01404571533203,35.380886077880859
94926206,2025,2025-11-12,9420,2025-11-06,1044,022963,,4,1,9,1500,0,3,5,,2,040,"BEALE AVE","PEARL ST",40.00,W,N,B,-,N,,,,,,,,,,N,4,0,2,2,A,-,03,22350,,N,C,C,A,A,H,-,A,D,0,,,,,Y,,A,07,0,0,2,0,0,0,0,0,0,"- ","- ",35.389751434326172,-118.98497772216797,KERN,UNINCORPORATED,-118.98500061035156,35.389621734619141
94926210,2025,2025-11-12,9420,2025-11-06,"827 ",022963,,4,1,6,1502,0,2,4,,1,071,"E. CALIFORNIA AVE","MT VERNON AVE",146.00,E,N,B,-,N,,,,,,,,,,N,4,0,1,2,A,-,08,22107,,N,B,4,A,B,H,-,A,D,0,,,,,Y,,D,22,0,0,1,0,0,0,0,0,0,"- ","- ",35.368488311767578,-118.96690368652344,KERN,BAKERSFIELD,-118.96714019775391,35.368556976318359
94926235,2025,2025-11-12,9420,2025-11-06,1645,023645,,4,2,9,1500,0,2,4,,1,077,"VIA DEL MAR","S. FARFAX ROAD",0.00,,Y,A,-,N,,,,,,,,,,Y,4,0,1,2,A,-,09,21802,A,N,D,C,A,A,H,-,A,A,0,,,,,Y,,A,01,0,0,1,0,0,0,0,0,0,"- ","- ",35.345588684082031,-118.93190765380859,KERN,UNINCORPORATED,-118.93201446533203,35.345428466796875
94926322,2025,2025-12-16,9420,2025-11-04,1224,019903,,2,1,9,1500,0,1,3,,1,176,"SR-178 EB","HALEY ST O/C",9.00,W,N,A,-,Y,KER,,178," ",R,4.091,H,,R,N,1,1,1,2,D,-,00,,,N,C,C,A,A,H,-,A,D,0,,,,,Y,,-,"- ",0,0,1,0,0,0,0,0,0,"- ","- ",35.392009735107422,-118.97650146484375,KERN,UNINCORPORATED,-118.97647094726562,35.391952514648438
94926397,2025,2025-11-12,9830,2025-11-05,"605 ",017237,,3,1,9,1500,0,3,5,,2,003,"TEHACHAPI WILLOW SPRINGS RD.",JOSHUA,50.00,N,N,A,-,N,,,,,,,,,,N,3,0,1,1,A,-,08,22107,,N,E,I,A,A,H,-,B,D,0,,,,,Y,,D,22,0,1,0,0,0,0,0,0,0,"- ","- ",35.033130645751953,-118.35191345214844,KERN,UNINCORPORATED,,
94926454,2025,2025-11-12,9420,2025-11-07,1906,022701,,5,2,9,1500,0,1,3,,1,119,SR-119,"HUGHES LN",50.00,W,N,A,-,N,,,,,,,,,,N,4,0,1,2,A,-,09,21801,A,N,D,C,A,A,H,-,C,D,0,,,,,Y,,A,01,0,0,1,0,0,0,0,0,0,"- ","- ",35.266860961914062,-119.03089904785156,KERN,UNINCORPORATED,-119.03033447265625,35.266872406005859
94926709,2025,2025-11-12,9420,2025-11-08,1124,024788,,6,1,9,1500,0,3,5,,2,610,"CALLOWAY DRIVE","SLIKKER DRIVE",112.00,S,N,A,-,N,,,,,,,,,,N,4,0,1,2,A,-,03,22350,,N,C,C,A,A,H,-,A,A,0,,,,,Y,,D,22,0,0,1,0,0,0,0,0,0,"- ","- ",35.373710632324219,-119.11009979248047,KERN,UNINCORPORATED,-119.11006927490234,35.37298583984375
94926781,2025,2025-11-12,9420,2025-11-08,1000,023446,,6,1,9,1500,0,3,5,,2,320,"LAKE ISABELLA BOULEVARD","ALTA SIERRA AVE",0.00,,Y,A,-,N,,,,,,,,,,Y,3,0,2,2,A,-,09,21802,A,N,D,C,A,A,H,-,A,D,0,,,,,Y,,A,01,0,1,1,0,0,0,0,0,0,"- ","- ",35.612758636474609,-118.48081970214844,KERN,UNINCORPORATED,-118.48091888427734,35.612712860107422
94927642,2025,2025-11-13,9420,2025-11-08,"440 ",023147,,6,3,6,1502,0,1,3,,2,094,"SR-99 N/B",SR-119,792.00,N,N,A,-,Y,KER,,99," "," ",17.658,H,,R,Y,4,0,1,2,A,-,03,22350,,N,C,C,A,A,H,-,D,D,0,,,,,Y,,A,01,0,0,1,0,0,0,0,0,0,"- ","- ",35.269111633300781,-119.02336120605469,KERN,BAKERSFIELD,-119.02339172363281,35.26910400390625
94927670,2025,2025-11-13,9420,2025-11-03,"140 ",023286,,1,3,9,1500,0,3,5,,2,610,"CASTRO LANE (700 BLOCK)","BELLE TERRACE PL",190.00,N,N,A,-,N,,,,,,,,,,Y,3,0,1,2,A,-,01,23152,A,M,B,E,A,A,H,-,C,D,0,,,,,Y,Y,A,01,0,1,0,0,0,0,0,0,0,"- ","- ",35.34735107421875,-119.03455352783203,KERN,UNINCORPORATED,-119.03446960449219,35.347221374511719
94927679,2025,2025-11-13,9420,2025-10-31,2240,023286,,5,3,9,1500,0,2,4,,2,062,"ROSEDALE HIGHWAY (5700 BLOCK)","MOHAWK STREET",0.00,,Y,A,-,N,,,,,,,,,,Y,3,0,2,3,A,-,01,23152,A,F,D,C,A,A,H,-,C,A,0,,,,Y,Y,Y,A,01,0,1,1,0,0,0,0,0,0,"- ","- ",35.383251190185547,-119.06546020507812,KERN,UNINCORPORATED,-119.06544494628906,35.38330078125
94927794,2025,2025-11-13,9420,2025-11-07,"440 ",023089,,5,3,6,1502,0,1,3,,1,176,"SR-178 W/B","BEALE AVE",1400.00,E,N,A,-,Y,KER,,178," ",R,3.713,H,,L,Y,3,0,1,1,A,-,08,22107,,N,F,A,A,A,H,-,D,D,0,,,,,Y,,A,01,0,1,0,0,0,0,0,0,0,"- ","- ",35.389129638671875,-118.98214721679688,KERN,BAKERSFIELD,-118.98214721679688,35.389125823974609
94928206,2025,2025-11-13,9426,2025-11-03,"730 ",016828,,1,1,9,1500,0,3,5,,2,082,"MERCED AVENUE","WASCO WAY",0.00,,Y,A,-,N,,,,,,,,,,Y,4,0,2,2,A,-,09,21802,A,N,D,C,A,A,H,-,A,A,0,,,,,Y,,A,01,0,0,2,0,0,0,0,0,0,"- ","- ",35.52899169921875,-119.33209991455078,KERN,UNINCORPORATED,-119.33654022216797,35.528976440429688
94928571,2025,2025-11-13,9426,2025-09-17,"310 ",018932,,3,3,9,1500,0,1,1,,2,506,"I-5 S/B","VALPREDO AVENUE",2640.00,N,N,A,-,Y,KER,,5," "," ",21.515,H,,L,Y,1,1,0,2,A,-,03,22350,,N,C,C,A,A,H,-,D,D,0,,,,Y,Y,Y,G,25,0,0,0,0,0,0,0,0,0,"- ","- ",35.080101013183594,-119.02159118652344,KERN,UNINCORPORATED,-119.02159881591797,35.080093383789062
94928676,2025,2025-11-13,9420,2025-11-02,1643,023645,,7,2,9,1500,0,3,5,,2,050,"EL TEJON AVENUE","MUIR DRIVE",0.00,,Y,A,-,N,,,,,,,,,,Y,3,0,1,3,A,-,09,21801,B,N,D,C,A,A,H,-,B,D,0,,,,,Y,,A,01,0,1,0,0,0,0,0,0,0,"- ","- ",35.418098449707031,-119.04116058349609,KERN,UNINCORPORATED,-119.04110717773438,35.418067932128906
9493021,2022,2022-09-16,1500,2022-08-25,1218,201730,"WA 02",4,5,3,1510,0,0,0,,0,4401,"MAPLE AV","3RD ST",0.00,,Y,A,-,N,,,,,,,,,,Y,4,0,1,2,A,-,09,21802,A,N,D,C,A,A,H,-,A,A,0,,,,,Y,,A,01,0,0,1,0,0,0,0,0,0,"- ","- ",,,KERN,WASCO,-119.34703063964844,35.598796844482422
94930605,2025,2025-11-14,9420,2025-11-06,1810,023124,,4,2,9,1500,0,3,5,,2,050,"MANOR ST","E. ROBERTS LN.",970.00,S,N,A,-,N,,,,,,,,,,Y,4,0,1,2,A,-,03,22350,,N,C,C,A,A,H,-,C,D,0,,,Y,,Y,,C,02,0,0,1,0,0,0,0,0,1,"- ","- ",35.408390045166016,-119.01045227050781,KERN,UNINCORPORATED,-119.01233673095703,35.410388946533203
94930756,2025,2025-11-14,9420,2025-11-09,1810,023243,,7,2,9,1500,0,3,5,,2,672,"DEER RIDGE DRIVE","SKY RIDGE DRIVE",22.00,S,N,A,-,N,,,,,,,,,,N,4,0,1,3,A,-,08,22107,,N,C,C,A,A,H,-,D,D,0,,,,,Y,,A,01,0,0,1,0,0,0,0,0,0,"- ","- ",35.366748809814453,-118.90601348876953,KERN,UNINCORPORATED,-118.90598297119141,35.366798400878906
94931295,2025,2025-11-14,9420,2025-10-31,2050,023243,,5,2,9,1500,0,1,3,,1,184,"MYRTLE AVENUE N/B","GREGORY AVENUE",55.00,N,N,A,-,N,,,,,,,,,,N,3,0,1,3,A,-,01,23152,A,N,B,C,A,A,H,-,C,D,0,,,,,Y,,A,01,0,1,0,0,0,0,0,0,0,"- ","- ",35.254058837890625,-118.90981292724609,KERN,UNINCORPORATED,-118.90979766845703,35.253990173339844
94931338,2025,2025-11-14,9420,2025-11-08,1348,023645,,6,1,9,1500,0,2,4,,1,051,"AIRPORT DRIVE","NORRIS ROAD",0.00,,Y,A,-,N,,,,,,,,,,Y,4,0,3,2,A,-,09,21453,C,N,D,2,A,A,H,-,A,A,0,,,,,Y,,D,22,0,0,3,0,0,0,0,0,0,"- ","- ",35.419639587402344,-119.03910064697266,KERN,UNINCORPORATED,-119.03916931152344,35.419570922851562
94931474,2025,2025-11-14,9426,2025-11-05,2315,023370,,3,3,9,1500,0,1,1,,2,502,"WILDWOOD RD S/B","MERCED AVE",528.00,N,N,A,-,N,,,,,,,,,,Y,4,0,3,2,A,-,08,22107,,M,D,C,A,A,H,-,C,D,0,,,,,Y,Y,-,99,0,0,3,0,0,0,0,0,0,"- ","- ",35.528858184814453,-119.43927764892578,KERN,UNINCORPORATED,-119.43918609619141,35.530170440673828
94931485,2025,2025-11-14,9426,2025-11-08,1350,021572,,6,1,9,1500,0,1,3,,1,460,SR-46,"WARREN ST",140.00,W,N,A,-,Y,KER,,46," "," ",32.150,H,,R,N,3,0,1,2,A,-,09,21804,A,N,D,C,A,A,H,-,A,D,0,,,,,Y,,A,07,0,1,0,0,0,0,0,0,0,"- ","- ",35.616119384765625,-119.66002655029297,KERN,UNINCORPORATED,-119.66002655029297,35.616069793701172
94931497,2025,2025-11-14,9420,2025-11-08,"917 ",023446,,6,1,9,1500,0,3,5,,2,030,"SR-178 E/B","EL RANCHO POCO",2547.00,E,N,A,-,Y,KER,,178," "," ",54.659,H,,R,Y,3,0,1,1,A,-,08,22107,,N,F,A,A,A,H,-,A,D,0,,,,,Y,,D,22,0,1,0,0,0,0,0,0,0,"- ","- ",35.655548095703125,-118.33876800537109,KERN,UNINCORPORATED,-118.33879089355469,35.655605316162109
94931696,2025,2025-11-17,9830,2025-10-31,2010,024289,,5,2,9,1500,0,3,5,,2,003,"110TH  STREET WEST","AVENUE A",20.00,N,N,A,-,N,,,,,,,,,,Y,3,0,1,1,A,-,03,22350,,N,E,J,A,A,H,-,D,A,0,,,,,Y,,A,07,0,1,0,0,0,0,0,0,0,"- ","- ",34.819831848144531,-118.32639312744141,KERN,UNINCORPORATED,-118.3262939453125,34.819805145263672
9493219,2022,2022-09-23,1508,2022-08-03,1134,65,6B,3,5,2,1508,0,0,0,,0,,"RT 33","PETROLEUM CLUB RD",0.00,S,N,A,-,Y,KER,6,33,-,-,16.890,H,-,N,N,3,0,1,1,A,-,08,22107,,N,H,A,A,A,H,-,A,D,0,,,,,Y,,A,01,0,1,0,0,0,0,0,0,0,"- ","- ",35.126091003417969,-119.43311309814453,KERN,TAFT,-119.43885040283203,35.124660491943359
94932745,2025,2025-11-17,9830,2025-11-01,2040,023087,,6,2,9,1500,0,1,2,,1,054,US-395,"SEARLES STATION CUTOFF",1584.00,N,N,A,-,Y,KER,,395," "," ",8.556,H,,R,Y,2,0,1,1,A,-,01,23152,A,N,F,A,A,A,H,-,D,D,0,,,Y,,Y,Y,C,02,1,0,0,0,0,0,0,0,1,"- ","- ",35.477859497070312,-117.65370178222656,KERN,UNINCORPORATED,-117.65377807617188,35.47784423828125
94933145,2025,2025-11-17,9420,2025-08-17,2043,023204,,7,2,9,1500,0,2,4,,1,052,"ROBERTS LANE","NORTH CHESTER AVENUE",18.00,W,N,A,-,N,,,,,,,,,,N,1,1,0,2,A,-,11,21456,A,N,G,B,B,A,H,-,C,A,0,Y,,,,Y,,N,60,0,0,0,1,0,0,0,0,0,"- ","- ",35.408618927001953,-119.02121734619141,KERN,UNINCORPORATED,-119.02114105224609,35.408641815185547
94933386,2025,2025-11-17,9420,2025-11-04,1917,023204,,2,2,9,1500,0,3,5,,2,671,"E. PANAMA LANE","COMANCHE DRIVE",0.00,,Y,A,-,N,,,,,,,,,,Y,4,0,2,2,A,-,09,21802,A,N,D,C,A,A,H,-,D,A,0,,,,,Y,,A,01,0,0,2,0,0,0,0,0,0,"- ","- ",35.296428680419922,-118.84295654296875,KERN,UNINCORPORATED,-118.84293365478516,35.296417236328125
94933413,2025,2025-11-17,9420,2025-11-12,1215,019658,,3,1,9,1500,0,3,5,,2,550,"LERDO HWY","QUALITY ROAD",0.00,,Y,A,-,N,,,,,,,,,,Y,3,0,2,3,A,-,09,21802,A,N,D,C,A,A,H,-,A,A,0,,,,Y,Y,,D,22,0,2,0,0,0,0,0,0,0,"- ","- ",35.499641418457031,-119.11695098876953,KERN,UNINCORPORATED,-119.11695861816406,35.499610900878906
9493375,2022,2022-09-26,1509,2022-08-26,0722,1002,W,5,5,3,1509,0,0,0,,0,,"HIGHLINE RD","DENNISON RD",0.00,,Y,A,-,N,,,,,,,,,,N,3,0,1,2,A,-,09,21801,,N,D,C,A,A,H,-,A,-,0,,,,,Y,,D,22,0,1,0,0,0,0,0,0,0,"- ","- ",35.109661102294922,-118.43241882324219,KERN,TEHACHAPI,-118.43251037597656,35.109691619873047
94933772,2025,2025-11-17,9430,2025-11-06,"935 ",022345,,4,1,9,1500,0,1,3,,1,066,"WHEELER RIDGE ROAD","SANTA RAMONA DRIVER",900.00,N,N,A,-,N,,,,,,,,,,Y,3,0,2,1,A,-,08,22107,,N,F,A,A,B,H,-,A,D,0,,,,,Y,,A,01,0,1,1,0,0,0,0,0,0,"- ","- ",35.005451202392578,-118.94294738769531,KERN,UNINCORPORATED,,
94933844,2025,2025-11-17,9420,2025-10-27,1127,021134,,1,1,9,1500,0,3,5,,2,630,"COPUS RD","RT 5",0.00,,Y,A,-,N,,,,,,,,,,Y,3,0,2,2,A,-,09,21802,A,N,D,2,A,A,H,-,A,A,0,,,,Y,Y,,E,22,0,1,1,0,0,0,0,0,0,"- ","- ",35.095008850097656,-119.03530883789062,KERN,UNINCORPORATED,-119.03755950927734,35.095012664794922
94933892,2025,2025-11-17,9420,2025-11-09,1230,022050,,7,1,9,1500,0,3,5,,2,070,"PIONEER DR","BRENTWOOD DR",0.00,,Y,A,-,N,,,,,,,,,,N,3,0,1,2,A,-,08,22107,,N,D,C,A,A,H,-,A,A,0,,,Y,,Y,,A,07,0,1,0,0,0,0,0,0,1,"- ","- ",35.368949890136719,-118.92315673828125,KERN,UNINCORPORATED,-118.92311096191406,35.368846893310547
94934175,2025,2025-11-17,9420,2025-11-14,1304,021632,,5,1,9,1500,0,2,4,,1,051,"MANOR STREET","E ROBERTS LANE",150.00,S,N,B,C,N,,,,,,,,,,Y,4,0,1,1,A,-,03,22350,,N,F,0,A,B,H,-,A,D,0,,,,,Y,,D,22,0,0,1,0,0,0,0,0,0,"- ","- ",35.409408569335938,-119.01168823242188,KERN,UNINCORPORATED,-119.01233673095703,35.410388946533203
94934184,2025,2025-11-17,9420,2025-11-14,1213,022872,,5,1,9,1500,0,3,5,,2,070,"COLLEGE AVE","OSWELL ST",135.00,E,N,C,-,N,,,,,,,,,,N,4,0,2,1,A,-,03,22350,,N,E,8,A,B,H,-,A,D,0,,,,,Y,,D,22,0,0,2,0,0,0,0,0,0,"- ","- ",35.383079528808594,-118.94908905029297,KERN,UNINCORPORATED,-118.94931030273438,35.383140563964844
94934223,2025,2025-11-17,9420,2025-11-14,1950,022740,,5,2,9,1500,0,2,4,,1,051,"AIRPORT DRIVE","NORRIS ROAD",220.00,N,N,A,-,N,,,,,,,,,,Y,4,0,1,2,A,-,08,22107,,N,C,E,A,B,H,-,C,D,0,,,,Y,Y,,A,01,0,0,1,0,0,0,0,0,0,"- ","- ",35.420269012451172,-119.03894805908203,KERN,UNINCORPORATED,-119.03914642333984,35.420173645019531
94934239,2025,2025-11-17,9426,2025-10-23,"532 ",017321,,4,3,9,1500,0,1,3,,1,118,SR119,"CEDAR AVENUE",0.00,,Y,A,-,N,,,,,,,,,,Y,2,0,1,2,A,-,12,22450,A,N,D,C,A,A,H,-,C,A,0,,,,Y,Y,,D,22,1,0,0,0,0,0,0,0,0,"- ","- ",35.015460968017578,-119.04479217529297,KERN,UNINCORPORATED,-119.44786071777344,35.154575347900391
94934307,2025,2025-11-17,9426,2025-10-24,"538 ",021959,,5,3,9,1500,0,3,5,,2,086,"SR-43 S/B","BEECH AVE",0.00,,Y,A,-,Y,KER,,43," "," ",13.517,H,,L,Y,3,0,2,2,A,-,08,22107,,N,D,C,A,A,H,-,B,D,0,,,,Y,Y,,A,01,0,2,0,0,0,0,0,0,0,"- ","- ",35.458278656005859,-119.26096343994141,KERN,UNINCORPORATED,-119.26087188720703,35.458293914794922
94934341,2025,2025-11-17,9426,2025-11-06,"430 ",023515,,4,3,9,1500,0,1,1,,2,504,"HAGEMAN RD","WILLARD ST",350.00,E,N,A,-,Y,,,,,,,,,,Y,4,0,1,2,A,-,03,22350,,M,C,C,A,A,H,-,D,D,0,,,,,Y,,A,01,0,0,1,0,0,0,0,0,0,"- ","- ",35.398368835449219,-119.32015228271484,KERN,UNINCORPORATED,,
94934363,2025,2025-11-17,9426,2025-11-08,1548,021959,,6,2,9,1500,0,3,5,,2,086,"BRANDT ROAD","SULLIVAN ROAD",627.00,N,N,A,-,N,,,,,,,,,,N,4,0,1,1,A,-,08,22107,,N,E,I,A,A,H,-,A,D,0,,,,,Y,,A,01,0,0,1,0,0,0,0,0,0,"- ","- ",35.414909362792969,-119.37655639648438,KERN,UNINCORPORATED,-119.37647247314453,35.414890289306641
94934427,2025,2025-11-17,9426,2025-11-01,"218 ",023415,,6,3,9,1500,0,3,5,,2,081,"TAYLOR ST","ASH ST",268.00,N,N,A,-,N,,,,,,,,,,Y,3,0,1,2,A,-,01,23152,A,N,C,E,A,A,H,-,D,D,0,,,,,Y,Y,A,01,0,1,0,0,0,0,0,0,0,"- ","- ",35.152111053466797,-119.46019744873047,KERN,UNINCORPORATED,-119.46007537841797,35.152095794677734
94934475,2025,2025-11-17,9426,2025-11-13,1800,023515,,4,2,9,1500,0,1,3,,1,167,SR-166,"KLIPSTEIN CANYON ROAD",12144.00,W,N,C,-,Y,KER,,33," "," ",4.822,H,,R,Y,4,0,1,1,A,-,08,22107,,N,E,I,A,B,H,-,D,D,0,,,,,Y,,D,22,0,0,1,0,0,0,0,0,0,"- ","- ",34.992210388183594,-119.43049621582031,KERN,UNINCORPORATED,-119.43055725097656,34.992229461669922
94934484,2025,2025-11-17,9426,2025-10-29,"618 ",019442,,3,1,9,1500,1,4,S,,2,901,"W. LOS ANGELES AVE.","S. WALL ST.",0.00,,Y,A,-,N,,,,,,,,,,N,2,0,2,2,A,-,03,22350,,N,D,C,A,A,H,-,C,D,0,,,Y,,Y,,C,02,1,0,1,0,0,0,0,0,2,"- ","- ",35.492568969726562,-119.28082275390625,KERN,UNINCORPORATED,-119.28067016601562,35.492599487304688
94935484,2025,2025-11-18,9426,2025-11-14,"745 ",021572,,5,1,9,1500,0,3,5,,2,081,"CADET RD","GARDNER FIELD RD",6600.00,W,N,C,-,N,,,,,,,,,,Y,4,0,2,1,A,-,08,22107,,N,F,A,A,B,H,-,A,D,0,,,,Y,Y,,F,26,0,0,2,0,0,0,0,0,0,"- ","- ",35.101200103759766,-119.36090087890625,KERN,UNINCORPORATED,-119.36060333251953,35.101203918457031
94935503,2025,2025-11-18,9420,2025-11-07,1725,023391,,5,2,9,1500,0,2,4,,2,062,"ROSEDALE HIGHWAY W/B","LONE OAK DRIVE",600.00,W,N,A,-,Y,,,,,,,,,,Y,4,0,1,2,A,-,09,21804,A,N,B,C,A,A,H,-,D,D,0,,,,,Y,,D,22,0,0,1,0,0,0,0,0,0,"- ","- ",35.383579254150391,-119.13356781005859,KERN,UNINCORPORATED,-119.13353729248047,35.383594512939453
94935718,2025,2025-11-18,9420,2025-11-10,2310,023079,,1,3,9,1500,0,1,3,,2,223,"SR-223 E/B",SR-58,17424.00,W,N,A,-,Y,KER,,223," "," ",28.603,H,,R,Y,4,0,1,1,C,-,18,,,N,E,J,A,A,H,-,D,D,0,,,,,Y,,-,"- ",0,0,1,0,0,0,0,0,0,"- ","- ",35.232818603515625,-118.70207214355469,KERN,UNINCORPORATED,-118.70210266113281,35.232845306396484
94935725,2025,2025-11-18,9420,2025-11-04,"350 ",023079,,2,3,9,1500,0,2,4,,1,051,"PEGASUS DRIVE","SUNNYSIDE COURT",250.00,S,N,A,-,N,,,,,,,,,,N,3,0,1,1,A,-,08,22107,,M,E,8,A,A,H,-,C,D,0,,,Y,,Y,,C,02,0,1,0,0,0,0,0,0,1,"- ","- ",35.425460815429688,-119.06327056884766,KERN,UNINCORPORATED,-119.06430816650391,35.427345275878906
94935917,2025,2025-11-18,9420,2025-11-15,1050,022963,,6,1,9,1500,0,2,4,,1,071,"OSWELL ST","COLLEGE AVE",80.00,S,N,C,-,N,,,,,,,,,,Y,4,0,3,3,A,-,07,21658,A,N,B,C,A,B,H,-,A,A,0,,,,,Y,,A,07,0,0,3,0,0,0,0,0,0,"- ","- ",35.382999420166016,-118.94960784912109,KERN,UNINCORPORATED,-118.94976043701172,35.382919311523438
94935992,2025,2025-11-18,9420,2025-11-15,1145,019658,,6,1,6,1502,0,1,3,,2,094,"SR-99 N/B FROM MING AVE",SR-58,24.00,N,N,B,C,Y,KER,,99," "," ",23.495,H,,R,N,4,0,1,1,A,-,03,22350,,N,E,I,A,B,D,E,A,D,0,,,,,Y,,A,07,0,0,1,0,0,0,0,0,0,"- ","- ",35.352390289306641,-119.03926086425781,KERN,BAKERSFIELD,-119.03941345214844,35.352390289306641
94935998,2025,2025-11-18,9430,2025-11-04,"935 ",020875,,2,1,9,1500,0,1,1,,2,053,"I-5 N/B (GOLDEN STATE FREEWAY)","GRAPEVINE ROAD",13200.00,S,N,A,-,Y,KER,,5," "," ",7.673,H,,R,Y,3,0,1,2,A,-,03,22350,,N,C,C,A,A,H,-,A,D,0,,,,Y,Y,,A,07,0,1,0,0,0,0,0,0,0,"- ","- ",34.904911041259766,-118.92324829101562,KERN,UNINCORPORATED,-118.92333984375,34.904899597167969