CASE_ID,ACCIDENT_YEAR,PROC_DATE,JURIS,COLLISION_DATE,COLLISION_TIME,OFFICER_ID,REPORTING_DISTRICT,DAY_OF_WEEK,CHP_SHIFT,POPULATION,CNTY_CITY_LOC,SPECIAL_COND,BEAT_TYPE,CHP_BEAT_TYPE,CITY_DIVISION_LAPD,CHP_BEAT_CLASS,BEAT_NUMBER,PRIMARY_RD,SECONDARY_RD,DISTANCE,DIRECTION,INTERSECTION,WEATHER_1,WEATHER_2,STATE_HWY_IND,CALTRANS_COUNTY,CALTRANS_DISTRICT,STATE_ROUTE,ROUTE_SUFFIX,POSTMILE_PREFIX,POSTMILE,LOCATION_TYPE,RAMP_INTERSECTION,SIDE_OF_HWY,TOW_AWAY,COLLISION_SEVERITY,NUMBER_KILLED,NUMBER_INJURED,PARTY_COUNT,PRIMARY_COLL_FACTOR,PCF_CODE_OF_VIOL,PCF_VIOL_CATEGORY,PCF_VIOLATION,PCF_VIOL_SUBSECTION,HIT_AND_RUN,TYPE_OF_COLLISION,MVIW,PED_ACTION,ROAD_SURFACE,ROAD_COND_1,ROAD_COND_2,LIGHTING,CONTROL_DEVICE,CHP_ROAD_TYPE,PEDESTRIAN_ACCIDENT,BICYCLE_ACCIDENT,MOTORCYCLE_ACCIDENT,TRUCK_ACCIDENT,NOT_PRIVATE_PROPERTY,ALCOHOL_INVOLVED,STWD_VEHTYPE_AT_FAULT,CHP_VEHTYPE_AT_FAULT,COUNT_SEVERE_INJ,COUNT_VISIBLE_INJ,COUNT_COMPLAINT_PAIN,COUNT_PED_KILLED,COUNT_PED_INJURED,COUNT_BICYCLIST_KILLED,COUNT_BICYCLIST_INJURED,COUNT_MC_KILLED,COUNT_MC_INJURED,PRIMARY_RAMP,SECONDARY_RAMP,LATITUDE,LONGITUDE,COUNTY,CITY,POINT_X,POINT_Y
94936046,2025,2025-11-18,9430,2025-11-08,1427,022087,,6,2,9,1500,0,1,1,,2,054,"I-5 N/B (GOLDEN STATE FREEWAY)","LAVAL RD",350.00,S,N,A,-,Y,KER,,5," "," ",13.449,H,,R,N,4,0,1,2,A,-,07,21658,A,N,C,C,A,A,H,-,A,D,0,,,,,Y,,A,07,0,0,1,0,0,0,0,0,0,"- ","- ",34.985439300537109,-118.94483184814453,KERN,UNINCORPORATED,-118.94486236572266,34.985431671142578
94936059,2025,2025-11-18,9430,2025-11-09,1240,017187,,7,1,9,1500,0,1,1,,2,054,"I-5 N/B TO GRAPEVINE ROAD","GRAPEVINE ROAD U/C",1100.00,N,N,A,-,Y,,,,,,,,,,Y,4,0,2,1,A,-,03,22350,,N,F,A,A,A,H,-,A,A,0,,,,,Y,,E,22,0,0,2,0,0,0,0,0,0,"- ","- ",34.942268371582031,-118.93067932128906,KERN,UNINCORPORATED,-118.92408752441406,34.915843963623047
94936102,2025,2025-11-18,9420,2025-08-22,2025,022701,,5,2,9,1500,0,3,5,,2,671,"BUENA VISTA BOULEVARD","FAIRFAX ROAD",2860.00,W,N,A,-,N,,,,,,,,,,Y,1,1,0,3,A,-,17,21200,,N,C,G,A,A,H,-,D,D,0,,Y,,,Y,Y,L,04,0,0,0,0,0,1,0,0,0,"- ","- ",35.237819671630859,-118.93415832519531,KERN,UNINCORPORATED,-118.94175720214844,35.237804412841797
94936266,2025,2025-11-18,9420,2025-11-13,1920,022415,,4,2,9,1500,0,3,5,,2,630,"COPUS RD","METTLER FRONTAGE RD W",7392.00,W,N,A,G,N,,,,,,,,,,Y,4,0,1,2,A,-,09,21801,A,N,D,C,A,A,H,-,D,D,0,,,,Y,Y,,A,07,0,0,1,0,0,0,0,0,0,"- ","- ",35.095298767089844,-119.00717926025391,KERN,UNINCORPORATED,-119.00596618652344,35.095291137695312
94936271,2025,2025-11-18,9420,2025-11-14,"535 ",022963,,5,3,9,1500,0,1,3,,1,184,SR-184,"DI GIORGIO RD",0.00,,Y,B,C,Y,KER,,184," "," ",1.003,H,,R,Y,4,0,1,2,A,-,12,21453,A,N,D,C,A,B,H,-,C,A,0,,,,,Y,,D,22,0,0,1,0,0,0,0,0,0,"- ","- ",35.252391815185547,-118.91449737548828,KERN,UNINCORPORATED,-118.91438293457031,35.252388000488281
94936286,2025,2025-11-18,9420,2025-08-03,"143 ",023030,,7,3,9,1500,0,2,4,,1,071,"MOUNT VERNON AVENUE SOUTHBOUND (S/B)","OREGON STREET",50.00,N,N,A,-,N,,,,,,,,,,N,1,1,0,2,A,-,11,21954,A,F,G,B,D,A,H,-,C,D,0,Y,,,,Y,,N,60,0,0,0,1,0,0,0,0,0,"- ","- ",35.377769470214844,-118.967529296875,KERN,UNINCORPORATED,-118.96755981445312,35.377666473388672
94936311,2025,2025-11-18,9420,2025-10-25,2300,023391,,6,3,9,1500,0,3,5,,2,672,"CASA LOMA DRIVE","MADISON STREET",255.00,W,N,A,-,N,,,,,,,,,,Y,3,0,1,2,A,-,08,22107,,F,B,2,A,A,H,-,D,D,0,,,,,Y,,D,22,0,1,0,0,0,0,0,0,0,"- ","- ",35.339431762695312,-118.99523162841797,KERN,UNINCORPORATED,-118.9951171875,35.339450836181641
94936322,2025,2025-11-18,9420,2025-11-12,"533 ",018607,,3,3,9,1500,0,1,3,,2,583,SR-58,SR-43,1848.00,E,N,A,-,Y,KER,,58," ",R,39.612,H,,R,Y,3,0,3,4,A,-,03,22350,,N,C,C,A,A,H,-,D,A,0,,,,,Y,,D,22,0,3,0,0,0,0,0,0,0,"- ","- ",35.3543701171875,-119.24581909179688,KERN,UNINCORPORATED,-119.24581909179688,35.354373931884766
94936340,2025,2025-11-18,9420,2025-11-08,1230,022963,,6,1,4,1503,0,1,3,,2,091,"SR-99 S/B",SR-155,2413.00,N,N,A,-,Y,KER,,99," "," ",55.058,H,,L,N,4,0,1,2,A,-,08,22107,,M,C,C,A,A,H,-,A,D,0,,,,,Y,,-,99,0,0,1,0,0,0,0,0,0,"- ","- ",35.754890441894531,-119.24732208251953,KERN,DELANO,-119.24733734130859,35.7548828125
94936349,2025,2025-11-18,9426,2025-11-05,1400,016828,,3,2,9,1500,0,1,1,,2,502,"I-5 N/B","MAIN DRAIN ROAD",1056.00,N,N,B,-,Y,KER,,5," "," ",70.161,H,,R,Y,4,0,1,2,D,-,00,,,N,B,C,A,A,H,-,A,D,0,,,,Y,Y,,-,"- ",0,0,1,0,0,0,0,0,0,"- ","- ",35.582969665527344,-119.62328338623047,KERN,UNINCORPORATED,-119.623291015625,35.582965850830078
94937333,2025,2025-11-19,9420,2025-11-10,"600 ",019901,,1,1,4,1503,0,1,3,,2,090,"SR-99 N/B TO CECIL AVE","FREMONT ST",15.00,W,N,A,-,Y,,,,,,,,,,N,4,0,1,2,A,-,03,22350,,M,C,C,A,A,H,-,B,D,0,,,,,Y,,-,99,0,0,1,0,0,0,0,0,0,"- ","- ",35.772209167480469,-119.25110626220703,KERN,DELANO,-119.25266265869141,35.777873992919922
94937341,2025,2025-11-19,9420,2025-11-14,1700,023531,,5,2,9,1500,0,1,3,,2,178,SR-178,"YANKEE CANYON",1056.00,E,N,C,-,Y,KER,,178," "," ",47.796,H,,R,Y,3,0,2,2,A,-,05,21460,A,N,A,C,A,B,H,-,B,D,0,,,,,Y,,D,22,0,2,0,0,0,0,0,0,0,"- ","- ",35.658210754394531,-118.43212127685547,KERN,UNINCORPORATED,-118.43212127685547,35.658226013183594
94937681,2025,2025-11-19,9420,2025-11-13,"455 ",022923,,4,3,4,1503,0,1,3,,2,090,"SR-99 N/B","WOOLLOMES AVENUE",20.00,N,N,A,-,Y,KER,,99," "," ",54.484,H,,R,Y,4,0,1,2,A,-,08,22107,,N,B,2,A,A,H,-,C,D,0,,,,,Y,,A,01,0,0,1,0,0,0,0,0,0,"- ","- ",35.747020721435547,-119.24378967285156,KERN,DELANO,-119.24375152587891,35.747032165527344
94938107,2025,2025-11-19,9420,2025-11-14,1000,019140,,5,1,9,1500,0,1,3,,2,178,SR-178,"YANKEE CANYON ROAD",2640.00,W,N,B,C,Y,KER,,178," "," ",46.892,H,,R,Y,3,0,2,2,A,-,03,22350,,N,A,C,A,B,H,-,A,D,0,,,,,Y,,A,01,0,1,1,0,0,0,0,0,0,"- ","- ",35.656940460205078,-118.44757843017578,KERN,UNINCORPORATED,-118.44757843017578,35.656936645507812
94938118,2025,2025-11-19,9420,2025-10-07,1055,016978,,2,1,9,1500,0,3,5,,2,630,"COSTAJO ROAD",SR-223,1584.00,N,N,A,-,N,,,,,,,,,,N,2,0,1,2,A,-,11,21954,A,N,G,B,E,A,H,-,A,D,0,Y,,,Y,Y,,N,60,1,0,0,0,1,0,0,0,0,"- ","- ",35.213260650634766,-119.01203918457031,KERN,UNINCORPORATED,-119.01201629638672,35.212905883789062
94938138,2025,2025-11-19,9420,2025-11-14,1910,022083,,5,2,6,1502,0,1,3,,1,176,"SR-178 E/B","M STREET",430.00,E,N,B,C,Y,KER,,178," ",R,1.724,H,,R,N,3,0,1,1,A,-,08,22107,,N,E,I,A,B,H,-,C,D,0,,,,,Y,,A,01,0,1,0,0,0,0,0,0,0,"- ","- ",35.380111694335938,-119.01444244384766,KERN,BAKERSFIELD,-119.01444244384766,35.380130767822266
94938221,2025,2025-11-19,9830,2025-11-11,1220,016450,,2,1,9,1500,0,1,3,,2,012,"SR-58 W/B","SAND CANYON RD",5280.00,E,N,A,-,Y,KER,,58," ",R,100.626,H,,L,Y,4,0,1,1,A,-,08,22107,,N,E,J,A,A,H,-,A,D,0,,,,Y,Y,,G,25,0,0,1,0,0,0,0,0,0,"- ","- ",35.099411010742188,-118.30821990966797,KERN,UNINCORPORATED,-118.30808258056641,35.099479675292969
94938278,2025,2025-11-19,9426,2025-11-04,1510,016953,,2,2,9,1500,1,4,S,,2,901,"4TH ST","PINE DR",10.00,N,N,A,-,N,,,,,,,,,,N,4,0,1,1,C,-,18,,,N,H,A,A,A,H,-,A,D,0,,,,,Y,,-,"- ",0,0,1,0,0,0,0,0,0,"- ","- ",35.148220062255859,-119.43589782714844,KERN,UNINCORPORATED,-119.45386505126953,35.148197174072266
94938307,2025,2025-11-19,9830,2025-10-18,2240,024436,,6,3,9,1500,0,3,5,,2,003,"MOJAVE TROPICO ROAD",BACKUS,10560.00,S,N,A,-,N,,,,,,,,,,Y,2,0,1,1,A,-,01,23152,A,N,F,A,A,A,H,-,D,D,0,,,,,Y,Y,A,07,1,0,0,0,0,0,0,0,0,"- ","- ",34.922008514404297,-118.21295928955078,KERN,UNINCORPORATED,-118.21295928955078,34.921993255615234
94939249,2025,2025-11-20,9420,2025-11-15,1057,022872,,6,1,9,1500,0,1,3,,2,585,"SR-58 W/B","MT VERNON AVE",739.00,E,N,C,-,Y,KER,,58," ",R,56.555,H,,L,Y,4,0,1,1,A,-,08,22107,,N,F,A,A,B,H,-,A,D,0,,,,,Y,,A,01,0,0,1,0,0,0,0,0,0,"- ","- ",35.353229522705078,-118.96514892578125,KERN,UNINCORPORATED,-118.96514892578125,35.353172302246094
94939408,2025,2025-11-20,9420,2025-11-17,1350,022083,,1,1,9,1500,0,2,4,,1,051,"MANOR ST","DEVORE AVE",634.00,S,N,B,C,N,,,,,,,,,,Y,3,0,1,2,A,-,03,22350,,N,C,C,A,B,H,-,A,D,0,,,,,Y,,A,01,0,1,0,0,0,0,0,0,0,"- ","- ",35.431358337402344,-119.01244354248047,KERN,UNINCORPORATED,-119.01242828369141,35.431388854980469
94939430,2025,2025-11-20,9420,2025-11-18,"825 ",021632,,2,1,9,1500,0,2,4,,1,072,"NILES STREET","WEBSTER STREET",0.00,,Y,A,-,N,,,,,,,,,,Y,4,0,1,2,A,-,09,21802,A,N,D,C,A,A,H,-,A,A,0,,,,,Y,,A,01,0,0,1,0,0,0,0,0,0,"- ","- ",35.375778198242188,-118.96299743652344,KERN,UNINCORPORATED,-118.96302032470703,35.375812530517578
94939508,2025,2025-11-20,9426,2025-10-31,"538 ",019442,,5,3,9,1500,0,1,1,,2,502,"INTERSTATE 5 NORTHBOUND","EAST SIDE CANAL ROAD",6336.00,S,N,A,-,Y,KER,,5," "," ",66.792,H,,R,Y,1,1,2,1,A,-,08,22107,,N,F,I,A,A,H,-,D,D,0,,,,,Y,,A,07,0,1,1,0,0,0,0,0,0,"- ","- ",35.545700073242188,-119.58448028564453,KERN,UNINCORPORATED,-119.58438110351562,35.545768737792969
94940208,2025,2025-11-20,9830,2025-11-02,1845,023400,,7,2,9,1500,0,3,5,,2,003,"POPLAR ST","DIAMOND ST",0.00,,Y,A,-,N,,,,,,,,,,N,4,0,1,2,A,-,01,23153,A,N,D,3,A,A,H,-,C,A,0,,,,,Y,Y,A,07,0,0,1,0,0,0,0,0,0,"- ","- ",34.861370086669922,-118.16417694091797,KERN,UNINCORPORATED,-118.16416931152344,34.861347198486328
94940316,2025,2025-11-20,9426,2025-11-09,"520 ",021959,,7,3,9,1500,0,3,5,,2,081,"HARRISON ST","ELM ST",109.00,N,N,A,-,N,,,,,,,,,,Y,3,0,1,2,A,-,01,23152,A,N,C,E,A,A,H,-,C,D,0,,,,,Y,Y,A,01,0,1,0,0,0,0,0,0,0,"- ","- ",35.157951354980469,-119.45630645751953,KERN,UNINCORPORATED,-119.45633697509766,35.157878875732422
94940544,2025,2025-11-21,9830,2025-11-09,1251,017237,,7,1,9,1500,0,1,3,,1,040,"SR-14 SOUTHBOUND TO SR-58 WESTBOUND",SR-14,20.00,W,N,A,-,Y,KER,,14," "," ",19.239,H,,L,Y,3,0,1,1,A,-,03,22350,,N,E,I,A,A,H,-,A,D,0,,,,,Y,,A,01,0,1,0,0,0,0,0,0,0,"- ","- ",35.100639343261719,-118.14333343505859,KERN,UNINCORPORATED,-118.14324951171875,35.100593566894531
94941596,2025,2025-11-21,9430,2025-11-06,2335,023179,,4,3,9,1500,0,1,1,,2,055,"4191 TEJON INDUSTRIAL DR (PETRO TRUCK STOP)","LAVAL RD",671.00,N,N,A,-,N,,,,,,,,,,N,4,0,1,2,B,-,22,,,N,B,C,A,A,H,-,C,D,0,,,,Y,Y,,G,25,0,0,1,0,0,0,0,0,0,"- ","- ",34.986179351806641,-118.95021820068359,KERN,UNINCORPORATED,-118.95223236083984,34.985210418701172
94941610,2025,2025-11-21,9430,2025-11-13,"941 ",023179,,4,1,9,1500,0,1,1,,2,053,"SB I-5","FORT TEJON RD",16368.00,N,N,A,-,Y,KER,,5," "," ",8.661,H,,L,Y,3,0,1,2,A,-,03,22350,,N,C,C,A,A,H,-,A,D,0,,,,,Y,,A,01,0,1,0,0,0,0,0,0,0,"- ","- ",34.918460845947266,-118.92514038085938,KERN,UNINCORPORATED,-118.92514801025391,34.918460845947266
94941647,2025,2025-11-21,9430,2025-11-17,1539,018631,,1,2,9,1500,0,1,1,,2,053,"I-5 S/B","GRAPEVINE ROAD",1500.00,S,N,C,-,Y,KER,,5," "," ",10.000,H,,L,Y,4,0,1,2,A,-,03,22350,,N,C,C,A,B,H,-,A,D,0,,,,Y,Y,,G,27,0,0,1,0,0,0,0,0,0,"- ","- ",34.936588287353516,-118.93080139160156,KERN,UNINCORPORATED,-118.93076324462891,34.936588287353516
94941691,2025,2025-11-21,9420,2025-11-14,1804,022305,,5,2,9,1500,0,3,5,,2,630,"GARONE FARM ROAD","NORTH ROAD",0.00,,Y,B,C,N,,,,,,,,,,Y,4,0,1,3,A,-,09,21802,A,N,D,C,A,B,H,-,C,A,0,,,,,Y,,D,22,0,0,1,0,0,0,0,0,0,"- ","- ",35.067108154296875,-118.97589111328125,KERN,UNINCORPORATED,,
94941707,2025,2025-11-21,9430,2025-11-14,"830 ",019335,,5,1,9,1500,0,1,1,,2,052,"I-5 N/B","FRAZIER MOUNTAIN PARK RD",3000.00,N,N,B,C,Y,KER,,5," "," ",0.572,H,,R,Y,3,0,2,2,A,-,03,22350,,N,B,C,A,B,H,-,A,D,0,,,,,Y,,A,01,0,2,0,0,0,0,0,0,0,"- ","- ",34.824058532714844,-118.87499237060547,KERN,UNINCORPORATED,-118.87503814697266,34.824092864990234
94942876,2025,2025-11-21,9426,2025-11-19,"940 ",019896,,3,1,9,1500,0,1,3,,1,118,SR-119,"MIDWAY RD",0.00,,Y,A,-,Y,KER,,119," "," ",3.159,H,,R,Y,4,0,2,2,A,-,03,22350,,N,C,2,A,A,H,-,A,A,0,,,,,Y,,A,07,0,0,2,0,0,0,0,0,0,"- ","- ",35.18048095703125,-119.45397186279297,KERN,UNINCORPORATED,-119.45400238037109,35.180477142333984
94943221,2025,2025-11-24,9420,2025-11-09,2115,023619,,7,2,9,1500,0,1,3,,2,091,"SR-99 S/B","ELMO HWY",1056.00,S,N,A,-,Y,KER,,99," "," ",50.196,H,,L,Y,4,0,1,1,A,-,08,22107,,N,E,I,A,A,H,-,D,D,0,,,,,Y,,A,01,0,0,1,0,0,0,0,0,0,"- ","- ",35.686138153076172,-119.22907257080078,KERN,UNINCORPORATED,-119.22918701171875,35.686126708984375
94943223,2025,2025-11-24,9420,2025-11-13,1800,023619,,4,2,4,1503,0,1,3,,2,091,"SR-99 S/B",SR-155,1003.00,N,N,C,-,Y,KER,,99," "," ",55.723,H,,L,Y,4,0,3,3,A,-,03,22350,,N,C,C,A,B,H,-,D,D,0,,,,,Y,,D,22,0,0,3,0,0,0,0,0,0,"- ","- ",35.764278411865234,-119.24981689453125,KERN,DELANO,-119.24988555908203,35.764270782470703
94943225,2025,2025-11-24,9420,2025-11-18,1710,022305,,2,2,6,1502,0,1,3,,2,094,"SR-99 N/B","PLANZ RD",368.00,S,N,A,-,Y,KER,,99," "," ",21.526,H,,R,Y,4,0,2,5,A,-,03,22350,,N,C,C,A,A,H,-,C,D,0,,,,,Y,,A,01,0,0,2,0,0,0,0,0,0,"- ","- ",35.323978424072266,-119.03768920898438,KERN,BAKERSFIELD,-119.03773498535156,35.323970794677734
94943228,2025,2025-11-24,9420,2025-10-30,1008,022050,,4,1,6,1502,0,1,3,,2,585,"SR-58 W/B","OSWELL ST",300.00,W,N,A,-,Y,KER,,58," ",R,57.363,H,,L,Y,3,0,1,2,A,-,08,22107,,N,B,C,A,A,H,-,A,D,0,,,,Y,Y,,A,01,0,1,0,0,0,0,0,0,0,"- ","- ",35.352401733398438,-118.95098114013672,KERN,BAKERSFIELD,-118.95098114013672,35.352405548095703
94943735,2025,2025-11-24,9830,2025-11-17,"735 ",022130,,1,1,9,1500,0,1,3,,2,030,"SR-14 S/B","SILVER QUEEN RD",6336.00,S,N,A,-,Y,KER,,14," ",R,10.810,H,,L,Y,4,0,2,2,A,-,03,22350,,N,C,C,A,A,H,-,A,D,0,,,,,Y,,A,01,0,0,2,0,0,0,0,0,0,"- ","- ",34.976070404052734,-118.15956878662109,KERN,UNINCORPORATED,-118.15950012207031,34.976066589355469
94943768,2025,2025-11-24,9830,2025-11-14,"545 ",019762,,5,3,9,1500,0,3,5,,2,005,"GARLOCK RD.",US-395,2112.00,W,N,B,C,N,,,,,,,,,,Y,3,0,1,2,A,-,03,22350,,N,D,C,A,B,H,-,D,D,0,,,,Y,Y,,A,01,0,1,0,0,0,0,0,0,0,"- ","- ",35.430919647216797,-117.67884826660156,KERN,UNINCORPORATED,-117.6783447265625,35.431587219238281
94944192,2025,2025-11-24,9830,2025-11-14,"845 ",020866,,5,1,9,1500,0,2,4,,1,034,"ROSAMOND BLVD.","15TH ST  W",528.00,E,N,C,-,N,,,,,,,,,,N,4,0,1,2,A,-,03,22350,,N,C,C,A,B,H,-,A,D,0,,,,,Y,,A,07,0,0,1,0,0,0,0,0,0,"- ","- ",34.864490509033203,-118.15566253662109,KERN,UNINCORPORATED,-118.15647125244141,34.864490509033203
94944896,2025,2025-11-24,9420,2025-11-15,"400 ",023446,,6,3,9,1500,0,3,5,,2,672,"SR-178 E/B","178 KER 19.00",120.00,E,N,B,C,Y,KER,,178," "," ",19.075,H,,R,N,4,0,1,1,A,-,08,22107,,N,E,I,A,B,H,-,D,D,0,,,,,Y,,D,22,0,0,1,0,0,0,0,0,0,"- ","- ",35.478981018066406,-118.73552703857422,KERN,UNINCORPORATED,-118.73552703857422,35.479030609130859
9494496,2022,2022-10-12,1509,2022-09-13,1425,1009,W,2,5,3,1509,0,0,0,,0,,"TUCKER RD","W VALLEY BLVD",0.00,,N,A,-,N,,,,,,,,,,N,3,0,1,2,A,-,03,22350,,N,C,C,A,A,H,-,A,D,0,,,,,Y,,D,22,0,1,0,0,0,0,0,0,0,"- ","- ",35.124340057373047,-118.46996307373047,KERN,TEHACHAPI,-118.467789,35.124333999999998
94944977,2025,2025-11-24,9420,2025-11-11,1700,021845,,2,2,9,1500,0,1,3,,2,091,"SR-99 S/B","7TH STANDARD RD",14784.00,N,N,B,-,Y,KER,,99," "," ",33.516,H,,L,Y,3,0,1,1,C,-,18,,,N,E,J,A,A,H,-,B,D,0,,,,,Y,,-,"- ",0,1,0,0,0,0,0,0,0,"- ","- ",35.469718933105469,-119.12477111816406,KERN,UNINCORPORATED,-119.12482452392578,35.469669342041016
94945030,2025,2025-11-24,9420,2025-11-12,1750,021845,,3,2,6,1502,0,1,3,,2,093,"SR-99 S/B","STOCKDALE HWY",1056.00,N,N,A,-,Y,KER,,99," "," ",23.828,H,,L,Y,4,0,2,2,A,-,03,22350,,N,C,C,A,A,H,-,D,D,0,,,,,Y,,A,01,0,0,2,0,0,0,0,0,0,"- ","- ",35.357189178466797,-119.03961181640625,KERN,BAKERSFIELD,-119.03961181640625,35.357189178466797
94945064,2025,2025-11-24,9420,2025-11-13,1830,023229,,4,2,9,1500,0,3,5,,2,070,"QUANTICO AVENUE","POTOMAC AVENUE",0.00,,Y,B,C,N,,,,,,,,,,Y,4,0,1,2,A,-,12,22450,A,N,D,C,A,B,H,-,C,A,0,,,,,Y,,D,22,0,0,1,0,0,0,0,0,0,"- ","- ",35.365020751953125,-118.95863342285156,KERN,UNINCORPORATED,-118.95859527587891,35.364997863769531
94945406,2025,2025-11-24,9420,2025-11-14,1620,023619,,5,2,4,1503,0,1,3,,2,091,"SR-99 S/B","11TH AVE",500.00,N,N,C,-,Y,KER,,99," "," ",56.185,H,,L,Y,4,0,1,2,A,-,03,22350,,N,D,C,A,B,H,-,A,D,0,,,,,Y,,A,07,0,0,1,0,0,0,0,0,0,"- ","- ",35.770858764648438,-119.25138854980469,KERN,DELANO,-119.25141906738281,35.770854949951172
94945685,2025,2025-11-24,9420,2025-11-15,1517,023204,,6,2,9,1500,0,2,4,,1,072,"NILES STREET","CRESTMONT STREET",20.00,E,N,B,C,N,,,,,,,,,,N,4,0,1,2,A,-,03,22350,,N,C,C,A,A,H,-,A,A,0,,,,,Y,,A,01,0,0,1,0,0,0,0,0,0,"- ","- ",35.375949859619141,-118.95390319824219,KERN,UNINCORPORATED,-118.95405578613281,35.375968933105469
94945716,2025,2025-11-24,9420,2025-11-14,1319,022872,,5,1,9,1500,0,3,5,,2,040,"BERNARD ST","BEALE AVE",0.00,,Y,B,-,N,,,,,,,,,,Y,3,0,3,2,D,-,00,,,N,A,C,A,B,H,-,A,A,0,,,,,Y,,-,"- ",0,1,2,0,0,0,0,0,0,"- ","- ",35.390399932861328,-118.98489379882812,KERN,UNINCORPORATED,-118.98497772216797,35.390411376953125
94945720,2025,2025-11-24,9420,2025-09-13,1910,023259,,6,2,9,1500,0,2,4,,1,051,"N. CHESTER AVE S/B","CHINA GRADE LOOP",130.00,N,N,A,-,N,,,,,,,,,,N,4,0,1,2,A,-,07,21658,A,M,B,C,A,A,H,-,A,D,0,,,,,Y,,A,01,0,0,1,0,0,0,0,0,0,"- ","- ",35.427230834960938,-119.02130126953125,KERN,UNINCORPORATED,-119.02118682861328,35.427078247070312
94945725,2025,2025-11-24,9420,2025-11-15,1950,023204,,6,2,9,1500,0,1,3,,1,184,SR-184,"EDISON HIGHWAY",469.00,N,N,B,C,Y,KER,,184," "," ",8.453,H,,R,Y,4,0,1,2,A,-,03,22350,,N,C,C,A,B,H,-,D,D,0,,,,,Y,,A,07,0,0,1,0,0,0,0,0,0,"- ","- ",35.359691619873047,-118.91423797607422,KERN,UNINCORPORATED,-118.91426849365234,35.359691619873047
94945944,2025,2025-11-24,9420,2025-11-17,1535,023391,,1,2,9,1500,0,3,5,,2,671,"DI GIORGIO ROAD","SAN DIEGO STREET",480.00,W,N,B,C,N,,,,,,,,,,Y,2,0,2,2,A,-,03,22350,,N,C,C,A,B,H,-,A,D,0,,,,,Y,,A,01,1,0,1,0,0,0,0,0,0,"- ","- ",35.252399444580078,-118.92057800292969,KERN,UNINCORPORATED,-118.92043304443359,35.252391815185547
94945948,2025,2025-11-24,9420,2025-11-17,1550,023243,,1,2,6,1502,0,1,3,,1,176,"SR-178 E/B","BEALE AVENUE",31.00,W,N,B,C,Y,KER,,178," ",R,3.367,H,,R,N,3,0,1,1,A,-,03,22350,,N,E,I,A,B,H,-,A,D,0,,,,,Y,,A,01,0,1,0,0,0,0,0,0,0,"- ","- ",35.385829925537109,-118.98670196533203,KERN,BAKERSFIELD,-118.98670959472656,35.385852813720703
94946912,2025,2025-11-25,9420,2025-11-01,"600 ",022963,,6,1,4,1503,0,1,3,,2,090,"SR-99 N/B","WOOLLOMES AVE",330.00,S,N,A,-,Y,KER,,99," "," ",54.421,H,,R,Y,3,0,2,2,A,-,08,22107,,F,B,C,A,A,H,-,D,D,0,,,,,Y,,-,99,0,1,1,0,0,0,0,0,0,"- ","- ",35.746189117431641,-119.24330139160156,KERN,DELANO,-119.24337768554688,35.746166229248047
94946929,2025,2025-11-25,9420,2025-11-18,1540,022415,,2,2,9,1500,0,3,5,,2,060,"MOHAWK ST","ROSEDALE HWY",100.00,N,N,A,-,N,,,,,,,,,,N,4,0,1,2,A,-,21,22106,,N,C,C,A,A,H,-,A,A,0,,,,,Y,,D,22,0,0,1,0,0,0,0,0,0,"- ","- ",35.384040832519531,-119.06555938720703,KERN,UNINCORPORATED,-119.06551361083984,35.383331298828125
94947124,2025,2025-11-25,9430,2025-11-15,2100,022644,,6,2,9,1500,0,1,1,,2,052,"I-5 NORTHBOUND","FRAZIER MOUNTAIN PARK ROAD",3000.00,N,N,B,C,Y,KER,,5," ",R,0.541,H,,R,Y,4,0,1,2,A,-,03,22350,,N,E,8,A,B,H,-,C,D,0,,,,,Y,,A,01,0,0,1,0,0,0,0,0,0,"- ","- ",34.82379150390625,-118.87544250488281,KERN,UNINCORPORATED,-118.87538909912109,34.823753356933594
94947283,2025,2025-11-25,9426,2025-11-15,1300,019592,,6,1,9,1500,0,3,5,,2,085,"MAGNOLIA AVE","FILBURN ST",0.00,,Y,B,-,N,,,,,,,,,,Y,4,0,1,2,A,-,09,21804,A,N,D,D,A,A,H,-,A,A,0,,,,,Y,,D,22,0,0,1,0,0,0,0,0,0,"- ","- ",35.579730987548828,-119.36717224121094,KERN,UNINCORPORATED,-119.36716461181641,35.579719543457031
94947668,2025,2025-11-25,9426,2025-11-20,1614,021959,,4,2,9,1500,0,1,3,,1,118,"SR-119 W/B","AIRPORT RD",528.00,E,N,B,-,Y,KER,,119," "," ",5.045,H,,L,Y,4,0,1,2,A,-,03,22350,,N,C,C,A,B,H,-,A,D,0,,,,,Y,,D,22,0,0,1,0,0,0,0,0,0,"- ","- ",35.194499969482422,-119.42771148681641,KERN,UNINCORPORATED,-119.42771148681641,35.194499969482422