CASE_ID,ACCIDENT_YEAR,PROC_DATE,JURIS,COLLISION_DATE,COLLISION_TIME,OFFICER_ID,REPORTING_DISTRICT,DAY_OF_WEEK,CHP_SHIFT,POPULATION,CNTY_CITY_LOC,SPECIAL_COND,BEAT_TYPE,CHP_BEAT_TYPE,CITY_DIVISION_LAPD,CHP_BEAT_CLASS,BEAT_NUMBER,PRIMARY_RD,SECONDARY_RD,DISTANCE,DIRECTION,INTERSECTION,WEATHER_1,WEATHER_2,STATE_HWY_IND,CALTRANS_COUNTY,CALTRANS_DISTRICT,STATE_ROUTE,ROUTE_SUFFIX,POSTMILE_PREFIX,POSTMILE,LOCATION_TYPE,RAMP_INTERSECTION,SIDE_OF_HWY,TOW_AWAY,COLLISION_SEVERITY,NUMBER_KILLED,NUMBER_INJURED,PARTY_COUNT,PRIMARY_COLL_FACTOR,PCF_CODE_OF_VIOL,PCF_VIOL_CATEGORY,PCF_VIOLATION,PCF_VIOL_SUBSECTION,HIT_AND_RUN,TYPE_OF_COLLISION,MVIW,PED_ACTION,ROAD_SURFACE,ROAD_COND_1,ROAD_COND_2,LIGHTING,CONTROL_DEVICE,CHP_ROAD_TYPE,PEDESTRIAN_ACCIDENT,BICYCLE_ACCIDENT,MOTORCYCLE_ACCIDENT,TRUCK_ACCIDENT,NOT_PRIVATE_PROPERTY,ALCOHOL_INVOLVED,STWD_VEHTYPE_AT_FAULT,CHP_VEHTYPE_AT_FAULT,COUNT_SEVERE_INJ,COUNT_VISIBLE_INJ,COUNT_COMPLAINT_PAIN,COUNT_PED_KILLED,COUNT_PED_INJURED,COUNT_BICYCLIST_KILLED,COUNT_BICYCLIST_INJURED,COUNT_MC_KILLED,COUNT_MC_INJURED,PRIMARY_RAMP,SECONDARY_RAMP,LATITUDE,LONGITUDE,COUNTY,CITY,POINT_X,POINT_Y
94977683,2025,2025-12-18,9426,2025-12-16,"625 ",021572,,2,1,9,1500,0,3,5,,2,082,"STOCKDALE HWY","WASCO WAY",40.00,W,N,A,-,N,,,,,,,,,,Y,3,0,2,1,A,-,03,22350,,N,H,J,A,B,H,-,D,D,0,,,,,Y,,A,07,0,1,1,0,0,0,0,0,0,"- ","- ",35.354660034179688,-119.44783020019531,KERN,UNINCORPORATED,-119.44777679443359,35.354499816894531
94977708,2025,2025-12-18,9426,2025-12-17,"25  ",018919,,3,3,9,1500,0,3,5,,2,081,"ELK HILLS RD","VALLEY WEST RD",200.00,N,N,E,-,N,,,,,,,,,,Y,4,0,1,1,A,-,08,22107,,N,F,A,A,A,H,-,D,D,0,,,,,Y,,A,01,0,0,1,0,0,0,0,0,0,"- ","- ",35.210479736328125,-119.44541168212891,KERN,UNINCORPORATED,-119.44554901123047,35.210117340087891
94977772,2025,2025-12-18,9420,2025-12-18,"710 ",020634,,4,1,9,1500,0,3,5,,2,530,"ZERKER ROAD","DRESSER RD",1500.00,S,N,B,-,N,,,,,,,,,,N,4,0,1,3,A,-,03,22350,,N,G,C,A,A,H,-,A,D,0,,,,,Y,,A,01,0,0,1,0,0,0,0,0,0,"- ","- ",35.540370941162109,-119.15129852294922,KERN,UNINCORPORATED,-119.15132141113281,35.540084838867188
94977848,2025,2025-12-18,9830,2025-12-12,2256,023772,,5,3,9,1500,0,3,5,,2,002,"CALIFORNIA CITY BOULEVARD","FOREST BLVD",10.00,N,N,A,-,N,,,,,,,,,,Y,3,0,1,2,A,-,08,22107,,N,A,C,A,A,H,-,D,D,0,,,,,Y,,A,01,0,1,0,0,0,0,0,0,0,"- ","- ",35.103061676025391,-117.91911315917969,KERN,UNINCORPORATED,-117.91908264160156,35.103057861328125
94977940,2025,2025-12-18,9830,2025-11-26,1508,019872,,3,2,9,1500,0,1,3,,2,012,"STATE ROUTE 58 E/B","SAND CANYON ROAD",500.00,W,N,A,-,Y,KER,,58," ",R,98.507,H,,R,N,4,0,1,2,A,-,03,22350,,N,C,C,A,A,H,-,A,D,0,,,,,Y,,D,22,0,0,1,0,0,0,0,0,0,"- ","- ",35.110221862792969,-118.34021759033203,KERN,UNINCORPORATED,-118.34021759033203,35.110260009765625
94978024,2025,2025-12-18,9830,2025-12-03,"800 ",021642,,3,1,9,1500,0,3,5,,2,003,"20TH ST  W","MARIE AVE",336.00,N,N,A,-,N,,,,,,,,,,Y,4,0,1,1,A,-,01,23152,A,N,E,I,A,A,H,-,A,D,0,,,,,Y,Y,A,01,0,0,1,0,0,0,0,0,0,"- ","- ",34.850749969482422,-118.16700744628906,KERN,UNINCORPORATED,-118.16706085205078,34.850742340087891
94979186,2025,2025-12-19,9830,2025-12-01,2009,023211,,1,2,9,1500,0,3,5,,2,002,"BORON AVENUE","SR-58 E/B TO BORON AVENUE",0.00,,Y,A,-,N,,,,,,,,,,Y,3,0,1,2,A,-,09,21802,A,N,D,C,A,A,H,-,C,A,0,,,,Y,Y,Y,G,25,0,1,0,0,0,0,0,0,0,"- ","- ",35.009040832519531,-117.64990234375,KERN,UNINCORPORATED,-117.64981842041016,35.011474609375
94979328,2025,2025-12-19,9420,2025-11-30,"30  ",023079,,7,3,9,1500,0,3,5,,2,070,"LAKE STREET","VIRGINIA STREET",0.00,,Y,A,-,N,,,,,,,,,,Y,3,0,1,1,A,-,01,23152,F,N,E,0,A,A,H,-,D,D,0,,,,,Y,,A,01,0,1,0,0,0,0,0,0,0,"- ","- ",35.376220703125,-118.97624206542969,KERN,UNINCORPORATED,-118.97632598876953,35.376220703125
94979367,2025,2025-12-19,9420,2025-12-04,"420 ",022674,,4,3,4,1503,0,1,3,,2,091,"SR-99 S/B","CECIL AVENUE",1729.00,N,N,A,-,Y,KER,,99," "," ",56.869,H,,L,Y,4,0,1,1,A,-,08,22107,,N,E,8,A,A,H,-,D,D,0,,,,,Y,,A,01,0,0,1,0,0,0,0,0,0,"- ","- ",35.780719757080078,-119.25344848632812,KERN,DELANO,-119.25337219238281,35.780715942382812
94979495,2025,2025-12-19,9830,2025-12-13,1230,022968,,6,1,9,1500,0,2,4,,1,042,"BUSINESS ROUTE 58 NORTH","STATE ROUTE 58",650.00,S,N,A,-,Y,,,,,,,,,,Y,3,0,1,2,A,-,09,21802,A,N,D,C,A,A,H,-,A,A,0,,,,,Y,,A,01,0,1,0,0,0,0,0,0,0,"- ","- ",35.111900329589844,-118.18003082275391,KERN,UNINCORPORATED,-119.01410675048828,35.352787017822266
94980843,2025,2025-12-22,9430,2025-12-03,1049,023179,,3,1,9,1500,0,1,1,,2,051,"NB I-5","FRAZIER MOUNTAIN PARK RD",1690.00,S,N,A,-,Y,LA,,5," ",R,88.249,H,,R,N,3,0,1,2,A,-,08,22107,,N,B,2,A,A,H,-,A,D,0,,,,,Y,,A,01,0,1,0,0,0,0,0,0,0,"- ","- ",34.813358306884766,-118.88458251953125,KERN,UNINCORPORATED,-118.88449859619141,34.813346862792969
94980852,2025,2025-12-22,9430,2025-11-30,1230,019845,,7,1,9,1500,0,1,1,,2,053,"I-5 (SOUTHBOUND)","#3 TURN THRU",1000.00,N,N,E,-,Y,KER,,5," "," ",7.184,H,,R,N,4,0,2,2,A,-,03,22350,,M,C,C,A,A,H,-,A,D,0,,,,,Y,,A,07,0,0,2,0,0,0,0,0,0,"- ","- ",34.897911071777344,-118.92186737060547,KERN,UNINCORPORATED,-118.92158508300781,34.898025512695312
94981342,2025,2025-12-22,9830,2025-11-27,2300,024530,,4,3,9,1500,0,3,5,,2,001,"TEHACHAPI WILLOW SPRINGS RD","HIGHLINE RD",2353.00,S,N,A,-,N,,,,,,,,,,Y,4,0,1,1,A,-,01,23152,A,N,F,A,A,A,H,-,D,D,0,,,,,Y,Y,A,01,0,0,1,0,0,0,0,0,0,"- ","- ",35.103229522705078,-118.39691162109375,KERN,UNINCORPORATED,-118.39678955078125,35.103256225585938
94981565,2025,2025-12-22,9420,2025-12-05,1705,022806,,5,2,9,1500,0,1,3,,1,184,"SR-184 N/B","FULLER DRIVE",50.00,S,N,B,-,Y,KER,,184," "," ",4.282,H,,R,N,2,0,1,2,A,-,11,21954,A,N,G,B,D,A,H,-,C,D,0,Y,,,,Y,,N,60,1,0,0,0,1,0,0,0,0,"- ","- ",35.299751281738281,-118.91433715820312,KERN,UNINCORPORATED,-118.91436004638672,35.299751281738281
94981601,2025,2025-12-22,9420,2025-12-17,1320,021667,,3,1,9,1500,0,3,5,,2,070,"MILLS DRIVE",SR-184,628.00,W,N,A,-,N,,,,,,,,,,N,4,0,1,2,A,-,03,22350,,N,C,C,A,A,H,-,A,A,0,,,,,Y,,A,01,0,0,1,0,0,0,0,0,0,"- ","- ",35.361640930175781,-118.91652679443359,KERN,UNINCORPORATED,-118.9163818359375,35.361637115478516
94981604,2025,2025-12-22,9420,2025-12-05,"846 ",021667,,5,1,9,1500,0,2,4,,1,072,"EDISON HIGHWAY",SR-184,150.00,E,N,B,-,N,,,,,,,,,,Y,4,0,1,2,A,-,03,22350,,N,C,C,A,A,H,-,A,A,0,,,,,Y,,D,22,0,0,1,0,0,0,0,0,0,"- ","- ",35.358028411865234,-118.91316986083984,KERN,UNINCORPORATED,-118.91373443603516,35.358169555664062
94981745,2025,2025-12-22,9426,2025-12-13,1515,019442,,6,2,9,1500,0,1,3,,2,461,"SR-46 E/B","I-5 N/B OFF-RAMP",0.00,,Y,A,-,Y,KER,,46," "," ",32.646,H,,R,N,4,0,1,2,D,-,00,,,N,D,C,A,A,H,-,A,A,0,,,,,Y,,-,"- ",0,0,1,0,0,0,0,0,0,"- ","- ",35.616249084472656,-119.65129852294922,KERN,UNINCORPORATED,-119.65129852294922,35.616264343261719
94981795,2025,2025-12-22,9426,2025-12-13,2345,023169,,6,3,9,1500,0,1,3,,2,582,"I-5 N/B","STOCKDALE HWY",0.00,,Y,B,E,Y,KER,,58," ",R,34.646,H,,R,Y,3,0,2,2,A,-,12,22450,A,N,D,C,A,A,H,-,C,D,0,,,,,Y,,A,01,0,1,1,0,0,0,0,0,0,"- ","- ",35.354869842529297,-119.33376312255859,KERN,UNINCORPORATED,-119.33375549316406,35.354915618896484
94981845,2025,2026-02-24,9420,2025-12-14,1510,023229,,7,2,9,1500,0,3,5,,2,630,"OLD RIVER ROAD",SR-223,559.00,N,N,E,-,N,,,,,,,,,,N,4,0,2,3,A,-,06,21751,,N,B,2,A,A,H,-,A,D,0,,,,,Y,,A,01,0,0,2,0,0,0,0,0,0,"- ","- ",35.210369110107422,-119.10997009277344,KERN,UNINCORPORATED,-119.10995483398438,35.210384368896484
94982127,2025,2025-12-22,9420,2025-12-08,1726,023326,,1,2,9,1500,0,3,5,,2,060,"MEACHAM ROAD","HERNDON STREET",140.00,E,N,A,-,N,,,,,,,,,,N,2,0,1,2,A,-,05,21650,,N,H,G,A,A,H,-,C,D,0,,Y,,,Y,,L,04,1,0,0,0,0,0,1,0,0,"- ","- ",35.390720367431641,-119.12140655517578,KERN,UNINCORPORATED,-119.12145233154297,35.39068603515625
94982460,2025,2025-12-22,9420,2025-12-13,1500,023229,,6,2,9,1500,0,3,5,,2,671,"N COMANCHE DRIVE","BUENA VISTA BLVD",0.00,,Y,B,-,N,,,,,,,,,,Y,4,0,1,2,A,-,12,22450,A,N,D,C,A,A,H,-,A,A,0,,,,,Y,,A,01,0,0,1,0,0,0,0,0,0,"- ","- ",35.238109588623047,-118.84252166748047,KERN,UNINCORPORATED,-118.84253692626953,35.238132476806641
94982468,2025,2025-12-22,9426,2025-10-28,"540 ",019592,,2,3,9,1500,0,1,3,,2,582,"STATE ROUTE 58","BUSSELL ROAD",2112.00,E,N,A,-,Y,KER,,58," ",R,36.633,H,,R,Y,1,1,1,2,A,-,06,21751,,N,A,C,A,A,H,-,D,D,0,,,,,Y,,A,07,1,0,0,0,0,0,0,0,0,"- ","- ",35.354648590087891,-119.29857635498047,KERN,UNINCORPORATED,-119.29857635498047,35.354663848876953
94982643,2025,2025-12-22,9420,2025-12-04,1335,023124,,4,1,9,1500,0,2,4,,1,075,"S. UNION AVE N/B","ADAMS ST",100.00,S,N,A,-,N,,,,,,,,,,N,3,0,1,2,A,-,11,21954,A,N,G,B,D,A,H,-,A,D,0,Y,,,,Y,,N,60,0,1,0,0,1,0,0,0,0,"- ","- ",35.343269348144531,-119.00299835205078,KERN,UNINCORPORATED,-119.00296020507812,35.343334197998047
9498331,2022,2022-10-13,1501,2022-06-10,2128,990,,5,5,3,1501,0,0,0,,0,002,"EL CAMINO REAL","RAYO DE LA LUNA DR",10.00,E,N,A,-,N,,,,,,,,,,N,3,0,1,1,A,-,03,22350,,N,F,A,A,A,H,-,C,D,0,,,,,Y,Y,-,,0,1,0,0,0,0,0,0,0,"- ","- ",35.187091827392578,-118.83557891845703,KERN,ARVIN,-118.83551788330078,35.187171936035156
94983750,2025,2025-12-23,9420,2025-12-19,"550 ",019903,,5,3,9,1500,0,3,5,,2,620,"SUPERIOR ROAD","SULLIVAN ROAD",16.00,S,N,A,-,N,,,,,,,,,,Y,3,0,1,1,A,-,03,22350,,N,E,8,A,A,H,-,D,D,0,,,,,Y,,A,01,0,1,0,0,0,0,0,0,0,"- ","- ",35.41265869140625,-119.23422241210938,KERN,UNINCORPORATED,-119.23538208007812,35.412494659423828
94983835,2025,2025-12-23,9420,2025-12-19,"937 ",022872,,5,1,9,1500,0,2,4,,1,071,"FAIRFAX RD","EUCALYPTUS DR",100.00,N,N,B,-,N,,,,,,,,,,N,4,0,1,2,A,-,09,21804,A,N,D,C,A,A,H,-,A,D,0,,,,,Y,,D,22,0,0,1,0,0,0,0,0,0,"- ","- ",35.365528106689453,-118.93199157714844,KERN,UNINCORPORATED,-118.93193817138672,35.365432739257812
94983842,2025,2025-12-23,9420,2025-12-19,"957 ",022872,,5,1,9,1500,0,3,5,,2,070,"FAIRFAX FRONTAGE RD W","DEACON AVE",280.00,S,N,B,-,N,,,,,,,,,,N,4,0,1,1,A,-,03,22350,,N,E,I,A,A,H,-,A,D,0,,,,,Y,,A,01,0,0,1,0,0,0,0,0,0,"- ","- ",35.360328674316406,-118.93232727050781,KERN,UNINCORPORATED,,
94983899,2025,2025-12-23,9420,2025-12-19,1402,023326,,5,2,9,1500,0,2,4,,1,051,"AIRPORT DRIVE","NORRIS ROAD",30.00,N,N,A,-,N,,,,,,,,,,N,4,0,1,2,A,-,03,22350,,N,C,C,A,A,H,-,A,D,0,,,,,Y,,A,08,0,0,1,0,0,0,0,0,0,"- ","- ",35.419811248779297,-119.03897094726562,KERN,UNINCORPORATED,-119.03916931152344,35.419651031494141
94984204,2025,2025-12-23,9420,2025-12-20,1840,023725,,6,2,9,1500,0,3,5,,2,610,"BELLE TERRACE","WIBLE RD",125.00,E,N,A,-,N,,,,,,,,,,Y,3,0,3,2,A,-,06,21755,A,N,B,2,A,A,H,-,C,A,0,,,,,Y,,A,01,0,3,0,0,0,0,0,0,0,"- ","- ",35.3468017578125,-119.03838348388672,KERN,UNINCORPORATED,-119.03861236572266,35.346721649169922
94984293,2025,2025-12-23,9420,2025-12-16,1400,019021,,2,2,6,1502,0,1,3,,2,092,"SR-99 N/B","CALIFORNIA AVE",1056.00,S,N,A,-,Y,KER,,99," "," ",24.363,H,,R,Y,3,0,1,2,A,-,07,21658,A,N,B,C,A,A,H,-,A,D,0,,,,Y,Y,,A,01,0,1,0,0,0,0,0,0,0,"- ","- ",35.364948272705078,-119.04020690917969,KERN,BAKERSFIELD,-119.040283203125,35.36492919921875
94984306,2025,2025-12-23,9420,2025-12-22,1730,023229,,1,2,9,1500,0,3,5,,2,630,"METTLER FRONTAGE RD","VALPREDO AVE",1092.00,N,N,A,-,N,,,,,,,,,,Y,4,0,1,1,A,-,08,22107,,N,E,8,A,A,H,-,C,D,0,,,,,Y,,A,01,0,0,1,0,0,0,0,0,0,"- ","- ",35.0791015625,-118.97496032714844,KERN,UNINCORPORATED,-118.97500610351562,35.079090118408203
94984330,2025,2025-12-23,9420,2025-12-22,1250,020634,,1,1,9,1500,0,3,5,,2,050,"W DAY AVE","AIRPORT DR",200.00,E,N,A,-,N,,,,,,,,,,N,4,0,1,2,A,-,04,21703,,N,C,C,A,A,H,-,A,D,0,,,,,Y,,A,01,0,0,1,0,0,0,0,0,0,"- ","- ",35.434089660644531,-119.03810882568359,KERN,UNINCORPORATED,-119.03832244873047,35.434150695800781
94984513,2025,2025-12-23,9420,2025-12-22,1603,022385,,1,2,9,1500,0,2,4,,2,062,"ROSEDALE HIGHWAY","RENFRO ROAD",0.00,,Y,A,-,N,,,,,,,,,,Y,4,0,3,2,A,-,03,22350,,N,C,C,A,A,H,-,A,A,0,,,,,Y,,D,22,0,0,3,0,0,0,0,0,0,"- ","- ",35.383609771728516,-119.16313934326172,KERN,UNINCORPORATED,-119.16329193115234,35.383525848388672
94985422,2025,2026-01-22,9495,2025-12-15,1858,021877,,1,2,9,1500,0,1,3,,1,011,"STATE ROUTE 41","YORK AVENUE",14784.00,S,N,B,-,Y,KER,,41," "," ",4.269,H,,R,Y,3,0,1,1,A,-,01,23152,A,N,E,I,A,B,H,-,D,D,0,,,,,Y,Y,A,07,0,1,0,0,0,0,0,0,0,"- ","- ",35.782501220703125,-120.12236022949219,KERN,UNINCORPORATED,-120.12239074707031,35.782554626464844
94985438,2025,2025-12-24,9420,2025-12-18,1510,022701,,4,2,9,1500,0,3,5,,2,671,"DI GIORGIO RD",SR-184,50.00,W,N,A,-,N,,,,,,,,,,N,3,0,1,1,A,-,08,22107,,N,E,I,A,A,H,-,A,D,0,,,,,Y,,M,94,0,1,0,0,0,0,0,0,0,"- ","- ",35.2523193359375,-118.91464996337891,KERN,UNINCORPORATED,-118.91465759277344,35.252399444580078
94985948,2025,2025-12-24,9420,2025-12-20,1740,023725,,6,2,9,1500,0,3,5,,2,672,"E CASA LOMA DR","MADISON ST",0.00,,Y,A,-,N,,,,,,,,,,N,3,0,1,2,A,-,12,22450,A,N,G,B,B,A,H,-,C,A,0,Y,,,,Y,,D,22,0,1,0,0,1,0,0,0,0,"- ","- ",35.339481353759766,-118.99418640136719,KERN,UNINCORPORATED,-118.9942626953125,35.339454650878906
94986930,2025,2025-12-26,9830,2025-12-13,2130,024530,,6,2,9,1500,0,3,5,,2,001,"TEHACHAPI WILLOW SPRINGS RD","JAMESON ST",2640.00,S,N,A,-,N,,,,,,,,,,Y,4,0,1,2,A,-,03,22350,,N,C,C,A,A,H,-,D,D,0,,,,,Y,,A,01,0,0,1,0,0,0,0,0,0,"- ","- ",35.05780029296875,-118.38388061523438,KERN,UNINCORPORATED,-118.39665985107422,35.111919403076172
94986958,2025,2025-12-26,9830,2025-09-13,1100,019872,,6,1,9,1500,0,2,4,,1,034,"ROSAMOND BOULEVARD","ACACIA STREET",400.00,E,N,A,-,N,,,,,,,,,,Y,4,0,2,2,A,-,03,22350,,M,C,C,A,A,H,-,A,A,0,,,,,Y,,A,01,0,0,2,0,0,0,0,0,0,"- ","- ",34.864261627197266,-118.17105865478516,KERN,UNINCORPORATED,-118.17244720458984,34.8642578125
94986985,2025,2025-12-26,9420,2025-12-03,1755,023619,,3,2,9,1500,0,1,3,,1,184,SR-184,"DI GIORGIO ROAD",0.00,,Y,A,-,Y,KER,,184," "," ",1.007,H,,R,Y,4,0,1,2,A,-,01,23152,A,N,D,C,A,A,H,-,C,A,0,,,,,Y,Y,A,07,0,0,1,0,0,0,0,0,0,"- ","- ",35.25244140625,-118.91432952880859,KERN,UNINCORPORATED,-118.91438293457031,35.25244140625
94986988,2025,2025-12-26,9420,2025-12-12,1415,023725,,5,2,9,1500,0,1,3,,1,184,SR-184,"NILES ST",500.00,S,N,A,-,Y,KER,,184," "," ",9.569,H,,R,N,3,0,1,2,A,-,09,21804,A,F,D,C,A,A,H,-,A,D,0,,,,,Y,,-,99,0,1,0,0,0,0,0,0,0,"- ","- ",35.375759124755859,-118.91417694091797,KERN,UNINCORPORATED,-118.91419982910156,35.375759124755859
94987038,2025,2025-12-26,9420,2025-12-13,1905,023725,,6,2,9,1500,0,3,5,,2,070,"COLLEGE AVE","LOCUST RAVINE",100.00,E,N,A,-,N,,,,,,,,,,Y,3,0,6,2,A,-,01,23152,F,N,A,C,A,A,H,-,C,D,0,,,,,Y,,A,01,0,6,0,0,0,0,0,0,0,"- ","- ",35.383079528808594,-118.95880889892578,KERN,UNINCORPORATED,-118.95890808105469,35.383079528808594
94987094,2025,2025-12-26,9420,2025-12-17,1905,023697,,3,2,9,1500,0,3,5,,2,070,"SHALIMAR DRIVE","NILES STREET",370.00,S,N,A,-,N,,,,,,,,,,N,3,0,1,2,A,-,11,21954,A,N,G,B,D,A,H,-,C,D,0,Y,,,,Y,,N,60,0,1,0,0,1,0,0,0,0,"- ","- ",35.374881744384766,-118.93637847900391,KERN,UNINCORPORATED,-118.93644714355469,35.374946594238281
9498730,2022,2022-12-14,1506,2022-11-26,1930,7598,37,6,5,4,1506,0,0,0,,0,,"S GOLD CANYON ST","RT 178",135.00,S,N,A,-,Y,KER,6,178,-,-,102.800,I,6,E,N,2,0,1,2,A,-,01,23153,G,F,G,B,E,A,H,-,C,A,0,Y,,,,Y,Y,E,22,1,0,0,0,1,0,0,0,0,"- ","- ",35.622489929199219,-117.66660308837891,KERN,RIDGECREST,-117.66664123535156,35.622467041015625
9498810,2022,2022-11-15,1507,2022-10-09,0116,302,6,7,5,3,1507,0,0,0,,0,,"N CENTRAL VALLEY HWY","KLASSEN AV",0.00,,Y,A,-,Y,KER,6,43,-,-,17.650,H,-,S,N,3,0,1,2,A,-,03,22350,,N,D,C,A,A,G,-,D,D,0,,,,,Y,,A,01,0,1,0,0,0,0,0,0,0,"- ","- ",35.511501312255859,-119.28449249267578,KERN,SHAFTER,-119.28421020507812,35.511081695556641
94989496,2025,2025-12-29,9420,2025-12-13,2340,022774,,6,3,9,1500,0,3,5,,2,672,"EAST PACHECO ROAD","GARBER WAY",320.00,W,N,E,-,N,,,,,,,,,,Y,3,0,1,2,A,-,05,21460,A,F,A,C,A,A,H,-,D,D,0,,,,,Y,Y,A,01,0,1,0,0,0,0,0,0,0,"- ","- ",35.310440063476562,-118.99980926513672,KERN,UNINCORPORATED,-118.99969482421875,35.310405731201172
94989499,2025,2025-12-29,9420,2025-12-17,1340,021882,,3,1,9,1500,0,3,5,,2,050,"W CHINA GRAPDE LOOP","GOLDENROD ST",0.00,,Y,A,-,N,,,,,,,,,,Y,4,0,1,2,A,-,09,21801,A,N,D,C,A,A,H,-,A,D,0,,,,,Y,,A,07,0,0,1,0,0,0,0,0,0,"- ","- ",35.427040100097656,-119.03356170654297,KERN,UNINCORPORATED,-119.03353118896484,35.427024841308594
94989504,2025,2025-12-29,9420,2025-12-14,2037,023697,,7,2,9,1500,0,2,4,,1,072,"NILES ST","OSWELL ST",50.00,E,N,A,-,N,,,,,,,,,,N,4,0,2,2,A,-,03,22350,,F,C,C,A,A,H,-,C,A,0,,,,,Y,,A,01,0,0,2,0,0,0,0,0,0,"- ","- ",35.375980377197266,-118.94927978515625,KERN,UNINCORPORATED,-118.94965362548828,35.375968933105469
94989746,2025,2025-12-29,9420,2025-11-22,1230,022567,,6,1,9,1500,0,3,5,,2,671,"ROCKPILE ROAD","BUENA VISTA BLVD",785.00,S,N,A,-,N,,,,,,,,,,Y,1,1,1,1,A,-,08,22107,,N,E,8,A,A,H,-,A,D,0,,,,,Y,,A,42,1,0,0,0,0,0,0,0,0,"- ","- ",35.237171173095703,-118.78849029541016,KERN,UNINCORPORATED,-118.78839874267578,35.23626708984375
94989830,2025,2026-02-24,9420,2025-06-23,"205 ",023089,,1,3,9,1500,0,1,3,,2,430,"STATE ROUTE 43","GARCES HIGHWAY",0.00,,Y,A,-,N,,,,,,,,,,Y,1,1,0,2,A,-,12,22450,A,F,D,C,A,A,H,-,D,A,0,,,,,Y,,D,22,0,0,0,0,0,0,0,0,0,"- ","- ",35.761238098144531,-119.344482421875,KERN,UNINCORPORATED,-119.34445190429688,35.761222839355469
94989854,2025,2025-12-29,9420,2025-12-21,1739,023204,,7,2,9,1500,0,2,4,,1,072,"EDISON HIGHWAY","CHAMBERLIN AVENUE",295.00,W,N,B,-,N,,,,,,,,,,N,4,0,1,2,A,-,08,22107,,N,H,G,A,A,H,-,C,D,0,,Y,,,Y,,D,22,0,0,1,0,0,0,1,0,0,"- ","- ",35.371879577636719,-118.97123718261719,KERN,UNINCORPORATED,-118.97123718261719,35.371982574462891
94989957,2025,2025-12-29,9420,2025-12-24,"635 ",019658,,3,1,9,1500,0,1,3,,2,090,"SR-99 N/B","POND ROAD",2640.00,N,N,B,C,Y,KER,,99," "," ",52.924,H,,R,N,4,0,1,1,A,-,03,22350,,N,E,I,A,B,H,-,B,D,0,,,,,Y,,A,01,0,0,1,0,0,0,0,0,0,"- ","- ",35.724910736083984,-119.23802947998047,KERN,UNINCORPORATED,-119.23798370361328,35.724918365478516
94990071,2025,2025-12-29,9420,2025-12-26,"355 ",023446,,5,3,4,1503,0,1,3,,2,091,"SR-99 S/B",SR-155,595.00,N,N,B,C,Y,KER,,99," "," ",55.638,H,,L,N,3,0,1,1,A,-,03,22350,,N,E,I,A,B,H,-,D,D,0,,,,,Y,,A,01,0,1,0,0,0,0,0,0,0,"- ","- ",35.763080596923828,-119.24951934814453,KERN,DELANO,-119.24960327148438,35.763065338134766
94990100,2025,2025-12-29,9426,2025-12-10,1655,016828,,3,2,9,1500,0,3,5,,2,086,"PALM AVENUE","MERCED AVENUE",0.00,,Y,A,-,N,,,,,,,,,,Y,4,0,1,2,A,-,12,22450,A,M,D,C,A,A,H,-,D,A,0,,,,,Y,,A,01,0,0,1,0,0,0,0,0,0,"- ","- ",35.528961181640625,-119.349853515625,KERN,UNINCORPORATED,-119.34988403320312,35.528949737548828
94990193,2025,2025-12-29,9430,2025-12-23,1215,018631,,2,1,9,1500,0,1,3,,2,090,"SR-99 S/B","I-5 S/B",5280.00,N,N,B,G,Y,KER,,99," "," ",0.396,H,,L,Y,4,0,3,3,A,-,03,22350,,N,C,C,A,A,H,-,A,D,0,,,,,Y,,A,01,0,0,3,0,0,0,0,0,0,"- ","- ",35.025180816650391,-118.95767974853516,KERN,UNINCORPORATED,-118.95772552490234,35.025169372558594
94990289,2025,2025-12-29,9426,2025-12-21,1548,016953,,7,2,9,1500,0,1,3,,2,581,SR-58,"LOKERN RD",35904.00,W,N,A,-,Y,KER,,58," "," ",16.801,H,,R,Y,3,0,1,1,A,-,08,22107,,N,F,A,A,A,H,-,A,D,0,,,,,Y,,A,01,0,1,0,0,0,0,0,0,0,"- ","- ",35.325351715087891,-119.61602020263672,KERN,UNINCORPORATED,-119.61604309082031,35.325359344482422
94990515,2025,2025-12-29,9420,2025-12-24,"955 ",020409,,3,1,9,1500,0,1,3,,2,431,SR-43,"7TH STANDARD RD",0.00,,Y,C,-,Y,KER,,43," "," ",12.193,H,,R,Y,4,0,1,2,A,-,12,22450,A,N,D,C,A,B,H,-,A,A,0,,,,,Y,,A,07,0,0,1,0,0,0,0,0,0,"- ","- ",35.441699981689453,-119.25182342529297,KERN,UNINCORPORATED,-119.25184631347656,35.441699981689453