CASE_ID,ACCIDENT_YEAR,PROC_DATE,JURIS,COLLISION_DATE,COLLISION_TIME,OFFICER_ID,REPORTING_DISTRICT,DAY_OF_WEEK,CHP_SHIFT,POPULATION,CNTY_CITY_LOC,SPECIAL_COND,BEAT_TYPE,CHP_BEAT_TYPE,CITY_DIVISION_LAPD,CHP_BEAT_CLASS,BEAT_NUMBER,PRIMARY_RD,SECONDARY_RD,DISTANCE,DIRECTION,INTERSECTION,WEATHER_1,WEATHER_2,STATE_HWY_IND,CALTRANS_COUNTY,CALTRANS_DISTRICT,STATE_ROUTE,ROUTE_SUFFIX,POSTMILE_PREFIX,POSTMILE,LOCATION_TYPE,RAMP_INTERSECTION,SIDE_OF_HWY,TOW_AWAY,COLLISION_SEVERITY,NUMBER_KILLED,NUMBER_INJURED,PARTY_COUNT,PRIMARY_COLL_FACTOR,PCF_CODE_OF_VIOL,PCF_VIOL_CATEGORY,PCF_VIOLATION,PCF_VIOL_SUBSECTION,HIT_AND_RUN,TYPE_OF_COLLISION,MVIW,PED_ACTION,ROAD_SURFACE,ROAD_COND_1,ROAD_COND_2,LIGHTING,CONTROL_DEVICE,CHP_ROAD_TYPE,PEDESTRIAN_ACCIDENT,BICYCLE_ACCIDENT,MOTORCYCLE_ACCIDENT,TRUCK_ACCIDENT,NOT_PRIVATE_PROPERTY,ALCOHOL_INVOLVED,STWD_VEHTYPE_AT_FAULT,CHP_VEHTYPE_AT_FAULT,COUNT_SEVERE_INJ,COUNT_VISIBLE_INJ,COUNT_COMPLAINT_PAIN,COUNT_PED_KILLED,COUNT_PED_INJURED,COUNT_BICYCLIST_KILLED,COUNT_BICYCLIST_INJURED,COUNT_MC_KILLED,COUNT_MC_INJURED,PRIMARY_RAMP,SECONDARY_RAMP,LATITUDE,LONGITUDE,COUNTY,CITY,POINT_X,POINT_Y
9616352,2023,2023-10-19,1509,2023-09-05,1725,1002,W,2,5,3,1509,0,0,0,,0,,"N MILL ST","W J ST",0.00,,Y,A,-,N,,,,,,,,,,Y,3,0,2,2,A,-,09,21801,A,N,D,C,A,A,H,-,A,D,0,,,,,Y,,A,01,0,1,1,0,0,0,0,0,0,"- ","- ",35.134429931640625,-118.45137023925781,KERN,TEHACHAPI,-118.4517822265625,35.13525390625
9616587,2023,2023-10-05,1506,2023-09-09,2328,0242,35,6,5,4,1506,0,0,0,,0,,"W UPJOHN AV","DOWNS ST",20.00,W,N,A,-,N,,,,,,,,,,N,3,0,1,2,A,-,10,21950,,F,G,B,B,A,H,-,C,D,0,Y,,,,Y,,A,01,0,1,0,0,1,0,0,0,0,"- ","- ",35.614818572998047,-117.68736267089844,KERN,RIDGECREST,-117.68795013427734,35.615211486816406
9616701,2023,2023-11-28,1506,2023-08-23,"531 ",1304,11,3,5,4,1506,0,0,0,,0,,"N NORMA ST","W SYDNOR",59.00,N,N,A,-,N,,,,,,,,,,Y,2,0,1,2,A,-,11,21950,B,N,G,B,E,A,H,-,C,D,0,Y,,,,Y,,A,01,1,0,0,0,1,0,0,0,0,"- ","- ",35.638870239257812,-117.67778778076172,KERN,RIDGECREST,-117.67874145507812,35.640903472900391
9618505,2023,2023-09-06,1507,2023-07-15,2051,300,16,6,5,3,1507,0,0,0,,0,,"W ASH AV","S SHAFTER AV",0.00,,Y,A,-,N,,,,,,,,,,Y,3,0,1,2,A,-,01,23152,A,N,A,C,A,A,H,-,C,D,0,,,,,Y,Y,A,01,0,1,0,0,0,0,0,0,0,"- ","- ",35.495948791503906,-119.27921295166016,KERN,SHAFTER,-119.27838134765625,35.496196746826172
9618982,2023,2024-01-16,1500,2023-11-06,1908,202317,WA02,1,5,3,1510,0,0,0,,0,4401,"RT 46","GRIFFITH AV",250.00,E,N,A,-,Y,KER,6,46,-,-,50.570,H,-,E,Y,3,0,1,2,A,-,09,21801,A,N,A,C,A,A,H,-,C,D,0,,,,,Y,,D,22,0,1,0,0,0,0,0,0,0,"- ","- ",,,KERN,WASCO,-119.33946990966797,35.60150146484375
9618986,2023,2024-01-12,1500,2023-11-17,1545,202543,WA02,5,5,3,1510,0,0,0,,0,4401,"7TH ST","GRIFFITH AV",0.00,,Y,A,-,N,,,,,,,,,,Y,3,0,2,2,A,-,09,21800,B,F,D,C,A,A,H,-,A,A,0,,,,,Y,,D,22,0,1,1,0,0,0,0,0,0,"- ","- ",,,KERN,WASCO,-119.34041595458984,35.594242095947266
9619416,2023,2024-01-23,1506,2023-11-18,1330,9998,37,6,5,4,1506,0,0,0,,0,,"EAST CALIFORNIA AV","S CHINA LAKE BL",0.00,,Y,A,-,N,,,,,,,,,,Y,3,0,4,3,A,-,08,22107,,N,D,C,A,A,D,-,A,A,0,,,,,Y,,A,01,0,1,3,0,0,0,0,0,0,"- ","- ",35.620689392089844,-117.67003631591797,KERN,RIDGECREST,-117.66996765136719,35.620704650878906
9619883,2023,2023-12-27,1511,2023-09-18,1430,53342,5,1,5,2,1511,0,0,0,,0,00A,"CALIFORNIA CITY BL","HACIENDA BL",0.00,,Y,A,-,N,,,,,,,,,,Y,3,0,2,2,A,-,09,21801,A,N,D,C,A,A,H,-,A,A,0,,,,,Y,,A,01,0,2,0,0,0,0,0,0,0,"- ","- ",35.125991821289062,-117.95986938476562,KERN,"CALIFORNIA CITY",-117.96015167236328,35.125740051269531
9620954,2023,2023-10-24,1506,2023-09-06,"719 ",7566,21,3,5,4,1506,0,0,0,,0,,"NORTH CHINA LAKE BL","E DRIMMOND AV",0.00,,Y,A,-,N,,,,,,,,,,Y,4,0,1,2,A,-,12,21453,A,N,D,D,A,A,H,-,A,A,0,,,,,Y,,A,01,0,0,1,0,0,0,0,0,0,"- ","- ",35.637130737304688,-117.6697998046875,KERN,RIDGECREST,-117.66982269287109,35.637031555175781
9622117,2023,2023-10-25,1506,2023-09-27,"700 ",9998,12,3,5,4,1506,0,0,0,,0,,"WEST DRUMMOND AV","N NORMA ST",0.00,,Y,A,-,N,,,,,,,,,,Y,3,0,2,3,A,-,12,21453,A,N,D,C,A,A,H,-,B,A,0,,,,,Y,,D,22,0,1,1,0,0,0,0,0,0,"- ","- ",35.637031555175781,-117.67874145507812,KERN,RIDGECREST,-117.67873382568359,35.637012481689453
9622493,2023,2023-12-14,1506,2023-10-14,1100,9998,4,6,5,4,1506,0,0,0,,0,,"NORTH CHINA LAKE BL","WARD AV",0.00,,Y,A,-,N,,,,,,,,,,N,4,0,1,2,A,-,04,21703,,N,C,C,A,A,H,-,A,A,0,,,,,Y,,A,01,0,0,1,0,0,0,0,0,0,"- ","- ",35.644359588623047,-117.66980743408203,KERN,RIDGECREST,-117.66982269287109,35.644374847412109
9622494,2023,2023-12-14,1506,2023-10-12,"700 ",9998,30,4,5,4,1506,0,0,0,,0,,"N SUNLAND DR","N BROADWAY ST",0.00,,Y,A,-,N,,,,,,,,,,Y,2,0,1,2,A,-,09,21804,A,N,D,C,A,A,H,-,B,A,0,,,Y,,Y,,C,02,1,0,0,0,0,0,0,0,1,"- ","- ",35.627079010009766,-117.65617370605469,KERN,RIDGECREST,-117.65679168701172,35.626861572265625
9622720,2023,2023-11-07,1507,2023-09-28,1340,302,20,4,5,3,1507,0,0,0,,0,,"E LOS ANGELES AV","SANTA FE HWY",0.00,,Y,A,-,N,,,,,,,,,,N,2,0,2,2,A,-,12,22450,,N,D,C,A,A,H,-,A,A,0,,,,,Y,,A,01,1,1,0,0,0,0,0,0,0,"- ","- ",35.492210388183594,-119.26091766357422,KERN,SHAFTER,-119.26103973388672,35.492149353027344
9622764,2023,2023-11-28,1507,2023-09-20,"517 ",310,18,3,5,3,1507,0,0,0,,0,,"EAST LERDO HWY",BEECH,794.00,E,N,A,-,N,,,,,,,,,,Y,3,0,1,2,A,-,04,21703,,N,C,C,A,A,H,-,D,D,0,,,,,Y,,A,01,0,1,0,0,0,0,0,0,0,"- ","- ",35.499919891357422,-119.260498046875,KERN,SHAFTER,-119.25787353515625,35.499782562255859
9622995,2023,2023-11-08,1509,2023-10-05,"13  ",1025,E,4,5,3,1509,0,0,0,,0,,"TEHACHAPI WILLOW SPRINGS","TEHACHAPI BL",479.00,S,N,A,-,N,,,,,,,,,,Y,4,0,1,1,A,-,08,22107,,N,E,J,A,A,H,-,D,-,0,,,Y,,Y,,C,02,0,0,1,0,0,0,0,0,1,"- ","- ",35.125198364257812,-118.39646148681641,KERN,TEHACHAPI,-118.39649963378906,35.123897552490234
9623204,2023,2023-12-12,1500,2023-10-20,1847,202421,WA-02,5,5,3,1510,0,0,0,,0,4401,BROADWAY,"3RD ST",154.00,S,N,A,-,N,,,,,,,,,,N,2,0,1,2,D,-,00,,,F,C,G,A,-,H,-,C,D,0,,Y,,,Y,,-,"- ",1,0,0,0,0,0,1,0,0,"- ","- ",,,KERN,WASCO,-119.33816528320312,35.597969055175781
9623206,2023,2023-11-30,1500,2023-10-07,"630 ",201596,WA02,6,5,3,1510,0,0,0,,0,4401,"RT 43","16TH ST",0.00,,Y,A,-,Y,KER,6,43,-,R,23.874,I,5,S,Y,2,0,2,2,A,-,01,23153,,F,-,D,A,A,H,-,B,A,0,,,,,Y,Y,A,08,1,1,0,0,0,0,0,0,0,"- ","- ",,,KERN,WASCO,-119.33415222167969,35.583385467529297
9623246,2023,2023-12-12,1500,2023-10-17,"843 ",203463,WA-02,2,5,3,1510,0,0,0,,0,4401,"FLOWER ST","BECKES ST",0.00,,N,A,-,N,,,,,,,,,,N,4,0,1,2,A,-,21,22106,,N,C,C,A,A,H,-,A,D,0,,,,,Y,,A,01,0,0,1,0,0,0,0,0,0,"- ","- ",,,KERN,WASCO,-119.35381317138672,35.585289001464844
9624115,2023,2023-11-14,1501,2023-02-02,1538,626,24,4,5,3,1501,0,0,0,,0,003,"EL CAMINO REAL","TARVER WY",0.00,,Y,A,-,N,,,,,,,,,,Y,1,1,0,2,A,-,09,21800,B,N,D,C,A,A,H,-,A,D,0,,,Y,,Y,,O,05,0,0,0,0,0,0,0,1,0,"- ","- ",35.187488555908203,-118.82698059082031,KERN,ARVIN,-118.82675170898438,35.187290191650391
9624577,2023,2023-09-28,1508,2023-08-12,2009,110,,6,5,2,1508,0,0,0,,0,,"GARDNER FIELD RD","HONOLULU HILLS",425.00,W,N,A,-,N,,,,,,,,,,Y,4,0,1,2,A,-,01,23153,,N,A,C,A,A,H,-,D,D,0,,,,,Y,Y,A,01,0,0,1,0,0,0,0,0,0,"- ","- ",35.130130767822266,-119.37566375732422,KERN,TAFT,-119.37639617919922,35.130123138427734
9624794,2023,2023-09-19,1507,2023-07-26,"600 ",287,34,3,5,3,1507,0,0,0,,0,,"ZACHARY AV","BURBANK ST",0.00,,Y,A,-,N,,,,,,,,,,N,4,0,1,2,A,-,08,22107,,N,A,C,A,A,H,-,A,D,0,,,,,Y,,A,01,0,0,1,0,0,0,0,0,0,"- ","- ",35.470619201660156,-119.18885040283203,KERN,SHAFTER,-119.1888427734375,35.470638275146484
9627161,2023,2024-01-11,1501,2023-08-20,1152,637,14,7,5,3,1501,0,0,0,,0,001,"COMANCHE DR",HAVEN,0.00,,Y,C,G,N,,,,,,,,,,Y,3,0,2,3,A,-,03,22350,,N,C,C,A,B,H,-,A,A,0,,,,,Y,,-,"- ",0,2,0,0,0,0,0,0,0,"- ","- ",35.205398559570312,-118.84214019775391,KERN,ARVIN,-118.84214782714844,35.205398559570312
9627547,2023,2023-10-17,1501,2023-08-20,1127,637,14,7,5,3,1501,0,0,0,,0,001,"COMANCHE DR",HAVEN,0.00,,Y,C,G,N,,,,,,,,,,Y,3,0,2,3,A,-,03,22350,,N,C,C,A,B,H,-,A,A,0,,,,,Y,,-,"- ",0,2,0,0,0,0,0,0,0,"- ","- ",35.205398559570312,-118.84214019775391,KERN,ARVIN,-118.84214782714844,35.205398559570312
9627667,2023,2023-10-11,1506,2023-09-30,1810,6068,41,6,5,4,1506,0,0,0,,0,,"S GUAM ST","W BOWMAN RD",0.00,,Y,A,-,N,,,,,,,,,,Y,4,0,2,2,A,-,09,21804,,N,D,C,A,A,H,-,A,D,0,,,,,Y,,A,01,0,0,2,0,0,0,0,0,0,"- ","- ",35.607780456542969,-117.688232421875,KERN,RIDGECREST,-117.70126342773438,35.607780456542969
9627847,2023,2023-10-16,1501,2023-09-30,1325,625,16,6,5,3,1501,0,0,0,,0,001,"BEAR MOUNTAIN BL E","B ST",35.00,W,N,B,-,N,,,,,,,,,,N,3,0,1,2,A,-,03,22350,,N,C,C,A,A,H,-,A,D,0,,,,,Y,,A,01,0,1,0,0,0,0,0,0,0,"- ","- ",35.209060668945312,-118.82743835449219,KERN,ARVIN,-118.82737731933594,35.209121704101562
9627891,2023,2023-10-16,1508,2023-09-30,2210,33,3B,6,5,2,1508,0,0,0,,0,,"5TH ST","CENTER ST",141.00,N,N,A,-,N,,,,,,,,,,Y,4,0,1,1,A,-,08,22107,,N,F,A,A,A,H,-,C,D,0,,,Y,,Y,,C,02,0,0,1,0,0,0,0,0,1,"- ","- ",35.141780853271484,-119.45857238769531,KERN,TAFT,-119.45883178710938,35.141315460205078
9629605,2023,2024-04-26,1506,2023-10-07,1600,9998,28,6,5,4,1506,0,0,0,,0,,"LAS FLORES ST","N HELENA ST",150.00,E,N,A,-,N,,,,,,,,,,N,2,0,1,2,A,-,00,21807,,N,H,G,A,A,H,-,A,A,0,,Y,,,Y,,L,04,1,0,0,0,0,0,1,0,0,"- ","- ",35.629798889160156,-117.67546081542969,KERN,RIDGECREST,-117.67604827880859,35.629798889160156
9630029,2023,2023-10-31,1506,2023-09-06,"748 ",1712,12,3,5,4,1506,0,0,0,,0,,"WEST DRUMMOND AV","NORTH CHINA LAKE BL",165.00,W,N,A,-,N,,,,,,,,,,N,3,0,1,2,A,-,05,21650,1,N,H,G,A,A,H,-,A,D,0,,Y,,,Y,,L,04,0,1,0,0,0,0,1,0,0,"- ","- ",35.637958526611328,-117.67054748535156,KERN,RIDGECREST,-117.67037200927734,35.637035369873047
9631821,2023,2023-11-14,1511,2023-09-18,2250,53082,4,1,5,2,1511,0,0,0,,0,00A,"CALIFORNIA CITY BL","FAMILY DOLLAR WEST DRWY",37.00,E,N,A,-,N,,,,,,,,,,Y,3,0,1,1,A,-,08,22107,,N,A,I,A,A,H,-,C,D,0,,,,,Y,,A,01,0,1,0,0,0,0,0,0,0,"- ","- ",35.125858306884766,-117.9576416015625,KERN,"CALIFORNIA CITY",-117.95769500732422,35.125850677490234
9631939,2023,2023-10-31,1501,2023-09-11,"834 ",640,12,1,5,3,1501,0,0,0,,0,001,"N COMANCHE DR","BEAR MOUNTAIN BL",424.00,N,N,A,-,N,,,,,,,,,,Y,3,0,1,1,A,-,01,23152,F,N,C,E,A,A,H,-,A,D,0,,,,,Y,,A,01,0,1,0,0,0,0,0,0,0,"- ","- ",35.209400177001953,-118.84169769287109,KERN,ARVIN,-118.84220123291016,35.210212707519531
9632569,2023,2023-11-09,1509,2023-10-25,1814,1029,W,3,5,3,1509,0,0,0,,0,,"WEST H ST","NORTH GREEN ST",0.00,,Y,A,-,N,,,,,,,,,,N,3,0,1,2,A,-,10,21950,A,F,G,B,D,A,H,-,A,A,0,Y,,,,Y,,A,01,0,1,0,0,1,0,0,0,0,"- ","- ",35.147449493408203,-118.450439453125,KERN,TEHACHAPI,-118.44731903076172,35.132957458496094
9632986,2023,2023-11-13,1500,2023-09-13,2037,202430,WA02,3,5,3,1510,0,0,0,,0,4401,"POSO DR","GRIFFITH AV",0.00,,Y,A,-,N,,,,,,,,,,Y,3,0,1,2,A,-,09,21804,,N,D,C,A,A,H,-,C,A,0,,,,,Y,,A,01,0,1,0,0,0,0,0,0,0,"- ","- ",,,KERN,WASCO,-119.34046936035156,35.587009429931641
9633308,2023,2023-11-21,1506,2023-09-25,"712 ",3912,11,1,5,4,1506,0,0,0,,0,,"N DOWNS ST","W WARD AV",0.00,,Y,A,-,N,,,,,,,,,,Y,4,0,1,2,A,-,12,22450,A,N,D,C,A,A,H,-,A,A,0,,,,,Y,,A,01,0,0,1,0,0,0,0,0,0,"- ","- ",35.644390106201172,-117.68759918212891,KERN,RIDGECREST,-117.68773651123047,35.644401550292969
9633365,2023,2023-11-20,1506,2023-10-02,1438,0619,37,1,5,4,1506,0,0,0,,0,,"S CHINA LAKE BL","GRANDE WY",0.00,,Y,A,-,N,,,,,,,,,,N,3,0,1,2,D,-,00,,,N,H,G,A,A,H,-,A,A,0,,Y,,,Y,,-,"- ",0,1,0,0,0,0,1,0,0,"- ","- ",35.62255859375,-117.66999053955078,KERN,RIDGECREST,-117.66995239257812,35.622116088867188
9633366,2023,2023-11-20,1506,2023-10-23,1037,7566,3,1,5,4,1506,0,0,0,,0,,"W GRAAF AV","N SIERRA VIEW",0.00,,Y,A,-,N,,,,,,,,,,N,3,0,1,2,A,-,09,21802,A,N,D,D,A,A,H,-,A,A,0,,,,,Y,,A,01,0,1,0,0,0,0,0,0,0,"- ","- ",35.648021697998047,-117.6832275390625,KERN,RIDGECREST,-117.68324279785156,35.648036956787109
9635213,2023,2024-02-29,1511,2023-10-22,1350,53324,,7,5,2,1511,0,0,0,,0,,"BORAX BILL PK","TWENTY MULE TEAM RD",14.00,N,N,A,-,N,,,,,,,,,,Y,3,0,1,1,A,-,00,22170,,N,A,J,A,A,H,-,A,D,0,,,,,Y,,-,,0,1,0,0,0,0,0,0,0,"- ","- ",35.171260833740234,-117.83695220947266,KERN,"CALIFORNIA CITY",-117.83259582519531,35.172046661376953
9636322,2023,2024-01-09,1515,2023-10-27,"845 ",58037,,5,5,1,1515,0,0,0,,0,,"TIARA CT","JACARANDA DR",0.00,,N,A,-,N,,,,,,,,,,N,3,0,1,1,A,-,03,22350,,N,H,-,A,A,H,-,B,D,0,,,,,Y,,D,22,0,1,0,0,0,0,0,0,0,"- ","- ",35.103099822998047,-118.36319732666016,KERN,"BEAR VALLEY SPRINGS",-118.60803985595703,35.173835754394531
9636446,2023,2023-12-07,1500,2023-10-08,"958 ",202376,WA02,7,5,3,1510,0,0,0,,0,4401,"3RD ST","MAPLE AV",0.00,,Y,A,-,N,,,,,,,,,,N,3,0,1,2,A,-,09,21802,,N,D,C,A,A,H,-,A,A,0,,,,,Y,,A,07,0,1,0,0,0,0,0,0,0,"- ","- ",,,KERN,WASCO,-119.34703063964844,35.598796844482422
9636517,2023,2024-01-23,1500,2023-10-05,1925,201596,WA02,4,5,3,1510,0,0,0,,0,4401,"RT 46","F ST",180.00,W,N,A,-,Y,KER,6,46,-,-,50.800,H,-,E,Y,3,0,1,3,A,-,04,21703,,N,C,C,A,A,H,-,C,A,0,,,,Y,Y,,D,22,0,1,0,0,0,0,0,0,0,"- ","- ",,,KERN,WASCO,-119.33538055419922,35.601497650146484
9636799,2023,2023-12-16,1508,2023-10-06,"846 ",140,KCH,5,5,2,1508,0,0,0,,0,,"S 10TH ST","MAIN ST",196.00,S,N,A,-,N,,,,,,,,,,Y,3,0,3,2,A,-,03,22350,,N,C,C,A,A,H,-,A,A,0,,,,,Y,,A,01,0,1,2,0,0,0,0,0,0,"- ","- ",,,KERN,TAFT,-119.46511840820312,35.141422271728516
9636935,2023,2023-11-30,1506,2023-10-16,"734 ",3912,36,1,5,4,1506,0,0,0,,0,,"S CHINA LAKE BL","W CHURCH AV",0.00,,Y,A,-,N,,,,,,,,,,Y,3,0,1,2,A,-,12,21453,A,N,D,C,A,A,H,-,A,A,0,,,,,Y,,A,01,0,1,0,0,0,0,0,0,0,"- ","- ",35.618881225585938,-117.67006683349609,KERN,RIDGECREST,-117.66999816894531,35.618877410888672
9637031,2023,2024-01-31,1500,2023-11-01,1348,202421,WA-02,3,5,3,1510,0,0,0,,0,4401,"PALM AV","1ST ST",0.00,,Y,A,-,N,,,,,,,,,,N,3,0,1,2,A,-,04,21703,,N,C,C,A,A,H,-,A,D,0,,,,,Y,,A,01,0,1,0,0,0,0,0,0,0,"- ","- ",,,KERN,WASCO,-119.34922790527344,35.600643157958984
9637058,2023,2023-12-12,1500,2023-08-23,"543 ",202317,WA02,3,5,3,1510,0,0,0,,0,4401,"RT 46","SCOFIELD AV",0.00,,Y,A,-,Y,KER,6,46,-,-,47.020,I,5,E,Y,4,0,1,2,A,-,09,21802,A,N,D,C,A,A,H,-,B,D,0,,,,,Y,,A,01,0,0,1,0,0,0,0,0,0,"- ","- ",,,KERN,WASCO,-119.40247344970703,35.601490020751953
9637135,2023,2023-11-30,1511,2023-10-16,"510 ",53348,,1,5,2,1511,0,0,0,,0,00A,"RT 58","NEURALIA RD",0.00,W,N,A,-,Y,KER,6,58,-,R,122.650,H,-,E,Y,3,0,1,1,A,-,03,22350,,N,H,H,A,A,H,-,D,D,0,,,,,Y,,A,01,0,1,0,0,0,0,0,0,0,"- ","- ",,,KERN,"CALIFORNIA CITY",-118.00455474853516,35.018089294433594
9637189,2023,2024-01-11,1508,2023-10-04,1339,84,6B,3,5,2,1508,0,0,0,,0,,"RT 33","WOOD ST",0.00,,Y,A,-,Y,KER,6,33,-,-,17.568,I,5,N,Y,4,0,1,2,A,-,03,22350,,N,C,C,A,A,H,-,A,D,0,,,,,Y,,A,01,0,0,1,0,0,0,0,0,0,"- ","- ",35.142448425292969,-119.44724273681641,KERN,TAFT,-119.44562530517578,35.131656646728516
9637191,2023,2024-01-11,1508,2023-10-13,"0   ",84,2B,5,5,2,1508,0,0,0,,0,,"RT 33","CASCADE PL",0.00,,Y,A,-,Y,KER,6,33,-,-,19.287,I,5,S,N,4,0,1,2,A,-,09,21801,,N,H,C,A,A,H,-,A,D,0,,,,,Y,,A,01,0,0,1,0,0,0,0,0,0,"- ","- ",35.145778656005859,-119.46778106689453,KERN,TAFT,-119.46780395507812,35.145759582519531
9637240,2023,2024-01-23,1508,2023-10-19,"612 ",144,,4,5,2,1508,0,0,0,,0,,"RT 33","9TH ST",5.00,E,N,A,-,Y,KER,6,33,-,-,19.060,H,-,N,N,3,0,2,2,A,-,09,21801,A,F,D,C,A,A,H,-,C,D,0,,,Y,,Y,,-,99,0,2,0,0,0,0,0,0,2,"- ","- ",35.144390106201172,-119.46453857421875,KERN,TAFT,-119.46397399902344,35.144550323486328
9639340,2023,2023-11-28,1501,2023-09-29,1552,639,19,5,5,3,1501,0,0,0,,0,002,"SOUTH HILL ST","HAVEN DR",0.00,,Y,A,-,N,,,,,,,,,,Y,2,0,1,2,A,-,09,21801,A,N,B,C,A,A,H,-,A,A,0,,,,,Y,,A,08,1,0,0,0,0,0,0,0,0,"- ","- ",35.205448150634766,-118.83094787597656,KERN,ARVIN,-118.83094024658203,35.205425262451172
9640025,2022,2023-11-28,1502,2022-02-20,0329,1223,,7,5,6,1502,0,0,0,,0,CENTRA,"WHITE LN","DOVEWOOD ST",97.00,W,N,A,-,N,,,,,,,,,,N,1,1,0,2,A,-,11,21954,A,N,G,B,D,A,H,-,C,D,0,Y,,,,Y,,N,60,0,0,0,1,0,0,0,0,0,"- ","- ",35.317581176757812,-119.05206298828125,KERN,BAKERSFIELD,-119.05204772949219,35.317829132080078
9640027,2022,2023-11-29,1502,2022-12-08,1008,1062,,4,5,6,1502,0,0,0,,0,SOUTH,"GRANITE PEAK ST","WILLOW BASIN LN",69.00,N,N,A,-,N,,,,,,,,,,N,1,1,0,2,A,-,03,22350,,N,C,E,A,A,H,-,A,D,0,,,,,Y,,A,01,0,0,0,0,0,0,0,0,0,"- ","- ",35.284618377685547,-119.03531646728516,KERN,BAKERSFIELD,-119.03469848632812,35.284717559814453
9640028,2022,2023-11-29,1502,2022-12-11,1801,1336,,7,5,6,1502,0,0,0,,0,CENTRA,"MING AV","SCARLET OAK BL",0.00,,Y,A,-,N,,,,,,,,,,Y,1,1,0,1,A,-,01,23152,A,N,E,I,A,A,H,-,A,A,0,,,,,Y,Y,A,01,0,0,0,0,0,0,0,0,0,"- ","- ",35.340068817138672,-119.10587310791016,KERN,BAKERSFIELD,-119.10620880126953,35.339679718017578
9640052,2022,2023-11-30,1502,2022-06-03,0453,1225,,5,5,6,1502,0,0,0,,0,METRO,"UNION AV","CALIFORNIA AV",0.00,,Y,A,-,N,,,,,,,,,,Y,1,1,1,2,A,-,12,21453,A,N,D,C,A,A,H,-,C,A,0,,,,,Y,,A,01,0,1,0,0,0,0,0,0,0,"- ","- ",35.368270874023438,-119.00251770019531,KERN,BAKERSFIELD,-119.00300598144531,35.368362426757812
9640075,2023,2025-06-23,1507,2023-08-14,1630,300,27,1,5,3,1507,0,0,0,,0,,"EAST LERDO HWY","DRIVER RD",0.00,,Y,A,-,N,,,,,,,,,,Y,1,1,0,3,A,-,01,23152,A,N,D,C,A,A,H,-,A,A,0,,,,,Y,Y,A,07,0,0,0,0,0,0,0,0,0,"- ","- ",35.499759674072266,-119.20577239990234,KERN,SHAFTER,-119.20577239990234,35.499664306640625
9640104,2023,2025-06-24,1500,2023-11-12,1816,202543,WA-D2,7,5,3,1510,0,0,0,,0,4401,"PALM AV","POSO DR",372.00,S,N,A,-,N,,,,,,,,,,N,1,1,0,2,A,-,01,23152,A,F,C,G,A,A,H,-,D,A,0,,Y,,,Y,Y,D,22,0,0,0,0,0,1,0,0,0,"- ","- ",35.585830688476562,-119.34916687011719,KERN,WASCO,-119.34937286376953,35.58599853515625
9640261,2024,2024-07-25,1500,2024-02-01,1237,201596,WA-02,4,5,3,1510,0,0,0,,0,4401,"SCOFIELD AV","MCCOMBS RD",0.00,,Y,B,-,N,,,,,,,,,,Y,1,1,2,2,A,-,12,22450,,N,D,D,A,A,H,-,A,A,0,,,,Y,Y,,A,01,0,1,1,0,0,0,0,0,0,"- ","- ",,,KERN,WASCO,-119.40241241455078,35.615951538085938
9640314,2024,2024-07-24,1508,2024-02-04,"703 ",142,6B,7,5,2,1508,0,0,0,,0,,"GARDNER FIELD RD","COMMERCE WY",165.00,W,N,C,-,N,,,,,,,,,,N,1,1,0,2,D,-,00,,,F,H,G,A,B,H,-,D,D,0,,Y,,,Y,,-,"- ",0,0,0,0,0,1,0,0,0,"- ","- ",35.14263916015625,-119.45693206787109,KERN,TAFT,-119.44273376464844,35.136905670166016
9640339,2023,2024-04-19,1506,2023-08-11,2216,1304,29,5,5,4,1506,0,0,0,,0,,"E RIDGECREST BL","S CHINA LAKE BL",297.00,E,N,A,-,Y,KER,6,178,-,-,102.680,H,-,W,N,1,1,0,1,A,-,17,21200,,N,A,I,A,A,H,-,C,D,0,,Y,,,Y,Y,L,04,0,0,0,0,0,1,0,0,0,"- ","- ",35.62255859375,-117.66961669921875,KERN,RIDGECREST,-117.66877746582031,35.622573852539062
9640413,2024,2024-05-28,1508,2024-03-28,"516 ",33,6B,4,5,2,1508,0,0,0,,0,,"RT 33","CADET RD",326.00,N,N,A,-,Y,KER,6,33,-,-,14.500,H,-,N,Y,1,1,0,3,A,-,06,21751,,N,D,C,A,A,H,-,D,D,0,,,,,Y,,A,01,0,0,0,0,0,0,0,0,0,"- ","- ",35.096229553222656,-119.41116333007812,KERN,TAFT,-119.41184234619141,35.096931457519531
9640671,2024,2024-07-03,1506,2024-05-17,1730,1304,46,5,5,4,1506,0,0,0,,0,,"E BOWMAN RD","S SUNLAND ST",0.00,,Y,A,-,N,,,,,,,,,,Y,1,1,0,2,A,-,12,22450,,N,D,C,A,A,H,-,A,A,0,,,Y,,Y,,C,02,0,0,0,0,0,0,0,1,0,"- ","- ",35.608009338378906,-117.66142272949219,KERN,RIDGECREST,-117.66124725341797,35.608039855957031
9640797,2024,2024-09-11,1511,2024-05-08,1317,53342,5,3,5,2,1511,0,0,0,,0,00A,"HACIENDA BL","CALIFORNIA CITY BL",0.00,,Y,A,-,N,,,,,,,,,,Y,1,1,0,2,A,-,09,21801,A,N,D,C,A,A,H,-,A,A,0,,,Y,,Y,,A,01,0,0,0,0,0,0,0,1,0,"- ","- ",35.125991821289062,-117.95986938476562,KERN,"CALIFORNIA CITY",-117.96015167236328,35.125740051269531