CASE_ID,ACCIDENT_YEAR,PROC_DATE,JURIS,COLLISION_DATE,COLLISION_TIME,OFFICER_ID,REPORTING_DISTRICT,DAY_OF_WEEK,CHP_SHIFT,POPULATION,CNTY_CITY_LOC,SPECIAL_COND,BEAT_TYPE,CHP_BEAT_TYPE,CITY_DIVISION_LAPD,CHP_BEAT_CLASS,BEAT_NUMBER,PRIMARY_RD,SECONDARY_RD,DISTANCE,DIRECTION,INTERSECTION,WEATHER_1,WEATHER_2,STATE_HWY_IND,CALTRANS_COUNTY,CALTRANS_DISTRICT,STATE_ROUTE,ROUTE_SUFFIX,POSTMILE_PREFIX,POSTMILE,LOCATION_TYPE,RAMP_INTERSECTION,SIDE_OF_HWY,TOW_AWAY,COLLISION_SEVERITY,NUMBER_KILLED,NUMBER_INJURED,PARTY_COUNT,PRIMARY_COLL_FACTOR,PCF_CODE_OF_VIOL,PCF_VIOL_CATEGORY,PCF_VIOLATION,PCF_VIOL_SUBSECTION,HIT_AND_RUN,TYPE_OF_COLLISION,MVIW,PED_ACTION,ROAD_SURFACE,ROAD_COND_1,ROAD_COND_2,LIGHTING,CONTROL_DEVICE,CHP_ROAD_TYPE,PEDESTRIAN_ACCIDENT,BICYCLE_ACCIDENT,MOTORCYCLE_ACCIDENT,TRUCK_ACCIDENT,NOT_PRIVATE_PROPERTY,ALCOHOL_INVOLVED,STWD_VEHTYPE_AT_FAULT,CHP_VEHTYPE_AT_FAULT,COUNT_SEVERE_INJ,COUNT_VISIBLE_INJ,COUNT_COMPLAINT_PAIN,COUNT_PED_KILLED,COUNT_PED_INJURED,COUNT_BICYCLIST_KILLED,COUNT_BICYCLIST_INJURED,COUNT_MC_KILLED,COUNT_MC_INJURED,PRIMARY_RAMP,SECONDARY_RAMP,LATITUDE,LONGITUDE,COUNTY,CITY,POINT_X,POINT_Y
9640802,2023,2024-08-06,1502,2023-05-12,1619,1418,,5,5,6,1502,0,0,0,,0,SOUTH,"MCCUTCHEN RD","MOUNTAIN RIDGE DR",0.00,,Y,A,-,N,,,,,,,,,,Y,1,1,2,2,A,-,12,22450,A,N,D,C,A,A,H,-,A,A,0,,,,,Y,,A,01,0,1,1,0,0,0,0,0,0,"- ","- ",35.281459808349609,-119.0660400390625,KERN,BAKERSFIELD,-119.06552886962891,35.281467437744141
9640806,2023,2024-08-07,1502,2023-08-27,"9   ",1476,,7,5,6,1502,0,0,0,,0,METRO,"BAKER ST","19TH ST",180.00,S,N,A,-,N,,,,,,,,,,N,1,1,1,3,A,-,21,22106,,F,G,B,E,A,H,-,C,D,0,Y,,,,Y,Y,-,99,1,0,0,1,1,0,0,0,0,"- ","- ",35.375148773193359,-118.99375152587891,KERN,BAKERSFIELD,-118.99379730224609,35.374309539794922
9641142,2023,2024-01-23,1500,2023-10-24,1428,202543,WA01,2,5,3,1510,0,0,0,,0,4401,"N PALM AV","PERSIMMON ST",132.00,N,N,A,-,N,,,,,,,,,,Y,4,0,1,2,A,-,03,22350,A,N,C,C,A,A,H,-,A,A,0,,,,,Y,,D,22,0,0,1,0,0,0,0,0,0,"- ","- ",,,KERN,WASCO,-119.34920501708984,35.604110717773438
9641150,2023,2023-12-26,1507,2023-10-25,"921 ",302,16,3,5,3,1507,0,0,0,,0,,"LAWRENCE ST","W LOS ANGLES AV",0.00,,Y,A,-,N,,,,,,,,,,N,3,0,1,2,A,-,09,21802,A,N,D,G,A,A,H,-,A,A,0,,Y,,,Y,,D,22,0,1,0,0,0,0,1,0,0,"- ","- ",35.492580413818359,-119.27998352050781,KERN,SHAFTER,-119.27999877929688,35.492588043212891
9641207,2023,2023-12-21,1501,2023-11-01,1539,999,19,3,5,3,1501,0,0,0,,0,002,"S DERBY","LANGFORD AV",0.00,,Y,A,-,N,,,,,,,,,,N,3,0,1,2,A,-,04,21703,,N,C,C,A,A,H,-,A,D,0,,,,,Y,,A,01,0,1,0,0,0,0,0,0,0,"- ","- ",35.200000762939453,-118.82414245605469,KERN,ARVIN,-118.82411956787109,35.199989318847656
9641431,2023,2023-12-05,1507,2023-10-07,1120,315,27,6,5,3,1507,0,0,0,,0,,"VULTEE ST","DOUGLAS AV",120.00,S,N,A,-,N,,,,,,,,,,N,3,0,1,1,A,-,08,22107,,N,E,I,A,A,H,-,B,D,0,,,,,Y,,A,01,0,1,0,0,0,0,0,0,0,"- ","- ",35.499809265136719,-119.18173980712891,KERN,SHAFTER,-119.1817626953125,35.501522064208984
9641567,2023,2023-12-22,1507,2023-11-20,1831,319,,1,5,3,1507,0,0,0,,0,,"WEST LERDO HWY","NORTH SHAFTER AV",0.00,,Y,A,-,N,,,,,,,,,,Y,3,0,1,2,A,-,08,22107,,M,B,C,A,A,H,-,C,A,0,,,,,Y,Y,I,11,0,1,0,0,0,0,0,0,0,"- ","- ",35.500408172607422,-119.27867126464844,KERN,SHAFTER,-119.27833557128906,35.499851226806641
9643472,2023,2024-01-06,1509,2023-11-08,2226,1029,,3,5,3,1509,0,0,0,,0,,"BURNETT RD","ARABIAN DR",0.00,,Y,A,-,N,,,,,,,,,,N,3,0,1,1,A,-,08,22107,,N,F,A,A,A,H,-,D,D,0,,,,,Y,Y,A,01,0,1,0,0,0,0,0,0,0,"- ","- ",,,KERN,TEHACHAPI,-118.42655944824219,35.136611938476562
9643703,2023,2023-11-29,1501,2023-10-09,"716 ",640,10,1,5,3,1501,0,0,0,,0,002,"HAVEN DR","SOUTH HILL ST",0.00,,Y,A,-,N,,,,,,,,,,N,2,0,1,2,A,-,10,21950,A,F,G,B,D,A,H,-,A,D,0,Y,,,,Y,,A,01,1,0,0,0,1,0,0,0,0,"- ","- ",35.205429077148438,-118.83316040039062,KERN,ARVIN,-118.83094024658203,35.205425262451172
9643858,2023,2023-12-15,1506,2023-10-26,2311,5276,13,4,5,4,1506,0,0,0,,0,,"NORTH CHINA LAKE BL","LIGHT POLE 4175581E",86.00,N,N,A,-,N,,,,,,,,,,N,3,0,1,2,A,-,08,22107,,N,B,C,A,A,H,-,C,D,0,,,Y,,Y,,C,02,0,1,0,0,0,0,0,0,1,"- ","- ",35.639270782470703,-117.66925811767578,KERN,RIDGECREST,-117.66975402832031,35.639270782470703
9644158,2023,2023-12-15,1501,2023-10-28,1912,640,16,6,5,3,1501,0,0,0,,0,001,"SOUTH HILL ST","BEAR MTN BL",0.00,,Y,A,-,N,,,,,,,,,,N,3,0,1,2,A,-,01,23152,A,N,A,C,A,A,H,-,C,D,0,,,,,Y,Y,A,01,0,1,0,0,0,0,0,0,0,"- ","- ",35.208808898925781,-118.83113098144531,KERN,ARVIN,-118.83097076416016,35.209018707275391
9644217,2023,2024-01-03,1507,2023-10-26,1002,287,17,4,5,3,1507,0,0,0,,0,,"EAST LERDO HWY","JAMES ST",0.00,,Y,A,-,N,,,,,,,,,,N,4,0,1,2,A,-,05,21202,,N,D,G,A,A,H,-,A,A,0,,Y,,,Y,,L,04,0,0,1,0,0,0,1,0,0,"- ","- ",35.499820709228516,-119.27298736572266,KERN,SHAFTER,-119.27316284179688,35.49981689453125
9644225,2023,2024-01-30,1507,2023-11-24,1650,295,27,5,5,3,1507,0,0,0,,0,,"LERDO HWY","CHERRY AV",3900.00,E,N,A,-,N,,,,,,,,,,Y,2,0,1,2,A,-,01,23152,F,N,C,C,A,A,H,-,B,D,0,,,,,Y,,D,22,1,0,0,0,0,0,0,0,0,"- ","- ",35.499759674072266,-119.20577239990234,KERN,SHAFTER,-119.22966003417969,35.499683380126953
9647144,2023,2024-01-09,1506,2023-11-10,1234,4449,51,5,5,4,1506,0,0,0,,0,,"S DOWNS ST","W BATAAN AV",0.00,,Y,A,-,N,,,,,,,,,,Y,3,0,1,3,A,-,09,21804,A,N,D,C,A,A,H,-,A,A,0,,,,,Y,,A,01,0,1,0,0,0,0,0,0,0,"- ","- ",35.604320526123047,-117.68801116943359,KERN,RIDGECREST,-117.68815612792969,35.604331970214844
9647148,2023,2024-01-05,1506,2023-11-13,1258,7566,10,1,5,4,1506,0,0,0,,0,,"N HARRIET ST","W OCEAN AV",0.00,,Y,A,-,N,,,,,,,,,,N,3,0,1,2,A,-,05,21650,,N,A,C,A,A,H,-,A,D,0,,,,,Y,,A,01,0,1,0,0,0,0,0,0,0,"- ","- ",35.637660980224609,-117.68901824951172,KERN,RIDGECREST,-117.68904999999999,35.636580000000002
9647809,2023,2024-01-18,1501,2023-11-26,1725,990,24,7,5,3,1501,0,0,0,,0,003,"COMANCHE DR","LA ROSA AV",0.00,,Y,A,-,N,,,,,,,,,,Y,3,0,3,2,A,-,09,21801,A,N,B,D,A,A,H,-,C,D,0,,,,,Y,Y,D,22,0,3,0,0,0,0,0,0,0,"- ","- ",35.191841125488281,-118.84194183349609,KERN,ARVIN,-118.84197235107422,35.191810607910156
9647908,2023,2023-12-26,1508,2023-11-26,1742,111,3B,7,5,2,1508,0,0,0,,0,,"S 10TH ST","HOPE ST",13.00,N,N,A,-,N,,,,,,,,,,N,3,0,1,3,A,-,03,22350,,F,G,B,D,A,H,-,C,D,0,Y,,,,Y,,A,07,0,1,0,0,1,0,0,0,0,"- ","- ",35.137611389160156,-119.46513366699219,KERN,TAFT,-119.46514892578125,35.137664794921875
9649652,2023,2024-01-11,1509,2023-11-14,1834,1029,W,2,5,3,1509,0,0,0,,0,,"TUCKER RD","TEHACHAPI BL",0.00,,Y,A,-,N,,,,,,,,,,N,4,0,2,2,A,-,21,22106,,N,C,C,A,A,H,-,C,A,0,,,,,Y,,A,01,0,0,2,0,0,0,0,0,0,"- ","- ",35.131721496582031,-118.46732330322266,KERN,TEHACHAPI,-118.46728515625,35.131771087646484
9649742,2023,2024-02-28,1501,2023-12-09,1551,638,12,6,5,3,1501,0,0,0,,0,001,VARSITY,SOLEDAD,0.00,,Y,A,-,N,,,,,,,,,,N,3,0,1,1,A,-,03,22350,,N,E,I,A,A,G,-,A,D,0,,,Y,,Y,,C,06,0,1,0,0,0,0,0,0,1,"- ","- ",35.210239410400391,-118.83284759521484,KERN,ARVIN,-118.82669199999999,35.216348000000004
9650107,2023,2024-02-20,1500,2023-12-13,1436,203462,WA02,3,5,3,1510,0,0,0,,0,4401,"7TH ST","GRIFFITH AV",0.00,,Y,A,-,N,,,,,,,,,,N,2,0,1,2,A,-,10,21950,A,M,G,B,B,A,H,-,A,A,0,Y,,,,Y,,A,01,1,0,0,0,1,0,0,0,0,"- ","- ",,,KERN,WASCO,-119.34041595458984,35.594242095947266
9650603,2023,2024-02-08,1506,2023-12-24,2000,0619,45,7,5,4,1506,0,0,0,,0,,"S CHINA LAKE BL","W BOWMAN RD",0.00,,Y,A,-,N,,,,,,,,,,Y,2,0,5,2,A,-,12,21453,A,N,D,C,A,A,H,-,C,A,0,,,,,Y,,A,01,2,3,0,0,0,0,0,0,0,"- ","- ",35.607818603515625,-117.67063140869141,KERN,RIDGECREST,-117.67055511474609,35.607814788818359
9651351,2023,2024-01-05,1507,2023-11-30,"553 ",312,6,4,5,3,1507,0,0,0,,0,,"N CENTRAL VALLEY HWY","VENABLE LN",0.00,,Y,A,-,N,,,,,,,,,,N,3,0,1,2,A,-,03,22350,,N,C,C,A,A,H,-,C,D,0,,,,,Y,,A,01,0,1,0,0,0,0,0,0,0,"- ","- ",35.508518218994141,-119.28106689453125,KERN,SHAFTER,-119.28285980224609,35.509967803955078
9653645,2023,2024-02-23,1500,2023-12-02,"306 ",201596,WA02,6,5,3,1510,0,0,0,,0,4401,"FILBURN AV","BECKES ST",198.00,E,N,A,-,N,,,,,,,,,,Y,3,0,1,1,A,-,01,23152,,N,F,A,A,A,H,-,C,A,0,,,,,Y,Y,A,01,0,1,0,0,0,0,0,0,0,"- ","- ",,,KERN,WASCO,-119.35314178466797,35.57977294921875
9653754,2024,2024-03-15,1501,2024-01-10,1333,637,14,3,5,3,1501,0,0,0,,0,001,"BEAR MOUNTAIN BL","WALNUT DR",0.00,,Y,A,-,N,,,,,,,,,,Y,4,0,1,2,A,-,08,22107,,N,C,C,A,A,H,-,A,A,0,,,,,Y,,A,01,0,0,1,0,0,0,0,0,0,"- ","- ",35.208728790283203,-118.83854675292969,KERN,ARVIN,-118.83767700195312,35.208999633789062
9654642,2023,2024-02-28,1506,2023-12-06,1620,7598,KERN,3,5,4,1506,0,0,0,,0,043,"W BOWMAN RD","S DOWNS ST",0.00,,Y,A,-,N,,,,,,,,,,Y,3,0,2,2,A,-,12,22450,A,N,D,C,A,A,H,-,A,A,0,,,,,Y,,A,01,0,1,1,0,0,0,0,0,0,"- ","- ",35.607749938964844,-117.68791198730469,KERN,RIDGECREST,-117.68807983398438,35.607761383056641
9654709,2023,2024-02-17,1501,2023-12-03,"42  ",9991,15,7,5,3,1501,0,0,0,,0,002,"BEAR MOUNTAIN BL","MEYER ST",0.00,,Y,A,-,N,,,,,,,,,,N,3,0,1,1,A,-,01,23152,,M,E,I,A,A,H,-,C,A,0,,,,,Y,Y,A,01,0,1,0,0,0,0,0,0,0,"- ","- ",35.208808898925781,-118.83302307128906,KERN,ARVIN,-118.83321380615234,35.209007263183594
9656035,2023,2024-01-16,1511,2023-11-09,"636 ",53301,,4,5,2,1511,0,0,0,,0,,"RT 58","HYUNDAI KIA BL",0.00,E,-,A,-,Y,KER,6,58,-,R,121.450,H,-,E,Y,4,0,1,1,A,-,08,22107,,N,A,I,A,A,H,-,A,D,0,,,,,Y,,A,01,0,0,1,0,0,0,0,0,0,"- ","- ",,,KERN,"CALIFORNIA CITY",-118.02561950683594,35.019691467285156
9656061,2023,2024-01-19,1508,2023-11-02,1131,141,3B,4,5,2,1508,0,0,0,,0,,"RT 33","8TH ST",0.00,,Y,A,-,Y,KER,6,33,-,-,18.980,I,5,N,Y,3,0,5,2,A,-,09,21802,A,M,D,C,A,A,H,-,A,D,0,,,,,Y,,A,07,0,1,4,0,0,0,0,0,0,"- ","- ",35.144130706787109,-119.46263122558594,KERN,TAFT,-119.46260833740234,35.144130706787109
9656063,2023,2024-01-16,1508,2023-11-21,"548 ",33,5B,2,5,2,1508,0,0,0,,0,,"E KERN ST","RT 119",0.00,,Y,A,-,Y,KER,6,33,-,-,34.110,I,5,S,Y,4,0,1,2,A,-,09,21802,A,N,D,C,A,A,H,-,C,A,0,,,,,Y,,A,07,0,0,1,0,0,0,0,0,0,"- ","- ",35.305469512939453,-119.62303161621094,KERN,TAFT,-119.62306213378906,35.305477142333984
9656065,2023,2024-01-17,1508,2023-11-08,1814,110,3B,3,5,2,1508,0,0,0,,0,,"1ST ST","KERN ST",0.00,,Y,A,-,Y,KER,6,33,-,-,18.330,I,5,S,Y,4,0,1,2,A,-,09,21802,A,N,H,D,A,A,H,-,C,A,0,,,,,Y,,D,22,0,0,1,0,0,0,0,0,0,"- ","- ",35.140708923339844,-119.45191192626953,KERN,TAFT,-119.45191955566406,35.140743255615234
9656079,2023,2024-01-16,1506,2023-11-06,1224,0619,4,1,5,4,1506,0,0,0,,0,,"W WARD AV","NORTH CHINA LAKE BL",0.00,,Y,A,-,Y,KER,6,178,-,-,101.100,I,5,W,Y,3,0,2,3,A,-,03,22350,A,N,C,C,A,A,H,-,A,A,0,,,,,Y,,A,01,0,2,0,0,0,0,0,0,0,"- ","- ",35.644359588623047,-117.66980743408203,KERN,RIDGECREST,-117.66976165771484,35.644367218017578
9656274,2023,2024-02-16,1506,2023-11-20,"615 ",1304,5,1,5,4,1506,0,0,0,,0,,"NORTH CHINA LAKE BL","E GRAAF AV",0.00,,Y,A,-,Y,KER,6,178,-,-,100.840,I,5,W,Y,4,0,1,3,A,-,09,21804,,N,D,C,A,A,H,-,B,A,0,,,,,Y,,A,01,0,0,1,0,0,0,0,0,0,"- ","- ",35.647991180419922,-117.66982269287109,KERN,RIDGECREST,-117.66975402832031,35.648006439208984
9656287,2023,2024-02-12,1507,2023-12-01,1742,315,100,5,5,3,1507,0,0,0,,0,,"SANTA FE WY","CHERRY AV",0.00,,Y,A,-,N,,,,,,,,,,N,3,0,2,2,A,-,09,21802,A,N,D,C,A,A,H,-,D,A,0,,,,,Y,,A,01,0,1,1,0,0,0,0,0,0,"- ","- ",35.477588653564453,-119.2430419921875,KERN,SHAFTER,-119.24305725097656,35.477611541748047
9656335,2023,2024-03-01,1500,2023-11-14,1100,202543,WA02,2,5,3,1510,0,0,0,,0,4401,"RT 43","JACKSON AV",920.00,S,N,A,-,Y,KER,6,43,-,R,23.030,H,-,S,Y,4,0,1,3,A,-,01,23153,A,F,B,C,A,A,H,-,A,A,0,,,,,Y,Y,A,01,0,0,1,0,0,0,0,0,0,"- ","- ",,,KERN,WASCO,-119.33415985107422,35.571140289306641
9658473,2024,2024-03-13,1501,2024-01-12,2359,638,19,5,5,3,1501,0,0,0,,0,002,"FRANKLIN ST","FRANKLIN ST 489",0.00,,-,A,-,N,,,,,,,,,,Y,4,0,1,3,A,-,08,22107,,M,C,E,A,A,H,-,C,D,0,,,,,Y,,A,01,0,0,1,0,0,0,0,0,0,"- ","- ",35.201519012451172,-118.83072662353516,KERN,ARVIN,-118.82418823242188,35.201869964599609
9660254,2024,2024-03-01,1507,2024-01-23,"347 ",319,7,2,5,3,1507,0,0,0,,0,,"S POPLAR AV","PG&E POLE #19030",139.00,N,N,A,-,N,,,,,,,,,,Y,2,0,3,1,A,-,01,23153,A,N,E,I,A,B,F,H,C,A,0,,,,,Y,Y,A,01,2,1,0,0,0,0,0,0,0,"- ","- ",35.499889373779297,-119.29611206054688,KERN,SHAFTER,,
9661034,2024,2024-03-25,1506,2024-01-08,1331,1304,20,1,5,4,1506,0,0,0,,0,,"NORMA ST","DRUMMOND AV",166.00,S,N,A,-,N,,,,,,,,,,Y,3,0,2,2,A,-,03,22350,,N,C,C,A,A,H,-,A,D,0,,,,,Y,,A,01,0,1,1,0,0,0,0,0,0,"- ","- ",35.637031555175781,-117.67874145507812,KERN,RIDGECREST,-117.67872619628906,35.636554718017578
9661804,2024,2024-04-24,1501,2024-03-19,1825,638,16,2,5,3,1501,0,0,0,,0,001,"HAVEN DR","SOUTH A",0.00,,Y,A,-,N,,,,,,,,,,N,3,0,1,2,A,-,12,22450,A,M,B,C,A,A,H,-,A,D,0,,,,,Y,,A,01,0,1,0,0,0,0,0,0,0,"- ","- ",35.205448150634766,-118.82866668701172,KERN,ARVIN,-118.82878112792969,35.205425262451172
9661905,2023,2024-01-30,1507,2023-12-21,1441,315,100,4,5,3,1507,0,0,0,,0,,"SANTA FE WY","MENDOTA ST",694.00,S,N,C,-,N,,,,,,,,,,N,3,0,2,2,A,-,06,21751,,N,B,C,A,B,H,-,A,D,0,,,,,Y,,A,01,0,2,0,0,0,0,0,0,0,"- ","- ",35.470680236816406,-119.23458862304688,KERN,SHAFTER,-119.22380065917969,35.461799621582031
9662271,2023,2025-07-23,1511,2023-11-29,1826,53341,1,3,5,2,1511,0,0,0,,0,00A,"CALIFORNIA CITY BL","DEEP WELL ST",0.00,,Y,A,-,N,,,,,,,,,,Y,1,1,0,2,A,-,17,21454,A,N,G,B,E,A,H,-,D,D,0,Y,,,,Y,Y,N,60,0,0,0,1,0,0,0,0,0,"- ","- ",35.125450134277344,-118.07742309570312,KERN,"CALIFORNIA CITY",-118.08155822753906,35.12548828125
9664216,2024,2024-07-02,1507,2024-01-04,"422 ",318,29,4,5,3,1507,0,0,0,,0,,"ZERKER RD","NEW KAPITTEL CT",1550.00,S,N,A,C,N,,,,,,,,,,Y,2,0,1,2,A,-,01,23152,A,N,D,E,A,B,G,-,D,D,0,,,,Y,Y,Y,A,01,1,0,0,0,0,0,0,0,0,"- ","- ",35.492828369140625,-119.15659332275391,KERN,SHAFTER,-119.15294647216797,35.489830017089844
9664287,2024,2024-04-15,1500,2024-02-07,1736,202421,WA-02,3,5,3,1510,0,0,0,,0,4401,"NORTH PALM AVE","MARGALO ST",0.00,,Y,B,-,N,,,,,,,,,,Y,2,0,1,2,A,-,12,22450,A,N,D,C,A,B,-,-,C,A,0,,,,,Y,,A,01,1,0,0,0,0,0,0,0,0,"- ","- ",,,KERN,WASCO,-119.34918975830078,35.605144500732422
9665090,2024,2024-07-01,1501,2024-01-11,2042,638,12,4,5,3,1501,0,0,0,,0,001,"BEAR MOUNTAIN BL","COMANCHE DR",0.00,,Y,A,-,N,,,,,,,,,,Y,3,0,2,2,A,-,12,21453,A,F,H,C,A,A,H,-,C,A,0,,,,,Y,,A,01,0,1,1,0,0,0,0,0,0,"- ","- ",35.209091186523438,-118.84217834472656,KERN,ARVIN,-118.84220123291016,35.209053039550781
9666321,2024,2024-05-21,1507,2024-03-07,1713,318,20,4,5,3,1507,0,0,0,,0,,"E LOS ANGELES AV","SOUTH SHAFTER",45.00,E,N,A,-,N,,,,,,,,,,Y,3,0,1,2,A,-,09,21801,A,N,D,D,A,A,H,-,A,D,0,,,,,Y,,A,01,0,1,0,0,0,0,0,0,0,"- ","- ",35.492519378662109,-119.26064300537109,KERN,SHAFTER,-119.27826690673828,35.492591857910156
9667480,2024,2024-07-18,1515,2024-01-12,1612,58035,,5,5,1,1515,0,0,0,,0,,"BEAR VALLEY RD","DEERTRAIL DR",0.00,,Y,A,-,N,,,,,,,,,,,3,0,2,2,A,-,09,21804,A,N,D,C,A,A,H,-,A,D,0,,,,,Y,,D,22,0,2,0,0,0,0,0,0,0,"- ","- ",,,KERN,"BEAR VALLEY SPRINGS",-118.64298248291016,35.167068481445312
9667714,2024,2024-03-11,1507,2024-01-28,1914,319,33,7,5,3,1507,0,0,0,,0,,"BURBANK ST","DRIVER RD",35.00,E,N,A,-,N,,,,,,,,,,Y,2,0,1,2,A,-,08,22107,,N,A,E,A,A,A,B,C,D,0,,,,,Y,,D,22,1,0,0,0,0,0,0,0,0,"- ","- ",35.470638275146484,-119.20664978027344,KERN,SHAFTER,-119.20652008056641,35.470638275146484
9667877,2024,2024-04-27,1506,2024-02-03,"620 ",9922,45,6,5,4,1506,0,0,0,,0,,"S CHINA LAKE BL","E BOWMAN RD",0.00,,Y,G,-,N,,,,,,,,,,Y,2,0,1,2,A,-,12,21453,A,N,D,D,A,A,H,-,B,A,0,,,,,Y,,A,08,1,0,0,0,0,0,0,0,0,"- ","- ",35.607818603515625,-117.67063140869141,KERN,RIDGECREST,-117.67055511474609,35.607814788818359
9668147,2024,2024-06-21,1501,2024-01-30,"518 ",9991,50,2,5,3,1501,0,0,0,,0,050,"COMANCHE DR","SYCAMORE RD",0.00,,Y,A,-,N,,,,,,,,,,N,4,0,1,2,A,-,12,22450,A,N,H,C,A,A,H,-,C,A,0,,,,,Y,,A,01,0,0,1,0,0,0,0,0,0,"- ","- ",35.194469451904297,-118.84195709228516,KERN,ARVIN,-118.84201049804688,35.194446563720703
9668523,2024,2024-03-18,1508,2024-01-06,2006,33,2B,6,5,2,1508,0,0,0,,0,,"LASSEN AV","MCKINLEY ST",43.00,W,N,B,-,N,,,,,,,,,,Y,3,0,2,3,A,-,01,23153,A,N,C,E,A,A,H,-,C,D,0,,,,,Y,Y,A,01,0,1,1,0,0,0,0,0,0,"- ","- ",35.143970489501953,-119.47196197509766,KERN,TAFT,-119.47214508056641,35.143985748291016
9668791,2024,2024-04-09,1506,2024-01-29,1125,1712,36,1,5,4,1506,0,0,0,,0,,"W CHURCH AV","S CHINA LAKE BL",0.00,,Y,A,-,N,,,,,,,,,,Y,4,0,1,2,A,-,17,21451,A,N,B,C,A,A,H,-,A,A,0,,,,,Y,,A,08,0,0,1,0,0,0,0,0,0,"- ","- ",35.618881225585938,-117.67006683349609,KERN,RIDGECREST,-117.66999816894531,35.618877410888672
9668994,2024,2024-04-12,1500,2024-03-01,1551,204227,WA02,5,5,3,1510,0,0,0,,0,4401,"RT 46","PALM AV",485.00,E,N,A,-,Y,KER,6,46,-,-,50.110,H,-,W,Y,4,0,1,3,A,-,04,21703,,N,C,C,A,A,H,-,A,A,0,,,,,Y,,D,22,0,0,1,0,0,0,0,0,0,"- ","- ",,,KERN,WASCO,-119.34761810302734,35.601608276367188
9669221,2024,2024-04-26,1509,2024-02-05,"124 ",1023,E,1,5,3,1509,0,0,0,,0,,"EAST TEHACHAPI BL","TEHACHAPI WILLOW SPRINGS",0.00,,Y,A,-,N,,,,,,,,,,Y,2,0,1,1,A,-,03,22350,,N,E,J,A,A,H,-,C,D,0,,,,,Y,,A,01,1,0,0,0,0,0,0,0,0,"- ","- ",35.125198364257812,-118.39646148681641,KERN,TEHACHAPI,-118.39649200439453,35.125209808349609
9669516,2024,2024-07-08,1508,2024-02-02,1940,141,4B,5,5,2,1508,0,0,0,,0,,"SAN EMIDIO ST","8TH ST",0.00,,Y,A,-,N,,,,,,,,,,Y,3,0,1,2,A,-,01,23152,,M,B,E,A,A,H,-,C,D,0,,,,Y,Y,Y,A,01,0,1,0,0,0,0,0,0,0,"- ","- ",35.145420074462891,-119.46024322509766,KERN,TAFT,-119.46192932128906,35.145988464355469
9669688,2024,2024-05-10,1508,2024-02-29,1508,110,4B,4,5,2,1508,0,0,0,,0,,"4TH ST","WARREN ST",58.00,N,N,A,-,N,,,,,,,,,,N,4,0,1,2,A,-,01,23152,,N,B,E,A,A,H,-,C,D,0,,,,,Y,Y,A,01,0,0,1,0,0,0,0,0,0,"- ","- ",35.146041870117188,-119.45477294921875,KERN,TAFT,-119.45497894287109,35.145957946777344
9670442,2024,2024-05-21,1500,2024-03-13,1438,202421,WA02,3,5,3,1510,0,0,0,,0,4401,"POPLAR AV","SUNSET ST",0.00,,Y,A,-,N,,,,,,,,,,N,3,0,1,2,A,-,10,21950,A,N,G,B,B,A,H,-,A,A,0,Y,,,,Y,,A,08,0,1,0,0,1,0,0,0,0,"- ","- ",,,KERN,WASCO,-119.34484100341797,35.591968536376953
9671661,2024,2024-06-27,1506,2024-02-12,1515,9998,,1,5,4,1506,0,0,0,,0,,"W GRAAF AV","N BRADY ST",0.00,,Y,A,-,N,,,,,,,,,,Y,4,0,2,3,A,-,00,2800,2,N,B,C,A,A,H,-,A,A,0,,,,Y,Y,,A,01,0,0,2,0,0,0,0,0,0,"- ","- ",,,KERN,RIDGECREST,-117.70555114746094,35.6480712890625
9671984,2024,2024-03-30,1506,2024-01-11,"658 ",3912,21,4,5,4,1506,0,0,0,,0,,"E DRUMMON AV","EAST FRENCH AV",1329.00,W,N,A,-,N,,,,,,,,,,N,4,0,1,2,D,-,00,,,N,C,C,A,A,H,-,A,D,0,,,,,Y,,-,"- ",0,0,1,0,0,0,0,0,0,"- ","- ",35.637321472167969,-117.67243957519531,KERN,RIDGECREST,-117.66602325439453,35.633434295654297
9671987,2024,2024-03-11,1506,2024-01-28,1745,9998,28,7,5,4,1506,0,0,0,,0,,"WEST RIDGECREST BL","N BALSAM ST",0.00,,Y,A,-,N,,,,,,,,,,N,4,0,1,2,A,-,17,24250,,N,B,C,A,A,H,-,C,A,0,,,,,Y,,A,01,0,0,1,0,0,0,0,0,0,"- ","- ",35.622459411621094,-117.67034149169922,KERN,RIDGECREST,-117.67121887207031,35.622486114501953
9671989,2024,2024-04-22,1501,2024-02-06,"806 ",626,15,2,5,3,1501,0,0,0,,0,002,MEYER,"HOOD ST",0.00,,Y,C,-,N,,,,,,,,,,N,4,0,1,2,A,-,08,22107,,N,D,C,A,B,H,-,A,A,0,,,,,Y,,A,01,0,0,1,0,0,0,0,0,0,"- ","- ",35.203628540039062,-118.83315277099609,KERN,ARVIN,-118.8331298828125,35.203609466552734
9672220,2024,2024-06-21,1506,2024-01-24,1612,1304,11,3,5,4,1506,0,0,0,,0,,"W KINNETT AV","N SIERRA VIEW ST",320.00,W,N,A,-,N,,,,,,,,,,Y,4,0,1,2,A,-,03,22350,,N,A,C,A,A,H,-,A,D,0,,,,,Y,,A,01,0,0,1,0,0,0,0,0,0,"- ","- ",35.642158508300781,-117.68414306640625,KERN,RIDGECREST,-117.68429565429688,35.642181396484375
9673113,2024,2024-03-15,1511,2024-01-22,2023,53082,5,1,5,2,1511,0,0,0,,0,00A,"CALIFORNIA CITY BL (FRONTAGE)","NEMOPHILIA ST",0.00,,Y,C,-,N,,,,,,,,,,N,3,0,1,2,A,-,11,21954,A,N,B,B,E,B,H,-,D,D,0,Y,,,,Y,Y,N,60,0,1,0,0,1,0,0,0,0,"- ","- ",35.125190734863281,-117.94432067871094,KERN,"CALIFORNIA CITY",-117.98069763183594,35.126026153564453