CASE_ID,ACCIDENT_YEAR,PROC_DATE,JURIS,COLLISION_DATE,COLLISION_TIME,OFFICER_ID,REPORTING_DISTRICT,DAY_OF_WEEK,CHP_SHIFT,POPULATION,CNTY_CITY_LOC,SPECIAL_COND,BEAT_TYPE,CHP_BEAT_TYPE,CITY_DIVISION_LAPD,CHP_BEAT_CLASS,BEAT_NUMBER,PRIMARY_RD,SECONDARY_RD,DISTANCE,DIRECTION,INTERSECTION,WEATHER_1,WEATHER_2,STATE_HWY_IND,CALTRANS_COUNTY,CALTRANS_DISTRICT,STATE_ROUTE,ROUTE_SUFFIX,POSTMILE_PREFIX,POSTMILE,LOCATION_TYPE,RAMP_INTERSECTION,SIDE_OF_HWY,TOW_AWAY,COLLISION_SEVERITY,NUMBER_KILLED,NUMBER_INJURED,PARTY_COUNT,PRIMARY_COLL_FACTOR,PCF_CODE_OF_VIOL,PCF_VIOL_CATEGORY,PCF_VIOLATION,PCF_VIOL_SUBSECTION,HIT_AND_RUN,TYPE_OF_COLLISION,MVIW,PED_ACTION,ROAD_SURFACE,ROAD_COND_1,ROAD_COND_2,LIGHTING,CONTROL_DEVICE,CHP_ROAD_TYPE,PEDESTRIAN_ACCIDENT,BICYCLE_ACCIDENT,MOTORCYCLE_ACCIDENT,TRUCK_ACCIDENT,NOT_PRIVATE_PROPERTY,ALCOHOL_INVOLVED,STWD_VEHTYPE_AT_FAULT,CHP_VEHTYPE_AT_FAULT,COUNT_SEVERE_INJ,COUNT_VISIBLE_INJ,COUNT_COMPLAINT_PAIN,COUNT_PED_KILLED,COUNT_PED_INJURED,COUNT_BICYCLIST_KILLED,COUNT_BICYCLIST_INJURED,COUNT_MC_KILLED,COUNT_MC_INJURED,PRIMARY_RAMP,SECONDARY_RAMP,LATITUDE,LONGITUDE,COUNTY,CITY,POINT_X,POINT_Y
9673417,2024,2024-04-29,1501,2024-02-19,1824,999,2,1,5,3,1501,0,0,0,,0,002,"HAVEN DR","SOUTH A ST",0.00,,Y,A,-,N,,,,,,,,,,N,3,0,1,2,A,-,12,22450,,N,G,B,B,A,H,-,A,A,0,Y,,,,Y,Y,A,01,0,1,0,0,1,0,0,0,0,"- ","- ",35.205448150634766,-118.82866668701172,KERN,ARVIN,-118.82878112792969,35.205425262451172
9673576,2024,2024-05-01,1506,2024-02-15,1644,3912,28,4,5,4,1506,0,0,0,,0,,"RIDGECREST BL","BALSAM ST",0.00,,Y,A,-,N,,,,,,,,,,Y,3,0,1,2,A,-,09,21804,A,N,D,C,A,A,H,-,A,A,0,,,,,Y,,D,22,0,1,0,0,0,0,0,0,0,"- ","- ",35.622001647949219,-117.67099761962891,KERN,RIDGECREST,-117.67121887207031,35.622486114501953
9673613,2024,2024-06-28,1500,2024-02-18,1411,203462,4401,7,5,3,1510,0,0,0,,0,WA02,"16TH ST","PINE ST",0.00,,Y,A,-,N,,,,,,,,,,N,3,0,1,2,A,-,21,22106,,N,C,D,A,A,H,-,A,A,0,,,,,Y,Y,A,01,0,1,0,0,0,0,0,0,0,"- ","- ",,,KERN,WASCO,-119.33964538574219,35.583400726318359
9674176,2024,2024-07-03,1507,2024-03-04,"943 ",315,21,1,5,3,1507,0,0,0,,0,,"CHERRY AV","RIVERSIDE ST",0.00,,Y,A,-,N,,,,,,,,,,N,4,0,1,2,A,-,09,21804,A,N,D,D,A,A,H,-,A,A,0,,,,Y,Y,,G,25,0,0,1,0,0,0,0,0,0,"- ","- ",35.485210418701172,-119.24294281005859,KERN,SHAFTER,-119.24296569824219,35.485210418701172
9674870,2024,2024-03-23,1507,2024-02-23,1818,302,17,5,5,3,1507,0,0,0,,0,,"CENTRAL VALLEY HWY","E. EUCLID AV",0.00,,Y,A,-,N,,,,,,,,,,Y,4,0,1,2,A,-,09,21801,A,N,D,D,A,A,H,-,D,D,0,,,,,Y,,A,01,0,0,1,0,0,0,0,0,0,"- ","- ",35.499851226806641,-119.27037811279297,KERN,SHAFTER,,
9675994,2024,2024-03-07,1511,2024-01-21,1245,53324,,7,5,2,1511,0,0,0,,0,00A,"RT 58","NEURALIA RD",0.00,W,N,A,-,N,,,,,,,,,,Y,4,0,1,1,A,-,03,22349,A,N,A,I,A,A,H,-,A,D,0,,,,,Y,,D,22,0,0,1,0,0,0,0,0,0,"- ","- ",,,KERN,"CALIFORNIA CITY",-117.98940277099609,35.017387390136719
9676196,2024,2024-02-26,1507,2024-02-03,1954,324,21,6,5,3,1507,0,0,0,,0,,"LERDO HWY","CHERRY AV",0.00,,Y,C,-,N,,,,,,,,,,Y,3,0,1,1,A,-,03,22350,,N,E,I,A,B,H,-,C,D,0,,,,,Y,,A,01,0,1,0,0,0,0,0,0,0,"- ","- ",35.499858856201172,-119.24275207519531,KERN,SHAFTER,-119.24275207519531,35.499725341796875
9678061,2024,2024-03-08,1501,2024-01-20,2253,629,20,6,5,3,1501,0,0,0,,0,001,"MEYER ST","OLSON ST",0.00,,Y,C,-,N,,,,,,,,,,N,3,0,1,2,A,-,11,21954,A,N,G,B,E,B,H,-,C,D,0,Y,,,,Y,,N,60,0,1,0,0,1,0,0,0,0,"- ","- ",35.197231292724609,-118.83310699462891,KERN,ARVIN,-118.83311462402344,35.197227478027344
9678127,2024,2024-04-29,1506,2024-02-20,1736,7181,28,2,5,4,1506,0,0,0,,0,,"NORTH CHINA LAKE BL","W LAS FLORES AVE",0.00,,Y,A,-,N,,,,,,,,,,N,4,0,1,2,A,-,12,21453,A,N,B,C,A,A,H,-,B,A,0,,,,,Y,,A,01,0,0,1,0,0,0,0,0,0,"- ","- ",35.629798889160156,-117.66986083984375,KERN,RIDGECREST,-117.66986083984375,35.629776000976562
9678158,2024,2024-05-04,1501,2024-02-28,2210,626,12,3,5,3,1501,0,0,0,,0,001,"COMANCHE DR","WOONER DR",0.00,,Y,A,-,N,,,,,,,,,,Y,3,0,1,1,A,-,01,23153,B,N,A,J,A,A,H,-,C,D,0,,,,,Y,Y,A,01,0,1,0,0,0,0,0,0,0,"- ","- ",35.21160888671875,-118.84197235107422,KERN,ARVIN,-118.84219360351562,35.211410522460938
9678356,2024,2024-04-15,1508,2024-02-18,"855 ",140,6B,7,5,2,1508,0,0,0,,0,,"GARDNER FIELD RD","GAS COMPANY RD",2640.00,E,N,A,-,N,,,,,,,,,,Y,3,0,1,1,A,-,08,22107,,N,F,A,A,A,H,-,A,D,0,,,,,Y,Y,A,01,0,1,0,0,0,0,0,0,0,"- ","- ",35.136970520019531,-119.41281890869141,KERN,TAFT,-119.40534973144531,35.133441925048828
9679230,2024,2024-03-29,1508,2024-02-20,1639,144,5B,2,5,2,1508,0,0,0,,0,,"RT 33","2ND ST",0.00,,Y,A,-,Y,KER,6,33,-,-,18.450,I,5,S,N,3,0,2,2,A,-,09,21804,A,N,D,C,A,A,H,-,A,A,0,,,,,Y,,A,01,0,1,1,0,0,0,0,0,0,"- ","- ",,,KERN,TAFT,-119.45386505126953,35.141307830810547
9679251,2024,2024-04-03,1508,2024-02-20,"652 ",111,5B,2,5,2,1508,0,0,0,,0,,"RT 33","WOOD ST",769.00,N,N,A,-,Y,KER,6,33,-,-,17.720,H,-,N,Y,3,0,1,1,A,-,03,22350,,M,H,A,A,B,G,-,D,D,0,,,,,Y,Y,A,01,0,1,0,0,0,0,0,0,0,"- ","- ",35.131591796875,-119.44554138183594,KERN,TAFT,-119.4471435546875,35.133628845214844
9679767,2024,2024-03-22,1500,2024-01-19,"610 ",203463,WA02,5,5,3,1510,0,0,0,,0,4401,"RT 46","GRIFFITH AV",0.00,,Y,E,-,N,,,,,,,,,,Y,3,0,1,2,A,-,10,21950,A,N,G,B,B,A,H,-,B,A,0,Y,,,,Y,,-,"- ",0,1,0,0,1,0,0,0,0,"- ","- ",,,KERN,WASCO,-119.34036254882812,35.601543426513672
9680572,2024,2024-10-16,1506,2024-10-02,1028,7181,46,3,5,4,1506,0,0,0,,0,,"BOWMAN RD","SUNLAND ST",0.00,,Y,A,-,N,,,,,,,,,,N,2,0,1,2,A,-,09,21800,A,N,D,C,A,A,H,-,A,A,0,,,Y,,Y,,A,01,1,0,0,0,0,0,0,0,1,"- ","- ",35.608009338378906,-117.66713714599609,KERN,RIDGECREST,-117.66124725341797,35.608039855957031
9680576,2024,2024-10-16,1506,2024-09-09,1501,3912,37,1,5,4,1506,0,0,0,,0,002,"CHINA LAKE BLVD","GRANDE WY",0.00,,Y,A,-,N,,,,,,,,,,N,3,0,1,2,A,-,05,21650,,N,H,G,A,A,H,-,A,D,0,,Y,,,Y,,L,04,0,1,0,0,0,0,1,0,0,"- ","- ",35.62255859375,-117.66983795166016,KERN,RIDGECREST,-117.66995239257812,35.622116088867188
9680577,2024,2024-11-07,1508,2024-09-05,2333,140,6B,4,5,2,1508,0,0,0,,0,,"RT 33","HOVEY HILLS RD",1320.00,S,N,A,-,Y,KER,6,33,-,-,19.020,H,-,S,Y,4,0,1,1,A,-,08,22107,,N,F,A,A,A,H,-,D,D,0,,,,,Y,,A,01,0,0,1,0,0,0,0,0,0,"- ","- ",34.144489288330078,-119.46312713623047,KERN,TAFT,-119.46329498291016,35.144340515136719
9680716,2024,2024-06-18,1500,2024-03-07,1603,204227,WA-02,4,5,3,1510,0,0,0,,0,4401,"POSO DR","PALM AVE",0.00,,Y,A,-,N,,,,,,,,,,Y,4,0,1,2,A,-,09,21800,A,N,D,C,A,A,H,-,A,A,0,,,,,Y,,A,01,0,0,1,0,0,0,0,0,0,"- ","- ",,,KERN,WASCO,-119.34935760498047,35.587017059326172
9680868,2024,2024-05-23,1506,2024-03-07,2030,9998,4,4,5,4,1506,0,0,0,,0,,"N NORMA ST","W REEVES AV",0.00,,Y,A,-,N,,,,,,,,,,Y,3,0,2,2,A,-,09,21804,,N,D,C,A,A,H,-,C,A,0,,,Y,,Y,,A,01,0,1,1,0,0,0,0,0,1,"- ","- ",35.645908355712891,-117.67928314208984,KERN,RIDGECREST,-117.67876434326172,35.646190643310547
9681046,2024,2024-04-16,1509,2024-02-11,2004,1029,W,7,5,3,1509,0,0,0,,0,,"W VALLEY BL","BEECH ST",0.00,,Y,A,-,N,,,,,,,,,,Y,3,0,1,2,A,-,01,23152,A,N,C,C,A,A,H,-,C,D,0,,,,,Y,Y,D,22,0,1,0,0,0,0,0,0,0,"- ","- ",35.124290466308594,-118.45992279052734,KERN,TEHACHAPI,-118.45993041992188,35.124317169189453
9682337,2024,2024-04-12,1500,2024-03-07,1610,202473,WA-02,4,5,3,1510,0,0,0,,0,4401,"RT 43","FILBURN AV",0.00,,Y,A,-,Y,KER,6,43,-,R,23.624,I,5,S,Y,4,0,1,2,A,-,09,21801,,N,D,C,A,A,H,-,A,D,0,,,,,Y,,A,07,0,0,1,0,0,0,0,0,0,"- ","- ",,,KERN,WASCO,-119.33417510986328,35.579750061035156
9683496,2024,2024-05-29,1501,2024-03-21,"741 ",638,14,4,5,3,1501,0,0,0,,0,001,"SANTA ROSA","HAVEN DR",0.00,,Y,A,-,N,,,,,,,,,,N,2,0,1,2,A,-,10,21950,A,N,G,B,D,A,H,-,A,D,0,Y,,,,Y,,A,01,1,0,0,0,1,0,0,0,0,"- ","- ",35.205398559570312,-118.83876800537109,KERN,ARVIN,-118.83876037597656,35.205417633056641
9683712,2024,2024-04-17,1506,2024-02-27,1939,7598,46,2,5,4,1506,0,0,0,,0,,"S SUNLAND ST","E BOWMAN RD",0.00,,Y,B,-,N,,,,,,,,,,Y,4,0,1,2,A,-,08,22107,,N,B,C,A,A,H,-,C,A,0,,,,,Y,,A,01,0,0,1,0,0,0,0,0,0,"- ","- ",,,KERN,RIDGECREST,-117.66124725341797,35.608039855957031
9684082,2024,2024-05-20,1506,2024-03-22,1845,9998,28,5,5,4,1506,0,0,0,,0,,"NORMA ST","RIDGECREST BL",0.00,,Y,B,-,N,,,,,,,,,,N,4,0,1,2,A,-,04,21703,,N,C,C,A,A,H,-,B,A,0,,,,,Y,,A,01,0,0,1,0,0,0,0,0,0,"- ","- ",35.623100280761719,-117.67865753173828,KERN,RIDGECREST,-117.67887878417969,35.622512817382812
9684083,2024,2024-07-02,1506,2024-03-13,1413,7566,13,3,5,4,1506,0,0,0,,0,,"CHINA LAKE BL","SYDNOR ST",55.00,N,N,A,-,N,,,,,,,,,,Y,3,0,1,2,A,-,04,21703,,N,C,C,A,A,H,-,A,D,0,,,,,Y,,A,07,0,1,0,0,0,0,0,0,0,"- ","- ",35.640998840332031,-117.66980743408203,KERN,RIDGECREST,-117.66982269287109,35.641159057617188
9684221,2024,2024-05-10,1506,2024-03-11,2026,3748,38,1,5,4,1506,0,0,0,,0,,"E RIDGECREST BL","S SUNLAND ST",0.00,,Y,A,-,N,,,,,,,,,,Y,3,0,3,2,A,-,12,22450,,N,A,C,A,A,H,-,C,A,0,,,,,Y,,A,01,0,1,2,0,0,0,0,0,0,"- ","- ",35.622489929199219,-117.66104125976562,KERN,RIDGECREST,-117.66104888916016,35.622486114501953
9684731,2024,2024-09-16,1506,2024-03-10,1842,3912,903,7,5,4,1506,0,0,0,,0,,"COLLEGE HEIGHTS BL","SPRINGER AV",0.00,,Y,A,-,N,,,,,,,,,,Y,4,0,1,1,A,-,03,22350,A,N,H,A,A,A,H,-,B,A,0,,,,,Y,,A,01,0,0,1,0,0,0,0,0,0,"- ","- ",35.593448638916016,-117.67059326171875,KERN,RIDGECREST,-117.67060089111328,35.593532562255859
9684842,2024,2024-05-07,1511,2024-03-01,1859,53303,4,5,5,2,1511,0,0,0,,0,00A,"NEURALIA RD","MENDIBURU RD",0.00,,Y,A,-,N,,,,,,,,,,Y,2,0,3,2,A,-,09,21801,A,N,A,C,A,A,H,-,C,D,0,,,,,Y,,D,72,2,1,0,0,0,0,0,0,0,"- ","- ",35.140308380126953,-117.98590087890625,KERN,"CALIFORNIA CITY",-117.98590850830078,35.14031982421875
9684843,2024,2024-05-02,1511,2024-01-07,1615,53342,,7,5,2,1511,0,0,0,,0,00A,"RANDSBURG MOJAVE RD",PIEDMONT,4.00,E,N,A,-,N,,,,,,,,,,Y,3,0,1,2,A,-,08,22107,,N,E,I,A,A,G,-,B,D,0,,,,,Y,,D,72,0,1,0,0,0,0,0,0,0,"- ","- ",,,KERN,"CALIFORNIA CITY",-117.75461578369141,35.258598327636719
9684973,2024,2024-05-08,1506,2024-03-20,1938,3748,38,3,5,4,1506,0,0,0,,0,,"E RIDGECREST BL","N GOLD CANYON ST",0.00,,Y,A,-,N,,,,,,,,,,N,3,0,1,2,A,-,10,21950,,N,G,B,C,A,H,-,C,A,0,Y,,,,Y,,A,01,0,1,0,0,1,0,0,0,0,"- ","- ",35.620700836181641,-117.66107940673828,KERN,RIDGECREST,-117.66661834716797,35.622486114501953
9685444,2024,2024-07-22,1501,2024-05-16,2046,639,21,4,5,3,1501,0,0,0,,0,002,"SYCAMORE RD","MEYER ST",0.00,,Y,A,-,N,,,,,,,,,,N,3,0,1,2,A,-,12,22450,A,N,B,C,A,A,H,-,D,D,0,,,,,Y,,A,01,0,1,0,0,0,0,0,0,0,"- ","- ",35.195320129394531,-118.83170318603516,KERN,ARVIN,-118.83303833007812,35.194492340087891
9686161,2024,2024-07-09,1507,2024-05-14,1735,318,100,2,5,3,1507,0,0,0,,0,,"SANTA FE WY","BURBANK ST",23.00,N,N,A,-,N,,,,,,,,,,Y,2,0,4,2,A,-,08,22107,,N,E,I,A,A,H,-,A,D,0,,,,,Y,,A,01,2,2,0,0,0,0,0,0,0,"- ","- ",35.470001220703125,-119.23400115966797,KERN,SHAFTER,-119.23462677001953,35.470703125
9686162,2024,2024-07-09,1506,2024-05-05,"348 ",0619,46,7,5,4,1506,0,0,0,,0,,"SUNLAND ST","BOWMAN RD",0.00,,Y,G,-,N,,,,,,,,,,Y,2,0,2,2,A,-,01,23153,,N,D,C,A,A,H,-,C,A,0,,,,,Y,Y,A,01,1,0,1,0,0,0,0,0,0,"- ","- ",35.608001708984375,-117.66100311279297,KERN,RIDGECREST,-117.66124725341797,35.608039855957031
9686429,2024,2024-07-22,1507,2024-05-09,"806 ",326,29,4,5,3,1507,0,0,0,,0,,"ZERKER RD","NEW KAPITTEL COURT",136.00,S,N,A,-,N,,,,,,,,,,Y,3,0,2,2,A,-,03,22350,,N,A,C,A,A,H,-,A,D,0,,,,,Y,,A,01,0,2,0,0,0,0,0,0,0,"- ","- ",35.492828369140625,-119.15659332275391,KERN,SHAFTER,-119.15625762939453,35.492576599121094
9686593,2024,2024-08-01,1506,2024-05-30,1026,7566,37,4,5,4,1506,0,0,0,,0,,"S CHINA LAKE BL","CALIFORNIA AV",0.00,,Y,A,-,N,,,,,,,,,,Y,3,0,1,2,A,-,12,21453,A,N,D,D,A,A,H,-,A,A,0,,,,,Y,,D,73,0,1,0,0,0,0,0,0,0,"- ","- ",35.620689392089844,-117.66988372802734,KERN,RIDGECREST,-117.66996765136719,35.620704650878906
9687798,2024,2024-05-08,1507,2024-03-15,1318,324,100,5,5,3,1507,0,0,0,,0,,"SANTA FE WY","WEIDENBACH ST",1636.00,N,N,A,-,N,,,,,,,,,,Y,4,0,1,2,A,-,08,22107,,N,B,C,A,A,H,-,A,D,0,,,,,Y,,A,01,0,0,1,0,0,0,0,0,0,"- ","- ",35.444858551025391,-119.20308685302734,KERN,SHAFTER,-119.21986389160156,35.458621978759766
9687839,2024,2024-07-03,1500,2024-03-18,1625,203462,WAO2,1,5,3,1510,0,0,0,,0,4401,"10TH ST","F STREET",0.00,,Y,A,-,N,,,,,,,,,,Y,3,0,1,2,A,-,09,21801,A,N,D,C,A,A,H,-,A,A,0,,,,,Y,Y,A,01,0,1,0,0,0,0,0,0,0,"- ","- ",,,KERN,WASCO,-119.33377838134766,35.590248107910156
9687986,2024,2024-06-26,1500,2024-03-04,1011,203462,WA-02,1,5,3,1510,0,0,0,,0,4401,"J ST","9TH ST",200.00,S,N,A,-,N,,,,,,,,,,N,3,0,1,2,A,-,09,21801,A,N,D,C,A,A,H,-,A,A,0,,,,,Y,Y,A,01,0,1,0,0,0,0,0,0,0,"- ","- ",,,KERN,WASCO,-119.32823181152344,35.590972900390625
9688874,2024,2024-06-26,1500,2024-03-10,"338 ",203463,WA02,7,5,3,1510,0,0,0,,0,4401,"POSO DR","POSO RD, 1044",0.00,,Y,A,-,N,,,,,,,,,,Y,4,0,1,3,A,-,01,23152,B,N,C,C,A,A,H,-,C,A,0,,,,,Y,Y,A,01,0,0,1,0,0,0,0,0,0,"- ","- ",,,KERN,WASCO,-119.35816955566406,35.587009429931641
9688875,2024,2024-05-14,1500,2024-03-10,1942,202567,WA02,7,5,3,1510,0,0,0,,0,4401,"RT 46","GRIFFITH AV",0.00,,Y,A,-,Y,KER,6,46,-,-,50.520,I,5,W,Y,4,0,1,2,A,-,08,22107,,N,A,C,A,A,H,-,C,A,0,,,,,Y,,A,01,0,0,1,0,0,0,0,0,0,"- ","- ",,,KERN,WASCO,-119.34035491943359,35.601600646972656
9689429,2024,2024-05-16,1508,2024-03-07,"610 ",138,6B,4,5,2,1508,0,0,0,,0,,"PETROLEUM CLUB RD","RT 33",10560.00,E,N,C,-,N,,,,,,,,,,Y,4,0,1,1,A,-,03,22350,,N,H,A,A,B,H,-,A,D,0,,,,,Y,,A,01,0,0,1,0,0,0,0,0,0,"- ","- ",35.098758697509766,-119.40241241455078,KERN,TAFT,-119.41412353515625,35.119640350341797
9691997,2024,2024-05-17,1509,2024-03-14,1630,1029,KERN,4,5,3,1509,0,0,0,,0,00W,"TUCKER RD","WALMART DRIVEWAY",0.00,,Y,A,-,N,,,,,,,,,,N,4,0,1,2,A,-,03,22350,,M,C,C,A,A,H,-,A,A,0,,,Y,,Y,,C,02,0,0,1,0,0,0,0,0,1,"- ","- ",35.127918243408203,-118.45099639892578,KERN,TEHACHAPI,,
9692557,2024,2024-06-12,1507,2024-04-10,1019,324,12,3,5,3,1507,0,0,0,,0,,"LERDO HWY","JAMES ST",0.00,,Y,A,-,N,,,,,,,,,,N,4,0,1,2,A,-,09,21800,A,N,H,G,A,A,H,-,A,A,0,,Y,,,Y,,D,72,0,0,1,0,0,0,1,0,0,"- ","- ",35.499969482421875,-119.27301025390625,KERN,SHAFTER,-119.27316284179688,35.49981689453125
9692559,2024,2024-06-06,1507,2024-04-13,1627,315,27,6,5,3,1507,0,0,0,,0,,"EAST LERDO HWY","DRIVER RD",0.00,,Y,B,C,N,,,,,,,,,,N,4,0,1,1,A,-,03,22350,,N,E,I,A,B,H,-,A,D,0,,,,Y,Y,,F,25,0,0,1,0,0,0,0,0,0,"- ","- ",35.499759674072266,-119.20577239990234,KERN,SHAFTER,-119.20577239990234,35.499664306640625
9692607,2024,2024-06-03,1501,2024-04-25,1331,638,18,4,5,3,1501,0,0,0,,0,002,"COMANCHE DR","DURHAM ST",1338.00,S,N,A,-,N,,,,,,,,,,N,2,0,2,4,A,-,03,22350,,N,C,C,A,A,H,-,A,D,0,,,,,Y,,D,22,2,0,0,0,0,0,0,0,0,"- ","- ",35.199680328369141,-118.84185791015625,KERN,ARVIN,-118.84203338623047,35.195350646972656
9692779,2024,2024-06-03,1507,2024-04-18,"527 ",326,,4,5,3,1507,0,0,0,,0,,"ZERKER RD","NEW KAPITTEL CT",1583.00,S,N,A,-,N,,,,,,,,,,Y,3,0,2,2,A,-,08,22107,,N,B,C,A,A,H,-,D,D,0,,,,,Y,Y,A,01,0,1,1,0,0,0,0,0,0,"- ","- ",35.489700317382812,-119.15287780761719,KERN,SHAFTER,-119.15291595458984,35.48974609375
9693230,2024,2024-05-31,1501,2024-04-28,2016,640,24,7,5,3,1501,0,0,0,,0,003,"MARY ST","GREGG LN",0.00,,Y,A,-,N,,,,,,,,,,Y,2,0,1,2,A,-,01,23152,,N,C,E,A,A,H,-,C,D,0,,,,,Y,,A,08,1,0,0,0,0,0,0,0,0,"- ","- ",35.192970275878906,-118.8277587890625,KERN,ARVIN,-118.82772064208984,35.192752838134766
9695849,2024,2024-05-10,1511,2024-03-22,2251,53344,2,5,5,2,1511,0,0,0,,0,00A,"YERBA BL","POPPY BL",0.00,,Y,A,-,N,,,,,,,,,,Y,2,0,3,2,A,-,09,21804,A,N,D,C,A,A,H,-,C,A,0,,,,,Y,,A,01,1,2,0,0,0,0,0,0,0,"- ","- ",35.132961273193359,-118.00363922119141,KERN,"CALIFORNIA CITY",-118.003662109375,35.132957458496094
9696417,2024,2024-06-18,1508,2024-04-02,1253,111,5B,2,5,2,1508,0,0,0,,0,,"2ND ST","KERN ST",0.00,,Y,A,-,Y,KER,6,33,-,-,18.450,I,5,S,Y,3,0,6,2,A,-,09,21802,A,N,D,C,A,A,H,-,A,A,0,,,,,Y,,A,01,0,3,3,0,0,0,0,0,0,"- ","- ",,,KERN,TAFT,-119.45386505126953,35.141307830810547
9696495,2024,2024-05-29,1511,2024-03-26,1345,53348,,2,5,2,1511,0,0,0,,0,,"RT 58","100TH ST",0.00,S,N,A,-,N,,,,,,,,,,Y,3,0,1,3,A,-,03,22350,,N,F,A,A,A,H,-,A,D,0,,,,,Y,,M,47,0,1,0,0,0,0,0,0,0,"- ","- ",,,KERN,"CALIFORNIA CITY",-117.95233154296875,35.01483154296875
9697786,2024,2024-05-29,1509,2024-04-16,"721 ",1024,W,2,5,3,1509,0,0,0,,0,,"W TEHACHAPI BL","SOUTH CURRY ST",42.00,E,N,A,-,N,,,,,,,,,,Y,2,0,2,2,A,-,12,22450,A,N,H,C,A,A,H,-,A,-,0,,,,,Y,,A,01,2,0,0,0,0,0,0,0,0,"- ","- ",35.132331848144531,-118.44908142089844,KERN,TEHACHAPI,-118.44895935058594,35.132297515869141
9697787,2024,2024-07-03,1509,2024-04-12,1208,1028,W,5,5,3,1509,0,0,0,,0,,"TUCKER RD","RED APPLE PLAZA",0.00,,Y,A,-,N,,,,,,,,,,Y,3,0,2,2,A,-,12,21453,A,N,D,C,A,A,H,-,A,A,0,,,,,Y,,A,01,0,1,1,0,0,0,0,0,0,"- ","- ",35.131721496582031,-118.46732330322266,KERN,TEHACHAPI,-118.46728515625,35.131771087646484
9698008,2024,2024-06-27,1506,2024-04-16,1826,3748,28,2,5,4,1506,0,0,0,,0,,"WEST RIDGECREST BL","N BALSAM ST",0.00,,Y,A,-,N,,,,,,,,,,N,4,0,1,2,A,-,12,22450,,N,B,D,A,A,H,-,A,A,0,,,,,Y,,A,01,0,0,1,0,0,0,0,0,0,"- ","- ",35.62255859375,-117.67117309570312,KERN,RIDGECREST,-117.67121887207031,35.622486114501953
9698146,2024,2024-06-11,1501,2024-04-28,2500,641,24,7,5,3,1501,0,0,0,,0,003,"MIRANDA PL","S COMANCHE DR",35.00,E,N,A,-,N,,,,,,,,,,N,4,0,1,3,A,-,08,22107,,M,C,E,A,A,H,-,D,D,0,,,,,Y,,A,01,0,0,1,0,0,0,0,0,0,"- ","- ",35.190620422363281,-118.84172821044922,KERN,ARVIN,-118.84185028076172,35.190380096435547
9698387,2024,2024-09-05,1506,2024-06-06,1918,4172,36,4,5,4,1506,0,0,0,,0,,"ROBERTSON AV","WARNER ST",0.00,,Y,A,-,N,,,,,,,,,,Y,3,0,1,1,A,-,01,23152,,N,A,E,A,A,H,-,A,D,0,,,,,Y,,D,22,0,1,0,0,0,0,0,0,0,"- ","- ",,,KERN,RIDGECREST,-117.67451477050781,35.617977142333984
9698794,2024,2025-02-26,1506,2024-04-04,1615,1304,36,4,5,4,1506,0,0,0,,0,,"S CHINA LAKE BL","W WILSON AV",0.00,,Y,G,-,N,,,,,,,,,,Y,3,0,4,2,A,-,09,21804,A,N,D,C,A,A,H,-,A,A,0,,,,,Y,,A,01,0,2,2,0,0,0,0,0,0,"- ","- ",35.6173095703125,-117.67001342773438,KERN,RIDGECREST,-117.67005157470703,35.617076873779297
9699051,2024,2024-06-20,1508,2024-04-10,1450,53,4B,3,5,2,1508,0,0,0,,0,,"SAN EMIDIO ST","8TH ST",291.00,W,N,A,-,N,,,,,,,,,,N,3,0,1,2,A,-,08,22103,,N,H,G,A,A,H,-,A,D,0,,Y,,,Y,,A,01,0,1,0,0,0,0,1,0,0,"- ","- ",35.145881652832031,-119.46172332763672,KERN,TAFT,-119.46283721923828,35.146282196044922
9701320,2024,2024-06-21,1511,2024-04-23,1807,53344,5,2,5,2,1511,0,0,0,,0,00A,"LIME AV","MEDIO ST",0.00,,Y,A,-,N,,,,,,,,,,N,3,0,2,2,A,-,09,21804,A,N,A,C,A,A,H,-,A,D,0,,,,,Y,,A,01,0,2,0,0,0,0,0,0,0,"- ","- ",35.115550994873047,-117.97814178466797,KERN,"CALIFORNIA CITY",-117.97940826416016,35.115318298339844
9702008,2024,2024-07-12,1500,2024-05-12,1013,012,,7,5,3,1510,0,0,0,,0,,"RT 46","POPLAR AV",0.00,,Y,A,-,Y,KER,6,46,-,-,50.270,I,5,E,Y,3,0,3,2,A,-,09,21802,A,N,D,C,A,A,H,-,A,D,0,,,,,Y,,A,01,0,3,0,0,0,0,0,0,0,"- ","- ",35.601551055908203,-119.34477996826172,KERN,WASCO,-119.34478759765625,35.601520538330078
9702152,2024,2024-06-28,1508,2024-05-05,1935,144,5B,7,5,2,1508,0,0,0,,0,,"RT 119","GARNER FIELD RD",163.00,N,N,A,-,Y,KER,6,119,-,-,0.110,H,-,E,Y,4,0,2,1,A,-,01,23152,,M,F,A,A,A,H,-,B,D,0,,,,,Y,Y,A,01,0,0,2,0,0,0,0,0,0,"- ","- ",,,KERN,TAFT,-119.44712829589844,35.137474060058594
9702156,2024,2024-06-27,1508,2024-05-24,1752,140,5B,5,5,2,1508,0,0,0,,0,,"RT 119","KERN ST",0.00,,Y,A,-,Y,KER,6,119,-,-,0.340,I,5,W,Y,4,0,2,2,A,-,09,21801,A,N,D,C,A,A,H,-,A,D,0,,,,,Y,,A,07,0,0,2,0,0,0,0,0,0,"- ","- ",,,KERN,TAFT,-119.44724273681641,35.140796661376953