CASE_ID,ACCIDENT_YEAR,PROC_DATE,JURIS,COLLISION_DATE,COLLISION_TIME,OFFICER_ID,REPORTING_DISTRICT,DAY_OF_WEEK,CHP_SHIFT,POPULATION,CNTY_CITY_LOC,SPECIAL_COND,BEAT_TYPE,CHP_BEAT_TYPE,CITY_DIVISION_LAPD,CHP_BEAT_CLASS,BEAT_NUMBER,PRIMARY_RD,SECONDARY_RD,DISTANCE,DIRECTION,INTERSECTION,WEATHER_1,WEATHER_2,STATE_HWY_IND,CALTRANS_COUNTY,CALTRANS_DISTRICT,STATE_ROUTE,ROUTE_SUFFIX,POSTMILE_PREFIX,POSTMILE,LOCATION_TYPE,RAMP_INTERSECTION,SIDE_OF_HWY,TOW_AWAY,COLLISION_SEVERITY,NUMBER_KILLED,NUMBER_INJURED,PARTY_COUNT,PRIMARY_COLL_FACTOR,PCF_CODE_OF_VIOL,PCF_VIOL_CATEGORY,PCF_VIOLATION,PCF_VIOL_SUBSECTION,HIT_AND_RUN,TYPE_OF_COLLISION,MVIW,PED_ACTION,ROAD_SURFACE,ROAD_COND_1,ROAD_COND_2,LIGHTING,CONTROL_DEVICE,CHP_ROAD_TYPE,PEDESTRIAN_ACCIDENT,BICYCLE_ACCIDENT,MOTORCYCLE_ACCIDENT,TRUCK_ACCIDENT,NOT_PRIVATE_PROPERTY,ALCOHOL_INVOLVED,STWD_VEHTYPE_AT_FAULT,CHP_VEHTYPE_AT_FAULT,COUNT_SEVERE_INJ,COUNT_VISIBLE_INJ,COUNT_COMPLAINT_PAIN,COUNT_PED_KILLED,COUNT_PED_INJURED,COUNT_BICYCLIST_KILLED,COUNT_BICYCLIST_INJURED,COUNT_MC_KILLED,COUNT_MC_INJURED,PRIMARY_RAMP,SECONDARY_RAMP,LATITUDE,LONGITUDE,COUNTY,CITY,POINT_X,POINT_Y
9757936,2025,2025-07-17,1511,2025-03-02,"659 ",53342,4,7,5,2,1511,0,0,0,,0,00A,"HACIENDA BL","SUSAN AV",426.00,N,N,A,-,N,,,,,,,,,,Y,3,0,1,4,A,-,08,22107,,N,B,E,A,A,H,-,A,D,0,,,,,Y,,A,01,0,1,0,0,0,0,0,0,0,"- ","- ",35.136211395263672,-117.9659423828125,KERN,"CALIFORNIA CITY",-117.9664306640625,35.136123657226562
9759269,2024,2025-01-29,1507,2024-12-08,1823,318,46,7,5,3,1507,0,0,0,,0,,"STANDARD RD","7TH STANDARD",1689.00,S,N,A,-,N,,,,,,,,,,Y,3,0,3,3,A,-,03,22350,,N,C,C,A,A,H,-,C,A,0,,,,,Y,,A,07,0,2,1,0,0,0,0,0,0,"- ","- ",33.544158935546875,-119.17204284667969,KERN,SHAFTER,,
9759270,2024,2025-01-29,1507,2024-12-02,1041,318,16,1,5,3,1507,0,0,0,,0,,"NORTH SHAFTER AV","WEST LERDO HWY",0.00,,Y,A,-,N,,,,,,,,,,N,3,0,1,2,A,-,08,22107,,N,D,C,A,A,H,-,A,D,0,,,,,Y,,A,01,0,1,0,0,0,0,0,0,0,"- ","- ",35.499839782714844,-119.2783203125,KERN,SHAFTER,-119.27833557128906,35.499851226806641
9759271,2024,2025-01-29,1507,2024-12-09,"600 ",333,21,1,5,3,1507,0,0,0,,0,,"SANTA FE WY","E LOS ANGELES AV",0.00,,Y,E,-,N,,,,,,,,,,Y,4,0,1,2,A,-,12,22450,A,N,D,C,A,D,H,-,B,A,0,,,,,Y,,A,01,0,0,1,0,0,0,0,0,0,"- ","- ",35.492210388183594,-119.26091766357422,KERN,SHAFTER,-119.26103973388672,35.492149353027344
9759736,2024,2025-01-15,1507,2024-11-16,1558,302,200,6,5,3,1507,0,0,0,,0,,"ZERKER RD","RENFRO RD",566.00,S,N,A,-,N,,,,,,,,,,Y,3,0,2,2,A,-,09,21801,A,N,D,C,A,A,H,-,A,D,0,,,,,Y,,A,01,0,2,0,0,0,0,0,0,0,"- ","- ",35.441669464111328,-119.15434265136719,KERN,SHAFTER,-119.15394592285156,35.454578399658203
9759737,2024,2025-01-15,1507,2024-11-21,1816,324,100,4,5,3,1507,0,0,0,,0,,"7TH STANDARD RD","RUDD AV",0.00,,Y,A,-,N,,,,,,,,,,N,4,0,2,3,A,-,08,22107,,F,C,C,A,A,H,-,C,D,0,,,,,Y,,A,01,0,0,2,0,0,0,0,0,0,"- ","- ",35.441551208496094,-119.17204284667969,KERN,SHAFTER,-119.17202758789062,35.441566467285156
9760633,2024,2024-12-11,1507,2024-10-28,1811,330,13,1,5,3,1507,0,0,0,,0,,"MANNEL AV","TULARE AV",19.00,S,N,A,-,N,,,,,,,,,,N,3,0,1,2,A,-,09,21800,A,N,D,D,A,A,H,-,C,D,0,,,Y,,Y,,A,01,0,1,0,0,0,0,0,0,1,"- ","- ",35.507061004638672,-119.26930999755859,KERN,SHAFTER,-119.26930236816406,35.507007598876953
9761842,2024,2024-12-12,1507,2024-11-03,"652 ",330,100,7,5,3,1507,0,0,0,,0,,"7TH STANDARD","MENDOTA AVE",1481.00,W,N,A,-,N,,,,,,,,,,N,4,0,1,2,A,-,08,22107,,N,D,C,A,A,H,-,A,D,0,,,,,Y,,A,01,0,0,1,0,0,0,0,0,0,"- ","- ",35.441638946533203,-119.19953918457031,KERN,SHAFTER,-119.23077392578125,35.441616058349609
9763212,2024,2025-01-13,1509,2024-11-29,1829,1031,E,5,5,3,1509,0,0,0,,0,,"EAST TEHACHAPI BL","TEHACHAPI WILLOW SPRINGS RD",0.00,,Y,A,-,N,,,,,,,,,,N,3,0,2,2,A,-,09,21801,A,N,D,C,A,A,H,-,C,D,0,,,,,Y,,D,22,0,2,0,0,0,0,0,0,0,"- ","- ",35.125198364257812,-118.39646148681641,KERN,TEHACHAPI,-118.39649200439453,35.125209808349609
9763247,2024,2025-01-14,1508,2024-12-04,1253,84,4B,3,5,2,1508,0,0,0,,0,,"6TH ST","SAN EMIDIO ST",0.00,,Y,A,-,N,,,,,,,,,,N,4,0,1,2,A,-,09,21802,A,N,B,C,A,A,H,-,A,D,0,,,,,Y,,D,22,0,0,1,0,0,0,0,0,0,"- ","- ",35.14495849609375,-119.45877075195312,KERN,TAFT,-119.45877075195312,35.144962310791016
9763458,2024,2025-01-14,1509,2024-11-22,"941 ",1025,W,5,5,3,1509,0,0,0,,0,,"W TEHACHAPI BL","OLD TRUCKER RD",93.00,W,N,A,-,N,,,,,,,,,,Y,3,0,1,2,A,-,03,22350,,N,C,C,A,A,H,-,A,A,0,,,,,Y,,A,01,0,1,0,0,0,0,0,0,0,"- ","- ",35.131160736083984,-118.46515655517578,KERN,TEHACHAPI,-118.46729278564453,35.131771087646484
9764394,2024,2025-03-28,1511,2024-12-16,2200,53324,7,1,5,2,1511,0,0,0,,0,00A,"NORTH LOOP BL","EVERETTE DR",0.00,,Y,A,-,N,,,,,,,,,,Y,2,0,1,1,A,-,03,22350,,N,E,I,A,A,H,-,C,D,0,,,,,Y,,A,01,1,0,0,0,0,0,0,0,0,"- ","- ",35.132991790771484,-117.94454193115234,KERN,"CALIFORNIA CITY",-117.94423675537109,35.133182525634766
9764511,2025,2025-02-20,1506,2025-01-06,2240,4740,37,1,5,4,1506,0,0,0,,0,003,"S CHINA LAKE BL","E CHURCH AV",0.00,,Y,A,-,N,,,,,,,,,,Y,4,0,1,2,A,-,00,23153,F,F,D,C,A,A,H,-,C,A,0,,,,,Y,,A,01,0,0,1,0,0,0,0,0,0,"- ","- ",35.618881225585938,-117.669921875,KERN,RIDGECREST,-117.66999816894531,35.618877410888672
9764512,2024,2025-01-29,1506,2024-12-16,2326,3748,45,1,5,4,1506,0,0,0,,0,003,"CHINA LAKE BL","BOWMAN RD",150.00,E,N,A,-,N,,,,,,,,,,Y,3,0,1,1,A,-,01,23152,A,N,E,I,A,A,H,-,C,A,0,,,,,Y,Y,D,73,0,1,0,0,0,0,0,0,0,"- ","- ",35.606998443603516,-117.67060089111328,KERN,RIDGECREST,-117.67041778564453,35.60821533203125
9764873,2024,2025-02-05,1507,2024-12-12,1628,302,11,4,5,3,1507,0,0,0,,0,,"SHAW AV","N REIKER ST",0.00,,Y,A,-,N,,,,,,,,,,N,4,0,1,2,A,-,03,22350,,N,D,C,A,A,H,-,A,D,0,,,,,Y,,-,"- ",0,0,1,0,0,0,0,0,0,"- ","- ",35.502578735351562,-119.28495025634766,KERN,SHAFTER,-119.28493499755859,35.502578735351562
9764990,2025,2025-02-20,1500,2025-01-12,1808,016,,7,5,3,1510,0,0,0,,0,,"CENTRAL AV","EUCALYPTUS DR",333.00,S,N,A,-,N,,,,,,,,,,N,4,0,1,2,A,-,07,21658,A,N,B,C,A,A,H,-,C,D,0,,,,,Y,,A,01,0,0,1,0,0,0,0,0,0,"- ","- ",35.589859008789062,-119.35881042480469,KERN,WASCO,-119.35813903808594,35.590106964111328
9765612,2024,2025-03-11,1508,2024-01-04,"600 ",144,5B,4,5,2,1508,0,0,0,,0,,"4TH ST","SAN EMIDIO ST",21.00,S,N,A,-,N,,,,,,,,,,Y,4,0,1,2,A,-,08,22107,A,N,C,E,A,A,H,-,C,D,0,,,,,Y,,A,01,0,0,1,0,0,0,0,0,0,"- ","- ",35.144039154052734,-119.45581817626953,KERN,TAFT,-119.45589447021484,35.143985748291016
9766067,2025,2025-02-27,1501,2025-02-11,"720 ",9991,12,2,5,3,1501,0,0,0,,0,001,"BEAR MOUNTAIN BL","COMANCHE DR",0.00,,Y,A,-,N,,,,,,,,,,Y,4,0,1,2,A,-,03,22350,,N,C,C,A,A,H,-,A,A,0,,,,,Y,,A,01,0,0,1,0,0,0,0,0,0,"- ","- ",35.209091186523438,-118.84217834472656,KERN,ARVIN,-118.84220123291016,35.209053039550781
9768454,2024,2025-01-08,1507,2024-11-18,1451,302,46,1,5,3,1507,0,0,0,,0,,"GOSSAMER GROVE BL","7TH STANDARD RD",0.00,,Y,A,-,N,,,,,,,,,,Y,2,0,1,3,A,-,03,22350,,N,C,C,A,A,H,-,A,A,0,,,,,Y,,D,22,1,0,0,0,0,0,0,0,0,"- ","- ",35.441448211669922,-119.11876678466797,KERN,SHAFTER,-119.11878204345703,35.441478729248047
9768458,2024,2025-01-31,1507,2024-11-27,2013,319,,3,5,3,1507,0,0,0,,0,,"RT 99","MERCED AV",15.00,N,N,A,-,Y,KER,6,99,-,R,38.921,R,4,N,Y,4,0,1,2,A,-,09,21800,,N,D,C,A,A,H,-,C,D,0,,,,Y,Y,,F,25,0,0,1,0,0,0,0,0,0,"- ","- ",,,KERN,SHAFTER,-119.18857574462891,35.526973724365234
9768653,2024,2025-01-17,1500,2024-12-10,1758,016,,2,5,3,1510,0,0,0,,0,,"PALM AV","5TH ST",375.00,S,N,A,-,N,,,,,,,,,,N,3,0,1,2,A,-,10,21950,A,M,G,B,D,A,H,-,C,D,0,Y,,,,Y,,A,01,0,1,0,0,1,0,0,0,0,"- ","- ",35.595199584960938,-119.34754180908203,KERN,WASCO,-119.34928131103516,35.596000671386719
9768654,2024,2025-01-17,1500,2024-12-05,"713 ",016,,4,5,3,1510,0,0,0,,0,,"POPLAR AV","FILBURN ST",0.00,,Y,A,-,N,,,,,,,,,,N,4,0,1,2,A,-,16,24002,A,M,G,B,B,A,H,-,A,A,0,Y,,,,Y,,A,01,0,0,1,0,1,0,0,0,0,"- ","- ",35.579769134521484,-119.344970703125,KERN,WASCO,-119.34494781494141,35.579780578613281
9768655,2024,2025-01-17,1500,2024-12-19,1550,016,,4,5,3,1510,0,0,0,,0,,"PISTACHIO ST","LEMON AV",49.00,E,N,A,-,N,,,,,,,,,,N,4,0,1,2,A,-,11,21954,A,M,G,B,E,A,H,-,A,D,0,Y,,,,Y,,N,60,0,0,1,0,1,0,0,0,0,"- ","- ",,,KERN,WASCO,-119.33871459960938,35.607540130615234
9769727,2024,2025-01-08,1507,2024-10-23,1544,316,,3,5,3,1507,0,0,0,,0,,"EAST LERDO HWY",ZERKER,0.00,,Y,A,-,N,,,,,,,,,,N,3,0,1,2,A,-,04,21703,,N,C,C,A,A,H,-,A,D,0,,,,,Y,,A,01,0,1,0,0,0,0,0,0,0,"- ","- ",35.499641418457031,-119.16787719726562,KERN,SHAFTER,-119.17018890380859,35.499664306640625
9769849,2024,2025-01-29,1508,2024-12-09,1749,138,5B,1,5,2,1508,0,0,0,,0,,"RT 119","KERN ST",0.00,,Y,A,-,Y,KER,6,119,-,-,0.340,I,5,E,Y,4,0,1,2,A,-,09,21804,A,N,D,C,A,A,H,-,C,A,0,,,,,Y,,A,01,0,0,1,0,0,0,0,0,0,"- ","- ",,,KERN,TAFT,-119.44724273681641,35.140796661376953
9770285,2024,2025-01-08,1506,2024-12-09,"0   ",7181,35,1,5,4,1506,0,0,0,,0,003,"WEST RIDGECREST BL","DOWNS ST",0.00,,Y,A,-,N,,,,,,,,,,N,2,0,1,2,A,-,12,21453,A,N,D,C,A,A,H,-,A,A,0,,,,,Y,,D,72,1,0,0,0,0,0,0,0,0,"- ","- ",35.622520446777344,-117.68784332275391,KERN,RIDGECREST,-117.68773651123047,35.622512817382812
9772483,2024,2025-01-17,1506,2024-12-28,"40  ",7566,28,6,5,4,1506,0,0,0,,0,002,"NORTH CHINA LAKE BL","E COSO AV",0.00,,Y,A,-,N,,,,,,,,,,Y,3,0,1,2,A,-,01,23152,,N,E,I,A,A,H,-,C,D,0,,,,,Y,Y,A,01,0,1,0,0,0,0,0,0,0,"- ","- ",35.627338409423828,-117.67014312744141,KERN,RIDGECREST,-117.66987609863281,35.627956390380859
9778449,2024,2025-02-12,1506,2024-12-28,1714,4172,12,6,5,4,1506,0,0,0,,0,001,"NORTH CHINA LAKE BL","N CHINA LAKE BL 1100",0.00,,Y,A,-,Y,KER,6,178,-,-,101.310,H,-,E,Y,4,0,1,1,A,-,08,22107,,N,E,I,A,C,H,-,C,A,0,,,,,Y,,A,01,0,0,1,0,0,0,0,0,0,"- ","- ",35.6416015625,-117.66996002197266,KERN,RIDGECREST,-117.66988372802734,35.641319274902344
9778475,2024,2025-02-06,1500,2024-12-12,1819,008,,4,5,3,1510,0,0,0,,0,,"RT 43","FILBURN AV",0.00,,Y,A,-,Y,KER,6,43,-,R,23.630,H,-,N,Y,3,0,1,3,A,-,01,23152,A,N,A,C,A,A,H,-,C,D,0,,,,,Y,Y,A,01,0,1,0,0,0,0,0,0,0,"- ","- ",35.579750061035156,-119.33409881591797,KERN,WASCO,-119.33403015136719,35.579830169677734
9782055,2025,2025-02-14,1507,2025-01-08,1816,302,27,3,5,3,1507,0,0,0,,0,,"EAST LERDO HWY","CHERRY AV",2902.00,E,N,A,-,N,,,,,,,,,,N,4,0,1,1,A,-,03,22350,,N,E,I,A,A,H,-,D,D,0,,,,,Y,,A,01,0,0,1,0,0,0,0,0,0,"- ","- ",35.499858856201172,-119.24275207519531,KERN,SHAFTER,-119.23300933837891,35.499698638916016
9782160,2024,2025-02-13,1507,2024-12-15,1335,331,7,7,5,3,1507,0,0,0,,0,,"WEST LERDO HWY","E POPLAR",9.00,E,N,A,-,N,,,,,,,,,,Y,3,0,1,2,A,-,09,21802,A,N,B,C,A,A,H,-,A,D,0,,,,,Y,,A,01,0,1,0,0,0,0,0,0,0,"- ","- ",35.499889373779297,-119.29611206054688,KERN,SHAFTER,-119.29608154296875,35.499889373779297
9782335,2025,2025-02-21,1511,2025-01-05,1430,53022,5,7,5,2,1511,0,0,0,,0,00A,"BAY AV","BAY AV 8913",0.00,S,N,A,-,N,,,,,,,,,,N,3,0,1,3,A,-,03,22350,,N,A,C,A,A,H,-,A,D,0,,,,,Y,Y,A,01,0,1,0,0,0,0,0,0,0,"- ","- ",35.124248504638672,-117.96909332275391,KERN,"CALIFORNIA CITY",-117.96910858154297,35.124050140380859
9782383,2025,2025-02-20,1509,2025-01-15,1126,1025,W,3,5,3,1509,0,0,0,,0,,"MOUNTAIN VIEW AV","TEHACHAPI BL",19.00,W,N,A,-,N,,,,,,,,,,N,3,0,1,2,A,-,00,21560,1,N,H,G,A,A,H,-,A,A,0,,Y,,,Y,,L,04,0,1,0,0,0,0,1,0,0,"- ","- ",35.131778717041016,-118.45986175537109,KERN,TEHACHAPI,-118.45984649658203,35.131778717041016
9782413,2024,2025-02-11,1511,2024-11-28,1500,53301,7,4,5,2,1511,0,0,0,,0,00A,"CONKLIN BL","CALIFORNIA CITY BL",0.00,,Y,B,-,N,,,,,,,,,,Y,3,0,1,2,A,-,09,21800,,N,F,C,A,A,H,-,A,A,0,,,,,Y,,A,01,0,1,0,0,0,0,0,0,0,"- ","- ",35.125999450683594,-117.94899749755859,KERN,"CALIFORNIA CITY",-117.949951171875,35.126045227050781
9782820,2025,2025-03-13,1508,2025-01-12,2347,138,3B,7,5,2,1508,0,0,0,,0,,"KERN ST","8TH ST",40.00,W,N,A,-,Y,KER,6,33,-,-,18.990,H,-,N,N,3,0,1,3,A,-,01,23152,A,N,C,E,A,A,H,-,C,D,0,,,,,Y,Y,A,01,0,1,0,0,0,0,0,0,0,"- ","- ",35.143840789794922,-119.46253204345703,KERN,TAFT,-119.46278381347656,35.144184112548828
9783842,2025,2025-03-20,1508,2025-02-26,2500,53,2B,3,5,2,1508,0,0,0,,0,,"KERN ST","10TH ST",0.00,,Y,A,-,N,,,,,,,,,,N,3,0,1,2,A,-,"- ",,,N,G,B,E,A,H,-,A,D,0,Y,,,,Y,,A,01,0,1,0,0,1,0,0,0,0,"- ","- ",,,KERN,TAFT,-119.46515655517578,35.144935607910156
9783847,2025,2025-03-20,1508,2025-02-07,1657,140,5B,5,5,2,1508,0,0,0,,0,,"4TH ST","FINLEY DR",0.00,,Y,B,-,N,,,,,,,,,,N,3,0,1,1,A,-,08,22107,,N,H,A,A,A,H,-,A,D,0,,,Y,,Y,,C,02,0,1,0,0,0,0,0,0,1,"- ","- ",,,KERN,TAFT,-119.45314025878906,35.149787902832031
9783850,2025,2025-03-20,1508,2025-02-28,"659 ",141,2B,5,5,2,1508,0,0,0,,0,,"10TH ST","SAN EMIDIO ST",238.00,S,N,A,-,N,,,,,,,,,,Y,3,0,1,2,A,-,09,21804,,N,B,C,A,A,H,-,A,D,0,,,,,Y,,A,01,0,1,0,0,0,0,0,0,0,"- ","- ",,,KERN,TAFT,-119.46514129638672,35.146156311035156
9784639,2025,2025-04-11,1500,2025-01-28,1231,021,,2,5,3,1510,0,0,0,,0,,"RT 43","KIMBERLINA RD",0.00,,Y,A,-,Y,KER,6,43,-,-,22.110,I,5,N,Y,3,0,3,3,A,-,12,21453,A,N,D,C,A,A,H,-,A,A,0,,,,,Y,,A,01,0,2,1,0,0,0,0,0,0,"- ","- ",35.557998657226562,-119.33197021484375,KERN,WASCO,-119.33187866210938,35.558017730712891
9784713,2025,2025-02-26,1509,2025-02-02,"340 ",1033,E,7,5,3,1509,0,0,0,,0,,"ALAN AV","DENNISON RD",0.00,,Y,A,-,N,,,,,,,,,,Y,3,0,1,3,A,-,01,23152,A,N,C,C,A,A,H,-,C,D,0,,,,,Y,Y,A,01,0,1,0,0,0,0,0,0,0,"- ","- ",35.133659362792969,-118.43010711669922,KERN,TEHACHAPI,-118.43206787109375,35.133949279785156
9784776,2025,2025-02-28,1509,2025-02-09,"603 ",1032,,7,5,3,1509,0,0,0,,0,,"TEHACHAPI WILLOW SPRINGS RD","TEHACHPI BLVD",0.00,,N,E,-,N,,,,,,,,,,Y,2,0,1,1,A,-,03,22350,,N,E,I,A,A,H,-,D,A,0,,,,,Y,,A,01,1,0,0,0,0,0,0,0,0,"- ","- ",,,KERN,TEHACHAPI,-118.39649200439453,35.125209808349609
9784850,2025,2025-03-20,1507,2025-01-13,"537 ",302,100,1,5,3,1507,0,0,0,,0,,"CHERRY AV","SANTA FE WY",0.00,,Y,A,-,N,,,,,,,,,,N,4,0,2,2,A,-,03,22350,,N,D,C,A,A,H,-,D,D,0,,,,,Y,,D,22,0,0,2,0,0,0,0,0,0,"- ","- ",,,KERN,SHAFTER,-119.24305725097656,35.477611541748047
9785618,2025,2025-02-26,1500,2025-02-04,2004,021,,2,5,3,1510,0,0,0,,0,,"LAVENDER CT","DAISY ST",0.00,,Y,A,-,N,,,,,,,,,,Y,3,0,2,3,A,-,09,21800,A,N,D,C,A,A,H,-,C,D,0,,,,,Y,,A,01,0,2,0,0,0,0,0,0,0,"- ","- ",35.606719970703125,-119.34427642822266,KERN,WASCO,,
9786074,2024,2025-04-02,1511,2024-10-23,1640,53301,4,3,5,2,1511,0,0,0,,0,00A,"9567 CALIFORNIA CITY BL","CONSTITUTION DR",0.00,,Y,A,-,N,,,,,,,,,,N,1,2,0,2,A,-,03,22350,,N,H,C,A,A,H,-,A,D,0,,,,,Y,,A,01,0,0,0,0,0,0,0,0,0,"- ","- ",35.126270294189453,-117.95777893066406,KERN,"CALIFORNIA CITY",-117.95648956298828,35.125885009765625
9786103,2024,2025-04-09,1502,2024-03-29,2120,1225,,5,5,6,1502,0,0,0,,0,HILL,"BUCK OWENS BL","SILLECT AV",429.00,N,N,A,-,N,,,,,,,,,,N,1,1,0,2,A,-,11,21954,A,F,G,B,D,A,H,-,C,A,0,Y,,,,Y,,N,60,0,0,0,1,0,0,0,0,0,"- ","- ",35.38555908203125,-119.04335021972656,KERN,BAKERSFIELD,-119.04313659667969,35.387336730957031
9786120,2025,2025-05-05,1502,2025-02-09,2315,1381,,7,5,6,1502,0,0,0,,0,SOUTH,"GOSFORD RD","HARRIS RD",0.00,,Y,A,-,N,,,,,,,,,,N,1,1,0,1,A,-,08,22107,,N,E,I,A,A,H,-,C,A,0,,,,,Y,,D,22,0,0,0,0,0,0,0,0,0,"- ","- ",35.303569793701172,-119.09236145019531,KERN,BAKERSFIELD,-119.09223937988281,35.303398132324219
9786192,2024,2025-05-03,1502,2024-07-04,2039,1213,,4,5,6,1502,0,0,0,,0,HILL,"24TH ST","OAK ST",0.00,,Y,A,-,N,,,,,,,,,,Y,1,1,3,5,A,-,01,23152,A,N,G,B,F,A,H,-,C,A,0,Y,,,,Y,Y,A,01,0,1,2,1,0,0,0,0,0,"- ","- ",35.381309509277344,-119.03804779052734,KERN,BAKERSFIELD,-119.03857421875,35.381187438964844
9786206,2024,2025-05-03,1500,2024-12-07,"0   ",009,,6,5,3,1510,0,0,0,,0,,"N CENTRAL AV","MARGALO ST",0.00,,Y,E,-,N,,,,,,,,,,Y,1,1,0,2,A,-,03,22350,,N,-,-,A,-,-,-,-,-,0,,,,,Y,,A,07,0,0,0,0,0,0,0,0,0,"- ","- ",35.604290008544922,-119.35941314697266,KERN,WASCO,-119.35810089111328,35.605133056640625
9786207,2024,2025-05-14,1500,2024-12-15,1750,025,,7,5,3,1510,0,0,0,,0,,"RT 46","BECKES ST",0.00,,Y,A,-,Y,KER,6,46,-,-,49.690,H,-,W,N,1,1,0,2,A,-,11,21956,A,N,G,B,D,A,H,-,E,D,0,Y,,,,Y,,N,60,0,0,0,1,0,0,0,0,0,"- ","- ",,,KERN,WASCO,-119.35507965087891,35.601539611816406
9786249,2024,2025-05-03,1502,2024-05-25,1251,1185,,6,5,6,1502,0,0,0,,0,HILL,"AUBURN ST","LOCH NESS CT",18.00,W,N,A,-,N,,,,,,,,,,Y,1,1,2,1,A,-,03,22350,,N,E,I,A,A,H,-,A,D,0,,,,,Y,,A,01,1,0,1,0,0,0,0,0,0,"- ","- ",35.397758483886719,-118.94274139404297,KERN,BAKERSFIELD,-118.94293975830078,35.397819519042969
9786270,2024,2025-05-20,1502,2024-09-28,2314,1343,,6,5,6,1502,0,0,0,,0,METRO,"TRUXTUN AV","ROBINSON ST",200.00,E,N,A,-,N,,,,,,,,,,Y,1,2,0,6,A,-,01,23152,A,N,C,E,A,A,H,-,C,D,0,,,,,Y,Y,A,07,0,0,0,0,0,0,0,0,0,"- ","- ",35.373519897460938,-118.98593139648438,KERN,BAKERSFIELD,-118.985107421875,35.373241424560547
9786272,2023,2025-06-02,1502,2023-06-08,2241,1454,,4,5,6,1502,0,0,0,,0,SOUTH,"GOSFORD RD","DISTRICT BL",0.00,,Y,A,-,N,,,,,,,,,,N,1,1,1,2,A,-,12,21453,A,N,D,C,A,A,H,-,C,A,0,,,,,Y,Y,A,01,0,0,1,0,0,0,0,0,0,"- ","- ",35.313331604003906,-119.09223175048828,KERN,BAKERSFIELD,-119.09226226806641,35.313137054443359
9786277,2024,2025-07-16,1502,2024-08-22,"420 ",P63,,4,5,6,1502,0,0,0,,0,CENTRA,"STOCKDALE HWY","RT 99",36.00,E,N,A,-,Y,KER,6,99,-,-,23.780,R,4,S,N,1,1,0,2,A,-,07,21658,A,N,H,G,A,A,H,-,C,A,0,,Y,,Y,Y,,L,04,0,0,0,0,0,1,0,0,0,"- ",SF,35.353538513183594,-119.04080200195312,KERN,BAKERSFIELD,-119.03961944580078,35.356491088867188
9786397,2024,2025-07-17,1502,2024-08-22,"440 ",1225,,4,5,6,1502,0,0,0,,0,NORTH,"KNUDSEN DR","OLIVE DR",500.00,S,N,A,-,N,,,,,,,,,,N,1,1,0,2,A,-,11,21954,A,N,G,B,E,A,H,-,D,D,0,Y,,,,Y,,N,60,0,0,0,1,0,0,0,0,0,"- ","- ",35.411888122558594,-119.05857849121094,KERN,BAKERSFIELD,-119.05876922607422,35.410896301269531
9786399,2024,2025-07-17,1502,2024-03-27,1654,1213,,3,5,6,1502,0,0,0,,0,SOUTH,"HARRIS RD","ASHE RD",89.00,E,N,A,-,N,,,,,,,,,,Y,1,1,3,3,A,-,05,21651,B,N,A,C,A,A,H,-,A,D,0,,,,,Y,,A,01,0,1,2,0,0,0,0,0,0,"- ","- ",35.303329467773438,-119.07466125488281,KERN,BAKERSFIELD,-119.07427215576172,35.303291320800781
9787049,2025,2025-02-28,1500,2025-01-27,1437,012,,1,5,3,1510,0,0,0,,0,,"CENTRAL AV","MARGALO ST",487.00,S,N,A,-,N,,,,,,,,,,N,2,0,1,2,A,-,08,22107,,N,H,G,A,A,H,-,A,D,0,,Y,,,Y,,L,04,1,0,0,0,0,0,1,0,0,"- ","- ",,,KERN,WASCO,-119.35807800292969,35.603794097900391
9787112,2025,2025-02-28,1501,2025-01-24,2013,649,50,5,5,3,1501,0,0,0,,0,050,"COMANCHE DR","HOOD ST",11.00,N,N,A,-,N,,,,,,,,,,Y,3,0,2,5,A,-,03,22350,,N,C,C,A,A,H,-,C,D,0,,,,,Y,Y,A,01,0,1,1,0,0,0,0,0,0,"- ","- ",35.203559875488281,-118.84211730957031,KERN,ARVIN,-118.84211730957031,35.203609466552734
9791131,2024,2025-03-10,1511,2024-05-26,"844 ",53338,2,7,5,2,1511,0,0,0,,0,00A,"CALIFORNIA CITY BL","VICTOR WY",0.00,,Y,A,-,N,,,,,,,,,,Y,4,0,1,1,A,-,08,22107,,N,E,I,A,A,H,-,A,D,0,,,,,Y,,A,07,0,0,1,0,0,0,0,0,0,"- ","- ",35.126239776611328,-118.00203704833984,KERN,"CALIFORNIA CITY",-118.00106048583984,35.12579345703125
9791625,2025,2025-03-06,1506,2025-02-04,1641,0619,2,2,5,4,1506,0,0,0,,0,001,"PERDEW AV","N DOWNS ST",372.00,W,N,A,-,N,,,,,,,,,,N,3,0,1,1,A,-,03,22350,A,N,E,J,A,A,H,-,A,A,0,,,Y,,Y,,C,02,0,1,0,0,0,0,0,0,1,"- ","- ",35.649211883544922,-117.68905639648438,KERN,RIDGECREST,-117.68901824951172,35.648979187011719
9791672,2025,2025-03-20,1507,2025-02-11,1636,330,6,2,5,3,1507,0,0,0,,0,,"N CENTRAL VALLEY HWY","N SHAFER AV",0.00,,Y,A,-,N,,,,,,,,,,Y,3,0,1,2,A,-,04,21703,,N,C,C,A,A,H,-,A,A,0,,,,,Y,,D,22,0,1,0,0,0,0,0,0,0,"- ","- ",35.507381439208984,-119.27945709228516,KERN,SHAFTER,-119.27826690673828,35.50604248046875
9791729,2025,2025-03-14,1507,2025-01-28,1939,330,100,2,5,3,1507,0,0,0,,0,,"DRIVER RD","RIVERSIDE ST",0.00,,Y,A,-,N,,,,,,,,,,Y,3,0,1,1,A,-,00,23123,,N,E,I,A,A,H,-,D,D,0,,,,,Y,,A,01,0,1,0,0,0,0,0,0,0,"- ","- ",35.485000610351562,-119.21060180664062,KERN,SHAFTER,-119.20625305175781,35.485118865966797